channel,window,energy_mev,response_real,response_imag,signed_strength,dB_dE,photoabsorption_mb,strength_units
e2k0_diagonal,gamma_1,0,-258.952538244,0,0,nan,nan,fm^4 / MeV
e2k0_diagonal,gamma_1,0.0774127112862,-258.859574593,0.531842333794,0.169290672738,nan,nan,fm^4 / MeV
e2k0_diagonal,gamma_1,0.154825422572,-258.642597086,0.913585908219,0.290803426464,nan,nan,fm^4 / MeV
e2k0_diagonal,gamma_1,0.232238133859,-258.450037201,1.08328329669,0.344819782873,nan,nan,fm^4 / MeV
e2k0_diagonal,gamma_1,0.309650845145,-258.427741675,1.10161119603,0.350653734427,nan,nan,fm^4 / MeV
e2k0_diagonal,gamma_1,0.387063556431,-258.632566662,1.11186901244,0.353918898801,nan,nan,fm^4 / MeV
e2k0_diagonal,gamma_1,0.464476267717,-259.001434796,1.2503405541,0.397995759467,nan,nan,fm^4 / MeV
e2k0_diagonal,gamma_1,0.541888979003,-259.394525528,1.56227383058,0.497287205201,nan,nan,fm^4 / MeV
e2k0_diagonal,gamma_1,0.619301690289,-259.685667526,1.97524335041,0.628739486054,nan,nan,fm^4 / MeV
e2k0_diagonal,gamma_1,0.696714401576,-259.843875037,2.34631381092,0.746854882105,nan,nan,fm^4 / MeV
e2k0_diagonal,gamma_1,0.774127112862,-259.95529142,2.55384024086,0.8129125964,nan,nan,fm^4 / MeV
e2k0_diagonal,gamma_1,0.851539824148,-260.171468501,2.57693051898,0.820262460201,nan,nan,fm^4 / MeV
e2k0_diagonal,gamma_1,0.928952535434,-260.615522025,2.51281499473,0.799853854973,nan,nan,fm^4 / MeV
e2k0_diagonal,gamma_1,1.00636524672,-261.304192135,2.52043695964,0.802280001756,nan,nan,fm^4 / MeV
e2k0_diagonal,gamma_1,1.08377795801,-262.134668415,2.72428155816,0.86716575271,nan,nan,fm^4 / MeV
e2k0_diagonal,gamma_1,1.16119066929,-262.945487137,3.13764468548,0.998743322721,nan,nan,fm^4 / MeV
e2k0_diagonal,gamma_1,1.23860338058,-263.614946297,3.65338515967,1.16290861436,nan,nan,fm^4 / MeV
e2k0_diagonal,gamma_1,1.31601609186,-264.136585213,4.10910068868,1.30796737253,nan,nan,fm^4 / MeV
e2k0_diagonal,gamma_1,1.39342880315,-264.624456081,4.38759134332,1.39661370111,nan,nan,fm^4 / MeV
e2k0_diagonal,gamma_1,1.47084151444,-265.243630288,4.49084982939,1.42948189806,nan,nan,fm^4 / MeV
e2k0_diagonal,gamma_1,1.54825422572,-266.107721044,4.54106217972,1.44546498558,nan,nan,fm^4 / MeV
e2k0_diagonal,gamma_1,1.62566693701,-267.206551676,4.70649660242,1.49812439784,nan,nan,fm^4 / MeV
e2k0_diagonal,gamma_1,1.7030796483,-268.409734849,5.09680432181,1.62236320358,nan,nan,fm^4 / MeV
e2k0_diagonal,gamma_1,1.78049235958,-269.545776473,5.69231607362,1.81192048152,nan,nan,fm^4 / MeV
e2k0_diagonal,gamma_1,1.85790507087,-270.509313298,6.35236382568,2.02202020635,nan,nan,fm^4 / MeV
e2k0_diagonal,gamma_1,1.93531778215,-271.330335194,6.89965534166,2.19622850651,nan,nan,fm^4 / MeV
e2k0_diagonal,gamma_1,2.01273049344,-272.161067224,7.23030498528,2.30147755694,nan,nan,fm^4 / MeV
e2k0_diagonal,gamma_1,2.09014320473,-273.186143881,7.38168110096,2.34966207109,nan,nan,fm^4 / MeV
e2k0_diagonal,gamma_1,2.16755591601,-274.509619912,7.51441060678,2.39191118498,nan,nan,fm^4 / MeV
e2k0_diagonal,gamma_1,2.2449686273,-276.088477397,7.81690747565,2.48819892888,nan,nan,fm^4 / MeV
e2k0_diagonal,gamma_1,2.32238133859,-277.755659116,8.38926459223,2.67038585752,nan,nan,fm^4 / MeV
e2k0_diagonal,gamma_1,2.39979404987,-279.321441736,9.17811926581,2.92148609888,nan,nan,fm^4 / MeV
e2k0_diagonal,gamma_1,2.47720676116,-280.692853162,10.0049200931,3.18466497612,nan,nan,fm^4 / MeV
e2k0_diagonal,gamma_1,2.55461947244,-281.937435611,10.6734830533,3.39747517588,nan,nan,fm^4 / MeV
e2k0_diagonal,gamma_1,2.63203218373,-283.249510206,11.0928995918,3.53097960651,nan,nan,fm^4 / MeV
e2k0_diagonal,gamma_1,2.70944489502,-284.836110712,11.3398566611,3.60958848315,nan,nan,fm^4 / MeV
e2k0_diagonal,gamma_1,2.7868576063,-286.790381312,11.619092106,3.69847188582,nan,nan,fm^4 / MeV
e2k0_diagonal,gamma_1,2.86427031759,-289.030795793,12.1423613301,3.86503365299,nan,nan,fm^4 / MeV
e2k0_diagonal,gamma_1,2.94168302887,-291.346924013,12.9978168374,4.13733359816,nan,nan,fm^4 / MeV
e2k0_diagonal,gamma_1,3.01909574016,-293.527985192,14.090775974,4.48523329654,nan,nan,fm^4 / MeV
e2k0_diagonal,gamma_1,3.09650845145,-295.497894483,15.1960693721,4.83705911228,nan,nan,fm^4 / MeV
e2k0_diagonal,gamma_1,3.17392116273,-297.372980683,16.0946208508,5.12307693119,nan,nan,fm^4 / MeV
e2k0_diagonal,gamma_1,3.25133387402,-299.40269805,16.7132434198,5.31999061072,nan,nan,fm^4 / MeV
e2k0_diagonal,gamma_1,3.32874658531,-301.824507928,17.1807169019,5.46879204159,nan,nan,fm^4 / MeV
e2k0_diagonal,gamma_1,3.40615929659,-304.719050985,17.7609624359,5.65348993147,nan,nan,fm^4 / MeV
e2k0_diagonal,gamma_1,3.48357200788,-307.955968358,18.6985880142,5.95194542261,nan,nan,fm^4 / MeV
e2k0_diagonal,gamma_1,3.56098471916,-311.269097142,20.0684736453,6.38799356191,nan,nan,fm^4 / MeV
e2k0_diagonal,gamma_1,3.63839743045,-314.421358778,21.723539453,6.91481737078,nan,nan,fm^4 / MeV
e2k0_diagonal,gamma_1,3.71581014174,-317.36161546,23.3790021033,7.44176749858,nan,nan,fm^4 / MeV
e2k0_diagonal,gamma_1,3.79322285302,-320.275149582,24.788671249,7.89047912393,nan,nan,fm^4 / MeV
e2k0_diagonal,gamma_1,3.87063556431,-323.489838808,25.9089081144,8.24706159304,nan,nan,fm^4 / MeV
e2k0_diagonal,gamma_1,3.94804827559,-327.287669458,26.947205266,8.57756184119,nan,nan,fm^4 / MeV
e2k0_diagonal,gamma_1,4.02546098688,-331.733331392,28.2577801807,8.99473079313,nan,nan,fm^4 / MeV
e2k0_diagonal,gamma_1,4.10287369817,-336.628231097,30.1395155234,9.59370575588,nan,nan,fm^4 / MeV
e2k0_diagonal,gamma_1,4.18028640945,-341.627300101,32.6561911055,10.394788474,nan,nan,fm^4 / MeV
e2k0_diagonal,gamma_1,4.25769912074,-346.457010196,35.5933461148,11.3297139507,nan,nan,fm^4 / MeV
e2k0_diagonal,gamma_1,4.33511183203,-351.105478597,38.5890142626,12.2832647379,nan,nan,fm^4 / MeV
e2k0_diagonal,gamma_1,4.41252454331,-355.863516314,41.3697897516,13.1684130673,nan,nan,fm^4 / MeV
e2k0_diagonal,gamma_1,4.4899372546,-361.179462712,43.9527391365,13.990591392,nan,nan,fm^4 / MeV
e2k0_diagonal,gamma_1,4.56734996588,-367.404254954,46.68420688,14.8600445786,nan,nan,fm^4 / MeV
e2k0_diagonal,gamma_1,4.64476267717,-374.578196961,50.0783934268,15.940447712,nan,nan,fm^4 / MeV
e2k0_diagonal,gamma_1,4.72217538846,-382.397599907,54.541296995,17.3610340388,nan,nan,fm^4 / MeV
e2k0_diagonal,gamma_1,4.79958809974,-390.398644651,60.1455938146,19.1449371216,nan,nan,fm^4 / MeV
e2k0_diagonal,gamma_1,4.87700081103,-398.26238565,66.6058159492,21.201289694,nan,nan,fm^4 / MeV
e2k0_diagonal,gamma_1,4.95441352232,-406.058713746,73.491989309,23.3932267524,nan,nan,fm^4 / MeV
e2k0_diagonal,gamma_1,5.0318262336,-414.266439826,80.573732553,25.6474156383,nan,nan,fm^4 / MeV
e2k0_diagonal,gamma_1,5.10923894489,-423.530083797,88.0931674007,28.0409260889,nan,nan,fm^4 / MeV
e2k0_diagonal,gamma_1,5.18665165617,-434.27563044,96.7878924325,30.8085430242,nan,nan,fm^4 / MeV
e2k0_diagonal,gamma_1,5.26406436746,-446.41079832,107.623769331,34.2577097665,nan,nan,fm^4 / MeV
e2k0_diagonal,gamma_1,5.34147707875,-459.308390984,121.378972125,38.6361268024,nan,nan,fm^4 / MeV
e2k0_diagonal,gamma_1,5.41888979003,-472.113438006,138.337687195,44.0342534659,nan,nan,fm^4 / MeV
e2k0_diagonal,gamma_1,5.49630250132,-484.205566087,158.321459595,50.3952857841,nan,nan,fm^4 / MeV
e2k0_diagonal,gamma_1,5.5737152126,-495.509231441,181.103950339,57.6471778198,nan,nan,fm^4 / MeV
e2k0_diagonal,gamma_1,5.65112792389,-506.373410523,207.007020306,65.8923810727,nan,nan,fm^4 / MeV
e2k0_diagonal,gamma_1,5.72854063518,-516.951545098,237.300820476,75.5351971569,nan,nan,fm^4 / MeV
e2k0_diagonal,gamma_1,5.80595334646,-526.311171049,274.04507781,87.2312575268,nan,nan,fm^4 / MeV
e2k0_diagonal,gamma_1,5.88336605775,-531.734834137,319.239610136,101.617123968,nan,nan,fm^4 / MeV
e2k0_diagonal,gamma_1,5.96077876904,-528.697475402,373.508857436,118.891561899,nan,nan,fm^4 / MeV
e2k0_diagonal,gamma_1,6.03819148032,-511.771791001,434.855671316,138.418859243,nan,nan,fm^4 / MeV
e2k0_diagonal,gamma_1,6.11560419161,-476.304002703,498.112969395,158.554282595,nan,nan,fm^4 / MeV
e2k0_diagonal,gamma_1,6.19301690289,-420.301230905,555.519084823,176.827216663,nan,nan,fm^4 / MeV
e2k0_diagonal,gamma_1,6.27042961418,-345.777788367,598.40628279,190.478635766,nan,nan,fm^4 / MeV
e2k0_diagonal,gamma_1,6.34784232547,-258.937039129,619.506516955,197.195048902,nan,nan,fm^4 / MeV
e2k0_diagonal,gamma_1,6.42525503675,-168.986065412,615.067349316,195.782017956,nan,nan,fm^4 / MeV
e2k0_diagonal,gamma_1,6.50266774804,-85.9193357869,585.988634647,186.525975599,nan,nan,fm^4 / MeV
e2k0_diagonal,gamma_1,6.58008045932,-18.0281763966,537.54478947,171.105820755,nan,nan,fm^4 / MeV
e2k0_diagonal,gamma_1,6.65749317061,29.994143558,477.800553857,152.088639917,nan,nan,fm^4 / MeV
e2k0_diagonal,gamma_1,6.7349058819,57.7277761931,415.324082525,132.201761438,nan,nan,fm^4 / MeV
e2k0_diagonal,gamma_1,6.81231859318,68.3515142712,357.0360163,113.648093712,nan,nan,fm^4 / MeV
e2k0_diagonal,gamma_1,6.88973130447,67.0074512407,306.914646673,97.6939662505,nan,nan,fm^4 / MeV
e2k0_diagonal,gamma_1,6.96714401576,58.9168837314,265.874949094,84.6306247854,nan,nan,fm^4 / MeV
e2k0_diagonal,gamma_1,7.04455672704,47.9589515865,232.646367883,74.053638882,nan,nan,fm^4 / MeV
e2k0_diagonal,gamma_1,7.12196943833,36.1292795818,205.112013734,65.2891817468,nan,nan,fm^4 / MeV
e2k0_diagonal,gamma_1,7.19938214961,23.8668726003,181.484955282,57.7684554599,nan,nan,fm^4 / MeV
e2k0_diagonal,gamma_1,7.2767948609,10.8796014679,160.891367761,51.2133129599,nan,nan,fm^4 / MeV
e2k0_diagonal,gamma_1,7.35420757219,-3.03639819661,143.281152634,45.6078073873,nan,nan,fm^4 / MeV
e2k0_diagonal,gamma_1,7.43162028347,-17.569740266,128.910802268,41.0335827979,nan,nan,fm^4 / MeV
e2k0_diagonal,gamma_1,7.50903299476,-31.9673698205,117.792193385,37.4944196697,nan,nan,fm^4 / MeV
e2k0_diagonal,gamma_1,7.58644570605,-45.4378490589,109.429717232,34.8325608371,nan,nan,fm^4 / MeV
e2k0_diagonal,gamma_1,7.66385841733,-57.572275849,102.946260651,32.7688125107,nan,nan,fm^4 / MeV
e2k0_diagonal,gamma_1,7.74127112862,-68.5183614763,97.4623352529,31.0232248416,nan,nan,fm^4 / MeV
e2k0_diagonal,gamma_1,7.8186838399,-78.8268383318,92.4680402231,29.4334913591,nan,nan,fm^4 / MeV
e2k0_diagonal,gamma_1,7.89609655119,-89.0915567981,87.9659692744,28.0004376678,nan,nan,fm^4 / MeV
e2k0_diagonal,gamma_1,7.97350926248,-99.6121180862,84.3226685207,26.8407390195,nan,nan,fm^4 / MeV
e2k0_diagonal,gamma_1,8.05092197376,-110.271748903,81.9437781305,26.0835146902,nan,nan,fm^4 / MeV
e2k0_diagonal,gamma_1,8.12833468505,-120.678742041,80.9813683825,25.7771701528,nan,nan,fm^4 / MeV
e2k0_diagonal,gamma_1,8.20574739633,-130.459487025,81.2457352982,25.8613207557,nan,nan,fm^4 / MeV
e2k0_diagonal,gamma_1,8.28316010762,-139.508124518,82.359352584,26.2157961472,nan,nan,fm^4 / MeV
e2k0_diagonal,gamma_1,8.36057281891,-148.034430798,84.042118965,26.7514373224,nan,nan,fm^4 / MeV
e2k0_diagonal,gamma_1,8.43798553019,-156.379308989,86.3407229653,27.4831057001,nan,nan,fm^4 / MeV
e2k0_diagonal,gamma_1,8.51539824148,-164.708208026,89.6506696389,28.5366944491,nan,nan,fm^4 / MeV
e2k0_diagonal,gamma_1,8.59281095277,-172.76622962,94.5016074371,30.0807959075,nan,nan,fm^4 / MeV
e2k0_diagonal,gamma_1,8.67022366405,-179.846427219,101.21260554,32.2169729499,nan,nan,fm^4 / MeV
e2k0_diagonal,gamma_1,8.74763637534,-185.007522929,109.598073076,34.8861501667,nan,nan,fm^4 / MeV
e2k0_diagonal,gamma_1,8.82504908662,-187.445818075,118.879932861,37.8406578985,nan,nan,fm^4 / MeV
e2k0_diagonal,gamma_1,8.90246179791,-186.849535167,127.85669567,40.6980502465,nan,nan,fm^4 / MeV
e2k0_diagonal,gamma_1,8.9798745092,-183.578283714,135.255935002,43.053301276,nan,nan,fm^4 / MeV
e2k0_diagonal,gamma_1,9.05728722048,-178.600162448,140.118868828,44.6012211887,nan,nan,fm^4 / MeV
e2k0_diagonal,gamma_1,9.13469993177,-173.230255418,142.068497316,45.2218072109,nan,nan,fm^4 / MeV
e2k0_diagonal,gamma_1,9.21211264305,-168.788179406,141.383461318,45.0037534803,nan,nan,fm^4 / MeV
e2k0_diagonal,gamma_1,9.28952535434,-166.298208891,138.891484806,44.2105327204,nan,nan,fm^4 / MeV
e2k0_diagonal,gamma_1,9.36693806563,-166.30433088,135.758096769,43.2131443311,nan,nan,fm^4 / MeV
e2k0_diagonal,gamma_1,9.44435077691,-168.805156106,133.253120069,42.4157854827,nan,nan,fm^4 / MeV
e2k0_diagonal,gamma_1,9.5217634882,-173.27238968,132.54092672,42.1890872988,nan,nan,fm^4 / MeV
e2k0_diagonal,gamma_1,9.59917619949,-178.719415021,134.497185446,42.8117837913,nan,nan,fm^4 / MeV
e2k0_diagonal,gamma_1,9.67658891077,-183.818227875,139.539554022,44.4168195588,nan,nan,fm^4 / MeV
e2k0_diagonal,gamma_1,9.75400162206,-187.088429487,147.482216289,46.9450474812,nan,nan,fm^4 / MeV
e2k0_diagonal,gamma_1,9.83141433334,-187.17206065,157.463299784,50.1221250324,nan,nan,fm^4 / MeV
e2k0_diagonal,gamma_1,9.90882704463,-183.160574065,168.013296572,53.4802933093,nan,nan,fm^4 / MeV
e2k0_diagonal,gamma_1,9.98623975592,-174.883169602,177.304994038,56.4379324721,nan,nan,fm^4 / MeV
e2k0_diagonal,gamma_1,10.0636524672,-163.040074374,183.554450409,58.4271962181,nan,nan,fm^4 / MeV
e2k0_diagonal,gamma_1,10.1410651785,-149.097535774,185.462677927,59.0346039022,nan,nan,fm^4 / MeV
e2k0_diagonal,gamma_1,10.2184778898,-134.947493964,182.545497493,58.1060365304,nan,nan,fm^4 / MeV
e2k0_diagonal,gamma_1,10.2958906011,-122.435112816,175.225241377,55.7759266393,nan,nan,fm^4 / MeV
e2k0_diagonal,gamma_1,10.3733033123,-112.919816769,164.647471454,52.408917899,nan,nan,fm^4 / MeV
e2k0_diagonal,gamma_1,10.4507160236,-107.024902221,152.297943176,48.4779409584,nan,nan,fm^4 / MeV
e2k0_diagonal,gamma_1,10.5281287349,-104.649225694,139.574522301,44.4279503077,nan,nan,fm^4 / MeV
e2k0_diagonal,gamma_1,10.6055414462,-105.201483519,127.476132705,40.5769132925,nan,nan,fm^4 / MeV
e2k0_diagonal,gamma_1,10.6829541575,-107.929214918,116.504004507,37.0843764146,nan,nan,fm^4 / MeV
e2k0_diagonal,gamma_1,10.7603668688,-112.1930228,106.765856504,33.984627632,nan,nan,fm^4 / MeV
e2k0_diagonal,gamma_1,10.8377795801,-117.587484273,98.1856219252,31.2534541399,nan,nan,fm^4 / MeV
e2k0_diagonal,gamma_1,10.9151922914,-123.901549274,90.6924989937,28.8683190324,nan,nan,fm^4 / MeV
e2k0_diagonal,gamma_1,10.9926050026,-130.991791376,84.3017815363,26.8340904859,nan,nan,fm^4 / MeV
e2k0_diagonal,gamma_1,11.0700177139,-138.670696197,79.0776393783,25.1711943902,nan,nan,fm^4 / MeV
e2k0_diagonal,gamma_1,11.1474304252,-146.680295202,75.0377391632,23.8852542125,nan,nan,fm^4 / MeV
e2k0_diagonal,gamma_1,11.2248431365,-154.754591924,72.0833964905,22.9448577326,nan,nan,fm^4 / MeV
e2k0_diagonal,gamma_1,11.3022558478,-162.715474236,70.0088857624,22.2845204589,nan,nan,fm^4 / MeV
e2k0_diagonal,gamma_1,11.3796685591,-170.530312105,68.5839375665,21.8309453608,nan,nan,fm^4 / MeV
e2k0_diagonal,gamma_1,11.4570812704,-178.290898853,67.654157183,21.5349870728,nan,nan,fm^4 / MeV
e2k0_diagonal,gamma_1,11.5344939816,-186.128558137,67.1953599339,21.3889473726,nan,nan,fm^4 / MeV
e2k0_diagonal,gamma_1,11.6119066929,-194.121621724,67.2923013407,21.4198047808,nan,nan,fm^4 / MeV
e2k0_diagonal,gamma_1,11.6893194042,-202.252471318,68.0647344587,21.6656778787,nan,nan,fm^4 / MeV
e2k0_diagonal,gamma_1,11.7667321155,-210.432740468,69.5980596404,22.1537504428,nan,nan,fm^4 / MeV
e2k0_diagonal,gamma_1,11.8441448268,-218.5642376,71.9286240267,22.8955921273,nan,nan,fm^4 / MeV
e2k0_diagonal,gamma_1,11.9215575381,-226.575344979,75.0894718342,23.9017212331,nan,nan,fm^4 / MeV
e2k0_diagonal,gamma_1,11.9989702494,-234.388919105,79.1708695927,25.2008704891,nan,nan,fm^4 / MeV
e2k0_diagonal,gamma_1,12.0763829606,-241.829894366,84.3275010909,26.8422772744,nan,nan,fm^4 / MeV
e2k0_diagonal,gamma_1,12.1537956719,-248.535714971,90.6899813214,28.8675176324,nan,nan,fm^4 / MeV
e2k0_diagonal,gamma_1,12.2312083832,-253.952428196,98.2007493266,31.2582693413,nan,nan,fm^4 / MeV
e2k0_diagonal,gamma_1,12.3086210945,-257.465199267,106.456586398,33.8861838998,nan,nan,fm^4 / MeV
e2k0_diagonal,gamma_1,12.3860338058,-258.638276555,114.661289336,36.4978219581,nan,nan,fm^4 / MeV
e2k0_diagonal,gamma_1,12.4634465171,-257.466575088,121.753070811,38.7552061125,nan,nan,fm^4 / MeV
e2k0_diagonal,gamma_1,12.5408592284,-254.513155631,126.687553367,40.325900693,nan,nan,fm^4 / MeV
e2k0_diagonal,gamma_1,12.6182719396,-250.845367581,128.77226562,40.9894852132,nan,nan,fm^4 / MeV
e2k0_diagonal,gamma_1,12.6956846509,-247.771952656,127.909970094,40.7150080225,nan,nan,fm^4 / MeV
e2k0_diagonal,gamma_1,12.7730973622,-246.478786508,124.640356228,39.6742576049,nan,nan,fm^4 / MeV
e2k0_diagonal,gamma_1,12.8505100735,-247.711631476,119.958908012,38.1841063561,nan,nan,fm^4 / MeV
e2k0_diagonal,gamma_1,12.9279227848,-251.632657043,114.992851843,36.603361582,nan,nan,fm^4 / MeV
e2k0_diagonal,gamma_1,13.0053354961,-257.894586118,110.674862219,35.2289027963,nan,nan,fm^4 / MeV
e2k0_diagonal,gamma_1,13.0827482074,-265.875882471,107.545379602,34.2327575408,nan,nan,fm^4 / MeV
e2k0_diagonal,gamma_1,13.1601609186,-274.954497725,105.742017111,33.6587294314,nan,nan,fm^4 / MeV
e2k0_diagonal,gamma_1,13.2375736299,-284.697987323,105.14070623,33.4673262332,nan,nan,fm^4 / MeV
e2k0_diagonal,gamma_1,13.3149863412,-294.908716976,105.548386357,33.5970948482,nan,nan,fm^4 / MeV
e2k0_diagonal,gamma_1,13.3923990525,-305.546321858,106.842563125,34.009044108,nan,nan,fm^4 / MeV
e2k0_diagonal,gamma_1,13.4698117638,-316.607934515,109.004672299,34.697264833,nan,nan,fm^4 / MeV
e2k0_diagonal,gamma_1,13.5472244751,-328.050407883,112.066410471,35.6718463621,nan,nan,fm^4 / MeV
e2k0_diagonal,gamma_1,13.6246371864,-339.792318603,116.036698923,36.9356284274,nan,nan,fm^4 / MeV
e2k0_diagonal,gamma_1,13.7020498977,-351.770814657,120.875165906,38.4757603019,nan,nan,fm^4 / MeV
e2k0_diagonal,gamma_1,13.7794626089,-363.990646547,126.5321373,40.2764302227,nan,nan,fm^4 / MeV
e2k0_diagonal,gamma_1,13.8568753202,-376.513009374,133.018681559,42.3411613874,nan,nan,fm^4 / MeV
e2k0_diagonal,gamma_1,13.9342880315,-389.381161118,140.442240462,44.7041535768,nan,nan,fm^4 / MeV
e2k0_diagonal,gamma_1,14.0117007428,-402.533648886,148.963301395,47.4164915125,nan,nan,fm^4 / MeV
e2k0_diagonal,gamma_1,14.0891134541,-415.776677639,158.684082863,50.5107123552,nan,nan,fm^4 / MeV
e2k0_diagonal,gamma_1,14.1665261654,-428.858196583,169.534886586,53.9646304534,nan,nan,fm^4 / MeV
e2k0_diagonal,gamma_1,14.2439388767,-441.623448775,181.240252596,57.6905641758,nan,nan,fm^4 / MeV
e2k0_diagonal,gamma_1,14.3213515879,-454.173827252,193.411153046,61.5646821128,nan,nan,fm^4 / MeV
e2k0_diagonal,gamma_1,14.3987642992,-466.935567508,205.740075645,65.489100062,nan,nan,fm^4 / MeV
e2k0_diagonal,gamma_1,14.4761770105,-480.584533135,218.214100132,69.4597053767,nan,nan,fm^4 / MeV
e2k0_diagonal,gamma_1,14.5535897218,-495.846579441,231.245011355,73.6075732451,nan,nan,fm^4 / MeV
e2k0_diagonal,gamma_1,14.6310024331,-513.256690755,245.655973333,78.1947249121,nan,nan,fm^4 / MeV
e2k0_diagonal,gamma_1,14.7084151444,-532.976336225,262.537353505,83.5682351131,nan,nan,fm^4 / MeV
e2k0_diagonal,gamma_1,14.7858278557,-554.72858775,283.045504951,90.0961824658,nan,nan,fm^4 / MeV
e2k0_diagonal,gamma_1,14.8632405669,-577.841304813,308.230766869,98.1129003205,nan,nan,fm^4 / MeV
e2k0_diagonal,gamma_1,14.9406532782,-601.33589598,338.939449819,107.887777695,nan,nan,fm^4 / MeV
e2k0_diagonal,gamma_1,15.0180659895,-623.997775871,375.770239937,119.611382306,nan,nan,fm^4 / MeV
e2k0_diagonal,gamma_1,15.0954787008,-644.414396501,419.026327705,133.38022268,nan,nan,fm^4 / MeV
e2k0_diagonal,gamma_1,15.1728914121,-661.02967678,468.623317069,149.167434719,nan,nan,fm^4 / MeV
e2k0_diagonal,gamma_1,15.2503041234,-672.287130469,523.981921412,166.788625767,nan,nan,fm^4 / MeV
e2k0_diagonal,gamma_1,15.3277168347,-676.886592236,584.005303975,185.894661839,nan,nan,fm^4 / MeV
e2k0_diagonal,gamma_1,15.4051295459,-674.077515061,647.252389569,206.026834456,nan,nan,fm^4 / MeV
e2k0_diagonal,gamma_1,15.4825422572,-663.817752702,712.337369716,226.744027079,nan,nan,fm^4 / MeV
e2k0_diagonal,gamma_1,15.5599549685,-646.615957534,778.436457457,247.784020175,nan,nan,fm^4 / MeV
e2k0_diagonal,gamma_1,15.6373676798,-622.988691058,845.645178764,269.177220604,nan,nan,fm^4 / MeV
e2k0_diagonal,gamma_1,15.7147803911,-592.670684104,914.898857551,291.221351217,nan,nan,fm^4 / MeV
e2k0_diagonal,gamma_1,15.7921931024,-553.921114972,987.301029531,314.267678339,nan,nan,fm^4 / MeV
e2k0_diagonal,gamma_1,15.8696058137,-503.348749835,1062.97183972,338.354445319,nan,nan,fm^4 / MeV
e2k0_diagonal,gamma_1,15.947018525,-436.554513302,1139.81888349,362.815619072,nan,nan,fm^4 / MeV
e2k0_diagonal,gamma_1,16.0244312362,-349.576939345,1212.79635053,386.045068302,nan,nan,fm^4 / MeV
e2k0_diagonal,gamma_1,16.1018439475,-240.743369569,1274.14221925,405.572064792,nan,nan,fm^4 / MeV
e2k0_diagonal,gamma_1,16.1792566588,-112.254326612,1314.75881725,418.500729477,nan,nan,fm^4 / MeV
e2k0_diagonal,gamma_1,16.2566693701,29.1894360574,1326.44374688,422.220158098,nan,nan,fm^4 / MeV
e2k0_diagonal,gamma_1,16.3340820814,173.123564969,1304.28108434,415.165563507,nan,nan,fm^4 / MeV
e2k0_diagonal,gamma_1,16.4114947927,307.335265254,1248.35441732,397.363552493,nan,nan,fm^4 / MeV
e2k0_diagonal,gamma_1,16.488907504,420.573042994,1164.13153167,370.55457535,nan,nan,fm^4 / MeV
e2k0_diagonal,gamma_1,16.5663202152,505.077860707,1061.33445532,337.833249675,nan,nan,fm^4 / MeV
e2k0_diagonal,gamma_1,16.6437329265,558.114703754,951.659560882,302.92264651,nan,nan,fm^4 / MeV
e2k0_diagonal,gamma_1,16.7211456378,582.059331697,846.118325481,269.327827882,nan,nan,fm^4 / MeV
e2k0_diagonal,gamma_1,16.7985583491,583.132789145,752.861461235,239.643246038,nan,nan,fm^4 / MeV
e2k0_diagonal,gamma_1,16.8759710604,569.345458154,676.100199081,215.209377418,nan,nan,fm^4 / MeV
e2k0_diagonal,gamma_1,16.9533837717,548.420904024,616.272852028,196.165741387,nan,nan,fm^4 / MeV
e2k0_diagonal,gamma_1,17.030796483,526.351245992,571.136002823,181.798236054,nan,nan,fm^4 / MeV
e2k0_diagonal,gamma_1,17.1082091942,506.874673461,537.187440426,170.992073021,nan,nan,fm^4 / MeV
e2k0_diagonal,gamma_1,17.1856219055,491.748545611,510.845700223,162.607236696,nan,nan,fm^4 / MeV
e2k0_diagonal,gamma_1,17.2630346168,481.411460588,489.069472654,155.675648177,nan,nan,fm^4 / MeV
e2k0_diagonal,gamma_1,17.3404473281,475.591606372,469.442662919,149.428240604,nan,nan,fm^4 / MeV
e2k0_diagonal,gamma_1,17.4178600394,473.602843175,449.999593883,143.239319512,nan,nan,fm^4 / MeV
e2k0_diagonal,gamma_1,17.4952727507,474.344178593,429.110945815,136.590256323,nan,nan,fm^4 / MeV
e2k0_diagonal,gamma_1,17.572685462,476.222502761,405.60343875,129.107584424,nan,nan,fm^4 / MeV
e2k0_diagonal,gamma_1,17.6500981732,477.248726343,379.055808599,120.657211293,nan,nan,fm^4 / MeV
e2k0_diagonal,gamma_1,17.7275108845,475.416297194,350.04495714,111.422770466,nan,nan,fm^4 / MeV
e2k0_diagonal,gamma_1,17.8049235958,469.257399305,320.106458133,101.893050255,nan,nan,fm^4 / MeV
e2k0_diagonal,gamma_1,17.8823363071,458.319939044,291.322246149,92.7307510144,nan,nan,fm^4 / MeV
e2k0_diagonal,gamma_1,17.9597490184,443.309751238,265.662893161,84.5631252853,nan,nan,fm^4 / MeV
e2k0_diagonal,gamma_1,18.0371617297,425.797535714,244.364546377,77.7836509445,nan,nan,fm^4 / MeV
e2k0_diagonal,gamma_1,18.114574441,407.610507916,227.621582002,72.45419986,nan,nan,fm^4 / MeV
e2k0_diagonal,gamma_1,18.1919871523,390.190101446,214.723133819,68.3484962871,nan,nan,fm^4 / MeV
e2k0_diagonal,gamma_1,18.2693998635,374.209453719,204.539371576,65.1069040865,nan,nan,fm^4 / MeV
e2k0_diagonal,gamma_1,18.3468125748,359.602110508,196.093771623,62.4185861268,nan,nan,fm^4 / MeV
e2k0_diagonal,gamma_1,18.4242252861,345.936145317,188.93157733,60.1387888764,nan,nan,fm^4 / MeV
e2k0_diagonal,gamma_1,18.5016379974,332.894856857,183.122411853,58.2896740747,nan,nan,fm^4 / MeV
e2k0_diagonal,gamma_1,18.5790507087,320.588270346,178.942427563,56.9591437509,nan,nan,fm^4 / MeV
e2k0_diagonal,gamma_1,18.65646342,309.533600969,176.452968324,56.166724264,nan,nan,fm^4 / MeV
e2k0_diagonal,gamma_1,18.7338761313,300.339356697,175.23634851,55.7794621495,nan,nan,fm^4 / MeV
e2k0_diagonal,gamma_1,18.8112888425,293.295554119,174.446237743,55.5279620811,nan,nan,fm^4 / MeV
e2k0_diagonal,gamma_1,18.8887015538,288.119895488,173.142973594,55.1131202182,nan,nan,fm^4 / MeV
e2k0_diagonal,gamma_1,18.9661142651,284.014622654,170.7199708,54.3418544747,nan,nan,fm^4 / MeV
e2k0_diagonal,gamma_1,19.0435269764,280.00875049,167.177154501,53.2141410219,nan,nan,fm^4 / MeV
e2k0_diagonal,gamma_1,19.1209396877,275.398550865,163.085891967,51.9118517103,nan,nan,fm^4 / MeV
e2k0_diagonal,gamma_1,19.198352399,270.045553429,159.264187158,50.6953652875,nan,nan,fm^4 / MeV
e2k0_diagonal,gamma_1,19.2757651103,264.373371617,156.341566878,49.7650663588,nan,nan,fm^4 / MeV
e2k0_diagonal,gamma_1,19.3531778215,259.073601401,154.450834332,49.1632274973,nan,nan,fm^4 / MeV
e2k0_diagonal,gamma_1,19.4305905328,254.690990539,153.208776422,48.7678681851,nan,nan,fm^4 / MeV
e2k0_diagonal,gamma_1,19.5080032441,251.320395595,151.984528041,48.3781778225,nan,nan,fm^4 / MeV
e2k0_diagonal,gamma_1,19.5854159554,248.580273048,150.295081369,47.8404102446,nan,nan,fm^4 / MeV
e2k0_diagonal,gamma_1,19.6628286667,245.869877099,148.100398192,47.1418208923,nan,nan,fm^4 / MeV
e2k0_diagonal,gamma_1,19.740241378,242.758912334,145.830789042,46.4193818621,nan,nan,fm^4 / MeV
e2k0_diagonal,gamma_1,19.8176540893,239.286428834,144.130764438,45.8782472238,nan,nan,fm^4 / MeV
e2k0_diagonal,gamma_1,19.8950668005,235.997908313,143.461210412,45.6651215582,nan,nan,fm^4 / MeV
e2k0_diagonal,gamma_1,19.9724795118,233.694444764,143.779087145,45.7663048647,nan,nan,fm^4 / MeV
e2k0_diagonal,gamma_1,20.0498922231,233.024502251,144.470692409,45.9864496576,nan,nan,fm^4 / MeV
e2k0_diagonal,gamma_1,20.1273049344,234.13181093,144.577434548,46.0204267357,nan,nan,fm^4 / MeV
e2k0_diagonal,gamma_1,20.2047176457,236.540005243,143.198683899,45.5815567735,nan,nan,fm^4 / MeV
e2k0_diagonal,gamma_1,20.282130357,239.327305574,139.86789532,44.52133384,nan,nan,fm^4 / MeV
e2k0_diagonal,gamma_1,20.3595430683,241.494568897,134.720235999,42.8827829876,nan,nan,fm^4 / MeV
e2k0_diagonal,gamma_1,20.4369557796,242.338089156,128.385499836,40.8663738406,nan,nan,fm^4 / MeV
e2k0_diagonal,gamma_1,20.5143684908,241.650202331,121.682831107,38.7328481203,nan,nan,fm^4 / MeV
e2k0_diagonal,gamma_1,20.5917812021,239.673506311,115.286353619,36.696786099,nan,nan,fm^4 / MeV
e2k0_diagonal,gamma_1,20.6691939134,236.86749793,109.527361225,34.8636418855,nan,nan,fm^4 / MeV
e2k0_diagonal,gamma_1,20.7466066247,233.636261977,104.408159342,33.2341493167,nan,nan,fm^4 / MeV
e2k0_diagonal,gamma_1,20.824019336,230.167359415,99.7805906243,31.761148445,nan,nan,fm^4 / MeV
e2k0_diagonal,gamma_1,20.9014320473,226.451426124,95.5578529027,30.4170092814,nan,nan,fm^4 / MeV
e2k0_diagonal,gamma_1,20.9788447586,222.440238483,91.8251332557,29.2288477154,nan,nan,fm^4 / MeV
e2k0_diagonal,gamma_1,21.0562574698,218.223053684,88.7884397675,28.2622381568,nan,nan,fm^4 / MeV
e2k0_diagonal,gamma_1,21.1336701811,214.098720065,86.6045949622,27.5670987654,nan,nan,fm^4 / MeV
e2k0_diagonal,gamma_1,21.2110828924,210.491007721,85.2075279677,27.1223985294,nan,nan,fm^4 / MeV
e2k0_diagonal,gamma_1,21.2884956037,207.752655812,84.2468748587,26.8166131476,nan,nan,fm^4 / MeV
e2k0_diagonal,gamma_1,21.365908315,205.971875077,83.1872204781,26.4793146823,nan,nan,fm^4 / MeV
e2k0_diagonal,gamma_1,21.4433210263,204.895315837,81.5217864564,25.9491905684,nan,nan,fm^4 / MeV
e2k0_diagonal,gamma_1,21.5207337376,204.016045195,78.988137985,25.1427052119,nan,nan,fm^4 / MeV
e2k0_diagonal,gamma_1,21.5981464488,202.783356482,75.6722852578,24.0872365077,nan,nan,fm^4 / MeV
e2k0_diagonal,gamma_1,21.6755591601,200.825946245,71.9497781814,22.9023257039,nan,nan,fm^4 / MeV
e2k0_diagonal,gamma_1,21.7529718714,198.076653462,68.3007374158,21.7407999531,nan,nan,fm^4 / MeV
e2k0_diagonal,gamma_1,21.8303845827,194.744673605,65.0999616073,20.7219613698,nan,nan,fm^4 / MeV
e2k0_diagonal,gamma_1,21.907797294,191.164907275,62.4890027754,19.8908673612,nan,nan,fm^4 / MeV
e2k0_diagonal,gamma_1,21.9852100053,187.616146387,60.3845809541,19.2210090907,nan,nan,fm^4 / MeV
e2k0_diagonal,gamma_1,22.0626227166,184.207237306,58.5996378534,18.6528440555,nan,nan,fm^4 / MeV
e2k0_diagonal,gamma_1,22.1400354278,180.882828816,56.9947509087,18.1419926748,nan,nan,fm^4 / MeV
e2k0_diagonal,gamma_1,22.2174481391,177.528325023,55.569780857,17.6884106199,nan,nan,fm^4 / MeV
e2k0_diagonal,gamma_1,22.2948608504,174.099498562,54.4490829541,17.3316813979,nan,nan,fm^4 / MeV
e2k0_diagonal,gamma_1,22.3722735617,170.695189384,53.7798311389,17.1186519288,nan,nan,fm^4 / MeV
e2k0_diagonal,gamma_1,22.449686273,167.532039079,53.6124171067,17.0653623873,nan,nan,fm^4 / MeV
e2k0_diagonal,gamma_1,22.5270989843,164.841377237,53.837281806,17.1369390441,nan,nan,fm^4 / MeV
e2k0_diagonal,gamma_1,22.6045116956,162.753158553,54.2139931223,17.2568499803,nan,nan,fm^4 / MeV
e2k0_diagonal,gamma_1,22.6819244068,161.235211676,54.4715530189,17.3388338417,nan,nan,fm^4 / MeV
e2k0_diagonal,gamma_1,22.7593371181,160.118860512,54.4185226477,17.3219537503,nan,nan,fm^4 / MeV
e2k0_diagonal,gamma_1,22.8367498294,159.188968186,54.0004612105,17.1888806618,nan,nan,fm^4 / MeV
e2k0_diagonal,gamma_1,22.9141625407,158.280325017,53.2785238544,16.9590808641,nan,nan,fm^4 / MeV
e2k0_diagonal,gamma_1,22.991575252,157.323812689,52.3526600554,16.6643692637,nan,nan,fm^4 / MeV
e2k0_diagonal,gamma_1,23.0689879633,156.32188597,51.2847356778,16.3244383766,nan,nan,fm^4 / MeV
e2k0_diagonal,gamma_1,23.1464006746,155.279646294,50.07230685,15.9385102944,nan,nan,fm^4 / MeV
e2k0_diagonal,gamma_1,23.2238133859,154.145570204,48.687057724,15.4975718027,nan,nan,fm^4 / MeV
e2k0_diagonal,gamma_1,23.3012260971,152.807850313,47.1471565252,15.0074060274,nan,nan,fm^4 / MeV
e2k0_diagonal,gamma_1,23.3786388084,151.154037175,45.5685402532,14.5049168616,nan,nan,fm^4 / MeV
e2k0_diagonal,gamma_1,23.4560515197,149.157707035,44.1518175423,14.0539600167,nan,nan,fm^4 / MeV
e2k0_diagonal,gamma_1,23.533464231,146.934163633,43.1020269832,13.7198013033,nan,nan,fm^4 / MeV
e2k0_diagonal,gamma_1,23.6108769423,144.721936884,42.5228501266,13.535443584,nan,nan,fm^4 / MeV
e2k0_diagonal,gamma_1,23.6882896536,142.789865875,42.3473654375,13.4795850726,nan,nan,fm^4 / MeV
e2k0_diagonal,gamma_1,23.7657023649,141.315150474,42.3506088013,13.4806174674,nan,nan,fm^4 / MeV
e2k0_diagonal,gamma_1,23.8431150761,140.298226742,42.24414109,13.4467277423,nan,nan,fm^4 / MeV
e2k0_diagonal,gamma_1,23.9205277874,139.562665346,41.8057654016,13.3071884268,nan,nan,fm^4 / MeV
e2k0_diagonal,gamma_1,23.9979404987,138.842102936,40.9763080813,13.0431639616,nan,nan,fm^4 / MeV
e2k0_diagonal,gamma_1,24.07535321,137.908095907,39.8728037511,12.6919076238,nan,nan,fm^4 / MeV
e2k0_diagonal,gamma_1,24.1527659213,136.670645534,38.7136805476,12.3229472488,nan,nan,fm^4 / MeV
e2k0_diagonal,gamma_1,24.2301786326,135.199746205,37.6999236797,12.0002584156,nan,nan,fm^4 / MeV
e2k0_diagonal,gamma_1,24.3075913439,133.661797337,36.9188433368,11.7516328206,nan,nan,fm^4 / MeV
e2k0_diagonal,gamma_1,24.3850040551,132.212502602,36.3213095538,11.5614319101,nan,nan,fm^4 / MeV
e2k0_diagonal,gamma_1,24.4624167664,130.910323523,35.7789626081,11.3887975156,nan,nan,fm^4 / MeV
e2k0_diagonal,gamma_1,24.5398294777,129.699177954,35.1813239664,11.1985632275,nan,nan,fm^4 / MeV
e2k0_diagonal,gamma_1,24.617242189,128.465709971,34.5111923176,10.9852536987,nan,nan,fm^4 / MeV
e2k0_diagonal,gamma_1,24.6946549003,127.131232643,33.8523663422,10.7755428774,nan,nan,fm^4 / MeV
e2k0_diagonal,gamma_1,24.7720676116,125.718225586,33.3266326452,10.6081966442,nan,nan,fm^4 / MeV
e2k0_diagonal,gamma_1,24.8494803229,124.347802619,33.001111284,10.5045799768,nan,nan,fm^4 / MeV
e2k0_diagonal,gamma_1,24.9268930341,123.167654511,32.8259453873,10.4488229401,nan,nan,fm^4 / MeV
e2k0_diagonal,gamma_1,25.0043057454,122.253644635,32.6446086894,10.3911016765,nan,nan,fm^4 / MeV
e2k0_diagonal,gamma_1,25.0817184567,121.546190779,32.2752774773,10.2735399003,nan,nan,fm^4 / MeV
e2k0_diagonal,gamma_1,25.159131168,120.863760948,31.6178539646,10.0642754969,nan,nan,fm^4 / MeV
e2k0_diagonal,gamma_1,25.2365438793,119.991001653,30.7235790117,9.77961893838,nan,nan,fm^4 / MeV
e2k0_diagonal,gamma_1,25.3139565906,118.794449655,29.783633791,9.48042508216,nan,nan,fm^4 / MeV
e2k0_diagonal,gamma_1,25.3913693019,117.300768007,29.0387952254,9.24333560311,nan,nan,fm^4 / MeV
e2k0_diagonal,gamma_1,25.4687820132,115.691925692,28.6577029093,9.12203015135,nan,nan,fm^4 / MeV
e2k0_diagonal,gamma_1,25.5461947244,114.217818008,28.6501660743,9.11963110227,nan,nan,fm^4 / MeV
e2k0_diagonal,gamma_1,25.6236074357,113.0731084,28.8630866374,9.18740582245,nan,nan,fm^4 / MeV
e2k0_diagonal,gamma_1,25.701020147,112.305001865,29.0606946743,9.25030641419,nan,nan,fm^4 / MeV
e2k0_diagonal,gamma_1,25.7784328583,111.800895432,29.0441376143,9.24503613832,nan,nan,fm^4 / MeV
e2k0_diagonal,gamma_1,25.8558455696,111.359757376,28.7446057388,9.14969218111,nan,nan,fm^4 / MeV
e2k0_diagonal,gamma_1,25.9332582809,110.804610844,28.2406811556,8.98928800439,nan,nan,fm^4 / MeV
e2k0_diagonal,gamma_1,26.0106709922,110.072082671,27.6945029676,8.81543408752,nan,nan,fm^4 / MeV
e2k0_diagonal,gamma_1,26.0880837034,109.230339909,27.2471341487,8.67303216971,nan,nan,fm^4 / MeV
e2k0_diagonal,gamma_1,26.1654964147,108.419314644,26.9350227418,8.57368402329,nan,nan,fm^4 / MeV
e2k0_diagonal,gamma_1,26.242909126,107.751901588,26.6749228838,8.4908916671,nan,nan,fm^4 / MeV
e2k0_diagonal,gamma_1,26.3203218373,107.236012774,26.3232949061,8.37896500555,nan,nan,fm^4 / MeV
e2k0_diagonal,gamma_1,26.3977345486,106.763325371,25.7725359615,8.20365298857,nan,nan,fm^4 / MeV
e2k0_diagonal,gamma_1,26.4751472599,106.170219813,25.0257435531,7.96594158205,nan,nan,fm^4 / MeV
e2k0_diagonal,gamma_1,26.5525599712,105.33379585,24.2055683009,7.70487169086,nan,nan,fm^4 / MeV
e2k0_diagonal,gamma_1,26.6299726824,104.245843531,23.4922772676,7.47782410326,nan,nan,fm^4 / MeV
e2k0_diagonal,gamma_1,26.7073853937,103.021475748,23.027823645,7.32998392351,nan,nan,fm^4 / MeV
e2k0_diagonal,gamma_1,26.784798105,101.838093133,22.8420909851,7.27086338167,nan,nan,fm^4 / MeV
e2k0_diagonal,gamma_1,26.8622108163,100.84120068,22.8435853084,7.27133903954,nan,nan,fm^4 / MeV
e2k0_diagonal,gamma_1,26.9396235276,100.072342548,22.8783674004,7.2824105233,nan,nan,fm^4 / MeV
e2k0_diagonal,gamma_1,27.0170362389,99.4603879985,22.8209142941,7.26412263156,nan,nan,fm^4 / MeV
e2k0_diagonal,gamma_1,27.0944489502,98.8792889468,22.642478028,7.207324604,nan,nan,fm^4 / MeV
e2k0_diagonal,gamma_1,27.1718616614,98.2359769203,22.4167727238,7.13548037434,nan,nan,fm^4 / MeV
e2k0_diagonal,gamma_1,27.2492743727,97.5345516829,22.2607165994,7.08580616712,nan,nan,fm^4 / MeV
e2k0_diagonal,gamma_1,27.326687084,96.8774858515,22.2469148247,7.08141292578,nan,nan,fm^4 / MeV
e2k0_diagonal,gamma_1,27.4040997953,96.402419146,22.3415813623,7.11154622059,nan,nan,fm^4 / MeV
e2k0_diagonal,gamma_1,27.4815125066,96.1918011991,22.4067175623,7.13227971702,nan,nan,fm^4 / MeV
e2k0_diagonal,gamma_1,27.5589252179,96.2093577458,22.2674460842,7.08794822866,nan,nan,fm^4 / MeV
e2k0_diagonal,gamma_1,27.6363379292,96.3023002425,21.8067732098,6.94131149844,nan,nan,fm^4 / MeV
e2k0_diagonal,gamma_1,27.7137506405,96.2702280329,21.0333685084,6.69512913597,nan,nan,fm^4 / MeV
e2k0_diagonal,gamma_1,27.7911633517,95.9629959469,20.0829279208,6.39259450071,nan,nan,fm^4 / MeV
e2k0_diagonal,gamma_1,27.868576063,95.3529481466,19.1515305443,6.09612150779,nan,nan,fm^4 / MeV
e2k0_diagonal,gamma_1,27.9459887743,94.5415358557,18.3980658921,5.85628626011,nan,nan,fm^4 / MeV
e2k0_diagonal,gamma_1,28.0234014856,93.6977704034,17.8699432618,5.68817960577,nan,nan,fm^4 / MeV
e2k0_diagonal,gamma_1,28.1008141969,92.9643980142,17.4922350898,5.56795136053,nan,nan,fm^4 / MeV
e2k0_diagonal,gamma_1,28.1782269082,92.3849707895,17.1236603012,5.45063036154,nan,nan,fm^4 / MeV
e2k0_diagonal,gamma_1,28.2556396195,91.8915139874,16.644908071,5.29823879362,nan,nan,fm^4 / MeV
e2k0_diagonal,gamma_1,28.3330523307,91.356593142,16.0276130841,5.1017476966,nan,nan,fm^4 / MeV
e2k0_diagonal,gamma_1,28.410465042,90.6764666997,15.3453305645,4.88457042544,nan,nan,fm^4 / MeV
e2k0_diagonal,gamma_1,28.4878777533,89.8352144468,14.7229170819,4.68645006063,nan,nan,fm^4 / MeV
e2k0_diagonal,gamma_1,28.5652904646,88.912593912,14.2569246848,4.53812007376,nan,nan,fm^4 / MeV
e2k0_diagonal,gamma_1,28.6427031759,88.0327614981,13.9557833423,4.4422638073,nan,nan,fm^4 / MeV
e2k0_diagonal,gamma_1,28.7201158872,87.286311401,13.7355813689,4.37217134219,nan,nan,fm^4 / MeV
e2k0_diagonal,gamma_1,28.7975285985,86.6735186179,13.4732908929,4.28868169063,nan,nan,fm^4 / MeV
e2k0_diagonal,gamma_1,28.8749413097,86.1033942391,13.0846938652,4.16498741498,nan,nan,fm^4 / MeV
e2k0_diagonal,gamma_1,28.952354021,85.4493689523,12.5795316122,4.00418927572,nan,nan,fm^4 / MeV
e2k0_diagonal,gamma_1,29.0297667323,84.6283296404,12.0600850547,3.83884430114,nan,nan,fm^4 / MeV
e2k0_diagonal,gamma_1,29.1071794436,83.6555628289,11.6631988589,3.7125115013,nan,nan,fm^4 / MeV
e2k0_diagonal,gamma_1,29.1845921549,82.6422234188,11.479570442,3.65406076083,nan,nan,fm^4 / MeV
e2k0_diagonal,gamma_1,29.2620048662,81.7358501387,11.4979228193,3.65990250397,nan,nan,fm^4 / MeV
e2k0_diagonal,gamma_1,29.3394175775,81.038129678,11.6073477745,3.69473354901,nan,nan,fm^4 / MeV
e2k0_diagonal,gamma_1,29.4168302887,80.5477152027,11.6571233606,3.71057761013,nan,nan,fm^4 / MeV
e2k0_diagonal,gamma_1,29.494243,80.1614563392,11.5396873044,3.67319655246,nan,nan,fm^4 / MeV
e2k0_diagonal,gamma_1,29.5716557113,79.7334260723,11.2489135223,3.58064038296,nan,nan,fm^4 / MeV
e2k0_diagonal,gamma_1,29.6490684226,79.1575821226,10.8802622865,3.46329505005,nan,nan,fm^4 / MeV
e2k0_diagonal,gamma_1,29.7264811339,78.4263860232,10.5732135196,3.36555839201,nan,nan,fm^4 / MeV
e2k0_diagonal,gamma_1,29.8038938452,77.6320076203,10.4297879182,3.31990460518,nan,nan,fm^4 / MeV
e2k0_diagonal,gamma_1,29.8813065565,76.9103378191,10.456430622,3.32838524118,nan,nan,fm^4 / MeV
e2k0_diagonal,gamma_1,29.9587192678,76.3611710769,10.5623736836,3.36210796506,nan,nan,fm^4 / MeV
e2k0_diagonal,gamma_2,0,-256.229971288,0,0,nan,nan,fm^4 / MeV
e2k0_diagonal,gamma_2,0.0774127112862,-256.244896004,0.463445365697,0.147519241608,nan,nan,fm^4 / MeV
e2k0_diagonal,gamma_2,0.154825422572,-256.290190295,0.925703458468,0.294660562505,nan,nan,fm^4 / MeV
e2k0_diagonal,gamma_2,0.232238133859,-256.367192346,1.38617613739,0.441233568523,nan,nan,fm^4 / MeV
e2k0_diagonal,gamma_2,0.309650845145,-256.47751927,1.84513686956,0.587325306942,nan,nan,fm^4 / MeV
e2k0_diagonal,gamma_2,0.387063556431,-256.622516642,2.3035824401,0.733253064323,nan,nan,fm^4 / MeV
e2k0_diagonal,gamma_2,0.464476267717,-256.802995125,2.76278332033,0.879421244245,nan,nan,fm^4 / MeV
e2k0_diagonal,gamma_2,0.541888979003,-257.019366775,3.22383201261,1.02617760101,nan,nan,fm^4 / MeV
e2k0_diagonal,gamma_2,0.619301690289,-257.272044237,3.68747220299,1.17375885724,nan,nan,fm^4 / MeV
e2k0_diagonal,gamma_2,0.696714401576,-257.561807284,4.15430093813,1.32235505879,nan,nan,fm^4 / MeV
e2k0_diagonal,gamma_2,0.774127112862,-257.889870504,4.62519095261,1.4722440057,nan,nan,fm^4 / MeV
e2k0_diagonal,gamma_2,0.851539824148,-258.257584152,5.10163393689,1.6239005178,nan,nan,fm^4 / MeV
e2k0_diagonal,gamma_2,0.928952535434,-258.66594316,5.58574996779,1.7779994365,nan,nan,fm^4 / MeV
e2k0_diagonal,gamma_2,1.00636524672,-259.115214067,6.07991693611,1.93529766794,nan,nan,fm^4 / MeV
e2k0_diagonal,gamma_2,1.08377795801,-259.604929892,6.58621711357,2.0964580198,nan,nan,fm^4 / MeV
e2k0_diagonal,gamma_2,1.16119066929,-260.134282952,7.10602327658,2.26191746039,nan,nan,fm^4 / MeV
e2k0_diagonal,gamma_2,1.23860338058,-260.70270049,7.63997297152,2.43187892701,nan,nan,fm^4 / MeV
e2k0_diagonal,gamma_2,1.31601609186,-261.310270713,8.18834867106,2.60643233352,nan,nan,fm^4 / MeV
e2k0_diagonal,gamma_2,1.39342880315,-261.957773511,8.75163468846,2.78573184161,nan,nan,fm^4 / MeV
e2k0_diagonal,gamma_2,1.47084151444,-262.646310612,9.33091242716,2.97012167268,nan,nan,fm^4 / MeV
e2k0_diagonal,gamma_2,1.54825422572,-263.376777623,9.92785466853,3.16013428959,nan,nan,fm^4 / MeV
e2k0_diagonal,gamma_2,1.62566693701,-264.1495207,10.544329406,3.3563642931,nan,nan,fm^4 / MeV
e2k0_diagonal,gamma_2,1.7030796483,-264.964408192,11.1818712659,3.55930016997,nan,nan,fm^4 / MeV
e2k0_diagonal,gamma_2,1.78049235958,-265.82128794,11.8413689029,3.76922478773,nan,nan,fm^4 / MeV
e2k0_diagonal,gamma_2,1.85790507087,-266.720553513,12.5231895881,3.98625505244,nan,nan,fm^4 / MeV
e2k0_diagonal,gamma_2,1.93531778215,-267.663462955,13.2276916939,4.21050503757,nan,nan,fm^4 / MeV
e2k0_diagonal,gamma_2,2.01273049344,-268.651996527,13.9558277607,4.4422779461,nan,nan,fm^4 / MeV
e2k0_diagonal,gamma_2,2.09014320473,-269.688322491,14.709471814,4.68217029892,nan,nan,fm^4 / MeV
e2k0_diagonal,gamma_2,2.16755591601,-270.774189363,15.491263786,4.93102241255,nan,nan,fm^4 / MeV
e2k0_diagonal,gamma_2,2.2449686273,-271.910621615,16.3040592207,5.18974323487,nan,nan,fm^4 / MeV
e2k0_diagonal,gamma_2,2.32238133859,-273.098120139,17.1503236279,5.45911756202,nan,nan,fm^4 / MeV
e2k0_diagonal,gamma_2,2.39979404987,-274.337260326,18.0318589856,5.7397189814,nan,nan,fm^4 / MeV
e2k0_diagonal,gamma_2,2.47720676116,-275.629327597,18.9500573431,6.03199059604,nan,nan,fm^4 / MeV
e2k0_diagonal,gamma_2,2.55461947244,-276.976592946,19.9065546419,6.33645314237,nan,nan,fm^4 / MeV
e2k0_diagonal,gamma_2,2.63203218373,-278.382041179,20.9039030976,6.65391901578,nan,nan,fm^4 / MeV
e2k0_diagonal,gamma_2,2.70944489502,-279.848700413,21.9458548179,6.98558254929,nan,nan,fm^4 / MeV
e2k0_diagonal,gamma_2,2.7868576063,-281.378977868,23.0370781491,7.33292972366,nan,nan,fm^4 / MeV
e2k0_diagonal,gamma_2,2.86427031759,-282.974420357,24.1824789857,7.69752213359,nan,nan,fm^4 / MeV
e2k0_diagonal,gamma_2,2.94168302887,-284.636069193,25.3865577055,8.08079229383,nan,nan,fm^4 / MeV
e2k0_diagonal,gamma_2,3.01909574016,-286.365212696,26.6532326977,8.48398746644,nan,nan,fm^4 / MeV
e2k0_diagonal,gamma_2,3.09650845145,-288.164079009,27.986291783,8.90831335216,nan,nan,fm^4 / MeV
e2k0_diagonal,gamma_2,3.17392116273,-290.036025646,29.3902494854,9.35520696861,nan,nan,fm^4 / MeV
e2k0_diagonal,gamma_2,3.25133387402,-291.985074408,30.8711257757,9.82658453203,nan,nan,fm^4 / MeV
e2k0_diagonal,gamma_2,3.32874658531,-294.015041671,32.436690869,10.3249193787,nan,nan,fm^4 / MeV
e2k0_diagonal,gamma_2,3.40615929659,-296.12877845,34.0960375295,10.8531058253,nan,nan,fm^4 / MeV
e2k0_diagonal,gamma_2,3.48357200788,-298.327989114,35.8587634932,11.4141989262,nan,nan,fm^4 / MeV
e2k0_diagonal,gamma_2,3.56098471916,-300.613754066,37.7343136083,12.0112050699,nan,nan,fm^4 / MeV
e2k0_diagonal,gamma_2,3.63839743045,-302.987439025,39.7319682592,12.6470782945,nan,nan,fm^4 / MeV
e2k0_diagonal,gamma_2,3.71581014174,-305.451403728,41.8615925693,13.3249587662,nan,nan,fm^4 / MeV
e2k0_diagonal,gamma_2,3.79322285302,-308.009004989,44.1347954816,14.0485417265,nan,nan,fm^4 / MeV
e2k0_diagonal,gamma_2,3.87063556431,-310.663792186,46.5658758697,14.8223786481,nan,nan,fm^4 / MeV
e2k0_diagonal,gamma_2,3.94804827559,-313.4182833,49.1720371429,15.6519455464,nan,nan,fm^4 / MeV
e2k0_diagonal,gamma_2,4.02546098688,-316.272983335,51.9727906036,16.5434530617,nan,nan,fm^4 / MeV
e2k0_diagonal,gamma_2,4.10287369817,-319.226177343,54.9889867721,17.5035381208,nan,nan,fm^4 / MeV
e2k0_diagonal,gamma_2,4.18028640945,-322.274550805,58.2421916398,18.539065392,nan,nan,fm^4 / MeV
e2k0_diagonal,gamma_2,4.25769912074,-325.414137459,61.754969545,19.6572173272,nan,nan,fm^4 / MeV
e2k0_diagonal,gamma_2,4.33511183203,-328.640810038,65.5521127925,20.8658855621,nan,nan,fm^4 / MeV
e2k0_diagonal,gamma_2,4.41252454331,-331.949709685,69.6622716345,22.1741897553,nan,nan,fm^4 / MeV
e2k0_diagonal,gamma_2,4.4899372546,-335.333572886,74.1191504885,23.592858356,nan,nan,fm^4 / MeV
e2k0_diagonal,gamma_2,4.56734996588,-338.780530697,78.96164914,25.1342735506,nan,nan,fm^4 / MeV
e2k0_diagonal,gamma_2,4.64476267717,-342.272234212,84.2329411404,26.8121779073,nan,nan,fm^4 / MeV
e2k0_diagonal,gamma_2,4.72217538846,-345.782894354,89.9791319695,28.6412472561,nan,nan,fm^4 / MeV
e2k0_diagonal,gamma_2,4.79958809974,-349.279133638,96.248406235,30.636819234,nan,nan,fm^4 / MeV
e2k0_diagonal,gamma_2,4.87700081103,-352.719834655,103.091239249,32.8149606318,nan,nan,fm^4 / MeV
e2k0_diagonal,gamma_2,4.95441352232,-356.05489084,110.561455708,35.1928043829,nan,nan,fm^4 / MeV
e2k0_diagonal,gamma_2,5.0318262336,-359.222146298,118.717111172,37.7888301454,nan,nan,fm^4 / MeV
e2k0_diagonal,gamma_2,5.10923894489,-362.142686034,127.61984337,40.622657818,nan,nan,fm^4 / MeV
e2k0_diagonal,gamma_2,5.18665165617,-364.715514122,137.331721351,43.7140445927,nan,nan,fm^4 / MeV
e2k0_diagonal,gamma_2,5.26406436746,-366.813005425,147.909504122,47.0810574224,nan,nan,fm^4 / MeV
e2k0_diagonal,gamma_2,5.34147707875,-368.278114738,159.397048701,50.7376564301,nan,nan,fm^4 / MeV
e2k0_diagonal,gamma_2,5.41888979003,-368.923455139,171.816800901,54.6909863391,nan,nan,fm^4 / MeV
e2k0_diagonal,gamma_2,5.49630250132,-368.531688841,185.160657691,58.9384678752,nan,nan,fm^4 / MeV
e2k0_diagonal,gamma_2,5.5737152126,-366.856888459,199.379404899,63.4644356808,nan,nan,fm^4 / MeV
e2k0_diagonal,gamma_2,5.65112792389,-363.627836117,214.36928128,68.2358615256,nan,nan,fm^4 / MeV
e2k0_diagonal,gamma_2,5.72854063518,-358.556094814,229.954889007,73.1969145473,nan,nan,fm^4 / MeV
e2k0_diagonal,gamma_2,5.80595334646,-351.352947631,245.86998524,78.2628470177,nan,nan,fm^4 / MeV
e2k0_diagonal,gamma_2,5.88336605775,-341.758699899,261.741027846,83.3147567834,nan,nan,fm^4 / MeV
e2k0_diagonal,gamma_2,5.96077876904,-329.584746208,277.081224144,88.1976929211,nan,nan,fm^4 / MeV
e2k0_diagonal,gamma_2,6.03819148032,-314.763744427,291.303479059,92.7247772643,nan,nan,fm^4 / MeV
e2k0_diagonal,gamma_2,6.11560419161,-297.397920265,303.757876949,96.689135239,nan,nan,fm^4 / MeV
e2k0_diagonal,gamma_2,6.19301690289,-277.792254517,313.793293979,99.8835076918,nan,nan,fm^4 / MeV
e2k0_diagonal,gamma_2,6.27042961418,-256.460000482,320.835081215,102.124978185,nan,nan,fm^4 / MeV
e2k0_diagonal,gamma_2,6.34784232547,-234.09322234,324.464164011,103.280151117,nan,nan,fm^4 / MeV
e2k0_diagonal,gamma_2,6.42525503675,-211.499626271,324.480038107,103.285203999,nan,nan,fm^4 / MeV
e2k0_diagonal,gamma_2,6.50266774804,-189.51618413,320.932513287,102.155991777,nan,nan,fm^4 / MeV
e2k0_diagonal,gamma_2,6.58008045932,-168.916744866,314.114275622,99.9856793218,nan,nan,fm^4 / MeV
e2k0_diagonal,gamma_2,6.65749317061,-150.332589848,304.516173658,96.9305085783,nan,nan,fm^4 / MeV
e2k0_diagonal,gamma_2,6.7349058819,-134.201076006,292.756327843,93.1872333952,nan,nan,fm^4 / MeV
e2k0_diagonal,gamma_2,6.81231859318,-120.749514014,279.499714625,88.9675223506,nan,nan,fm^4 / MeV
e2k0_diagonal,gamma_2,6.88973130447,-110.012087985,265.385200203,84.4747328715,nan,nan,fm^4 / MeV
e2k0_diagonal,gamma_2,6.96714401576,-101.870072639,250.972472317,79.8870190985,nan,nan,fm^4 / MeV
e2k0_diagonal,gamma_2,7.04455672704,-96.1020495495,236.714007878,75.3484089057,nan,nan,fm^4 / MeV
e2k0_diagonal,gamma_2,7.12196943833,-92.431780788,222.949925997,70.9671655687,nan,nan,fm^4 / MeV
e2k0_diagonal,gamma_2,7.19938214961,-90.5656858043,209.918689896,66.8191942885,nan,nan,fm^4 / MeV
e2k0_diagonal,gamma_2,7.2767948609,-90.2173015741,197.775222994,62.953808721,nan,nan,fm^4 / MeV
e2k0_diagonal,gamma_2,7.35420757219,-91.1205216035,186.609663077,59.399700615,nan,nan,fm^4 / MeV
e2k0_diagonal,gamma_2,7.43162028347,-93.0355279436,176.463192854,56.169978833,nan,nan,fm^4 / MeV
e2k0_diagonal,gamma_2,7.50903299476,-95.7511124193,167.340418324,53.2661095108,nan,nan,fm^4 / MeV
e2k0_diagonal,gamma_2,7.58644570605,-99.0854763035,159.219438813,50.6811214468,nan,nan,fm^4 / MeV
e2k0_diagonal,gamma_2,7.66385841733,-102.885886675,152.060837913,48.4024680091,nan,nan,fm^4 / MeV
e2k0_diagonal,gamma_2,7.74127112862,-107.026694822,145.815926283,46.4146508988,nan,nan,fm^4 / MeV
e2k0_diagonal,gamma_2,7.8186838399,-111.405406865,140.433618651,44.7014091693,nan,nan,fm^4 / MeV
e2k0_diagonal,gamma_2,7.89609655119,-115.937294537,135.865027518,43.2471814456,nan,nan,fm^4 / MeV
e2k0_diagonal,gamma_2,7.97350926248,-120.54972982,132.065336549,42.0377022456,nan,nan,fm^4 / MeV
e2k0_diagonal,gamma_2,8.05092197376,-125.177503941,128.993378648,41.0598676759,nan,nan,fm^4 / MeV
e2k0_diagonal,gamma_2,8.12833468505,-129.759809952,126.6099873,40.3012106472,nan,nan,fm^4 / MeV
e2k0_diagonal,gamma_2,8.20574739633,-134.2387281,124.876213221,39.7493332174,nan,nan,fm^4 / MeV
e2k0_diagonal,gamma_2,8.28316010762,-138.558498052,123.751931593,39.3914632602,nan,nan,fm^4 / MeV
e2k0_diagonal,gamma_2,8.36057281891,-142.664925598,123.194621121,39.2140658273,nan,nan,fm^4 / MeV
e2k0_diagonal,gamma_2,8.43798553019,-146.504876075,123.157693804,39.2023114973,nan,nan,fm^4 / MeV
e2k0_diagonal,gamma_2,8.51539824148,-150.026520874,123.587991511,39.3392795115,nan,nan,fm^4 / MeV
e2k0_diagonal,gamma_2,8.59281095277,-153.181308021,124.422835661,39.6050186579,nan,nan,fm^4 / MeV
e2k0_diagonal,gamma_2,8.67022366405,-155.928229047,125.587867336,39.9758597577,nan,nan,fm^4 / MeV
e2k0_diagonal,gamma_2,8.74763637534,-158.239960544,126.997306387,40.4244981418,nan,nan,fm^4 / MeV
e2k0_diagonal,gamma_2,8.82504908662,-160.109329734,128.55786328,40.9212388288,nan,nan,fm^4 / MeV
e2k0_diagonal,gamma_2,8.90246179791,-161.553858388,130.176424899,41.4364429933,nan,nan,fm^4 / MeV
e2k0_diagonal,gamma_2,8.9798745092,-162.616265397,131.770235074,41.943768529,nan,nan,fm^4 / MeV
e2k0_diagonal,gamma_2,9.05728722048,-163.359773577,133.277177369,42.4234431593,nan,nan,fm^4 / MeV
e2k0_diagonal,gamma_2,9.13469993177,-163.858528515,134.663389152,42.8646880741,nan,nan,fm^4 / MeV
e2k0_diagonal,gamma_2,9.21211264305,-164.184872235,135.925925494,43.2665658734,nan,nan,fm^4 / MeV
e2k0_diagonal,gamma_2,9.28952535434,-164.396156088,137.08934928,43.6368951663,nan,nan,fm^4 / MeV
e2k0_diagonal,gamma_2,9.36693806563,-164.523991514,138.196551959,43.989328725,nan,nan,fm^4 / MeV
e2k0_diagonal,gamma_2,9.44435077691,-164.568357637,139.295402369,44.3391036739,nan,nan,fm^4 / MeV
e2k0_diagonal,gamma_2,9.5217634882,-164.498021761,140.423709303,44.6982549259,nan,nan,fm^4 / MeV
e2k0_diagonal,gamma_2,9.59917619949,-164.257536385,141.595365843,45.0712047855,nan,nan,fm^4 / MeV
e2k0_diagonal,gamma_2,9.67658891077,-163.779858736,142.790428838,45.4516051515,nan,nan,fm^4 / MeV
e2k0_diagonal,gamma_2,9.75400162206,-163.002544177,143.951314312,45.8211264745,nan,nan,fm^4 / MeV
e2k0_diagonal,gamma_2,9.83141433334,-161.884635596,144.986297304,46.1505717929,nan,nan,fm^4 / MeV
e2k0_diagonal,gamma_2,9.90882704463,-160.420984778,145.780170962,46.4032696266,nan,nan,fm^4 / MeV
e2k0_diagonal,gamma_2,9.98623975592,-158.650984034,146.210432668,46.5402261814,nan,nan,fm^4 / MeV
e2k0_diagonal,gamma_2,10.0636524672,-156.659651379,146.166050647,46.5260989453,nan,nan,fm^4 / MeV
e2k0_diagonal,gamma_2,10.1410651785,-154.570590155,145.565118853,46.3348164145,nan,nan,fm^4 / MeV
e2k0_diagonal,gamma_2,10.2184778898,-152.532176366,144.367843329,45.9537117787,nan,nan,fm^4 / MeV
e2k0_diagonal,gamma_2,10.2958906011,-150.699889463,142.582381865,45.3853817431,nan,nan,fm^4 / MeV
e2k0_diagonal,gamma_2,10.3733033123,-149.218493374,140.262811064,44.6470394256,nan,nan,fm^4 / MeV
e2k0_diagonal,gamma_2,10.4507160236,-148.207530707,137.500385186,43.7677319588,nan,nan,fm^4 / MeV
e2k0_diagonal,gamma_2,10.5281287349,-147.752417992,134.410677734,42.7842475315,nan,nan,fm^4 / MeV
e2k0_diagonal,gamma_2,10.6055414462,-147.90176379,131.119736934,41.7367085401,nan,nan,fm^4 / MeV
e2k0_diagonal,gamma_2,10.6829541575,-148.669967179,127.75196675,40.664713996,nan,nan,fm^4 / MeV
e2k0_diagonal,gamma_2,10.7603668688,-150.043186223,124.421354205,39.604547096,nan,nan,fm^4 / MeV
e2k0_diagonal,gamma_2,10.8377795801,-151.986595188,121.226399939,38.5875615669,nan,nan,fm^4 / MeV
e2k0_diagonal,gamma_2,10.9151922914,-154.451335311,118.248146321,37.639553997,nan,nan,fm^4 / MeV
e2k0_diagonal,gamma_2,10.9926050026,-157.38033769,115.550287159,36.7807987542,nan,nan,fm^4 / MeV
e2k0_diagonal,gamma_2,11.0700177139,-160.712866171,113.18044353,36.0264540983,nan,nan,fm^4 / MeV
e2k0_diagonal,gamma_2,11.1474304252,-164.38796123,111.172048829,35.3871622094,nan,nan,fm^4 / MeV
e2k0_diagonal,gamma_2,11.2248431365,-168.346966331,109.546609352,34.8697687546,nan,nan,fm^4 / MeV
e2k0_diagonal,gamma_2,11.3022558478,-172.535163615,108.31622122,34.4781240484,nan,nan,fm^4 / MeV
e2k0_diagonal,gamma_2,11.3796685591,-176.902446286,107.486140813,34.2139012485,nan,nan,fm^4 / MeV
e2k0_diagonal,gamma_2,11.4570812704,-181.403021082,107.057067143,34.0773228576,nan,nan,fm^4 / MeV
e2k0_diagonal,gamma_2,11.5344939816,-185.994328865,107.026755302,34.0676742987,nan,nan,fm^4 / MeV
e2k0_diagonal,gamma_2,11.6119066929,-190.635563987,107.39070037,34.1835216119,nan,nan,fm^4 / MeV
e2k0_diagonal,gamma_2,11.6893194042,-195.286245651,108.141849554,34.4226198232,nan,nan,fm^4 / MeV
e2k0_diagonal,gamma_2,11.7667321155,-199.905225842,109.269494696,34.7815604202,nan,nan,fm^4 / MeV
e2k0_diagonal,gamma_2,11.8441448268,-204.450388921,110.757584187,35.2552340165,nan,nan,fm^4 / MeV
e2k0_diagonal,gamma_2,11.9215575381,-208.879217059,112.582691794,35.8361838112,nan,nan,fm^4 / MeV
e2k0_diagonal,gamma_2,11.9989702494,-213.150404954,114.711894645,36.5139301282,nan,nan,fm^4 / MeV
e2k0_diagonal,gamma_2,12.0763829606,-217.226732756,117.100943782,37.2743880873,nan,nan,fm^4 / MeV
e2k0_diagonal,gamma_2,12.1537956719,-221.079299061,119.693354782,38.0995781376,nan,nan,fm^4 / MeV
e2k0_diagonal,gamma_2,12.2312083832,-224.692864071,122.421258695,38.9678969217,nan,nan,fm^4 / MeV
e2k0_diagonal,gamma_2,12.3086210945,-228.071491738,125.208814702,39.8552035572,nan,nan,fm^4 / MeV
e2k0_diagonal,gamma_2,12.3860338058,-231.243123493,127.978535548,40.7368330841,nan,nan,fm^4 / MeV
e2k0_diagonal,gamma_2,12.4634465171,-234.261476546,130.660046497,41.5903845293,nan,nan,fm^4 / MeV
e2k0_diagonal,gamma_2,12.5408592284,-237.203980968,133.199849146,42.3988288214,nan,nan,fm^4 / MeV
e2k0_diagonal,gamma_2,12.6182719396,-240.165371774,135.569990854,43.1532683588,nan,nan,fm^4 / MeV
e2k0_diagonal,gamma_2,12.6956846509,-243.247775347,137.773497454,43.8546662936,nan,nan,fm^4 / MeV
e2k0_diagonal,gamma_2,12.7730973622,-246.549223183,139.84512438,44.5140856246,nan,nan,fm^4 / MeV
e2k0_diagonal,gamma_2,12.8505100735,-250.153048656,141.847215949,45.1513711644,nan,nan,fm^4 / MeV
e2k0_diagonal,gamma_2,12.9279227848,-254.1203509,143.861787028,45.7926290552,nan,nan,fm^4 / MeV
e2k0_diagonal,gamma_2,13.0053354961,-258.486749808,145.980863234,46.4671519612,nan,nan,fm^4 / MeV
e2k0_diagonal,gamma_2,13.0827482074,-263.263393757,148.297319705,47.2045029567,nan,nan,fm^4 / MeV
e2k0_diagonal,gamma_2,13.1601609186,-268.441101649,150.897940676,48.0323063219,nan,nan,fm^4 / MeV
e2k0_diagonal,gamma_2,13.2375736299,-273.995984254,153.859470781,48.9749906325,nan,nan,fm^4 / MeV
e2k0_diagonal,gamma_2,13.3149863412,-279.894986842,157.247466258,50.0534230871,nan,nan,fm^4 / MeV
e2k0_diagonal,gamma_2,13.3923990525,-286.100341825,161.117129976,51.285175305,nan,nan,fm^4 / MeV
e2k0_diagonal,gamma_2,13.4698117638,-292.572587818,165.515159619,52.68511162,nan,nan,fm^4 / MeV
e2k0_diagonal,gamma_2,13.5472244751,-299.272309093,170.481849724,54.2660581821,nan,nan,fm^4 / MeV
e2k0_diagonal,gamma_2,13.6246371864,-306.160954701,176.053032859,56.0394208517,nan,nan,fm^4 / MeV
e2k0_diagonal,gamma_2,13.7020498977,-313.201073218,182.261715611,58.0157059517,nan,nan,fm^4 / MeV
e2k0_diagonal,gamma_2,13.7794626089,-320.356204493,189.139387809,60.2049370065,nan,nan,fm^4 / MeV
e2k0_diagonal,gamma_2,13.8568753202,-327.590625323,196.717023125,62.6169732412,nan,nan,fm^4 / MeV
e2k0_diagonal,gamma_2,13.9342880315,-334.869154855,205.025859967,65.2617581509,nan,nan,fm^4 / MeV
e2k0_diagonal,gamma_2,14.0117007428,-342.157188857,214.098203392,68.1495747537,nan,nan,fm^4 / MeV
e2k0_diagonal,gamma_2,14.0891134541,-349.420945193,223.96864946,71.2914353184,nan,nan,fm^4 / MeV
e2k0_diagonal,gamma_2,14.1665261654,-356.62756237,234.676148681,74.6997381768,nan,nan,fm^4 / MeV
e2k0_diagonal,gamma_2,14.2439388767,-363.744336602,246.267068548,78.3892425602,nan,nan,fm^4 / MeV
e2k0_diagonal,gamma_2,14.3213515879,-370.736229019,258.798898404,82.3782478953,nan,nan,fm^4 / MeV
e2k0_diagonal,gamma_2,14.3987642992,-377.560994615,272.343642896,86.6896739731,nan,nan,fm^4 / MeV
e2k0_diagonal,gamma_2,14.4761770105,-384.161885345,286.989546629,91.3516099235,nan,nan,fm^4 / MeV
e2k0_diagonal,gamma_2,14.5535897218,-390.458674734,302.839807428,96.3969046344,nan,nan,fm^4 / MeV
e2k0_diagonal,gamma_2,14.6310024331,-396.338441453,320.007420755,101.861525679,nan,nan,fm^4 / MeV
e2k0_diagonal,gamma_2,14.7084151444,-401.647870862,338.606100155,107.781669201,nan,nan,fm^4 / MeV
e2k0_diagonal,gamma_2,14.7858278557,-406.188684067,358.738060445,114.18987119,nan,nan,fm^4 / MeV
e2k0_diagonal,gamma_2,14.8632405669,-409.717274091,380.480072057,121.110568432,nan,nan,fm^4 / MeV
e2k0_diagonal,gamma_2,14.9406532782,-411.948924062,403.869470327,128.555645133,nan,nan,fm^4 / MeV
e2k0_diagonal,gamma_2,15.0180659895,-412.566295143,428.891759356,136.520487106,nan,nan,fm^4 / MeV
e2k0_diagonal,gamma_2,15.0954787008,-411.231291839,455.471184721,144.980980969,nan,nan,fm^4 / MeV
e2k0_diagonal,gamma_2,15.1728914121,-407.598938382,483.465220539,153.891759323,nan,nan,fm^4 / MeV
e2k0_diagonal,gamma_2,15.2503041234,-401.331543274,512.663291569,163.18579399,nan,nan,fm^4 / MeV
e2k0_diagonal,gamma_2,15.3277168347,-392.111318962,542.789175717,172.775160744,nan,nan,fm^4 / MeV
e2k0_diagonal,gamma_2,15.4051295459,-379.650011414,573.50548379,182.552465271,nan,nan,fm^4 / MeV
e2k0_diagonal,gamma_2,15.4825422572,-363.695205769,604.417725637,192.392137455,nan,nan,fm^4 / MeV
e2k0_diagonal,gamma_2,15.5599549685,-344.034766394,635.075304607,202.150747928,nan,nan,fm^4 / MeV
e2k0_diagonal,gamma_2,15.6373676798,-320.502844798,664.967880124,211.665850238,nan,nan,fm^4 / MeV
e2k0_diagonal,gamma_2,15.7147803911,-292.992127244,693.518060743,220.753654982,nan,nan,fm^4 / MeV
e2k0_diagonal,gamma_2,15.7921931024,-261.476479479,720.074806284,229.206929632,nan,nan,fm^4 / MeV
e2k0_diagonal,gamma_2,15.8696058137,-226.045290266,743.914984442,236.795494028,nan,nan,fm^4 / MeV
e2k0_diagonal,gamma_2,15.947018525,-186.945938935,764.261658654,243.272041581,nan,nan,fm^4 / MeV
e2k0_diagonal,gamma_2,16.0244312362,-144.625302288,780.325626276,248.385361286,nan,nan,fm^4 / MeV
e2k0_diagonal,gamma_2,16.1018439475,-99.7571862458,791.371259453,251.901295525,nan,nan,fm^4 / MeV
e2k0_diagonal,gamma_2,16.1792566588,-53.2420785083,796.800012695,253.629321352,nan,nan,fm^4 / MeV
e2k0_diagonal,gamma_2,16.2566693701,-6.16975282648,796.237439212,253.450248651,nan,nan,fm^4 / MeV
e2k0_diagonal,gamma_2,16.3340820814,40.256532577,789.604998205,251.339077109,nan,nan,fm^4 / MeV
e2k0_diagonal,gamma_2,16.4114947927,84.8254163163,777.158445068,247.377216196,nan,nan,fm^4 / MeV
e2k0_diagonal,gamma_2,16.488907504,126.434798128,759.480655856,241.750201124,nan,nan,fm^4 / MeV
e2k0_diagonal,gamma_2,16.5663202152,164.19913306,737.426855136,234.730258327,nan,nan,fm^4 / MeV
e2k0_diagonal,gamma_2,16.6437329265,197.526108938,712.031375567,226.646626116,nan,nan,fm^4 / MeV
e2k0_diagonal,gamma_2,16.7211456378,226.149252797,684.393823912,217.849320194,nan,nan,fm^4 / MeV
e2k0_diagonal,gamma_2,16.7985583491,250.113415332,655.566254359,208.673219811,nan,nan,fm^4 / MeV
e2k0_diagonal,gamma_2,16.8759710604,269.720504559,626.460836546,199.408677579,nan,nan,fm^4 / MeV
e2k0_diagonal,gamma_2,16.9533837717,285.450225534,597.790727131,190.282698315,nan,nan,fm^4 / MeV
e2k0_diagonal,gamma_2,17.030796483,297.873203864,570.047989843,181.451910766,nan,nan,fm^4 / MeV
e2k0_diagonal,gamma_2,17.1082091942,307.57180513,543.514351406,173.005991335,nan,nan,fm^4 / MeV
e2k0_diagonal,gamma_2,17.1856219055,315.078809103,518.295433633,164.978560489,nan,nan,fm^4 / MeV
e2k0_diagonal,gamma_2,17.2630346168,320.838120191,494.367542411,157.362076158,nan,nan,fm^4 / MeV
e2k0_diagonal,gamma_2,17.3404473281,325.18683064,471.627414199,150.123668535,nan,nan,fm^4 / MeV
e2k0_diagonal,gamma_2,17.4178600394,328.355134962,449.93803932,143.219726086,nan,nan,fm^4 / MeV
e2k0_diagonal,gamma_2,17.4952727507,330.479652772,429.166368348,136.607897863,nan,nan,fm^4 / MeV
e2k0_diagonal,gamma_2,17.572685462,331.625801248,409.210598404,130.255779003,nan,nan,fm^4 / MeV
e2k0_diagonal,gamma_2,17.6500981732,331.815089852,390.015877302,124.145909514,nan,nan,fm^4 / MeV
e2k0_diagonal,gamma_2,17.7275108845,331.053197102,371.578198512,118.277014077,nan,nan,fm^4 / MeV
e2k0_diagonal,gamma_2,17.8049235958,329.354647406,353.937495742,112.661803986,nan,nan,fm^4 / MeV
e2k0_diagonal,gamma_2,17.8823363071,326.760375678,337.162535599,107.322168332,nan,nan,fm^4 / MeV
e2k0_diagonal,gamma_2,17.9597490184,323.345842693,321.331679425,102.283050305,nan,nan,fm^4 / MeV
e2k0_diagonal,gamma_2,18.0371617297,319.219533665,306.514238381,97.5665123328,nan,nan,fm^4 / MeV
e2k0_diagonal,gamma_2,18.114574441,314.513989172,292.756503016,93.1872891547,nan,nan,fm^4 / MeV
e2k0_diagonal,gamma_2,18.1919871523,309.373110238,280.074682709,89.1505403762,nan,nan,fm^4 / MeV
e2k0_diagonal,gamma_2,18.2693998635,303.939721799,268.454621658,85.4517600654,nan,nan,fm^4 / MeV
e2k0_diagonal,gamma_2,18.3468125748,298.346241948,257.856215338,82.0781825562,nan,nan,fm^4 / MeV
e2k0_diagonal,gamma_2,18.4242252861,292.709388758,248.219673468,79.0107760103,nan,nan,fm^4 / MeV
e2k0_diagonal,gamma_2,18.5016379974,287.128086549,239.471320717,76.2260888417,nan,nan,fm^4 / MeV
e2k0_diagonal,gamma_2,18.5790507087,281.682880923,231.528013084,73.6976554931,nan,nan,fm^4 / MeV
e2k0_diagonal,gamma_2,18.65646342,276.435473381,224.300634338,71.3971093871,nan,nan,fm^4 / MeV
e2k0_diagonal,gamma_2,18.7338761313,271.428057535,217.697781284,69.2953559831,nan,nan,fm^4 / MeV
e2k0_diagonal,gamma_2,18.8112888425,266.683223766,211.630391838,67.364045939,nan,nan,fm^4 / MeV
e2k0_diagonal,gamma_2,18.8887015538,262.205607744,206.017048102,65.5772631332,nan,nan,fm^4 / MeV
e2k0_diagonal,gamma_2,18.9661142651,257.985944693,200.788696477,63.9130271226,nan,nan,fm^4 / MeV
e2k0_diagonal,gamma_2,19.0435269764,254.007070313,195.891218892,62.3541115899,nan,nan,fm^4 / MeV
e2k0_diagonal,gamma_2,19.1209396877,250.250353078,191.284895659,60.887873366,nan,nan,fm^4 / MeV
e2k0_diagonal,gamma_2,19.198352399,246.700685353,186.941013325,59.5051726746,nan,nan,fm^4 / MeV
e2k0_diagonal,gamma_2,19.2757651103,243.348735408,182.837028358,58.1988336867,nan,nan,fm^4 / MeV
e2k0_diagonal,gamma_2,19.3531778215,240.19037348,178.952165949,56.9622435754,nan,nan,fm^4 / MeV
e2k0_diagonal,gamma_2,19.4305905328,237.224380768,175.264864958,55.7885392166,nan,nan,fm^4 / MeV
e2k0_diagonal,gamma_2,19.5080032441,234.450093474,171.752348852,54.6704706147,nan,nan,fm^4 / MeV
e2k0_diagonal,gamma_2,19.5854159554,231.866257188,168.391444062,53.6006613937,nan,nan,fm^4 / MeV
e2k0_diagonal,gamma_2,19.6628286667,229.471317195,165.159220525,52.5718126877,nan,nan,fm^4 / MeV
e2k0_diagonal,gamma_2,19.740241378,227.264264849,162.032381205,51.5765088193,nan,nan,fm^4 / MeV
e2k0_diagonal,gamma_2,19.8176540893,225.24463928,158.985357917,50.6066111835,nan,nan,fm^4 / MeV
e2k0_diagonal,gamma_2,19.8950668005,223.410655419,155.988179816,49.6525797633,nan,nan,fm^4 / MeV
e2k0_diagonal,gamma_2,19.9724795118,221.755502611,153.005722847,48.7032342248,nan,nan,fm^4 / MeV
e2k0_diagonal,gamma_2,20.0498922231,220.26305043,149.999586753,47.7463513869,nan,nan,fm^4 / MeV
e2k0_diagonal,gamma_2,20.1273049344,218.904855209,146.932733568,46.7701416986,nan,nan,fm^4 / MeV
e2k0_diagonal,gamma_2,20.2047176457,217.640107547,143.775713973,45.7652311508,nan,nan,fm^4 / MeV
e2k0_diagonal,gamma_2,20.282130357,216.419097016,140.512464387,44.7265065463,nan,nan,fm^4 / MeV
e2k0_diagonal,gamma_2,20.3595430683,215.189406573,137.143694062,43.6541936477,nan,nan,fm^4 / MeV
e2k0_diagonal,gamma_2,20.4369557796,213.903031907,133.686764712,42.5538188596,nan,nan,fm^4 / MeV
e2k0_diagonal,gamma_2,20.5143684908,212.522396774,130.172250413,41.4351142131,nan,nan,fm^4 / MeV
e2k0_diagonal,gamma_2,20.5917812021,211.02383765,126.63844559,40.3102692021,nan,nan,fm^4 / MeV
e2k0_diagonal,gamma_2,20.6691939134,209.398194911,123.12551141,39.1920675232,nan,nan,fm^4 / MeV
e2k0_diagonal,gamma_2,20.7466066247,207.649129584,119.670632269,38.0923453371,nan,nan,fm^4 / MeV
e2k0_diagonal,gamma_2,20.824019336,205.790257228,116.304782832,37.020962186,nan,nan,fm^4 / MeV
e2k0_diagonal,gamma_2,20.9014320473,203.84204928,113.050950687,35.985235246,nan,nan,fm^4 / MeV
e2k0_diagonal,gamma_2,20.9788447586,201.828930681,109.923298428,34.9896726116,nan,nan,fm^4 / MeV
e2k0_diagonal,gamma_2,21.0562574698,199.776501469,106.926875923,34.0358817051,nan,nan,fm^4 / MeV
e2k0_diagonal,gamma_2,21.1336701811,197.708651511,104.057900135,33.1226583484,nan,nan,fm^4 / MeV
e2k0_diagonal,gamma_2,21.2110828924,195.64458566,101.304949805,32.2463670422,nan,nan,fm^4 / MeV
e2k0_diagonal,gamma_2,21.2884956037,193.596220976,98.6513979979,31.4017152686,nan,nan,fm^4 / MeV
e2k0_diagonal,gamma_2,21.365908315,191.566718458,96.0789942817,30.5828937344,nan,nan,fm^4 / MeV
e2k0_diagonal,gamma_2,21.4433210263,189.55081316,93.5719350016,29.7848719803,nan,nan,fm^4 / MeV
e2k0_diagonal,gamma_2,21.5207337376,187.537092811,91.1203675165,29.0045138132,nan,nan,fm^4 / MeV
e2k0_diagonal,gamma_2,21.5981464488,185.511680553,88.7223186794,28.2411911608,nan,nan,fm^4 / MeV
e2k0_diagonal,gamma_2,21.6755591601,183.462252363,86.3835390571,27.4967344854,nan,nan,fm^4 / MeV
e2k0_diagonal,gamma_2,21.7529718714,181.381232156,84.1154843308,26.7747902436,nan,nan,fm^4 / MeV
e2k0_diagonal,gamma_2,21.8303845827,179.267396847,81.9322663042,26.0798503621,nan,nan,fm^4 / MeV
e2k0_diagonal,gamma_2,21.907797294,177.125785078,79.8476210518,25.4162871691,nan,nan,fm^4 / MeV
e2k0_diagonal,gamma_2,21.9852100053,174.966407942,77.8726985669,24.7876498177,nan,nan,fm^4 / MeV
e2k0_diagonal,gamma_2,22.0626227166,172.802534719,76.0149485958,24.1963096358,nan,nan,fm^4 / MeV
e2k0_diagonal,gamma_2,22.1400354278,170.649193617,74.2778588127,23.6433767846,nan,nan,fm^4 / MeV
e2k0_diagonal,gamma_2,22.2174481391,168.522127493,72.661048944,23.1287302194,nan,nan,fm^4 / MeV
e2k0_diagonal,gamma_2,22.2948608504,166.437039513,71.1603181477,22.6510327704,nan,nan,fm^4 / MeV
e2k0_diagonal,gamma_2,22.3722735617,164.408781517,69.7675639064,22.2077053264,nan,nan,fm^4 / MeV
e2k0_diagonal,gamma_2,22.449686273,162.45025034,68.4708085057,21.7949352624,nan,nan,fm^4 / MeV
e2k0_diagonal,gamma_2,22.5270989843,160.571056606,67.2546839147,21.4078307822,nan,nan,fm^4 / MeV
e2k0_diagonal,gamma_2,22.6045116956,158.776310122,66.1015793904,21.0407862123,nan,nan,fm^4 / MeV
e2k0_diagonal,gamma_2,22.6819244068,157.065950117,64.9933515068,20.6880263208,nan,nan,fm^4 / MeV
e2k0_diagonal,gamma_2,22.7593371181,155.434892344,63.913222369,20.3442105379,nan,nan,fm^4 / MeV
e2k0_diagonal,gamma_2,22.8367498294,153.873968822,62.8474039566,20.0049500004,nan,nan,fm^4 / MeV
e2k0_diagonal,gamma_2,22.9141625407,152.37137284,61.7861179444,19.6671321706,nan,nan,fm^4 / MeV
e2k0_diagonal,gamma_2,22.991575252,150.914227416,60.7239335045,19.3290283624,nan,nan,fm^4 / MeV
e2k0_diagonal,gamma_2,23.0689879633,149.489990159,59.6595637284,18.9902289402,nan,nan,fm^4 / MeV
e2k0_diagonal,gamma_2,23.1464006746,148.087594907,58.5953305464,18.6514729971,nan,nan,fm^4 / MeV
e2k0_diagonal,gamma_2,23.2238133859,146.698369306,57.5364253103,18.3144129919,nan,nan,fm^4 / MeV
e2k0_diagonal,gamma_2,23.3012260971,145.316767656,56.4899585924,17.9813122901,nan,nan,fm^4 / MeV
e2k0_diagonal,gamma_2,23.3786388084,143.940839294,55.4637390923,17.6546564778,nan,nan,fm^4 / MeV
e2k0_diagonal,gamma_2,23.4560515197,142.572228626,54.4648163046,17.336689479,nan,nan,fm^4 / MeV
e2k0_diagonal,gamma_2,23.533464231,141.21550317,53.4980201151,17.0289486939,nan,nan,fm^4 / MeV
e2k0_diagonal,gamma_2,23.6108769423,139.876785002,52.5648988963,16.731926985,nan,nan,fm^4 / MeV
e2k0_diagonal,gamma_2,23.6882896536,138.561952306,51.6634571858,16.4449891767,nan,nan,fm^4 / MeV
e2k0_diagonal,gamma_2,23.7657023649,137.274925553,50.7888735533,16.1666005601,nan,nan,fm^4 / MeV
e2k0_diagonal,gamma_2,23.8431150761,136.016601836,49.9350180241,15.8948099038,nan,nan,fm^4 / MeV
e2k0_diagonal,gamma_2,23.9205277874,134.784792638,49.0962601079,15.627824967,nan,nan,fm^4 / MeV
e2k0_diagonal,gamma_2,23.9979404987,133.575135459,48.2689358718,15.3644794836,nan,nan,fm^4 / MeV
e2k0_diagonal,gamma_2,24.07535321,132.38257063,47.4519979648,15.1044400714,nan,nan,fm^4 / MeV
e2k0_diagonal,gamma_2,24.1527659213,131.202786589,46.6467333206,14.8481163741,nan,nan,fm^4 / MeV
e2k0_diagonal,gamma_2,24.2301786326,130.033126191,45.8558190958,14.5963605573,nan,nan,fm^4 / MeV
e2k0_diagonal,gamma_2,24.3075913439,128.872753187,45.0822090867,14.3501128433,nan,nan,fm^4 / MeV
e2k0_diagonal,gamma_2,24.3850040551,127.722231322,44.3283058354,14.1101379852,nan,nan,fm^4 / MeV
e2k0_diagonal,gamma_2,24.4624167664,126.582884667,43.5956263682,13.8769188674,nan,nan,fm^4 / MeV
e2k0_diagonal,gamma_2,24.5398294777,125.456292081,42.8848699743,13.6506780805,nan,nan,fm^4 / MeV
e2k0_diagonal,gamma_2,24.617242189,124.344063899,42.1961172014,13.4314412638,nan,nan,fm^4 / MeV
e2k0_diagonal,gamma_2,24.6946549003,123.247802711,41.5289175948,13.219065033,nan,nan,fm^4 / MeV
e2k0_diagonal,gamma_2,24.7720676116,122.169022459,40.8822150451,13.013213218,nan,nan,fm^4 / MeV
e2k0_diagonal,gamma_2,24.8494803229,121.108866595,40.2542705084,12.8133322639,nan,nan,fm^4 / MeV
e2k0_diagonal,gamma_2,24.9268930341,120.067673625,39.6428215628,12.6187020197,nan,nan,fm^4 / MeV
e2k0_diagonal,gamma_2,25.0043057454,119.044641053,39.0456031987,12.4286015102,nan,nan,fm^4 / MeV
e2k0_diagonal,gamma_2,25.0817184567,118.03788875,38.4611087499,12.2425511487,nan,nan,fm^4 / MeV
e2k0_diagonal,gamma_2,25.159131168,117.045064607,37.8892485239,12.0605223852,nan,nan,fm^4 / MeV
e2k0_diagonal,gamma_2,25.2365438793,116.064344027,37.331517615,11.8829911231,nan,nan,fm^4 / MeV
e2k0_diagonal,gamma_2,25.3139565906,115.09541566,36.7904672959,11.7107694576,nan,nan,fm^4 / MeV
e2k0_diagonal,gamma_2,25.3913693019,114.139978515,36.2686048099,11.5446554691,nan,nan,fm^4 / MeV
e2k0_diagonal,gamma_2,25.4687820132,113.201458264,35.7671494512,11.3850372709,nan,nan,fm^4 / MeV
e2k0_diagonal,gamma_2,25.5461947244,112.284001427,35.2851785374,11.2316211642,nan,nan,fm^4 / MeV
e2k0_diagonal,gamma_2,25.6236074357,111.391145013,34.8195380885,11.0834032059,nan,nan,fm^4 / MeV
e2k0_diagonal,gamma_2,25.701020147,110.524707424,34.3655461702,10.9388930901,nan,nan,fm^4 / MeV
e2k0_diagonal,gamma_2,25.7784328583,109.684326421,33.9181613917,10.7964860922,nan,nan,fm^4 / MeV
e2k0_diagonal,gamma_2,25.8558455696,108.867748776,33.473108299,10.6548212929,nan,nan,fm^4 / MeV
e2k0_diagonal,gamma_2,25.9332582809,108.071627552,33.0275315013,10.5129897931,nan,nan,fm^4 / MeV
e2k0_diagonal,gamma_2,26.0106709922,107.292389327,32.5800345436,10.3705470874,nan,nan,fm^4 / MeV
e2k0_diagonal,gamma_2,26.0880837034,106.526785953,32.1302832283,10.2273867975,nan,nan,fm^4 / MeV
e2k0_diagonal,gamma_2,26.1654964147,105.771995301,31.6785387596,10.083592067,nan,nan,fm^4 / MeV
e2k0_diagonal,gamma_2,26.242909126,105.025427847,31.2254427355,9.93936712316,nan,nan,fm^4 / MeV
e2k0_diagonal,gamma_2,26.3203218373,104.284560735,30.7721469039,9.79507857862,nan,nan,fm^4 / MeV
e2k0_diagonal,gamma_2,26.3977345486,103.547070419,30.3206129995,9.65135087291,nan,nan,fm^4 / MeV
e2k0_diagonal,gamma_2,26.4751472599,102.81131057,29.8737645127,9.5091145819,nan,nan,fm^4 / MeV
e2k0_diagonal,gamma_2,26.5525599712,102.076925911,29.4352361046,9.36952665424,nan,nan,fm^4 / MeV
e2k0_diagonal,gamma_2,26.6299726824,101.34526147,29.0086954444,9.23375454523,nan,nan,fm^4 / MeV
e2k0_diagonal,gamma_2,26.7073853937,100.619299194,28.5969673135,9.10269741077,nan,nan,fm^4 / MeV
e2k0_diagonal,gamma_2,26.784798105,99.9030864873,28.2013188895,8.97675860595,nan,nan,fm^4 / MeV
e2k0_diagonal,gamma_2,26.8622108163,99.2008768872,27.8211931088,8.85576081196,nan,nan,fm^4 / MeV
e2k0_diagonal,gamma_2,26.9396235276,98.5163331518,27.454448494,8.73902237536,nan,nan,fm^4 / MeV
e2k0_diagonal,gamma_2,27.0170362389,97.8520759389,27.0979144388,8.62553406083,nan,nan,fm^4 / MeV
e2k0_diagonal,gamma_2,27.0944489502,97.2096426312,26.7479456378,8.51413553163,nan,nan,fm^4 / MeV
e2k0_diagonal,gamma_2,27.1718616614,96.5896851462,26.400726406,8.40361221748,nan,nan,fm^4 / MeV
e2k0_diagonal,gamma_2,27.2492743727,95.9921243618,26.0522872433,8.29270058723,nan,nan,fm^4 / MeV
e2k0_diagonal,gamma_2,27.326687084,95.4160565533,25.6984181304,8.18006055018,nan,nan,fm^4 / MeV
e2k0_diagonal,gamma_2,27.4040997953,94.8594231067,25.3347563252,8.06430340238,nan,nan,fm^4 / MeV
e2k0_diagonal,gamma_2,27.4815125066,94.3186733338,24.9572298337,7.94413298782,nan,nan,fm^4 / MeV
e2k0_diagonal,gamma_2,27.5589252179,93.7887324682,24.5628055583,7.81858384163,nan,nan,fm^4 / MeV
e2k0_diagonal,gamma_2,27.6363379292,93.2634734935,24.1502615623,7.68726700922,nan,nan,fm^4 / MeV
e2k0_diagonal,gamma_2,27.7137506405,92.736639098,23.720616765,7.55050682267,nan,nan,fm^4 / MeV
e2k0_diagonal,gamma_2,27.7911633517,92.2029097801,23.2769689905,7.40928935007,nan,nan,fm^4 / MeV
e2k0_diagonal,gamma_2,27.868576063,91.6587099199,22.8237568513,7.26502744563,nan,nan,fm^4 / MeV
e2k0_diagonal,gamma_2,27.9459887743,91.1024489831,22.3657302343,7.11923304529,nan,nan,fm^4 / MeV
e2k0_diagonal,gamma_2,28.0234014856,90.534156011,21.9070415528,6.97322790331,nan,nan,fm^4 / MeV
e2k0_diagonal,gamma_2,28.1008141969,89.9547416129,21.4507878454,6.82799783763,nan,nan,fm^4 / MeV
e2k0_diagonal,gamma_2,28.1782269082,89.3652657278,20.9990912175,6.68421833542,nan,nan,fm^4 / MeV
e2k0_diagonal,gamma_2,28.2556396195,88.7665308391,20.5535381293,6.54239438262,nan,nan,fm^4 / MeV
e2k0_diagonal,gamma_2,28.3330523307,88.1591028254,20.1156511216,6.40301061902,nan,nan,fm^4 / MeV
e2k0_diagonal,gamma_2,28.410465042,87.543615147,19.6871109112,6.26660203345,nan,nan,fm^4 / MeV
e2k0_diagonal,gamma_2,28.4878777533,86.9210759614,19.2696424227,6.13371768636,nan,nan,fm^4 / MeV
e2k0_diagonal,gamma_2,28.5652904646,86.2929407921,18.8647013418,6.00482093701,nan,nan,fm^4 / MeV
e2k0_diagonal,gamma_2,28.6427031759,85.6608967744,18.4732151651,5.88020701664,nan,nan,fm^4 / MeV
e2k0_diagonal,gamma_2,28.7201158872,85.026508701,18.0955803114,5.76000210934,nan,nan,fm^4 / MeV
e2k0_diagonal,gamma_2,28.7975285985,84.3909749609,17.7319349045,5.64425018128,nan,nan,fm^4 / MeV
e2k0_diagonal,gamma_2,28.8749413097,83.7551743216,17.382533002,5.53303210144,nan,nan,fm^4 / MeV
e2k0_diagonal,gamma_2,28.952354021,83.1199958625,17.0479632158,5.42653523087,nan,nan,fm^4 / MeV
e2k0_diagonal,gamma_2,29.0297667323,82.4867523321,16.7290366346,5.32501774714,nan,nan,fm^4 / MeV
e2k0_diagonal,gamma_2,29.1071794436,81.8574025486,16.4263682831,5.22867541862,nan,nan,fm^4 / MeV
e2k0_diagonal,gamma_2,29.1845921549,81.2344015893,16.1398730301,5.13748114723,nan,nan,fm^4 / MeV
e2k0_diagonal,gamma_2,29.2620048662,80.6202076117,15.8684702531,5.05109096017,nan,nan,fm^4 / MeV
e2k0_diagonal,gamma_2,29.3394175775,80.0166788189,15.6101928648,4.9688787141,nan,nan,fm^4 / MeV
e2k0_diagonal,gamma_2,29.4168302887,79.4246716253,15.362678405,4.89009241458,nan,nan,fm^4 / MeV
e2k0_diagonal,gamma_2,29.494243,78.8440526429,15.1238071039,4.81405731791,nan,nan,fm^4 / MeV
e2k0_diagonal,gamma_2,29.5716557113,78.2741161693,14.8921672716,4.74032406924,nan,nan,fm^4 / MeV
e2k0_diagonal,gamma_2,29.6490684226,77.7141805352,14.6671219268,4.66868991116,nan,nan,fm^4 / MeV
e2k0_diagonal,gamma_2,29.7264811339,77.1640451257,14.4484695262,4.59909069041,nan,nan,fm^4 / MeV
e2k0_diagonal,gamma_2,29.8038938452,76.6240762496,14.2359113138,4.53143131002,nan,nan,fm^4 / MeV
e2k0_diagonal,gamma_2,29.8813065565,76.0949031289,14.0286339565,4.46545287801,nan,nan,fm^4 / MeV
e2k0_diagonal,gamma_2,29.9587192678,75.5769219619,13.8252367735,4.40070954383,nan,nan,fm^4 / MeV
e2k0_diagonal,cosine_6,0,-259.998308453,0,0,nan,nan,fm^4 / MeV
e2k0_diagonal,cosine_6,0.0774127112862,-259.991997793,0.136823461368,0.0435522604153,nan,nan,fm^4 / MeV
e2k0_diagonal,cosine_6,0.154825422572,-259.975817446,0.257402371157,0.0819337194665,nan,nan,fm^4 / MeV
e2k0_diagonal,cosine_6,0.232238133859,-259.957674301,0.34735273806,0.110565810517,nan,nan,fm^4 / MeV
e2k0_diagonal,cosine_6,0.309650845145,-259.949641196,0.395748022959,0.125970508146,nan,nan,fm^4 / MeV
e2k0_diagonal,cosine_6,0.387063556431,-259.966480263,0.396233858971,0.126125154551,nan,nan,fm^4 / MeV
e2k0_diagonal,cosine_6,0.464476267717,-260.023903761,0.347523490616,0.110620162744,nan,nan,fm^4 / MeV
e2k0_diagonal,cosine_6,0.541888979003,-260.136827367,0.25323849467,0.0806083164157,nan,nan,fm^4 / MeV
e2k0_diagonal,cosine_6,0.619301690289,-260.317856422,0.121161752329,0.0385669835935,nan,nan,fm^4 / MeV
e2k0_diagonal,cosine_6,0.696714401576,-260.576191573,-0.0379461484244,-0.0120786341861,nan,nan,fm^4 / MeV
e2k0_diagonal,cosine_6,0.774127112862,-260.917059425,-0.211764191681,-0.0674066357519,nan,nan,fm^4 / MeV
e2k0_diagonal,cosine_6,0.851539824148,-261.341683524,-0.387846559623,-0.12345539425,nan,nan,fm^4 / MeV
e2k0_diagonal,cosine_6,0.928952535434,-261.847729065,-0.554886245107,-0.176625777525,nan,nan,fm^4 / MeV
e2k0_diagonal,cosine_6,1.00636524672,-262.430095374,-0.703669267947,-0.223984884591,nan,nan,fm^4 / MeV
e2k0_diagonal,cosine_6,1.08377795801,-263.08190116,-0.827648979851,-0.263448852576,nan,nan,fm^4 / MeV
e2k0_diagonal,cosine_6,1.16119066929,-263.795508814,-0.92313577498,-0.293843243466,nan,nan,fm^4 / MeV
e2k0_diagonal,cosine_6,1.23860338058,-264.563459189,-0.989150342748,-0.314856333019,nan,nan,fm^4 / MeV
e2k0_diagonal,cosine_6,1.31601609186,-265.379226964,-1.02702189835,-0.326911223573,nan,nan,fm^4 / MeV
e2k0_diagonal,cosine_6,1.39342880315,-266.237748335,-1.03982612909,-0.330986936801,nan,nan,fm^4 / MeV
e2k0_diagonal,cosine_6,1.47084151444,-267.135709455,-1.03175505441,-0.32841783394,nan,nan,fm^4 / MeV
e2k0_diagonal,cosine_6,1.54825422572,-268.071612039,-1.0074987351,-0.320696807699,nan,nan,fm^4 / MeV
e2k0_diagonal,cosine_6,1.62566693701,-269.045651918,-0.971702126192,-0.309302393193,nan,nan,fm^4 / MeV
e2k0_diagonal,cosine_6,1.7030796483,-270.059459043,-0.928542258315,-0.295564180561,nan,nan,fm^4 / MeV
e2k0_diagonal,cosine_6,1.78049235958,-271.115755126,-0.881451866477,-0.280574843295,nan,nan,fm^4 / MeV
e2k0_diagonal,cosine_6,1.85790507087,-272.217987649,-0.832995199679,-0.265150607201,nan,nan,fm^4 / MeV
e2k0_diagonal,cosine_6,1.93531778215,-273.369994731,-0.784880775348,-0.249835310269,nan,nan,fm^4 / MeV
e2k0_diagonal,cosine_6,2.01273049344,-274.575742791,-0.738077281686,-0.234937295528,nan,nan,fm^4 / MeV
e2k0_diagonal,cosine_6,2.09014320473,-275.839158965,-0.692987345277,-0.220584723002,nan,nan,fm^4 / MeV
e2k0_diagonal,cosine_6,2.16755591601,-277.164057115,-0.649633567388,-0.206784786896,nan,nan,fm^4 / MeV
e2k0_diagonal,cosine_6,2.2449686273,-278.554137029,-0.60782283322,-0.193476016862,nan,nan,fm^4 / MeV
e2k0_diagonal,cosine_6,2.32238133859,-280.013027821,-0.567274195429,-0.180568984582,nan,nan,fm^4 / MeV
e2k0_diagonal,cosine_6,2.39979404987,-281.544351204,-0.527714378048,-0.167976703614,nan,nan,fm^4 / MeV
e2k0_diagonal,cosine_6,2.47720676116,-283.151794949,-0.488954453261,-0.155639036366,nan,nan,fm^4 / MeV
e2k0_diagonal,cosine_6,2.55461947244,-284.839202101,-0.450957140225,-0.143544115979,nan,nan,fm^4 / MeV
e2k0_diagonal,cosine_6,2.63203218373,-286.610687343,-0.413889728037,-0.131745192224,nan,nan,fm^4 / MeV
e2k0_diagonal,cosine_6,2.70944489502,-288.470782656,-0.378143225661,-0.120366727121,nan,nan,fm^4 / MeV
e2k0_diagonal,cosine_6,2.7868576063,-290.424593847,-0.344296469663,-0.109592970072,nan,nan,fm^4 / MeV
e2k0_diagonal,cosine_6,2.86427031759,-292.477930878,-0.313021460774,-0.0996378255519,nan,nan,fm^4 / MeV
e2k0_diagonal,cosine_6,2.94168302887,-294.637374156,-0.284958157322,-0.0907049986243,nan,nan,fm^4 / MeV
e2k0_diagonal,cosine_6,3.01909574016,-296.910265777,-0.260615924418,-0.0829566252391,nan,nan,fm^4 / MeV
e2k0_diagonal,cosine_6,3.09650845145,-299.304662616,-0.24036238025,-0.0765097219002,nan,nan,fm^4 / MeV
e2k0_diagonal,cosine_6,3.17392116273,-301.829333806,-0.224524225867,-0.0714682807814,nan,nan,fm^4 / MeV
e2k0_diagonal,cosine_6,3.25133387402,-304.493896256,-0.213555434653,-0.0679768060984,nan,nan,fm^4 / MeV
e2k0_diagonal,cosine_6,3.32874658531,-307.309135576,-0.208157581244,-0.0662586159942,nan,nan,fm^4 / MeV
e2k0_diagonal,cosine_6,3.40615929659,-310.287461056,-0.20921158007,-0.0665941142405,nan,nan,fm^4 / MeV
e2k0_diagonal,cosine_6,3.48357200788,-313.443333545,-0.217437344533,-0.0692124563904,nan,nan,fm^4 / MeV
e2k0_diagonal,cosine_6,3.56098471916,-316.793451381,-0.23283906006,-0.0741149747068,nan,nan,fm^4 / MeV
e2k0_diagonal,cosine_6,3.63839743045,-320.356543637,-0.254167112283,-0.0809039045824,nan,nan,fm^4 / MeV
e2k0_diagonal,cosine_6,3.71581014174,-324.152817785,-0.278737523366,-0.0887249093379,nan,nan,fm^4 / MeV
e2k0_diagonal,cosine_6,3.79322285302,-328.203379809,-0.302895917869,-0.0964147651424,nan,nan,fm^4 / MeV
e2k0_diagonal,cosine_6,3.87063556431,-332.530155128,-0.323150314283,-0.10286193976,nan,nan,fm^4 / MeV
e2k0_diagonal,cosine_6,3.94804827559,-337.156828289,-0.337587780941,-0.107457528128,nan,nan,fm^4 / MeV
e2k0_diagonal,cosine_6,4.02546098688,-342.11098671,-0.346817358086,-0.110395393779,nan,nan,fm^4 / MeV
e2k0_diagonal,cosine_6,4.10287369817,-347.427044335,-0.353598701375,-0.112553962389,nan,nan,fm^4 / MeV
e2k0_diagonal,cosine_6,4.18028640945,-353.14887429,-0.360731140359,-0.11482428823,nan,nan,fm^4 / MeV
e2k0_diagonal,cosine_6,4.25769912074,-359.330788739,-0.367711592509,-0.11704623516,nan,nan,fm^4 / MeV
e2k0_diagonal,cosine_6,4.33511183203,-366.035973347,-0.367845117554,-0.117088737502,nan,nan,fm^4 / MeV
e2k0_diagonal,cosine_6,4.41252454331,-373.332911639,-0.34833169978,-0.110877423711,nan,nan,fm^4 / MeV
e2k0_diagonal,cosine_6,4.4899372546,-381.292501503,-0.29562997414,-0.0941019434212,nan,nan,fm^4 / MeV
e2k0_diagonal,cosine_6,4.56734996588,-389.990731008,-0.206530673359,-0.0657407551304,nan,nan,fm^4 / MeV
e2k0_diagonal,cosine_6,4.64476267717,-399.522782193,-0.10178095943,-0.0323978856118,nan,nan,fm^4 / MeV
e2k0_diagonal,cosine_6,4.72217538846,-410.033028638,-0.0344945221587,-0.0109799474223,nan,nan,fm^4 / MeV
e2k0_diagonal,cosine_6,4.79958809974,-421.760787229,-0.0815104087054,-0.0259455689178,nan,nan,fm^4 / MeV
e2k0_diagonal,cosine_6,4.87700081103,-435.094067039,-0.304425960433,-0.0969017928167,nan,nan,fm^4 / MeV
e2k0_diagonal,cosine_6,4.95441352232,-450.614456459,-0.670243862561,-0.213345247607,nan,nan,fm^4 / MeV
e2k0_diagonal,cosine_6,5.0318262336,-469.108509459,-0.930537616901,-0.296199322925,nan,nan,fm^4 / MeV
e2k0_diagonal,cosine_6,5.10923894489,-491.518038009,-0.472151143438,-0.150290376729,nan,nan,fm^4 / MeV
e2k0_diagonal,cosine_6,5.18665165617,-518.806753812,1.83099782392,0.582824708936,nan,nan,fm^4 / MeV
e2k0_diagonal,cosine_6,5.26406436746,-551.735301964,7.72101097049,2.45767412324,nan,nan,fm^4 / MeV
e2k0_diagonal,cosine_6,5.34147707875,-590.559814143,19.5631465345,6.2271429468,nan,nan,fm^4 / MeV
e2k0_diagonal,cosine_6,5.41888979003,-634.696507208,40.2116491053,12.79976545,nan,nan,fm^4 / MeV
e2k0_diagonal,cosine_6,5.49630250132,-682.41978169,72.7091309382,23.1440351935,nan,nan,fm^4 / MeV
e2k0_diagonal,cosine_6,5.5737152126,-730.675804643,119.827826837,38.1423819222,nan,nan,fm^4 / MeV
e2k0_diagonal,cosine_6,5.65112792389,-775.090791176,183.502016621,58.410506025,nan,nan,fm^4 / MeV
e2k0_diagonal,cosine_6,5.72854063518,-810.229570628,264.24012599,84.110244429,nan,nan,fm^4 / MeV
e2k0_diagonal,cosine_6,5.80595334646,-830.117064887,360.631703113,114.792636372,nan,nan,fm^4 / MeV
e2k0_diagonal,cosine_6,5.88336605775,-828.9801518,469.069169451,149.30935394,nan,nan,fm^4 / MeV
e2k0_diagonal,cosine_6,5.96077876904,-802.111714184,583.781733359,185.823497102,nan,nan,fm^4 / MeV
e2k0_diagonal,cosine_6,6.03819148032,-746.7161576,697.230247412,221.935280698,nan,nan,fm^4 / MeV
e2k0_diagonal,cosine_6,6.11560419161,-662.578516443,800.845109932,254.916915793,nan,nan,fm^4 / MeV
e2k0_diagonal,cosine_6,6.19301690289,-552.414713334,886.018174935,282.02834442,nan,nan,fm^4 / MeV
e2k0_diagonal,cosine_6,6.27042961418,-421.808449551,945.200229637,300.866577517,nan,nan,fm^4 / MeV
e2k0_diagonal,cosine_6,6.34784232547,-278.712408235,972.9226728,309.690905245,nan,nan,fm^4 / MeV
e2k0_diagonal,cosine_6,6.42525503675,-132.573242789,966.564962036,307.667183055,nan,nan,fm^4 / MeV
e2k0_diagonal,cosine_6,6.50266774804,6.78666947011,926.729477992,294.987154663,nan,nan,fm^4 / MeV
e2k0_diagonal,cosine_6,6.58008045932,130.349160147,857.155160314,272.840961522,nan,nan,fm^4 / MeV
e2k0_diagonal,cosine_6,6.65749317061,230.947934221,764.185883359,243.247921555,nan,nan,fm^4 / MeV
e2k0_diagonal,cosine_6,6.7349058819,304.016659627,655.890664199,208.77648267,nan,nan,fm^4 / MeV
e2k0_diagonal,cosine_6,6.81231859318,347.929685499,540.992889871,172.203385201,nan,nan,fm^4 / MeV
e2k0_diagonal,cosine_6,6.88973130447,363.906282797,427.79242733,136.170558854,nan,nan,fm^4 / MeV
e2k0_diagonal,cosine_6,6.96714401576,355.529505964,323.253418464,102.89475884,nan,nan,fm^4 / MeV
e2k0_diagonal,cosine_6,7.04455672704,327.995281794,232.386281773,73.9708509018,nan,nan,fm^4 / MeV
e2k0_diagonal,cosine_6,7.12196943833,287.243535371,157.986780229,50.2887540331,nan,nan,fm^4 / MeV
e2k0_diagonal,cosine_6,7.19938214961,239.125835746,100.723821431,32.0613881356,nan,nan,fm^4 / MeV
e2k0_diagonal,cosine_6,7.2767948609,188.736064312,59.5066657566,18.9415600042,nan,nan,fm^4 / MeV
e2k0_diagonal,cosine_6,7.35420757219,139.981572145,32.0232501419,10.1933171079,nan,nan,fm^4 / MeV
e2k0_diagonal,cosine_6,7.43162028347,95.4155290882,15.3298073782,4.87962924179,nan,nan,fm^4 / MeV
e2k0_diagonal,cosine_6,7.50903299476,56.3000880693,6.38626992961,2.03281285443,nan,nan,fm^4 / MeV
e2k0_diagonal,cosine_6,7.58644570605,22.8347905574,2.46470892171,0.784541216345,nan,nan,fm^4 / MeV
e2k0_diagonal,cosine_6,7.66385841733,-5.52978411427,1.39869231326,0.445217591039,nan,nan,fm^4 / MeV
e2k0_diagonal,cosine_6,7.74127112862,-29.7676471495,1.67926538316,0.534526772985,nan,nan,fm^4 / MeV
e2k0_diagonal,cosine_6,7.8186838399,-50.9969963044,2.43018121576,0.773550706196,nan,nan,fm^4 / MeV
e2k0_diagonal,cosine_6,7.89609655119,-70.2723196706,3.30721145009,1.05271810026,nan,nan,fm^4 / MeV
e2k0_diagonal,cosine_6,7.97350926248,-88.4530953734,4.36455101686,1.38927973742,nan,nan,fm^4 / MeV
e2k0_diagonal,cosine_6,8.05092197376,-106.136285191,5.91974614822,1.88431372268,nan,nan,fm^4 / MeV
e2k0_diagonal,cosine_6,8.12833468505,-123.632990939,8.43322676433,2.68437945152,nan,nan,fm^4 / MeV
e2k0_diagonal,cosine_6,8.20574739633,-140.971914162,12.4051713678,3.94868868618,nan,nan,fm^4 / MeV
e2k0_diagonal,cosine_6,8.28316010762,-157.92010238,18.2849703544,5.82028683237,nan,nan,fm^4 / MeV
e2k0_diagonal,cosine_6,8.36057281891,-174.020263602,26.3881715873,8.39961589456,nan,nan,fm^4 / MeV
e2k0_diagonal,cosine_6,8.43798553019,-188.649564891,36.821031746,11.7204984242,nan,nan,fm^4 / MeV
e2k0_diagonal,cosine_6,8.51539824148,-201.104898309,49.42037167,15.7309928815,nan,nan,fm^4 / MeV
e2k0_diagonal,cosine_6,8.59281095277,-210.713984303,63.7224819716,20.2834959837,nan,nan,fm^4 / MeV
e2k0_diagonal,cosine_6,8.67022366405,-216.96240218,78.9761961064,25.1389039938,nan,nan,fm^4 / MeV
e2k0_diagonal,cosine_6,8.74763637534,-219.617065867,94.2104648852,29.9881223549,nan,nan,fm^4 / MeV
e2k0_diagonal,cosine_6,8.82504908662,-218.820438348,108.356435076,34.4909245162,nan,nan,fm^4 / MeV
e2k0_diagonal,cosine_6,8.90246179791,-215.129685162,120.41064026,38.3278971964,nan,nan,fm^4 / MeV
e2k0_diagonal,cosine_6,8.9798745092,-209.482106784,129.613100066,41.2571311299,nan,nan,fm^4 / MeV
e2k0_diagonal,cosine_6,9.05728722048,-203.081623176,135.605683909,43.1646298109,nan,nan,fm^4 / MeV
e2k0_diagonal,cosine_6,9.13469993177,-197.218026683,138.534917301,44.0970337584,nan,nan,fm^4 / MeV
e2k0_diagonal,cosine_6,9.21211264305,-193.047213669,139.070672331,44.2675698813,nan,nan,fm^4 / MeV
e2k0_diagonal,cosine_6,9.28952535434,-191.372499871,138.326976323,44.0308440895,nan,nan,fm^4 / MeV
e2k0_diagonal,cosine_6,9.36693806563,-192.471122077,137.690625085,43.8282871995,nan,nan,fm^4 / MeV
e2k0_diagonal,cosine_6,9.44435077691,-196.004547599,138.583199794,44.1124025534,nan,nan,fm^4 / MeV
e2k0_diagonal,cosine_6,9.5217634882,-201.036851461,142.197898432,45.2629968655,nan,nan,fm^4 / MeV
e2k0_diagonal,cosine_6,9.59917619949,-206.164905833,149.260471156,47.5110835853,nan,nan,fm^4 / MeV
e2k0_diagonal,cosine_6,9.67658891077,-209.741741483,159.861335959,50.8854436541,nan,nan,fm^4 / MeV
e2k0_diagonal,cosine_6,9.75400162206,-210.155062956,173.393734317,55.1929398355,nan,nan,fm^4 / MeV
e2k0_diagonal,cosine_6,9.83141433334,-206.110860537,188.612942785,60.0373643507,nan,nan,fm^4 / MeV
e2k0_diagonal,cosine_6,9.90882704463,-196.870119592,203.808242449,64.8741784574,nan,nan,fm^4 / MeV
e2k0_diagonal,cosine_6,9.98623975592,-182.39529402,217.057551462,69.0915645011,nan,nan,fm^4 / MeV
e2k0_diagonal,cosine_6,10.0636524672,-163.380618756,226.519004282,72.1032384715,nan,nan,fm^4 / MeV
e2k0_diagonal,cosine_6,10.1410651785,-141.162683075,230.707556957,73.4364961967,nan,nan,fm^4 / MeV
e2k0_diagonal,cosine_6,10.2184778898,-117.530140206,228.708999495,72.8003355985,nan,nan,fm^4 / MeV
e2k0_diagonal,cosine_6,10.2958906011,-94.4692757436,220.297294415,70.1228067117,nan,nan,fm^4 / MeV
e2k0_diagonal,cosine_6,10.3733033123,-73.8918917399,205.940678596,65.5529539644,nan,nan,fm^4 / MeV
e2k0_diagonal,cosine_6,10.4507160236,-57.3920474801,186.703063349,59.4294308448,nan,nan,fm^4 / MeV
e2k0_diagonal,cosine_6,10.5281287349,-46.0693083338,164.065483719,52.2236654492,nan,nan,fm^4 / MeV
e2k0_diagonal,cosine_6,10.6055414462,-40.4408753924,139.704197243,44.4692271239,nan,nan,fm^4 / MeV
e2k0_diagonal,cosine_6,10.6829541575,-40.4470405189,115.265733935,36.6902226499,nan,nan,fm^4 / MeV
e2k0_diagonal,cosine_6,10.7603668688,-45.5377539871,92.1749286595,29.3401910506,nan,nan,fm^4 / MeV
e2k0_diagonal,cosine_6,10.8377795801,-54.8158763867,71.5016032693,22.7596671986,nan,nan,fm^4 / MeV
e2k0_diagonal,cosine_6,10.9151922914,-67.206691357,53.8980430791,17.156279958,nan,nan,fm^4 / MeV
e2k0_diagonal,cosine_6,10.9926050026,-81.6236475627,39.6058873989,12.6069455101,nan,nan,fm^4 / MeV
e2k0_diagonal,cosine_6,11.0700177139,-97.1058490369,28.5201312011,9.07823971656,nan,nan,fm^4 / MeV
e2k0_diagonal,cosine_6,11.1474304252,-112.911439919,20.2911500037,6.45887364822,nan,nan,fm^4 / MeV
e2k0_diagonal,cosine_6,11.2248431365,-128.560465955,14.4433293981,4.59745453683,nan,nan,fm^4 / MeV
e2k0_diagonal,cosine_6,11.3022558478,-143.829182659,10.4903049231,3.33916776612,nan,nan,fm^4 / MeV
e2k0_diagonal,cosine_6,11.3796685591,-158.704024644,8.03072193325,2.55625818455,nan,nan,fm^4 / MeV
e2k0_diagonal,cosine_6,11.4570812704,-173.307275329,6.8134614309,2.16879213259,nan,nan,fm^4 / MeV
e2k0_diagonal,cosine_6,11.5344939816,-187.808209656,6.76642461328,2.15381984853,nan,nan,fm^4 / MeV
e2k0_diagonal,cosine_6,11.6119066929,-202.333703104,7.98770799872,2.54256642394,nan,nan,fm^4 / MeV
e2k0_diagonal,cosine_6,11.6893194042,-216.891490312,10.7022545046,3.40663341327,nan,nan,fm^4 / MeV
e2k0_diagonal,cosine_6,11.7667321155,-231.317595386,15.1909562129,4.83543154315,nan,nan,fm^4 / MeV
e2k0_diagonal,cosine_6,11.8441448268,-245.256821766,21.7027432698,6.9081977401,nan,nan,fm^4 / MeV
e2k0_diagonal,cosine_6,11.9215575381,-258.181346843,30.363152441,9.66489159769,nan,nan,fm^4 / MeV
e2k0_diagonal,cosine_6,11.9989702494,-269.447349063,41.0946300749,13.0808270219,nan,nan,fm^4 / MeV
e2k0_diagonal,cosine_6,12.0763829606,-278.383553284,53.5636276571,17.0498322231,nan,nan,fm^4 / MeV
e2k0_diagonal,cosine_6,12.1537956719,-284.399476388,67.1667809756,21.3798504077,nan,nan,fm^4 / MeV
e2k0_diagonal,cosine_6,12.2312083832,-287.096246707,81.0629927337,25.8031519908,nan,nan,fm^4 / MeV
e2k0_diagonal,cosine_6,12.3086210945,-286.360496355,94.2506312816,30.000907716,nan,nan,fm^4 / MeV
e2k0_diagonal,cosine_6,12.3860338058,-282.422989445,105.680594937,33.6391781463,nan,nan,fm^4 / MeV
e2k0_diagonal,cosine_6,12.4634465171,-275.868640615,114.388430651,36.4109683411,nan,nan,fm^4 / MeV
e2k0_diagonal,cosine_6,12.5408592284,-267.592760884,119.62384808,38.0774534673,nan,nan,fm^4 / MeV
e2k0_diagonal,cosine_6,12.6182719396,-258.708226546,120.955198416,38.5012354413,nan,nan,fm^4 / MeV
e2k0_diagonal,cosine_6,12.6956846509,-250.417721162,118.330285156,37.6656996001,nan,nan,fm^4 / MeV
e2k0_diagonal,cosine_6,12.7730973622,-243.872108471,112.082657285,35.6770178836,nan,nan,fm^4 / MeV
e2k0_diagonal,cosine_6,12.8505100735,-240.038707356,102.882720892,32.7485871774,nan,nan,fm^4 / MeV
e2k0_diagonal,cosine_6,12.9279227848,-239.601055114,91.6433686403,29.1709902414,nan,nan,fm^4 / MeV
e2k0_diagonal,cosine_6,13.0053354961,-242.905115913,79.3980461942,25.2731830473,nan,nan,fm^4 / MeV
e2k0_diagonal,cosine_6,13.0827482074,-249.95734012,67.1734163376,21.381962509,nan,nan,fm^4 / MeV
e2k0_diagonal,cosine_6,13.1601609186,-260.469729019,55.8781645207,17.7865721887,nan,nan,fm^4 / MeV
e2k0_diagonal,cosine_6,13.2375736299,-273.938476001,46.224309738,14.7136547716,nan,nan,fm^4 / MeV
e2k0_diagonal,cosine_6,13.3149863412,-289.737762146,38.6890359504,12.3151026299,nan,nan,fm^4 / MeV
e2k0_diagonal,cosine_6,13.3923990525,-307.209882622,33.5156768721,10.6683712905,nan,nan,fm^4 / MeV
e2k0_diagonal,cosine_6,13.4698117638,-325.73691053,30.7444055143,9.78624822006,nan,nan,fm^4 / MeV
e2k0_diagonal,cosine_6,13.5472244751,-344.786297161,30.2583451873,9.63153041269,nan,nan,fm^4 / MeV
e2k0_diagonal,cosine_6,13.6246371864,-363.931112642,31.8302980878,10.1318985615,nan,nan,fm^4 / MeV
e2k0_diagonal,cosine_6,13.7020498977,-382.852743476,35.1589986242,11.1914568504,nan,nan,fm^4 / MeV
e2k0_diagonal,cosine_6,13.7794626089,-401.337818028,39.8905219239,12.6975474934,nan,nan,fm^4 / MeV
e2k0_diagonal,cosine_6,13.8568753202,-419.280823707,45.6281566073,14.5238933364,nan,nan,fm^4 / MeV
e2k0_diagonal,cosine_6,13.9342880315,-436.69939145,51.9403132583,16.5331152016,nan,nan,fm^4 / MeV
e2k0_diagonal,cosine_6,14.0117007428,-453.761854538,58.3788307615,18.5825589752,nan,nan,fm^4 / MeV
e2k0_diagonal,cosine_6,14.0891134541,-470.818677028,64.518214853,20.5367856266,nan,nan,fm^4 / MeV
e2k0_diagonal,cosine_6,14.1665261654,-488.423308761,70.0200588425,22.2880769607,nan,nan,fm^4 / MeV
e2k0_diagonal,cosine_6,14.2439388767,-507.326234492,74.7177106566,23.783385975,nan,nan,fm^4 / MeV
e2k0_diagonal,cosine_6,14.3213515879,-528.429666321,78.7068149504,25.0531573087,nan,nan,fm^4 / MeV
e2k0_diagonal,cosine_6,14.3987642992,-552.699142403,82.4207698267,26.2353458627,nan,nan,fm^4 / MeV
e2k0_diagonal,cosine_6,14.4761770105,-581.04021605,86.6690521408,27.5876161226,nan,nan,fm^4 / MeV
e2k0_diagonal,cosine_6,14.5535897218,-614.160098512,92.6221079231,29.4825326311,nan,nan,fm^4 / MeV
e2k0_diagonal,cosine_6,14.6310024331,-652.441712009,101.738425352,32.3843465944,nan,nan,fm^4 / MeV
e2k0_diagonal,cosine_6,14.7084151444,-695.857912626,115.644740206,36.8108640926,nan,nan,fm^4 / MeV
e2k0_diagonal,cosine_6,14.7858278557,-743.945235147,135.994682225,43.2884518205,nan,nan,fm^4 / MeV
e2k0_diagonal,cosine_6,14.8632405669,-795.84055227,164.339659898,52.3109384375,nan,nan,fm^4 / MeV
e2k0_diagonal,cosine_6,14.9406532782,-850.36438866,202.044482896,64.3127563548,nan,nan,fm^4 / MeV
e2k0_diagonal,cosine_6,15.0180659895,-906.11712264,250.267658544,79.6626699065,nan,nan,fm^4 / MeV
e2k0_diagonal,cosine_6,15.0954787008,-961.545255438,310.004396049,98.6774640227,nan,nan,fm^4 / MeV
e2k0_diagonal,cosine_6,15.1728914121,-1014.93916639,382.16448873,121.646734911,nan,nan,fm^4 / MeV
e2k0_diagonal,cosine_6,15.2503041234,-1064.34281611,467.635205435,148.852909018,nan,nan,fm^4 / MeV
e2k0_diagonal,cosine_6,15.3277168347,-1107.3867629,567.269285588,180.567421731,nan,nan,fm^4 / MeV
e2k0_diagonal,cosine_6,15.4051295459,-1141.0912834,681.746156465,217.00654147,nan,nan,fm^4 / MeV
e2k0_diagonal,cosine_6,15.4825422572,-1161.71606771,811.282219751,258.239151032,nan,nan,fm^4 / MeV
e2k0_diagonal,cosine_6,15.5599549685,-1164.74631703,955.209391991,304.052592846,nan,nan,fm^4 / MeV
e2k0_diagonal,cosine_6,15.6373676798,-1145.09438661,1111.49041746,353.798388275,nan,nan,fm^4 / MeV
e2k0_diagonal,cosine_6,15.7147803911,-1097.5593144,1276.28160194,406.253051451,nan,nan,fm^4 / MeV
e2k0_diagonal,cosine_6,15.7921931024,-1017.5287625,1443.67505163,459.536041371,nan,nan,fm^4 / MeV
e2k0_diagonal,cosine_6,15.8696058137,-901.840978947,1605.74331456,511.123971697,nan,nan,fm^4 / MeV
e2k0_diagonal,cosine_6,15.947018525,-749.664667657,1752.96647395,557.986558808,nan,nan,fm^4 / MeV
e2k0_diagonal,cosine_6,16.0244312362,-563.218871906,1875.05084525,596.847221141,nan,nan,fm^4 / MeV
e2k0_diagonal,cosine_6,16.1018439475,-348.155772383,1962.06325127,624.544130198,nan,nan,fm^4 / MeV
e2k0_diagonal,cosine_6,16.1792566588,-113.471363477,2005.72451294,638.441941431,nan,nan,fm^4 / MeV
e2k0_diagonal,cosine_6,16.2566693701,129.112978748,2000.65021905,636.82674352,nan,nan,fm^4 / MeV
e2k0_diagonal,cosine_6,16.3340820814,366.255711336,1945.31163586,619.211925402,nan,nan,fm^4 / MeV
e2k0_diagonal,cosine_6,16.4114947927,584.445304571,1842.52175727,586.492890848,nan,nan,fm^4 / MeV
e2k0_diagonal,cosine_6,16.488907504,771.576395342,1699.32702792,540.912592846,nan,nan,fm^4 / MeV
e2k0_diagonal,cosine_6,16.5663202152,918.396436252,1526.2897796,485.833126029,nan,nan,fm^4 / MeV
e2k0_diagonal,cosine_6,16.6437329265,1019.58114898,1336.2581997,425.344195459,nan,nan,fm^4 / MeV
e2k0_diagonal,cosine_6,16.7211456378,1074.25940901,1142.8158005,363.769567385,nan,nan,fm^4 / MeV
e2k0_diagonal,cosine_6,16.7985583491,1085.90627556,958.660505129,305.151116276,nan,nan,fm^4 / MeV
e2k0_diagonal,cosine_6,16.8759710604,1061.63599218,794.172583006,252.792984507,nan,nan,fm^4 / MeV
e2k0_diagonal,cosine_6,16.9533837717,1011.03118052,656.389786864,208.935358349,nan,nan,fm^4 / MeV
e2k0_diagonal,cosine_6,17.030796483,944.71899426,548.527190393,174.601627543,nan,nan,fm^4 / MeV
e2k0_diagonal,cosine_6,17.1082091942,872.935925535,470.076686226,149.63005649,nan,nan,fm^4 / MeV
e2k0_diagonal,cosine_6,17.1856219055,804.306640645,417.418833649,132.86854143,nan,nan,fm^4 / MeV
e2k0_diagonal,cosine_6,17.2630346168,745.00537291,384.798162458,122.485059296,nan,nan,fm^4 / MeV
e2k0_diagonal,cosine_6,17.3404473281,698.385778909,365.466549966,116.331615924,nan,nan,fm^4 / MeV
e2k0_diagonal,cosine_6,17.4178600394,665.075591464,352.79358803,112.297686852,nan,nan,fm^4 / MeV
e2k0_diagonal,cosine_6,17.4952727507,643.454187097,341.174524545,108.599224077,nan,nan,fm^4 / MeV
e2k0_diagonal,cosine_6,17.572685462,630.378143723,326.624618033,103.967844991,nan,nan,fm^4 / MeV
e2k0_diagonal,cosine_6,17.6500981732,621.998840609,307.018703475,97.7270885593,nan,nan,fm^4 / MeV
e2k0_diagonal,cosine_6,17.7275108845,614.526460285,282.001241571,89.763783108,nan,nan,fm^4 / MeV
e2k0_diagonal,cosine_6,17.8049235958,604.829417543,252.642948328,80.4187481275,nan,nan,fm^4 / MeV
e2k0_diagonal,cosine_6,17.8823363071,590.806494774,220.948286167,70.3300238223,nan,nan,fm^4 / MeV
e2k0_diagonal,cosine_6,17.9597490184,571.519191766,189.322447586,60.2632067432,nan,nan,fm^4 / MeV
e2k0_diagonal,cosine_6,18.0371617297,547.114171893,160.090786862,50.9584801452,nan,nan,fm^4 / MeV
e2k0_diagonal,cosine_6,18.114574441,518.593900333,135.134994394,43.014804685,nan,nan,fm^4 / MeV
e2k0_diagonal,cosine_6,18.1919871523,487.505451203,115.676788286,36.8210653135,nan,nan,fm^4 / MeV
e2k0_diagonal,cosine_6,18.2693998635,455.614529557,102.208793459,32.5340694128,nan,nan,fm^4 / MeV
e2k0_diagonal,cosine_6,18.3468125748,424.618065185,94.5486949045,30.0957843139,nan,nan,fm^4 / MeV
e2k0_diagonal,cosine_6,18.4242252861,395.929430354,91.9790913735,29.2778541064,nan,nan,fm^4 / MeV
e2k0_diagonal,cosine_6,18.5016379974,370.55031897,93.4316277533,29.7402107961,nan,nan,fm^4 / MeV
e2k0_diagonal,cosine_6,18.5790507087,349.026338386,97.678007298,31.0918753857,nan,nan,fm^4 / MeV
e2k0_diagonal,cosine_6,18.65646342,331.471550532,103.499495136,32.9449125167,nan,nan,fm^4 / MeV
e2k0_diagonal,cosine_6,18.7338761313,317.641133019,109.817531249,34.9560058729,nan,nan,fm^4 / MeV
e2k0_diagonal,cosine_6,18.8112888425,307.030368205,115.778586881,36.8534688126,nan,nan,fm^4 / MeV
e2k0_diagonal,cosine_6,18.8887015538,298.980926743,120.794762566,38.450167124,nan,nan,fm^4 / MeV
e2k0_diagonal,cosine_6,18.9661142651,292.780251035,124.547067083,39.6445627476,nan,nan,fm^4 / MeV
e2k0_diagonal,cosine_6,19.0435269764,287.745240675,126.960828109,40.4128867451,nan,nan,fm^4 / MeV
e2k0_diagonal,cosine_6,19.1209396877,283.286231149,128.162804808,40.7954878113,nan,nan,fm^4 / MeV
e2k0_diagonal,cosine_6,19.198352399,278.95074068,128.428134379,40.8799448369,nan,nan,fm^4 / MeV
e2k0_diagonal,cosine_6,19.2757651103,274.448413233,128.123152447,40.782866073,nan,nan,fm^4 / MeV
e2k0_diagonal,cosine_6,19.3531778215,269.659189037,127.648167452,40.6316736533,nan,nan,fm^4 / MeV
e2k0_diagonal,cosine_6,19.4305905328,264.626456302,127.382976642,40.5472607967,nan,nan,fm^4 / MeV
e2k0_diagonal,cosine_6,19.5080032441,259.536384655,127.637492801,40.6282758063,nan,nan,fm^4 / MeV
e2k0_diagonal,cosine_6,19.5854159554,254.684390231,128.610176317,40.9378905857,nan,nan,fm^4 / MeV
e2k0_diagonal,cosine_6,19.6628286667,250.430131971,130.357630968,41.4941226767,nan,nan,fm^4 / MeV
e2k0_diagonal,cosine_6,19.740241378,247.143693969,132.779168712,42.2649220804,nan,nan,fm^4 / MeV
e2k0_diagonal,cosine_6,19.8176540893,245.147443859,135.619842568,43.169136652,nan,nan,fm^4 / MeV
e2k0_diagonal,cosine_6,19.8950668005,244.659962919,138.494042553,44.0840229223,nan,nan,fm^4 / MeV
e2k0_diagonal,cosine_6,19.9724795118,245.749760321,140.929225344,44.8591656793,nan,nan,fm^4 / MeV
e2k0_diagonal,cosine_6,20.0498922231,248.30658987,142.426052513,45.3356205652,nan,nan,fm^4 / MeV
e2k0_diagonal,cosine_6,20.1273049344,252.036694115,142.527809863,45.3680109356,nan,nan,fm^4 / MeV
e2k0_diagonal,cosine_6,20.2047176457,256.485198723,140.889299898,44.8464570149,nan,nan,fm^4 / MeV
e2k0_diagonal,cosine_6,20.282130357,261.084592364,137.334219462,43.7148397662,nan,nan,fm^4 / MeV
e2k0_diagonal,cosine_6,20.3595430683,265.223544063,131.89086453,41.9821660772,nan,nan,fm^4 / MeV
e2k0_diagonal,cosine_6,20.4369557796,268.326217921,124.798921601,39.7247305308,nan,nan,fm^4 / MeV
e2k0_diagonal,cosine_6,20.5143684908,269.929692106,116.484697364,37.0782307601,nan,nan,fm^4 / MeV
e2k0_diagonal,cosine_6,20.5917812021,269.746744352,107.507568328,34.2207218385,nan,nan,fm^4 / MeV
e2k0_diagonal,cosine_6,20.6691939134,267.703341127,98.4856186115,31.348946051,nan,nan,fm^4 / MeV
e2k0_diagonal,cosine_6,20.7466066247,263.944344114,90.0122975402,28.6518041852,nan,nan,fm^4 / MeV
e2k0_diagonal,cosine_6,20.824019336,258.806437552,82.5776449592,26.2852807683,nan,nan,fm^4 / MeV
e2k0_diagonal,cosine_6,20.9014320473,252.762997613,76.5068256609,24.3528789684,nan,nan,fm^4 / MeV
e2k0_diagonal,cosine_6,20.9788447586,246.350432696,71.9255453578,22.8946121566,nan,nan,fm^4 / MeV
e2k0_diagonal,cosine_6,21.0562574698,240.088485744,68.7570445265,21.8860470175,nan,nan,fm^4 / MeV
e2k0_diagonal,cosine_6,21.1336701811,234.407575472,66.7497791113,21.2471145917,nan,nan,fm^4 / MeV
e2k0_diagonal,cosine_6,21.2110828924,229.594439177,65.5297065985,20.858753449,nan,nan,fm^4 / MeV
e2k0_diagonal,cosine_6,21.2884956037,225.763592381,64.6672786506,20.5842341071,nan,nan,fm^4 / MeV
e2k0_diagonal,cosine_6,21.365908315,222.8572711,63.7474400083,20.2914403736,nan,nan,fm^4 / MeV
e2k0_diagonal,cosine_6,21.4433210263,220.671565858,62.4313419776,19.8725133592,nan,nan,fm^4 / MeV
e2k0_diagonal,cosine_6,21.5207337376,218.90233006,60.5008361015,19.2580142535,nan,nan,fm^4 / MeV
e2k0_diagonal,cosine_6,21.5981464488,217.201836296,57.8804963647,18.4239342101,nan,nan,fm^4 / MeV
e2k0_diagonal,cosine_6,21.6755591601,215.236381314,54.636106308,17.3912127804,nan,nan,fm^4 / MeV
e2k0_diagonal,cosine_6,21.7529718714,212.736026288,50.9524154584,16.2186575654,nan,nan,fm^4 / MeV
e2k0_diagonal,cosine_6,21.8303845827,209.529993289,47.0958592597,14.9910776007,nan,nan,fm^4 / MeV
e2k0_diagonal,cosine_6,21.907797294,205.564306542,43.3694724107,13.8049318269,nan,nan,fm^4 / MeV
e2k0_diagonal,cosine_6,21.9852100053,200.901406202,40.067352093,12.7538342844,nan,nan,fm^4 / MeV
e2k0_diagonal,cosine_6,22.0626227166,195.704110567,37.4349723362,11.9159217836,nan,nan,fm^4 / MeV
e2k0_diagonal,cosine_6,22.1400354278,190.208099035,35.639826953,11.344509261,nan,nan,fm^4 / MeV
e2k0_diagonal,cosine_6,22.2174481391,184.687913712,34.7547613901,11.0627841424,nan,nan,fm^4 / MeV
e2k0_diagonal,cosine_6,22.2948608504,179.421430993,34.7543633776,11.0626574511,nan,nan,fm^4 / MeV
e2k0_diagonal,cosine_6,22.3722735617,174.657079738,35.5232005766,11.3073859324,nan,nan,fm^4 / MeV
e2k0_diagonal,cosine_6,22.449686273,170.587073966,36.8736334949,11.7372420809,nan,nan,fm^4 / MeV
e2k0_diagonal,cosine_6,22.5270989843,167.328841372,38.5703581161,12.277326302,nan,nan,fm^4 / MeV
e2k0_diagonal,cosine_6,22.6045116956,164.915823834,40.3586192319,12.8465474942,nan,nan,fm^4 / MeV
e2k0_diagonal,cosine_6,22.6819244068,163.29795086,41.9930400025,13.3667997837,nan,nan,fm^4 / MeV
e2k0_diagonal,cosine_6,22.7593371181,162.351306026,43.2641397414,13.7714033969,nan,nan,fm^4 / MeV
e2k0_diagonal,cosine_6,22.8367498294,161.895755128,44.019842836,14.0119511629,nan,nan,fm^4 / MeV
e2k0_diagonal,cosine_6,22.9141625407,161.718548913,44.1796713168,14.0628261485,nan,nan,fm^4 / MeV
e2k0_diagonal,cosine_6,22.991575252,161.601191872,43.7399464104,13.9228573636,nan,nan,fm^4 / MeV
e2k0_diagonal,cosine_6,23.0689879633,161.346301479,42.76925639,13.6138771337,nan,nan,fm^4 / MeV
e2k0_diagonal,cosine_6,23.1464006746,160.800940278,41.3946525911,13.1763271549,nan,nan,fm^4 / MeV
e2k0_diagonal,cosine_6,23.2238133859,159.873148683,39.7803763696,12.6624870746,nan,nan,fm^4 / MeV
e2k0_diagonal,cosine_6,23.3012260971,158.539224999,38.1021635569,12.1282953452,nan,nan,fm^4 / MeV
e2k0_diagonal,cosine_6,23.3786388084,156.840646797,36.5210404642,11.6250082335,nan,nan,fm^4 / MeV
e2k0_diagonal,cosine_6,23.4560515197,154.871212511,35.1607689674,11.1920203682,nan,nan,fm^4 / MeV
e2k0_diagonal,cosine_6,23.533464231,152.756692149,34.0925806295,10.8520054599,nan,nan,fm^4 / MeV
e2k0_diagonal,cosine_6,23.6108769423,150.630647962,33.3295907578,10.6091382407,nan,nan,fm^4 / MeV
e2k0_diagonal,cosine_6,23.6882896536,148.61079691,32.831512072,10.4505948709,nan,nan,fm^4 / MeV
e2k0_diagonal,cosine_6,23.7657023649,146.780143272,32.5183462053,10.3509110795,nan,nan,fm^4 / MeV
e2k0_diagonal,cosine_6,23.8431150761,145.176107433,32.2900346393,10.2782372509,nan,nan,fm^4 / MeV
e2k0_diagonal,cosine_6,23.9205277874,143.78921288,32.0479756409,10.2011874787,nan,nan,fm^4 / MeV
e2k0_diagonal,cosine_6,23.9979404987,142.57092522,31.7141032018,10.0949125806,nan,nan,fm^4 / MeV
e2k0_diagonal,cosine_6,24.07535321,141.448398682,31.2439233503,9.94524968557,nan,nan,fm^4 / MeV
e2k0_diagonal,cosine_6,24.1527659213,140.342582138,30.6313469457,9.75026055994,nan,nan,fm^4 / MeV
e2k0_diagonal,cosine_6,24.2301786326,139.185646641,29.9050093868,9.51906013425,nan,nan,fm^4 / MeV
e2k0_diagonal,cosine_6,24.3075913439,137.934104967,29.1176012883,9.26842035202,nan,nan,fm^4 / MeV
e2k0_diagonal,cosine_6,24.3850040551,136.575176174,28.3311397284,9.01808186242,nan,nan,fm^4 / MeV
e2k0_diagonal,cosine_6,24.4624167664,135.125605556,27.601789082,8.78592234115,nan,nan,fm^4 / MeV
e2k0_diagonal,cosine_6,24.5398294777,133.623885293,26.9676748564,8.5840775142,nan,nan,fm^4 / MeV
e2k0_diagonal,cosine_6,24.617242189,132.118236141,26.4422047533,8.41681518547,nan,nan,fm^4 / MeV
e2k0_diagonal,cosine_6,24.6946549003,130.653501118,26.0139719699,8.28050445694,nan,nan,fm^4 / MeV
e2k0_diagonal,cosine_6,24.7720676116,129.260124028,25.652724533,8.16551582642,nan,nan,fm^4 / MeV
e2k0_diagonal,cosine_6,24.8494803229,127.947679474,25.3195144334,8.05945175754,nan,nan,fm^4 / MeV
e2k0_diagonal,cosine_6,24.9268930341,126.704193255,24.9782921851,7.95083734251,nan,nan,fm^4 / MeV
e2k0_diagonal,cosine_6,25.0043057454,125.501056741,24.6060485279,7.83234850634,nan,nan,fm^4 / MeV
e2k0_diagonal,cosine_6,25.0817184567,124.302038939,24.1991200496,7.70281914875,nan,nan,fm^4 / MeV
e2k0_diagonal,cosine_6,25.159131168,123.074025144,23.774308174,7.56759732897,nan,nan,fm^4 / MeV
e2k0_diagonal,cosine_6,25.2365438793,121.796834843,23.3647411732,7.43722810356,nan,nan,fm^4 / MeV
e2k0_diagonal,cosine_6,25.3139565906,120.469817946,23.0116275106,7.3248285338,nan,nan,fm^4 / MeV
e2k0_diagonal,cosine_6,25.3913693019,119.113776874,22.7539320289,7.24280151437,nan,nan,fm^4 / MeV
e2k0_diagonal,cosine_6,25.4687820132,117.767885219,22.6183767728,7.19965293622,nan,nan,fm^4 / MeV
e2k0_diagonal,cosine_6,25.5461947244,116.482398079,22.6119787398,7.19761637905,nan,nan,fm^4 / MeV
e2k0_diagonal,cosine_6,25.6236074357,115.308822073,22.7186725543,7.231578075,nan,nan,fm^4 / MeV
e2k0_diagonal,cosine_6,25.701020147,114.289660131,22.900613434,7.2894916557,nan,nan,fm^4 / MeV
e2k0_diagonal,cosine_6,25.7784328583,113.44980554,23.1037507475,7.35415227084,nan,nan,fm^4 / MeV
e2k0_diagonal,cosine_6,25.8558455696,112.791186475,23.26643037,7.40593480298,nan,nan,fm^4 / MeV
e2k0_diagonal,cosine_6,25.9332582809,112.291504235,23.3292877317,7.42594292261,nan,nan,fm^4 / MeV
e2k0_diagonal,cosine_6,26.0106709922,111.907061364,23.2446010327,7.3989863091,nan,nan,fm^4 / MeV
e2k0_diagonal,cosine_6,26.0880837034,111.578931442,22.9835534587,7.31589228553,nan,nan,fm^4 / MeV
e2k0_diagonal,cosine_6,26.1654964147,111.241222382,22.5403921948,7.17482967406,nan,nan,fm^4 / MeV
e2k0_diagonal,cosine_6,26.242909126,110.82999394,21.9331165424,6.98152783028,nan,nan,fm^4 / MeV
e2k0_diagonal,cosine_6,26.3203218373,110.29149028,21.2009257784,6.74846427152,nan,nan,fm^4 / MeV
e2k0_diagonal,cosine_6,26.3977345486,109.588658452,20.3990979599,6.49323454987,nan,nan,fm^4 / MeV
e2k0_diagonal,cosine_6,26.4751472599,108.705330666,19.5922036609,6.23639211739,nan,nan,fm^4 / MeV
e2k0_diagonal,cosine_6,26.5525599712,107.647844357,18.8465962822,5.99905791754,nan,nan,fm^4 / MeV
e2k0_diagonal,cosine_6,26.6299726824,106.444185295,18.2230212368,5.8005678158,nan,nan,fm^4 / MeV
e2k0_diagonal,cosine_6,26.7073853937,105.140939407,17.7700255258,5.6563748026,nan,nan,fm^4 / MeV
e2k0_diagonal,cosine_6,26.784798105,103.798446669,17.5186911429,5.5763725838,nan,nan,fm^4 / MeV
e2k0_diagonal,cosine_6,26.8622108163,102.484609969,17.4790928726,5.56376806288,nan,nan,fm^4 / MeV
e2k0_diagonal,cosine_6,26.9396235276,101.267869179,17.6387884109,5.61460073151,nan,nan,fm^4 / MeV
e2k0_diagonal,cosine_6,27.0170362389,100.20993086,17.9635531393,5.71797655521,nan,nan,fm^4 / MeV
e2k0_diagonal,cosine_6,27.0944489502,99.3589394177,18.400431817,5.85703935741,nan,nan,fm^4 / MeV
e2k0_diagonal,cosine_6,27.1718616614,98.7438471128,18.8829679364,6.01063537466,nan,nan,fm^4 / MeV
e2k0_diagonal,cosine_6,27.2492743727,98.3707334576,19.3381932812,6.15553810235,nan,nan,fm^4 / MeV
e2k0_diagonal,cosine_6,27.326687084,98.2216907959,19.6946573396,6.2690041362,nan,nan,fm^4 / MeV
e2k0_diagonal,cosine_6,27.4040997953,98.2566127011,19.8905191801,6.33134889635,nan,nan,fm^4 / MeV
e2k0_diagonal,cosine_6,27.4815125066,98.4178181702,19.8805921501,6.32818902456,nan,nan,fm^4 / MeV
e2k0_diagonal,cosine_6,27.5589252179,98.6369835966,19.6412862517,6.25201559128,nan,nan,fm^4 / MeV
e2k0_diagonal,cosine_6,27.6363379292,98.8434318218,19.1726568227,6.10284621106,nan,nan,fm^4 / MeV
e2k0_diagonal,cosine_6,27.7137506405,98.9725441793,18.4972120617,5.88784546609,nan,nan,fm^4 / MeV
e2k0_diagonal,cosine_6,27.7911633517,98.9729957371,17.6556774465,5.6199766785,nan,nan,fm^4 / MeV
e2k0_diagonal,cosine_6,27.868576063,98.8116983501,16.7004509331,5.31591863572,nan,nan,fm^4 / MeV
e2k0_diagonal,cosine_6,27.9459887743,98.4757452754,15.6878918652,4.99361107407,nan,nan,fm^4 / MeV
e2k0_diagonal,cosine_6,28.0234014856,97.9712050413,14.6707753955,4.66985284638,nan,nan,fm^4 / MeV
e2k0_diagonal,cosine_6,28.1008141969,97.3191944412,13.6921677416,4.35835235543,nan,nan,fm^4 / MeV
e2k0_diagonal,cosine_6,28.1782269082,96.5501455688,12.7816511139,4.06852591132,nan,nan,fm^4 / MeV
e2k0_diagonal,cosine_6,28.2556396195,95.6974660431,11.9543235926,3.80517938215,nan,nan,fm^4 / MeV
e2k0_diagonal,cosine_6,28.3330523307,94.791818025,11.2124315423,3.56902780807,nan,nan,fm^4 / MeV
e2k0_diagonal,cosine_6,28.410465042,93.8570133142,10.5489858908,3.35784649826,nan,nan,fm^4 / MeV
e2k0_diagonal,cosine_6,28.4878777533,92.9080998681,9.95237667095,3.16793988539,nan,nan,fm^4 / MeV
e2k0_diagonal,cosine_6,28.5652904646,91.9517026424,9.41089780928,2.99558181056,nan,nan,fm^4 / MeV
e2k0_diagonal,cosine_6,28.6427031759,90.9881979343,8.9162346279,2.8381256296,nan,nan,fm^4 / MeV
e2k0_diagonal,cosine_6,28.7201158872,90.0149517421,8.46530195418,2.69458930155,nan,nan,fm^4 / MeV
e2k0_diagonal,cosine_6,28.7975285985,89.0297078789,8.06026086713,2.56566071923,nan,nan,fm^4 / MeV
e2k0_diagonal,cosine_6,28.8749413097,88.0332876622,7.70697815688,2.45320733994,nan,nan,fm^4 / MeV
e2k0_diagonal,cosine_6,28.952354021,87.0310240675,7.41252419965,2.35947973433,nan,nan,fm^4 / MeV
e2k0_diagonal,cosine_6,29.0297667323,86.0327223755,7.18246374683,2.28624921777,nan,nan,fm^4 / MeV
e2k0_diagonal,cosine_6,29.1071794436,85.0513198848,7.01865792379,2.23410820489,nan,nan,fm^4 / MeV
e2k0_diagonal,cosine_6,29.1845921549,84.1007173662,6.91809076557,2.2020966842,nan,nan,fm^4 / MeV
e2k0_diagonal,cosine_6,29.2620048662,83.193409555,6.87292470444,2.18771988042,nan,nan,fm^4 / MeV
e2k0_diagonal,cosine_6,29.3394175775,82.3385267688,6.87166137178,2.18731774915,nan,nan,fm^4 / MeV
e2k0_diagonal,cosine_6,29.4168302887,81.5407339669,6.90101938703,2.19666269564,nan,nan,fm^4 / MeV
e2k0_diagonal,cosine_6,29.494243,80.800172141,6.94799951548,2.21161693498,nan,nan,fm^4 / MeV
e2k0_diagonal,cosine_6,29.5716557113,80.113344058,7.00161401768,2.22868296107,nan,nan,fm^4 / MeV
e2k0_diagonal,cosine_6,29.6490684226,79.4746156239,7.05389640893,2.24532496308,nan,nan,fm^4 / MeV
e2k0_diagonal,cosine_6,29.7264811339,78.8778798875,7.10003291284,2.26001066839,nan,nan,fm^4 / MeV
e2k0_diagonal,cosine_6,29.8038938452,78.3179358254,7.13770220613,2.27200117685,nan,nan,fm^4 / MeV
e2k0_diagonal,cosine_6,29.8813065565,77.791256251,7.16591007331,2.28098001984,nan,nan,fm^4 / MeV
e2k0_diagonal,cosine_6,29.9587192678,77.2960166904,7.18371156847,2.28664641174,nan,nan,fm^4 / MeV
q00_from_e2k0,gamma_1,0,-29.2228291998,0,0,nan,nan,fm^4 / MeV
q00_from_e2k0,gamma_1,0.0774127112862,-29.2855294501,-0.4110921376,-0.130854691531,nan,nan,fm^4 / MeV
q00_from_e2k0,gamma_1,0.154825422572,-29.4678786646,-0.784375370387,-0.249674434873,nan,nan,fm^4 / MeV
q00_from_e2k0,gamma_1,0.232238133859,-29.7518113076,-1.08435487517,-0.345160876897,nan,nan,fm^4 / MeV
q00_from_e2k0,gamma_1,0.309650845145,-30.1060165653,-1.28260345632,-0.4082653602,nan,nan,fm^4 / MeV
q00_from_e2k0,gamma_1,0.387063556431,-30.4881704431,-1.36486825477,-0.434451058832,nan,nan,fm^4 / MeV
q00_from_e2k0,gamma_1,0.464476267717,-30.8525851762,-1.33727180821,-0.425666837068,nan,nan,fm^4 / MeV
q00_from_e2k0,gamma_1,0.541888979003,-31.162089896,-1.22701956195,-0.390572457109,nan,nan,fm^4 / MeV
q00_from_e2k0,gamma_1,0.619301690289,-31.3993257735,-1.07492488877,-0.342159219001,nan,nan,fm^4 / MeV
q00_from_e2k0,gamma_1,0.696714401576,-31.5714431393,-0.921424707337,-0.293298593719,nan,nan,fm^4 / MeV
q00_from_e2k0,gamma_1,0.774127112862,-31.7046967622,-0.792009430539,-0.252104431691,nan,nan,fm^4 / MeV
q00_from_e2k0,gamma_1,0.851539824148,-31.8305865117,-0.689309239214,-0.21941394548,nan,nan,fm^4 / MeV
q00_from_e2k0,gamma_1,0.928952535434,-31.9700762661,-0.596228455571,-0.189785411832,nan,nan,fm^4 / MeV
q00_from_e2k0,gamma_1,1.00636524672,-32.1240028661,-0.48878443721,-0.155584918577,nan,nan,fm^4 / MeV
q00_from_e2k0,gamma_1,1.08377795801,-32.2747982059,-0.351881711423,-0.112007427513,nan,nan,fm^4 / MeV
q00_from_e2k0,gamma_1,1.16119066929,-32.3985277022,-0.189391275152,-0.0602851152377,nan,nan,fm^4 / MeV
q00_from_e2k0,gamma_1,1.23860338058,-32.480423992,-0.0229241226502,-0.00729697487164,nan,nan,fm^4 / MeV
q00_from_e2k0,gamma_1,1.31601609186,-32.5250078627,0.119953027868,0.038182234648,nan,nan,fm^4 / MeV
q00_from_e2k0,gamma_1,1.39342880315,-32.5549122583,0.221221266504,0.0704169161624,nan,nan,fm^4 / MeV
q00_from_e2k0,gamma_1,1.47084151444,-32.5990435075,0.282565037083,0.0899432447934,nan,nan,fm^4 / MeV
q00_from_e2k0,gamma_1,1.54825422572,-32.676974562,0.324164275273,0.103184693567,nan,nan,fm^4 / MeV
q00_from_e2k0,gamma_1,1.62566693701,-32.7887565898,0.372756630942,0.118652120769,nan,nan,fm^4 / MeV
q00_from_e2k0,gamma_1,1.7030796483,-32.9162138251,0.445975812268,0.141958510044,nan,nan,fm^4 / MeV
q00_from_e2k0,gamma_1,1.78049235958,-33.0350066381,0.54226530002,0.172608405931,nan,nan,fm^4 / MeV
q00_from_e2k0,gamma_1,1.85790507087,-33.1302941728,0.642432584126,0.204492642734,nan,nan,fm^4 / MeV
q00_from_e2k0,gamma_1,1.93531778215,-33.2065773729,0.721984009349,0.229814647842,nan,nan,fm^4 / MeV
q00_from_e2k0,gamma_1,2.01273049344,-33.2856891697,0.766859641285,0.244099005136,nan,nan,fm^4 / MeV
q00_from_e2k0,gamma_1,2.09014320473,-33.3939892804,0.783011657235,0.249240351495,nan,nan,fm^4 / MeV
q00_from_e2k0,gamma_1,2.16755591601,-33.546405568,0.793842569886,0.252687938068,nan,nan,fm^4 / MeV
q00_from_e2k0,gamma_1,2.2449686273,-33.7370425331,0.826799738677,0.263178530715,nan,nan,fm^4 / MeV
q00_from_e2k0,gamma_1,2.32238133859,-33.9422870951,0.897075191986,0.285547902259,nan,nan,fm^4 / MeV
q00_from_e2k0,gamma_1,2.39979404987,-34.134847089,0.998325789738,0.317776968506,nan,nan,fm^4 / MeV
q00_from_e2k0,gamma_1,2.47720676116,-34.300428386,1.10629422271,0.352144388115,nan,nan,fm^4 / MeV
q00_from_e2k0,gamma_1,2.55461947244,-34.446913424,1.19347738773,0.37989565145,nan,nan,fm^4 / MeV
q00_from_e2k0,gamma_1,2.63203218373,-34.600205848,1.24617134099,0.396668657715,nan,nan,fm^4 / MeV
q00_from_e2k0,gamma_1,2.70944489502,-34.7889028925,1.27350968043,0.40537072143,nan,nan,fm^4 / MeV
q00_from_e2k0,gamma_1,2.7868576063,-35.0268736662,1.30270355228,0.414663419459,nan,nan,fm^4 / MeV
q00_from_e2k0,gamma_1,2.86427031759,-35.3043955414,1.36297525935,0.433848499674,nan,nan,fm^4 / MeV
q00_from_e2k0,gamma_1,2.94168302887,-35.5935972764,1.46770507776,0.467185036253,nan,nan,fm^4 / MeV
q00_from_e2k0,gamma_1,3.01909574016,-35.8653613323,1.60573869945,0.511122502664,nan,nan,fm^4 / MeV
q00_from_e2k0,gamma_1,3.09650845145,-36.1076859036,1.74756228001,0.55626635045,nan,nan,fm^4 / MeV
q00_from_e2k0,gamma_1,3.17392116273,-36.3342337739,1.86311536159,0.593048038696,nan,nan,fm^4 / MeV
q00_from_e2k0,gamma_1,3.25133387402,-36.5773992091,1.94072058647,0.617750548993,nan,nan,fm^4 / MeV
q00_from_e2k0,gamma_1,3.32874658531,-36.8695324888,1.99549856805,0.635186922075,nan,nan,fm^4 / MeV
q00_from_e2k0,gamma_1,3.40615929659,-37.2234093477,2.06163341775,0.656238298556,nan,nan,fm^4 / MeV
q00_from_e2k0,gamma_1,3.48357200788,-37.6239708674,2.17256898814,0.691550187341,nan,nan,fm^4 / MeV
q00_from_e2k0,gamma_1,3.56098471916,-38.0369359863,2.34083844713,0.745112019679,nan,nan,fm^4 / MeV
q00_from_e2k0,gamma_1,3.63839743045,-38.4297288675,2.54998421326,0.811685184693,nan,nan,fm^4 / MeV
q00_from_e2k0,gamma_1,3.71581014174,-38.7923450588,2.76413652663,0.879851983189,nan,nan,fm^4 / MeV
q00_from_e2k0,gamma_1,3.79322285302,-39.1452240908,2.95016716071,0.93906737315,nan,nan,fm^4 / MeV
q00_from_e2k0,gamma_1,3.87063556431,-39.528597472,3.09929536784,0.986536355787,nan,nan,fm^4 / MeV
q00_from_e2k0,gamma_1,3.94804827559,-39.9789814304,3.23468114029,1.02963098561,nan,nan,fm^4 / MeV
q00_from_e2k0,gamma_1,4.02546098688,-40.5067771374,3.39951070888,1.08209786682,nan,nan,fm^4 / MeV
q00_from_e2k0,gamma_1,4.10287369817,-41.0890528256,3.6318973909,1.15606884513,nan,nan,fm^4 / MeV
q00_from_e2k0,gamma_1,4.18028640945,-41.6829793739,3.9415108271,1.25462186277,nan,nan,fm^4 / MeV
q00_from_e2k0,gamma_1,4.25769912074,-42.2528725529,4.3027140806,1.36959642928,nan,nan,fm^4 / MeV
q00_from_e2k0,gamma_1,4.33511183203,-42.7948557042,4.66967855243,1.48640484854,nan,nan,fm^4 / MeV
q00_from_e2k0,gamma_1,4.41252454331,-43.3435503516,5.00563052635,1.59334168312,nan,nan,fm^4 / MeV
q00_from_e2k0,gamma_1,4.4899372546,-43.955305136,5.30902957993,1.68991660134,nan,nan,fm^4 / MeV
q00_from_e2k0,gamma_1,4.56734996588,-44.6767057512,5.62014926377,1.78894907249,nan,nan,fm^4 / MeV
q00_from_e2k0,gamma_1,4.64476267717,-45.5169577868,6.002531624,1.91066515805,nan,nan,fm^4 / MeV
q00_from_e2k0,gamma_1,4.72217538846,-46.441771712,6.50908265241,2.07190535825,nan,nan,fm^4 / MeV
q00_from_e2k0,gamma_1,4.79958809974,-47.3943533407,7.15302581034,2.27687883156,nan,nan,fm^4 / MeV
q00_from_e2k0,gamma_1,4.87700081103,-48.3325625834,7.90266108163,2.51549514944,nan,nan,fm^4 / MeV
q00_from_e2k0,gamma_1,4.95441352232,-49.2601210888,8.70567189788,2.77110143097,nan,nan,fm^4 / MeV
q00_from_e2k0,gamma_1,5.0318262336,-50.2313489156,9.53070917636,3.03371895318,nan,nan,fm^4 / MeV
q00_from_e2k0,gamma_1,5.10923894489,-51.3235057999,10.4019056379,3.31102939968,nan,nan,fm^4 / MeV
q00_from_e2k0,gamma_1,5.18665165617,-52.5906166188,11.4039538721,3.62999125908,nan,nan,fm^4 / MeV
q00_from_e2k0,gamma_1,5.26406436746,-54.0258688024,12.65169646,4.02716006021,nan,nan,fm^4 / MeV
q00_from_e2k0,gamma_1,5.34147707875,-55.5572465009,14.2402916934,4.53282562816,nan,nan,fm^4 / MeV
q00_from_e2k0,gamma_1,5.41888979003,-57.0825349752,16.2068221846,5.15879172497,nan,nan,fm^4 / MeV
q00_from_e2k0,gamma_1,5.49630250132,-58.5245296018,18.5314236671,5.89873535829,nan,nan,fm^4 / MeV
q00_from_e2k0,gamma_1,5.5737152126,-59.869933273,21.1846842368,6.74329442826,nan,nan,fm^4 / MeV
q00_from_e2k0,gamma_1,5.65112792389,-61.1580219808,24.1983065227,7.70256019508,nan,nan,fm^4 / MeV
q00_from_e2k0,gamma_1,5.72854063518,-62.4095807764,27.7144427866,8.82178112904,nan,nan,fm^4 / MeV
q00_from_e2k0,gamma_1,5.80595334646,-63.522240062,31.9700056122,10.1763688477,nan,nan,fm^4 / MeV
q00_from_e2k0,gamma_1,5.88336605775,-64.1865303013,37.1991566094,11.8408593065,nan,nan,fm^4 / MeV
q00_from_e2k0,gamma_1,5.96077876904,-63.8805201869,43.4795206713,13.8399612762,nan,nan,fm^4 / MeV
q00_from_e2k0,gamma_1,6.03819148032,-61.9737051078,50.5849364991,16.1016853796,nan,nan,fm^4 / MeV
q00_from_e2k0,gamma_1,6.11560419161,-57.9224239089,57.9192095618,18.4362570035,nan,nan,fm^4 / MeV
q00_from_e2k0,gamma_1,6.19301690289,-51.4912965533,64.581742583,20.5570071312,nan,nan,fm^4 / MeV
q00_from_e2k0,gamma_1,6.27042961418,-42.9118550901,69.5643831043,22.1430308684,nan,nan,fm^4 / MeV
q00_from_e2k0,gamma_1,6.34784232547,-32.9045989965,72.0212876805,22.9250878844,nan,nan,fm^4 / MeV
q00_from_e2k0,gamma_1,6.42525503675,-22.540405823,71.5166752186,22.7644647491,nan,nan,fm^4 / MeV
q00_from_e2k0,gamma_1,6.50266774804,-12.9809826049,68.1574457636,21.6951888036,nan,nan,fm^4 / MeV
q00_from_e2k0,gamma_1,6.58008045932,-5.18767605718,62.5596467482,19.9133540361,nan,nan,fm^4 / MeV
q00_from_e2k0,gamma_1,6.65749317061,0.298982595602,55.6620216586,17.7177717789,nan,nan,fm^4 / MeV
q00_from_e2k0,gamma_1,6.7349058819,3.43607605624,48.4582681803,15.4247458291,nan,nan,fm^4 / MeV
q00_from_e2k0,gamma_1,6.81231859318,4.59703825051,41.7468299969,13.2884287048,nan,nan,fm^4 / MeV
q00_from_e2k0,gamma_1,6.88973130447,4.3791739027,35.9823458158,11.4535364012,nan,nan,fm^4 / MeV
q00_from_e2k0,gamma_1,6.96714401576,3.38416606554,31.2648696296,9.95191709335,nan,nan,fm^4 / MeV
q00_from_e2k0,gamma_1,7.04455672704,2.05478098103,27.4448307538,8.73596095358,nan,nan,fm^4 / MeV
q00_from_e2k0,gamma_1,7.12196943833,0.615456632352,24.279650968,7.72845293619,nan,nan,fm^4 / MeV
q00_from_e2k0,gamma_1,7.19938214961,-0.886354020092,21.5688029609,6.8655632156,nan,nan,fm^4 / MeV
q00_from_e2k0,gamma_1,7.2767948609,-2.48283625633,19.2180517915,6.11729587843,nan,nan,fm^4 / MeV
q00_from_e2k0,gamma_1,7.35420757219,-4.19194238348,17.225461503,5.48303469048,nan,nan,fm^4 / MeV
q00_from_e2k0,gamma_1,7.43162028347,-5.97125732764,15.6195464223,4.97185604392,nan,nan,fm^4 / MeV
q00_from_e2k0,gamma_1,7.50903299476,-7.73035297174,14.3963281329,4.58249356946,nan,nan,fm^4 / MeV
q00_from_e2k0,gamma_1,7.58644570605,-9.37971365663,13.492264996,4.29472133524,nan,nan,fm^4 / MeV
q00_from_e2k0,gamma_1,7.66385841733,-10.8787678876,12.8029332512,4.07530022601,nan,nan,fm^4 / MeV
q00_from_e2k0,gamma_1,7.74127112862,-12.2526399304,12.2295072731,3.89277306817,nan,nan,fm^4 / MeV
q00_from_e2k0,gamma_1,7.8186838399,-13.5700043329,11.7213881559,3.73103372982,nan,nan,fm^4 / MeV
q00_from_e2k0,gamma_1,7.89609655119,-14.8984618651,11.2893741124,3.5935193888,nan,nan,fm^4 / MeV
q00_from_e2k0,gamma_1,7.97350926248,-16.2656656032,10.9838754843,3.49627615528,nan,nan,fm^4 / MeV
q00_from_e2k0,gamma_1,8.05092197376,-17.6486162179,10.8540450795,3.45494985388,nan,nan,fm^4 / MeV
q00_from_e2k0,gamma_1,8.12833468505,-18.9950108938,10.9140077948,3.47403657898,nan,nan,fm^4 / MeV
q00_from_e2k0,gamma_1,8.20574739633,-20.2608948956,11.1365332924,3.54486864478,nan,nan,fm^4 / MeV
q00_from_e2k0,gamma_1,8.28316010762,-21.4395326963,11.476877334,3.65320351792,nan,nan,fm^4 / MeV
q00_from_e2k0,gamma_1,8.36057281891,-22.5622568657,11.9108726982,3.79134853292,nan,nan,fm^4 / MeV
q00_from_e2k0,gamma_1,8.43798553019,-23.669120845,12.4624224073,3.96691225806,nan,nan,fm^4 / MeV
q00_from_e2k0,gamma_1,8.51539824148,-24.7654285593,13.2011161707,4.2020457858,nan,nan,fm^4 / MeV
q00_from_e2k0,gamma_1,8.59281095277,-25.7893807938,14.2072736101,4.52231564581,nan,nan,fm^4 / MeV
q00_from_e2k0,gamma_1,8.67022366405,-26.6113277062,15.5199387885,4.94014994934,nan,nan,fm^4 / MeV
q00_from_e2k0,gamma_1,8.74763637534,-27.0693509062,17.0933650771,5.44098709219,nan,nan,fm^4 / MeV
q00_from_e2k0,gamma_1,8.82504908662,-27.0277326565,18.7843426208,5.97924196166,nan,nan,fm^4 / MeV
q00_from_e2k0,gamma_1,8.90246179791,-26.4336753385,20.3785199437,6.48668436388,nan,nan,fm^4 / MeV
q00_from_e2k0,gamma_1,8.9798745092,-25.3485582162,21.6463386393,6.89024358857,nan,nan,fm^4 / MeV
q00_from_e2k0,gamma_1,9.05728722048,-23.9416708394,22.4070465018,7.1323844217,nan,nan,fm^4 / MeV
q00_from_e2k0,gamma_1,9.13469993177,-22.4501828239,22.5776304484,7.18668297833,nan,nan,fm^4 / MeV
q00_from_e2k0,gamma_1,9.21211264305,-21.1213205576,22.1917818471,7.06386355397,nan,nan,fm^4 / MeV
q00_from_e2k0,gamma_1,9.28952535434,-20.1564577555,21.3868498901,6.80764575435,nan,nan,fm^4 / MeV
q00_from_e2k0,gamma_1,9.36693806563,-19.6721770616,20.3675833509,6.48320313826,nan,nan,fm^4 / MeV
q00_from_e2k0,gamma_1,9.44435077691,-19.6844507651,19.3601025525,6.16251204001,nan,nan,fm^4 / MeV
q00_from_e2k0,gamma_1,9.5217634882,-20.1141098439,18.5678888892,5.91034259901,nan,nan,fm^4 / MeV
q00_from_e2k0,gamma_1,9.59917619949,-20.8079094068,18.1367921141,5.77312023358,nan,nan,fm^4 / MeV
q00_from_e2k0,gamma_1,9.67658891077,-21.5695838143,18.1319575978,5.77158135926,nan,nan,fm^4 / MeV
q00_from_e2k0,gamma_1,9.75400162206,-22.1967186636,18.5281083145,5.89768004878,nan,nan,fm^4 / MeV
q00_from_e2k0,gamma_1,9.83141433334,-22.5193715032,19.214934446,6.11630359655,nan,nan,fm^4 / MeV
q00_from_e2k0,gamma_1,9.90882704463,-22.4344748875,20.0189462011,6.37222848679,nan,nan,fm^4 / MeV
q00_from_e2k0,gamma_1,9.98623975592,-21.927933078,20.740110821,6.60178231488,nan,nan,fm^4 / MeV
q00_from_e2k0,gamma_1,10.0636524672,-21.0767982264,21.1963221228,6.74699888241,nan,nan,fm^4 / MeV
q00_from_e2k0,gamma_1,10.1410651785,-20.0285946664,21.2639989301,6.76854107924,nan,nan,fm^4 / MeV
q00_from_e2k0,gamma_1,10.2184778898,-18.9626254352,20.9022758049,6.65340103243,nan,nan,fm^4 / MeV
q00_from_e2k0,gamma_1,10.2958906011,-18.0453652756,20.1530170406,6.41490456047,nan,nan,fm^4 / MeV
q00_from_e2k0,gamma_1,10.3733033123,-17.394792286,19.1177887984,6.08538117651,nan,nan,fm^4 / MeV
q00_from_e2k0,gamma_1,10.4507160236,-17.0647608988,17.9218581057,5.70470461383,nan,nan,fm^4 / MeV
q00_from_e2k0,gamma_1,10.5281287349,-17.051758904,16.6797276599,5.309322213,nan,nan,fm^4 / MeV
q00_from_e2k0,gamma_1,10.6055414462,-17.3169412194,15.4743549887,4.92564017522,nan,nan,fm^4 / MeV
q00_from_e2k0,gamma_1,10.6829541575,-17.8109779368,14.3543813322,4.56914148809,nan,nan,fm^4 / MeV
q00_from_e2k0,gamma_1,10.7603668688,-18.4905203109,13.3447016357,4.24775045883,nan,nan,fm^4 / MeV
q00_from_e2k0,gamma_1,10.8377795801,-19.3218037485,12.4603448734,3.96625095845,nan,nan,fm^4 / MeV
q00_from_e2k0,gamma_1,10.9151922914,-20.2749278685,11.7144614322,3.7288288852,nan,nan,fm^4 / MeV
q00_from_e2k0,gamma_1,10.9926050026,-21.3170385861,11.117126779,3.53869135973,nan,nan,fm^4 / MeV
q00_from_e2k0,gamma_1,11.0700177139,-22.4115833976,10.6686724581,3.39594391587,nan,nan,fm^4 / MeV
q00_from_e2k0,gamma_1,11.1474304252,-23.5252060078,10.3549489224,3.29608261293,nan,nan,fm^4 / MeV
q00_from_e2k0,gamma_1,11.2248431365,-24.637619932,10.150197715,3.23090827939,nan,nan,fm^4 / MeV
q00_from_e2k0,gamma_1,11.3022558478,-25.7471082724,10.0274794878,3.19184585448,nan,nan,fm^4 / MeV
q00_from_e2k0,gamma_1,11.3796685591,-26.8668902532,9.97084969444,3.17382003139,nan,nan,fm^4 / MeV
q00_from_e2k0,gamma_1,11.4570812704,-28.013715079,9.98166453279,3.17726250136,nan,nan,fm^4 / MeV
q00_from_e2k0,gamma_1,11.5344939816,-29.1955413908,10.0749096945,3.20694335817,nan,nan,fm^4 / MeV
q00_from_e2k0,gamma_1,11.6119066929,-30.4061728756,10.2680919781,3.26843518888,nan,nan,fm^4 / MeV
q00_from_e2k0,gamma_1,11.6893194042,-31.6302366883,10.5705925651,3.36472411629,nan,nan,fm^4 / MeV
q00_from_e2k0,gamma_1,11.7667321155,-32.8545718447,10.9815995416,3.4955517002,nan,nan,fm^4 / MeV
q00_from_e2k0,gamma_1,11.8441448268,-34.0767489875,11.4991303675,3.6602868785,nan,nan,fm^4 / MeV
q00_from_e2k0,gamma_1,11.9215575381,-35.3020218812,12.1344007073,3.86249970806,nan,nan,fm^4 / MeV
q00_from_e2k0,gamma_1,11.9989702494,-36.5269439043,12.9201939122,4.11262545368,nan,nan,fm^4 / MeV
q00_from_e2k0,gamma_1,12.0763829606,-37.7174626562,13.9031242029,4.42550188264,nan,nan,fm^4 / MeV
q00_from_e2k0,gamma_1,12.1537956719,-38.7956441598,15.1180536551,4.81222593828,nan,nan,fm^4 / MeV
q00_from_e2k0,gamma_1,12.2312083832,-39.6476885983,16.5542229648,5.26937282779,nan,nan,fm^4 / MeV
q00_from_e2k0,gamma_1,12.3086210945,-40.156268495,18.130349775,5.77106957336,nan,nan,fm^4 / MeV
q00_from_e2k0,gamma_1,12.3860338058,-40.2470175142,19.6948966354,6.26908030642,nan,nan,fm^4 / MeV
q00_from_e2k0,gamma_1,12.4634465171,-39.929400925,21.0573681176,6.70276844886,nan,nan,fm^4 / MeV
q00_from_e2k0,gamma_1,12.5408592284,-39.3120056574,22.041616717,7.0160645085,nan,nan,fm^4 / MeV
q00_from_e2k0,gamma_1,12.6182719396,-38.5824762886,22.5404247933,7.17484005049,nan,nan,fm^4 / MeV
q00_from_e2k0,gamma_1,12.6956846509,-37.9581943115,22.5485534824,7.17742749258,nan,nan,fm^4 / MeV
q00_from_e2k0,gamma_1,12.7730973622,-37.6273237679,22.1605565913,7.05392424635,nan,nan,fm^4 / MeV
q00_from_e2k0,gamma_1,12.8505100735,-37.7039952894,21.5355328903,6.8549730232,nan,nan,fm^4 / MeV
q00_from_e2k0,gamma_1,12.9279227848,-38.2140299683,20.8455397411,6.63534138244,nan,nan,fm^4 / MeV
q00_from_e2k0,gamma_1,13.0053354961,-39.1126909089,20.2302312147,6.43948259541,nan,nan,fm^4 / MeV
q00_from_e2k0,gamma_1,13.0827482074,-40.3214120733,19.7747811812,6.29450834709,nan,nan,fm^4 / MeV
q00_from_e2k0,gamma_1,13.1601609186,-41.7637634235,19.5148127773,6.21175783403,nan,nan,fm^4 / MeV
q00_from_e2k0,gamma_1,13.2375736299,-43.3849809809,19.4584627476,6.19382106249,nan,nan,fm^4 / MeV
q00_from_e2k0,gamma_1,13.3149863412,-45.1510813388,19.6091796055,6.24179572837,nan,nan,fm^4 / MeV
q00_from_e2k0,gamma_1,13.3923990525,-47.0356790403,19.9763186385,6.3586597122,nan,nan,fm^4 / MeV
q00_from_e2k0,gamma_1,13.4698117638,-49.0081294802,20.5710753191,6.5479766435,nan,nan,fm^4 / MeV
q00_from_e2k0,gamma_1,13.5472244751,-51.0328222434,21.3958492026,6.81051032447,nan,nan,fm^4 / MeV
q00_from_e2k0,gamma_1,13.6246371864,-53.0794247324,22.4391011983,7.14258774849,nan,nan,fm^4 / MeV
q00_from_e2k0,gamma_1,13.7020498977,-55.1344950675,23.6828329641,7.53847986532,nan,nan,fm^4 / MeV
q00_from_e2k0,gamma_1,13.7794626089,-57.2025379296,25.1193847256,7.99574849303,nan,nan,fm^4 / MeV
q00_from_e2k0,gamma_1,13.8568753202,-59.2911686128,26.765364915,8.51968025977,nan,nan,fm^4 / MeV
q00_from_e2k0,gamma_1,13.9342880315,-61.3866804914,28.6595128238,9.12260626502,nan,nan,fm^4 / MeV
q00_from_e2k0,gamma_1,14.0117007428,-63.4355232313,30.8397136959,9.81658575648,nan,nan,fm^4 / MeV
q00_from_e2k0,gamma_1,14.0891134541,-65.3475028959,33.3077989704,10.6022016993,nan,nan,fm^4 / MeV
q00_from_e2k0,gamma_1,14.1665261654,-67.0265085863,36.0011517934,11.4595225298,nan,nan,fm^4 / MeV
q00_from_e2k0,gamma_1,14.2439388767,-68.4191424779,38.7906152444,12.3474363234,nan,nan,fm^4 / MeV
q00_from_e2k0,gamma_1,14.3213515879,-69.5594008287,41.5132885378,13.2140901496,nan,nan,fm^4 / MeV
q00_from_e2k0,gamma_1,14.3987642992,-70.5859400222,44.0316459949,14.0157082251,nan,nan,fm^4 / MeV
q00_from_e2k0,gamma_1,14.4761770105,-71.7192323529,46.2961353235,14.7365175656,nan,nan,fm^4 / MeV
q00_from_e2k0,gamma_1,14.5535897218,-73.2038988388,48.3849513371,15.4014083531,nan,nan,fm^4 / MeV
q00_from_e2k0,gamma_1,14.6310024331,-75.2373268086,50.5041977026,16.0759854225,nan,nan,fm^4 / MeV
q00_from_e2k0,gamma_1,14.7084151444,-77.9110369013,52.9491466431,16.8542368415,nan,nan,fm^4 / MeV
q00_from_e2k0,gamma_1,14.7858278557,-81.1836878361,56.0434178851,17.8391739684,nan,nan,fm^4 / MeV
q00_from_e2k0,gamma_1,14.8632405669,-84.8888709542,60.0792728956,19.1238265174,nan,nan,fm^4 / MeV
q00_from_e2k0,gamma_1,14.9406532782,-88.7661135106,65.2763638934,20.7781119614,nan,nan,fm^4 / MeV
q00_from_e2k0,gamma_1,15.0180659895,-92.4978368834,71.7629268191,22.842849068,nan,nan,fm^4 / MeV
q00_from_e2k0,gamma_1,15.0954787008,-95.7404802057,79.5715298609,25.3284046135,nan,nan,fm^4 / MeV
q00_from_e2k0,gamma_1,15.1728914121,-98.1494553655,88.6386119241,28.214546473,nan,nan,fm^4 / MeV
q00_from_e2k0,gamma_1,15.2503041234,-99.4059711719,98.8043475685,31.450400629,nan,nan,fm^4 / MeV
q00_from_e2k0,gamma_1,15.3277168347,-99.2520310326,109.820660234,34.9570018598,nan,nan,fm^4 / MeV
q00_from_e2k0,gamma_1,15.4051295459,-97.5281375418,121.380659648,38.6366639574,nan,nan,fm^4 / MeV
q00_from_e2k0,gamma_1,15.4825422572,-94.1943770178,133.175487957,42.3910744139,nan,nan,fm^4 / MeV
q00_from_e2k0,gamma_1,15.5599549685,-89.3110593643,144.965873705,46.1440707596,nan,nan,fm^4 / MeV
q00_from_e2k0,gamma_1,15.6373676798,-82.967580846,156.63587892,49.8587487913,nan,nan,fm^4 / MeV
q00_from_e2k0,gamma_1,15.7147803911,-75.175453681,168.189486082,53.5363761721,nan,nan,fm^4 / MeV
q00_from_e2k0,gamma_1,15.7921931024,-65.770719151,179.666342612,57.1895730677,nan,nan,fm^4 / MeV
q00_from_e2k0,gamma_1,15.8696058137,-54.3845793903,190.989079971,60.793712308,nan,nan,fm^4 / MeV
q00_from_e2k0,gamma_1,15.947018525,-40.5262060186,201.79621324,64.2337296686,nan,nan,fm^4 / MeV
q00_from_e2k0,gamma_1,16.0244312362,-23.7787701579,211.340022787,67.2716185993,nan,nan,fm^4 / MeV
q00_from_e2k0,gamma_1,16.1018439475,-4.05479953221,218.52056008,69.5572546078,nan,nan,fm^4 / MeV
q00_from_e2k0,gamma_1,16.1792566588,18.1844992551,222.082025503,70.6909042612,nan,nan,fm^4 / MeV
q00_from_e2k0,gamma_1,16.2566693701,41.8463813646,220.931558311,70.3246991803,nan,nan,fm^4 / MeV
q00_from_e2k0,gamma_1,16.3340820814,65.3210814143,214.481167511,68.2714760189,nan,nan,fm^4 / MeV
q00_from_e2k0,gamma_1,16.4114947927,86.7829669171,202.88952437,64.58174141,nan,nan,fm^4 / MeV
q00_from_e2k0,gamma_1,16.488907504,104.592773028,187.106239144,59.5577656863,nan,nan,fm^4 / MeV
q00_from_e2k0,gamma_1,16.5663202152,117.67024322,168.689651568,53.6955837909,nan,nan,fm^4 / MeV
q00_from_e2k0,gamma_1,16.6437329265,125.712373824,149.452766354,47.5722930479,nan,nan,fm^4 / MeV
q00_from_e2k0,gamma_1,16.7211456378,129.188508515,131.055451371,41.7162458097,nan,nan,fm^4 / MeV
q00_from_e2k0,gamma_1,16.7985583491,129.126510437,114.677272238,36.5029094739,nan,nan,fm^4 / MeV
q00_from_e2k0,gamma_1,16.8759710604,126.778898922,100.868087393,32.1073094177,nan,nan,fm^4 / MeV
q00_from_e2k0,gamma_1,16.9533837717,123.293111987,89.6001996099,28.5206293399,nan,nan,fm^4 / MeV
q00_from_e2k0,gamma_1,17.030796483,119.493239313,80.4692253505,25.6141499626,nan,nan,fm^4 / MeV
q00_from_e2k0,gamma_1,17.1082091942,115.82258574,72.9435516347,23.2186536187,nan,nan,fm^4 / MeV
q00_from_e2k0,gamma_1,17.1856219055,112.425795352,66.5618442567,21.1872930695,nan,nan,fm^4 / MeV
q00_from_e2k0,gamma_1,17.2630346168,109.297990626,61.0197225948,19.4231809541,nan,nan,fm^4 / MeV
q00_from_e2k0,gamma_1,17.3404473281,106.416836257,56.1469322383,17.8721236103,nan,nan,fm^4 / MeV
q00_from_e2k0,gamma_1,17.4178600394,103.80168097,51.8253852333,16.496532475,nan,nan,fm^4 / MeV
q00_from_e2k0,gamma_1,17.4952727507,101.493337965,47.914938839,15.2517987283,nan,nan,fm^4 / MeV
q00_from_e2k0,gamma_1,17.572685462,99.4919202563,44.2343113063,14.0802185973,nan,nan,fm^4 / MeV
q00_from_e2k0,gamma_1,17.6500981732,97.7074139679,40.6036227264,12.9245345287,nan,nan,fm^4 / MeV
q00_from_e2k0,gamma_1,17.7275108845,95.962882133,36.9163515026,11.7508396451,nan,nan,fm^4 / MeV
q00_from_e2k0,gamma_1,17.8049235958,94.0547567523,33.1920660343,10.5653627616,nan,nan,fm^4 / MeV
q00_from_e2k0,gamma_1,17.8823363071,91.8395689158,29.5737064976,9.41360314928,nan,nan,fm^4 / MeV
q00_from_e2k0,gamma_1,17.9597490184,89.3005988595,26.2653444888,8.36051881481,nan,nan,fm^4 / MeV
q00_from_e2k0,gamma_1,18.0371617297,86.5585125875,23.4394707124,7.46101525466,nan,nan,fm^4 / MeV
q00_from_e2k0,gamma_1,18.114574441,83.8197632271,21.1590904866,6.73514768453,nan,nan,fm^4 / MeV
q00_from_e2k0,gamma_1,18.1919871523,81.2884553368,19.35157906,6.15979892807,nan,nan,fm^4 / MeV
q00_from_e2k0,gamma_1,18.2693998635,79.084578236,17.8441652553,5.67997421146,nan,nan,fm^4 / MeV
q00_from_e2k0,gamma_1,18.3468125748,77.205967961,16.4403110624,5.23311354309,nan,nan,fm^4 / MeV
q00_from_e2k0,gamma_1,18.4242252861,75.5474563365,14.9981276551,4.77405230688,nan,nan,fm^4 / MeV
q00_from_e2k0,gamma_1,18.5016379974,73.9620112412,13.4746299375,4.28910792179,nan,nan,fm^4 / MeV
q00_from_e2k0,gamma_1,18.5790507087,72.3302368212,11.9199716279,3.7942448122,nan,nan,fm^4 / MeV
q00_from_e2k0,gamma_1,18.65646342,70.6047918857,10.4318422244,3.32055851113,nan,nan,fm^4 / MeV
q00_from_e2k0,gamma_1,18.7338761313,68.8131033996,9.09812159205,2.89602204845,nan,nan,fm^4 / MeV
q00_from_e2k0,gamma_1,18.8112888425,67.0247806405,7.95741571272,2.53292408983,nan,nan,fm^4 / MeV
q00_from_e2k0,gamma_1,18.8887015538,65.3067962599,6.99336033159,2.22605573119,nan,nan,fm^4 / MeV
q00_from_e2k0,gamma_1,18.9661142651,63.6919064752,6.15857751423,1.96033610761,nan,nan,fm^4 / MeV
q00_from_e2k0,gamma_1,19.0435269764,62.1744536009,5.40921107315,1.72180536104,nan,nan,fm^4 / MeV
q00_from_e2k0,gamma_1,19.1209396877,60.730411944,4.72838524982,1.5050917707,nan,nan,fm^4 / MeV
q00_from_e2k0,gamma_1,19.198352399,59.3453959519,4.12655680549,1.31352382709,nan,nan,fm^4 / MeV
q00_from_e2k0,gamma_1,19.2757651103,58.0320308293,3.62177574727,1.1528470259,nan,nan,fm^4 / MeV
q00_from_e2k0,gamma_1,19.3531778215,56.8265715473,3.21434392833,1.02315744998,nan,nan,fm^4 / MeV
q00_from_e2k0,gamma_1,19.4305905328,55.7679463187,2.87225977651,0.91426868255,nan,nan,fm^4 / MeV
q00_from_e2k0,gamma_1,19.5080032441,54.8724775551,2.53616203552,0.807285448871,nan,nan,fm^4 / MeV
q00_from_e2k0,gamma_1,19.5854159554,54.1190561153,2.14060949078,0.681377163375,nan,nan,fm^4 / MeV
q00_from_e2k0,gamma_1,19.6628286667,53.4525739714,1.6396179824,0.521906613364,nan,nan,fm^4 / MeV
q00_from_e2k0,gamma_1,19.740241378,52.8028188198,1.02312702745,0.325671447658,nan,nan,fm^4 / MeV
q00_from_e2k0,gamma_1,19.8176540893,52.1081907424,0.317314497629,0.101004341625,nan,nan,fm^4 / MeV
q00_from_e2k0,gamma_1,19.8950668005,51.3326035962,-0.429015349147,-0.136559826958,nan,nan,fm^4 / MeV
q00_from_e2k0,gamma_1,19.9724795118,50.4694498165,-1.16305304227,-0.370211281512,nan,nan,fm^4 / MeV
q00_from_e2k0,gamma_1,20.0498922231,49.5344545716,-1.84208445995,-0.586353694787,nan,nan,fm^4 / MeV
q00_from_e2k0,gamma_1,20.1273049344,48.5546127355,-2.43844978907,-0.776182674823,nan,nan,fm^4 / MeV
q00_from_e2k0,gamma_1,20.2047176457,47.5603615377,-2.93735073753,-0.934987778944,nan,nan,fm^4 / MeV
q00_from_e2k0,gamma_1,20.282130357,46.5835557148,-3.3334000097,-1.06105417769,nan,nan,fm^4 / MeV
q00_from_e2k0,gamma_1,20.3595430683,45.6583454296,-3.63081605769,-1.15572464608,nan,nan,fm^4 / MeV
q00_from_e2k0,gamma_1,20.4369557796,44.8196047656,-3.84752185045,-1.22470424231,nan,nan,fm^4 / MeV
q00_from_e2k0,gamma_1,20.5143684908,44.0956940644,-4.01873716536,-1.27920376971,nan,nan,fm^4 / MeV
q00_from_e2k0,gamma_1,20.5917812021,43.4973907083,-4.19445146774,-1.3351353693,nan,nan,fm^4 / MeV
q00_from_e2k0,gamma_1,20.6691939134,43.0090924248,-4.42844688016,-1.4096184224,nan,nan,fm^4 / MeV
q00_from_e2k0,gamma_1,20.7466066247,42.5886794779,-4.76219172774,-1.51585270684,nan,nan,fm^4 / MeV
q00_from_e2k0,gamma_1,20.824019336,42.1781738384,-5.21110241456,-1.65874541647,nan,nan,fm^4 / MeV
q00_from_e2k0,gamma_1,20.9014320473,41.7210957572,-5.76035700342,-1.83357858214,nan,nan,fm^4 / MeV
q00_from_e2k0,gamma_1,20.9788447586,41.1782159822,-6.37248878583,-2.02842618012,nan,nan,fm^4 / MeV
q00_from_e2k0,gamma_1,21.0562574698,40.5341324153,-7.00232401896,-2.2289089615,nan,nan,fm^4 / MeV
q00_from_e2k0,gamma_1,21.1336701811,39.7925762797,-7.61067504054,-2.42255310593,nan,nan,fm^4 / MeV
q00_from_e2k0,gamma_1,21.2110828924,38.9652769358,-8.16937116898,-2.60039160699,nan,nan,fm^4 / MeV
q00_from_e2k0,gamma_1,21.2884956037,38.0631596081,-8.65621004882,-2.75535723542,nan,nan,fm^4 / MeV
q00_from_e2k0,gamma_1,21.365908315,37.0968621773,-9.04557413874,-2.87929567457,nan,nan,fm^4 / MeV
q00_from_e2k0,gamma_1,21.4433210263,36.086830318,-9.30411350753,-2.96159131162,nan,nan,fm^4 / MeV
q00_from_e2k0,gamma_1,21.5207337376,35.0756512342,-9.39830979494,-2.99157492115,nan,nan,fm^4 / MeV
q00_from_e2k0,gamma_1,21.5981464488,34.1317905531,-9.31298580949,-2.96441545305,nan,nan,fm^4 / MeV
q00_from_e2k0,gamma_1,21.6755591601,33.3373032567,-9.07141405434,-2.88752077516,nan,nan,fm^4 / MeV
q00_from_e2k0,gamma_1,21.7529718714,32.7610840647,-8.74398059705,-2.78329546864,nan,nan,fm^4 / MeV
q00_from_e2k0,gamma_1,21.8303845827,32.4288505334,-8.43635662613,-2.68537571747,nan,nan,fm^4 / MeV
q00_from_e2k0,gamma_1,21.907797294,32.3054493884,-8.2583684959,-2.62872033599,nan,nan,fm^4 / MeV
q00_from_e2k0,gamma_1,21.9852100053,32.3009440673,-8.28586458229,-2.63747261212,nan,nan,fm^4 / MeV
q00_from_e2k0,gamma_1,22.0626227166,32.30072223,-8.53344492263,-2.71627988208,nan,nan,fm^4 / MeV
q00_from_e2k0,gamma_1,22.1400354278,32.207257642,-8.95219371373,-2.84957176211,nan,nan,fm^4 / MeV
q00_from_e2k0,gamma_1,22.2174481391,31.9741269903,-9.45480462377,-3.00955778368,nan,nan,fm^4 / MeV
q00_from_e2k0,gamma_1,22.2948608504,31.6157253416,-9.95660595225,-3.16928610744,nan,nan,fm^4 / MeV
q00_from_e2k0,gamma_1,22.3722735617,31.1879094124,-10.4124224086,-3.31437699177,nan,nan,fm^4 / MeV
q00_from_e2k0,gamma_1,22.449686273,30.749607786,-10.8308587124,-3.44756940403,nan,nan,fm^4 / MeV
q00_from_e2k0,gamma_1,22.5270989843,30.3254403016,-11.258989429,-3.58384764369,nan,nan,fm^4 / MeV
q00_from_e2k0,gamma_1,22.6045116956,29.8890849148,-11.7458103544,-3.73880755706,nan,nan,fm^4 / MeV
q00_from_e2k0,gamma_1,22.6819244068,29.3764277601,-12.3040649155,-3.91650550285,nan,nan,fm^4 / MeV
q00_from_e2k0,gamma_1,22.7593371181,28.7219200153,-12.8911585258,-4.10338320312,nan,nan,fm^4 / MeV
q00_from_e2k0,gamma_1,22.8367498294,27.8992342397,-13.4201099844,-4.27175368172,nan,nan,fm^4 / MeV
q00_from_e2k0,gamma_1,22.9141625407,26.9447732064,-13.7959294827,-4.39138074343,nan,nan,fm^4 / MeV
q00_from_e2k0,gamma_1,22.991575252,25.9511709357,-13.9596013393,-4.44347911349,nan,nan,fm^4 / MeV
q00_from_e2k0,gamma_1,23.0689879633,25.0331016418,-13.9178499423,-4.43018923104,nan,nan,fm^4 / MeV
q00_from_e2k0,gamma_1,23.1464006746,24.2815374896,-13.7440247578,-4.37485895637,nan,nan,fm^4 / MeV
q00_from_e2k0,gamma_1,23.2238133859,23.7279925527,-13.5498294991,-4.31304468566,nan,nan,fm^4 / MeV
q00_from_e2k0,gamma_1,23.3012260971,23.3347670361,-13.4416577573,-4.27861255086,nan,nan,fm^4 / MeV
q00_from_e2k0,gamma_1,23.3786388084,23.014036121,-13.4818561638,-4.29140810106,nan,nan,fm^4 / MeV
q00_from_e2k0,gamma_1,23.4560515197,22.6649066945,-13.671393346,-4.35173965994,nan,nan,fm^4 / MeV
q00_from_e2k0,gamma_1,23.533464231,22.2102897282,-13.9588074465,-4.44322640955,nan,nan,fm^4 / MeV
q00_from_e2k0,gamma_1,23.6108769423,21.6178022478,-14.2674542775,-4.5414717472,nan,nan,fm^4 / MeV
q00_from_e2k0,gamma_1,23.6882896536,20.8988335348,-14.5256854469,-4.62366928134,nan,nan,fm^4 / MeV
q00_from_e2k0,gamma_1,23.7657023649,20.0914677085,-14.6859365621,-4.67467879559,nan,nan,fm^4 / MeV
q00_from_e2k0,gamma_1,23.8431150761,19.2398585251,-14.7271238633,-4.68778912075,nan,nan,fm^4 / MeV
q00_from_e2k0,gamma_1,23.9205277874,18.3817008734,-14.6448623272,-4.66160446054,nan,nan,fm^4 / MeV
q00_from_e2k0,gamma_1,23.9979404987,17.5480732398,-14.4399988792,-4.59639439972,nan,nan,fm^4 / MeV
q00_from_e2k0,gamma_1,24.07535321,16.7710768197,-14.1148111145,-4.49288391935,nan,nan,fm^4 / MeV
q00_from_e2k0,gamma_1,24.1527659213,16.0897710333,-13.6793136366,-4.35426076672,nan,nan,fm^4 / MeV
q00_from_e2k0,gamma_1,24.2301786326,15.5466248952,-13.1620974955,-4.18962575573,nan,nan,fm^4 / MeV
q00_from_e2k0,gamma_1,24.3075913439,15.173672264,-12.6160666461,-4.01581873821,nan,nan,fm^4 / MeV
q00_from_e2k0,gamma_1,24.3850040551,14.9752678641,-12.1118044649,-3.8553071007,nan,nan,fm^4 / MeV
q00_from_e2k0,gamma_1,24.4624167664,14.917947233,-11.7186223502,-3.73015334653,nan,nan,fm^4 / MeV
q00_from_e2k0,gamma_1,24.5398294777,14.9350960826,-11.4811625497,-3.65456754446,nan,nan,fm^4 / MeV
q00_from_e2k0,gamma_1,24.617242189,14.9464770063,-11.4030251424,-3.62969563522,nan,nan,fm^4 / MeV
q00_from_e2k0,gamma_1,24.6946549003,14.8845568393,-11.4460483313,-3.6433903416,nan,nan,fm^4 / MeV
q00_from_e2k0,gamma_1,24.7720676116,14.7156836828,-11.5461360919,-3.67524926528,nan,nan,fm^4 / MeV
q00_from_e2k0,gamma_1,24.8494803229,14.4466765411,-11.638241846,-3.70456743738,nan,nan,fm^4 / MeV
q00_from_e2k0,gamma_1,24.9268930341,14.114836561,-11.678867484,-3.7174989796,nan,nan,fm^4 / MeV
q00_from_e2k0,gamma_1,25.0043057454,13.7675540996,-11.6564220573,-3.71035437838,nan,nan,fm^4 / MeV
q00_from_e2k0,gamma_1,25.0817184567,13.4421062491,-11.5866351296,-3.68814050935,nan,nan,fm^4 / MeV
q00_from_e2k0,gamma_1,25.159131168,13.1547500829,-11.4979113825,-3.65989886351,nan,nan,fm^4 / MeV
q00_from_e2k0,gamma_1,25.2365438793,12.9020877949,-11.4157730373,-3.6337534162,nan,nan,fm^4 / MeV
q00_from_e2k0,gamma_1,25.3139565906,12.6707249412,-11.3543039223,-3.6141871892,nan,nan,fm^4 / MeV
q00_from_e2k0,gamma_1,25.3913693019,12.4474880756,-11.3170112203,-3.60231655348,nan,nan,fm^4 / MeV
q00_from_e2k0,gamma_1,25.4687820132,12.2237908393,-11.3033861696,-3.59797956514,nan,nan,fm^4 / MeV
q00_from_e2k0,gamma_1,25.5461947244,11.9928669903,-11.3144350834,-3.60149654363,nan,nan,fm^4 / MeV
q00_from_e2k0,gamma_1,25.6236074357,11.7440142123,-11.3522010593,-3.61351782713,nan,nan,fm^4 / MeV
q00_from_e2k0,gamma_1,25.701020147,11.4601868734,-11.4134010581,-3.63299839177,nan,nan,fm^4 / MeV
q00_from_e2k0,gamma_1,25.7784328583,11.1228701851,-11.4822759098,-3.65492193797,nan,nan,fm^4 / MeV
q00_from_e2k0,gamma_1,25.8558455696,10.7227664613,-11.5292310389,-3.66986821979,nan,nan,fm^4 / MeV
q00_from_e2k0,gamma_1,25.9332582809,10.2699835342,-11.5187063329,-3.66651810182,nan,nan,fm^4 / MeV
q00_from_e2k0,gamma_1,26.0106709922,9.79642291042,-11.4237898801,-3.63630525652,nan,nan,fm^4 / MeV
q00_from_e2k0,gamma_1,26.0880837034,9.34686563854,-11.2400840236,-3.57782986626,nan,nan,fm^4 / MeV
q00_from_e2k0,gamma_1,26.1654964147,8.96179047126,-10.9905491539,-3.49840045027,nan,nan,fm^4 / MeV
q00_from_e2k0,gamma_1,26.242909126,8.66034399889,-10.7173343094,-3.41143346421,nan,nan,fm^4 / MeV
q00_from_e2k0,gamma_1,26.3203218373,8.4327149486,-10.4637194073,-3.3307053336,nan,nan,fm^4 / MeV
q00_from_e2k0,gamma_1,26.3977345486,8.24661823123,-10.2551621443,-3.26431949496,nan,nan,fm^4 / MeV
q00_from_e2k0,gamma_1,26.4751472599,8.06501718624,-10.0895172352,-3.21159308278,nan,nan,fm^4 / MeV
q00_from_e2k0,gamma_1,26.5525599712,7.86585260075,-9.9418935681,-3.16460301011,nan,nan,fm^4 / MeV
q00_from_e2k0,gamma_1,26.6299726824,7.65311638655,-9.78172836061,-3.11362084115,nan,nan,fm^4 / MeV
q00_from_e2k0,gamma_1,26.7073853937,7.45310026042,-9.59285886081,-3.05350181216,nan,nan,fm^4 / MeV
q00_from_e2k0,gamma_1,26.784798105,7.2976952095,-9.38553500598,-2.98750857953,nan,nan,fm^4 / MeV
q00_from_e2k0,gamma_1,26.8622108163,7.20377239363,-9.19357818169,-2.92640682464,nan,nan,fm^4 / MeV
q00_from_e2k0,gamma_1,26.9396235276,7.1599289386,-9.05795846449,-2.88323772789,nan,nan,fm^4 / MeV
q00_from_e2k0,gamma_1,27.0170362389,7.12793986199,-9.00547626499,-2.86653212494,nan,nan,fm^4 / MeV
q00_from_e2k0,gamma_1,27.0944489502,7.05829652451,-9.0338812552,-2.87557371414,nan,nan,fm^4 / MeV
q00_from_e2k0,gamma_1,27.1718616614,6.91165546811,-9.11119999894,-2.90018503466,nan,nan,fm^4 / MeV
q00_from_e2k0,gamma_1,27.2492743727,6.67503873354,-9.18930966468,-2.92504811347,nan,nan,fm^4 / MeV
q00_from_e2k0,gamma_1,27.326687084,6.36478571091,-9.22423185989,-2.93616419346,nan,nan,fm^4 / MeV
q00_from_e2k0,gamma_1,27.4040997953,6.01566719981,-9.19240662373,-2.92603390615,nan,nan,fm^4 / MeV
q00_from_e2k0,gamma_1,27.4815125066,5.66300079329,-9.09500040014,-2.89502854221,nan,nan,fm^4 / MeV
q00_from_e2k0,gamma_1,27.5589252179,5.32790827761,-8.94934574458,-2.84866522538,nan,nan,fm^4 / MeV
q00_from_e2k0,gamma_1,27.6363379292,5.01332395406,-8.77379164165,-2.79278461885,nan,nan,fm^4 / MeV
q00_from_e2k0,gamma_1,27.7137506405,4.71165206675,-8.57548205944,-2.72966071831,nan,nan,fm^4 / MeV
q00_from_e2k0,gamma_1,27.7911633517,4.41808257797,-8.34816269275,-2.65730271657,nan,nan,fm^4 / MeV
q00_from_e2k0,gamma_1,27.868576063,4.14050912975,-8.08063103342,-2.57214474454,nan,nan,fm^4 / MeV
q00_from_e2k0,gamma_1,27.9459887743,3.89944369779,-7.76980722654,-2.47320645395,nan,nan,fm^4 / MeV
q00_from_e2k0,gamma_1,28.0234014856,3.71772826829,-7.42954449063,-2.36489746121,nan,nan,fm^4 / MeV
q00_from_e2k0,gamma_1,28.1008141969,3.60634212268,-7.08887865409,-2.25646015755,nan,nan,fm^4 / MeV
q00_from_e2k0,gamma_1,28.1782269082,3.5553071841,-6.77987880258,-2.15810244999,nan,nan,fm^4 / MeV
q00_from_e2k0,gamma_1,28.2556396195,3.53596534843,-6.52176082707,-2.07594094658,nan,nan,fm^4 / MeV
q00_from_e2k0,gamma_1,28.3330523307,3.51430244354,-6.3105880078,-2.00872255052,nan,nan,fm^4 / MeV
q00_from_e2k0,gamma_1,28.410465042,3.46837070277,-6.12106670952,-1.94839604763,nan,nan,fm^4 / MeV
q00_from_e2k0,gamma_1,28.4878777533,3.40010859827,-5.92020419547,-1.88445952365,nan,nan,fm^4 / MeV
q00_from_e2k0,gamma_1,28.5652904646,3.3346496604,-5.68578346053,-1.80984108619,nan,nan,fm^4 / MeV
q00_from_e2k0,gamma_1,28.6427031759,3.30703165509,-5.41965700824,-1.72513040545,nan,nan,fm^4 / MeV
q00_from_e2k0,gamma_1,28.7201158872,3.34321748739,-5.14850771329,-1.63882090423,nan,nan,fm^4 / MeV
q00_from_e2k0,gamma_1,28.7975285985,3.44555041816,-4.91151780095,-1.56338467221,nan,nan,fm^4 / MeV
q00_from_e2k0,gamma_1,28.8749413097,3.59036738416,-4.74151363962,-1.50927066697,nan,nan,fm^4 / MeV
q00_from_e2k0,gamma_1,28.952354021,3.73884365717,-4.64962094828,-1.48002031485,nan,nan,fm^4 / MeV
q00_from_e2k0,gamma_1,29.0297667323,3.85498783302,-4.62136817346,-1.47102717731,nan,nan,fm^4 / MeV
q00_from_e2k0,gamma_1,29.1071794436,3.9210406595,-4.62576241784,-1.47242590874,nan,nan,fm^4 / MeV
q00_from_e2k0,gamma_1,29.1845921549,3.9423279563,-4.63178874987,-1.4743441498,nan,nan,fm^4 / MeV
q00_from_e2k0,gamma_1,29.2620048662,3.9397428235,-4.62301218816,-1.47155048344,nan,nan,fm^4 / MeV
q00_from_e2k0,gamma_1,29.3394175775,3.93493704372,-4.60251178522,-1.46502500251,nan,nan,fm^4 / MeV
q00_from_e2k0,gamma_1,29.4168302887,3.93707891877,-4.5862157741,-1.45983782107,nan,nan,fm^4 / MeV
q00_from_e2k0,gamma_1,29.494243,3.93864491394,-4.58939768757,-1.46085065558,nan,nan,fm^4 / MeV
q00_from_e2k0,gamma_1,29.5716557113,3.92210609269,-4.61479803425,-1.46893583704,nan,nan,fm^4 / MeV
q00_from_e2k0,gamma_1,29.6490684226,3.87288486633,-4.64951571186,-1.47998681705,nan,nan,fm^4 / MeV
q00_from_e2k0,gamma_1,29.7264811339,3.79035977407,-4.67235882761,-1.48725800663,nan,nan,fm^4 / MeV
q00_from_e2k0,gamma_1,29.8038938452,3.69001278711,-4.66701022986,-1.48555549508,nan,nan,fm^4 / MeV
q00_from_e2k0,gamma_1,29.8813065565,3.59519735402,-4.63285436252,-1.47468334484,nan,nan,fm^4 / MeV
q00_from_e2k0,gamma_1,29.9587192678,3.52326723451,-4.58664560137,-1.45997463934,nan,nan,fm^4 / MeV
q00_from_e2k0,gamma_2,0,-30.3830562515,0,0,nan,nan,fm^4 / MeV
q00_from_e2k0,gamma_2,0.0774127112862,-30.3945686805,-0.0444154174773,-0.014137866482,nan,nan,fm^4 / MeV
q00_from_e2k0,gamma_2,0.154825422572,-30.4284244415,-0.0842338454532,-0.026812465759,nan,nan,fm^4 / MeV
q00_from_e2k0,gamma_2,0.232238133859,-30.4826687554,-0.115322522009,-0.036708298855,nan,nan,fm^4 / MeV
q00_from_e2k0,gamma_2,0.309650845145,-30.5543301727,-0.134407814692,-0.0427833361967,nan,nan,fm^4 / MeV
q00_from_e2k0,gamma_2,0.387063556431,-30.639804829,-0.139338779485,-0.0443529110389,nan,nan,fm^4 / MeV
q00_from_e2k0,gamma_2,0.464476267717,-30.735303668,-0.129175750955,-0.0411179185841,nan,nan,fm^4 / MeV
q00_from_e2k0,gamma_2,0.541888979003,-30.8372800689,-0.104092631445,-0.0331337136677,nan,nan,fm^4 / MeV
q00_from_e2k0,gamma_2,0.619301690289,-30.9427555378,-0.0651238555926,-0.0207295670615,nan,nan,fm^4 / MeV
q00_from_e2k0,gamma_2,0.696714401576,-31.0494861974,-0.0138268075054,-0.00440120952333,nan,nan,fm^4 / MeV
q00_from_e2k0,gamma_2,0.774127112862,-31.1559591351,0.0480489478575,0.0152944551238,nan,nan,fm^4 / MeV
q00_from_e2k0,gamma_2,0.851539824148,-31.2612597241,0.11880476214,0.0378167303147,nan,nan,fm^4 / MeV
q00_from_e2k0,gamma_2,0.928952535434,-31.3648872301,0.196907841706,0.0626777126821,nan,nan,fm^4 / MeV
q00_from_e2k0,gamma_2,1.00636524672,-31.4665997055,0.280991596062,0.0894424029611,nan,nan,fm^4 / MeV
q00_from_e2k0,gamma_2,1.08377795801,-31.5663383947,0.369798352037,0.117710471348,nan,nan,fm^4 / MeV
q00_from_e2k0,gamma_2,1.16119066929,-31.6642318659,0.462133930196,0.147101798722,nan,nan,fm^4 / MeV
q00_from_e2k0,gamma_2,1.23860338058,-31.7606362277,0.556880457044,0.177260554899,nan,nan,fm^4 / MeV
q00_from_e2k0,gamma_2,1.31601609186,-31.8561522212,0.653068792534,0.207878253022,nan,nan,fm^4 / MeV
q00_from_e2k0,gamma_2,1.39342880315,-31.9515794535,0.749970393303,0.238722990534,nan,nan,fm^4 / MeV
q00_from_e2k0,gamma_2,1.47084151444,-32.0478099746,0.847153244249,0.269657252757,nan,nan,fm^4 / MeV
q00_from_e2k0,gamma_2,1.54825422572,-32.1457028738,0.94446535352,0.300632659184,nan,nan,fm^4 / MeV
q00_from_e2k0,gamma_2,1.62566693701,-32.2459955529,1.04195027896,0.331663074704,nan,nan,fm^4 / MeV
q00_from_e2k0,gamma_2,1.7030796483,-32.3492879023,1.13973760757,0.362789748146,nan,nan,fm^4 / MeV
q00_from_e2k0,gamma_2,1.78049235958,-32.4560946281,1.2379643184,0.39405628129,nan,nan,fm^4 / MeV
q00_from_e2k0,gamma_2,1.85790507087,-32.5669230402,1.33676281611,0.42550481985,nan,nan,fm^4 / MeV
q00_from_e2k0,gamma_2,1.93531778215,-32.6823215115,1.43631026327,0.457191756427,nan,nan,fm^4 / MeV
q00_from_e2k0,gamma_2,2.01273049344,-32.8028648521,1.5368964849,0.489209345183,nan,nan,fm^4 / MeV
q00_from_e2k0,gamma_2,2.09014320473,-32.9290843476,1.63895684908,0.521696168091,nan,nan,fm^4 / MeV
q00_from_e2k0,gamma_2,2.16755591601,-33.0613869457,1.74303894834,0.55482652926,nan,nan,fm^4 / MeV
q00_from_e2k0,gamma_2,2.2449686273,-33.2000174248,1.84971420949,0.588782319496,nan,nan,fm^4 / MeV
q00_from_e2k0,gamma_2,2.32238133859,-33.3450931039,1.95948196611,0.623722481612,nan,nan,fm^4 / MeV
q00_from_e2k0,gamma_2,2.39979404987,-33.496697047,2.07272138871,0.65976770933,nan,nan,fm^4 / MeV
q00_from_e2k0,gamma_2,2.47720676116,-33.6549792426,2.1897203846,0.697009646396,nan,nan,fm^4 / MeV
q00_from_e2k0,gamma_2,2.55461947244,-33.8202086422,2.31076542023,0.735539477912,nan,nan,fm^4 / MeV
q00_from_e2k0,gamma_2,2.63203218373,-33.9927471686,2.43623947485,0.775479109955,nan,nan,fm^4 / MeV
q00_from_e2k0,gamma_2,2.70944489502,-34.1729635126,2.5666698871,0.816996399634,nan,nan,fm^4 / MeV
q00_from_e2k0,gamma_2,2.7868576063,-34.3611415281,2.70269799665,0.860295491702,nan,nan,fm^4 / MeV
q00_from_e2k0,gamma_2,2.86427031759,-34.5574422304,2.84499071926,0.90558867204,nan,nan,fm^4 / MeV
q00_from_e2k0,gamma_2,2.94168302887,-34.7619462001,2.99415133607,0.953067971002,nan,nan,fm^4 / MeV
q00_from_e2k0,gamma_2,3.01909574016,-34.9747533181,3.15068951897,1.00289562218,nan,nan,fm^4 / MeV
q00_from_e2k0,gamma_2,3.09650845145,-35.1960794712,3.31507608421,1.05522149106,nan,nan,fm^4 / MeV
q00_from_e2k0,gamma_2,3.17392116273,-35.4262887377,3.48785621501,1.11021911482,nan,nan,fm^4 / MeV
q00_from_e2k0,gamma_2,3.25133387402,-35.6658366815,3.66975735901,1.16812004727,nan,nan,fm^4 / MeV
q00_from_e2k0,gamma_2,3.32874658531,-35.9151542687,3.86172855156,1.22922637572,nan,nan,fm^4 / MeV
q00_from_e2k0,gamma_2,3.40615929659,-36.1745398495,4.06488780151,1.29389397345,nan,nan,fm^4 / MeV
q00_from_e2k0,gamma_2,3.48357200788,-36.4441244421,4.28041037525,1.36249693937,nan,nan,fm^4 / MeV
q00_from_e2k0,gamma_2,3.56098471916,-36.7239328194,4.50942923127,1.43539590536,nan,nan,fm^4 / MeV
q00_from_e2k0,gamma_2,3.63839743045,-37.0140043528,4.75301493946,1.51293164441,nan,nan,fm^4 / MeV
q00_from_e2k0,gamma_2,3.71581014174,-37.3144987847,5.01225677114,1.59545088234,nan,nan,fm^4 / MeV
q00_from_e2k0,gamma_2,3.79322285302,-37.6257180074,5.28840580004,1.6833518483,nan,nan,fm^4 / MeV
q00_from_e2k0,gamma_2,3.87063556431,-37.9480238175,5.5830020316,1.77712474124,nan,nan,fm^4 / MeV
q00_from_e2k0,gamma_2,3.94804827559,-38.2816949082,5.89791609057,1.87736499951,nan,nan,fm^4 / MeV
q00_from_e2k0,gamma_2,4.02546098688,-38.6268050066,6.23528889408,1.9847540982,nan,nan,fm^4 / MeV
q00_from_e2k0,gamma_2,4.10287369817,-38.9831923047,6.59741912843,2.10002373188,nan,nan,fm^4 / MeV
q00_from_e2k0,gamma_2,4.18028640945,-39.3505325172,6.98668711065,2.22393157899,nan,nan,fm^4 / MeV
q00_from_e2k0,gamma_2,4.25769912074,-39.7284575037,7.40558847147,2.35727202348,nan,nan,fm^4 / MeV
q00_from_e2k0,gamma_2,4.33511183203,-40.1166219056,7.85688794129,2.50092510635,nan,nan,fm^4 / MeV
q00_from_e2k0,gamma_2,4.41252454331,-40.5146385295,8.34382877493,2.65592318769,nan,nan,fm^4 / MeV
q00_from_e2k0,gamma_2,4.4899372546,-40.9218716104,8.87029315564,2.82350200479,nan,nan,fm^4 / MeV
q00_from_e2k0,gamma_2,4.56734996588,-41.3371558279,9.44083084922,3.0051097931,nan,nan,fm^4 / MeV
q00_from_e2k0,gamma_2,4.64476267717,-41.7585487572,10.0605477597,3.20237181235,nan,nan,fm^4 / MeV
q00_from_e2k0,gamma_2,4.72217538846,-42.183196874,10.7349291828,3.41703408637,nan,nan,fm^4 / MeV
q00_from_e2k0,gamma_2,4.79958809974,-42.6073121761,11.4697115358,3.65092257353,nan,nan,fm^4 / MeV
q00_from_e2k0,gamma_2,4.87700081103,-43.026166029,12.2708815285,3.90594290272,nan,nan,fm^4 / MeV
q00_from_e2k0,gamma_2,4.95441352232,-43.4339660536,13.1447873482,4.18411576471,nan,nan,fm^4 / MeV
q00_from_e2k0,gamma_2,5.0318262336,-43.8235216742,14.098245304,4.4876108581,nan,nan,fm^4 / MeV
q00_from_e2k0,gamma_2,5.10923894489,-44.1857073415,15.1384788292,4.81872747312,nan,nan,fm^4 / MeV
q00_from_e2k0,gamma_2,5.18665165617,-44.5088412637,16.2727662798,5.17978238241,nan,nan,fm^4 / MeV
q00_from_e2k0,gamma_2,5.26406436746,-44.7781461551,17.5077781595,5.57289887328,nan,nan,fm^4 / MeV
q00_from_e2k0,gamma_2,5.34147707875,-44.9754165787,18.8486874876,5.9997235689,nan,nan,fm^4 / MeV
q00_from_e2k0,gamma_2,5.41888979003,-45.0789146611,20.2981677275,6.46110745908,nan,nan,fm^4 / MeV
q00_from_e2k0,gamma_2,5.49630250132,-45.0634313435,21.8553226881,6.95676527737,nan,nan,fm^4 / MeV
q00_from_e2k0,gamma_2,5.5737152126,-44.9004667395,23.5144653311,7.48488678322,nan,nan,fm^4 / MeV
q00_from_e2k0,gamma_2,5.65112792389,-44.5586300016,25.2635795104,8.04164711854,nan,nan,fm^4 / MeV
q00_from_e2k0,gamma_2,5.72854063518,-44.004576985,27.0823674143,8.62058528923,nan,nan,fm^4 / MeV
q00_from_e2k0,gamma_2,5.80595334646,-43.2049574037,28.9400483371,9.21190349233,nan,nan,fm^4 / MeV
q00_from_e2k0,gamma_2,5.88336605775,-42.1297826091,30.7934623548,9.80186349736,nan,nan,fm^4 / MeV
q00_from_e2k0,gamma_2,5.96077876904,-40.7572725029,32.5863726931,10.3725645831,nan,nan,fm^4 / MeV
q00_from_e2k0,gamma_2,6.03819148032,-39.0796532474,34.2509445881,10.9024142735,nan,nan,fm^4 / MeV
q00_from_e2k0,gamma_2,6.11560419161,-37.1087546731,35.7120644057,11.3675031564,nan,nan,fm^4 / MeV
q00_from_e2k0,gamma_2,6.19301690289,-34.8798685896,36.8944630726,11.7438723415,nan,nan,fm^4 / MeV
q00_from_e2k0,gamma_2,6.27042961418,-32.4524038938,37.7317146822,12.010377806,nan,nan,fm^4 / MeV
q00_from_e2k0,gamma_2,6.34784232547,-29.9064820275,38.1754088609,12.1516100495,nan,nan,fm^4 / MeV
q00_from_e2k0,gamma_2,6.42525503675,-27.3356164374,38.2024580322,12.1602200682,nan,nan,fm^4 / MeV
q00_from_e2k0,gamma_2,6.50266774804,-24.8366968027,37.8187758539,12.0380902377,nan,nan,fm^4 / MeV
q00_from_e2k0,gamma_2,6.58008045932,-22.4992796264,37.058405797,11.7960569314,nan,nan,fm^4 / MeV
q00_from_e2k0,gamma_2,6.65749317061,-20.396389808,35.9783263351,11.4522569608,nan,nan,fm^4 / MeV
q00_from_e2k0,gamma_2,6.7349058819,-18.5785893504,34.6502294647,11.0295105971,nan,nan,fm^4 / MeV
q00_from_e2k0,gamma_2,6.81231859318,-17.0721341646,33.1512111707,10.5523582546,nan,nan,fm^4 / MeV
q00_from_e2k0,gamma_2,6.88973130447,-15.8809522723,31.5553424935,10.0443774776,nan,nan,fm^4 / MeV
q00_from_e2k0,gamma_2,6.96714401576,-14.9913032551,29.9275558589,9.52623689919,nan,nan,fm^4 / MeV
q00_from_e2k0,gamma_2,7.04455672704,-14.3775748755,28.3204281141,9.01467224969,nan,nan,fm^4 / MeV
q00_from_e2k0,gamma_2,7.12196943833,-14.0077939948,26.7735982348,8.52230100685,nan,nan,fm^4 / MeV
q00_from_e2k0,gamma_2,7.19938214961,-13.847932758,25.3149995801,8.0580146351,nan,nan,fm^4 / MeV
q00_from_e2k0,gamma_2,7.2767948609,-13.8647202984,23.9629355616,7.62763929125,nan,nan,fm^4 / MeV
q00_from_e2k0,gamma_2,7.35420757219,-14.0271738382,22.7282277092,7.23461957527,nan,nan,fm^4 / MeV
q00_from_e2k0,gamma_2,7.43162028347,-14.3072970056,21.6160378792,6.88059855709,nan,nan,fm^4 / MeV
q00_from_e2k0,gamma_2,7.50903299476,-14.6803591023,20.6273099497,6.56587668237,nan,nan,fm^4 / MeV
q00_from_e2k0,gamma_2,7.58644570605,-15.1249817353,19.7599580934,6.28979001171,nan,nan,fm^4 / MeV
q00_from_e2k0,gamma_2,7.66385841733,-15.6230684807,19.0099288638,6.05104829301,nan,nan,fm^4 / MeV
q00_from_e2k0,gamma_2,7.74127112862,-16.1595244028,18.3721581772,5.84803957834,nan,nan,fm^4 / MeV
q00_from_e2k0,gamma_2,7.8186838399,-16.7217440653,17.8413413108,5.679075322,nan,nan,fm^4 / MeV
q00_from_e2k0,gamma_2,7.89609655119,-17.2989417514,17.4124114682,5.54254271264,nan,nan,fm^4 / MeV
q00_from_e2k0,gamma_2,7.97350926248,-17.8814714167,17.0806885183,5.43695201819,nan,nan,fm^4 / MeV
q00_from_e2k0,gamma_2,8.05092197376,-18.4602804073,16.841761461,5.36089917379,nan,nan,fm^4 / MeV
q00_from_e2k0,gamma_2,8.12833468505,-19.0265633334,16.6912343445,5.31298490446,nan,nan,fm^4 / MeV
q00_from_e2k0,gamma_2,8.20574739633,-19.5715846177,16.6244531768,5.29172779856,nan,nan,fm^4 / MeV
q00_from_e2k0,gamma_2,8.28316010762,-20.0865863137,16.6362531417,5.29548384407,nan,nan,fm^4 / MeV
q00_from_e2k0,gamma_2,8.36057281891,-20.5627266497,16.7206785519,5.32235728677,nan,nan,fm^4 / MeV
q00_from_e2k0,gamma_2,8.43798553019,-20.9910853418,16.8705978906,5.3700780944,nan,nan,fm^4 / MeV
q00_from_e2k0,gamma_2,8.51539824148,-21.362861641,17.0771949504,5.43583998099,nan,nan,fm^4 / MeV
q00_from_e2k0,gamma_2,8.59281095277,-21.6699112598,17.329441388,5.51613251584,nan,nan,fm^4 / MeV
q00_from_e2k0,gamma_2,8.67022366405,-21.9056840744,17.6137782124,5.60663973805,nan,nan,fm^4 / MeV
q00_from_e2k0,gamma_2,8.74763637534,-22.0664578881,17.9142772318,5.70229154671,nan,nan,fm^4 / MeV
q00_from_e2k0,gamma_2,8.82504908662,-22.1525851034,18.2134743029,5.79752893238,nan,nan,fm^4 / MeV
q00_from_e2k0,gamma_2,8.90246179791,-22.1693639497,18.4938776242,5.88678408167,nan,nan,fm^4 / MeV
q00_from_e2k0,gamma_2,8.9798745092,-22.1271722569,18.7399224679,5.96510258786,nan,nan,fm^4 / MeV
q00_from_e2k0,gamma_2,9.05728722048,-22.040663715,18.9399577971,6.02877581073,nan,nan,fm^4 / MeV
q00_from_e2k0,gamma_2,9.13469993177,-21.9270727657,19.0877827437,6.07582995266,nan,nan,fm^4 / MeV
q00_from_e2k0,gamma_2,9.21211264305,-21.8039217235,19.1833284768,6.10624310409,nan,nan,fm^4 / MeV
q00_from_e2k0,gamma_2,9.28952535434,-21.686592773,19.2322770511,6.12182391919,nan,nan,fm^4 / MeV
q00_from_e2k0,gamma_2,9.36693806563,-21.586271129,19.2446595429,6.12576538876,nan,nan,fm^4 / MeV
q00_from_e2k0,gamma_2,9.44435077691,-21.5086810662,19.2327078095,6.12196103385,nan,nan,fm^4 / MeV
q00_from_e2k0,gamma_2,9.5217634882,-21.4538577063,19.2083903362,6.11422054169,nan,nan,fm^4 / MeV
q00_from_e2k0,gamma_2,9.59917619949,-21.4169765663,19.1811151231,6.10553857171,nan,nan,fm^4 / MeV
q00_from_e2k0,gamma_2,9.67658891077,-21.3900515115,19.156032371,6.09755448375,nan,nan,fm^4 / MeV
q00_from_e2k0,gamma_2,9.75400162206,-21.3641497318,19.1332374528,6.09029863594,nan,nan,fm^4 / MeV
q00_from_e2k0,gamma_2,9.83141433334,-21.3316849895,19.107990778,6.08226236974,nan,nan,fm^4 / MeV
q00_from_e2k0,gamma_2,9.90882704463,-21.2883499441,19.0718705157,6.07076493317,nan,nan,fm^4 / MeV
q00_from_e2k0,gamma_2,9.98623975592,-21.2343345234,19.014593824,6.05253319595,nan,nan,fm^4 / MeV
q00_from_e2k0,gamma_2,10.0636524672,-21.1746348945,18.9261187541,6.02437070652,nan,nan,fm^4 / MeV
q00_from_e2k0,gamma_2,10.1410651785,-21.1184544908,18.7986013773,5.98378066482,nan,nan,fm^4 / MeV
q00_from_e2k0,gamma_2,10.2184778898,-21.0778889257,18.6278422214,5.92942633736,nan,nan,fm^4 / MeV
q00_from_e2k0,gamma_2,10.2958906011,-21.0662219159,18.4139982712,5.86135769391,nan,nan,fm^4 / MeV
q00_from_e2k0,gamma_2,10.3733033123,-21.0962045374,18.1615214887,5.78099183799,nan,nan,fm^4 / MeV
q00_from_e2k0,gamma_2,10.4507160236,-21.178638016,17.8784579824,5.69088992553,nan,nan,fm^4 / MeV
q00_from_e2k0,gamma_2,10.5281287349,-21.3214555076,17.5753549433,5.59440923165,nan,nan,fm^4 / MeV
q00_from_e2k0,gamma_2,10.6055414462,-21.5293481348,17.2640505496,5.49531796553,nan,nan,fm^4 / MeV
q00_from_e2k0,gamma_2,10.6829541575,-21.8038550812,16.9565728576,5.39744477636,nan,nan,fm^4 / MeV
q00_from_e2k0,gamma_2,10.7603668688,-22.1437696515,16.6642810593,5.30440540733,nan,nan,fm^4 / MeV
q00_from_e2k0,gamma_2,10.8377795801,-22.5457073134,16.3972888757,5.21941915576,nan,nan,fm^4 / MeV
q00_from_e2k0,gamma_2,10.9151922914,-23.0047170689,16.1641466465,5.1452076793,nan,nan,fm^4 / MeV
q00_from_e2k0,gamma_2,10.9926050026,-23.5148629365,15.9717344858,5.08396098632,nan,nan,fm^4 / MeV
q00_from_e2k0,gamma_2,11.0700177139,-24.0697340233,15.8253210854,5.03735615351,nan,nan,fm^4 / MeV
q00_from_e2k0,gamma_2,11.1474304252,-24.6628536247,15.7287501377,5.00661666615,nan,nan,fm^4 / MeV
q00_from_e2k0,gamma_2,11.2248431365,-25.2879603077,15.6847141069,4.99259956218,nan,nan,fm^4 / MeV
q00_from_e2k0,gamma_2,11.3022558478,-25.9391423384,15.6950631864,4.99589377652,nan,nan,fm^4 / MeV
q00_from_e2k0,gamma_2,11.3796685591,-26.6108286262,15.7610877553,5.01691004951,nan,nan,fm^4 / MeV
q00_from_e2k0,gamma_2,11.4570812704,-27.2976685102,15.8837184429,5.05594460974,nan,nan,fm^4 / MeV
q00_from_e2k0,gamma_2,11.5344939816,-27.9943542803,16.0636117886,5.11320644014,nan,nan,fm^4 / MeV
q00_from_e2k0,gamma_2,11.6119066929,-28.695442232,16.3011206059,5.18880784473,nan,nan,fm^4 / MeV
q00_from_e2k0,gamma_2,11.6893194042,-29.3952112336,16.5961693282,5.28272476995,nan,nan,fm^4 / MeV
q00_from_e2k0,gamma_2,11.7667321155,-30.0875771569,16.9480551144,5.3947334945,nan,nan,fm^4 / MeV
q00_from_e2k0,gamma_2,11.8441448268,-30.7660761805,17.3551807927,5.52432562282,nan,nan,fm^4 / MeV
q00_from_e2k0,gamma_2,11.9215575381,-31.4239484146,17.8147162169,5.6706002914,nan,nan,fm^4 / MeV
q00_from_e2k0,gamma_2,11.9989702494,-32.0543837191,18.3222027219,5.83213826304,nan,nan,fm^4 / MeV
q00_from_e2k0,gamma_2,12.0763829606,-32.6510052032,18.871168223,6.00687940923,nan,nan,fm^4 / MeV
q00_from_e2k0,gamma_2,12.1537956719,-33.2086331425,19.4528893608,6.19204699837,nan,nan,fm^4 / MeV
q00_from_e2k0,gamma_2,12.2312083832,-33.7242834789,20.056482006,6.38417650458,nan,nan,fm^4 / MeV
q00_from_e2k0,gamma_2,12.3086210945,-34.1982340157,20.6694809982,6.57930014401,nan,nan,fm^4 / MeV
q00_from_e2k0,gamma_2,12.3860338058,-34.63488901,21.2789663925,6.7733053705,nan,nan,fm^4 / MeV
q00_from_e2k0,gamma_2,12.4634465171,-35.0431455587,21.8731287508,6.96243312316,nan,nan,fm^4 / MeV
q00_from_e2k0,gamma_2,12.5408592284,-35.4360451599,22.4429983633,7.14382825463,nan,nan,fm^4 / MeV
q00_from_e2k0,gamma_2,12.6182719396,-35.8296682509,22.9839633184,7.31602274794,nan,nan,fm^4 / MeV
q00_from_e2k0,gamma_2,12.6956846509,-36.24144088,23.4967186794,7.47923784853,nan,nan,fm^4 / MeV
q00_from_e2k0,gamma_2,12.7730973622,-36.688192041,23.987426619,7.63543503695,nan,nan,fm^4 / MeV
q00_from_e2k0,gamma_2,12.8505100735,-37.1843626675,24.4670774034,7.78811262352,nan,nan,fm^4 / MeV
q00_from_e2k0,gamma_2,12.9279227848,-37.7407017544,24.9502455329,7.94190981584,nan,nan,fm^4 / MeV
q00_from_e2k0,gamma_2,13.0053354961,-38.3636231981,25.4535611343,8.10212014764,nan,nan,fm^4 / MeV
q00_from_e2k0,gamma_2,13.0827482074,-39.0552067415,25.9942279714,8.27421974701,nan,nan,fm^4 / MeV
q00_from_e2k0,gamma_2,13.1601609186,-39.8136792641,26.5888303936,8.46348757635,nan,nan,fm^4 / MeV
q00_from_e2k0,gamma_2,13.2375736299,-40.6341513329,27.2525344244,8.67475113087,nan,nan,fm^4 / MeV
q00_from_e2k0,gamma_2,13.3149863412,-41.5094074921,27.9986641688,8.91225160487,nan,nan,fm^4 / MeV
q00_from_e2k0,gamma_2,13.3923990525,-42.4306211565,28.8385640218,9.1796000315,nan,nan,fm^4 / MeV
q00_from_e2k0,gamma_2,13.4698117638,-43.3879400005,29.781644393,9.47979183711,nan,nan,fm^4 / MeV
q00_from_e2k0,gamma_2,13.5472244751,-44.3709353644,30.8355296159,9.81525392247,nan,nan,fm^4 / MeV
q00_from_e2k0,gamma_2,13.6246371864,-45.3689277465,32.0062503447,10.1879059044,nan,nan,fm^4 / MeV
q00_from_e2k0,gamma_2,13.7020498977,-46.3712091476,33.298433375,10.5992205377,nan,nan,fm^4 / MeV
q00_from_e2k0,gamma_2,13.7794626089,-47.367201385,34.7154476269,11.0502701829,nan,nan,fm^4 / MeV
q00_from_e2k0,gamma_2,13.8568753202,-48.346618163,36.2594877233,11.5417534103,nan,nan,fm^4 / MeV
q00_from_e2k0,gamma_2,13.9342880315,-49.299715208,37.9316299956,12.0740128267,nan,nan,fm^4 / MeV
q00_from_e2k0,gamma_2,14.0117007428,-50.217686005,39.7319679217,12.647078187,nan,nan,fm^4 / MeV
q00_from_e2k0,gamma_2,14.0891134541,-51.0931752845,41.659986414,13.2607855339,nan,nan,fm^4 / MeV
q00_from_e2k0,gamma_2,14.1665261654,-51.9207576217,43.7153208525,13.915018805,nan,nan,fm^4 / MeV
q00_from_e2k0,gamma_2,14.2439388767,-52.6971173562,45.8989424905,14.6100871601,nan,nan,fm^4 / MeV
q00_from_e2k0,gamma_2,14.3213515879,-53.4206326781,48.21463518,15.3471950365,nan,nan,fm^4 / MeV
q00_from_e2k0,gamma_2,14.3987642992,-54.0901526633,50.6704408046,16.1289022454,nan,nan,fm^4 / MeV
q00_from_e2k0,gamma_2,14.4761770105,-54.7029537878,53.2796326986,16.9594338202,nan,nan,fm^4 / MeV
q00_from_e2k0,gamma_2,14.5535897218,-55.2521123909,56.0607892697,17.8447034518,nan,nan,fm^4 / MeV
q00_from_e2k0,gamma_2,14.6310024331,-55.7237434486,59.0366959866,18.7919639802,nan,nan,fm^4 / MeV
q00_from_e2k0,gamma_2,14.7084151444,-56.0946557018,62.2320574518,19.8090791245,nan,nan,fm^4 / MeV
q00_from_e2k0,gamma_2,14.7858278557,-56.3309246489,65.6702698445,20.9034961199,nan,nan,fm^4 / MeV
q00_from_e2k0,gamma_2,14.8632405669,-56.3877100479,69.3697045253,22.0810627521,nan,nan,fm^4 / MeV
q00_from_e2k0,gamma_2,14.9406532782,-56.21040592,73.34003643,23.3448586487,nan,nan,fm^4 / MeV
q00_from_e2k0,gamma_2,15.0180659895,-55.7369797026,77.5791134486,24.6941987721,nan,nan,fm^4 / MeV
q00_from_e2k0,gamma_2,15.0954787008,-54.9011831342,82.0707383723,26.1239273903,nan,nan,fm^4 / MeV
q00_from_e2k0,gamma_2,15.1728914121,-53.636218323,86.7835659701,27.6240670066,nan,nan,fm^4 / MeV
q00_from_e2k0,gamma_2,15.2503041234,-51.8784144085,91.6711347767,29.1798284771,nan,nan,fm^4 / MeV
q00_from_e2k0,gamma_2,15.3277168347,-49.5705090008,96.6728707744,30.7719304933,nan,nan,fm^4 / MeV
q00_from_e2k0,gamma_2,15.4051295459,-46.6642422509,101.715732803,32.3771233317,nan,nan,fm^4 / MeV
q00_from_e2k0,gamma_2,15.4825422572,-43.1221715275,106.716052157,33.9687744162,nan,nan,fm^4 / MeV
q00_from_e2k0,gamma_2,15.5599549685,-38.9188887386,111.581111665,35.5173709544,nan,nan,fm^4 / MeV
q00_from_e2k0,gamma_2,15.6373676798,-34.0421063661,116.210174319,36.9908473609,nan,nan,fm^4 / MeV
q00_from_e2k0,gamma_2,15.7147803911,-28.4942548841,120.495025368,38.3547578106,nan,nan,fm^4 / MeV
q00_from_e2k0,gamma_2,15.7921931024,-22.2951702463,124.320564131,39.5724646189,nan,nan,fm^4 / MeV
q00_from_e2k0,gamma_2,15.8696058137,-15.4860655209,127.56640592,40.6056481493,nan,nan,fm^4 / MeV
q00_from_e2k0,gamma_2,15.947018525,-8.13431692218,130.110613303,41.4154945117,nan,nan,fm^4 / MeV
q00_from_e2k0,gamma_2,16.0244312362,-0.337840878835,131.836393617,41.9648274472,nan,nan,fm^4 / MeV
q00_from_e2k0,gamma_2,16.1018439475,7.77270970047,132.641841498,42.2212094703,nan,nan,fm^4 / MeV
q00_from_e2k0,gamma_2,16.1792566588,16.0357526181,132.451735365,42.1606968089,nan,nan,fm^4 / MeV
q00_from_e2k0,gamma_2,16.2566693701,24.2658057324,131.229353821,41.7716006787,nan,nan,fm^4 / MeV
q00_from_e2k0,gamma_2,16.3340820814,32.2657744809,128.98566345,41.0574118522,nan,nan,fm^4 / MeV
q00_from_e2k0,gamma_2,16.4114947927,39.8430910361,125.783349791,40.0380837558,nan,nan,fm^4 / MeV
q00_from_e2k0,gamma_2,16.488907504,46.8270616827,121.734087734,38.7491636113,nan,nan,fm^4 / MeV
q00_from_e2k0,gamma_2,16.5663202152,53.084189761,116.988954203,37.2387406971,nan,nan,fm^4 / MeV
q00_from_e2k0,gamma_2,16.6437329265,58.5285417655,111.72352274,35.5627018075,nan,nan,fm^4 / MeV
q00_from_e2k0,gamma_2,16.7211456378,63.1253506552,106.12042678,33.7791809701,nan,nan,fm^4 / MeV
q00_from_e2k0,gamma_2,16.7985583491,66.8876496771,100.352644129,31.943238731,nan,nan,fm^4 / MeV
q00_from_e2k0,gamma_2,16.8759710604,69.8672908411,94.5703235565,30.1026689276,nan,nan,fm^4 / MeV
q00_from_e2k0,gamma_2,16.9533837717,72.1427504174,88.8928418572,28.2954703741,nan,nan,fm^4 / MeV
q00_from_e2k0,gamma_2,17.030796483,73.8063966201,83.4063660874,26.5490708963,nan,nan,fm^4 / MeV
q00_from_e2k0,gamma_2,17.1082091942,74.9534218757,78.1659706987,24.8810012366,nan,nan,fm^4 / MeV
q00_from_e2k0,gamma_2,17.1856219055,75.6737050167,73.200662322,23.3004944923,nan,nan,fm^4 / MeV
q00_from_e2k0,gamma_2,17.2630346168,76.0468615625,68.5195933315,21.8104639547,nan,nan,fm^4 / MeV
q00_from_e2k0,gamma_2,17.3404473281,76.1400014169,64.1181543072,20.4094423998,nan,nan,fm^4 / MeV
q00_from_e2k0,gamma_2,17.4178600394,76.0074022267,59.9832379606,19.0932576482,nan,nan,fm^4 / MeV
q00_from_e2k0,gamma_2,17.4952727507,75.6913743856,56.0974787505,17.8563820763,nan,nan,fm^4 / MeV
q00_from_e2k0,gamma_2,17.572685462,75.223849158,52.442532277,16.6929764803,nan,nan,fm^4 / MeV
q00_from_e2k0,gamma_2,17.6500981732,74.6284502684,49.0014728392,15.5976532423,nan,nan,fm^4 / MeV
q00_from_e2k0,gamma_2,17.7275108845,73.9228825932,45.7602874909,14.565951903,nan,nan,fm^4 / MeV
q00_from_e2k0,gamma_2,17.8049235958,73.1213935157,42.708390485,13.5945029144,nan,nan,fm^4 / MeV
q00_from_e2k0,gamma_2,17.8823363071,72.2369420471,39.8381667705,12.6808823305,nan,nan,fm^4 / MeV
q00_from_e2k0,gamma_2,17.9597490184,71.2826814637,37.143758633,11.8232255829,nan,nan,fm^4 / MeV
q00_from_e2k0,gamma_2,18.0371617297,70.2724969626,34.6195264127,11.0197375122,nan,nan,fm^4 / MeV
q00_from_e2k0,gamma_2,18.114574441,69.220612217,32.2587128127,10.2682672038,nan,nan,fm^4 / MeV
q00_from_e2k0,gamma_2,18.1919871523,68.1405742939,30.0527473945,9.56608660266,nan,nan,fm^4 / MeV
q00_from_e2k0,gamma_2,18.2693998635,67.044110422,27.9913683636,8.90992927796,nan,nan,fm^4 / MeV
q00_from_e2k0,gamma_2,18.3468125748,65.9403390555,26.0634222507,8.29624497017,nan,nan,fm^4 / MeV
q00_from_e2k0,gamma_2,18.4242252861,64.8356215317,24.2579651084,7.72155011269,nan,nan,fm^4 / MeV
q00_from_e2k0,gamma_2,18.5016379974,63.7340545598,22.5652257997,7.18273445603,nan,nan,fm^4 / MeV
q00_from_e2k0,gamma_2,18.5790507087,62.6383571402,20.9771117409,6.67722205072,nan,nan,fm^4 / MeV
q00_from_e2k0,gamma_2,18.65646342,61.5507972192,19.4871658251,6.20295753584,nan,nan,fm^4 / MeV
q00_from_e2k0,gamma_2,18.7338761313,60.4738580051,18.0901062147,5.75825965024,nan,nan,fm^4 / MeV
q00_from_e2k0,gamma_2,18.8112888425,59.4105086637,16.7812032394,5.34162289315,nan,nan,fm^4 / MeV
q00_from_e2k0,gamma_2,18.8887015538,58.3641245514,15.5557365105,4.95154471816,nan,nan,fm^4 / MeV
q00_from_e2k0,gamma_2,18.9661142651,57.3382137038,14.408665845,4.58642078518,nan,nan,fm^4 / MeV
q00_from_e2k0,gamma_2,19.0435269764,56.3361143323,13.3345171952,4.24450865071,nan,nan,fm^4 / MeV
q00_from_e2k0,gamma_2,19.1209396877,55.3607566528,12.3274004717,3.92393344109,nan,nan,fm^4 / MeV
q00_from_e2k0,gamma_2,19.198352399,54.4144915692,11.3810706284,3.62270729639,nan,nan,fm^4 / MeV
q00_from_e2k0,gamma_2,19.2757651103,53.4989364628,10.488997835,3.33875170704,nan,nan,fm^4 / MeV
q00_from_e2k0,gamma_2,19.3531778215,52.6147989588,9.64447734534,3.0699324861,nan,nan,fm^4 / MeV
q00_from_e2k0,gamma_2,19.4305905328,51.7616954214,8.84083710164,2.81412585159,nan,nan,fm^4 / MeV
q00_from_e2k0,gamma_2,19.5080032441,50.9380384147,8.07177265967,2.5693250366,nan,nan,fm^4 / MeV
q00_from_e2k0,gamma_2,19.5854159554,50.1410853346,7.33177260312,2.33377570282,nan,nan,fm^4 / MeV
q00_from_e2k0,gamma_2,19.6628286667,49.3672038616,6.61653343047,2.10610800319,nan,nan,fm^4 / MeV
q00_from_e2k0,gamma_2,19.740241378,48.6123361255,5.92323836321,1.88542532923,nan,nan,fm^4 / MeV
q00_from_e2k0,gamma_2,19.8176540893,47.8725694299,5.25060362836,1.67131904334,nan,nan,fm^4 / MeV
q00_from_e2k0,gamma_2,19.8950668005,47.1446816157,4.59866389925,1.46380018237,nan,nan,fm^4 / MeV
q00_from_e2k0,gamma_2,19.9724795118,46.4265379142,3.9683436908,1.26316302856,nan,nan,fm^4 / MeV
q00_from_e2k0,gamma_2,20.0498922231,45.7172631751,3.36091317931,1.06981189158,nan,nan,fm^4 / MeV
q00_from_e2k0,gamma_2,20.1273049344,45.0171735767,2.77744138667,0.884087051673,nan,nan,fm^4 / MeV
q00_from_e2k0,gamma_2,20.2047176457,44.3275015048,2.21834292955,0.706120485422,nan,nan,fm^4 / MeV
q00_from_e2k0,gamma_2,20.282130357,43.6499754908,1.68308370438,0.53574218238,nan,nan,fm^4 / MeV
q00_from_e2k0,gamma_2,20.3595430683,42.9863277594,1.17008111314,0.372448385948,nan,nan,fm^4 / MeV
q00_from_e2k0,gamma_2,20.4369557796,42.3378052979,0.676810354492,0.215435426906,nan,nan,fm^4 / MeV
q00_from_e2k0,gamma_2,20.5143684908,41.7047624791,0.20010487263,0.0636953592318,nan,nan,fm^4 / MeV
q00_from_e2k0,gamma_2,20.5917812021,41.0864107291,-0.263390074667,-0.0838396646891,nan,nan,fm^4 / MeV
q00_from_e2k0,gamma_2,20.6691939134,40.4807841252,-0.716685371038,-0.228128038885,nan,nan,fm^4 / MeV
q00_from_e2k0,gamma_2,20.7466066247,39.8849430571,-1.16193898226,-0.369856665197,nan,nan,fm^4 / MeV
q00_from_e2k0,gamma_2,20.824019336,39.2953863786,-1.60007620624,-0.509320075095,nan,nan,fm^4 / MeV
q00_from_e2k0,gamma_2,20.9014320473,38.7085925848,-2.03062000358,-0.646366422221,nan,nan,fm^4 / MeV
q00_from_e2k0,gamma_2,20.9788447586,38.1215824709,-2.45176212567,-0.780420123173,nan,nan,fm^4 / MeV
q00_from_e2k0,gamma_2,21.0562574698,37.5324006914,-2.86065027881,-0.910573264659,nan,nan,fm^4 / MeV
q00_from_e2k0,gamma_2,21.1336701811,36.9404465675,-3.25382778028,-1.0357255504,nan,nan,fm^4 / MeV
q00_from_e2k0,gamma_2,21.2110828924,36.3466263158,-3.62775224399,-1.15474940389,nan,nan,fm^4 / MeV
q00_from_e2k0,gamma_2,21.2884956037,35.7533281012,-3.97933358168,-1.26666121947,nan,nan,fm^4 / MeV
q00_from_e2k0,gamma_2,21.365908315,35.1642277844,-4.30645001904,-1.37078561542,nan,nan,fm^4 / MeV
q00_from_e2k0,gamma_2,21.4433210263,34.5839250696,-4.60840409159,-1.46690058188,nan,nan,fm^4 / MeV
q00_from_e2k0,gamma_2,21.5207337376,34.017408314,-4.88626262607,-1.55534570037,nan,nan,fm^4 / MeV
q00_from_e2k0,gamma_2,21.5981464488,33.4693712406,-5.14299963002,-1.63706762687,nan,nan,fm^4 / MeV
q00_from_e2k0,gamma_2,21.6755591601,32.9434584612,-5.3833561755,-1.71357549151,nan,nan,fm^4 / MeV
q00_from_e2k0,gamma_2,21.7529718714,32.4415776607,-5.61337006469,-1.7867911864,nan,nan,fm^4 / MeV
q00_from_e2k0,gamma_2,21.8303845827,31.9634481583,-5.83961171546,-1.85880614051,nan,nan,fm^4 / MeV
q00_from_e2k0,gamma_2,21.907797294,31.5065272896,-6.06826399086,-1.93158842026,nan,nan,fm^4 / MeV
q00_from_e2k0,gamma_2,21.9852100053,31.0663625886,-6.30425662563,-2.00670720898,nan,nan,fm^4 / MeV
q00_from_e2k0,gamma_2,22.0626227166,30.6372885102,-6.55066894768,-2.08514268716,nan,nan,fm^4 / MeV
q00_from_e2k0,gamma_2,22.1400354278,30.2132749858,-6.80853485104,-2.16722395351,nan,nan,fm^4 / MeV
q00_from_e2k0,gamma_2,22.2174481391,29.7886935884,-7.07704838992,-2.25269446751,nan,nan,fm^4 / MeV
q00_from_e2k0,gamma_2,22.2948608504,29.3588185371,-7.35403419364,-2.34086178717,nan,nan,fm^4 / MeV
q00_from_e2k0,gamma_2,22.3722735617,28.9200034069,-7.63647480417,-2.43076542576,nan,nan,fm^4 / MeV
q00_from_e2k0,gamma_2,22.449686273,28.4696132145,-7.92091013899,-2.52130400481,nan,nan,fm^4 / MeV
q00_from_e2k0,gamma_2,22.5270989843,28.0058794417,-8.20362975516,-2.61129645366,nan,nan,fm^4 / MeV
q00_from_e2k0,gamma_2,22.6045116956,27.5278408428,-8.48071238412,-2.69949459375,nan,nan,fm^4 / MeV
q00_from_e2k0,gamma_2,22.6819244068,27.035440251,-8.74806048703,-2.78459413795,nan,nan,fm^4 / MeV
q00_from_e2k0,gamma_2,22.7593371181,26.5297168192,-9.00158171578,-2.86529245142,nan,nan,fm^4 / MeV
q00_from_e2k0,gamma_2,22.8367498294,26.0129342213,-9.23758109317,-2.94041338638,nan,nan,fm^4 / MeV
q00_from_e2k0,gamma_2,22.9141625407,25.4884728908,-9.45329219792,-3.00907636358,nan,nan,fm^4 / MeV
q00_from_e2k0,gamma_2,22.991575252,24.9603993805,-9.64736287075,-3.07085097736,nan,nan,fm^4 / MeV
q00_from_e2k0,gamma_2,23.0689879633,24.432769788,-9.82008108647,-3.12582889295,nan,nan,fm^4 / MeV
q00_from_e2k0,gamma_2,23.1464006746,23.908857985,-9.97319936697,-3.17456795539,nan,nan,fm^4 / MeV
q00_from_e2k0,gamma_2,23.2238133859,23.390558293,-10.1093610278,-3.21790955816,nan,nan,fm^4 / MeV
q00_from_e2k0,gamma_2,23.3012260971,22.8781672992,-10.2312837305,-3.25671875977,nan,nan,fm^4 / MeV
q00_from_e2k0,gamma_2,23.3786388084,22.3706206237,-10.340948099,-3.29162601243,nan,nan,fm^4 / MeV
q00_from_e2k0,gamma_2,23.4560515197,21.8661049188,-10.4390342435,-3.3228478019,nan,nan,fm^4 / MeV
q00_from_e2k0,gamma_2,23.533464231,21.3628486325,-10.5247551615,-3.35013361758,nan,nan,fm^4 / MeV
q00_from_e2k0,gamma_2,23.6108769423,20.8598595945,-10.5960994247,-3.37284320188,nan,nan,fm^4 / MeV
q00_from_e2k0,gamma_2,23.6882896536,20.3574255699,-10.6503752029,-3.39011971866,nan,nan,fm^4 / MeV
q00_from_e2k0,gamma_2,23.7657023649,19.8572917767,-10.6848861879,-3.40110490635,nan,nan,fm^4 / MeV
q00_from_e2k0,gamma_2,23.8431150761,19.3625284894,-10.6975763465,-3.40514430931,nan,nan,fm^4 / MeV
q00_from_e2k0,gamma_2,23.9205277874,18.8771648332,-10.6875318457,-3.40194704539,nan,nan,fm^4 / MeV
q00_from_e2k0,gamma_2,23.9979404987,18.4056815443,-10.6552881785,-3.39168356735,nan,nan,fm^4 / MeV
q00_from_e2k0,gamma_2,24.07535321,17.9524419342,-10.6029301531,-3.37501749024,nan,nan,fm^4 / MeV
q00_from_e2k0,gamma_2,24.1527659213,17.5211235234,-10.5339860208,-3.35307189135,nan,nan,fm^4 / MeV
q00_from_e2k0,gamma_2,24.2301786326,17.1142112141,-10.4531196567,-3.3273313282,nan,nan,fm^4 / MeV
q00_from_e2k0,gamma_2,24.3075913439,16.7326248761,-10.3656380158,-3.29948505703,nan,nan,fm^4 / MeV
q00_from_e2k0,gamma_2,24.3850040551,16.3755609542,-10.2768659907,-3.27122804383,nan,nan,fm^4 / MeV
q00_from_e2k0,gamma_2,24.4624167664,16.0406075072,-10.1914880342,-3.24405139623,nan,nan,fm^4 / MeV
q00_from_e2k0,gamma_2,24.5398294777,15.724136995,-10.1129903629,-3.21906481139,nan,nan,fm^4 / MeV
q00_from_e2k0,gamma_2,24.617242189,15.4219052232,-10.0433334315,-3.19689232147,nan,nan,fm^4 / MeV
q00_from_e2k0,gamma_2,24.6946549003,15.1297188017,-9.98293194321,-3.17766593063,nan,nan,fm^4 / MeV
q00_from_e2k0,gamma_2,24.7720676116,14.8440086093,-9.93093338953,-3.16111427692,nan,nan,fm^4 / MeV
q00_from_e2k0,gamma_2,24.8494803229,14.5621776714,-9.88569903112,-3.14671573344,nan,nan,fm^4 / MeV
q00_from_e2k0,gamma_2,24.9268930341,14.2826677599,-9.84533870342,-3.13386864213,nan,nan,fm^4 / MeV
q00_from_e2k0,gamma_2,25.0043057454,14.0047786799,-9.80815275236,-3.12203198628,nan,nan,fm^4 / MeV
q00_from_e2k0,gamma_2,25.0817184567,13.7283416603,-9.77288578421,-3.11080616166,nan,nan,fm^4 / MeV
q00_from_e2k0,gamma_2,25.159131168,13.4533703928,-9.73877166438,-3.09994730006,nan,nan,fm^4 / MeV
q00_from_e2k0,gamma_2,25.2365438793,13.1797896364,-9.70541458915,-3.08932941324,nan,nan,fm^4 / MeV
q00_from_e2k0,gamma_2,25.3139565906,12.9072915087,-9.67258424059,-3.07887918873,nan,nan,fm^4 / MeV
q00_from_e2k0,gamma_2,25.3913693019,12.6353203809,-9.64000061594,-3.06850749887,nan,nan,fm^4 / MeV
q00_from_e2k0,gamma_2,25.4687820132,12.3631577753,-9.60716004663,-3.05805402099,nan,nan,fm^4 / MeV
q00_from_e2k0,gamma_2,25.5461947244,12.0900718035,-9.57322817944,-3.04725317221,nan,nan,fm^4 / MeV
q00_from_e2k0,gamma_2,25.6236074357,11.8155006152,-9.53701132462,-3.03572498927,nan,nan,fm^4 / MeV
q00_from_e2k0,gamma_2,25.701020147,11.5392417414,-9.4970140058,-3.02299344727,nan,nan,fm^4 / MeV
q00_from_e2k0,gamma_2,25.7784328583,11.2616126375,-9.45158679816,-3.00853351798,nan,nan,fm^4 / MeV
q00_from_e2k0,gamma_2,25.8558455696,10.9835382722,-9.3991535528,-2.99184349762,nan,nan,fm^4 / MeV
q00_from_e2k0,gamma_2,25.9332582809,10.7065231375,-9.33847988551,-2.97253046949,nan,nan,fm^4 / MeV
q00_from_e2k0,gamma_2,26.0106709922,10.4324882528,-9.26891740265,-2.95038804348,nan,nan,fm^4 / MeV
q00_from_e2k0,gamma_2,26.0880837034,10.1634962583,-9.19054905375,-2.92544262326,nan,nan,fm^4 / MeV
q00_from_e2k0,gamma_2,26.1654964147,9.90143249876,-9.10418295418,-2.89795143994,nan,nan,fm^4 / MeV
q00_from_e2k0,gamma_2,26.242909126,9.64773353224,-9.01119178527,-2.86835143155,nan,nan,fm^4 / MeV
q00_from_e2k0,gamma_2,26.3203218373,9.40324051551,-8.91325213955,-2.83717627407,nan,nan,fm^4 / MeV
q00_from_e2k0,gamma_2,26.3977345486,9.16820552235,-8.81207503447,-2.80497060126,nan,nan,fm^4 / MeV
q00_from_e2k0,gamma_2,26.4751472599,8.94241571074,-8.70921504785,-2.77222925063,nan,nan,fm^4 / MeV
q00_from_e2k0,gamma_2,26.5525599712,8.7253543774,-8.6060008698,-2.73937515736,nan,nan,fm^4 / MeV
q00_from_e2k0,gamma_2,26.6299726824,8.51631316684,-8.50356600956,-2.70676912866,nan,nan,fm^4 / MeV
q00_from_e2k0,gamma_2,26.7073853937,8.31440915357,-8.40290774841,-2.67472860901,nan,nan,fm^4 / MeV
q00_from_e2k0,gamma_2,26.784798105,8.11852388097,-8.30489196917,-2.64352921747,nan,nan,fm^4 / MeV
q00_from_e2k0,gamma_2,26.8622108163,7.92723515362,-8.21015722796,-2.61337421278,nan,nan,fm^4 / MeV
q00_from_e2k0,gamma_2,26.9396235276,7.73882741914,-8.11893482677,-2.58433722064,nan,nan,fm^4 / MeV
q00_from_e2k0,gamma_2,27.0170362389,7.55143414786,-8.03085918223,-2.55630187226,nan,nan,fm^4 / MeV
q00_from_e2k0,gamma_2,27.0944489502,7.36330203845,-7.94486381981,-2.52892869823,nan,nan,fm^4 / MeV
q00_from_e2k0,gamma_2,27.1718616614,7.17310484554,-7.85923142315,-2.50167105979,nan,nan,fm^4 / MeV
q00_from_e2k0,gamma_2,27.2492743727,6.98020569503,-7.77180521022,-2.47384243191,nan,nan,fm^4 / MeV
q00_from_e2k0,gamma_2,27.326687084,6.78478464983,-7.68030453098,-2.44471686111,nan,nan,fm^4 / MeV
q00_from_e2k0,gamma_2,27.4040997953,6.58780221884,-7.58265146351,-2.41363292432,nan,nan,fm^4 / MeV
q00_from_e2k0,gamma_2,27.4815125066,6.39083088956,-7.47722260069,-2.380073875,nan,nan,fm^4 / MeV
q00_from_e2k0,gamma_2,27.5589252179,6.19582537399,-7.36298301465,-2.34371028537,nan,nan,fm^4 / MeV
q00_from_e2k0,gamma_2,27.6363379292,6.00490246642,-7.23951187362,-2.30440820052,nan,nan,fm^4 / MeV
q00_from_e2k0,gamma_2,27.7137506405,5.82016959999,-7.1069633778,-2.2622167039,nan,nan,fm^4 / MeV
q00_from_e2k0,gamma_2,27.7911633517,5.64360044003,-6.96600795906,-2.2173492006,nan,nan,fm^4 / MeV
q00_from_e2k0,gamma_2,27.868576063,5.47693149302,-6.81777301883,-2.17016455365,nan,nan,fm^4 / MeV
q00_from_e2k0,gamma_2,27.9459887743,5.32155833001,-6.66377135165,-2.1211443005,nan,nan,fm^4 / MeV
q00_from_e2k0,gamma_2,28.0234014856,5.17843668361,-6.50579189914,-2.07085787895,nan,nan,fm^4 / MeV
q00_from_e2k0,gamma_2,28.1008141969,5.04802105707,-6.34574187628,-2.01991237439,nan,nan,fm^4 / MeV
q00_from_e2k0,gamma_2,28.1782269082,4.93027963499,-6.18546279126,-1.96889395708,nan,nan,fm^4 / MeV
q00_from_e2k0,gamma_2,28.2556396195,4.82480069063,-6.02657298393,-1.91831776059,nan,nan,fm^4 / MeV
q00_from_e2k0,gamma_2,28.3330523307,4.73096316511,-5.87039383789,-1.86860439439,nan,nan,fm^4 / MeV
q00_from_e2k0,gamma_2,28.410465042,4.64810697904,-5.71798788108,-1.82009207163,nan,nan,fm^4 / MeV
q00_from_e2k0,gamma_2,28.4878777533,4.57563053626,-5.57028676099,-1.7730773449,nan,nan,fm^4 / MeV
q00_from_e2k0,gamma_2,28.5652904646,4.51297235516,-5.42824175946,-1.72786301663,nan,nan,fm^4 / MeV
q00_from_e2k0,gamma_2,28.6427031759,4.45948836737,-5.29291470598,-1.68478707764,nan,nan,fm^4 / MeV
q00_from_e2k0,gamma_2,28.7201158872,4.4142887526,-5.16545310261,-1.64421478918,nan,nan,fm^4 / MeV
q00_from_e2k0,gamma_2,28.7975285985,4.37612069742,-5.04694843925,-1.60649358327,nan,nan,fm^4 / MeV
q00_from_e2k0,gamma_2,28.8749413097,4.34336375886,-4.93823346744,-1.57188853297,nan,nan,fm^4 / MeV
q00_from_e2k0,gamma_2,28.952354021,4.31415231682,-4.83970377706,-1.54052555844,nan,nan,fm^4 / MeV
q00_from_e2k0,gamma_2,29.0297667323,4.28658162338,-4.75123688368,-1.51236567168,nan,nan,fm^4 / MeV
q00_from_e2k0,gamma_2,29.1071794436,4.25891939035,-4.67223567006,-1.48721880436,nan,nan,fm^4 / MeV
q00_from_e2k0,gamma_2,29.1845921549,4.2297496991,-4.60176742524,-1.46478806537,nan,nan,fm^4 / MeV
q00_from_e2k0,gamma_2,29.2620048662,4.19801494757,-4.5387334392,-1.44472372445,nan,nan,fm^4 / MeV
q00_from_e2k0,gamma_2,29.3394175775,4.16297169927,-4.48200374859,-1.42666610309,nan,nan,fm^4 / MeV
q00_from_e2k0,gamma_2,29.4168302887,4.12411053974,-4.43048347006,-1.41026668909,nan,nan,fm^4 / MeV
q00_from_e2k0,gamma_2,29.494243,4.08109209417,-4.38312035455,-1.39519054119,nan,nan,fm^4 / MeV
q00_from_e2k0,gamma_2,29.5716557113,4.03372418987,-4.33889239339,-1.3811123439,nan,nan,fm^4 / MeV
q00_from_e2k0,gamma_2,29.6490684226,3.98196815256,-4.29681426694,-1.36771846026,nan,nan,fm^4 / MeV
q00_from_e2k0,gamma_2,29.7264811339,3.92593913755,-4.25597525343,-1.35471899852,nan,nan,fm^4 / MeV
q00_from_e2k0,gamma_2,29.8038938452,3.86587013538,-4.21558768655,-1.3418632367,nan,nan,fm^4 / MeV
q00_from_e2k0,gamma_2,29.8813065565,3.80203798811,-4.17500686691,-1.32894596062,nan,nan,fm^4 / MeV
q00_from_e2k0,gamma_2,29.9587192678,3.73468342698,-4.13369332235,-1.31579545096,nan,nan,fm^4 / MeV
q00_from_e2k0,cosine_6,0,-27.6007710054,0,0,nan,nan,fm^4 / MeV
q00_from_e2k0,cosine_6,0.0774127112862,-27.6990399012,-0.769237949443,-0.244856044135,nan,nan,fm^4 / MeV
q00_from_e2k0,cosine_6,0.154825422572,-27.9845589504,-1.48324322209,-0.472130981207,nan,nan,fm^4 / MeV
q00_from_e2k0,cosine_6,0.232238133859,-28.4308060547,-2.09342778438,-0.66635875978,nan,nan,fm^4 / MeV
q00_from_e2k0,cosine_6,0.309650845145,-28.9977966218,-2.56339322865,-0.815953406856,nan,nan,fm^4 / MeV
q00_from_e2k0,cosine_6,0.387063556431,-29.637591017,-2.87250152777,-0.914345634367,nan,nan,fm^4 / MeV
q00_from_e2k0,cosine_6,0.464476267717,-30.3005498973,-3.0169937497,-0.960338937083,nan,nan,fm^4 / MeV
q00_from_e2k0,cosine_6,0.541888979003,-30.941270283,-3.00865461395,-0.957684507734,nan,nan,fm^4 / MeV
q00_from_e2k0,cosine_6,0.619301690289,-31.5232751731,-2.87146759453,-0.914016523195,nan,nan,fm^4 / MeV
q00_from_e2k0,cosine_6,0.696714401576,-32.0218443899,-2.63702772467,-0.839391994903,nan,nan,fm^4 / MeV
q00_from_e2k0,cosine_6,0.774127112862,-32.4247817203,-2.33961712949,-0.744723262201,nan,nan,fm^4 / MeV
q00_from_e2k0,cosine_6,0.851539824148,-32.7313159483,-2.01178919113,-0.640372388453,nan,nan,fm^4 / MeV
q00_from_e2k0,cosine_6,0.928952535434,-32.9496439633,-1.68108576156,-0.535106217429,nan,nan,fm^4 / MeV
q00_from_e2k0,cosine_6,1.00636524672,-33.0937865342,-1.36819672637,-0.435510544247,nan,nan,fm^4 / MeV
q00_from_e2k0,cosine_6,1.08377795801,-33.1804267871,-1.08654477084,-0.345857942338,nan,nan,fm^4 / MeV
q00_from_e2k0,cosine_6,1.16119066929,-33.2262633943,-0.843014249626,-0.26833976985,nan,nan,fm^4 / MeV
q00_from_e2k0,cosine_6,1.23860338058,-33.2461891523,-0.639389748822,-0.203524078174,nan,nan,fm^4 / MeV
q00_from_e2k0,cosine_6,1.31601609186,-33.2523662548,-0.474041307329,-0.150892034582,nan,nan,fm^4 / MeV
q00_from_e2k0,cosine_6,1.39342880315,-33.2540704,-0.343470993518,-0.109330212854,nan,nan,fm^4 / MeV
q00_from_e2k0,cosine_6,1.47084151444,-33.2580545403,-0.243478860856,-0.0775017284871,nan,nan,fm^4 / MeV
q00_from_e2k0,cosine_6,1.54825422572,-33.2691506119,-0.169866410867,-0.0540701579096,nan,nan,fm^4 / MeV
q00_from_e2k0,cosine_6,1.62566693701,-33.2908704647,-0.118729785821,-0.0377928646115,nan,nan,fm^4 / MeV
q00_from_e2k0,cosine_6,1.7030796483,-33.3258557692,-0.086476244761,-0.0275262436275,nan,nan,fm^4 / MeV
q00_from_e2k0,cosine_6,1.78049235958,-33.3761261717,-0.0697191367842,-0.0221922904946,nan,nan,fm^4 / MeV
q00_from_e2k0,cosine_6,1.85790507087,-33.4431560775,-0.065179153823,-0.0207471690349,nan,nan,fm^4 / MeV
q00_from_e2k0,cosine_6,1.93531778215,-33.527856044,-0.0696644551657,-0.0221748847948,nan,nan,fm^4 / MeV
q00_from_e2k0,cosine_6,2.01273049344,-33.6305419975,-0.080143022679,-0.0255103164274,nan,nan,fm^4 / MeV
q00_from_e2k0,cosine_6,2.09014320473,-33.7509532695,-0.0938761219881,-0.0298816977054,nan,nan,fm^4 / MeV
q00_from_e2k0,cosine_6,2.16755591601,-33.8883441351,-0.108561547088,-0.0345562136975,nan,nan,fm^4 / MeV
q00_from_e2k0,cosine_6,2.2449686273,-34.0416388186,-0.122439009383,-0.0389735471411,nan,nan,fm^4 / MeV
q00_from_e2k0,cosine_6,2.32238133859,-34.2096179173,-0.134329705531,-0.0427584732788,nan,nan,fm^4 / MeV
q00_from_e2k0,cosine_6,2.39979404987,-34.3910989435,-0.14360663491,-0.0457114116135,nan,nan,fm^4 / MeV
q00_from_e2k0,cosine_6,2.47720676116,-34.5850824731,-0.150111685347,-0.0477820334776,nan,nan,fm^4 / MeV
q00_from_e2k0,cosine_6,2.55461947244,-34.7908511802,-0.154044243327,-0.0490338055608,nan,nan,fm^4 / MeV
q00_from_e2k0,cosine_6,2.63203218373,-35.0080239196,-0.155843904866,-0.0496066556205,nan,nan,fm^4 / MeV
q00_from_e2k0,cosine_6,2.70944489502,-35.2365753955,-0.156080933308,-0.0496821041168,nan,nan,fm^4 / MeV
q00_from_e2k0,cosine_6,2.7868576063,-35.4768323381,-0.155358455743,-0.0494521323652,nan,nan,fm^4 / MeV
q00_from_e2k0,cosine_6,2.86427031759,-35.7294520295,-0.154224990546,-0.0490913391875,nan,nan,fm^4 / MeV
q00_from_e2k0,cosine_6,2.94168302887,-35.9953832533,-0.15309656499,-0.048732150177,nan,nan,fm^4 / MeV
q00_from_e2k0,cosine_6,3.01909574016,-36.2758077053,-0.152192538445,-0.0484443895903,nan,nan,fm^4 / MeV
q00_from_e2k0,cosine_6,3.09650845145,-36.5720633195,-0.151494004871,-0.048222039448,nan,nan,fm^4 / MeV
q00_from_e2k0,cosine_6,3.17392116273,-36.8855579722,-0.150734088018,-0.047980150401,nan,nan,fm^4 / MeV
q00_from_e2k0,cosine_6,3.25133387402,-37.2176881611,-0.149423936595,-0.0475631162506,nan,nan,fm^4 / MeV
q00_from_e2k0,cosine_6,3.32874658531,-37.5697779781,-0.146909003951,-0.0467625883269,nan,nan,fm^4 / MeV
q00_from_e2k0,cosine_6,3.40615929659,-37.9430473272,-0.142442501777,-0.0453408565283,nan,nan,fm^4 / MeV
q00_from_e2k0,cosine_6,3.48357200788,-38.3386077789,-0.135262171454,-0.0430552864006,nan,nan,fm^4 / MeV
q00_from_e2k0,cosine_6,3.56098471916,-38.757476412,-0.124664699259,-0.0396820062322,nan,nan,fm^4 / MeV
q00_from_e2k0,cosine_6,3.63839743045,-39.2005996512,-0.110085292675,-0.0350412369819,nan,nan,fm^4 / MeV
q00_from_e2k0,cosine_6,3.71581014174,-39.6688932645,-0.0911988445748,-0.0290294938367,nan,nan,fm^4 / MeV
q00_from_e2k0,cosine_6,3.79322285302,-40.1633260396,-0.068053271095,-0.0216620289767,nan,nan,fm^4 / MeV
q00_from_e2k0,cosine_6,3.87063556431,-40.6850897089,-0.0412200226735,-0.0131207407257,nan,nan,fm^4 / MeV
q00_from_e2k0,cosine_6,3.94804827559,-41.2358898514,-0.0119079910518,-0.00379043127638,nan,nan,fm^4 / MeV
q00_from_e2k0,cosine_6,4.02546098688,-41.818351439,0.0180451716397,0.00574395653081,nan,nan,fm^4 / MeV
q00_from_e2k0,cosine_6,4.10287369817,-42.4364644234,0.0463886033071,0.0147659510389,nan,nan,fm^4 / MeV
q00_from_e2k0,cosine_6,4.18028640945,-43.0959267609,0.0709072958148,0.0225704932604,nan,nan,fm^4 / MeV
q00_from_e2k0,cosine_6,4.25769912074,-43.8042189828,0.0900172426828,0.0286533782729,nan,nan,fm^4 / MeV
q00_from_e2k0,cosine_6,4.33511183203,-44.5703107762,0.103281996273,0.0328756804784,nan,nan,fm^4 / MeV
q00_from_e2k0,cosine_6,4.41252454331,-45.4040768397,0.111532646476,0.0355019440054,nan,nan,fm^4 / MeV
q00_from_e2k0,cosine_6,4.4899372546,-46.3157589562,0.116307306178,0.0370217653919,nan,nan,fm^4 / MeV
q00_from_e2k0,cosine_6,4.56734996588,-47.316066404,0.118553473907,0.0377367427859,nan,nan,fm^4 / MeV
q00_from_e2k0,cosine_6,4.64476267717,-48.4176223574,0.11696411428,0.0372308339041,nan,nan,fm^4 / MeV
q00_from_e2k0,cosine_6,4.72217538846,-49.63829648,0.106861693124,0.0340151333756,nan,nan,fm^4 / MeV
q00_from_e2k0,cosine_6,4.79958809974,-51.0064223538,0.0810226590924,0.025790313394,nan,nan,fm^4 / MeV
q00_from_e2k0,cosine_6,4.87700081103,-52.5670066079,0.0340039411098,0.0108237906245,nan,nan,fm^4 / MeV
q00_from_e2k0,cosine_6,4.95441352232,-54.3869734408,-0.0288406375622,-0.00918026005988,nan,nan,fm^4 / MeV
q00_from_e2k0,cosine_6,5.0318262336,-56.5565801277,-0.0775086949111,-0.0246717838554,nan,nan,fm^4 / MeV
q00_from_e2k0,cosine_6,5.10923894489,-59.183792698,-0.0401573153586,-0.0127824704813,nan,nan,fm^4 / MeV
q00_from_e2k0,cosine_6,5.18665165617,-62.3789926248,0.214010938771,0.0681217975622,nan,nan,fm^4 / MeV
q00_from_e2k0,cosine_6,5.26406436746,-66.22907661,0.886689166194,0.282241927572,nan,nan,fm^4 / MeV
q00_from_e2k0,cosine_6,5.34147707875,-70.7626866712,2.25134165316,0.716624305377,nan,nan,fm^4 / MeV
q00_from_e2k0,cosine_6,5.41888979003,-75.9114827862,4.63775493841,1.47624324659,nan,nan,fm^4 / MeV
q00_from_e2k0,cosine_6,5.49630250132,-81.4752594857,8.3973434133,2.67295742613,nan,nan,fm^4 / MeV
q00_from_e2k0,cosine_6,5.5737152126,-87.1003929623,13.8501612466,4.40864325002,nan,nan,fm^4 / MeV
q00_from_e2k0,cosine_6,5.65112792389,-92.2807877144,21.2193148876,6.75431770676,nan,nan,fm^4 / MeV
q00_from_e2k0,cosine_6,5.72854063518,-96.3877598673,30.5630101915,9.72850829548,nan,nan,fm^4 / MeV
q00_from_e2k0,cosine_6,5.80595334646,-98.7303250755,41.7175583578,13.2791112527,nan,nan,fm^4 / MeV
q00_from_e2k0,cosine_6,5.88336605775,-98.64097782,54.265211307,17.2731532349,nan,nan,fm^4 / MeV
q00_from_e2k0,cosine_6,5.96077876904,-95.5756071562,67.538095083,21.4980433589,nan,nan,fm^4 / MeV
q00_from_e2k0,cosine_6,6.03819148032,-89.2112734882,80.6638879573,25.6761129948,nan,nan,fm^4 / MeV
q00_from_e2k0,cosine_6,6.11560419161,-79.5235832736,92.651176241,29.4917853641,nan,nan,fm^4 / MeV
q00_from_e2k0,cosine_6,6.19301690289,-66.827183548,102.504190574,32.628097235,nan,nan,fm^4 / MeV
q00_from_e2k0,cosine_6,6.27042961418,-51.7684400515,109.349751476,34.8071069466,nan,nan,fm^4 / MeV
q00_from_e2k0,cosine_6,6.34784232547,-35.2677161736,112.555442028,35.8275099414,nan,nan,fm^4 / MeV
q00_from_e2k0,cosine_6,6.42525503675,-18.418133821,111.818364025,35.5928907261,nan,nan,fm^4 / MeV
q00_from_e2k0,cosine_6,6.50266774804,-2.35620361107,107.208471352,34.1255163139,nan,nan,fm^4 / MeV
q00_from_e2k0,cosine_6,6.58008045932,11.8746678363,99.1585413579,31.5631440138,nan,nan,fm^4 / MeV
q00_from_e2k0,cosine_6,6.65749317061,23.4453512244,88.4026378517,28.1394335929,nan,nan,fm^4 / MeV
q00_from_e2k0,cosine_6,6.7349058819,31.8274933003,75.8743080205,24.1515423503,nan,nan,fm^4 / MeV
q00_from_e2k0,cosine_6,6.81231859318,36.8328773606,62.5827080742,19.9206946842,nan,nan,fm^4 / MeV
q00_from_e2k0,cosine_6,6.88973130447,38.6022927307,49.4879334063,15.75249845,nan,nan,fm^4 / MeV
q00_from_e2k0,cosine_6,6.96714401576,37.5498425448,37.3955386038,11.9033696368,nan,nan,fm^4 / MeV
q00_from_e2k0,cosine_6,7.04455672704,34.2760770394,26.8850962894,8.55779193991,nan,nan,fm^4 / MeV
q00_from_e2k0,cosine_6,7.12196943833,29.4675125597,18.2800371677,5.81871655027,nan,nan,fm^4 / MeV
q00_from_e2k0,cosine_6,7.19938214961,23.8003819732,11.6577781758,3.71078604429,nan,nan,fm^4 / MeV
q00_from_e2k0,cosine_6,7.2767948609,17.8632007566,6.89210793712,2.19382609303,nan,nan,fm^4 / MeV
q00_from_e2k0,cosine_6,7.35420757219,12.1070468401,3.71532739642,1.18262544069,nan,nan,fm^4 / MeV
q00_from_e2k0,cosine_6,7.43162028347,6.82589665739,1.78635847683,0.568615563443,nan,nan,fm^4 / MeV
q00_from_e2k0,cosine_6,7.50903299476,2.16349504135,0.752733670489,0.23960256898,nan,nan,fm^4 / MeV
q00_from_e2k0,cosine_6,7.58644570605,-1.860758804,0.298188765466,0.0949164319969,nan,nan,fm^4 / MeV
q00_from_e2k0,cosine_6,7.66385841733,-5.31600192919,0.172254214156,0.0548302193027,nan,nan,fm^4 / MeV
q00_from_e2k0,cosine_6,7.74127112862,-8.32255133897,0.202529656773,0.0644671919962,nan,nan,fm^4 / MeV
q00_from_e2k0,cosine_6,7.8186838399,-11.019046829,0.29330104542,0.0933606223851,nan,nan,fm^4 / MeV
q00_from_e2k0,cosine_6,7.89609655119,-13.5371568945,0.415404216537,0.132227268886,nan,nan,fm^4 / MeV
q00_from_e2k0,cosine_6,7.97350926248,-15.9842220805,0.591879299057,0.188401032317,nan,nan,fm^4 / MeV
q00_from_e2k0,cosine_6,8.05092197376,-18.4324820742,0.882543483066,0.280922315647,nan,nan,fm^4 / MeV
q00_from_e2k0,cosine_6,8.12833468505,-20.9130149598,1.36887832379,0.435727503446,nan,nan,fm^4 / MeV
q00_from_e2k0,cosine_6,8.20574739633,-23.4130317154,2.13927266053,0.680951637089,nan,nan,fm^4 / MeV
q00_from_e2k0,cosine_6,8.28316010762,-25.8762297311,3.27412101747,1.04218508842,nan,nan,fm^4 / MeV
q00_from_e2k0,cosine_6,8.36057281891,-28.2069137258,4.83063242903,1.53763805868,nan,nan,fm^4 / MeV
q00_from_e2k0,cosine_6,8.43798553019,-30.279028728,6.8281977048,2.17348283425,nan,nan,fm^4 / MeV
q00_from_e2k0,cosine_6,8.51539824148,-31.9508536642,9.23630992044,2.94000875953,nan,nan,fm^4 / MeV
q00_from_e2k0,cosine_6,8.59281095277,-33.0849301129,11.9677956548,3.80946767275,nan,nan,fm^4 / MeV
q00_from_e2k0,cosine_6,8.67022366405,-33.5711926441,14.8800786474,4.73647614065,nan,nan,fm^4 / MeV
q00_from_e2k0,cosine_6,8.74763637534,-33.3497442698,17.7862026052,5.66152412689,nan,nan,fm^4 / MeV
q00_from_e2k0,cosine_6,8.82504908662,-32.4288174104,20.4755310283,6.51756395116,nan,nan,fm^4 / MeV
q00_from_e2k0,cosine_6,8.90246179791,-30.8935660554,22.7418327005,7.23895017852,nan,nan,fm^4 / MeV
q00_from_e2k0,cosine_6,8.9798745092,-28.9025733384,24.4144214441,7.77135171111,nan,nan,fm^4 / MeV
q00_from_e2k0,cosine_6,9.05728722048,-26.671146759,25.3867184169,8.08084344987,nan,nan,fm^4 / MeV
q00_from_e2k0,cosine_6,9.13469993177,-24.4431565973,25.6364604275,8.16033880082,nan,nan,fm^4 / MeV
q00_from_e2k0,cosine_6,9.21211264305,-22.4557370363,25.2329331439,8.03189207712,nan,nan,fm^4 / MeV
q00_from_e2k0,cosine_6,9.28952535434,-20.9029920345,24.32888992,7.74412618141,nan,nan,fm^4 / MeV
q00_from_e2k0,cosine_6,9.36693806563,-19.9054563895,23.137766139,7.36497970624,nan,nan,fm^4 / MeV
q00_from_e2k0,cosine_6,9.44435077691,-19.4912551587,21.8997764886,6.97091536152,nan,nan,fm^4 / MeV
q00_from_e2k0,cosine_6,9.5217634882,-19.5928069805,20.8428210206,6.6344759868,nan,nan,fm^4 / MeV
q00_from_e2k0,cosine_6,9.59917619949,-20.0599571287,20.1452896408,6.4124448527,nan,nan,fm^4 / MeV
q00_from_e2k0,cosine_6,9.67658891077,-20.6872372101,19.9075692998,6.33677611801,nan,nan,fm^4 / MeV
q00_from_e2k0,cosine_6,9.75400162206,-21.2502195198,20.1373764772,6.4099260145,nan,nan,fm^4 / MeV
q00_from_e2k0,cosine_6,9.83141433334,-21.5442490534,20.7513268527,6.60535248865,nan,nan,fm^4 / MeV
q00_from_e2k0,cosine_6,9.90882704463,-21.4185384046,21.5920074005,6.87294941812,nan,nan,fm^4 / MeV
q00_from_e2k0,cosine_6,9.98623975592,-20.7997277219,22.456910699,7.14825668865,nan,nan,fm^4 / MeV
q00_from_e2k0,cosine_6,10.0636524672,-19.7012572268,23.1335294709,7.36363113291,nan,nan,fm^4 / MeV
q00_from_e2k0,cosine_6,10.1410651785,-18.2177505942,23.4340827636,7.45930021729,nan,nan,fm^4 / MeV
q00_from_e2k0,cosine_6,10.2184778898,-16.5064353731,23.2238538511,7.39238227609,nan,nan,fm^4 / MeV
q00_from_e2k0,cosine_6,10.2958906011,-14.7598478563,22.4387657544,7.14248097339,nan,nan,fm^4 / MeV
q00_from_e2k0,cosine_6,10.3733033123,-13.175276336,21.0901721037,6.71321028193,nan,nan,fm^4 / MeV
q00_from_e2k0,cosine_6,10.4507160236,-11.9264360999,19.2573515916,6.12980539332,nan,nan,fm^4 / MeV
q00_from_e2k0,cosine_6,10.5281287349,-11.1418572612,17.0703358743,5.43365666928,nan,nan,fm^4 / MeV
q00_from_e2k0,cosine_6,10.6055414462,-10.8927322379,14.6870846251,4.6750442354,nan,nan,fm^4 / MeV
q00_from_e2k0,cosine_6,10.6829541575,-11.1909568876,12.2694709166,3.905493891,nan,nan,fm^4 / MeV
q00_from_e2k0,cosine_6,10.7603668688,-11.996248452,9.962104145,3.17103623655,nan,nan,fm^4 / MeV
q00_from_e2k0,cosine_6,10.8377795801,-13.2298705478,7.87692683158,2.50730368324,nan,nan,fm^4 / MeV
q00_from_e2k0,cosine_6,10.9151922914,-14.7918106973,6.08510489853,1.93694904767,nan,nan,fm^4 / MeV
q00_from_e2k0,cosine_6,10.9926050026,-16.5782339626,4.61632087734,1.46942057305,nan,nan,fm^4 / MeV
q00_from_e2k0,cosine_6,11.0700177139,-18.4965333103,3.46443214788,1.10276300268,nan,nan,fm^4 / MeV
q00_from_e2k0,cosine_6,11.1474304252,-20.4760977964,2.59770721076,0.826875886594,nan,nan,fm^4 / MeV
q00_from_e2k0,cosine_6,11.2248431365,-22.4738087366,1.97151491766,0.62755268905,nan,nan,fm^4 / MeV
q00_from_e2k0,cosine_6,11.3022558478,-24.4740932979,1.54133833356,0.490623229525,nan,nan,fm^4 / MeV
q00_from_e2k0,cosine_6,11.3796685591,-26.4840368238,1.27420410999,0.405591765226,nan,nan,fm^4 / MeV
q00_from_e2k0,cosine_6,11.4570812704,-28.5245733421,1.15696222591,0.368272514449,nan,nan,fm^4 / MeV
q00_from_e2k0,cosine_6,11.5344939816,-30.6191688859,1.20026793139,0.382057148632,nan,nan,fm^4 / MeV
q00_from_e2k0,cosine_6,11.6119066929,-32.7817102864,1.43760445063,0.457603709058,nan,nan,fm^4 / MeV
q00_from_e2k0,cosine_6,11.6893194042,-35.0055021595,1.91926292212,0.610920362298,nan,nan,fm^4 / MeV
q00_from_e2k0,cosine_6,11.7667321155,-37.2553014884,2.70187327479,0.860032974582,nan,nan,fm^4 / MeV
q00_from_e2k0,cosine_6,11.8441448268,-39.4641018631,3.8348159467,1.22065982753,nan,nan,fm^4 / MeV
q00_from_e2k0,cosine_6,11.9215575381,-41.5358519314,5.34553504786,1.70153665268,nan,nan,fm^4 / MeV
q00_from_e2k0,cosine_6,11.9989702494,-43.3544481158,7.22626285343,2.30019090641,nan,nan,fm^4 / MeV
q00_from_e2k0,cosine_6,12.0763829606,-44.7982642379,9.42478630314,3.00000265546,nan,nan,fm^4 / MeV
q00_from_e2k0,cosine_6,12.1537956719,-45.758349078,11.8415162309,3.76927168369,nan,nan,fm^4 / MeV
q00_from_e2k0,cosine_6,12.2312083832,-46.1574801847,14.334235305,4.56272880845,nan,nan,fm^4 / MeV
q00_from_e2k0,cosine_6,12.3086210945,-45.9667572754,16.7306065469,5.32551746572,nan,nan,fm^4 / MeV
q00_from_e2k0,cosine_6,12.3860338058,-45.2165345132,18.8470511059,5.99920269242,nan,nan,fm^4 / MeV
q00_from_e2k0,cosine_6,12.4634465171,-43.9992827168,20.511263121,6.52893782953,nan,nan,fm^4 / MeV
q00_from_e2k0,cosine_6,12.5408592284,-42.4633336166,21.5847397272,6.87063604588,nan,nan,fm^4 / MeV
q00_from_e2k0,cosine_6,12.6182719396,-40.7981300452,21.9815069235,6.99693096697,nan,nan,fm^4 / MeV
q00_from_e2k0,cosine_6,12.6956846509,-39.213231083,21.6798096759,6.90089775042,nan,nan,fm^4 / MeV
q00_from_e2k0,cosine_6,12.7730973622,-37.9145286753,20.724814588,6.59691337267,nan,nan,fm^4 / MeV
q00_from_e2k0,cosine_6,12.8505100735,-37.0816325809,19.2220791844,6.1185778374,nan,nan,fm^4 / MeV
q00_from_e2k0,cosine_6,12.9279227848,-36.8500447692,17.3232918804,5.51417506678,nan,nan,fm^4 / MeV
q00_from_e2k0,cosine_6,13.0053354961,-37.3006444919,15.2071774851,4.84059493445,nan,nan,fm^4 / MeV
q00_from_e2k0,cosine_6,13.0827482074,-38.4574028731,13.0591716729,4.15686344885,nan,nan,fm^4 / MeV
q00_from_e2k0,cosine_6,13.1601609186,-40.2925306044,11.0533373292,3.51838654721,nan,nan,fm^4 / MeV
q00_from_e2k0,cosine_6,13.2375736299,-42.7368543438,9.33907964048,2.97272137742,nan,nan,fm^4 / MeV
q00_from_e2k0,cosine_6,13.3149863412,-45.6924588812,8.03376993239,2.5572283928,nan,nan,fm^4 / MeV
q00_from_e2k0,cosine_6,13.3923990525,-49.0446961545,7.22080372311,2.29845321126,nan,nan,fm^4 / MeV
q00_from_e2k0,cosine_6,13.4698117638,-52.6715034389,6.95132701771,2.21267611183,nan,nan,fm^4 / MeV
q00_from_e2k0,cosine_6,13.5472244751,-56.4493343043,7.24722084583,2.30686204258,nan,nan,fm^4 / MeV
q00_from_e2k0,cosine_6,13.6246371864,-60.2564811425,8.10311730843,2.57930234818,nan,nan,fm^4 / MeV
q00_from_e2k0,cosine_6,13.7020498977,-63.9757072876,9.48618052195,3.01954504226,nan,nan,fm^4 / MeV
q00_from_e2k0,cosine_6,13.7794626089,-67.498538344,11.333844925,3.6076748881,nan,nan,fm^4 / MeV
q00_from_e2k0,cosine_6,13.8568753202,-70.733101193,13.5512201195,4.31348733388,nan,nan,fm^4 / MeV
q00_from_e2k0,cosine_6,13.9342880315,-73.6161119853,16.0109536236,5.09644482563,nan,nan,fm^4 / MeV
q00_from_e2k0,cosine_6,14.0117007428,-76.1278216832,18.5585830161,5.9073804476,nan,nan,fm^4 / MeV
q00_from_e2k0,cosine_6,14.0891134541,-78.3069360295,21.0256081053,6.69265892293,nan,nan,fm^4 / MeV
q00_from_e2k0,cosine_6,14.1665261654,-80.2613032652,23.2507607403,7.40094700493,nan,nan,fm^4 / MeV
q00_from_e2k0,cosine_6,14.2439388767,-82.1699787273,25.1076282799,7.99200630011,nan,nan,fm^4 / MeV
q00_from_e2k0,cosine_6,14.3213515879,-84.2733583095,26.5345000107,8.44619367835,nan,nan,fm^4 / MeV
q00_from_e2k0,cosine_6,14.3987642992,-86.8503098962,27.5607305695,8.77285301072,nan,nan,fm^4 / MeV
q00_from_e2k0,cosine_6,14.4761770105,-90.1841580403,28.3236135053,9.01568619119,nan,nan,fm^4 / MeV
q00_from_e2k0,cosine_6,14.5535897218,-94.5222629416,29.0710013191,9.25358712112,nan,nan,fm^4 / MeV
q00_from_e2k0,cosine_6,14.6310024331,-100.035964289,30.1475536586,9.59626437378,nan,nan,fm^4 / MeV
q00_from_e2k0,cosine_6,14.7084151444,-106.788159587,31.9659748335,10.175085811,nan,nan,fm^4 / MeV
q00_from_e2k0,cosine_6,14.7858278557,-114.714441465,34.9680315623,11.1306701467,nan,nan,fm^4 / MeV
q00_from_e2k0,cosine_6,14.8632405669,-123.620718198,39.5825425574,12.5995146163,nan,nan,fm^4 / MeV
q00_from_e2k0,cosine_6,14.9406532782,-133.196289121,46.188109294,14.7021318124,nan,nan,fm^4 / MeV
q00_from_e2k0,cosine_6,15.0180659895,-143.037515506,55.0867684606,17.5346629989,nan,nan,fm^4 / MeV
q00_from_e2k0,cosine_6,15.0954787008,-152.674685334,66.491262988,21.1648263539,nan,nan,fm^4 / MeV
q00_from_e2k0,cosine_6,15.1728914121,-161.594334218,80.5241374788,25.6316290359,nan,nan,fm^4 / MeV
q00_from_e2k0,cosine_6,15.2503041234,-169.251504164,97.2226786552,30.9469397772,nan,nan,fm^4 / MeV
q00_from_e2k0,cosine_6,15.3277168347,-175.070793958,116.541234298,37.0962270251,nan,nan,fm^4 / MeV
q00_from_e2k0,cosine_6,15.4051295459,-178.440444807,138.342706642,44.0358512056,nan,nan,fm^4 / MeV
q00_from_e2k0,cosine_6,15.4825422572,-178.708494276,162.374367398,51.6853664056,nan,nan,fm^4 / MeV
q00_from_e2k0,cosine_6,15.5599549685,-175.192550129,188.229004996,59.9151531569,nan,nan,fm^4 / MeV
q00_from_e2k0,cosine_6,15.6373676798,-167.213763116,215.299348162,68.531911009,nan,nan,fm^4 / MeV
q00_from_e2k0,cosine_6,15.7147803911,-154.160774968,242.73972434,77.266454027,nan,nan,fm^4 / MeV
q00_from_e2k0,cosine_6,15.7921931024,-135.581544737,269.451993055,85.7692332413,nan,nan,fm^4 / MeV
q00_from_e2k0,cosine_6,15.8696058137,-111.291789361,294.111495668,93.6185967115,nan,nan,fm^4 / MeV
q00_from_e2k0,cosine_6,15.947018525,-81.4807130759,315.242693342,100.344865838,nan,nan,fm^4 / MeV
q00_from_e2k0,cosine_6,16.0244312362,-46.7901550076,331.34422388,105.470142191,nan,nan,fm^4 / MeV
q00_from_e2k0,cosine_6,16.1018439475,-8.34399779583,341.051370505,108.560022928,nan,nan,fm^4 / MeV
q00_from_e2k0,cosine_6,16.1792566588,32.2888190339,343.313194012,109.279983711,nan,nan,fm^4 / MeV
q00_from_e2k0,cosine_6,16.2566693701,73.2029854087,337.55464806,107.446981605,nan,nan,fm^4 / MeV
q00_from_e2k0,cosine_6,16.3340820814,112.328572777,323.792960977,103.066500556,nan,nan,fm^4 / MeV
q00_from_e2k0,cosine_6,16.4114947927,147.643777906,302.68318708,96.3470508293,nan,nan,fm^4 / MeV
q00_from_e2k0,cosine_6,16.488907504,177.396795083,275.479273155,87.6877760841,nan,nan,fm^4 / MeV
q00_from_e2k0,cosine_6,16.5663202152,200.301234093,243.911969858,77.6395913643,nan,nan,fm^4 / MeV
q00_from_e2k0,cosine_6,16.6437329265,215.672908942,210.00024271,66.8451533557,nan,nan,fm^4 / MeV
q00_from_e2k0,cosine_6,16.7211456378,223.48576572,175.825159938,55.9668866481,nan,nan,fm^4 / MeV
q00_from_e2k0,cosine_6,16.7985583491,224.339094682,143.301886259,45.614407105,nan,nan,fm^4 / MeV
q00_from_e2k0,cosine_6,16.8759710604,219.343887749,113.985038643,36.2825646771,nan,nan,fm^4 / MeV
q00_from_e2k0,cosine_6,16.9533837717,209.949932875,88.9355185434,28.3090547852,nan,nan,fm^4 / MeV
q00_from_e2k0,cosine_6,17.030796483,197.744218686,68.6647780298,21.8566776795,nan,nan,fm^4 / MeV
q00_from_e2k0,cosine_6,17.1082091942,184.253878348,53.1580739992,16.9207404844,nan,nan,fm^4 / MeV
q00_from_e2k0,cosine_6,17.1856219055,170.783133696,41.9646980392,13.3577782566,nan,nan,fm^4 / MeV
q00_from_e2k0,cosine_6,17.2630346168,158.304809502,34.3331031395,10.9285661527,nan,nan,fm^4 / MeV
q00_from_e2k0,cosine_6,17.3404473281,147.41525591,29.3639529796,9.34683653083,nan,nan,fm^4 / MeV
q00_from_e2k0,cosine_6,17.4178600394,138.349595906,26.1547896652,8.32532812149,nan,nan,fm^4 / MeV
q00_from_e2k0,cosine_6,17.4952727507,131.044485828,23.9154211044,7.61251496977,nan,nan,fm^4 / MeV
q00_from_e2k0,cosine_6,17.572685462,125.229651539,22.0415499519,7.0160432565,nan,nan,fm^4 / MeV
q00_from_e2k0,cosine_6,17.6500981732,120.527926611,20.1434961216,6.4118739578,nan,nan,fm^4 / MeV
q00_from_e2k0,cosine_6,17.7275108845,116.54595286,18.0351351815,5.74076182694,nan,nan,fm^4 / MeV
q00_from_e2k0,cosine_6,17.8049235958,112.942937864,15.6939649081,4.99554418366,nan,nan,fm^4 / MeV
q00_from_e2k0,cosine_6,17.8823363071,109.471362356,13.205865896,4.20355767032,nan,nan,fm^4 / MeV
q00_from_e2k0,cosine_6,17.9597490184,105.989791486,10.7077491446,3.40838241149,nan,nan,fm^4 / MeV
q00_from_e2k0,cosine_6,18.0371617297,102.45281875,8.338584698,2.65425394615,nan,nan,fm^4 / MeV
q00_from_e2k0,cosine_6,18.114574441,98.8860333329,6.20529898276,1.97520801294,nan,nan,fm^4 / MeV
q00_from_e2k0,cosine_6,18.1919871523,95.354664151,4.36576485997,1.38966611568,nan,nan,fm^4 / MeV
q00_from_e2k0,cosine_6,18.2693998635,91.9335609582,2.82744400341,0.900003378915,nan,nan,fm^4 / MeV
q00_from_e2k0,cosine_6,18.3468125748,88.6840237972,1.55771083062,0.495834757202,nan,nan,fm^4 / MeV
q00_from_e2k0,cosine_6,18.4242252861,85.6403553079,0.500679603876,0.159371267724,nan,nan,fm^4 / MeV
q00_from_e2k0,cosine_6,18.5016379974,82.8064753659,-0.404630254566,-0.128797810277,nan,nan,fm^4 / MeV
q00_from_e2k0,cosine_6,18.5790507087,80.1609254649,-1.20901424184,-0.384841185715,nan,nan,fm^4 / MeV
q00_from_e2k0,cosine_6,18.65646342,77.6673260242,-1.94342065399,-0.618610007179,nan,nan,fm^4 / MeV
q00_from_e2k0,cosine_6,18.7338761313,75.2868793533,-2.61597247643,-0.832689901232,nan,nan,fm^4 / MeV
q00_from_e2k0,cosine_6,18.8112888425,72.9897442063,-3.21521166938,-1.02343366054,nan,nan,fm^4 / MeV
q00_from_e2k0,cosine_6,18.8887015538,70.7628680581,-3.71793750446,-1.18345626388,nan,nan,fm^4 / MeV
q00_from_e2k0,cosine_6,18.9661142651,68.6129322386,-4.09932967785,-1.30485716319,nan,nan,fm^4 / MeV
q00_from_e2k0,cosine_6,19.0435269764,66.5642192429,-4.34288408879,-1.38238294001,nan,nan,fm^4 / MeV
q00_from_e2k0,cosine_6,19.1209396877,64.6522495931,-4.44799687505,-1.41584137904,nan,nan,fm^4 / MeV
q00_from_e2k0,cosine_6,19.198352399,62.9148000379,-4.43370001729,-1.41129054788,nan,nan,fm^4 / MeV
q00_from_e2k0,cosine_6,19.2757651103,61.3823074335,-4.33792694466,-1.38080503203,nan,nan,fm^4 / MeV
q00_from_e2k0,cosine_6,19.3531778215,60.0696532585,-4.21259903808,-1.34091192035,nan,nan,fm^4 / MeV
q00_from_e2k0,cosine_6,19.4305905328,58.9709500175,-4.11561283002,-1.3100402515,nan,nan,fm^4 / MeV
q00_from_e2k0,cosine_6,19.5080032441,58.0583077036,-4.10134615505,-1.30549902781,nan,nan,fm^4 / MeV
q00_from_e2k0,cosine_6,19.5854159554,57.2847785041,-4.21151517854,-1.34056691714,nan,nan,fm^4 / MeV
q00_from_e2k0,cosine_6,19.6628286667,56.5909058451,-4.46808981803,-1.42223716144,nan,nan,fm^4 / MeV
q00_from_e2k0,cosine_6,19.740241378,55.9136711387,-4.86955727714,-1.55002822265,nan,nan,fm^4 / MeV
q00_from_e2k0,cosine_6,19.8176540893,55.1962355124,-5.39120185845,-1.71607284996,nan,nan,fm^4 / MeV
q00_from_e2k0,cosine_6,19.8950668005,54.3967650782,-5.98935903501,-1.90647219275,nan,nan,fm^4 / MeV
q00_from_e2k0,cosine_6,19.9724795118,53.4948082455,-6.60892253572,-2.10368538014,nan,nan,fm^4 / MeV
q00_from_e2k0,cosine_6,20.0498922231,52.4941194751,-7.19284051627,-2.28955224607,nan,nan,fm^4 / MeV
q00_from_e2k0,cosine_6,20.1273049344,51.4214198995,-7.69200893852,-2.44844248975,nan,nan,fm^4 / MeV
q00_from_e2k0,cosine_6,20.2047176457,50.3212558131,-8.07390030664,-2.57000228766,nan,nan,fm^4 / MeV
q00_from_e2k0,cosine_6,20.282130357,49.2477592369,-8.32845971826,-2.651031065,nan,nan,fm^4 / MeV
q00_from_e2k0,cosine_6,20.3595430683,48.2546346469,-8.47022751538,-2.69615715637,nan,nan,fm^4 / MeV
q00_from_e2k0,cosine_6,20.4369557796,47.3850135106,-8.53624653559,-2.71717166318,nan,nan,fm^4 / MeV
q00_from_e2k0,cosine_6,20.5143684908,46.6628810378,-8.579994858,-2.73109718671,nan,nan,fm^4 / MeV
q00_from_e2k0,cosine_6,20.5917812021,46.0875695501,-8.66224929912,-2.7572795885,nan,nan,fm^4 / MeV
q00_from_e2k0,cosine_6,20.6691939134,45.6323518176,-8.84032513654,-2.81396288804,nan,nan,fm^4 / MeV
q00_from_e2k0,cosine_6,20.7466066247,45.2475178557,-9.15746028242,-2.91491014023,nan,nan,fm^4 / MeV
q00_from_e2k0,cosine_6,20.824019336,44.8675774945,-9.63415240125,-3.06664595432,nan,nan,fm^4 / MeV
q00_from_e2k0,cosine_6,20.9014320473,44.4215189913,-10.2629928214,-3.26681207689,nan,nan,fm^4 / MeV
q00_from_e2k0,cosine_6,20.9788447586,43.84449584,-11.0080005074,-3.50395538862,nan,nan,fm^4 / MeV
q00_from_e2k0,cosine_6,21.0562574698,43.0890162869,-11.8087235768,-3.75883345772,nan,nan,fm^4 / MeV
q00_from_e2k0,cosine_6,21.1336701811,42.133739007,-12.5885673057,-4.00706542628,nan,nan,fm^4 / MeV
q00_from_e2k0,cosine_6,21.2110828924,40.988342727,-13.2660702955,-4.22272132585,nan,nan,fm^4 / MeV
q00_from_e2k0,cosine_6,21.2884956037,39.6935822241,-13.7673229499,-4.38227500124,nan,nan,fm^4 / MeV
q00_from_e2k0,cosine_6,21.365908315,38.3164556432,-14.0375086501,-4.46827778071,nan,nan,fm^4 / MeV
q00_from_e2k0,cosine_6,21.4433210263,36.9412386801,-14.0496937089,-4.47215640541,nan,nan,fm^4 / MeV
q00_from_e2k0,cosine_6,21.5207337376,35.6578327277,-13.809472001,-4.3956914609,nan,nan,fm^4 / MeV
q00_from_e2k0,cosine_6,21.5981464488,34.5492957855,-13.3547906496,-4.2509618917,nan,nan,fm^4 / MeV
q00_from_e2k0,cosine_6,21.6755591601,33.6805016318,-12.7511016963,-4.05880172968,nan,nan,fm^4 / MeV
q00_from_e2k0,cosine_6,21.7529718714,33.0896021135,-12.0827408573,-3.84605586708,nan,nan,fm^4 / MeV
q00_from_e2k0,cosine_6,21.8303845827,32.7834197794,-11.441986482,-3.64209741481,nan,nan,fm^4 / MeV
q00_from_e2k0,cosine_6,21.907797294,32.7371985573,-10.9175085234,-3.47515089548,nan,nan,fm^4 / MeV
q00_from_e2k0,cosine_6,21.9852100053,32.898436961,-10.5838572812,-3.36894640656,nan,nan,fm^4 / MeV
q00_from_e2k0,cosine_6,22.0626227166,33.1939559963,-10.4933138482,-3.34012553671,nan,nan,fm^4 / MeV
q00_from_e2k0,cosine_6,22.1400354278,33.539001882,-10.6709300085,-3.39666251647,nan,nan,fm^4 / MeV
q00_from_e2k0,cosine_6,22.2174481391,33.8470785355,-11.1130476951,-3.53739294699,nan,nan,fm^4 / MeV
q00_from_e2k0,cosine_6,22.2948608504,34.03931177,-11.7891165558,-3.75259234909,nan,nan,fm^4 / MeV
q00_from_e2k0,cosine_6,22.3722735617,34.0523894281,-12.6462912282,-4.02543952148,nan,nan,fm^4 / MeV
q00_from_e2k0,cosine_6,22.449686273,33.8444103115,-13.6161027863,-4.33414012819,nan,nan,fm^4 / MeV
q00_from_e2k0,cosine_6,22.5270989843,33.39823954,-14.6224298133,-4.65446396959,nan,nan,fm^4 / MeV
q00_from_e2k0,cosine_6,22.6045116956,32.722178056,-15.5899872035,-4.96244705234,nan,nan,fm^4 / MeV
q00_from_e2k0,cosine_6,22.6819244068,31.8479217582,-16.4525530076,-5.2370102753,nan,nan,fm^4 / MeV
q00_from_e2k0,cosine_6,22.7593371181,30.8259526063,-17.1601428323,-5.46224311184,nan,nan,fm^4 / MeV
q00_from_e2k0,cosine_6,22.8367498294,29.718714046,-17.6843359764,-5.62909897188,nan,nan,fm^4 / MeV
q00_from_e2k0,cosine_6,22.9141625407,28.5921946032,-18.0210100696,-5.73626566416,nan,nan,fm^4 / MeV
q00_from_e2k0,cosine_6,22.991575252,27.5068501424,-18.1899143505,-5.7900295666,nan,nan,fm^4 / MeV
q00_from_e2k0,cosine_6,23.0689879633,26.5090649387,-18.2308475161,-5.8030589979,nan,nan,fm^4 / MeV
q00_from_e2k0,cosine_6,23.1464006746,25.6244851371,-18.1966967278,-5.79218846436,nan,nan,fm^4 / MeV
q00_from_e2k0,cosine_6,23.2238133859,24.8544625967,-18.1441703223,-5.77546879019,nan,nan,fm^4 / MeV
q00_from_e2k0,cosine_6,23.3012260971,24.1764734301,-18.1235953508,-5.76891957336,nan,nan,fm^4 / MeV
q00_from_e2k0,cosine_6,23.3786388084,23.5487462589,-18.1695062716,-5.78353347333,nan,nan,fm^4 / MeV
q00_from_e2k0,cosine_6,23.4560515197,22.9185520373,-18.293796394,-5.82309624805,nan,nan,fm^4 / MeV
q00_from_e2k0,cosine_6,23.533464231,22.2328338613,-18.4828743475,-5.88328162991,nan,nan,fm^4 / MeV
q00_from_e2k0,cosine_6,23.6108769423,21.4492780466,-18.6995894296,-5.95226418301,nan,nan,fm^4 / MeV
q00_from_e2k0,cosine_6,23.6882896536,20.5457062376,-18.8897818384,-6.01280430703,nan,nan,fm^4 / MeV
q00_from_e2k0,cosine_6,23.7657023649,19.525887887,-18.992367083,-6.04545820456,nan,nan,fm^4 / MeV
q00_from_e2k0,cosine_6,23.8431150761,18.4205156036,-18.9510945272,-6.03232074202,nan,nan,fm^4 / MeV
q00_from_e2k0,cosine_6,23.9205277874,17.2830299475,-18.7257150239,-5.96058021798,nan,nan,fm^4 / MeV
q00_from_e2k0,cosine_6,23.9979404987,16.1810236077,-18.3003600362,-5.82518552026,nan,nan,fm^4 / MeV
q00_from_e2k0,cosine_6,24.07535321,15.1848649694,-17.6874736324,-5.63009771881,nan,nan,fm^4 / MeV
q00_from_e2k0,cosine_6,24.1527659213,14.3557514518,-16.9265370108,-5.3878840694,nan,nan,fm^4 / MeV
q00_from_e2k0,cosine_6,24.2301786326,13.7355042742,-16.0778852552,-5.11774982566,nan,nan,fm^4 / MeV
q00_from_e2k0,cosine_6,24.3075913439,13.3400275749,-15.212902716,-4.84241733206,nan,nan,fm^4 / MeV
q00_from_e2k0,cosine_6,24.3850040551,13.1575677725,-14.4025804911,-4.58448375688,nan,nan,fm^4 / MeV
q00_from_e2k0,cosine_6,24.4624167664,13.1519045722,-13.7066803508,-4.36297186242,nan,nan,fm^4 / MeV
q00_from_e2k0,cosine_6,24.5398294777,13.2696086046,-13.1655298918,-4.19071832141,nan,nan,fm^4 / MeV
q00_from_e2k0,cosine_6,24.617242189,13.4497288203,-12.7958389812,-4.07304204974,nan,nan,fm^4 / MeV
q00_from_e2k0,cosine_6,24.6946549003,13.6338833118,-12.5910333944,-4.0078504067,nan,nan,fm^4 / MeV
q00_from_e2k0,cosine_6,24.7720676116,13.7747857545,-12.5256547008,-3.98703972218,nan,nan,fm^4 / MeV
q00_from_e2k0,cosine_6,24.8494803229,13.8417087369,-12.5625841596,-3.99879473401,nan,nan,fm^4 / MeV
q00_from_e2k0,cosine_6,24.9268930341,13.8221382069,-12.6613750567,-4.03024085322,nan,nan,fm^4 / MeV
q00_from_e2k0,cosine_6,25.0043057454,13.7197276812,-12.7859047621,-4.06987988959,nan,nan,fm^4 / MeV
q00_from_e2k0,cosine_6,25.0817184567,13.5494230928,-12.9098728031,-4.1093401426,nan,nan,fm^4 / MeV
q00_from_e2k0,cosine_6,25.159131168,13.3311388843,-13.0192765692,-4.14416444294,nan,nan,fm^4 / MeV
q00_from_e2k0,cosine_6,25.2365438793,13.0835305551,-13.1117357806,-4.17359512399,nan,nan,fm^4 / MeV
q00_from_e2k0,cosine_6,25.3139565906,12.819220142,-13.1932355811,-4.19953731621,nan,nan,fm^4 / MeV
q00_from_e2k0,cosine_6,25.3913693019,12.5423614452,-13.2733636471,-4.22504287178,nan,nan,fm^4 / MeV
q00_from_e2k0,cosine_6,25.4687820132,12.2488118596,-13.3603327368,-4.25272599282,nan,nan,fm^4 / MeV
q00_from_e2k0,cosine_6,25.5461947244,11.9285616871,-13.4569848187,-4.28349130603,nan,nan,fm^4 / MeV
q00_from_e2k0,cosine_6,25.6236074357,11.5695996801,-13.5586183787,-4.31584227295,nan,nan,fm^4 / MeV
q00_from_e2k0,cosine_6,25.701020147,11.1621587963,-13.6529744774,-4.34587675198,nan,nan,fm^4 / MeV
q00_from_e2k0,cosine_6,25.7784328583,10.7023173482,-13.7221925972,-4.36790956379,nan,nan,fm^4 / MeV
q00_from_e2k0,cosine_6,25.8558455696,10.1941904274,-13.7461280446,-4.37552845334,nan,nan,fm^4 / MeV
q00_from_e2k0,cosine_6,25.9332582809,9.650346452,-13.7061937171,-4.36281696209,nan,nan,fm^4 / MeV
q00_from_e2k0,cosine_6,26.0106709922,9.09051193351,-13.5888794228,-4.32547466243,nan,nan,fm^4 / MeV
q00_from_e2k0,cosine_6,26.0880837034,8.53897906644,-13.3882832321,-4.26162291182,nan,nan,fm^4 / MeV
q00_from_e2k0,cosine_6,26.1654964147,8.02133364246,-13.1072893657,-4.17217978619,nan,nan,fm^4 / MeV
q00_from_e2k0,cosine_6,26.242909126,7.56115118968,-12.7573540554,-4.06079191739,nan,nan,fm^4 / MeV
q00_from_e2k0,cosine_6,26.3203218373,7.17719154577,-12.3571301413,-3.93339668884,nan,nan,fm^4 / MeV
q00_from_e2k0,cosine_6,26.3977345486,6.88141588001,-11.9303178539,-3.79753811822,nan,nan,fm^4 / MeV
q00_from_e2k0,cosine_6,26.4751472599,6.67792854651,-11.503159068,-3.66156925368,nan,nan,fm^4 / MeV
q00_from_e2k0,cosine_6,26.5525599712,6.56277240227,-11.1019201214,-3.53385093025,nan,nan,fm^4 / MeV
q00_from_e2k0,cosine_6,26.6299726824,6.52441624191,-10.7505846082,-3.42201736305,nan,nan,fm^4 / MeV
q00_from_e2k0,cosine_6,26.7073853937,6.544767969,-10.46885886,-3.33234127221,nan,nan,fm^4 / MeV
q00_from_e2k0,cosine_6,26.784798105,6.60059807824,-10.2705219979,-3.26920868822,nan,nan,fm^4 / MeV
q00_from_e2k0,cosine_6,26.8622108163,6.66531984957,-10.1621455695,-3.23471139962,nan,nan,fm^4 / MeV
q00_from_e2k0,cosine_6,26.9396235276,6.71110231134,-10.1422512259,-3.22837883337,nan,nan,fm^4 / MeV
q00_from_e2k0,cosine_6,27.0170362389,6.71126473063,-10.2010327647,-3.24708957829,nan,nan,fm^4 / MeV
q00_from_e2k0,cosine_6,27.0944489502,6.64281949984,-10.3207979722,-3.28521202786,nan,nan,fm^4 / MeV
q00_from_e2k0,cosine_6,27.1718616614,6.48892226276,-10.477252545,-3.33501306511,nan,nan,fm^4 / MeV
q00_from_e2k0,cosine_6,27.2492743727,6.24089819919,-10.6416424279,-3.38733999004,nan,nan,fm^4 / MeV
q00_from_e2k0,cosine_6,27.326687084,5.89948572669,-10.7836098163,-3.43252961327,nan,nan,fm^4 / MeV
q00_from_e2k0,cosine_6,27.4040997953,5.47500151878,-10.874443165,-3.46144276616,nan,nan,fm^4 / MeV
q00_from_e2k0,cosine_6,27.4815125066,4.98628464885,-10.890265254,-3.46647909352,nan,nan,fm^4 / MeV
q00_from_e2k0,cosine_6,27.5589252179,4.45849442819,-10.8146525857,-3.44241083368,nan,nan,fm^4 / MeV
q00_from_e2k0,cosine_6,27.6363379292,3.92006534929,-10.6402402483,-3.38689366241,nan,nan,fm^4 / MeV
q00_from_e2k0,cosine_6,27.7137506405,3.39930455683,-10.3690349362,-3.30056633039,nan,nan,fm^4 / MeV
q00_from_e2k0,cosine_6,27.7911633517,2.92120237555,-10.0114007922,-3.18672784672,nan,nan,fm^4 / MeV
q00_from_e2k0,cosine_6,27.868576063,2.50498807629,-9.58394212846,-3.0506635281,nan,nan,fm^4 / MeV
q00_from_e2k0,cosine_6,27.9459887743,2.16280628682,-9.10672120057,-2.89875938886,nan,nan,fm^4 / MeV
q00_from_e2k0,cosine_6,28.0234014856,1.89965003854,-8.60036563186,-2.73758140542,nan,nan,fm^4 / MeV
q00_from_e2k0,cosine_6,28.1008141969,1.71442157937,-8.08361077589,-2.57309322603,nan,nan,fm^4 / MeV
q00_from_e2k0,cosine_6,28.1782269082,1.60176529185,-7.57169095315,-2.41014408552,nan,nan,fm^4 / MeV
q00_from_e2k0,cosine_6,28.2556396195,1.55418159471,-7.07577423995,-2.25228889298,nan,nan,fm^4 / MeV
q00_from_e2k0,cosine_6,28.3330523307,1.563916069,-6.60338362374,-2.1019222897,nan,nan,fm^4 / MeV
q00_from_e2k0,cosine_6,28.410465042,1.62422299724,-6.15952473297,-1.9606376167,nan,nan,fm^4 / MeV
q00_from_e2k0,cosine_6,28.4878777533,1.72979626884,-5.74809958868,-1.82967692585,nan,nan,fm^4 / MeV
q00_from_e2k0,cosine_6,28.5652904646,1.8763916105,-5.37315729202,-1.71032908607,nan,nan,fm^4 / MeV
q00_from_e2k0,cosine_6,28.6427031759,2.05987364951,-5.03961763889,-1.60416011705,nan,nan,fm^4 / MeV
q00_from_e2k0,cosine_6,28.7201158872,2.27505852417,-4.75327551229,-1.51301458732,nan,nan,fm^4 / MeV
q00_from_e2k0,cosine_6,28.7975285985,2.51475689658,-4.52010533812,-1.43879421572,nan,nan,fm^4 / MeV
q00_from_e2k0,cosine_6,28.8749413097,2.76934952999,-4.34508089703,-1.38308220579,nan,nan,fm^4 / MeV
q00_from_e2k0,cosine_6,28.952354021,3.02707105998,-4.23085752319,-1.34672377667,nan,nan,fm^4 / MeV
q00_from_e2k0,cosine_6,29.0297667323,3.27498017726,-4.17670036005,-1.32948501623,nan,nan,fm^4 / MeV
q00_from_e2k0,cosine_6,29.1071794436,3.50040764816,-4.17797795995,-1.32989168891,nan,nan,fm^4 / MeV
q00_from_e2k0,cosine_6,29.1845921549,3.69254441536,-4.22639460017,-1.34530318415,nan,nan,fm^4 / MeV
q00_from_e2k0,cosine_6,29.2620048662,3.84379148537,-4.31094640292,-1.37221685886,nan,nan,fm^4 / MeV
q00_from_e2k0,cosine_6,29.3394175775,3.95054940855,-4.4194041814,-1.40674004198,nan,nan,fm^4 / MeV
q00_from_e2k0,cosine_6,29.4168302887,4.01326160105,-4.53999544377,-1.44512543298,nan,nan,fm^4 / MeV
q00_from_e2k0,cosine_6,29.494243,4.03570673253,-4.66291065088,-1.48425055857,nan,nan,fm^4 / MeV
q00_from_e2k0,cosine_6,29.5716557113,4.02371495459,-4.78130466389,-1.52193654337,nan,nan,fm^4 / MeV
q00_from_e2k0,cosine_6,29.6490684226,3.98361640817,-4.89158999699,-1.5570414552,nan,nan,fm^4 / MeV
q00_from_e2k0,cosine_6,29.7264811339,3.92078620557,-4.99299118803,-1.58931845678,nan,nan,fm^4 / MeV
q00_from_e2k0,cosine_6,29.8038938452,3.83861602274,-5.08650561821,-1.61908502441,nan,nan,fm^4 / MeV
q00_from_e2k0,cosine_6,29.8813065565,3.7381292456,-5.17355200544,-1.64679275002,nan,nan,fm^4 / MeV
q00_from_e2k0,cosine_6,29.9587192678,3.61829439668,-5.25465121463,-1.67260743006,nan,nan,fm^4 / MeV
