channel,window,time_fm_c,raw_signal,reference_signal,reference_delta,delta_signal,window_value,filtered_signal
e2k0_diagonal,gamma_1,0,79.8125873639,79.8125873639,0,0,1,0
e2k0_diagonal,gamma_1,2,79.7894723826,79.8125825284,-4.83552952346e-06,-0.0231101457154,0.994945088566,-0.0229933259756
e2k0_diagonal,gamma_1,4,79.7670284506,79.8125681414,-1.92225085414e-05,-0.0455396907861,0.989915729261,-0.0450804562148
e2k0_diagonal,gamma_1,6,79.7458896355,79.8125445731,-4.27907549465e-05,-0.0666549376742,0.984911792922,-0.0656492341718
e2k0_diagonal,gamma_1,8,79.7266470519,79.8125124793,-7.48845665441e-05,-0.0858654274213,0.979933151038,-0.0841423788582
e2k0_diagonal,gamma_1,10,79.7098147192,79.8124727933,-0.000114570609668,-0.102658074039,0.974979675748,-0.100089535739
e2k0_diagonal,gamma_1,12,79.6958143583,79.8124267006,-0.000160663310652,-0.11661234227,0.970051239837,-0.113119947199
e2k0_diagonal,gamma_1,14,79.684970303,79.8123756063,-0.00021175761195,-0.127405303301,0.965147716732,-0.122964937581
e2k0_diagonal,gamma_1,16,79.6774951587,79.8123210945,-0.000266269394132,-0.134825935785,0.960268980503,-0.129469163901
e2k0_diagonal,gamma_1,18,79.6734908405,79.8122648901,-0.000322473828604,-0.13877404955,0.955414905854,-0.132586795486
e2k0_diagonal,gamma_1,20,79.6729534956,79.8122088163,-0.000378547569198,-0.13925532069,0.950585368121,-0.132374070281
e2k0_diagonal,gamma_1,22,79.6757729549,79.812154751,-0.000432612929018,-0.136381796052,0.945780243275,-0.128987208248
e2k0_diagonal,gamma_1,24,79.6817440441,79.8121045838,-0.000482780128678,-0.130360539672,0.940999407908,-0.122669190646
e2k0_diagonal,gamma_1,26,79.6905787294,79.8120601696,-0.000527194283251,-0.121481440209,0.936242739242,-0.113736116348
e2k0_diagonal,gamma_1,28,79.7019155692,79.8120232806,-0.000564083332705,-0.110107711388,0.931510115114,-0.102566446909
e2k0_diagonal,gamma_1,30,79.7153364929,79.8119955617,-0.000591802222445,-0.0966590687333,0.926801413982,-0.0895837615761
e2k0_diagonal,gamma_1,32,79.7303824631,79.8119784845,-0.000608879350523,-0.0815960214278,0.922116514917,-0.0752410389101
e2k0_diagonal,gamma_1,34,79.7465669361,79.8119733029,-0.000614061008037,-0.0654063667292,0.917455297602,-0.0600074176526
e2k0_diagonal,gamma_1,36,79.7633921696,79.8119810163,-0.00060634761951,-0.0485888466671,0.912817642327,-0.044352756458
e2k0_diagonal,gamma_1,38,79.7803643566,79.8120023383,-0.000585025615919,-0.0316379816818,0.908203429989,-0.0287337234813
e2k0_diagonal,gamma_1,40,79.7970076476,79.8120376679,-0.000549695982244,-0.0150300202977,0.903612542086,-0.0135813148488
e2k0_diagonal,gamma_1,42,79.8128761552,79.8120870681,-0.000500295828076,0.000789087181076,0.899044860715,0.000709424774802
e2k0_diagonal,gamma_1,44,79.8275633997,79.8121502556,-0.00043710833431,0.0154131441725,0.894500268569,0.0137870616018
e2k0_diagonal,gamma_1,46,79.8407129332,79.8122266015,-0.000360762365531,0.028486331699,0.889978648933,0.0253522269985
e2k0_diagonal,gamma_1,48,79.8520261769,79.812315135,-0.000272228915151,0.0397110419144,0.885479885684,0.0351633288547
e2k0_diagonal,gamma_1,50,79.8612662407,79.8124145535,-0.000172810433341,0.0488516872594,0.881003863285,0.0430385252035
e2k0_diagonal,gamma_1,52,79.8682614422,79.8125232472,-6.41167079323e-05,0.0557381950127,0.876550466783,0.048857340856
e2k0_diagonal,gamma_1,54,79.8729062172,79.8126393327,5.19688214951e-05,0.0602668844441,0.872119581805,0.0525599300581
e2k0_diagonal,gamma_1,56,79.8751598419,79.8127606952,0.000173331348009,0.0623991466323,0.867711094559,0.0541444318239
e2k0_diagonal,gamma_1,58,79.8750463342,79.812885042,0.000297678117178,0.0621612922447,0.863324891826,0.0536653909029
e2k0_diagonal,gamma_1,60,79.8726507659,79.8130099596,0.000422595734648,0.0596408062698,0.858960860958,0.0512291183018
e2k0_diagonal,gamma_1,62,79.8681148394,79.8131329746,0.000545610687112,0.054981864801,0.854618889881,0.0469885402598
e2k0_diagonal,gamma_1,64,79.8616326682,79.8132516193,0.000664255429058,0.0483810489263,0.850298867082,0.0411383510903
e2k0_diagonal,gamma_1,66,79.8534440586,79.8133634987,0.000776134838276,0.040080559915,0.846000681616,0.0339081810076
e2k0_diagonal,gamma_1,68,79.8438273245,79.8134663562,0.000878992359375,0.0303609682698,0.841724223097,0.0255555624294
e2k0_diagonal,gamma_1,70,79.8330930267,79.8135581397,0.000970775823717,0.01953488697,0.837469381697,0.0163598697123
e2k0_diagonal,gamma_1,72,79.821574857,79.813637061,0.00104969706823,0.00793779604544,0.833236048144,0.00661405780787
e2k0_diagonal,gamma_1,74,79.8096220241,79.8137016496,0.00111428574428,-0.00407962553373,0.829024113716,-0.0033821079424
e2k0_diagonal,gamma_1,76,79.7975913231,79.8137508015,0.00116343757253,-0.0161594783362,0.824833470245,-0.0133288785934
e2k0_diagonal,gamma_1,78,79.7858371557,79.8137838136,0.00119644966931,-0.0279466578556,0.820664010104,-0.0229348163048
e2k0_diagonal,gamma_1,80,79.774704847,79.8138004083,0.00121304439301,-0.0390955612993,0.816515626216,-0.0319221367166
e2k0_diagonal,gamma_1,82,79.7645211935,79.8138007416,0.00121337768336,-0.0492795480291,0.812388212041,-0.0400341239135
e2k0_diagonal,gamma_1,84,79.7555861923,79.8137853978,0.00119803393498,-0.0581992055058,0.808281661578,-0.0470413505288
e2k0_diagonal,gamma_1,86,79.748165895,79.8137553737,0.00116800986009,-0.0655894787774,0.804195869365,-0.0527467879066
e2k0_diagonal,gamma_1,88,79.7424852621,79.8137120474,0.00112468349462,-0.071226785311,0.800130730469,-0.0569907397598
e2k0_diagonal,gamma_1,90,79.7387216777,79.8136571351,0.0010697711694,-0.0749354573357,0.796086140491,-0.0596550790163
e2k0_diagonal,gamma_1,92,79.7370014215,79.8135926373,0.00100527339443,-0.0765912157439,0.792061995557,-0.0606649911842
e2k0_diagonal,gamma_1,94,79.7373955027,79.8135207718,0.000933407951791,-0.0761252691608,0.788058192319,-0.0599911420046
e2k0_diagonal,gamma_1,96,79.7399176805,79.8134439021,0.000856538179164,-0.0735262215853,0.784074627951,-0.0576500448342
e2k0_diagonal,gamma_1,98,79.7445246054,79.8133644623,0.000777098391836,-0.068839856911,0.780111200149,-0.0537027433929
e2k0_diagonal,gamma_1,100,79.7511166552,79.8132848744,0.00069751050151,-0.0621682192185,0.776167807123,-0.0482529703836
e2k0_diagonal,gamma_1,102,79.7595404568,79.8132074656,0.000620101713167,-0.0536670088085,0.7722443476,-0.041444044205
e2k0_diagonal,gamma_1,104,79.7695932222,79.8131343949,0.000547030981522,-0.0435411726308,0.768340720817,-0.0334544559644
e2k0_diagonal,gamma_1,106,79.7810282274,79.8130675833,0.000480219410463,-0.032039355861,0.764456826522,-0.0244927043053
e2k0_diagonal,gamma_1,108,79.79356078,79.8130086515,0.000421287655087,-0.0194478715363,0.760592564968,-0.014791906495
e2k0_diagonal,gamma_1,110,79.8068775248,79.8129588675,0.000371503594693,-0.0060813426702,0.756747836915,-0.00460204291121
e2k0_diagonal,gamma_1,112,79.8206444024,79.8129191049,0.000331740993758,0.00772529750567,0.752922543621,0.0058165506482
e2k0_diagonal,gamma_1,114,79.8345161544,79.8128898159,0.000302452027654,0.0216263384505,0.749116586846,0.0162006488461
e2k0_diagonal,gamma_1,116,79.8481457431,79.8128710183,0.000283654444885,0.0352747247275,0.745329868846,0.0262913059547
e2k0_diagonal,gamma_1,118,79.8611933167,79.8128622992,0.000274935275399,0.0483310175401,0.741562292369,0.0358404601596
e2k0_diagonal,gamma_1,120,79.8733357421,79.8128628348,0.000275470934696,0.0604729073203,0.737813760658,0.0446177431679
e2k0_diagonal,gamma_1,122,79.8842754837,79.8128714264,0.000284062561605,0.0714040572132,0.734084177443,0.0524165886054
e2k0_diagonal,gamma_1,124,79.8937478805,79.8128865492,0.000299185301401,0.0808613312638,0.730373446941,0.0590589692393
e2k0_diagonal,gamma_1,126,79.9015285906,79.8129064113,0.000319047413711,0.0886221792869,0.726681473852,0.0644000958602
e2k0_diagonal,gamma_1,128,79.9074386305,79.8129290214,0.000341657499192,0.0945096091101,0.723008163361,0.0683312189027
e2k0_diagonal,gamma_1,130,79.9113483255,79.812952266,0.000364902070871,0.0983960595107,0.719353421129,0.0707815420346
e2k0_diagonal,gamma_1,132,79.9131805435,79.8129739915,0.000386627658017,0.100206551936,0.715717153295,0.0717195480935
e2k0_diagonal,gamma_1,134,79.9129119336,79.8129920847,0.000404720852629,0.09991984885,0.712099266473,0.0711528510722
e2k0_diagonal,gamma_1,136,79.9105719777,79.8130045528,0.000417188933739,0.0975674248699,0.708499667748,0.0691264881034
e2k0_diagonal,gamma_1,138,79.9062420117,79.8130096011,0.000422237175513,0.0932324106561,0.704918264677,0.0657212291313
e2k0_diagonal,gamma_1,140,79.9000529802,79.8130056986,0.000418334750123,0.0870472815887,0.70135496528,0.0610510431564
e2k0_diagonal,gamma_1,142,79.8921811543,79.8129916322,0.000404268298283,0.0791895221285,0.697809678047,0.0552592149411
e2k0_diagonal,gamma_1,144,79.8828428489,79.812966548,0.000379184119879,0.0698763009194,0.694282311926,0.0485138797512
e2k0_diagonal,gamma_1,146,79.872288095,79.8129299831,0.000342619249764,0.0593581118352,0.690772776329,0.0410029677101
e2k0_diagonal,gamma_1,148,79.8607938596,79.8128818824,0.000294518486442,0.0479119772093,0.687280981123,0.0329289907039
e2k0_diagonal,gamma_1,150,79.8486575904,79.8128225981,0.000235234172862,0.0358349923186,0.683806836633,0.0245042127381
e2k0_diagonal,gamma_1,152,79.8361886394,79.8127528757,0.000165511816562,0.0234357637187,0.680350253636,0.0159445277902
e2k0_diagonal,gamma_1,154,79.8237000093,79.8126738288,8.64649591392e-05,0.011026180469,0.676911143359,0.00746374442818
e2k0_diagonal,gamma_1,156,79.8115013057,79.8125869012,-4.62685576963e-07,-0.0010855954563,0.673489417481,-0.000731137051485
e2k0_diagonal,gamma_1,158,79.7998902664,79.8124938163,-9.35475364798e-05,-0.0126035499327,0.670084988123,-0.00844544960697
e2k0_diagonal,gamma_1,160,79.7891462202,79.8123965191,-0.000190844789927,-0.023250298887,0.666697767855,-0.0155009223699
e2k0_diagonal,gamma_1,162,79.7795234506,79.8122971097,-0.000290254144048,-0.0327736591685,0.663327669685,-0.0217396749633
e2k0_diagonal,gamma_1,164,79.7712445179,79.8121977742,-0.000389589652514,-0.0409532563676,0.659974607062,-0.0270281092791
e2k0_diagonal,gamma_1,166,79.7644957122,79.8121007137,-0.000486650164049,-0.047605001556,0.656638493875,-0.0312592765227
e2k0_diagonal,gamma_1,168,79.7594222807,79.8120080769,-0.000579287026966,-0.0525857961786,0.653319244444,-0.0343553126279
e2k0_diagonal,gamma_1,170,79.7561249617,79.8119218965,-0.00066546738276,-0.0557969347768,0.650016773525,-0.0362689435162
e2k0_diagonal,gamma_1,172,79.7546587548,79.8118440299,-0.000743334024889,-0.0571852750658,0.646730996304,-0.0369834899172
e2k0_diagonal,gamma_1,174,79.7550311516,79.8117761061,-0.000811257817446,-0.0567449544759,0.643461828395,-0.0365132121593
e2k0_diagonal,gamma_1,176,79.7572015599,79.8117194842,-0.000867879641049,-0.0545179243439,0.640209185842,-0.034902875958
e2k0_diagonal,gamma_1,178,79.7610834082,79.8116752236,-0.000912140270131,-0.0505918154603,0.636972985108,-0.0322256197158
e2k0_diagonal,gamma_1,180,79.7665453358,79.8116440653,-0.000943298609144,-0.0450987295032,0.633753143082,-0.0285814615717
e2k0_diagonal,gamma_1,182,79.7734149889,79.8116264242,-0.000960939659251,-0.0382114353171,0.630549577072,-0.0240942043785
e2k0_diagonal,gamma_1,184,79.7814836585,79.8116223913,-0.000964972630996,-0.0301387327721,0.627362204805,-0.0189079018419
e2k0_diagonal,gamma_1,186,79.7905108317,79.8116317455,-0.00095561840331,-0.0211209137699,0.624190944423,-0.0131834831131
e2k0_diagonal,gamma_1,188,79.8002314721,79.811653978,-0.000933385856129,-0.011422505965,0.62103571448,-0.00709378415311
e2k0_diagonal,gamma_1,190,79.8103625378,79.8116883216,-0.000899042263001,-0.00132578385171,0.617896433946,-0.000819197114156
e2k0_diagonal,gamma_1,192,79.8206099371,79.8117337855,-0.000853578388046,0.00887615160042,0.614773022197,0.00545681854487
e2k0_diagonal,gamma_1,194,79.8306765585,79.8117891966,-0.000798167263071,0.0188873618804,0.611665399017,0.011552745741
e2k0_diagonal,gamma_1,196,79.8402698657,79.811853244,-0.000734119872547,0.0284166216806,0.608573484598,0.0172936024766
e2k0_diagonal,gamma_1,198,79.8491093617,79.811924523,-0.00066284089371,0.0371848387087,0.605497199532,0.0225153157032
e2k0_diagonal,gamma_1,200,79.8569342744,79.812001579,-0.000585784836943,0.0449326954006,0.602436464814,0.0270690941717
e2k0_diagonal,gamma_1,202,79.8635099452,79.8120829507,-0.000504413190882,0.0514269945351,0.59939120184,0.0308248880614
e2k0_diagonal,gamma_1,204,79.8686342303,79.8121672098,-0.000420154042573,0.0564670204283,0.5963613324,0.0336747475393
e2k0_diagonal,gamma_1,206,79.8721430503,79.8122529974,-0.000334366483258,0.0598900528919,0.593346778682,0.0355355699585
e2k0_diagonal,gamma_1,208,79.8739144856,79.8123390538,-0.000248310072692,0.0615754317399,0.590347463266,0.0363508999271
e2k0_diagonal,gamma_1,210,79.8738722939,79.8124242431,-0.000163120746038,0.0614480507758,0.587363309123,0.0360923304428
e2k0_diagonal,gamma_1,212,79.8719883427,79.8125075689,-7.97949793139e-05,0.0594807737627,0.584394239616,0.0347602215548
e2k0_diagonal,gamma_1,214,79.8682834836,79.8125881836,8.19730800572e-07,0.0556953000108,0.581440178492,0.0323834851795
e2k0_diagonal,gamma_1,216,79.8628269167,79.8126653922,7.80282774713e-05,0.0501615245746,0.578501049885,0.0290184946303
e2k0_diagonal,gamma_1,218,79.8557348104,79.8127386496,0.000151285681511,0.0429961608217,0.575576778313,0.0247475917256
e2k0_diagonal,gamma_1,220,79.8471669418,79.8128075546,0.000220190668188,0.034359387198,0.572667288675,0.0196764971072
e2k0_diagonal,gamma_1,222,79.8373230293,79.8128718387,0.000284474783655,0.0244511906073,0.56977250625,0.0139316161531
e2k0_diagonal,gamma_1,224,79.8264376868,79.8129313497,0.000343985839294,0.0135063370419,0.566892356693,0.00765663923595
e2k0_diagonal,gamma_1,226,79.8147741568,79.8129860325,0.000398668659244,0.00178812426097,0.564026766037,0.00100854994419
e2k0_diagonal,gamma_1,228,79.8026177585,79.8130359097,0.000448545849508,-0.0104181512424,0.561175660688,-0.0058464129066
e2k0_diagonal,gamma_1,230,79.7902683264,79.8130810614,0.000493697514287,-0.0228127349962,0.558338967424,-0.0127372389019
e2k0_diagonal,gamma_1,232,79.7780323614,79.8131216057,0.000534241791883,-0.0350892442905,0.555516613393,-0.0194926581548
e2k0_diagonal,gamma_1,234,79.7662151347,79.8131576825,0.000570318617605,-0.0469425477831,0.552708526112,-0.0259455463972
e2k0_diagonal,gamma_1,236,79.7551125655,79.8131894398,0.000602075962121,-0.058076874334,0.549914633464,-0.0319373230621
e2k0_diagonal,gamma_1,238,79.7450034469,79.8132170224,0.000629658495995,-0.0682135755103,0.547134863695,-0.037322025339
e2k0_diagonal,gamma_1,240,79.7361421421,79.8132405635,0.000653199587987,-0.0770984213908,0.544369145417,-0.0419700017655
e2k0_diagonal,gamma_1,242,79.7287515213,79.8132601812,0.000672817336351,-0.0845086599106,0.541617407599,-0.0457713613004
e2k0_diagonal,gamma_1,244,79.7230171141,79.8132759789,0.000688614977392,-0.090258864774,0.538879579572,-0.048638659102
e2k0_diagonal,gamma_1,246,79.7190821283,79.8132880489,0.000700685032939,-0.094205920631,0.536155591024,-0.0505090310538
e2k0_diagonal,gamma_1,248,79.7170432043,79.8132964796,0.00070911572783,-0.0962532752653,0.533445371996,-0.0513458642297
e2k0_diagonal,gamma_1,250,79.7169480181,79.8133013634,0.000713999525487,-0.0963533453559,0.530748852885,-0.0511394275193
e2k0_diagonal,gamma_1,252,79.7187943023,79.8133028067,0.000715442772787,-0.0945085043914,0.52806596444,-0.0499067245192
e2k0_diagonal,gamma_1,254,79.7225296592,79.8133009391,0.000713575204045,-0.0907712798638,0.525396637758,-0.0476909252454
e2k0_diagonal,gamma_1,256,79.7280528818,79.8132959235,0.000708559601634,-0.0852430416792,0.522740804287,-0.0445600161672
e2k0_diagonal,gamma_1,258,79.7352166389,79.8132879638,0.000700599939734,-0.07807132491,0.520098395818,-0.0406047708451
e2k0_diagonal,gamma_1,260,79.7438317128,79.8132773108,0.000689946927039,-0.0694455980481,0.51746934449,-0.0359359680996
e2k0_diagonal,gamma_1,262,79.753672458,79.8132642642,0.000676900314986,-0.0595918061904,0.514853582783,-0.0306810549217
e2k0_diagonal,gamma_1,264,79.7644829818,79.8132491708,0.0006618069322,-0.0487661890195,0.512251043521,-0.0249805312137
e2k0_diagonal,gamma_1,266,79.7759842501,79.8132324194,0.000645055513957,-0.037248169286,0.509661659863,-0.0189839637852
e2k0_diagonal,gamma_1,268,79.7878818834,79.813214433,0.000627069073573,-0.0253325495138,0.507085365311,-0.0128457651245
e2k0_diagonal,gamma_1,270,79.7998741688,79.813195657,0.000608293088959,-0.0133214882004,0.5045220937,-0.00672098511807
e2k0_diagonal,gamma_1,272,79.811660617,79.8131765429,0.000589178993465,-0.00151592590954,0.5019717792,-0.000760952025949
e2k0_diagonal,gamma_1,274,79.8229504641,79.8131575289,0.000570165010359,0.00979293524541,0.499434356313,0.00489092831071
e2k0_diagonal,gamma_1,276,79.8334700377,79.8131390193,0.000551655394815,0.0203310184096,0.496909759875,0.0101026814759
e2k0_diagonal,gamma_1,278,79.8429699156,79.8131213626,0.000533998714076,0.0298485529935,0.494397925048,0.0147570626656
e2k0_diagonal,gamma_1,280,79.8512316615,79.81310483,0.000517466114246,0.0381268314903,0.491898787323,0.0187545421746
e2k0_diagonal,gamma_1,282,79.8580730726,79.8130895951,0.000502231219372,0.0449834775102,0.489412282519,0.0220154664039
e2k0_diagonal,gamma_1,284,79.8633527623,79.8130757173,0.000488353415449,0.0502770449965,0.486938346776,0.0244818211714
e2k0_diagonal,gamma_1,286,79.8669734903,79.8130631294,0.000475765526005,0.0539103609018,0.484476916559,0.0261183254203
e2k0_diagonal,gamma_1,288,79.8688842887,79.8130516307,0.000464266832125,0.0558326579802,0.482027928653,0.0269129004774
e2k0_diagonal,gamma_1,290,79.8690815987,79.8130408849,0.000453521016979,0.0560407138143,0.479591320165,0.0268766399212
e2k0_diagonal,gamma_1,292,79.8676092171,79.813030423,0.000443059154378,0.0545787940464,0.477167028517,0.0260432009752
e2k0_diagonal,gamma_1,294,79.8645565096,79.8130196547,0.000432290789718,0.0515368548826,0.474754991448,0.024467379099
e2k0_diagonal,gamma_1,296,79.86005574,79.8130078875,0.000420523657823,0.047047852408,0.472355147014,0.0222232952409
e2k0_diagonal,gamma_1,298,79.8542784521,79.8129943541,0.000406990223269,0.0412840980059,0.46996743358,0.0194021815875
e2k0_diagonal,gamma_1,300,79.8474307296,79.8129782437,0.000390879864455,0.0344524858331,0.467591789826,0.0161096995147
e2k0_diagonal,gamma_1,302,79.8397475846,79.8129587399,0.000371375977693,0.0267888447829,0.465228154741,0.012462924826
e2k0_diagonal,gamma_1,304,79.8314866634,79.812935061,0.000347697106875,0.0185516024273,0.462876467622,0.00858710020029
e2k0_diagonal,gamma_1,306,79.8229211312,79.8129065039,0.000319139982707,0.0100146273134,0.460536668073,0.00461210309491
e2k0_diagonal,gamma_1,308,79.8143318083,79.8128724863,0.000285122372532,0.00145932207042,0.458208696004,0.000668674062935
e2k0_diagonal,gamma_1,310,79.8060000852,79.8128325873,0.000245223444011,-0.00683250212313,0.455892491627,-0.00311488641696
e2k0_diagonal,gamma_1,312,79.7982002136,79.8127865824,0.000199218535954,-0.0145863687733,0.453587995458,-0.00661620177291
e2k0_diagonal,gamma_1,314,79.7911914345,79.8127344709,0.000147107039979,-0.0215430363846,0.451295148313,-0.00972226780032
e2k0_diagonal,gamma_1,316,79.7852107351,79.8126764991,8.91352169106e-05,-0.0274657639948,0.449013891308,-0.012332509569
e2k0_diagonal,gamma_1,318,79.7804652977,79.8126131771,2.58132241413e-05,-0.0321478793931,0.446744165855,-0.0143618775635
e2k0_diagonal,gamma_1,320,79.7771266944,79.8125452862,-4.20777215453e-05,-0.0354185917228,0.444485913662,-0.0157430651025
e2k0_diagonal,gamma_1,322,79.7753261326,79.8124738729,-0.000113490998103,-0.0371477402401,0.442239076735,-0.0164281823466
e2k0_diagonal,gamma_1,324,79.7751491669,79.8124002331,-0.000187130805926,-0.0372510661468,0.440003597369,-0.0163906031104
e2k0_diagonal,gamma_1,326,79.7766333693,79.8123258868,-0.000261477126912,-0.0356925174449,0.437779418154,-0.0156254495195
e2k0_diagonal,gamma_1,328,79.7797669769,79.8122525394,-0.000334824513942,-0.0324855624758,0.435566481967,-0.0141496221623
e2k0_diagonal,gamma_1,330,79.784488294,79.8121820302,-0.000405333705956,-0.0276937361683,0.433364731977,-0.012001488552
e2k0_diagonal,gamma_1,332,79.790687558,79.8121162769,-0.000471087028387,-0.0214287188114,0.431174111638,-0.00923950879704
e2k0_diagonal,gamma_1,334,79.7982100446,79.8120572158,-0.000530148091286,-0.0138471711631,0.428994564691,-0.00594036116532
e2k0_diagonal,gamma_1,336,79.806860296,79.8120067372,-0.00058062671161,-0.00514644115211,0.426826035161,-0.00219663507214
e2k0_diagonal,gamma_1,338,79.816408438,79.8119666185,-0.000620745340058,0.00444181943035,0.424668467355,0.00188630064976
e2k0_diagonal,gamma_1,340,79.8265968231,79.8119384578,-0.000648906115259,0.0146583653609,0.422521805863,0.0061934790033
e2k0_diagonal,gamma_1,342,79.8371478986,79.8119236084,-0.000663755464927,0.0252242901966,0.420385995556,0.0106039383465
e2k0_diagonal,gamma_1,344,79.8477721986,79.8119231218,-0.000664242087851,0.0358490768288,0.41826098158,0.0149942700631
e2k0_diagonal,gamma_1,346,79.8581768077,79.8119376969,-0.000649667007082,0.0462391108235,0.416146709362,0.019242253813
e2k0_diagonal,gamma_1,348,79.8680740214,79.8119676423,-0.00061972157701,0.0561063791009,0.414043124602,0.023230460513
e2k0_diagonal,gamma_1,350,79.8771888094,79.8120128516,-0.000574512277183,0.0651759578047,0.411950173277,0.0268492471111
e2k0_diagonal,gamma_1,352,79.8852673709,79.8120727884,-0.000514575443702,0.0731945824773,0.409867801636,0.0300001026116
e2k0_diagonal,gamma_1,354,79.8920830936,79.8121464856,-0.000440878293887,0.0799366079911,0.407795956199,0.032597825491
e2k0_diagonal,gamma_1,356,79.8974426814,79.8122325621,-0.000354801787111,0.0852101193114,0.405734583757,0.0345726922907
e2k0_diagonal,gamma_1,358,79.9011908134,79.8123292577,-0.000258106161212,0.0888615556645,0.40368363137,0.0358719554799
e2k0_diagonal,gamma_1,360,79.9032138579,79.8124344819,-0.000152881998901,0.0907793760494,0.401643046366,0.0364609051437
e2k0_diagonal,gamma_1,362,79.9034436017,79.8125458723,-4.1491583687e-05,0.0908977294152,0.399612776338,0.0363238940145
e2k0_diagonal,gamma_1,364,79.9018583719,79.8126608615,7.34975656371e-05,0.0891975104786,0.397592769146,0.0354642851921
e2k0_diagonal,gamma_1,366,79.8984823813,79.8127767526,0.000189388719974,0.085705628696,0.395582972911,0.0339036873948
e2k0_diagonal,gamma_1,368,79.8933852751,79.8128908018,0.000303437891603,0.080494473306,0.393583336018,0.0316812833348
e2k0_diagonal,gamma_1,370,79.8866797983,79.8130002989,0.000412935020563,0.0736794994263,0.391593807112,0.0288524356865
e2k0_diagonal,gamma_1,372,79.8785178259,79.813102648,0.000515284129534,0.0654151778525,0.389614335099,0.0254866910244
e2k0_diagonal,gamma_1,374,79.8690852069,79.8131954455,0.000608081604781,0.0558897614074,0.387644869142,0.0216653792471
e2k0_diagonal,gamma_1,376,79.8585975472,79.8132765541,0.00068919021632,0.0453209930516,0.38568535866,0.01747964346
e2k0_diagonal,gamma_1,378,79.8472936162,79.813344168,0.000756804161412,0.0339494481257,0.383735753331,0.0130276170517
e2k0_diagonal,gamma_1,380,79.8354288946,79.8133968663,0.000809502446884,0.0220320282693,0.381796003083,0.00841174033305
e2k0_diagonal,gamma_1,382,79.8232697441,79.8134336542,0.000846290357401,0.00983608982945,0.379866058102,0.00373639667065
e2k0_diagonal,gamma_1,384,79.8110857835,79.8134539896,0.000866625688161,-0.00236820604623,0.377945868821,-0.000895053691689
e2k0_diagonal,gamma_1,386,79.7991442147,79.8134577927,0.000870428813229,-0.0143135780235,0.376035385927,-0.00538241183607
e2k0_diagonal,gamma_1,388,79.7877018718,79.8134454427,0.000858078811632,-0.0257435709174,0.374134560355,-0.00963155958717
e2k0_diagonal,gamma_1,390,79.7769999111,79.8134177551,0.000830391181609,-0.0364178439985,0.372243343288,-0.0135563000054
e2k0_diagonal,gamma_1,392,79.7672583678,79.8133759431,0.000788579232051,-0.0461175752945,0.370361686156,-0.0170801829475
e2k0_diagonal,gamma_1,394,79.7586696534,79.8133215683,0.000734204376428,-0.0546519148722,0.368489540633,-0.020138659006
e2k0_diagonal,gamma_1,396,79.7513958899,79.8132564808,0.000669116940969,-0.0618605909399,0.366626858641,-0.02267975413
e2k0_diagonal,gamma_1,398,79.7455635921,79.8131827543,0.000595390419335,-0.0676191622386,0.364773592341,-0.0246656847209
e2k0_diagonal,gamma_1,400,79.7412619106,79.8131026133,0.000515249408949,-0.071840702666,0.362929694138,-0.0260731242453
e2k0_diagonal,gamma_1,402,79.7385411379,79.8130183547,0.000430990796843,-0.0744772168121,0.361095116677,-0.0268933592946
e2k0_diagonal,gamma_1,404,79.7374117019,79.8129322683,0.000344904414433,-0.0755205663597,0.359269812843,-0.0271322597419
e2k0_diagonal,gamma_1,406,79.7378450889,79.8128465612,0.000259197362141,-0.075001472396,0.357453735758,-0.0268095564953
e2k0_diagonal,gamma_1,408,79.739774879,79.8127632839,0.000175920030529,-0.0729884048671,0.355646838782,-0.0259580954587
e2k0_diagonal,gamma_1,410,79.7430985001,79.812684267,9.69031375604e-05,-0.0695857669729,0.35384907551,-0.024622859312
e2k0_diagonal,gamma_1,412,79.7476806253,79.8126110721,2.37082389845e-05,-0.0649304467777,0.352060399772,-0.0228594390499
e2k0_diagonal,gamma_1,414,79.7533575083,79.8125449502,-4.24136799069e-05,-0.0591874419146,0.350280765632,-0.0207322224696
e2k0_diagonal,gamma_1,416,79.7599411856,79.8124868119,-0.000100551961111,-0.052545626305,0.348510127384,-0.0183126829171
e2k0_diagonal,gamma_1,418,79.7672247988,79.812437213,-0.000150150883201,-0.045212414193,0.346748439556,-0.01567733407
e2k0_diagonal,gamma_1,420,79.7749883089,79.8123963522,-0.000191011664953,-0.0374080433618,0.344995656904,-0.0129056124931
e2k0_diagonal,gamma_1,422,79.783003952,79.8123640827,-0.00022328115044,-0.0293601307606,0.343251734414,-0.0100779158062
e2k0_diagonal,gamma_1,424,79.7910424427,79.8123399387,-0.000247425177861,-0.0212974959585,0.341516627296,-0.00727344898961
e2k0_diagonal,gamma_1,426,79.7988791604,79.8123231734,-0.000264190453521,-0.0134440129848,0.339790290992,-0.00456814508419
e2k0_diagonal,gamma_1,428,79.806299508,79.8123128076,-0.000274556324399,-0.00601329958934,0.338072681165,-0.00203293231482
e2k0_diagonal,gamma_1,430,79.8131048562,79.8123076877,-0.000279676181407,0.000797168487338,0.336363753703,0.000268138584735
e2k0_diagonal,gamma_1,432,79.8191180224,79.8123065488,-0.000280815127439,0.00681147367584,0.334663464718,0.00227955138019
e2k0_diagonal,gamma_1,434,79.8241874401,79.8123080768,-0.00027928706271,0.011879363289,0.332971770544,0.00395549262727
e2k0_diagonal,gamma_1,436,79.8281917886,79.8123109723,-0.00027639153717,0.0158808162422,0.331288627734,0.00526113382016
e2k0_diagonal,gamma_1,438,79.8310427681,79.8123140106,-0.000273353242918,0.0187287574833,0.329613993061,0.00617326053915
e2k0_diagonal,gamma_1,440,79.8326866106,79.8123160993,-0.000271264541155,0.0203705112196,0.327947823519,0.00668046481845
e2k0_diagonal,gamma_1,442,79.8331054934,79.8123163294,-0.000271034527088,0.0207891640108,0.326290076316,0.00678329791161
e2k0_diagonal,gamma_1,444,79.832317418,79.8123140158,-0.000273348039499,0.0200034021875,0.324640708878,0.00649391866613
e2k0_diagonal,gamma_1,446,79.8303744636,79.8123087299,-0.000278633945243,0.0180657336604,0.322999678847,0.00583522617043
e2k0_diagonal,gamma_1,448,79.8273600031,79.8123003203,-0.000287043608608,0.0150596828313,0.321366944077,0.00483968425027
e2k0_diagonal,gamma_1,450,79.8233862905,79.8122889234,-0.000298440503286,0.0110973671012,0.319742462637,0.00354829948573
e2k0_diagonal,gamma_1,452,79.8185904699,79.8122749576,-0.000312406269273,0.0063155122379,0.318126192806,0.00200912986387
e2k0_diagonal,gamma_1,454,79.8131311255,79.8122591003,-0.000328263601176,0.000872025222137,0.316518093077,0.000276011760425
e2k0_diagonal,gamma_1,456,79.8071843402,79.8122422537,-0.00034511022811,-0.00505791345391,0.314918122149,-0.0015928286069
e2k0_diagonal,gamma_1,458,79.8009380745,79.8122255002,-0.000361863717103,-0.0112874256457,0.313326238932,-0.00353664662481
e2k0_diagonal,gamma_1,460,79.7945875249,79.8122100509,-0.000377312936592,-0.0176225260131,0.311742402544,-0.00549368859822
e2k0_diagonal,gamma_1,462,79.7883299174,79.8121971944,-0.000390169493699,-0.0238672769733,0.310166572309,-0.00740283148917
e2k0_diagonal,gamma_1,464,79.7823589923,79.8121882415,-0.000399122383413,-0.0298292492491,0.308598707756,-0.0092052677716
e2k0_diagonal,gamma_1,466,79.7768609289,79.812184469,-0.00040289486148,-0.0353235401112,0.30703876862,-0.010845696259
e2k0_diagonal,gamma_1,468,79.7720087175,79.8121870657,-0.000400298169623,-0.0401783481876,0.305486714837,-0.0122739515954
e2k0_diagonal,gamma_1,470,79.7679581288,79.8121970821,-0.000390281827364,-0.044238953292,0.303942506549,-0.0134460983507
e2k0_diagonal,gamma_1,472,79.7648439887,79.8122153844,-0.000371979528438,-0.0473713956365,0.302406104098,-0.0143253992001
e2k0_diagonal,gamma_1,474,79.7627767178,79.812242616,-0.000344747891631,-0.0494658981668,0.300877468024,-0.014883174194
e2k0_diagonal,gamma_1,476,79.7618398332,79.8122791664,-0.000308197505888,-0.0504393331498,0.299356559071,-0.0150993452135
e2k0_diagonal,gamma_1,478,79.762087408,79.812325152,-0.000262211843108,-0.050237744024,0.297843338177,-0.0149629773826
e2k0_diagonal,gamma_1,480,79.7635433961,79.8123804103,-0.000206953575145,-0.0488370142371,0.296337766482,-0.0144722517206
e2k0_diagonal,gamma_1,482,79.7662009897,79.8124445038,-0.000142860130666,-0.0462435140178,0.294839805317,-0.0136344286702
e2k0_diagonal,gamma_1,484,79.77002266,79.812516739,-7.06248762583e-05,-0.042494079037,0.293349416214,-0.0124656132781
e2k0_diagonal,gamma_1,486,79.7749414364,79.8125961949,8.83097749238e-06,-0.0376547584965,0.291866560896,-0.0109901648637
e2k0_diagonal,gamma_1,488,79.7808626925,79.8126817566,9.43927489772e-05,-0.0318190641745,0.29039120128,-0.00923997626923
e2k0_diagonal,gamma_1,490,79.7876662445,79.8127721576,0.000184793680262,-0.0251059130633,0.288923299476,-0.0072536832386
e2k0_diagonal,gamma_1,492,79.7952104894,79.8128660229,0.00027865900843,-0.017655533501,0.287462817786,-0.00507530940971
e2k0_diagonal,gamma_1,494,79.8033345381,79.8129619146,0.000374550709665,-0.00962737651381,0.286009718701,-0.00275352324854
e2k0_diagonal,gamma_1,496,79.8118624743,79.813058379,0.00047101509368,-0.00119590464671,0.284563964904,-0.000340311367914
e2k0_diagonal,gamma_1,498,79.8206077592,79.8131539951,0.000566631201295,0.00745376408575,0.283125519264,0.00211035082725
e2k0_diagonal,gamma_1,500,79.8293758857,79.8132474183,0.000660054429147,0.016128467346,0.281694344839,0.00454329804229
e2k0_diagonal,gamma_1,502,79.8379717713,79.8133374176,0.000750053701751,0.024634353712,0.280270404874,0.00690428028868
e2k0_diagonal,gamma_1,504,79.8462042169,79.8134229013,0.000835537384205,0.032781315594,0.2788536628,0.00914118992479
e2k0_diagonal,gamma_1,506,79.8538898826,79.8135029352,0.000915571314891,0.0403869473606,0.277444082231,0.0112051195446
e2k0_diagonal,gamma_1,508,79.8608585905,79.8135767564,0.000989392542238,0.0472818340629,0.276041626968,0.0130517544007
e2k0_diagonal,gamma_1,510,79.8669567755,79.8136437775,0.00105641359552,0.0533129979891,0.274646260991,0.0146422155599
e2k0_diagonal,gamma_1,512,79.8720519295,79.8137035837,0.00111621983942,0.0583483458134,0.273257948466,0.0159441492734
e2k0_diagonal,gamma_1,514,79.8760362786,79.8137559227,0.00116855884293,0.0622803558276,0.271876653738,0.016932574736
e2k0_diagonal,gamma_1,516,79.8788291624,79.8138006831,0.00121331924331,0.0650284793205,0.270502341332,0.0175903559095
e2k0_diagonal,gamma_1,518,79.8803798017,79.8138378688,0.00125050493139,0.0665419328481,0.269134975954,0.017908761497
e2k0_diagonal,gamma_1,520,79.8806689746,79.8138675697,0.00128020577461,0.0668014049759,0.267774522487,0.0178877143189
e2k0_diagonal,gamma_1,522,79.8797095734,79.8138899296,0.00130256571468,0.065819643765,0.266420945991,0.0175357317567
e2k0_diagonal,gamma_1,524,79.877546498,79.8139051151,0.00131775121838,0.0636413828918,0.265074211705,0.0168696894019
e2k0_diagonal,gamma_1,526,79.8742562135,79.8139132847,0.00132592082838,0.0603429287406,0.263734285041,0.0159144991687
e2k0_diagonal,gamma_1,528,79.8699444142,79.8139145623,0.00132719844071,0.0560298519111,0.262401131588,0.0147022965442
e2k0_diagonal,gamma_1,530,79.8647426985,79.8139090184,0.00132165452968,0.0508336800664,0.261074717108,0.0132713886429
e2k0_diagonal,gamma_1,532,79.8588050779,79.8138966569,0.00130929300022,0.0449084210376,0.259755007535,0.011665187245
e2k0_diagonal,gamma_1,534,79.8523031548,79.8138774051,0.0012900412024,0.0384257497426,0.258441968977,0.00993082642289
e2k0_diagonal,gamma_1,536,79.8454218779,79.813851112,0.00126374810276,0.0315707659484,0.257135567713,0.00811796682527
e2k0_diagonal,gamma_1,538,79.8383531804,79.8138175548,0.00123019092858,0.0245356255848,0.255835770191,0.00627709066863
e2k0_diagonal,gamma_1,540,79.8312916551,79.8137764491,0.00118908521605,0.0175152060415,0.254542543031,0.00445836508751
e2k0_diagonal,gamma_1,542,79.8244279374,79.8137274641,0.00114010021565,0.0107004733169,0.25325585302,0.00270995749759
e2k0_diagonal,gamma_1,544,79.8179438258,79.8136702456,0.00108288173213,0.00427358019235,0.251975667113,0.00107683821993
e2k0_diagonal,gamma_1,546,79.8120071683,79.8136044477,0.00101708380808,-0.00159727941009,0.250701952432,-0.000400441066689
e2k0_diagonal,gamma_1,548,79.8067667869,79.8135297708,0.000942406942741,-0.00676298396037,0.249434676266,-0.00168692271475
e2k0_diagonal,gamma_1,550,79.8023486811,79.8134459979,0.000858633975128,-0.0110973167227,0.248173806069,-0.00275406332823
e2k0_diagonal,gamma_1,552,79.7988533678,79.8133530307,0.000765666851606,-0.014499662983,0.246919309459,-0.00358024677115
e2k0_diagonal,gamma_1,554,79.796353842,79.8132509265,0.000663562658445,-0.0168970845097,0.245671154218,-0.00415112625441
e2k0_diagonal,gamma_1,556,79.7948931015,79.8131399253,0.000552561413031,-0.0182468237795,0.244429308291,-0.00446005851495
e2k0_diagonal,gamma_1,558,79.7944837127,79.8130204754,0.000433111545675,-0.0185367627502,0.243193739786,-0.00450802465676
e2k0_diagonal,gamma_1,560,79.7951071713,79.8128932545,0.000305890618833,-0.0177860832355,0.24196441697,-0.00430359926026
e2k0_diagonal,gamma_1,562,79.7967146482,79.8127591806,0.000171816736298,-0.0160445324424,0.240741308272,-0.00386258173078
e2k0_diagonal,gamma_1,564,79.7992288176,79.8126194138,3.20499556352e-05,-0.0133905962643,0.23952438228,-0.00320737429857
e2k0_diagonal,gamma_1,566,79.8025466666,79.8124753456,-0.000112018244153,-0.00992867906241,0.238313607741,-0.00236613932747
e2k0_diagonal,gamma_1,568,79.8065418199,79.812328579,-0.000258784906507,-0.0057867590934,0.237108953561,-0.00137209239314
e2k0_diagonal,gamma_1,570,79.8110682304,79.812180901,-0.000406462928424,-0.00111267054143,0.2359103888,-0.000262490540035
e2k0_diagonal,gamma_1,572,79.8159648983,79.8120342466,-0.000553117322667,0.00393065178118,0.234717882678,0.000922594263623
e2k0_diagonal,gamma_1,574,79.8210595021,79.8118906551,-0.000696708807496,0.00916884701589,0.233531404569,0.0021412137219
e2k0_diagonal,gamma_1,576,79.8261738346,79.8117522192,-0.000835144692104,0.0144216154318,0.232350924002,0.00335087567118
e2k0_diagonal,gamma_1,578,79.8311289555,79.8116210262,-0.000966337712981,0.0195079292945,0.231176410659,0.0045097730737
e2k0_diagonal,gamma_1,580,79.8357484025,79.8114990994,-0.00108826450878,0.0242493031693,0.230007834378,0.00557752970713
e2k0_diagonal,gamma_1,582,79.8398642548,79.8113883395,-0.00119902441548,0.0284759153573,0.228845165146,0.00651657555262
e2k0_diagonal,gamma_1,584,79.8433214362,79.8112904633,-0.00129690061686,0.0320309729556,0.227688373104,0.00729308012119
e2k0_diagonal,gamma_1,586,79.8459812017,79.8112069498,-0.00138041403855,0.0347742518273,0.226537428543,0.00787766958846
e2k0_diagonal,gamma_1,588,79.84772519,79.8111389925,-0.00144837135477,0.036586197519,0.225392301905,0.00824624727678
e2k0_diagonal,gamma_1,590,79.8484580944,79.8110874587,-0.00149990519682,0.0373706357508,0.224252963781,0.00838047582551
e2k0_diagonal,gamma_1,592,79.8481104688,79.811052863,-0.00153450087493,0.0370576057818,0.22311938491,0.00826827020828
e2k0_diagonal,gamma_1,594,79.8466404916,79.8110353514,-0.001552012454,0.035605140184,0.22199153618,0.00790403976536
e2k0_diagonal,gamma_1,596,79.8440352898,79.8110346963,-0.00155266754808,0.0330005934537,0.220869388626,0.00728882090041
e2k0_diagonal,gamma_1,598,79.8403125933,79.8110503048,-0.00153705908835,0.0292622884691,0.219752913428,0.00643047314464
e2k0_diagonal,gamma_1,600,79.8355202298,79.8110812419,-0.00150612202549,0.0244389879336,0.218642081913,0.00534339120165
e2k0_diagonal,gamma_1,602,79.829735464,79.8111262672,-0.00146109664398,0.0186091967107,0.217536865553,0.0040481863229
e2k0_diagonal,gamma_1,604,79.8230640441,79.8111838803,-0.00140348360367,0.0118801638645,0.216437235964,0.00257130982963
e2k0_diagonal,gamma_1,606,79.8156379922,79.8112523723,-0.00133499159477,0.00438561989354,0.215343164905,0.000944413267945
e2k0_diagonal,gamma_1,608,79.807611978,79.8113298913,-0.0012574726059,-0.00371791327041,0.214254624278,-0.00079658011085
e2k0_diagonal,gamma_1,610,79.7991590252,79.8114145147,-0.00117284922621,-0.0122554894592,0.213171586128,-0.0026125221268
e2k0_diagonal,gamma_1,612,79.7904667846,79.8115043237,-0.00108304016746,-0.0210375391222,0.21209402264,-0.00446193629886
e2k0_diagonal,gamma_1,614,79.7817327441,79.8115974749,-0.000989888992649,-0.0298647308384,0.21102190614,-0.00630211242786
e2k0_diagonal,gamma_1,616,79.7731592759,79.8116922658,-0.000895098042378,-0.0385329899713,0.209955209093,-0.00809020196642
e2k0_diagonal,gamma_1,618,79.7649483447,79.8117871959,-0.000800167947773,-0.0468388512231,0.208893904106,-0.00978435049584
e2k0_diagonal,gamma_1,620,79.7572963681,79.8118810192,-0.000706344653878,-0.0545846510855,0.207837963922,-0.011344762743
e2k0_diagonal,gamma_1,622,79.7503890885,79.8119727854,-0.00061457845004,-0.0615836968865,0.206787361422,-0.0127347301857
e2k0_diagonal,gamma_1,624,79.7443970607,79.8120618671,-0.000525496782558,-0.0676648064318,0.205742069624,-0.013921497316
e2k0_diagonal,gamma_1,626,79.7394706166,79.812147973,-0.000439390848555,-0.0726773564409,0.204702061684,-0.0148772047012
e2k0_diagonal,gamma_1,628,79.7357356545,79.8122311453,-0.000356218553989,-0.0764954908259,0.203667310891,-0.0155796309118
e2k0_diagonal,gamma_1,630,79.7332906407,79.8123117414,-0.000275622483699,-0.0790211006856,0.202637790673,-0.0160126612595
e2k0_diagonal,gamma_1,632,79.7322032532,79.8123904026,-0.000196961319403,-0.0801871493197,0.201613474588,-0.0161668097916
e2k0_diagonal,gamma_1,634,79.7325086045,79.8124680074,-0.000119356460772,-0.0799594028842,0.20059433633,-0.0160394033549
e2k0_diagonal,gamma_1,636,79.734208325,79.812545614,-4.17498963543e-05,-0.0783372890206,0.199580349725,-0.0156345835393
e2k0_diagonal,gamma_1,638,79.7372697,79.8126243942,3.70302833232e-05,-0.0753546941334,0.198571488733,-0.0149632937971
e2k0_diagonal,gamma_1,640,79.7416265677,79.8127055627,0.00011819883747,-0.0710789950105,0.197567727444,-0.0140429155133
e2k0_diagonal,gamma_1,642,79.7471808278,79.8127903036,0.000202939683163,-0.0656094758169,0.19656904008,-0.0128967916815
e2k0_diagonal,gamma_1,644,79.7538049021,79.812879696,0.00029233213462,-0.0590747938942,0.195575400991,-0.0115535765043
e2k0_diagonal,gamma_1,646,79.761345428,79.8129746438,0.000387279907514,-0.0516292157775,0.194586784661,-0.0100463630927
e2k0_diagonal,gamma_1,648,79.7696265579,79.813075811,0.000488447116567,-0.0434492530963,0.193603165698,-0.00841191294665
e2k0_diagonal,gamma_1,650,79.7784552468,79.8131835664,0.000596202546021,-0.0347283195977,0.192624518842,-0.0066895258527
e2k0_diagonal,gamma_1,652,79.787626495,79.8132979359,0.000710571968625,-0.0256714408787,0.191650818959,-0.00491995266825
e2k0_diagonal,gamma_1,654,79.7969286811,79.8134185676,0.000831203722583,-0.0164898864644,0.190682041043,-0.00314432520759
e2k0_diagonal,gamma_1,656,79.806149541,79.8135447148,0.000957350958615,-0.00739517388466,0.189718160213,-0.00140299878385
e2k0_diagonal,gamma_1,658,79.8150808705,79.8136752346,0.00108787067273,0.00140563594195,0.188759151716,0.000265326648024
e2k0_diagonal,gamma_1,660,79.8235242379,79.813808607,0.0012212431121,0.009715630925,0.187804990922,0.00182464397767
e2k0_diagonal,gamma_1,662,79.8312965371,79.8139429698,0.00135560587063,0.0173535673459,0.186855653325,0.00324261216395
e2k0_diagonal,gamma_1,664,79.8382345423,79.8140761608,0.00148879693782,0.0241583814459,0.185911114547,0.00449131162026
e2k0_diagonal,gamma_1,666,79.8441992992,79.814205775,0.00161841109589,0.0299935241841,0.184971350328,0.00554794266944
e2k0_diagonal,gamma_1,668,79.8490794133,79.8143292331,0.00174186922618,0.0347501802084,0.184036336534,0.00639529585946
e2k0_diagonal,gamma_1,670,79.8527931591,79.8144438596,0.00185649568581,0.0383492995225,0.183106049152,0.00702198872332
e2k0_diagonal,gamma_1,672,79.8552902685,79.8145469677,0.00195960377822,0.0407433008102,0.182180464291,0.00742263345835
e2k0_diagonal,gamma_1,674,79.8565528291,79.8146359477,0.00204858381841,0.0419168813789,0.181259558179,0.00759783539897
e2k0_diagonal,gamma_1,676,79.8565954514,79.8147083544,0.00212099051819,0.041887097029,0.180343307166,0.00755405760577
e2k0_diagonal,gamma_1,678,79.8554646026,79.8147619916,0.00217462773837,0.0407026109481,0.17943168772,0.00730333817704
e2k0_diagonal,gamma_1,680,79.8532372555,79.8147949887,0.00220762482479,0.038442266758,0.17852467643,0.00686289323421
e2k0_diagonal,gamma_1,682,79.8500186284,79.8148058669,0.00221850301136,0.0352127614548,0.177622250002,0.00625456991838
e2k0_diagonal,gamma_1,684,79.8459391605,79.8147935936,0.00220622970571,0.0311455669512,0.176724385259,0.00550418117301
e2k0_diagonal,gamma_1,686,79.8411509659,79.8147576219,0.00217025799957,0.0263933440516,0.175831059144,0.00464076963894
e2k0_diagonal,gamma_1,688,79.8358233264,79.8146979144,0.00211055055428,0.0211254119697,0.174942248712,0.00369572707495
e2k0_diagonal,gamma_1,690,79.8301383343,79.8146149508,0.00202758689093,0.0155233835728,0.174057931139,0.00270196802896
e2k0_diagonal,gamma_1,692,79.8242859268,79.8145097171,0.00192235323391,0.00977620965793,0.173178083712,0.00169302525453
e2k0_diagonal,gamma_1,694,79.8184585256,79.8143836811,0.00179631720584,0.00407484451291,0.172302683837,0.000702106645793
e2k0_diagonal,gamma_1,696,79.8128460675,79.8142387504,0.00165138656074,-0.00139268292847,0.17143170903,-0.000238750014565
e2k0_diagonal,gamma_1,698,79.8076309081,79.8140772175,0.00148985358013,-0.00644630936304,0.170565136924,-0.00109951563916
e2k0_diagonal,gamma_1,700,79.8029822587,79.8139016952,0.00131433127758,-0.0109194364293,0.169702945263,-0.00185306052267
e2k0_diagonal,gamma_1,702,79.7990524018,79.8137150443,0.00112768039801,-0.0146626424574,0.168845111905,-0.00247571550654
e2k0_diagonal,gamma_1,704,79.7959727244,79.8135202905,0.000932926637404,-0.0175475660948,0.167991614818,-0.00294784396438
e2k0_diagonal,gamma_1,706,79.7938495456,79.8133205386,0.000733174676242,-0.0194709929726,0.167142432083,-0.00325442912051
e2k0_diagonal,gamma_1,708,79.7927615805,79.8131188873,0.000531523439847,-0.0203573067776,0.166297541892,-0.00338537007666
e2k0_diagonal,gamma_1,710,79.7927575964,79.8129183494,0.00033098547938,-0.0201607529494,0.165456922546,-0.00333573613922
e2k0_diagonal,gamma_1,712,79.7938546838,79.8127217758,0.000134411959607,-0.0188670920073,0.164620552456,-0.00310591110948
e2k0_diagonal,gamma_1,714,79.7960385633,79.8125317866,-5.55773089843e-05,-0.0164932232747,0.163788410143,-0.0027013988183
e2k0_diagonal,gamma_1,716,79.79926374,79.8123507111,-0.00023665276106,-0.0130869711242,0.162960474236,-0.00213265902072
e2k0_diagonal,gamma_1,718,79.8034540971,79.8121805448,-0.000406819054845,-0.00872644770617,0.162136723472,-0.00141487763862
e2k0_diagonal,gamma_1,720,79.8085050448,79.8120229165,-0.000564447414618,-0.00351787167322,0.161317136694,-0.000567492985582
e2k0_diagonal,gamma_1,722,79.8142861199,79.8118790701,-0.000708293758166,0.00240704979453,0.160501692855,0.000386335566809
e2k0_diagonal,gamma_1,724,79.8206443748,79.8117498609,-0.000837502943455,0.00889451384374,0.159690371013,0.00142036821569
e2k0_diagonal,gamma_1,726,79.8274088985,79.8116357629,-0.000951601003493,0.0157731356221,0.158883150331,0.00250608547823
e2k0_diagonal,gamma_1,728,79.8343947482,79.8115368897,-0.0010504742246,0.0228578585266,0.158080010077,0.00361337050623
e2k0_diagonal,gamma_1,730,79.8414083194,79.8114530263,-0.00113433756655,0.0299552931252,0.157280929627,0.00471139634998
e2k0_diagonal,gamma_1,732,79.8482529198,79.8113836708,-0.00120369305255,0.0368692489717,0.156485888457,0.00576951718208
e2k0_diagonal,gamma_1,734,79.8547338225,79.8113280843,-0.00125927961565,0.0434057382141,0.15569486615,0.00675805060139
e2k0_diagonal,gamma_1,736,79.8606640953,79.8112853439,-0.00130201996873,0.0493787513413,0.154907842391,0.00764915583024
e2k0_diagonal,gamma_1,738,79.8658696324,79.8112543994,-0.00133296451114,0.0546152330014,0.154124796967,0.00841756169766
e2k0_diagonal,gamma_1,740,79.8701943081,79.8112341314,-0.00135323247247,0.0589601767206,0.153345709769,0.00904129014731
e2k0_diagonal,gamma_1,742,79.8735043891,79.8112234075,-0.00136395637759,0.0622809815546,0.152570560787,0.00950224428215
e2k0_diagonal,gamma_1,744,79.8756924264,79.8112211328,-0.00136623106233,0.0644712935292,0.151799330115,0.00978669916936
e2k0_diagonal,gamma_1,746,79.8766805623,79.8112262954,-0.00136106849125,0.0654542668931,0.151031997945,0.0098856887029
e2k0_diagonal,gamma_1,748,79.8764225533,79.8112380025,-0.00134936138765,0.0651845508297,0.150268544572,0.00979518758174
e2k0_diagonal,gamma_1,750,79.8749049281,79.8112555104,-0.00133185353479,0.063649417762,0.149508950388,0.00951615764238
e2k0_diagonal,gamma_1,752,79.8721478778,79.8112782448,-0.00130911910598,0.0608696330523,0.148753195885,0.00905455244887
e2k0_diagonal,gamma_1,754,79.8682048519,79.8113058093,-0.00128155460277,0.0568990426255,0.148001261654,0.00842113009549
e2k0_diagonal,gamma_1,756,79.8631609706,79.8113379829,-0.00124938094055,0.0518229876307,0.147253128384,0.00763109705083
e2k0_diagonal,gamma_1,758,79.8571308451,79.8113747095,-0.00121265438815,0.0457561356081,0.146508776862,0.00670367546186
e2k0_diagonal,gamma_1,760,79.8502547354,79.8114160777,-0.00117128620843,0.0388386576866,0.14576818797,0.00566144075418
e2k0_diagonal,gamma_1,762,79.8426949809,79.8114622954,-0.00112506844289,0.0312326854991,0.14503134269,0.00452971831375
e2k0_diagonal,gamma_1,764,79.8346315472,79.8115136592,-0.00107370471609,0.0231178880602,0.144298222098,0.00333587014575
e2k0_diagonal,gamma_1,766,79.8262559918,79.8115705181,-0.00101684578809,0.014685473752,0.143568807365,0.00210837595216
e2k0_diagonal,gamma_1,768,79.8177665157,79.8116332348,-0.000954129106191,0.0061332809328,0.142843079759,0.000876096737468
e2k0_diagonal,gamma_1,770,79.8093627421,79.8117021442,-0.000885219711463,-0.00233940205423,0.142121020642,-0.000332478207639
e2k0_diagonal,gamma_1,772,79.8012391775,79.8117775138,-0.000809850086426,-0.0105383363105,0.141402611469,-0.00149014827484
e2k0_diagonal,gamma_1,774,79.793580929,79.8118595056,-0.000727858294596,-0.0182785766285,0.140687833792,-0.00257157335067
e2k0_diagonal,gamma_1,776,79.7865586344,79.8119481408,-0.000639223065775,-0.0253895064683,0.139976669252,-0.00355393854938
e2k0_diagonal,gamma_1,778,79.7803233481,79.812043274,-0.000544089913063,-0.0317199259011,0.139269099586,-0.00441760551919
e2k0_diagonal,gamma_1,780,79.7750039906,79.8121445762,-0.000442787690019,-0.0371405855586,0.138565106622,-0.00514638919794
e2k0_diagonal,gamma_1,782,79.7707037853,79.8122515264,-0.000335837444396,-0.0415477411456,0.13786467228,-0.00572796571702
e2k0_diagonal,gamma_1,784,79.7674969442,79.8123634126,-0.000223951296562,-0.0448664684196,0.137167778572,-0.00615423380548
e2k0_diagonal,gamma_1,786,79.7654283524,79.8124793407,-0.00010802314624,-0.0470509883345,0.1364744076,-0.00642125575993
e2k0_diagonal,gamma_1,788,79.7645122946,79.8125982509,1.08870436293e-05,-0.0480859562939,0.135784541556,-0.00652932953066
e2k0_diagonal,gamma_1,790,79.764731998,79.8127189414,0.000131577552438,-0.0479869434042,0.135098162724,-0.00648294788867
e2k0_diagonal,gamma_1,792,79.766041095,79.8128400992,0.00025273536157,-0.0467990042399,0.134415253477,-0.00629050001738
e2k0_diagonal,gamma_1,794,79.7683647477,79.8129603343,0.000372970374826,-0.0445955865978,0.133735796275,-0.00596402628402
e2k0_diagonal,gamma_1,796,79.7716018179,79.8130782204,0.000490856518383,-0.0414764024658,0.133059773669,-0.00551884072472
e2k0_diagonal,gamma_1,798,79.7756280227,79.8131923391,0.000604975222416,-0.0375643163772,0.132387168298,-0.00497303347423
e2k0_diagonal,gamma_1,800,79.7802990772,79.8133013208,0.000713956872616,-0.0330022435521,0.131717962887,-0.00434698829139
e2k0_diagonal,gamma_1,802,79.7854551363,79.8134038853,0.00081652141148,-0.0279487490468,0.13105214025,-0.0036627433799
e2k0_diagonal,gamma_1,804,79.7909261007,79.813498876,0.000911512115806,-0.02257277535,0.130389683288,-0.00294325702883
e2k0_diagonal,gamma_1,806,79.7965357537,79.8135852871,0.00099792321825,-0.0170495333733,0.129730574987,-0.00221184576778
e2k0_diagonal,gamma_1,808,79.8021068013,79.8136622898,0.00107492588995,-0.0115554884857,0.12907479842,-0.00149152234694
e2k0_diagonal,gamma_1,810,79.8074659155,79.8137292514,0.00114188751394,-0.00626333591494,0.128422336746,-0.000804352234021
e2k0_diagonal,gamma_1,812,79.8124481192,79.8137857462,0.00119838229585,-0.00133762696129,0.127773173207,-0.000170912841412
e2k0_diagonal,gamma_1,814,79.8169011382,79.8138315553,0.00124419145682,0.00306958284254,0.127127291133,0.000390227751681
e2k0_diagonal,gamma_1,816,79.8206895255,79.8138666562,0.00127929229868,0.0068228693363,0.126484673936,0.000862988403308
e2k0_diagonal,gamma_1,818,79.823697268,79.8138912032,0.00130383926785,0.0098060648788,0.125845305111,0.00123404722661
e2k0_diagonal,gamma_1,820,79.8258298198,79.8139055053,0.00131814139982,0.0119243145289,0.125209168239,0.00149303350399
e2k0_diagonal,gamma_1,822,79.8270165078,79.8139100025,0.00132263860787,0.0131065053389,0.124576246983,0.00163275924618
e2k0_diagonal,gamma_1,824,79.8272119057,79.8139052385,0.00131787465166,0.0133066671845,0.123946525088,0.00164931515801
e2k0_diagonal,gamma_1,826,79.826397135,79.8138918284,0.00130446451841,0.0125053065483,0.123319986381,0.00154215423322
e2k0_diagonal,gamma_1,828,79.8245809658,79.8138704249,0.00128306106447,0.0107105408886,0.122696614772,0.0013141471094
e2k0_diagonal,gamma_1,830,79.8217997899,79.813841686,0.0012543221268,0.00795810388522,0.122076394251,0.000971496627379
e2k0_diagonal,gamma_1,832,79.8181170389,79.8138062422,0.00121887827561,0.00431079670958,0.121459308889,0.000523586389108
e2k0_diagonal,gamma_1,834,79.8136228054,79.8137646702,0.00117730635584,-0.000141864879609,0.12084534284,-1.71437100133e-05
e2k0_diagonal,gamma_1,836,79.8084316808,79.8137174741,0.00113011024777,-0.0052857933179,0.120234480335,-0.000635534612735
e2k0_diagonal,gamma_1,838,79.8026808219,79.8136650706,0.00107770670053,-0.0109842486558,0.119626705685,-0.00131400948113
e2k0_diagonal,gamma_1,840,79.7965271686,79.8136077848,0.00102042093845,-0.0170806162293,0.119022003283,-0.00203296916092
e2k0_diagonal,gamma_1,842,79.7901437124,79.8135458542,0.000958490300349,-0.0234021417992,0.118420357598,-0.00277129000041
e2k0_diagonal,gamma_1,844,79.7837154976,79.8134794371,0.000892073257603,-0.0297639395496,0.117821753178,-0.00350683953922
e2k0_diagonal,gamma_1,846,79.7774344171,79.8134086326,0.000821268746307,-0.0359742155284,0.117226174651,-0.00421711967245
e2k0_diagonal,gamma_1,848,79.7714932189,79.8133335071,0.000746143192259,-0.0418402881654,0.11663360672,-0.00487998371493
e2k0_diagonal,gamma_1,850,79.7660807148,79.813254126,0.000666762115685,-0.0471734111742,0.116044034168,-0.00547419293811
e2k0_diagonal,gamma_1,852,79.7613762089,79.8131705865,0.00058322265869,-0.051794377618,0.115457441852,-0.00598004634211
e2k0_diagonal,gamma_1,854,79.7575440647,79.8130830475,0.000495683663189,-0.0555389828116,0.114873814709,-0.00637997482066
e2k0_diagonal,gamma_1,856,79.754728098,79.8129917586,0.000404394733224,-0.0582636605915,0.11429313775,-0.00665913658581
e2k0_diagonal,gamma_1,858,79.7530469898,79.8128970867,0.000309722779548,-0.0598500968453,0.113715396061,-0.00680587746706
e2k0_diagonal,gamma_1,860,79.7525898334,79.8127995373,0.000212173427471,-0.0602097039051,0.113140574805,-0.00681216050868
e2k0_diagonal,gamma_1,862,79.7534129798,79.8126997693,0.000112405413347,-0.0592867895248,0.11256865922,-0.00667383440627
e2k0_diagonal,gamma_1,864,79.7555386455,79.8125986008,1.12369051237e-05,-0.0570599552675,0.111999634617,-0.00639069414125
e2k0_diagonal,gamma_1,866,79.7589520191,79.8124970095,-9.035435518e-05,-0.0535449904349,0.111433486384,-0.00596670496254
e2k0_diagonal,gamma_1,868,79.7636017834,79.8123961272,-0.00019123669972,-0.0487943438028,0.110870199979,-0.00540983865527
e2k0_diagonal,gamma_1,870,79.7694024633,79.8122972213,-0.00029014259519,-0.0428947580345,0.110309760938,-0.00473171050426
e2k0_diagonal,gamma_1,872,79.7762361789,79.812201665,-0.000385698929392,-0.035965486033,0.109752154866,-0.00394728959292
e2k0_diagonal,gamma_1,874,79.7839530561,79.8121109028,-0.000476461075579,-0.0281578466728,0.109197367443,-0.00307476272953
e2k0_diagonal,gamma_1,876,79.7923778259,79.81202642,-0.000560943919623,-0.0196485940573,0.108645384422,-0.0021347290547
e2k0_diagonal,gamma_1,878,79.8013141719,79.8119497037,-0.000637660212391,-0.0106355317525,0.108096191626,-0.00114966047836
e2k0_diagonal,gamma_1,880,79.8105498678,79.811882195,-0.000705168860321,-0.00133232721953,0.107549774951,-0.000143291492621
e2k0_diagonal,gamma_1,882,79.8198633019,79.8118252425,-0.000762121406297,0.00803805937406,0.107006120364,0.00086012154887
e2k0_diagonal,gamma_1,884,79.8290294071,79.8117800534,-0.000807310528387,0.0172493536968,0.106465213902,0.001836456131
e2k0_diagonal,gamma_1,886,79.837826251,79.8117476455,-0.000839718350363,0.0260786054465,0.105927041675,0.00276242952596
e2k0_diagonal,gamma_1,888,79.8460417549,79.8117288075,-0.000858556342621,0.0343129473089,0.105391589861,0.0036162960697
e2k0_diagonal,gamma_1,890,79.8534798348,79.8117240655,-0.000863298340846,0.0417557692553,0.104858844708,0.00437846172401
e2k0_diagonal,gamma_1,892,79.8599659703,79.8117336579,-0.000853706013203,0.0482323124201,0.104328792535,0.00503201891597
e2k0_diagonal,gamma_1,894,79.8653539127,79.8117575152,-0.000829848658611,0.0535963975113,0.103801419729,0.00556338215403
e2k0_diagonal,gamma_1,896,79.8695289902,79.8117952479,-0.000792116030283,0.0577337423188,0.103276712745,0.00596255112116
e2k0_diagonal,gamma_1,898,79.8724110802,79.8118461481,-0.000741215765331,0.0605649320455,0.102754658109,0.00622332888574
e2k0_diagonal,gamma_1,900,79.8739584344,79.8119092055,-0.000678158375976,0.0620492288935,0.102235242413,0.00634361795746
e2k0_diagonal,gamma_1,902,79.8741677266,79.8119831309,-0.000604233024873,0.0621845957757,0.101718452317,0.00632532084026
e2k0_diagonal,gamma_1,904,79.8730739456,79.8120663939,-0.000520969946422,0.0610075516967,0.101204274549,0.0061742250115
e2k0_diagonal,gamma_1,906,79.8707504729,79.8121572686,-0.000430095262601,0.0585932042957,0.100692695905,0.00589990770223
e2k0_diagonal,gamma_1,908,79.8673066217,79.8122538788,-0.00033348512585,0.0550527429219,0.100183703245,0.0055153876597
e2k0_diagonal,gamma_1,910,79.8628840254,79.8123542478,-0.000233116049088,0.0505297775788,0.0996772834977,0.0050366709648
e2k0_diagonal,gamma_1,912,79.8576519096,79.8124563528,-0.000131011061598,0.0451955567334,0.0991734236576,0.00448219809536
e2k0_diagonal,gamma_1,914,79.8518019184,79.8125581797,-2.91842061841e-05,0.0392437387597,0.0986721107844,0.00387226253849
e2k0_diagonal,gamma_1,916,79.8455424039,79.8126577807,7.04168263326e-05,0.0328846231592,0.0981733320033,0.00322839302721
e2k0_diagonal,gamma_1,918,79.8390913602,79.8127533325,0.000165968652766,0.0263380276614,0.0976770745048,0.0025726214902
e2k0_diagonal,gamma_1,920,79.832668973,79.8128431928,0.000255828892449,0.0198257802189,0.097183325544,0.00192673525318
e2k0_diagonal,gamma_1,922,79.8264923207,79.812925949,0.000338585135438,0.0135663716679,0.0966920724405,0.00131176059207
e2k0_diagonal,gamma_1,924,79.8207687703,79.8130004554,0.000413091535961,0.00776831491862,0.0962033025779,0.000747337550637
e2k0_diagonal,gamma_1,926,79.8156885041,79.8130658632,0.000478499275673,0.00262264096297,0.0957170034037,0.000251031333979
e2k0_diagonal,gamma_1,928,79.8114195296,79.8131216425,0.000534278602544,-0.00170211290887,0.0952331624287,-0.000162097595123
e2k0_diagonal,gamma_1,930,79.8081011677,79.8131675885,0.000580224564771,-0.00506642071213,0.094751767227,-0.00048005231599
e2k0_diagonal,gamma_1,932,79.8058411014,79.8132038133,0.000616449418871,-0.00736271194008,0.0942728054354,-0.000694103510204
e2k0_diagonal,gamma_1,934,79.804710843,79.8132307286,0.000643364757366,-0.00851988564929,0.0937962647533,-0.000799133450029
e2k0_diagonal,gamma_1,936,79.8047429388,79.8132490169,0.00066165305256,-0.00850607815848,0.0933221329421,-0.000793805356721
e2k0_diagonal,gamma_1,938,79.8059299745,79.813259595,0.000672231155065,-0.00732962057789,0.0928503978252,-0.000680558186565
e2k0_diagonal,gamma_1,940,79.808223986,79.8132635726,0.0006762086783,-0.00503958659746,0.0923810472875,-0.00046556228777
e2k0_diagonal,gamma_1,942,79.8115378611,79.8132622038,0.000674839914993,-0.00172434268005,0.0919140692753,-0.000158491352548
e2k0_diagonal,gamma_1,944,79.8157480642,79.813256831,0.000669467068178,0.00249123323779,0.0914494517955,0.000227821913891
e2k0_diagonal,gamma_1,946,79.8206995082,79.8132488203,0.000661456436887,0.00745068790603,0.090987182916,0.000677917103356
e2k0_diagonal,gamma_1,948,79.8262102471,79.8132394987,0.000652134778534,0.012970748459,0.0905272507647,0.00117420619836
e2k0_diagonal,gamma_1,950,79.8320765965,79.8132300952,0.000642731269451,0.0188465013745,0.0900696435297,0.00169749766058
e2k0_diagonal,gamma_1,952,79.8380802423,79.8132216884,0.000634324562071,0.0248585538183,0.0896143494587,0.00222768312891
e2k0_diagonal,gamma_1,954,79.8439950848,79.8132151553,0.000627791435562,0.0307799294669,0.0891613568589,0.00274438027529
e2k0_diagonal,gamma_1,956,79.8495941737,79.8132111254,0.000623761516636,0.0363830482932,0.0887106540966,0.00322756401212
e2k0_diagonal,gamma_1,958,79.8546564153,79.8132099492,0.000622585351138,0.0414464660819,0.0882622295969,0.0036581575053
e2k0_diagonal,gamma_1,960,79.8589733242,79.8132116774,0.000624313529073,0.0457616467986,0.0878160718433,0.00401860806293
e2k0_diagonal,gamma_1,962,79.8623552716,79.8132160512,0.00062868736029,0.0491392203269,0.0873721693776,0.00429340028149
e2k0_diagonal,gamma_1,964,79.8646369676,79.8132225078,0.000635143867072,0.0514144597986,0.0869305107995,0.00446948525278
e2k0_diagonal,gamma_1,966,79.8656835941,79.8132302,0.000642836117947,0.0524533941368,0.0864910847665,0.00453675095858
e2k0_diagonal,gamma_1,968,79.8653941396,79.8132380288,0.000650664919334,0.0521561108139,0.0860538799931,0.00448823570089
e2k0_diagonal,gamma_1,970,79.8637057011,79.8132446845,0.000657320605114,0.0504610166067,0.0856188852512,0.00432041599051
e2k0_diagonal,gamma_1,972,79.8605964519,79.8132486992,0.000661335275083,0.0473477527493,0.0851860893691,0.00403336989713
e2k0_diagonal,gamma_1,974,79.8560862291,79.8132485064,0.000661142518567,0.042837722697,0.0847554812319,0.00363073180207
e2k0_diagonal,gamma_1,976,79.8502369675,79.813242508,0.000655144107299,0.0369944595371,0.0843270497807,0.00311963363099
e2k0_diagonal,gamma_1,978,79.8431504276,79.8132291461,0.000641782176672,0.0299212815692,0.0839007840126,0.00251041898232
e2k0_diagonal,gamma_1,980,79.8349666431,79.8132069744,0.000619610467339,0.0217596687838,0.0834766729801,0.00181642475522
e2k0_diagonal,gamma_1,982,79.8258609867,79.8131747254,0.000587361485003,0.0126862613404,0.0830547057913,0.00105365370322
e2k0_diagonal,gamma_1,984,79.8160383486,79.8131313734,0.000544009515437,0.00290697516955,0.0826348716094,0.000240217519908
e2k0_diagonal,gamma_1,986,79.8057269366,79.8130761921,0.000488828179769,-0.00734925547265,0.082217159652,-0.000604234910518
e2k0_diagonal,gamma_1,988,79.7951722751,79.813008801,0.000421437151871,-0.0178365259673,0.0818015591916,-0.00145905563469
e2k0_diagonal,gamma_1,990,79.7846295766,79.812929201,0.000341837083994,-0.0282996243515,0.0813880595546,-0.0023032515121
e2k0_diagonal,gamma_1,992,79.7743553251,79.8128377961,0.000250432190654,-0.0384824709697,0.0809766501218,-0.00311618158754
e2k0_diagonal,gamma_1,994,79.7645997971,79.8127354021,0.000148038171034,-0.0481356049205,0.0805673203272,-0.00387815670077
e2k0_diagonal,gamma_1,996,79.7556000266,79.8126232394,3.58754757315e-05,-0.0570232127134,0.0801600596584,-0.00457098413302
e2k0_diagonal,gamma_1,998,79.7475721241,79.812502913,-8.4450899692e-05,-0.0649307888495,0.0797548576563,-0.0051785458222
e2k0_diagonal,gamma_1,1000,79.7407055821,79.8123763761,-0.000210987832375,-0.0716707939923,0.0793517039143,-0.00568719962418
e2k0_diagonal,gamma_1,1002,79.735157961,79.8122458802,-0.000341483658275,-0.0770879192509,0.0789505880789,-0.00608613655863
e2k0_diagonal,gamma_1,1004,79.7310506202,79.8121139154,-0.000473448474651,-0.0810632952589,0.0785514998484,-0.00636764342524
e2k0_diagonal,gamma_1,1006,79.7284656994,79.81198314,-0.000604223847091,-0.0835174406673,0.0781544289737,-0.00652725788469
e2k0_diagonal,gamma_1,1008,79.7274441875,79.8118563039,-0.000731059954262,-0.0844121164721,0.077759365257,-0.00656383259687
e2k0_diagonal,gamma_1,1010,79.7279854382,79.8117361663,-0.00085119758964,-0.0837507280548,0.0773662985524,-0.00647948383067
e2k0_diagonal,gamma_1,1012,79.7300483285,79.8116254129,-0.000961951032934,-0.0815770843737,0.0769752187652,-0.00627941391589
e2k0_diagonal,gamma_1,1014,79.7335524769,79.8115265748,-0.00106078910912,-0.0779740978584,0.0765861158517,-0.00597173329202
e2k0_diagonal,gamma_1,1016,79.7383814412,79.811441952,-0.0011454119014,-0.0730605108186,0.076198979819,-0.00556713638943
e2k0_diagonal,gamma_1,1018,79.744386507,79.8113735431,-0.0012138207436,-0.0669870360943,0.0758138007246,-0.00507854180559
e2k0_diagonal,gamma_1,1020,79.7513918342,79.8113229889,-0.00126437498774,-0.0599311547449,0.0754305686765,-0.00452064108384
e2k0_diagonal,gamma_1,1022,79.759199426,79.8112915256,-0.00129583823963,-0.0520920996193,0.0750492738324,-0.00390947424883
e2k0_diagonal,gamma_1,1024,79.7675954787,79.8112799502,-0.00130741367556,-0.0436844715373,0.0746699063999,-0.00326191540082
e2k0_diagonal,gamma_1,1026,79.7763570984,79.8112886019,-0.00129876194293,-0.0349315035498,0.0742924566363,-0.00259514721271
e2k0_diagonal,gamma_1,1028,79.7852586316,79.8113173584,-0.00127000549477,-0.0260587268401,0.0739169148477,-0.00192618069288
e2k0_diagonal,gamma_1,1030,79.7940782232,79.8113656455,-0.0012217184034,-0.0172874222543,0.0735432713897,-0.00127137358648
e2k0_diagonal,gamma_1,1032,79.8026037567,79.8114324603,-0.0011549035675,-0.00882870359673,0.0731715166662,-0.000646009632369
e2k0_diagonal,gamma_1,1034,79.8106390493,79.811516406,-0.00107095784278,-0.000877356759673,0.0728016411299,-6.38730119606e-05
e2k0_diagonal,gamma_1,1036,79.8180072726,79.8116157403,-0.000971623599298,0.0063915322732,0.0724336352817,0.000462961917568
e2k0_diagonal,gamma_1,1038,79.8245558968,79.8117284316,-0.000858932284146,0.0128274651869,0.0720674896705,0.000924443214854
e2k0_diagonal,gamma_1,1040,79.8301604484,79.8118522226,-0.000735141294371,0.0183082258351,0.0717031948929,0.00131275828519
e2k0_diagonal,gamma_1,1042,79.8347256189,79.8119847021,-0.000602661813986,0.0227409168666,0.0713407415932,0.00162235387377
e2k0_diagonal,gamma_1,1044,79.8381876323,79.8121233783,-0.000463985620826,0.0260642540083,0.0709801204628,0.00185004388928
e2k0_diagonal,gamma_1,1046,79.8405145384,79.8122657496,-0.000321614246843,0.0282487887585,0.0706213222402,0.00199496681381
e2k0_diagonal,gamma_1,1048,79.8417059419,79.8124093782,-0.000177985726793,0.0292965637619,0.0702643377109,0.00205850364994
e2k0_diagonal,gamma_1,1050,79.8417918959,79.8125519569,-3.54069364334e-05,0.0292399389465,0.0699091577068,0.00204413950315
e2k0_diagonal,gamma_1,1052,79.8408306659,79.8126913679,0.000104004029268,0.028139297959,0.0695557731061,0.0019572506242
e2k0_diagonal,gamma_1,1054,79.8389070331,79.8128257311,0.000238367172415,0.0260813020572,0.0692041748333,0.00180493498745
e2k0_diagonal,gamma_1,1056,79.8361293444,79.8129534423,0.00036607842857,0.0231759021027,0.0688543538586,0.00159576176437
e2k0_diagonal,gamma_1,1058,79.8326259877,79.8130732007,0.000485836780626,0.0195527870509,0.068506301198,0.00133948911897
e2k0_diagonal,gamma_1,1060,79.8285415328,79.813184024,0.000596660141468,0.0153575087764,0.0681600079128,0.00104676791972
e2k0_diagonal,gamma_1,1062,79.8240332345,79.8132852539,0.000697890056699,0.0107479806012,0.0678154651094,0.000728879303459
e2k0_diagonal,gamma_1,1064,79.8192665428,79.8133765491,0.000789185235647,0.00588999371942,0.0674726639394,0.000397413566836
e2k0_diagonal,gamma_1,1066,79.8144113699,79.8134578671,0.000870503253154,0.000953502714921,0.0671315955989,6.40101586606e-05
e2k0_diagonal,gamma_1,1068,79.8096377643,79.8135294343,0.000942070430341,-0.00389167006273,0.0667922513287,-0.000259933404918
e2k0_diagonal,gamma_1,1070,79.8051119382,79.8135917091,0.00100434518195,-0.00847977090199,0.0664546224138,-0.000563519973447
e2k0_diagonal,gamma_1,1072,79.8009914707,79.8136453395,0.00105797558885,-0.0126538688191,0.066118700183,-0.000836657358605
e2k0_diagonal,gamma_1,1074,79.7974222039,79.8136911152,0.00110375135628,-0.0162689113893,0.0657844760095,-0.00107024181099
e2k0_diagonal,gamma_1,1076,79.7945341954,79.8137299178,0.00114255396232,-0.0191957224151,0.0654519413095,-0.00125639729691
e2k0_diagonal,gamma_1,1078,79.7924387601,79.8137626692,0.00117530531375,-0.0213239091276,0.0651210875429,-0.00138863615305
e2k0_diagonal,gamma_1,1080,79.7912259027,79.8137902795,0.00120291557403,-0.0225643767944,0.0647919062129,-0.00146198898501
e2k0_diagonal,gamma_1,1082,79.7909610202,79.8138135991,0.00122623517939,-0.0228525788747,0.0644643888653,-0.00147317753116
e2k0_diagonal,gamma_1,1084,79.7916836863,79.813833376,0.00124601216351,-0.0221496897497,0.0641385270889,-0.00142064847602
e2k0_diagonal,gamma_1,1086,79.7934059714,79.8138502184,0.00126285449647,-0.0204442469641,0.063814312515,-0.0013046355649
e2k0_diagonal,gamma_1,1088,79.7961114537,79.8138645662,0.0012772023386,-0.0177531125153,0.063491736817,-0.0011271759475
e2k0_diagonal,gamma_1,1090,79.7997550523,79.8138766748,0.00128931095566,-0.0141216225137,0.0631707917105,-0.000892074074426
e2k0_diagonal,gamma_1,1092,79.8042635428,79.8138866084,0.00129924452216,-0.00962306557517,0.0628514689532,-0.000604823807232
e2k0_diagonal,gamma_1,1094,79.8095367791,79.8138942426,0.00130687873893,-0.00435746349392,0.0625337603441,-0.000272488577837
e2k0_diagonal,gamma_1,1096,79.8154506882,79.8138992737,0.00131190979869,0.00155141451185,0.0622176577239,9.65253770863e-05
e2k0_diagonal,gamma_1,1098,79.8218596585,79.8139012374,0.00131387355071,0.00795842104105,0.0619031529745,0.00049265135514
e2k0_diagonal,gamma_1,1100,79.8285999746,79.813899536,0.00131217214303,0.0147004385296,0.0615902380187,0.000905403508016
e2k0_diagonal,gamma_1,1102,79.835495033,79.8138934695,0.00130610563428,0.0216015635252,0.0612789048203,0.00132372015523
e2k0_diagonal,gamma_1,1104,79.8423598705,79.813882272,0.00129490814726,0.0284775984303,0.0609691453836,0.00173625483887
e2k0_diagonal,gamma_1,1106,79.8490063587,79.81386515,0.00127778611363,0.0351412086868,0.0606609517535,0.00213169916471
e2k0_diagonal,gamma_1,1108,79.8552491053,79.8138413214,0.00125395752201,0.0414077838636,0.0603543160148,0.00249913847278
e2k0_diagonal,gamma_1,1110,79.8609099388,79.8138100563,0.0012226924409,0.0470998824498,0.0600492302927,0.00282831168798
e2k0_diagonal,gamma_1,1112,79.8658237333,79.8137707144,0.00118335054097,0.052053018832,0.0597456867519,0.00310994335762
e2k0_diagonal,gamma_1,1114,79.8698437685,79.813722779,0.00113541506764,0.056120989518,0.0594436775967,0.00333603800732
e2k0_diagonal,gamma_1,1116,79.8728452652,79.8136658877,0.00107852384048,0.0591793774264,0.0591431950711,0.00350005746332
e2k0_diagonal,gamma_1,1118,79.8747301351,79.8135998561,0.00101249219668,0.0611302789776,0.0588442314581,0.00359716428526
e2k0_diagonal,gamma_1,1120,79.8754302236,79.813524691,0.000937327135944,0.061905532592,0.0585467790797,0.00362436954048
e2k0_diagonal,gamma_1,1122,79.8749093685,79.8134405986,0.000853234723564,0.0614687698873,0.0582508302967,0.00358060688325
e2k0_diagonal,gamma_1,1124,79.8731659487,79.8133479839,0.00076061998368,0.0598179648135,0.0579563775085,0.00346683255052
e2k0_diagonal,gamma_1,1126,79.8702329011,79.8132474441,0.000660080206487,0.0569854570247,0.0576634131532,0.00328597595213
e2k0_diagonal,gamma_1,1128,79.8661769109,79.8131397545,0.00055239058419,0.0530371563895,0.0573719297067,0.00304284400822
e2k0_diagonal,gamma_1,1130,79.8610974101,79.8130258474,0.000438483506485,0.048071562686,0.0570819196832,0.00274401708029
e2k0_diagonal,gamma_1,1132,79.8551232123,79.8129067893,0.000319425366911,0.0422164230589,0.0567933756347,0.00239761317274
e2k0_diagonal,gamma_1,1134,79.8484090078,79.8127837554,0.000196391482291,0.035625252445,0.0565062901508,0.00201305085135
e2k0_diagonal,gamma_1,1136,79.8411311947,79.812658001,7.0637094268e-05,0.0284731937492,0.0562206558586,0.00160078162697
e2k0_diagonal,gamma_1,1138,79.8334819144,79.8125308316,-5.65323300918e-05,0.020951082837,0.0559364654224,0.00117192952068
e2k0_diagonal,gamma_1,1140,79.8256637333,79.8124035745,-0.000183789416411,0.0132601588094,0.0556537115438,0.000737977053401
e2k0_diagonal,gamma_1,1142,79.8178839721,79.812277548,-0.000309815902028,0.00560642408635,0.0553723869609,0.000310441083976
e2k0_diagonal,gamma_1,1144,79.8103483481,79.8121540303,-0.000433333581299,-0.00180568218175,0.0550924844489,-9.9479517518e-05
e2k0_diagonal,gamma_1,1146,79.8032545255,79.8120342344,-0.000553129508603,-0.00877970891975,0.0548139968193,-0.000481250936802
e2k0_diagonal,gamma_1,1148,79.7967864865,79.8119192877,-0.000668076166505,-0.015132801231,0.05453691692,-0.000825296323501
e2k0_diagonal,gamma_1,1150,79.7911084201,79.8118102183,-0.000777145571817,-0.0207017981979,0.0542612376351,-0.00112330519149
e2k0_diagonal,gamma_1,1152,79.7863605139,79.8117079457,-0.000879418159244,-0.0253474317777,0.0539869518845,-0.00136843057978
e2k0_diagonal,gamma_1,1154,79.7826545969,79.8116132769,-0.00097408702905,-0.0289586799419,0.0537140526241,-0.00155548805832
e2k0_diagonal,gamma_1,1156,79.7800706592,79.8115269082,-0.00106045569947,-0.0314562490021,0.0534425328454,-0.00168110162048
e2k0_diagonal,gamma_1,1158,79.7786555354,79.811449429,-0.00113793486756,-0.0327938936363,0.053172385575,-0.00174372955693
e2k0_diagonal,gamma_1,1160,79.7784214462,79.8113813244,-0.00120603946746,-0.0329598781975,0.0529036038752,-0.00174369633993
e2k0_diagonal,gamma_1,1162,79.7793456372,79.8113229829,-0.00126438102271,-0.0319773456869,0.052636180843,-0.00168316535046
e2k0_diagonal,gamma_1,1164,79.7813716446,79.8112747073,-0.00131265657967,-0.029903062725,0.0523701096106,-0.0015660266726
e2k0_diagonal,gamma_1,1166,79.7844104941,79.8112367265,-0.00135063739174,-0.0268262324269,0.0521053833447,-0.0013977911243
e2k0_diagonal,gamma_1,1168,79.7883433293,79.8112092051,-0.00137815878725,-0.0228658758297,0.0518419952466,-0.00118541262607
e2k0_diagonal,gamma_1,1170,79.7930256827,79.8111922514,-0.00139511248858,-0.0181665686908,0.0515799385521,-0.000937030496772
e2k0_diagonal,gamma_1,1172,79.7982911222,79.8111859237,-0.00140144022086,-0.0128948014964,0.0513192065309,-0.000661750981169
e2k0_diagonal,gamma_1,1174,79.8039560074,79.811190235,-0.00139712886946,-0.00723422765689,0.051059792487,-0.000369378162965
e2k0_diagonal,gamma_1,1176,79.8098247417,79.8112051553,-0.00138220854767,-0.00138041365707,0.0508016897581,-7.01273463446e-05
e2k0_diagonal,gamma_1,1178,79.815694844,79.8112306117,-0.00135675221826,0.00446423232731,0.0505448917157,0.000225644139577
e2k0_diagonal,gamma_1,1180,79.8213633493,79.8112664862,-0.00132087768384,0.010096863133,0.0502893917646,0.000507765105689
e2k0_diagonal,gamma_1,1182,79.8266330464,79.8113126101,-0.00127475380793,0.0153204363158,0.0500351833431,0.000766560839958
e2k0_diagonal,gamma_1,1184,79.8313175941,79.8113687544,-0.00121860951069,0.0199488397186,0.0497822599227,0.00099309832403
e2k0_diagonal,gamma_1,1186,79.835247403,79.8114346201,-0.0011527438144,0.0238127829472,0.0495306150078,0.00117946178442
e2k0_diagonal,gamma_1,1188,79.8382745913,79.8115098266,-0.00107753730489,0.0267647647376,0.0492802421357,0.00131897408697
e2k0_diagonal,gamma_1,1190,79.8402770759,79.8115939008,-0.000993463090822,0.0286831750797,0.0490311348762,0.00140636862601
e2k0_diagonal,gamma_1,1192,79.8411624726,79.8116862683,-0.000901095618133,0.0294762043611,0.0487832868319,0.00143794613206
e2k0_diagonal,gamma_1,1194,79.8408703267,79.811786248,-0.000801115884173,0.0290840787328,0.0485366916375,0.00141164496101
e2k0_diagonal,gamma_1,1196,79.8393740306,79.8118930512,-0.000694312685738,0.0274809794412,0.0482913429599,0.00132709340307
e2k0_diagonal,gamma_1,1198,79.836682032,79.812005782,-0.000581581921665,0.0246762500184,0.0480472344982,0.00118562557117
e2k0_diagonal,gamma_1,1200,79.8328370192,79.812123442,-0.000463921922574,0.020713577224,0.0478043599832,0.000990199302154
e2k0_diagonal,gamma_1,1202,79.8279149028,79.8122449404,-0.000342423528153,0.0156699624881,0.0475627131773,0.00074530593132
e2k0_diagonal,gamma_1,1204,79.8220233622,79.8123691064,-0.000218257453156,0.00965425579297,0.0473222878746,0.00045686147185
e2k0_diagonal,gamma_1,1206,79.8152984876,79.8124947066,-9.2657296932e-05,0.00280378104139,0.0470830779005,0.000132010641188
e2k0_diagonal,gamma_1,1208,79.8079016529,79.8126204645,3.31006131944e-05,-0.00471881163371,0.0468450771116,-0.000221053094856
e2k0_diagonal,gamma_1,1210,79.8000152041,79.812745082,0.000157718158135,-0.01272987797,0.0466082793957,-0.0005933177091
e2k0_diagonal,gamma_1,1212,79.7918372222,79.812867263,0.000279899107923,-0.0210300407748,0.0463726786713,-0.000975219323293
e2k0_diagonal,gamma_1,1214,79.7835766298,79.8129857405,0.000398376663213,-0.0294091107219,0.0461382688876,-0.00135688545823
e2k0_diagonal,gamma_1,1216,79.7754471501,79.8130993087,0.000511944860648,-0.0376521586722,0.0459050440246,-0.00172842400147
e2k0_diagonal,gamma_1,1218,79.7676618017,79.8132068536,0.000619489669859,-0.0455450518104,0.0456729980927,-0.00208017906447
e2k0_diagonal,gamma_1,1220,79.7604276003,79.8133073803,0.000720016379489,-0.0528797799662,0.0454421251324,-0.0024029695782
e2k0_diagonal,gamma_1,1222,79.7539394592,79.8134000374,0.000812673562905,-0.05946057828,0.0452124192145,-0.00268835659193
e2k0_diagonal,gamma_1,1224,79.7483749185,79.8134841382,0.000896774279028,-0.0651092196294,0.0449838744396,-0.00292886496067
e2k0_diagonal,gamma_1,1226,79.7438896017,79.8135591771,0.000971813241961,-0.0696695754565,0.0447564849383,-0.00311816530458
e2k0_diagonal,gamma_1,1228,79.7406124142,79.8136248428,0.00103747893198,-0.0730124286646,0.0445302448708,-0.00325126132705
e2k0_diagonal,gamma_1,1230,79.7386417649,79.8136810239,0.00109366005853,-0.0750392590398,0.0443051484269,-0.0033246255096
e2k0_diagonal,gamma_1,1232,79.7380430233,79.8137278081,0.00114044417904,-0.0756847847197,0.0440811898255,-0.00333627536213
e2k0_diagonal,gamma_1,1234,79.7388467397,79.8137654721,0.00117810826096,-0.0749187324433,0.043858363315,-0.0032858129866
e2k0_diagonal,gamma_1,1236,79.7410471543,79.8137944672,0.00120710331342,-0.0727473128672,0.0436366631728,-0.00317444998831
e2k0_diagonal,gamma_1,1238,79.744602147,79.8138153965,0.00122803264372,-0.0692132495014,0.0434160837052,-0.00300496823386
e2k0_diagonal,gamma_1,1240,79.7494343159,79.8138289891,0.0012416252583,-0.0643946732577,0.0431966192472,-0.00278163218226
e2k0_diagonal,gamma_1,1242,79.7554330322,79.8138360686,0.0012487047412,-0.0584030363801,0.0429782641626,-0.00251006112544
e2k0_diagonal,gamma_1,1244,79.7624574883,79.8138375167,0.0012501528572,-0.0513800284299,0.0427610128437,-0.0021970620556
e2k0_diagonal,gamma_1,1246,79.7703408747,79.8138342361,0.00124687224417,-0.0434933614686,0.0425448597109,-0.00185041896204
e2k0_diagonal,gamma_1,1248,79.7788948685,79.8138271114,0.00123974748867,-0.0349322428951,0.0423297992131,-0.00147867482781
e2k0_diagonal,gamma_1,1250,79.7879148378,79.8138169692,0.00122960532761,-0.0259021314449,0.042115825827,-0.00109088965648
e2k0_diagonal,gamma_1,1252,79.7971857589,79.8138045473,0.00121718340969,-0.0166187883556,0.0419029340575,-0.000696375992581
e2k0_diagonal,gamma_1,1254,79.8064878918,79.8137904686,0.00120310467688,-0.00730257679187,0.041691118437,-0.000304452593925
e2k0_diagonal,gamma_1,1256,79.8156029241,79.8137752164,0.00118785253348,0.00182770770265,0.0414803735257,7.58139982015e-05
e2k0_diagonal,gamma_1,1258,79.8243206435,79.8137591139,0.00117175004667,0.0105615295536,0.0412706939112,0.00043588165344
e2k0_diagonal,gamma_1,1260,79.8324446706,79.8137423082,0.00115494436105,0.01870236238,0.0410620742087,0.000767957791926
e2k0_diagonal,gamma_1,1262,79.8397970543,79.8137247624,0.00113739853103,0.0260722919262,0.0408545090603,0.00106517068672
e2k0_diagonal,gamma_1,1264,79.8462236422,79.8137062572,0.00111889326995,0.0325173850212,0.0406479931353,0.00132176644312
e2k0_diagonal,gamma_1,1266,79.8515975426,79.8136864008,0.00109903691978,0.0379111417608,0.04044252113,0.00153322215172
e2k0_diagonal,gamma_1,1268,79.8558220496,79.8136646474,0.00107728354928,0.042157402132,0.0402380877675,0.00169633324704
e2k0_diagonal,gamma_1,1270,79.8588336317,79.8136403212,0.00105295732119,0.0451933104853,0.0400346877975,0.00180930007581
e2k0_diagonal,gamma_1,1272,79.8606027384,79.8136126462,0.00102528234265,0.0469900921856,0.0398323159964,0.00187172420064
e2k0_diagonal,gamma_1,1274,79.8611340586,79.8135807808,0.000993416950706,0.0475532777575,0.0396309671668,0.00188458238948
e2k0_diagonal,gamma_1,1276,79.8604663355,79.8135438541,0.000956490234216,0.0469224814054,0.0394306361377,0.00185018329098
e2k0_diagonal,gamma_1,1278,79.8586704411,79.8135010075,0.000913643640899,0.045169433621,0.0392313177642,0.00177205640361
e2k0_diagonal,gamma_1,1280,79.8558473568,79.8134514412,0.000864077350315,0.0423959155256,0.0390330069275,0.00165484006441
e2k0_diagonal,gamma_1,1282,79.8521257104,79.8133944595,0.000807095591057,0.0387312509053,0.0388356985345,0.00150415518402
e2k0_diagonal,gamma_1,1284,79.8476576381,79.8133295137,0.000742149792245,0.0343281244692,0.0386393875179,0.00132641770413
e2k0_diagonal,gamma_1,1286,79.8426149612,79.8132562429,0.000668879060839,0.02935871821,0.0384440688361,0.0011286685838
e2k0_diagonal,gamma_1,1288,79.8371845843,79.8131745078,0.000587143911986,0.0240100765193,0.0382497374729,0.000918379123568
e2k0_diagonal,gamma_1,1290,79.8315632076,79.8130844175,0.000497053629545,0.0184787901104,0.0380563884376,0.000703236014298
e2k0_diagonal,gamma_1,1292,79.8259518357,79.8129863496,0.000398985676156,0.0129654860937,0.0378640167646,0.000490925382812
e2k0_diagonal,gamma_1,1294,79.8205498103,79.8128809585,0.000293594659141,0.00766885178254,0.0376726175133,0.00028890571997
e2k0_diagonal,gamma_1,1296,79.8155483104,79.8127691774,0.000181813524648,0.00277913295524,0.0374821857682,0.000104167977703
e2k0_diagonal,gamma_1,1298,79.8111252552,79.8126522069,6.48430187482e-05,-0.00152695175021,0.0372927166388,-5.69441789416e-05
e2k0_diagonal,gamma_1,1300,79.8074394742,79.8125314926,-5.58713147427e-05,-0.00509201833067,0.0371042052591,-0.000188935293324
e2k0_diagonal,gamma_1,1302,79.8046245096,79.8124086953,-0.000178668603994,-0.00778418571913,0.0369166467876,-0.000287366034722
e2k0_diagonal,gamma_1,1304,79.8027850244,79.8122856534,-0.000301710514989,-0.00950062893402,0.0367300364077,-0.000348958446642
e2k0_diagonal,gamma_1,1306,79.8019940144,79.812164334,-0.000423029901185,-0.0101703195874,0.0365443693266,-0.000371667915171
e2k0_diagonal,gamma_1,1308,79.8022896704,79.8120467794,-0.000540584443002,-0.00975710909239,0.0363596407763,-0.000354764981614
e2k0_diagonal,gamma_1,1310,79.8036749399,79.8119350493,-0.00065231462068,-0.00826010932205,0.0361758460124,-0.00029881644288
e2k0_diagonal,gamma_1,1312,79.806117402,79.8118311586,-0.000756205306345,-0.00571375662896,0.0359929803147,-0.000205655129869
e2k0_diagonal,gamma_1,1314,79.8095502198,79.811737019,-0.000850344861078,-0.00218679918362,0.0358110389869,-7.83115508212e-05
e2k0_diagonal,gamma_1,1316,79.8138752941,79.8116543814,-0.000932982479782,0.00222091269677,0.0356300173565,7.91311579332e-05
e2k0_diagonal,gamma_1,1318,79.8189657192,79.811584782,-0.00100258192751,0.00738093729123,0.0354499107744,0.000261653568405
e2k0_diagonal,gamma_1,1320,79.8246696166,79.8115294964,-0.00105786744888,0.0131401201158,0.035270714615,0.000463461426611
e2k0_diagonal,gamma_1,1322,79.8308155286,79.811489501,-0.00109786290952,0.0193260276403,0.0350924242764,0.000678197161531
e2k0_diagonal,gamma_1,1324,79.8372173637,79.8114654408,-0.0011219230451,0.0257519228511,0.0349150351797,0.000899129292291
e2k0_diagonal,gamma_1,1326,79.8436797815,79.8114576106,-0.00112975329782,0.0322221709332,0.0347385427691,0.00111935126308
e2k0_diagonal,gamma_1,1328,79.85000471,79.8114659436,-0.00112142027324,0.038538766349,0.0345629425121,0.00133201316581
e2k0_diagonal,gamma_1,1330,79.8559968585,79.8114900114,-0.00109735244038,0.044506847075,0.0343882298988,0.00153051168928
e2k0_diagonal,gamma_1,1332,79.8614690706,79.811529036,-0.0010583278723,0.049940034597,0.0342144004422,0.0017086683418
e2k0_diagonal,gamma_1,1334,79.8662480064,79.811581913,-0.00100545092099,0.054666093406,0.0340414496782,0.00186091306778
e2k0_diagonal,gamma_1,1336,79.8701787059,79.8116472472,-0.000940116640692,0.0585314587001,0.033869373165,0.00198242381661
e2k0_diagonal,gamma_1,1338,79.8731289569,79.8117233964,-0.000863967468987,0.0614055604549,0.0336981664833,0.00206925479921
e2k0_diagonal,gamma_1,1340,79.8749930627,79.8118085175,-0.000778846344787,0.0631845451646,0.0335278252362,0.00211844038791
e2k0_diagonal,gamma_1,1342,79.8756939718,79.8119006207,-0.000686743219887,0.0637933511568,0.0333583450491,0.00212804061972
e2k0_diagonal,gamma_1,1344,79.8751859032,79.8119976281,-0.000589735802635,0.063188275164,0.0331897215693,0.00209720125914
e2k0_diagonal,gamma_1,1346,79.8734544128,79.8120974349,-0.000489928967184,0.0613569778826,0.0330219504662,0.00202612708439
e2k0_diagonal,gamma_1,1348,79.8705166586,79.8121979689,-0.000389395027511,0.0583186897804,0.0328550274312,0.00191606215248
e2k0_diagonal,gamma_1,1350,79.8664203867,79.8122972489,-0.000290115028079,0.0541231378671,0.0326889481774,0.00176922844893
e2k0_diagonal,gamma_1,1352,79.8612411374,79.8123934402,-0.000193923670167,0.0488476971937,0.0325237084394,0.00158870826147
e2k0_diagonal,gamma_1,1354,79.8550800477,79.812484904,-0.000102459886222,0.0425951436886,0.0323593039738,0.00137834920243
e2k0_diagonal,gamma_1,1356,79.8480601403,79.8125702371,-1.71268080749e-05,0.035489903215,0.0321957305581,0.00114262336144
e2k0_diagonal,gamma_1,1358,79.8403226294,79.8126483008,6.09368954798e-05,0.0276743286123,0.0320329839915,0.000886491325413
e2k0_diagonal,gamma_1,1360,79.8320230699,79.8127182432,0.000130879327656,0.0193048266507,0.0318710600945,0.000615265290297
e2k0_diagonal,gamma_1,1362,79.8233267804,79.8127795106,0.00019214672345,0.0105472697602,0.0317099547084,0.000334453446393
e2k0_diagonal,gamma_1,1364,79.8144050468,79.8128318459,0.000244482010217,0.00157320087375,0.0315496636958,4.96339584927e-05
e2k0_diagonal,gamma_1,1366,79.8054308006,79.812875281,0.000287917087547,-0.00744448032501,0.03139018294,-0.000233683599295
e2k0_diagonal,gamma_1,1368,79.7965743614,79.8129101201,0.000322756259209,-0.0163357587244,0.0312315083453,-0.000510190384929
e2k0_diagonal,gamma_1,1370,79.7880008217,79.812936914,0.00034955010932,-0.0249360922776,0.0310736358367,-0.000774855050623
e2k0_diagonal,gamma_1,1372,79.7798661157,79.8129564267,0.000369062791833,-0.0330903109969,0.0309165613596,-0.00102303863034
e2k0_diagonal,gamma_1,1374,79.7723143628,79.8129695931,0.000382229173326,-0.040655230217,0.03076028088,-0.00125056630072
e2k0_diagonal,gamma_1,1376,79.7654758649,79.81297747,0.000390106154697,-0.0475016050923,0.0306047903845,-0.00145377666678
e2k0_diagonal,gamma_1,1378,79.7594644181,79.8129811873,0.00039382342338,-0.0535167692379,0.0304500858796,-0.00162959021929
e2k0_diagonal,gamma_1,1380,79.7543756825,79.8129818978,0.000394533915369,-0.0586062152965,0.0302961633923,-0.00177554347443
e2k0_diagonal,gamma_1,1382,79.7502853695,79.8129807301,0.000393366233268,-0.0626953606048,0.0301430189696,-0.00188982744402
e2k0_diagonal,gamma_1,1384,79.7472483135,79.8129787428,0.000391378919403,-0.0657304292812,0.0299906486783,-0.00197129821205
e2k0_diagonal,gamma_1,1386,79.7452983665,79.8129768816,0.000389517683999,-0.0676785151005,0.0298390486054,-0.00201946250162
e2k0_diagonal,gamma_1,1388,79.7444475797,79.8129759421,0.000388578183518,-0.0685283623814,0.0296882148574,-0.00203448474621
e2k0_diagonal,gamma_1,1390,79.744685924,79.8129765396,0.000389175694949,-0.0682906155902,0.0295381435607,-0.00201717800715
e2k0_diagonal,gamma_1,1392,79.7459822304,79.8129790904,0.000391726527965,-0.0669968599734,0.029388830861,-0.00196895938598
e2k0_diagonal,gamma_1,1394,79.7482842769,79.8129838028,0.0003964388751,-0.0646995258256,0.0292402729239,-0.00189183179318
e2k0_diagonal,gamma_1,1396,79.751519666,79.8129906753,0.000403311373901,-0.061471009304,0.0290924659339,-0.0017883432441
e2k0_diagonal,gamma_1,1398,79.7555968433,79.8129995065,0.000412142597753,-0.0574026631882,0.0289454060952,-0.00166154339693
e2k0_diagonal,gamma_1,1400,79.7604057207,79.8130099149,0.000422551040145,-0.0526041942698,0.028799089631,-0.00151495290574
e2k0_diagonal,gamma_1,1402,79.765820073,79.8130213672,0.000434003324557,-0.047201294252,0.0286535127835,-0.00135248288825
e2k0_diagonal,gamma_1,1404,79.7717006405,79.8130332115,0.000445847592118,-0.0413325710255,0.0285086718141,-0.0011783367026
e2k0_diagonal,gamma_1,1406,79.7778970147,79.8130447131,0.000457349232704,-0.0351476983762,0.028364563003,-0.000996949105
e2k0_diagonal,gamma_1,1408,79.7842520147,79.8130550939,0.000467729996586,-0.0288030792128,0.0282211826491,-0.000812856959321
e2k0_diagonal,gamma_1,1410,79.79060478,79.8130635747,0.000476210832744,-0.0224587947654,0.0280785270702,-0.000630609876784
e2k0_diagonal,gamma_1,1412,79.7967950277,79.8130694145,0.000482050646269,-0.0162743868398,0.0279365926027,-0.000454650915001
e2k0_diagonal,gamma_1,1414,79.8026692118,79.8130719468,0.000484582928252,-0.0104027350239,0.0277953756013,-0.000289147927269
e2k0_diagonal,gamma_1,1416,79.8080830017,79.8130706149,0.000483251052458,-0.00498761323806,0.0276548724394,-0.000137931807875
e2k0_diagonal,gamma_1,1418,79.8129071311,79.8130650019,0.000477638013621,-0.000157870816622,0.0275150795084,-4.34382807142e-06
e2k0_diagonal,gamma_1,1420,79.817030576,79.8130548525,0.0004674886206,0.00397572344988,0.0273759932184,0.000108839378202
e2k0_diagonal,gamma_1,1422,79.8203647428,79.8130400873,0.000452723432147,0.00732465544679,0.0272376099973,0.000199506108424
e2k0_diagonal,gamma_1,1424,79.8228465755,79.8130208085,0.000433444660672,0.00982576693397,0.027099926291,0.000266277559664
e2k0_diagonal,gamma_1,1426,79.8244403613,79.8129972971,0.00040993322223,0.0114430642034,0.0269629385638,0.000308538637098
e2k0_diagonal,gamma_1,1428,79.8251388652,79.8129700015,0.000382637643952,0.0121688636758,0.0268266432973,0.000326449765164
e2k0_diagonal,gamma_1,1430,79.8249627039,79.8129395184,0.00035215454821,0.0120231854259,0.0266910369914,0.000320911286956
e2k0_diagonal,gamma_1,1432,79.8239602597,79.8129065667,0.000319202837801,0.0110536930143,0.0265561161633,0.000293543155721
e2k0_diagonal,gamma_1,1434,79.8222054524,79.8128719595,0.000284595572452,0.00933349294331,0.026421877348,0.000246608405777
e2k0_diagonal,gamma_1,1436,79.8197941081,79.8128365727,0.000249208776623,0.00695753546053,0.0262883170981,0.000182901898408
e2k0_diagonal,gamma_1,1438,79.8168415054,79.8128013111,0.000213947185813,0.00404019428308,0.0261554319834,0.000105673026771
e2k0_diagonal,gamma_1,1440,79.8134777636,79.812767074,0.000179710158235,0.00071068957719,0.0260232185912,1.84944302177e-05
e2k0_diagonal,gamma_1,1442,79.8098436678,79.8127347228,0.000147358921339,-0.00289105503126,0.025891673526,-7.4854253015e-05
e2k0_diagonal,gamma_1,1444,79.8060869039,79.8127050498,0.000117685899866,-0.00661814584929,0.0257607934094,-0.000170488687977
e2k0_diagonal,gamma_1,1446,79.8023570044,79.812678751,9.1387085547e-05,-0.0103217465662,0.0256305748803,-0.00026455229826
e2k0_diagonal,gamma_1,1448,79.7988007691,79.8126564015,6.90375972852e-05,-0.0138556323636,0.0255010145942,-0.000353332683117
e2k0_diagonal,gamma_1,1450,79.7955583124,79.8126384382,5.10743126085e-05,-0.017080125772,0.025372109224,-0.000433358816647
e2k0_diagonal,gamma_1,1452,79.792759771,79.8126251488,3.77848817266e-05,-0.0198653778085,0.0252438554589,-0.000501478726036
e2k0_diagonal,gamma_1,1454,79.7905207718,79.8126166652,2.93012857782e-05,-0.0220958933468,0.0251162500053,-0.00055496598139
e2k0_diagonal,gamma_1,1456,79.7889411275,79.8126129646,2.56007501775e-05,-0.023671837145,0.024989289586,-0.000591542393449
e2k0_diagonal,gamma_1,1458,79.7881008578,79.8126138771,2.65132057677e-05,-0.0245130192484,0.0248629709403,-0.000609466485233
e2k0_diagonal,gamma_1,1460,79.7880583562,79.8126191004,3.17364701345e-05,-0.0245607441826,0.0247372908242,-0.000607566271705
e2k0_diagonal,gamma_1,1462,79.7888495549,79.8126282172,4.08532945357e-05,-0.0237786622793,0.02461224601,-0.000585246285806
e2k0_diagonal,gamma_1,1464,79.7904855602,79.8126407165,5.33525784192e-05,-0.0221551563099,0.0244878332862,-0.000542531774145
e2k0_diagonal,gamma_1,1466,79.7929529922,79.8126560228,6.86589269208e-05,-0.0197030306516,0.0243640494577,-0.000480045613262
e2k0_diagonal,gamma_1,1468,79.7962146575,79.812673526,8.61621549717e-05,-0.0164588685831,0.0242408913455,-0.000398977644994
e2k0_diagonal,gamma_1,1470,79.8002099591,79.8126926074,0.000105243499718,-0.012482648301,0.0241183557867,-0.000301060952884
e2k0_diagonal,gamma_1,1472,79.804857311,79.8127126638,0.000125299915652,-0.00785535276133,0.0239964396342,-0.000188500498343
e2k0_diagonal,gamma_1,1474,79.810056091,79.8127331305,0.000145766618274,-0.00267703951766,0.0238751397572,-6.39146926197e-05
e2k0_diagonal,gamma_1,1476,79.8156895385,79.8127535022,0.00016613831751,0.00293603631071,0.0237544530402,6.97439366672e-05
e2k0_diagonal,gamma_1,1478,79.8216274564,79.8127733494,0.000185985502654,0.00885410696552,0.0236343763839,0.000209261296566
e2k0_diagonal,gamma_1,1480,79.8277300018,79.812792329,0.000204965101887,0.0149376728098,0.0235149067045,0.000351257982505
e2k0_diagonal,gamma_1,1482,79.8338514583,79.8128101921,0.000222828206574,0.0210412662249,0.0233960409337,0.000492282325895
e2k0_diagonal,gamma_1,1484,79.8398443014,79.812826786,0.000239422129255,0.0270175153878,0.0232777760189,0.000628907671784
e2k0_diagonal,gamma_1,1486,79.8455630457,79.8128420496,0.000254685725935,0.0327209960846,0.0231601089227,0.000757821833379
e2k0_diagonal,gamma_1,1488,79.8508680263,79.8128560055,0.000268641617339,0.0380120207691,0.0230430366233,0.000875912386706
e2k0_diagonal,gamma_1,1490,79.8556295741,79.8128687477,0.000281383812393,0.0427608264278,0.022926556114,0.000980358486578
e2k0_diagonal,gamma_1,1492,79.8597322084,79.8128804226,0.000293058701402,0.0468517858085,0.0228106644033,0.00106872036277
e2k0_diagonal,gamma_1,1494,79.8630769361,79.8128912078,0.00030384388694,0.050185728321,0.022695358515,0.00113898309658
e2k0_diagonal,gamma_1,1496,79.8655846073,79.8129012904,0.000313926511566,0.0526833168618,0.0225806354877,0.00118962277434
e2k0_diagonal,gamma_1,1498,79.8671980628,79.8129108473,0.000323483412217,0.0542872154524,0.0224664923752,0.00121964331203
e2k0_diagonal,gamma_1,1500,79.8678836513,79.8129200269,0.000332662994609,0.0549636244394,0.022352926246,0.00122859784331
e2k0_diagonal,gamma_1,1502,79.8676324785,79.8129289298,0.000341565937305,0.0547035486898,0.0222399341835,0.00121660332247
e2k0_diagonal,gamma_1,1504,79.8664604169,79.8129375928,0.000350228907564,0.0535228240967,0.0221275132859,0.0011843270013
e2k0_diagonal,gamma_1,1506,79.8644076536,79.8129459773,0.000358613437371,0.0514616763191,0.022015660666,0.00113296280315
e2k0_diagonal,gamma_1,1508,79.8615375866,79.8129539624,0.000366598498573,0.0485836242217,0.0219043734512,0.00106419384856
e2k0_diagonal,gamma_1,1510,79.8579345165,79.8129613399,0.000373976060587,0.044973176527,0.0217936487834,0.000980129613901
e2k0_diagonal,gamma_1,1512,79.8537012818,79.8129678145,0.000380450644855,0.0407334673003,0.0216834838189,0.000883243479094
e2k0_diagonal,gamma_1,1514,79.848955338,79.8129730099,0.000385646057993,0.0359823280529,0.0215738757286,0.00077627827384
e2k0_diagonal,gamma_1,1516,79.8438253757,79.8129764819,0.000389118047664,0.030848893725,0.0214648216975,0.000662166003373
e2k0_diagonal,gamma_1,1518,79.8384476767,79.8129777316,0.000390367748139,0.0254699451013,0.0213563189249,0.000543944270584
e2k0_diagonal,gamma_1,1520,79.8329618716,79.8129762235,0.00038885964463,0.0199856481194,0.0212483646242,0.000424662338492
e2k0_diagonal,gamma_1,1522,79.8275068254,79.812971411,0.000384047105157,0.0145354144519,0.0211409560229,0.000307292557701
e2k0_diagonal,gamma_1,1524,79.8222169218,79.8129627647,0.000375400859937,0.00925415702044,0.0210340903625,0.000194652774997
e2k0_diagonal,gamma_1,1526,79.8172178888,79.8129498007,0.000362436785906,0.00426808812135,0.0209277648986,8.93215447703e-05
e2k0_diagonal,gamma_1,1528,79.8126247526,79.8129321064,0.000344742515523,-0.000307353843766,0.0208219769006,-6.39971463519e-06
e2k0_diagonal,gamma_1,1530,79.8085384481,79.8129093691,0.000322005248449,-0.00437092099786,0.0207167236514,-9.05511624149e-05
e2k0_diagonal,gamma_1,1532,79.8050433709,79.8128814016,0.000294037723165,-0.0078380307139,0.0206120024482,-0.000161557508264
e2k0_diagonal,gamma_1,1534,79.8022066478,79.8128481637,0.000260799805062,-0.0106415158828,0.0205078106013,-0.000218234192235
e2k0_diagonal,gamma_1,1536,79.8000765339,79.8128097791,0.000222415206764,-0.0127332452239,0.020404145435,-0.000259810987407
e2k0_diagonal,gamma_1,1538,79.7986814832,79.8127665437,0.00017917977118,-0.0140850604245,0.0203010042869,-0.000285940872059
e2k0_diagonal,gamma_1,1540,79.7980298347,79.812718926,0.000131562143821,-0.0146890913564,0.0201983845082,-0.000296695915292
e2k0_diagonal,gamma_1,1542,79.7981093406,79.8126675617,8.01977711404e-05,-0.0145582210174,0.0200962834634,-0.000292566136289
e2k0_diagonal,gamma_1,1544,79.7988875763,79.8126132393,2.58754168385e-05,-0.0137256629842,0.0199946985304,-0.000274440493499
e2k0_diagonal,gamma_1,1546,79.8003125323,79.8125568825,-3.04814149672e-05,-0.0122443502063,0.0198936271001,-0.000243584537087
e2k0_diagonal,gamma_1,1548,79.8023131289,79.8124995253,-8.78385658609e-05,-0.010186396469,0.019793066577,-0.000201620023491
e2k0_diagonal,gamma_1,1550,79.8048015741,79.8124422817,-0.00014508219175,-0.0076407076315,0.0196930143785,-0.000150468565249
e2k0_diagonal,gamma_1,1552,79.8076752526,79.8123863108,-0.000201053040655,-0.0047110582191,0.0195934679349,-9.23059681554e-05
e2k0_diagonal,gamma_1,1554,79.810819202,79.8123327828,-0.000254581071928,-0.00151358081116,0.0194944246898,-2.95063871352e-05
e2k0_diagonal,gamma_1,1556,79.814109646,79.8122828412,-0.000304522675236,0.00182680480532,0.0193958820995,3.54324906228e-05
e2k0_diagonal,gamma_1,1558,79.8174174329,79.8122375646,-0.000349799269344,0.00517986823556,0.0192978376333,9.99602561718e-05
e2k0_diagonal,gamma_1,1560,79.8206120762,79.8121979319,-0.000389432030644,0.00841414438555,0.0192002887732,0.000161554001982
e2k0_diagonal,gamma_1,1562,79.823565219,79.8121647888,-0.000422575051175,0.0114004301563,0.019103233014,0.000217785073735
e2k0_diagonal,gamma_1,1564,79.8261548699,79.8121388166,-0.000448547269855,0.0140160532897,0.019006667863,0.000266398469628
e2k0_diagonal,gamma_1,1566,79.8282692501,79.8121205064,-0.000466857492526,0.0161487436675,0.0189105908402,0.000305382284081
e2k0_diagonal,gamma_1,1568,79.8298099245,79.8121101427,-0.000477221152266,0.0176997818001,0.0188149994784,0.000333021385337
e2k0_diagonal,gamma_1,1570,79.8306948564,79.8121077935,-0.000479570358834,0.0185870628264,0.0187198913224,0.000347947796113
e2k0_diagonal,gamma_1,1572,79.8308611177,79.8121133074,-0.000474056493303,0.0187478103364,0.0186252639297,0.000349182915619
e2k0_diagonal,gamma_1,1574,79.8302669247,79.8121263185,-0.00046104541326,0.0181406062051,0.0185311148701,0.0003361656574
e2k0_diagonal,gamma_1,1576,79.8288927258,79.8121462576,-0.000441106310689,0.0167464682148,0.0184374417256,0.000308762031821
e2k0_diagonal,gamma_1,1578,79.8267415776,79.812172373,-0.000414990911821,0.0145692046631,0.0183442420906,0.000267261017409
e2k0_diagonal,gamma_1,1580,79.8238389022,79.8122037603,-0.000383603559015,0.0116351418797,0.0182515135715,0.000212358949924
e2k0_diagonal,gamma_1,1582,79.8202314999,79.8122393967,-0.00034796720621,0.00799210318723,0.0181592537869,0.000145130630068
e2k0_diagonal,gamma_1,1584,79.8159866045,79.8122781782,-0.000309185711615,0.00370842633593,0.0180674603673,6.70018458494e-05
e2k0_diagonal,gamma_1,1586,79.8111894751,79.8123189602,-0.000268403681105,-0.00112948510807,0.0179761309553,-2.03037722146e-05
e2k0_diagonal,gamma_1,1588,79.8059408899,79.8123605988,-0.000226765055146,-0.00641970890395,0.0178852632054,-0.000114818183449
e2k0_diagonal,gamma_1,1590,79.8003549127,79.8124019923,-0.000185371570751,-0.0120470796511,0.0177948547839,-0.00021437603296
e2k0_diagonal,gamma_1,1592,79.7945550422,79.8124421203,-0.000145243622484,-0.0178870780482,0.0177049033689,-0.000316688988397
e2k0_diagonal,gamma_1,1594,79.788671368,79.8124800799,-0.000107283936771,-0.0238087118997,0.0176154066505,-0.000419400141937
e2k0_diagonal,gamma_1,1596,79.7828374788,79.8125151189,-7.22449438229e-05,-0.0296776401239,0.01752636233,-0.000520141073909
e2k0_diagonal,gamma_1,1598,79.7771866545,79.8125466615,-4.07023999713e-05,-0.0353600069447,0.0174377681206,-0.000616599601845
e2k0_diagonal,gamma_1,1600,79.7718490881,79.8125743259,-1.3037969552e-05,-0.0407252377832,0.0173496217472,-0.000706567471102
e2k0_diagonal,gamma_1,1602,79.7669486982,79.812597934,1.05701545294e-05,-0.0456492358018,0.0172619209458,-0.000787993499646
e2k0_diagonal,gamma_1,1604,79.7625997128,79.8126175147,3.01508154337e-05,-0.0500178019226,0.0171746634642,-0.000859038915242
e2k0_diagonal,gamma_1,1606,79.7589041257,79.8126333027,4.5938797399e-05,-0.0537291769752,0.0170878470615,-0.000918115958892
e2k0_diagonal,gamma_1,1608,79.7559495914,79.8126457296,5.83656817383e-05,-0.0566961381249,0.017001469508,-0.000963917663552
e2k0_diagonal,gamma_1,1610,79.7538075443,79.8126554055,6.80415724474e-05,-0.0588478611878,0.0169155285854,-0.000995442678112
e2k0_diagonal,gamma_1,1612,79.752531785,79.8126630939,7.57300174712e-05,-0.06013130891,0.0168300220865,-0.00101201125705
e2k0_diagonal,gamma_1,1614,79.7521571049,79.8126696792,8.2315327063e-05,-0.060512574362,0.0167449478154,-0.00101327989987
e2k0_diagonal,gamma_1,1616,79.7526984484,79.812676128,8.87640810561e-05,-0.0599776795461,0.0166603035873,-0.000999246349697
e2k0_diagonal,gamma_1,1618,79.754150517,79.8126834471,9.60832626049e-05,-0.0585329301051,0.0165760872282,-0.000970246955142
e2k0_diagonal,gamma_1,1620,79.756487465,79.8126926395,0.000105275654562,-0.0562051745377,0.0164922965753,-0.000926952407542
e2k0_diagonal,gamma_1,1622,79.7596633373,79.8127046591,0.000117295247406,-0.0530413218488,0.0164089294767,-0.000870351309571
e2k0_diagonal,gamma_1,1624,79.7636133355,79.8127203678,0.000133003910022,-0.049107032257,0.0163259837915,-0.000801720612677
e2k0_diagonal,gamma_1,1626,79.7682545346,79.8127404935,0.000153129651679,-0.0444859588961,0.0162434573894,-0.000722605777753
e2k0_diagonal,gamma_1,1628,79.773488229,79.8127655955,0.000178231580946,-0.0392773664684,0.0161613481509,-0.000634775193945
e2k0_diagonal,gamma_1,1630,79.7792025639,79.8127960345,0.000208670580633,-0.0335934706092,0.0160796539673,-0.000540171382957
e2k0_diagonal,gamma_1,1632,79.785275098,79.8128319503,0.000244586441767,-0.0275568523032,0.0159983727406,-0.000440864794705
e2k0_diagonal,gamma_1,1634,79.7915761686,79.8128732487,0.000285884861768,-0.0212970801942,0.0159175023833,-0.000338996324749
e2k0_diagonal,gamma_1,1636,79.7979725307,79.8129195957,0.000332231860014,-0.0149470650629,0.0158370408185,-0.000236717279517
e2k0_diagonal,gamma_1,1638,79.8043305231,79.8129704225,0.000383058619107,-0.00863989944241,0.0157569859798,-0.000136138774381
e2k0_diagonal,gamma_1,1640,79.8105195557,79.813024941,0.000437577116003,-0.00250538534006,0.0156773358112,-3.92777673125e-05
e2k0_diagonal,gamma_1,1642,79.8164158596,79.8130821651,0.000494801191365,0.0033336944862,0.0155980882671,5.19992608514e-05
e2k0_diagonal,gamma_1,1644,79.8219052348,79.8131409393,0.00055357545375,0.00876429542018,0.0155192413124,0.000136015215559
e2k0_diagonal,gamma_1,1646,79.8268862445,79.8131999778,0.000612613914598,0.0136862667314,0.015440792922,0.000211326810475
e2k0_diagonal,gamma_1,1648,79.8312729659,79.8132579045,0.000670540618756,0.0180150614256,0.0153627410813,0.000276760724246
e2k0_diagonal,gamma_1,1650,79.8349966958,79.8133132962,0.000725932288191,0.0216833996123,0.0152850837858,0.000331432579835
e2k0_diagonal,gamma_1,1652,79.8380078613,79.81336473,0.000777366162325,0.0246431312508,0.015207819041,0.000374768280666
e2k0_diagonal,gamma_1,1654,79.8402767684,79.8134108319,0.000823467975252,0.0268659365019,0.0151309448626,0.000406507003893
e2k0_diagonal,gamma_1,1656,79.8417941334,79.8134503223,0.000862958386051,0.0283438111264,0.0150544592764,0.00042670075034
e2k0_diagonal,gamma_1,1658,79.8425713924,79.81348206,0.000894696086704,0.0290893323964,0.0149783603181,0.000435710502046
e2k0_diagonal,gamma_1,1660,79.8426395736,79.8135050794,0.000917715561769,0.0291344941865,0.0149026460332,0.000434181054219
e2k0_diagonal,gamma_1,1662,79.8420486601,79.8135186251,0.000931261205594,0.0285300349642,0.0148273144774,0.000423023800466
e2k0_diagonal,gamma_1,1664,79.8408656374,79.8135221787,0.000934814778574,0.0273434587143,0.0147523637159,0.000403380648204
e2k0_diagonal,gamma_1,1666,79.8391719397,79.8135154771,0.000928113196977,0.025656462633,0.0146777918239,0.000376580217464
e2k0_diagonal,gamma_1,1668,79.8370619504,79.8134985217,0.000911157793084,0.0235634287483,0.0146035968862,0.000344110814696
e2k0_diagonal,gamma_1,1670,79.8346394373,79.8134715767,0.000884212835828,0.0211678605718,0.0145297769973,0.000307564293618
e2k0_diagonal,gamma_1,1672,79.8320143497,79.8134351592,0.000847795352769,0.0185791904872,0.0144563302614,0.000268586913672
e2k0_diagonal,gamma_1,1674,79.8292997671,79.8133900229,0.000802659049484,0.0159097441435,0.0143832547923,0.000228833903695
e2k0_diagonal,gamma_1,1676,79.8266081892,79.8133371359,0.000749772011403,0.013271053283,0.0143105487131,0.000189916054482
e2k0_diagonal,gamma_1,1678,79.8240478583,79.8132776527,0.00069028877212,0.010770205664,0.0142382101568,0.000153348451676
e2k0_diagonal,gamma_1,1680,79.8217200925,79.8132128763,0.000625512389803,0.00850721619827,0.0141662372655,0.000120515243133
e2k0_diagonal,gamma_1,1682,79.8197165188,79.8131442121,0.000556848188211,0.00657230672601,0.0140946281908,9.26342196587e-05
e2k0_diagonal,gamma_1,1684,79.8181159339,79.8130731215,0.00048575756955,0.00504281247734,0.0140233810935,7.07172811531e-05
e2k0_diagonal,gamma_1,1686,79.816982451,79.8130010745,0.000413710601038,0.00398137648115,0.0139524941441,5.55501320387e-05
e2k0_diagonal,gamma_1,1688,79.8163641627,79.8129295015,0.000342137583388,0.00343466118612,0.0138819655219,4.76798481652e-05
e2k0_diagonal,gamma_1,1690,79.8162918232,79.8128597486,0.000272384701049,0.00343207463763,0.0138117934157,4.74031058821e-05
e2k0_diagonal,gamma_1,1692,79.8167781975,79.812793039,0.000205675081304,0.00398515849726,0.0137419760232,5.4763952518e-05
e2k0_diagonal,gamma_1,1694,79.8178180456,79.8127304432,0.000143079276427,0.00508760240082,0.0136725115515,6.95603025945e-05
e2k0_diagonal,gamma_1,1696,79.8193884554,79.8126728579,8.54940198423e-05,0.0067155974853,0.0136033982165,9.13549468542e-05
e2k0_diagonal,gamma_1,1698,79.821450403,79.812620988,3.36241235601e-05,0.00882941503731,0.0135346342433,0.000119502903112
e2k0_diagonal,gamma_1,1700,79.8239501171,79.8125753332,-1.20307076088e-05,0.0113747839092,0.0134662178659,0.000153175318299
e2k0_diagonal,gamma_1,1702,79.8268201368,79.8125361826,-5.11812959019e-05,0.0142839542389,0.0133981473272,0.000191378523308
e2k0_diagonal,gamma_1,1704,79.8299816634,79.8125036183,-8.37455429519e-05,0.0174780450358,0.0133304208791,0.000232989696472
e2k0_diagonal,gamma_1,1706,79.8333466687,79.8124775259,-0.000109837978314,0.0208691428423,0.0132630367822,0.00027678820913
e2k0_diagonal,gamma_1,1708,79.8368202825,79.8124576091,-0.000129754801762,0.0243626733842,0.0131959933059,0.000321489674892
e2k0_diagonal,gamma_1,1710,79.840304068,79.8124434101,-0.000143953789134,0.0278606579295,0.0131292887285,0.000365790622121
e2k0_diagonal,gamma_1,1712,79.8436985997,79.8124343348,-0.00015302909361,0.0312642648581,0.0130629213367,0.000408402632492
e2k0_diagonal,gamma_1,1714,79.8469060518,79.8124296814,-0.000157682437276,0.034476370356,0.0129968894263,0.000448085573338
e2k0_diagonal,gamma_1,1716,79.8498331969,79.8124286721,-0.000158691762181,0.0374045248235,0.0129311913013,0.000483685066028
e2k0_diagonal,gamma_1,1718,79.8523931679,79.8124304852,-0.000156878643693,0.0399626826772,0.0128658252746,0.000514152892828
e2k0_diagonal,gamma_1,1720,79.8545075468,79.8124342902,-0.000153073711147,0.0420732566727,0.0128007896673,0.000538570909284
e2k0_diagonal,gamma_1,1722,79.8561080491,79.8124392819,-0.000148081995917,0.0436687671871,0.0127360828092,0.000556169035071
e2k0_diagonal,gamma_1,1724,79.8571372969,79.8124447127,-0.000142651184234,0.0446925841938,0.0126717030386,0.000566331154931
e2k0_diagonal,gamma_1,1726,79.8575503287,79.8124499192,-0.000137444708059,0.0451004094972,0.012607648702,0.000568610119257
e2k0_diagonal,gamma_1,1728,79.857315499,79.8124543435,-0.000133020367088,0.0448611554414,0.0125439181544,0.00056273466217
e2k0_diagonal,gamma_1,1730,79.8564140029,79.8124575511,-0.000129812781054,0.0439564518412,0.0124805097591,0.000548598926179
e2k0_diagonal,gamma_1,1732,79.8548411492,79.8124592418,-0.00012812208891,0.0423819074304,0.0124174218876,0.000526274024966
e2k0_diagonal,gamma_1,1734,79.8526058714,79.8124592526,-0.000128111301137,0.0401466187712,0.0123546529197,0.000495997540819
e2k0_diagonal,gamma_1,1736,79.8497304272,79.8124575532,-0.000129810646627,0.0372728739763,0.0122922012434,0.000458165667837
e2k0_diagonal,gamma_1,1738,79.8462504571,79.8124542352,-0.000133128687992,0.0337962218528,0.0122300652548,0.000413329998625
e2k0_diagonal,gamma_1,1740,79.8422137428,79.8124494963,-0.000137867586631,0.0297642465187,0.0121682433581,0.00036217859501
e2k0_diagonal,gamma_1,1742,79.8376796861,79.8124436222,-0.000143741665539,0.0252360638346,0.0121067339656,0.000305526311184
e2k0_diagonal,gamma_1,1744,79.8327184995,79.8124369643,-0.000150399555991,0.0202815351452,0.0120455354977,0.000244301951539
e2k0_diagonal,gamma_1,1746,79.8274100776,79.8124299173,-0.000157446578186,0.0149801602703,0.0119846463825,0.000179531923594
e2k0_diagonal,gamma_1,1748,79.8218423259,79.812422893,-0.000164470866196,0.00941943286796,0.0119240650565,0.000112317930313
e2k0_diagonal,gamma_1,1750,79.816108769,79.8124162935,-0.000171070427598,0.0036924755623,0.0118637899637,4.38067545173e-05
e2k0_diagonal,gamma_1,1752,79.8103071627,79.8124104887,-0.000176875136617,-0.00210332605454,0.0118038195562,-2.48272812155e-05
e2k0_diagonal,gamma_1,1754,79.8045370108,79.8124057963,-0.000181567588925,-0.00786878545873,0.0117441522937,-9.24122147939e-05
e2k0_diagonal,gamma_1,1756,79.7988962853,79.8124024635,-0.000184900399304,-0.013506178213,0.011684786644,-0.000157816810794
e2k0_diagonal,gamma_1,1758,79.7934806747,79.812400658,-0.000186705880139,-0.0189199832988,0.0116257210824,-0.000219958448716
e2k0_diagonal,gamma_1,1760,79.7883805689,79.8124004624,-0.000186901499177,-0.0240198934999,0.011566954092,-0.000277837005407
e2k0_diagonal,gamma_1,1762,79.7836791043,79.8124018726,-0.000185491271168,-0.0287227683284,0.0115084841635,-0.000330555524438
e2k0_diagonal,gamma_1,1764,79.7794517057,79.8124048008,-0.000182563072656,-0.032953095149,0.0114503097953,-0.000377323148168
e2k0_diagonal,gamma_1,1766,79.7757632276,79.8124090805,-0.000178283383264,-0.0366458529108,0.0113924294933,-0.00041748529551
e2k0_diagonal,gamma_1,1768,79.7726671649,79.8124144773,-0.000172886561586,-0.039747312445,0.0113348417712,-0.000450529497397
e2k0_diagonal,gamma_1,1770,79.7702054681,79.8124207048,-0.00016665903857,-0.042215236788,0.01127754515,-0.000476084238893
e2k0_diagonal,gamma_1,1772,79.768406753,79.8124274417,-0.000159922137058,-0.044020688726,0.011220538158,-0.000493935817592
e2k0_diagonal,gamma_1,1774,79.7672870574,79.8124343507,-0.000153013159803,-0.045147293332,0.0111638193314,-0.00050401622606
e2k0_diagonal,gamma_1,1776,79.7668496744,79.8124410985,-0.000146265351276,-0.0455914241048,0.0111073872134,-0.000506401601142
e2k0_diagonal,gamma_1,1778,79.7670843301,79.812447376,-0.000139987853743,-0.0453630459325,0.0110512403548,-0.000501317923824
e2k0_diagonal,gamma_1,1780,79.7679674164,79.8124529197,-0.000134444150291,-0.0444855032998,0.0109953773135,-0.000489134893764
e2k0_diagonal,gamma_1,1782,79.7694623668,79.8124575313,-0.000129832587206,-0.042995164487,0.010939796655,-0.000470358356638
e2k0_diagonal,gamma_1,1784,79.7715200917,79.8124610905,-0.000126273370967,-0.0409409988494,0.0108844969518,-0.000445622177181
e2k0_diagonal,gamma_1,1786,79.7740787824,79.8124635669,-0.000123796991758,-0.0383847845384,0.0108294767837,-0.000415687133007
e2k0_diagonal,gamma_1,1788,79.7770651576,79.8124650307,-0.00012233322829,-0.0353998730677,0.0107747347377,-0.000381424242053
e2k0_diagonal,gamma_1,1790,79.7803951694,79.8124656571,-0.00012170674556,-0.0320704877845,0.0107202694079,-0.000343804269092
e2k0_diagonal,gamma_1,1792,79.7839754358,79.8124657236,-0.000121640250455,-0.0284902878311,0.0106660793955,-0.000303879672007
e2k0_diagonal,gamma_1,1794,79.7877048518,79.8124656038,-0.000121760096647,-0.0247607520325,0.0106121633088,-0.000262765144217
e2k0_diagonal,gamma_1,1796,79.7914769776,79.8124657566,-0.000121607299207,-0.0209887790121,0.0105585197631,-0.000221610438003
e2k0_diagonal,gamma_1,1798,79.7951827734,79.812466706,-0.000120657909534,-0.0172839325629,0.0105051473808,-0.000181570258894
e2k0_diagonal,gamma_1,1800,79.7987130832,79.8124690156,-0.000118348262703,-0.0137559324174,0.0104520447912,-0.000143777621772
e2k0_diagonal,gamma_1,1802,79.8019617415,79.8124732627,-0.000114101190292,-0.0105115211899,0.0103992106305,-0.000109311522901
e2k0_diagonal,gamma_1,1804,79.8048283284,79.8124800136,-0.000107350293746,-0.00765168516787,0.0103466435418,-7.91692589258e-05
e2k0_diagonal,gamma_1,1806,79.8072218341,79.8124898005,-9.75634095965e-05,-0.00526796636147,0.010294342175,-5.42302482915e-05
e2k0_diagonal,gamma_1,1808,79.8090642124,79.8125030976,-8.42663319958e-05,-0.00343888512022,0.0102423051871,-3.52221109045e-05
e2k0_diagonal,gamma_1,1810,79.8102939457,79.8125202987,-6.70651804171e-05,-0.00222635298397,0.0101905312415,-2.26877196376e-05
e2k0_diagonal,gamma_1,1812,79.8108692934,79.8125416947,-4.56691400359e-05,-0.00167240134775,0.0101390190086,-1.69565090547e-05
e2k0_diagonal,gamma_1,1814,79.8107708943,79.8125674512,-1.99126780984e-05,-0.00179655691048,0.0100877671654,-1.81232478124e-05
e2k0_diagonal,gamma_1,1816,79.810003777,79.8125975929,1.02290170219e-05,-0.00259381585927,0.0100367743958,-2.60335446039e-05
e2k0_diagonal,gamma_1,1818,79.8085975223,79.812631998,4.46341339e-05,-0.00403447568902,0.00998603939019,-4.02884331493e-05
e2k0_diagonal,gamma_1,1820,79.8066070526,79.8126703997,8.3035844284e-05,-0.00606334714688,0.00993556084549,-6.02427545051e-05
e2k0_diagonal,gamma_1,1822,79.8041115567,79.8127123924,0.000125028547956,-0.00860083574615,0.00988533746536,-8.50221638349e-05
e2k0_diagonal,gamma_1,1824,79.8012118851,79.8127574426,0.000170078746407,-0.0115455575706,0.00983536795998,-0.00011355480701
e2k0_diagonal,gamma_1,1826,79.798028629,79.8128049081,0.000217544176849,-0.0147762791106,0.00978565104601,-0.000144595511135
e2k0_diagonal,gamma_1,1828,79.7946971285,79.81285406,0.00026669607152,-0.0181569314977,0.00973618544665,-0.000176779252204
e2k0_diagonal,gamma_1,1830,79.7913628878,79.812904105,0.000316741138434,-0.021541217251,0.00968696989151,-0.000208669122937
e2k0_diagonal,gamma_1,1832,79.7881773621,79.8129542116,0.000366847749774,-0.0247768495397,0.00963800311664,-0.000238799353084
e2k0_diagonal,gamma_1,1834,79.7852909117,79.8130035391,0.000416175250919,-0.0277126274811,0.00958928386448,-0.000265744251547
e2k0_diagonal,gamma_1,1836,79.7828477022,79.8130512691,0.000463905230333,-0.0302035669021,0.00954081088382,-0.00028816651983
e2k0_diagonal,gamma_1,1838,79.7809808909,79.8130966376,0.00050927373681,-0.0321157467041,0.00949258292979,-0.000304861388941
e2k0_diagonal,gamma_1,1840,79.7798076292,79.8131389643,0.000551600372376,-0.0333313350881,0.0094445987638,-0.000314801086169
e2k0_diagonal,gamma_1,1842,79.7794246375,79.8131776794,0.000590315498442,-0.033753041926,0.00939685715352,-0.000317172513475
e2k0_diagonal,gamma_1,1844,79.7799049916,79.813212347,0.000624983094582,-0.0333073553639,0.00934935687284,-0.000311402351788
e2k0_diagonal,gamma_1,1846,79.7812949537,79.8132426793,0.000655315377514,-0.031947725526,0.00930209670188,-0.000297180832248
e2k0_diagonal,gamma_1,1848,79.7836127772,79.8132685463,0.000681182457129,-0.0296557691434,0.0092550754269,-0.000274466380265
e2k0_diagonal,gamma_1,1850,79.7868476326,79.8132899787,0.000702614849473,-0.0264423461307,0.0092082918403,-0.000243488840113
e2k0_diagonal,gamma_1,1852,79.790959274,79.8133071607,0.000719796835753,-0.0223478866927,0.00916174474058,-0.00020474563337
e2k0_diagonal,gamma_1,1854,79.7958791137,79.8133204198,0.000733055907091,-0.0174413061385,0.00911543293234,-0.000158985056358
e2k0_diagonal,gamma_1,1856,79.8015122978,79.8133302106,0.000742846751862,-0.0118179128061,0.00906935522618,-0.00010718084927
e2k0_diagonal,gamma_1,1858,79.8077403054,79.8133370911,0.000749727236467,-0.00559678576833,0.00902351043874,-5.05026548039e-05
e2k0_diagonal,gamma_1,1860,79.8144246748,79.8133416917,0.000754327792905,0.00108298314619,0.00897789739265,9.72291156446e-06
e2k0_diagonal,gamma_1,1862,79.8214108808,79.813344681,0.000757317118854,0.00806619979309,0.00893251491646,7.20514499709e-05
e2k0_diagonal,gamma_1,1864,79.8285326696,79.8133467292,0.000759365333039,0.0151859403381,0.00888736184467,0.000134962946736
e2k0_diagonal,gamma_1,1866,79.8356172415,79.8133484697,0.00076110582151,0.0222687717487,0.00884243701766,0.000196910211649
e2k0_diagonal,gamma_1,1868,79.8424905328,79.813350461,0.000763097160188,0.0291400717447,0.00879773928167,0.000256366753859
e2k0_diagonal,gamma_1,1870,79.8489815775,79.81335315,0.000765786134849,0.0356284274906,0.00875326748878,0.00031186515603
e2k0_diagonal,gamma_1,1872,79.8549281862,79.8133568406,0.000769476688049,0.0415713455921,0.00870902049686,0.000362045700843
e2k0_diagonal,gamma_1,1874,79.86018145,79.81336167,0.000774306137743,0.0468197799949,0.00866499716957,0.000405693261135
e2k0_diagonal,gamma_1,1876,79.8646103762,79.8133675878,0.000780223938591,0.0512427883722,0.0086211963763,0.000441774141426
e2k0_diagonal,gamma_1,1878,79.8681058799,79.8133743436,0.000786979732979,0.0547315362641,0.00857761699216,0.000469466155466
e2k0_diagonal,gamma_1,1880,79.870584241,79.8133814871,0.000794123213595,0.0572027538582,0.00853425789794,0.000488183053899
e2k0_diagonal,gamma_1,1882,79.8719898494,79.8133883748,0.000801010888864,0.0586014746478,0.00849111798011,0.000497592035043
e2k0_diagonal,gamma_1,1884,79.8722970628,79.8133941847,0.000806820829581,0.0589028781322,0.00844819613074,0.000497623067126
e2k0_diagonal,gamma_1,1886,79.8715116664,79.813397942,0.000810578083133,0.0581137244279,0.00840549124752,0.000488474402039
e2k0_diagonal,gamma_1,1888,79.8696700074,79.8133985537,0.000811189837748,0.0562714536331,0.0083630022337,0.000470598292427
e2k0_diagonal,gamma_1,1890,79.8668390279,79.8133948511,0.000807487184801,0.0534441767868,0.00832072799809,0.000444694458125
e2k0_diagonal,gamma_1,1892,79.8631137235,79.8133856366,0.000798272730265,0.0497280868383,0.00827866745499,0.000411682294107
e2k0_diagonal,gamma_1,1894,79.8586150305,79.8133697356,0.000782371683513,0.0452452949161,0.00823681952421,0.000372677328544
e2k0_diagonal,gamma_1,1896,79.8534866572,79.8133460471,0.000758683195059,0.0401406101598,0.00819518313101,0.00032895965125
e2k0_diagonal,gamma_1,1898,79.8478903103,79.8133135965,0.000726232598282,0.0345767138534,0.00815375720609,0.000281930129745
e2k0_diagonal,gamma_1,1900,79.8420005658,79.8132715838,0.000684219898318,0.0287289819788,0.00811254068556,0.000233065035158
e2k0_diagonal,gamma_1,1902,79.8359997687,79.8132194267,0.000632062818838,0.0227803419728,0.00807153251089,0.000183872270842
e2k0_diagonal,gamma_1,1904,79.8300711613,79.8131568005,0.000569436631622,0.0169143607349,0.0080307316289,0.000135834691736
e2k0_diagonal,gamma_1,1906,79.8243929449,79.8130836691,0.000496305211044,0.0113092758207,0.00799013699177,9.03626630849e-05
e2k0_diagonal,gamma_1,1908,79.819132686,79.8130003058,0.000412941945257,0.00613238019997,0.00794974755692,4.87508745129e-05
e2k0_diagonal,gamma_1,1910,79.8144411904,79.8129073047,0.000319940837528,0.00153388570385,0.0079095622871,1.21323645159e-05
e2k0_diagonal,gamma_1,1912,79.8104479377,79.8128055799,0.000218216021921,-0.00235764224193,0.00786958015025,-1.85536545885e-05
e2k0_diagonal,gamma_1,1914,79.8072567923,79.8126963511,0.000108987199994,-0.00543955877932,0.00782980011957,-4.25906579807e-05
e2k0_diagonal,gamma_1,1916,79.8049427167,79.8125811185,-6.24536725979e-06,-0.00763840177972,0.00779022117341,-5.95048392754e-05
e2k0_diagonal,gamma_1,1918,79.8035498177,79.8124616308,-0.000125733037294,-0.00891181314893,0.00775084229533,-6.90740582828e-05
e2k0_diagonal,gamma_1,1920,79.8030895472,79.8123398415,-0.000247522387355,-0.00925029430752,0.00771166247398,-7.13351474846e-05
e2k0_diagonal,gamma_1,1922,79.8035411165,79.8122178546,-0.000369509293179,-0.00867673810966,0.00767268070316,-6.65738410604e-05
e2k0_diagonal,gamma_1,1924,79.8048526447,79.8120978638,-0.000489500067914,-0.00724521907338,0.00763389598174,-5.53092487712e-05
e2k0_diagonal,gamma_1,1926,79.8069428205,79.8119820867,-0.000605277190601,-0.00503926620596,0.00759530731366,-3.82747754696e-05
e2k0_diagonal,gamma_1,1928,79.8097038486,79.8118726977,-0.000714666204928,-0.00216884903703,0.00755691370787,-1.63898050183e-05
e2k0_diagonal,gamma_1,1930,79.8130052654,79.8117717607,-0.000815603213596,0.00123350475556,0.00751871417836,9.27436969471e-06
e2k0_diagonal,gamma_1,1932,79.8166983895,79.8116811637,-0.000906200216974,0.00501722581149,0.00748070774409,3.75323999818e-05
e2k0_diagonal,gamma_1,1934,79.8206217841,79.8116025603,-0.000984803551944,0.00901922376738,0.00744289342897,6.71291213127e-05
e2k0_diagonal,gamma_1,1936,79.8246060976,79.8115373188,-0.00105004503624,0.013068778774,0.00740527026188,9.67778388141e-05
e2k0_diagonal,gamma_1,1938,79.8284799467,79.8114864801,-0.00110088379091,0.0169934665688,0.00736783727655,0.000125205096444
e2k0_diagonal,gamma_1,1940,79.8320760118,79.8114507283,-0.00113663562718,0.0206252835778,0.00733059351166,0.000151195569972
e2k0_diagonal,gamma_1,1942,79.8352359821,79.8114303707,-0.001156993181,0.0238056113551,0.00729353801069,0.000173627131287
e2k0_diagonal,gamma_1,1944,79.8378160255,79.8114253296,-0.00116203424781,0.0263906958562,0.00725666982201,0.000191508566202
e2k0_diagonal,gamma_1,1946,79.8396911658,79.81143515,-0.00115221384732,0.0282560157334,0.00721998799875,0.000204008094488
e2k0_diagonal,gamma_1,1948,79.840759212,79.8114590194,-0.00112834451126,0.0293001926549,0.00718349159886,0.000210477687782
e2k0_diagonal,gamma_1,1950,79.8409431427,79.8114957982,-0.0010915656482,0.0294473444633,0.00714717968503,0.000210465462126
e2k0_diagonal,gamma_1,1952,79.8401931887,79.8115440631,-0.00104330079498,0.0286491256553,0.00711105132472,0.000203725402944
e2k0_diagonal,gamma_1,1954,79.8384875395,79.8116021591,-0.000985204832901,0.0268853804963,0.00707510559007,0.00019021690584
e2k0_diagonal,gamma_1,1956,79.8358320965,79.8116682626,-0.000919101255022,0.0241638339115,0.00703934155792,0.000170097480252
e2k0_diagonal,gamma_1,1958,79.8322601674,79.8117404506,-0.00084691332134,0.0205197168025,0.00700375830979,0.00014371513707
e2k0_diagonal,gamma_1,1960,79.8278308847,79.811816767,-0.000770596911948,0.0160141177278,0.00696835493183,0.000111592056247
e2k0_diagonal,gamma_1,1962,79.8226272924,79.8118952907,-0.000692073143313,0.0107320016456,0.0069331305148,7.44063680943e-05
e2k0_diagonal,gamma_1,1964,79.8167535049,79.811974204,-0.000613159870753,0.00477930085258,0.00689808415409,3.29680194788e-05
e2k0_diagonal,gamma_1,1966,79.8103315094,79.8120518547,-0.000535509145038,-0.00172034533298,0.00686321494962,-1.18070998078e-05
e2k0_diagonal,gamma_1,1968,79.8034983175,79.812126814,-0.00046054988249,-0.0086284964799,0.0068285220059,-5.89198780908e-05
e2k0_diagonal,gamma_1,1970,79.7964018008,79.8121979244,-0.000389439456939,-0.0157961236161,0.00679400443193,-0.000107318933855
e2k0_diagonal,gamma_1,1972,79.7891971592,79.8122643352,-0.000323028716451,-0.0230671760099,0.00675966134124,-0.000155926297926
e2k0_diagonal,gamma_1,1974,79.7820434779,79.8123255236,-0.000261840304233,-0.0302820457141,0.00672549185183,-0.000203661651707
e2k0_diagonal,gamma_1,1976,79.7750997859,79.8123813042,-0.000206059656804,-0.037281518359,0.00669149508617,-0.000249469096904
e2k0_diagonal,gamma_1,1978,79.7685216693,79.8124318247,-0.000155539165689,-0.0439101554246,0.00665767017115,-0.00029233933198
e2k0_diagonal,gamma_1,1980,79.7624576016,79.8124775463,-0.000109817577041,-0.05001994472,0.00662401623807,-0.000331332926053
e2k0_diagonal,gamma_1,1982,79.7570451672,79.8125192122,-6.81516499412e-05,-0.0554740450048,0.00659053242265,-0.000365603492219
e2k0_diagonal,gamma_1,1984,79.7524078408,79.812557809,-2.955492468e-05,-0.0601499681787,0.00655721786495,-0.000394416445917
e2k0_diagonal,gamma_1,1986,79.7486524138,79.8125945152,7.15135550422e-06,-0.0639421014427,0.00652407170938,-0.000417162855061
e2k0_diagonal,gamma_1,1988,79.745866064,79.8126306409,4.32769876966e-05,-0.0667645769189,0.0064910931047,-0.000433375084876
e2k0_diagonal,gamma_1,1990,79.7441141252,79.8126675611,8.01971735314e-05,-0.0685534358668,0.00645828120394,-0.000442737366324
e2k0_diagonal,gamma_1,1992,79.7434390674,79.8127066466,0.000119282749182,-0.0692675791916,0.00642563516444,-0.000445088192609
e2k0_diagonal,gamma_1,1994,79.7438587872,79.8127491947,0.00016183083855,-0.0688904075444,0.00639315414777,-0.000440426994734
e2k0_diagonal,gamma_1,1996,79.7453661977,79.8127963625,0.000208998659019,-0.067430164894,0.00636083731977,-0.000428912309336
e2k0_diagonal,gamma_1,1998,79.7479298517,79.8128491029,0.000261739044589,-0.064919251265,0.00632868385047,-0.000410853417065
e2k0_diagonal,gamma_1,2000,79.7514938878,79.8129081085,0.000320744614555,-0.0614142206813,0.00629669291411,-0.00038670648819
e2k0_diagonal,gamma_2,0,79.8125873639,79.8125873639,0,0,1,0
e2k0_diagonal,gamma_2,2,79.7894723826,79.8125825284,-4.83552952346e-06,-0.0231101457154,0.989915729261,-0.0228770967492
e2k0_diagonal,gamma_2,4,79.7670284506,79.8125681414,-1.92225085414e-05,-0.0455396907861,0.979933151038,-0.0446258526893
e2k0_diagonal,gamma_2,6,79.7458896355,79.8125445731,-4.27907549465e-05,-0.0666549376742,0.970051239837,-0.0646587049321
e2k0_diagonal,gamma_2,8,79.7266470519,79.8125124793,-7.48845665441e-05,-0.0858654274213,0.960268980503,-0.0824539064504
e2k0_diagonal,gamma_2,10,79.7098147192,79.8124727933,-0.000114570609668,-0.102658074039,0.950585368121,-0.0975852631008
e2k0_diagonal,gamma_2,12,79.6958143583,79.8124267006,-0.000160663310652,-0.11661234227,0.940999407908,-0.109732145031
e2k0_diagonal,gamma_2,14,79.684970303,79.8123756063,-0.00021175761195,-0.127405303301,0.931510115114,-0.118679328744
e2k0_diagonal,gamma_2,16,79.6774951587,79.8123210945,-0.000266269394132,-0.134825935785,0.922116514917,-0.124325222026
e2k0_diagonal,gamma_2,18,79.6734908405,79.8122648901,-0.000322473828604,-0.13877404955,0.912817642327,-0.126675400727
e2k0_diagonal,gamma_2,20,79.6729534956,79.8122088163,-0.000378547569198,-0.13925532069,0.903612542086,-0.125832854328
e2k0_diagonal,gamma_2,22,79.6757729549,79.812154751,-0.000432612929018,-0.136381796052,0.894500268569,-0.121993553196
e2k0_diagonal,gamma_2,24,79.6817440441,79.8121045838,-0.000482780128678,-0.130360539672,0.885479885684,-0.115431635766
e2k0_diagonal,gamma_2,26,79.6905787294,79.8120601696,-0.000527194283251,-0.121481440209,0.876550466783,-0.106484613121
e2k0_diagonal,gamma_2,28,79.7019155692,79.8120232806,-0.000564083332705,-0.110107711388,0.867711094559,-0.0955416827675
e2k0_diagonal,gamma_2,30,79.7153364929,79.8119955617,-0.000591802222445,-0.0966590687333,0.858960860958,-0.0830263568986
e2k0_diagonal,gamma_2,32,79.7303824631,79.8119784845,-0.000608879350523,-0.0815960214278,0.850298867082,-0.0693810045785
e2k0_diagonal,gamma_2,34,79.7465669361,79.8119733029,-0.000614061008037,-0.0654063667292,0.841724223097,-0.0550541232207
e2k0_diagonal,gamma_2,36,79.7633921696,79.8119810163,-0.00060634761951,-0.0485888466671,0.833236048144,-0.0404859785807
e2k0_diagonal,gamma_2,38,79.7803643566,79.8120023383,-0.000585025615919,-0.0316379816818,0.824833470245,-0.0260960662221
e2k0_diagonal,gamma_2,40,79.7970076476,79.8120376679,-0.000549695982244,-0.0150300202977,0.816515626216,-0.0122722464354
e2k0_diagonal,gamma_2,42,79.8128761552,79.8120870681,-0.000500295828076,0.000789087181076,0.808281661578,0.00063780469785
e2k0_diagonal,gamma_2,44,79.8275633997,79.8121502556,-0.00043710833431,0.0154131441725,0.800130730469,0.0123325303056
e2k0_diagonal,gamma_2,46,79.8407129332,79.8122266015,-0.000360762365531,0.028486331699,0.792061995557,0.0225629407316
e2k0_diagonal,gamma_2,48,79.8520261769,79.812315135,-0.000272228915151,0.0397110419144,0.784074627951,0.0311364204146
e2k0_diagonal,gamma_2,50,79.8612662407,79.8124145535,-0.000172810433341,0.0488516872594,0.776167807123,0.0379171069744
e2k0_diagonal,gamma_2,52,79.8682614422,79.8125232472,-6.41167079323e-05,0.0557381950127,0.768340720817,0.0428259249331
e2k0_diagonal,gamma_2,54,79.8729062172,79.8126393327,5.19688214951e-05,0.0602668844441,0.760592564968,0.045838544222
e2k0_diagonal,gamma_2,56,79.8751598419,79.8127606952,0.000173331348009,0.0623991466323,0.752922543621,0.0469817242022
e2k0_diagonal,gamma_2,58,79.8750463342,79.812885042,0.000297678117178,0.0621612922447,0.745329868846,0.046330667796
e2k0_diagonal,gamma_2,60,79.8726507659,79.8130099596,0.000422595734648,0.0596408062698,0.737813760658,0.0440038075626
e2k0_diagonal,gamma_2,62,79.8681148394,79.8131329746,0.000545610687112,0.054981864801,0.730373446941,0.040157294114
e2k0_diagonal,gamma_2,64,79.8616326682,79.8132516193,0.000664255429058,0.0483810489263,0.723008163361,0.0349798933257
e2k0_diagonal,gamma_2,66,79.8534440586,79.8133634987,0.000776134838276,0.040080559915,0.715717153295,0.0286863442448
e2k0_diagonal,gamma_2,68,79.8438273245,79.8134663562,0.000878992359375,0.0303609682698,0.708499667748,0.0215107359317
e2k0_diagonal,gamma_2,70,79.8330930267,79.8135581397,0.000970775823717,0.01953488697,0.70135496528,0.0137008899726
e2k0_diagonal,gamma_2,72,79.821574857,79.813637061,0.00104969706823,0.00793779604544,0.694282311926,0.00551107139003
e2k0_diagonal,gamma_2,74,79.8096220241,79.8137016496,0.00111428574428,-0.00407962553373,0.687280981123,-0.00280384903944
e2k0_diagonal,gamma_2,76,79.7975913231,79.8137508015,0.00116343757253,-0.0161594783362,0.680350253636,-0.0109941051846
e2k0_diagonal,gamma_2,78,79.7858371557,79.8137838136,0.00119644966931,-0.0279466578556,0.673489417481,-0.0188217783197
e2k0_diagonal,gamma_2,80,79.774704847,79.8138004083,0.00121304439301,-0.0390955612993,0.666697767855,-0.0260649234513
e2k0_diagonal,gamma_2,82,79.7645211935,79.8138007416,0.00121337768336,-0.0492795480291,0.659974607062,-0.0325232503467
e2k0_diagonal,gamma_2,84,79.7555861923,79.8137853978,0.00119803393498,-0.0581992055058,0.653319244444,-0.0380226609683
e2k0_diagonal,gamma_2,86,79.748165895,79.8137553737,0.00116800986009,-0.0655894787774,0.646730996304,-0.0424187489568
e2k0_diagonal,gamma_2,88,79.7424852621,79.8137120474,0.00112468349462,-0.071226785311,0.640209185842,-0.045600042234
e2k0_diagonal,gamma_2,90,79.7387216777,79.8136571351,0.0010697711694,-0.0749354573357,0.633753143082,-0.0474905816147
e2k0_diagonal,gamma_2,92,79.7370014215,79.8135926373,0.00100527339443,-0.0765912157439,0.627362204805,-0.0480504339778
e2k0_diagonal,gamma_2,94,79.7373955027,79.8135207718,0.000933407951791,-0.0761252691608,0.62103571448,-0.0472765109233
e2k0_diagonal,gamma_2,96,79.7399176805,79.8134439021,0.000856538179164,-0.0735262215853,0.614773022197,-0.0452019374547
e2k0_diagonal,gamma_2,98,79.7445246054,79.8133644623,0.000777098391836,-0.068839856911,0.608573484598,-0.0418941115995
e2k0_diagonal,gamma_2,100,79.7511166552,79.8132848744,0.00069751050151,-0.0621682192185,0.602436464814,-0.0374524022098
e2k0_diagonal,gamma_2,102,79.7595404568,79.8132074656,0.000620101713167,-0.0536670088085,0.5963613324,-0.032004928879
e2k0_diagonal,gamma_2,104,79.7695932222,79.8131343949,0.000547030981522,-0.0435411726308,0.590347463266,-0.0257044208102
e2k0_diagonal,gamma_2,106,79.7810282274,79.8130675833,0.000480219410463,-0.032039355861,0.584394239616,-0.0187236150062
e2k0_diagonal,gamma_2,108,79.79356078,79.8130086515,0.000421287655087,-0.0194478715363,0.578501049885,-0.0112506141018
e2k0_diagonal,gamma_2,110,79.8068775248,79.8129588675,0.000371503594693,-0.0060813426702,0.572667288675,-0.00348258601845
e2k0_diagonal,gamma_2,112,79.8206444024,79.8129191049,0.000331740993758,0.00772529750567,0.566892356693,0.00437941210914
e2k0_diagonal,gamma_2,114,79.8345161544,79.8128898159,0.000302452027654,0.0216263384505,0.561175660688,0.0121361747682
e2k0_diagonal,gamma_2,116,79.8481457431,79.8128710183,0.000283654444885,0.0352747247275,0.555516613393,0.019595695619
e2k0_diagonal,gamma_2,118,79.8611933167,79.8128622992,0.000274935275399,0.0483310175401,0.549914633464,0.0265779337955
e2k0_diagonal,gamma_2,120,79.8733357421,79.8128628348,0.000275470934696,0.0604729073203,0.544369145417,0.0329195848788
e2k0_diagonal,gamma_2,122,79.8842754837,79.8128714264,0.000284062561605,0.0714040572132,0.538879579572,0.0384781883308
e2k0_diagonal,gamma_2,124,79.8937478805,79.8128865492,0.000299185301401,0.0808613312638,0.533445371996,0.0431351029361
e2k0_diagonal,gamma_2,126,79.9015285906,79.8129064113,0.000319047413711,0.0886221792869,0.52806596444,0.0467983565759
e2k0_diagonal,gamma_2,128,79.9074386305,79.8129290214,0.000341657499192,0.0945096091101,0.522740804287,0.049404029079
e2k0_diagonal,gamma_2,130,79.9113483255,79.812952266,0.000364902070871,0.0983960595107,0.51746934449,0.0509169444154
e2k0_diagonal,gamma_2,132,79.9131805435,79.8129739915,0.000386627658017,0.100206551936,0.512251043521,0.0513309107971
e2k0_diagonal,gamma_2,134,79.9129119336,79.8129920847,0.000404720852629,0.09991984885,0.507085365311,0.050667893056
e2k0_diagonal,gamma_2,136,79.9105719777,79.8130045528,0.000417188933739,0.0975674248699,0.5019717792,0.0489760938539
e2k0_diagonal,gamma_2,138,79.9062420117,79.8130096011,0.000422237175513,0.0932324106561,0.496909759875,0.0463280947917
e2k0_diagonal,gamma_2,140,79.9000529802,79.8130056986,0.000418334750123,0.0870472815887,0.491898787323,0.0428184522533
e2k0_diagonal,gamma_2,142,79.8921811543,79.8129916322,0.000404268298283,0.0791895221285,0.486938346776,0.0385604149872
e2k0_diagonal,gamma_2,144,79.8828428489,79.812966548,0.000379184119879,0.0698763009194,0.482027928653,0.0336823285941
e2k0_diagonal,gamma_2,146,79.872288095,79.8129299831,0.000342619249764,0.0593581118352,0.477167028517,0.0283237338428
e2k0_diagonal,gamma_2,148,79.8607938596,79.8128818824,0.000294518486442,0.0479119772093,0.472355147014,0.0226314690384
e2k0_diagonal,gamma_2,150,79.8486575904,79.8128225981,0.000235234172862,0.0358349923186,0.467591789826,0.0167561481966
e2k0_diagonal,gamma_2,152,79.8361886394,79.8127528757,0.000165511816562,0.0234357637187,0.462876467622,0.0108478635261
e2k0_diagonal,gamma_2,154,79.8237000093,79.8126738288,8.64649591392e-05,0.011026180469,0.458208696004,0.00505229177462
e2k0_diagonal,gamma_2,156,79.8115013057,79.8125869012,-4.62685576963e-07,-0.0010855954563,0.453587995458,-0.000492413066903
e2k0_diagonal,gamma_2,158,79.7998902664,79.8124938163,-9.35475364798e-05,-0.0126035499327,0.449013891308,-0.00565916899958
e2k0_diagonal,gamma_2,160,79.7891462202,79.8123965191,-0.000190844789927,-0.023250298887,0.444485913662,-0.0103344303437
e2k0_diagonal,gamma_2,162,79.7795234506,79.8122971097,-0.000290254144048,-0.0327736591685,0.440003597369,-0.0144205279331
e2k0_diagonal,gamma_2,164,79.7712445179,79.8121977742,-0.000389589652514,-0.0409532563676,0.435566481967,-0.0178378658011
e2k0_diagonal,gamma_2,166,79.7644957122,79.8121007137,-0.000486650164049,-0.047605001556,0.431174111638,-0.0205260442555
e2k0_diagonal,gamma_2,168,79.7594222807,79.8120080769,-0.000579287026966,-0.0525857961786,0.426826035161,-0.0224449868887
e2k0_diagonal,gamma_2,170,79.7561249617,79.8119218965,-0.00066546738276,-0.0557969347768,0.422521805863,-0.0235754216435
e2k0_diagonal,gamma_2,172,79.7546587548,79.8118440299,-0.000743334024889,-0.0571852750658,0.41826098158,-0.023918369281
e2k0_diagonal,gamma_2,174,79.7550311516,79.8117761061,-0.000811257817446,-0.0567449544759,0.414043124602,-0.0234948582566
e2k0_diagonal,gamma_2,176,79.7572015599,79.8117194842,-0.000867879641049,-0.0545179243439,0.409867801636,-0.0223451418006
e2k0_diagonal,gamma_2,178,79.7610834082,79.8116752236,-0.000912140270131,-0.0505918154603,0.405734583757,-0.0205268491873
e2k0_diagonal,gamma_2,180,79.7665453358,79.8116440653,-0.000943298609144,-0.0450987295032,0.401643046366,-0.0181135911049
e2k0_diagonal,gamma_2,182,79.7734149889,79.8116264242,-0.000960939659251,-0.0382114353171,0.397592769146,-0.0151925903807
e2k0_diagonal,gamma_2,184,79.7814836585,79.8116223913,-0.000964972630996,-0.0301387327721,0.393583336018,-0.0118621029878
e2k0_diagonal,gamma_2,186,79.7905108317,79.8116317455,-0.00095561840331,-0.0211209137699,0.389614335099,-0.00822901077515
e2k0_diagonal,gamma_2,188,79.8002314721,79.811653978,-0.000933385856129,-0.011422505965,0.38568535866,-0.0044054933099
e2k0_diagonal,gamma_2,190,79.8103625378,79.8116883216,-0.000899042263001,-0.00132578385171,0.381796003083,-0.000506178975536
e2k0_diagonal,gamma_2,192,79.8206099371,79.8117337855,-0.000853578388046,0.00887615160042,0.377945868821,0.00335470482841
e2k0_diagonal,gamma_2,194,79.8306765585,79.8117891966,-0.000798167263071,0.0188873618804,0.374134560355,0.00706641483341
e2k0_diagonal,gamma_2,196,79.8402698657,79.811853244,-0.000734119872547,0.0284166216806,0.370361686156,0.0105244279205
e2k0_diagonal,gamma_2,198,79.8491093617,79.811924523,-0.00066284089371,0.0371848387087,0.366626858641,0.0136329606048
e2k0_diagonal,gamma_2,200,79.8569342744,79.812001579,-0.000585784836943,0.0449326954006,0.362929694138,0.0163074093986
e2k0_diagonal,gamma_2,202,79.8635099452,79.8120829507,-0.000504413190882,0.0514269945351,0.359269812843,0.0184761667017
e2k0_diagonal,gamma_2,204,79.8686342303,79.8121672098,-0.000420154042573,0.0564670204283,0.355646838782,0.0200823173108
e2k0_diagonal,gamma_2,206,79.8721430503,79.8122529974,-0.000334366483258,0.0598900528919,0.352060399772,0.0210849159635
e2k0_diagonal,gamma_2,208,79.8739144856,79.8123390538,-0.000248310072692,0.0615754317399,0.348510127384,0.0214596615594
e2k0_diagonal,gamma_2,210,79.8738722939,79.8124242431,-0.000163120746038,0.0614480507758,0.344995656904,0.0211993106429
e2k0_diagonal,gamma_2,212,79.8719883427,79.8125075689,-7.97949793139e-05,0.0594807737627,0.341516627296,0.0203136732444
e2k0_diagonal,gamma_2,214,79.8682834836,79.8125881836,8.19730800572e-07,0.0556953000108,0.338072681165,0.0188290594029
e2k0_diagonal,gamma_2,216,79.8628269167,79.8126653922,7.80282774713e-05,0.0501615245746,0.334663464718,0.0167872296097
e2k0_diagonal,gamma_2,218,79.8557348104,79.8127386496,0.000151285681511,0.0429961608217,0.331288627734,0.0142441391164
e2k0_diagonal,gamma_2,220,79.8471669418,79.8128075546,0.000220190668188,0.034359387198,0.327947823519,0.011268086249
e2k0_diagonal,gamma_2,222,79.8373230293,79.8128718387,0.000284474783655,0.0244511906073,0.324640708878,0.00793785185167
e2k0_diagonal,gamma_2,224,79.8264376868,79.8129313497,0.000343985839294,0.0135063370419,0.321366944077,0.00434049026081
e2k0_diagonal,gamma_2,226,79.8147741568,79.8129860325,0.000398668659244,0.00178812426097,0.318126192806,0.000568849163406
e2k0_diagonal,gamma_2,228,79.8026177585,79.8130359097,0.000448545849508,-0.0104181512424,0.314918122149,-0.00328086462552
e2k0_diagonal,gamma_2,230,79.7902683264,79.8130810614,0.000493697514287,-0.0228127349962,0.311742402544,-0.00711169681631
e2k0_diagonal,gamma_2,232,79.7780323614,79.8131216057,0.000534241791883,-0.0350892442905,0.308598707756,-0.0108284954442
e2k0_diagonal,gamma_2,234,79.7662151347,79.8131576825,0.000570318617605,-0.0469425477831,0.305486714837,-0.0143403247083
e2k0_diagonal,gamma_2,236,79.7551125655,79.8131894398,0.000602075962121,-0.058076874334,0.302406104098,-0.0175628013055
e2k0_diagonal,gamma_2,238,79.7450034469,79.8132170224,0.000629658495995,-0.0682135755103,0.299356559071,-0.0204201812467
e2k0_diagonal,gamma_2,240,79.7361421421,79.8132405635,0.000653199587987,-0.0770984213908,0.296337766482,-0.0228471739942
e2k0_diagonal,gamma_2,242,79.7287515213,79.8132601812,0.000672817336351,-0.0845086599106,0.293349416214,-0.0247905660498
e2k0_diagonal,gamma_2,244,79.7230171141,79.8132759789,0.000688614977392,-0.090258864774,0.29039120128,-0.0262103801679
e2k0_diagonal,gamma_2,246,79.7190821283,79.8132880489,0.000700685032939,-0.094205920631,0.287462817786,-0.0270806993967
e2k0_diagonal,gamma_2,248,79.7170432043,79.8132964796,0.00070911572783,-0.0962532752653,0.284563964904,-0.0273902136445
e2k0_diagonal,gamma_2,250,79.7169480181,79.8133013634,0.000713999525487,-0.0963533453559,0.281694344839,-0.0271421924931
e2k0_diagonal,gamma_2,252,79.7187943023,79.8133028067,0.000715442772787,-0.0945085043914,0.2788536628,-0.0263540426153
e2k0_diagonal,gamma_2,254,79.7225296592,79.8133009391,0.000713575204045,-0.0907712798638,0.276041626968,-0.0250566517755
e2k0_diagonal,gamma_2,256,79.7280528818,79.8132959235,0.000708559601634,-0.0852430416792,0.273257948466,-0.0232933386903
e2k0_diagonal,gamma_2,258,79.7352166389,79.8132879638,0.000700599939734,-0.07807132491,0.270502341332,-0.0211184761791
e2k0_diagonal,gamma_2,260,79.7438317128,79.8132773108,0.000689946927039,-0.0694455980481,0.267774522487,-0.0185957618561
e2k0_diagonal,gamma_2,262,79.753672458,79.8132642642,0.000676900314986,-0.0595918061904,0.265074211705,-0.01579625105
e2k0_diagonal,gamma_2,264,79.7644829818,79.8132491708,0.0006618069322,-0.0487661890195,0.262401131588,-0.0127963031819
e2k0_diagonal,gamma_2,266,79.7759842501,79.8132324194,0.000645055513957,-0.037248169286,0.259755007535,-0.00967539849353
e2k0_diagonal,gamma_2,268,79.7878818834,79.813214433,0.000627069073573,-0.0253325495138,0.257135567713,-0.00651389950085
e2k0_diagonal,gamma_2,270,79.7998741688,79.813195657,0.000608293088959,-0.0133214882004,0.254542543031,-0.00339088548349
e2k0_diagonal,gamma_2,272,79.811660617,79.8131765429,0.000589178993465,-0.00151592590954,0.251975667113,-0.000381976442351
e2k0_diagonal,gamma_2,274,79.8229504641,79.8131575289,0.000570165010359,0.00979293524541,0.249434676266,0.00244269763263
e2k0_diagonal,gamma_2,276,79.8334700377,79.8131390193,0.000551655394815,0.0203310184096,0.246919309459,0.00502012102629
e2k0_diagonal,gamma_2,278,79.8429699156,79.8131213626,0.000533998714076,0.0298485529935,0.244429308291,0.00729586116169
e2k0_diagonal,gamma_2,280,79.8512316615,79.81310483,0.000517466114246,0.0381268314903,0.24196441697,0.00922533655247
e2k0_diagonal,gamma_2,282,79.8580730726,79.8130895951,0.000502231219372,0.0449834775102,0.23952438228,0.0107746396634
e2k0_diagonal,gamma_2,284,79.8633527623,79.8130757173,0.000488353415449,0.0502770449965,0.237108953561,0.0119211375272
e2k0_diagonal,gamma_2,286,79.8669734903,79.8130631294,0.000475765526005,0.0539103609018,0.234717882678,0.0126537257653
e2k0_diagonal,gamma_2,288,79.8688842887,79.8130516307,0.000464266832125,0.0558326579802,0.232350924002,0.0129727696712
e2k0_diagonal,gamma_2,290,79.8690815987,79.8130408849,0.000453521016979,0.0560407138143,0.230007834378,0.0128898032214
e2k0_diagonal,gamma_2,292,79.8676092171,79.813030423,0.000443059154378,0.0545787940464,0.227688373104,0.0124269568224
e2k0_diagonal,gamma_2,294,79.8645565096,79.8130196547,0.000432290789718,0.0515368548826,0.225392301905,0.0116160103549
e2k0_diagonal,gamma_2,296,79.86005574,79.8130078875,0.000420523657823,0.047047852408,0.22311938491,0.0104972878906
e2k0_diagonal,gamma_2,298,79.8542784521,79.8129943541,0.000406990223269,0.0412840980059,0.220869388626,0.00911839348652
e2k0_diagonal,gamma_2,300,79.8474307296,79.8129782437,0.000390879864455,0.0344524858331,0.218642081913,0.00753276322963
e2k0_diagonal,gamma_2,302,79.8397475846,79.8129587399,0.000371375977693,0.0267888447829,0.216437235964,0.00579810351947
e2k0_diagonal,gamma_2,304,79.8314866634,79.812935061,0.000347697106875,0.0185516024273,0.214254624278,0.00397476660783
e2k0_diagonal,gamma_2,306,79.8229211312,79.8129065039,0.000319139982707,0.0100146273134,0.21209402264,0.00212404259214
e2k0_diagonal,gamma_2,308,79.8143318083,79.8128724863,0.000285122372532,0.00145932207042,0.209955209093,0.000306392270429
e2k0_diagonal,gamma_2,310,79.8060000852,79.8128325873,0.000245223444011,-0.00683250212313,0.207837963922,-0.00142005332976
e2k0_diagonal,gamma_2,312,79.7982002136,79.8127865824,0.000199218535954,-0.0145863687733,0.205742069624,-0.00300102969972
e2k0_diagonal,gamma_2,314,79.7911914345,79.8127344709,0.000147107039979,-0.0215430363846,0.203667310891,-0.00438761228889
e2k0_diagonal,gamma_2,316,79.7852107351,79.8126764991,8.91352169106e-05,-0.0274657639948,0.201613474588,-0.00553746811119
e2k0_diagonal,gamma_2,318,79.7804652977,79.8126131771,2.58132241413e-05,-0.0321478793931,0.199580349725,-0.00641608501219
e2k0_diagonal,gamma_2,320,79.7771266944,79.8125452862,-4.20777215453e-05,-0.0354185917228,0.197567727444,-0.00699757067595
e2k0_diagonal,gamma_2,322,79.7753261326,79.8124738729,-0.000113490998103,-0.0371477402401,0.195575400991,-0.00726518419338
e2k0_diagonal,gamma_2,324,79.7751491669,79.8124002331,-0.000187130805926,-0.0372510661468,0.193603165698,-0.00721192433165
e2k0_diagonal,gamma_2,326,79.7766333693,79.8123258868,-0.000261477126912,-0.0356925174449,0.191650818959,-0.00684050019903
e2k0_diagonal,gamma_2,328,79.7797669769,79.8122525394,-0.000334824513942,-0.0324855624758,0.189718160213,-0.0061631011464
e2k0_diagonal,gamma_2,330,79.784488294,79.8121820302,-0.000405333705956,-0.0276937361683,0.187804990922,-0.00520102186967
e2k0_diagonal,gamma_2,332,79.790687558,79.8121162769,-0.000471087028387,-0.0214287188114,0.185911114547,-0.00398383699754
e2k0_diagonal,gamma_2,334,79.7982100446,79.8120572158,-0.000530148091286,-0.0138471711631,0.184036336534,-0.00254838265223
e2k0_diagonal,gamma_2,336,79.806860296,79.8120067372,-0.00058062671161,-0.00514644115211,0.182180464291,-0.000937581038537
e2k0_diagonal,gamma_2,338,79.816408438,79.8119666185,-0.000620745340058,0.00444181943035,0.180343307166,0.000801052405903
e2k0_diagonal,gamma_2,340,79.8265968231,79.8119384578,-0.000648906115259,0.0146583653609,0.17852467643,0.00261687993305
e2k0_diagonal,gamma_2,342,79.8371478986,79.8119236084,-0.000663755464927,0.0252242901966,0.176724385259,0.00445774717859
e2k0_diagonal,gamma_2,344,79.8477721986,79.8119231218,-0.000664242087851,0.0358490768288,0.174942248712,0.00627151811468
e2k0_diagonal,gamma_2,346,79.8581768077,79.8119376969,-0.000649667007082,0.0462391108235,0.173178083712,0.00800760060499
e2k0_diagonal,gamma_2,348,79.8680740214,79.8119676423,-0.00061972157701,0.0561063791009,0.17143170903,0.00961841245676
e2k0_diagonal,gamma_2,350,79.8771888094,79.8120128516,-0.000574512277183,0.0651759578047,0.169702945263,0.0110605519998
e2k0_diagonal,gamma_2,352,79.8852673709,79.8120727884,-0.000514575443702,0.0731945824773,0.167991614818,0.0122960761063
e2k0_diagonal,gamma_2,354,79.8920830936,79.8121464856,-0.000440878293887,0.0799366079911,0.166297541892,0.0132932614161
e2k0_diagonal,gamma_2,356,79.8974426814,79.8122325621,-0.000354801787111,0.0852101193114,0.164620552456,0.0140273369159
e2k0_diagonal,gamma_2,358,79.9011908134,79.8123292577,-0.000258106161212,0.0888615556645,0.162960474236,0.0144809212525
e2k0_diagonal,gamma_2,360,79.9032138579,79.8124344819,-0.000152881998901,0.0907793760494,0.161317136694,0.0146442690152
e2k0_diagonal,gamma_2,362,79.9034436017,79.8125458723,-4.1491583687e-05,0.0908977294152,0.159690371013,0.0145154921345
e2k0_diagonal,gamma_2,364,79.9018583719,79.8126608615,7.34975656371e-05,0.0891975104786,0.158080010077,0.0141003433553
e2k0_diagonal,gamma_2,366,79.8984823813,79.8127767526,0.000189388719974,0.085705628696,0.156485888457,0.0134117214523
e2k0_diagonal,gamma_2,368,79.8933852751,79.8128908018,0.000303437891603,0.080494473306,0.154907842391,0.0124692251842
e2k0_diagonal,gamma_2,370,79.8866797983,79.8130002989,0.000412935020563,0.0736794994263,0.153345709769,0.0112984351349
e2k0_diagonal,gamma_2,372,79.8785178259,79.813102648,0.000515284129534,0.0654151778525,0.151799330115,0.00992998017734
e2k0_diagonal,gamma_2,374,79.8690852069,79.8131954455,0.000608081604781,0.0558897614074,0.150268544572,0.00839847310316
e2k0_diagonal,gamma_2,376,79.8585975472,79.8132765541,0.00068919021632,0.0453209930516,0.148753195885,0.0067416425571
e2k0_diagonal,gamma_2,378,79.8472936162,79.813344168,0.000756804161412,0.0339494481257,0.147253128384,0.00499916244343
e2k0_diagonal,gamma_2,380,79.8354288946,79.8133968663,0.000809502446884,0.0220320282693,0.14576818797,0.00321156883813
e2k0_diagonal,gamma_2,382,79.8232697441,79.8134336542,0.000846290357401,0.00983608982945,0.144298222098,0.00141933027478
e2k0_diagonal,gamma_2,384,79.8110857835,79.8134539896,0.000866625688161,-0.00236820604623,0.142843079759,-0.000338281845147
e2k0_diagonal,gamma_2,386,79.7991442147,79.8134577927,0.000870428813229,-0.0143135780235,0.141402611469,-0.00202397731199
e2k0_diagonal,gamma_2,388,79.7877018718,79.8134454427,0.000858078811632,-0.0257435709174,0.139976669252,-0.00360349931168
e2k0_diagonal,gamma_2,390,79.7769999111,79.8134177551,0.000830391181609,-0.0364178439985,0.138565106622,-0.00504624243661
e2k0_diagonal,gamma_2,392,79.7672583678,79.8133759431,0.000788579232051,-0.0461175752945,0.137167778572,-0.00632584535628
e2k0_diagonal,gamma_2,394,79.7586696534,79.8133215683,0.000734204376428,-0.0546519148722,0.135784541556,-0.00742088520609
e2k0_diagonal,gamma_2,396,79.7513958899,79.8132564808,0.000669116940969,-0.0618605909399,0.134415253477,-0.00831500701142
e2k0_diagonal,gamma_2,398,79.7455635921,79.8131827543,0.000595390419335,-0.0676191622386,0.133059773669,-0.00899739042318
e2k0_diagonal,gamma_2,400,79.7412619106,79.8131026133,0.000515249408949,-0.071840702666,0.131717962887,-0.00946271100756
e2k0_diagonal,gamma_2,402,79.7385411379,79.8130183547,0.000430990796843,-0.0744772168121,0.130389683288,-0.00971106071232
e2k0_diagonal,gamma_2,404,79.7374117019,79.8129322683,0.000344904414433,-0.0755205663597,0.12907479842,-0.00974780187948
e2k0_diagonal,gamma_2,406,79.7378450889,79.8128465612,0.000259197362141,-0.075001472396,0.127773173207,-0.00958317612327
e2k0_diagonal,gamma_2,408,79.739774879,79.8127632839,0.000175920030529,-0.0729884048671,0.126484673936,-0.0092319145907
e2k0_diagonal,gamma_2,410,79.7430985001,79.812684267,9.69031375604e-05,-0.0695857669729,0.125209168239,-0.00871277600398
e2k0_diagonal,gamma_2,412,79.7476806253,79.8126110721,2.37082389845e-05,-0.0649304467777,0.123946525088,-0.00804790325049
e2k0_diagonal,gamma_2,414,79.7533575083,79.8125449502,-4.24136799069e-05,-0.0591874419146,0.122696614772,-0.00726209875992
e2k0_diagonal,gamma_2,416,79.7599411856,79.8124868119,-0.000100551961111,-0.052545626305,0.121459308889,-0.00638215545618
e2k0_diagonal,gamma_2,418,79.7672247988,79.812437213,-0.000150150883201,-0.045212414193,0.120234480335,-0.00543609112518
e2k0_diagonal,gamma_2,420,79.7749883089,79.8123963522,-0.000191011664953,-0.0374080433618,0.119022003283,-0.00445238025981
e2k0_diagonal,gamma_2,422,79.783003952,79.8123640827,-0.00022328115044,-0.0293601307606,0.117821753178,-0.00345926207974
e2k0_diagonal,gamma_2,424,79.7910424427,79.8123399387,-0.000247425177861,-0.0212974959585,0.11663360672,-0.00248400376775
e2k0_diagonal,gamma_2,426,79.7988791604,79.8123231734,-0.000264190453521,-0.0134440129848,0.115457441852,-0.00155221134745
e2k0_diagonal,gamma_2,428,79.806299508,79.8123128076,-0.000274556324399,-0.00601329958934,0.11429313775,-0.000687278878296
e2k0_diagonal,gamma_2,430,79.8131048562,79.8123076877,-0.000279676181407,0.000797168487338,0.113140574805,9.01921008741e-05
e2k0_diagonal,gamma_2,432,79.8191180224,79.8123065488,-0.000280815127439,0.00681147367584,0.111999634617,0.0007628825629
e2k0_diagonal,gamma_2,434,79.8241874401,79.8123080768,-0.00027928706271,0.011879363289,0.110870199979,0.00131706738347
e2k0_diagonal,gamma_2,436,79.8281917886,79.8123109723,-0.00027639153717,0.0158808162422,0.109752154866,0.0017429538036
e2k0_diagonal,gamma_2,438,79.8310427681,79.8123140106,-0.000273353242918,0.0187287574833,0.108645384422,0.00203479305652
e2k0_diagonal,gamma_2,440,79.8326866106,79.8123160993,-0.000271264541155,0.0203705112196,0.107549774951,0.0021908438973
e2k0_diagonal,gamma_2,442,79.8331054934,79.8123163294,-0.000271034527088,0.0207891640108,0.106465213902,0.00221332279325
e2k0_diagonal,gamma_2,444,79.832317418,79.8123140158,-0.000273348039499,0.0200034021875,0.105391589861,0.00210819035917
e2k0_diagonal,gamma_2,446,79.8303744636,79.8123087299,-0.000278633945243,0.0180657336604,0.104328792535,0.00188477617905
e2k0_diagonal,gamma_2,448,79.8273600031,79.8123003203,-0.000287043608608,0.0150596828313,0.103276712745,0.00155531453781
e2k0_diagonal,gamma_2,450,79.8233862905,79.8122889234,-0.000298440503286,0.0110973671012,0.102235242413,0.00113454201574
e2k0_diagonal,gamma_2,452,79.8185904699,79.8122749576,-0.000312406269273,0.0063155122379,0.101204274549,0.000639156834445
e2k0_diagonal,gamma_2,454,79.8131311255,79.8122591003,-0.000328263601176,0.000872025222137,0.100183703245,8.73627160765e-05
e2k0_diagonal,gamma_2,456,79.8071843402,79.8122422537,-0.00034511022811,-0.00505791345391,0.0991734236576,-0.000501610593788
e2k0_diagonal,gamma_2,458,79.8009380745,79.8122255002,-0.000361863717103,-0.0112874256457,0.0981733320033,-0.00110812418538
e2k0_diagonal,gamma_2,460,79.7945875249,79.8122100509,-0.000377312936592,-0.0176225260131,0.097183325544,-0.00171261568244
e2k0_diagonal,gamma_2,462,79.7883299174,79.8121971944,-0.000390169493699,-0.0238672769733,0.0962033025779,-0.00229611086838
e2k0_diagonal,gamma_2,464,79.7823589923,79.8121882415,-0.000399122383413,-0.0298292492491,0.0952331624287,-0.00284073373887
e2k0_diagonal,gamma_2,466,79.7768609289,79.812184469,-0.00040289486148,-0.0353235401112,0.0942728054354,-0.00333004922419
e2k0_diagonal,gamma_2,468,79.7720087175,79.8121870657,-0.000400298169623,-0.0401783481876,0.0933221329421,-0.00374952915096
e2k0_diagonal,gamma_2,470,79.7679581288,79.8121970821,-0.000390281827364,-0.044238953292,0.0923810472875,-0.00408684083602
e2k0_diagonal,gamma_2,472,79.7648439887,79.8122153844,-0.000371979528438,-0.0473713956365,0.0914494517955,-0.00433208816175
e2k0_diagonal,gamma_2,474,79.7627767178,79.812242616,-0.000344747891631,-0.0494658981668,0.0905272507647,-0.00447801176765
e2k0_diagonal,gamma_2,476,79.7618398332,79.8122791664,-0.000308197505888,-0.0504393331498,0.0896143494587,-0.00452008802735
e2k0_diagonal,gamma_2,478,79.762087408,79.812325152,-0.000262211843108,-0.050237744024,0.0887106540966,-0.00445662313271
e2k0_diagonal,gamma_2,480,79.7635433961,79.8123804103,-0.000206953575145,-0.0488370142371,0.0878160718433,-0.00428867475085
e2k0_diagonal,gamma_2,482,79.7662009897,79.8124445038,-0.000142860130666,-0.0462435140178,0.0869305107995,-0.00401997229474
e2k0_diagonal,gamma_2,484,79.77002266,79.812516739,-7.06248762583e-05,-0.042494079037,0.0860538799931,-0.00365678037787
e2k0_diagonal,gamma_2,486,79.7749414364,79.8125961949,8.83097749238e-06,-0.0376547584965,0.0851860893691,-0.00320766162246
e2k0_diagonal,gamma_2,488,79.7808626925,79.8126817566,9.43927489772e-05,-0.0318190641745,0.0843270497807,-0.00268320780862
e2k0_diagonal,gamma_2,490,79.7876662445,79.8127721576,0.000184793680262,-0.0251059130633,0.0834766729801,-0.00209575809465
e2k0_diagonal,gamma_2,492,79.7952104894,79.8128660229,0.00027865900843,-0.017655533501,0.0826348716094,-0.00145896274405
e2k0_diagonal,gamma_2,494,79.8033345381,79.8129619146,0.000374550709665,-0.00962737651381,0.0818015591916,-0.000787534409753
e2k0_diagonal,gamma_2,496,79.8118624743,79.813058379,0.00047101509368,-0.00119590464671,0.0809766501218,-9.68403521554e-05
e2k0_diagonal,gamma_2,498,79.8206077592,79.8131539951,0.000566631201295,0.00745376408575,0.0801600596584,0.000597494173794
e2k0_diagonal,gamma_2,500,79.8293758857,79.8132474183,0.000660054429147,0.016128467346,0.0793517039143,0.00127982136543
e2k0_diagonal,gamma_2,502,79.8379717713,79.8133374176,0.000750053701751,0.024634353712,0.0785514998484,0.00193506543187
e2k0_diagonal,gamma_2,504,79.8462042169,79.8134229013,0.000835537384205,0.032781315594,0.077759365257,0.00254905429288
e2k0_diagonal,gamma_2,506,79.8538898826,79.8135029352,0.000915571314891,0.0403869473606,0.0769752187652,0.00310879410834
e2k0_diagonal,gamma_2,508,79.8608585905,79.8135767564,0.000989392542238,0.0472818340629,0.076198979819,0.00360282751957
e2k0_diagonal,gamma_2,510,79.8669567755,79.8136437775,0.00105641359552,0.0533129979891,0.0754305686765,0.00402142975616
e2k0_diagonal,gamma_2,512,79.8720519295,79.8137035837,0.00111621983942,0.0583483458134,0.0746699063999,0.00435686552047
e2k0_diagonal,gamma_2,514,79.8760362786,79.8137559227,0.00116855884293,0.0622803558276,0.0739169148477,0.00460357175839
e2k0_diagonal,gamma_2,516,79.8788291624,79.8138006831,0.00121331924331,0.0650284793205,0.0731715166662,0.00475823245838
e2k0_diagonal,gamma_2,518,79.8803798017,79.8138378688,0.00125050493139,0.0665419328481,0.0724336352817,0.00481987409486
e2k0_diagonal,gamma_2,520,79.8806689746,79.8138675697,0.00128020577461,0.0668014049759,0.0717031948929,0.00478987416011
e2k0_diagonal,gamma_2,522,79.8797095734,79.8138899296,0.00130256571468,0.065819643765,0.0709801204628,0.00467188624325
e2k0_diagonal,gamma_2,524,79.877546498,79.8139051151,0.00131775121838,0.0636413828918,0.0702643377109,0.0044717196199
e2k0_diagonal,gamma_2,526,79.8742562135,79.8139132847,0.00132592082838,0.0603429287406,0.0695557731061,0.00419719906004
e2k0_diagonal,gamma_2,528,79.8699444142,79.8139145623,0.00132719844071,0.0560298519111,0.0688543538586,0.00385789925013
e2k0_diagonal,gamma_2,530,79.8647426985,79.8139090184,0.00132165452968,0.0508336800664,0.0681600079128,0.00346482403556
e2k0_diagonal,gamma_2,532,79.8588050779,79.8138966569,0.00130929300022,0.0449084210376,0.0674726639394,0.00303009080072
e2k0_diagonal,gamma_2,534,79.8523031548,79.8138774051,0.0012900412024,0.0384257497426,0.0667922513287,0.0025665423343
e2k0_diagonal,gamma_2,536,79.8454218779,79.813851112,0.00126374810276,0.0315707659484,0.066118700183,0.00208741800829
e2k0_diagonal,gamma_2,538,79.8383531804,79.8138175548,0.00123019092858,0.0245356255848,0.0654519413095,0.00160590432577
e2k0_diagonal,gamma_2,540,79.8312916551,79.8137764491,0.00118908521605,0.0175152060415,0.0647919062129,0.00113484358714
e2k0_diagonal,gamma_2,542,79.8244279374,79.8137274641,0.00114010021565,0.0107004733169,0.0641385270889,0.000686312597702
e2k0_diagonal,gamma_2,544,79.8179438258,79.8136702456,0.00108288173213,0.00427358019235,0.063491736817,0.000271337028839
e2k0_diagonal,gamma_2,546,79.8120071683,79.8136044477,0.00101708380808,-0.00159727941009,0.0628514689532,-0.000100391357253
e2k0_diagonal,gamma_2,548,79.8067667869,79.8135297708,0.000942406942741,-0.00676298396037,0.0622176577239,-0.000420777021239
e2k0_diagonal,gamma_2,550,79.8023486811,79.8134459979,0.000858633975128,-0.0110973167227,0.0615902380187,-0.000683486378322
e2k0_diagonal,gamma_2,552,79.7988533678,79.8133530307,0.000765666851606,-0.014499662983,0.0609691453836,-0.000884032060426
e2k0_diagonal,gamma_2,554,79.796353842,79.8132509265,0.000663562658445,-0.0168970845097,0.0603543160148,-0.00101981197823
e2k0_diagonal,gamma_2,556,79.7948931015,79.8131399253,0.000552561413031,-0.0182468237795,0.0597456867519,-0.00109016901775
e2k0_diagonal,gamma_2,558,79.7944837127,79.8130204754,0.000433111545675,-0.0185367627502,0.0591431950711,-0.00109632337533
e2k0_diagonal,gamma_2,560,79.7951071713,79.8128932545,0.000305890618833,-0.0177860832355,0.0585467790797,-0.00104131788588
e2k0_diagonal,gamma_2,562,79.7967146482,79.8127591806,0.000171816736298,-0.0160445324424,0.0579563775085,-0.000929882979177
e2k0_diagonal,gamma_2,564,79.7992288176,79.8126194138,3.20499556352e-05,-0.0133905962643,0.0573719297067,-0.000768244347606
e2k0_diagonal,gamma_2,566,79.8025466666,79.8124753456,-0.000112018244153,-0.00992867906241,0.0567933756347,-0.000563883199548
e2k0_diagonal,gamma_2,568,79.8065418199,79.812328579,-0.000258784906507,-0.0057867590934,0.0562206558586,-0.000325335391526
e2k0_diagonal,gamma_2,570,79.8110682304,79.812180901,-0.000406462928424,-0.00111267054143,0.0556537115438,-6.19242453561e-05
e2k0_diagonal,gamma_2,572,79.8159648983,79.8120342466,-0.000553117322667,0.00393065178118,0.0550924844489,0.000216549372129
e2k0_diagonal,gamma_2,574,79.8210595021,79.8118906551,-0.000696708807496,0.00916884701589,0.05453691692,0.000500040647958
e2k0_diagonal,gamma_2,576,79.8261738346,79.8117522192,-0.000835144692104,0.0144216154318,0.0539869518845,0.000778579058413
e2k0_diagonal,gamma_2,578,79.8311289555,79.8116210262,-0.000966337712981,0.0195079292945,0.0534425328454,0.00104255315207
e2k0_diagonal,gamma_2,580,79.8357484025,79.8114990994,-0.00108826450878,0.0242493031693,0.0529036038752,0.00128287552912
e2k0_diagonal,gamma_2,582,79.8398642548,79.8113883395,-0.00119902441548,0.0284759153573,0.0523701096106,0.00149128680852
e2k0_diagonal,gamma_2,584,79.8433214362,79.8112904633,-0.00129690061686,0.0320309729556,0.0518419952466,0.00166054954771
e2k0_diagonal,gamma_2,586,79.8459812017,79.8112069498,-0.00138041403855,0.0347742518273,0.0513192065309,0.00178458701148
e2k0_diagonal,gamma_2,588,79.84772519,79.8111389925,-0.00144837135477,0.036586197519,0.0508016897581,0.00185864065579
e2k0_diagonal,gamma_2,590,79.8484580944,79.8110874587,-0.00149990519682,0.0373706357508,0.0502893917646,0.00187934654177
e2k0_diagonal,gamma_2,592,79.8481104688,79.811052863,-0.00153450087493,0.0370576057818,0.0497822599227,0.00184481136314
e2k0_diagonal,gamma_2,594,79.8466404916,79.8110353514,-0.001552012454,0.035605140184,0.0492802421357,0.00175462992954
e2k0_diagonal,gamma_2,596,79.8440352898,79.8110346963,-0.00155266754808,0.0330005934537,0.0487832868319,0.00160987741608
e2k0_diagonal,gamma_2,598,79.8403125933,79.8110503048,-0.00153705908835,0.0292622884691,0.0482913429599,0.00141311520825
e2k0_diagonal,gamma_2,600,79.8355202298,79.8110812419,-0.00150612202549,0.0244389879336,0.0478043599832,0.0011682901768
e2k0_diagonal,gamma_2,602,79.829735464,79.8111262672,-0.00146109664398,0.0186091967107,0.0473222878746,0.000880629763857
e2k0_diagonal,gamma_2,604,79.8230640441,79.8111838803,-0.00140348360367,0.0118801638645,0.0468450771116,0.000556527192332
e2k0_diagonal,gamma_2,606,79.8156379922,79.8112523723,-0.00133499159477,0.00438561989354,0.0463726786713,0.000203372942097
e2k0_diagonal,gamma_2,608,79.807611978,79.8113298913,-0.0012574726059,-0.00371791327041,0.0459050440246,-0.000170670972358
e2k0_diagonal,gamma_2,610,79.7991590252,79.8114145147,-0.00117284922621,-0.0122554894592,0.0454421251324,-0.000556915485565
e2k0_diagonal,gamma_2,612,79.7904667846,79.8115043237,-0.00108304016746,-0.0210375391222,0.0449838744396,-0.000946350018389
e2k0_diagonal,gamma_2,614,79.7817327441,79.8115974749,-0.000989888992649,-0.0298647308384,0.0445302448708,-0.00132988377723
e2k0_diagonal,gamma_2,616,79.7731592759,79.8116922658,-0.000895098042378,-0.0385329899713,0.0440811898255,-0.00169858004547
e2k0_diagonal,gamma_2,618,79.7649483447,79.8117871959,-0.000800167947773,-0.0468388512231,0.0436366631728,-0.00204389117422
e2k0_diagonal,gamma_2,620,79.7572963681,79.8118810192,-0.000706344653878,-0.0545846510855,0.0431966192472,-0.00235787238968
e2k0_diagonal,gamma_2,622,79.7503890885,79.8119727854,-0.00061457845004,-0.0615836968865,0.0427610128437,-0.00263338125353
e2k0_diagonal,gamma_2,624,79.7443970607,79.8120618671,-0.000525496782558,-0.0676648064318,0.0423297992131,-0.00286423767005
e2k0_diagonal,gamma_2,626,79.7394706166,79.812147973,-0.000439390848555,-0.0726773564409,0.0419029340575,-0.00304539447441
e2k0_diagonal,gamma_2,628,79.7357356545,79.8122311453,-0.000356218553989,-0.0764954908259,0.0414803735257,-0.00317306153249
e2k0_diagonal,gamma_2,630,79.7332906407,79.8123117414,-0.000275622483699,-0.0790211006856,0.0410620742087,-0.00324477030041
e2k0_diagonal,gamma_2,632,79.7322032532,79.8123904026,-0.000196961319403,-0.0801871493197,0.0406479931353,-0.00325944669508
e2k0_diagonal,gamma_2,634,79.7325086045,79.8124680074,-0.000119356460772,-0.0799594028842,0.0402380877675,-0.00321741347109
e2k0_diagonal,gamma_2,636,79.734208325,79.812545614,-4.17498963543e-05,-0.0783372890206,0.0398323159964,-0.00312035565057
e2k0_diagonal,gamma_2,638,79.7372697,79.8126243942,3.70302833232e-05,-0.0753546941334,0.0394306361377,-0.00297128352565
e2k0_diagonal,gamma_2,640,79.7416265677,79.8127055627,0.00011819883747,-0.0710789950105,0.0390330069275,-0.00277442690465
e2k0_diagonal,gamma_2,642,79.7471808278,79.8127903036,0.000202939683163,-0.0656094758169,0.0386393875179,-0.00253510996093
e2k0_diagonal,gamma_2,644,79.7538049021,79.812879696,0.00029233213462,-0.0590747938942,0.0382497374729,-0.00225959535772
e2k0_diagonal,gamma_2,646,79.761345428,79.8129746438,0.000387279907514,-0.0516292157775,0.0378640167646,-0.00195488949174
e2k0_diagonal,gamma_2,648,79.7696265579,79.813075811,0.000488447116567,-0.0434492530963,0.0374821857682,-0.00162857297605
e2k0_diagonal,gamma_2,650,79.7784552468,79.8131835664,0.000596202546021,-0.0347283195977,0.0371042052591,-0.00128856669866
e2k0_diagonal,gamma_2,652,79.787626495,79.8132979359,0.000710571968625,-0.0256714408787,0.0367300364077,-0.00094291295811
e2k0_diagonal,gamma_2,654,79.7969286811,79.8134185676,0.000831203722583,-0.0164898864644,0.0363596407763,-0.000599566348286
e2k0_diagonal,gamma_2,656,79.806149541,79.8135447148,0.000957350958615,-0.00739517388466,0.0359929803147,-0.000266174348054
e2k0_diagonal,gamma_2,658,79.8150808705,79.8136752346,0.00108787067273,0.00140563594195,0.0356300173565,5.00828330086e-05
e2k0_diagonal,gamma_2,660,79.8235242379,79.813808607,0.0012212431121,0.009715630925,0.035270714615,0.000342677245661
e2k0_diagonal,gamma_2,662,79.8312965371,79.8139429698,0.00135560587063,0.0173535673459,0.0349150351797,0.000605900414376
e2k0_diagonal,gamma_2,664,79.8382345423,79.8140761608,0.00148879693782,0.0241583814459,0.0345629425121,0.000834984749099
e2k0_diagonal,gamma_2,666,79.8441992992,79.814205775,0.00161841109589,0.0299935241841,0.0342144004422,0.00102621044711
e2k0_diagonal,gamma_2,668,79.8490794133,79.8143292331,0.00174186922618,0.0347501802084,0.033869373165,0.00117696682103
e2k0_diagonal,gamma_2,670,79.8527931591,79.8144438596,0.00185649568581,0.0383492995225,0.0335278252362,0.00128576861232
e2k0_diagonal,gamma_2,672,79.8552902685,79.8145469677,0.00195960377822,0.0407433008102,0.0331897215693,0.0013522588097
e2k0_diagonal,gamma_2,674,79.8565528291,79.8146359477,0.00204858381841,0.0419168813789,0.0328550274312,0.00137718028753
e2k0_diagonal,gamma_2,676,79.8565954514,79.8147083544,0.00212099051819,0.041887097029,0.0325237084394,0.00136232373114
e2k0_diagonal,gamma_2,678,79.8554646026,79.8147619916,0.00217462773837,0.0407026109481,0.0321957305581,0.0013104502951
e2k0_diagonal,gamma_2,680,79.8532372555,79.8147949887,0.00220762482479,0.038442266758,0.0318710600945,0.00122519579401
e2k0_diagonal,gamma_2,682,79.8500186284,79.8148058669,0.00221850301136,0.0352127614548,0.0315496636958,0.0011109507817
e2k0_diagonal,gamma_2,684,79.8459391605,79.8147935936,0.00220622970571,0.0311455669512,0.0312315083453,0.000972723034156
e2k0_diagonal,gamma_2,686,79.8411509659,79.8147576219,0.00217025799957,0.0263933440516,0.0309165613596,0.000815991440856
e2k0_diagonal,gamma_2,688,79.8358233264,79.8146979144,0.00211055055428,0.0211254119697,0.0306047903845,0.000646538805118
e2k0_diagonal,gamma_2,690,79.8301383343,79.8146149508,0.00202758689093,0.0155233835728,0.0302961633923,0.000470298965123
e2k0_diagonal,gamma_2,692,79.8242859268,79.8145097171,0.00192235323391,0.00977620965793,0.0299906486783,0.000293194869257
e2k0_diagonal,gamma_2,694,79.8184585256,79.8143836811,0.00179631720584,0.00407484451291,0.0296882148574,0.00012097485941
e2k0_diagonal,gamma_2,696,79.8128460675,79.8142387504,0.00165138656074,-0.00139268292847,0.029388830861,-4.09293230278e-05
e2k0_diagonal,gamma_2,698,79.8076309081,79.8140772175,0.00148985358013,-0.00644630936304,0.0290924659339,-0.000187539035544
e2k0_diagonal,gamma_2,700,79.8029822587,79.8139016952,0.00131433127758,-0.0109194364293,0.028799089631,-0.000314469828448
e2k0_diagonal,gamma_2,702,79.7990524018,79.8137150443,0.00112768039801,-0.0146626424574,0.0285086718141,-0.000418012461746
e2k0_diagonal,gamma_2,704,79.7959727244,79.8135202905,0.000932926637404,-0.0175475660948,0.0282211826491,-0.000495213067808
e2k0_diagonal,gamma_2,706,79.7938495456,79.8133205386,0.000733174676242,-0.0194709929726,0.0279365926027,-0.000543953198244
e2k0_diagonal,gamma_2,708,79.7927615805,79.8131188873,0.000531523439847,-0.0203573067776,0.0276548724394,-0.000562978722143
e2k0_diagonal,gamma_2,710,79.7927575964,79.8129183494,0.00033098547938,-0.0201607529494,0.0273759932184,-0.000551920636021
e2k0_diagonal,gamma_2,712,79.7938546838,79.8127217758,0.000134411959607,-0.0188670920073,0.027099926291,-0.000511296802723
e2k0_diagonal,gamma_2,714,79.7960385633,79.8125317866,-5.55773089843e-05,-0.0164932232747,0.0268266432973,-0.000442457817613
e2k0_diagonal,gamma_2,716,79.79926374,79.8123507111,-0.00023665276106,-0.0130869711242,0.0265561161633,-0.000347539125401
e2k0_diagonal,gamma_2,718,79.8034540971,79.8121805448,-0.000406819054845,-0.00872644770617,0.0262883170981,-0.00022940362444
e2k0_diagonal,gamma_2,720,79.8085050448,79.8120229165,-0.000564447414618,-0.00351787167322,0.0260232185912,-9.15463435282e-05
e2k0_diagonal,gamma_2,722,79.8142861199,79.8118790701,-0.000708293758166,0.00240704979453,0.0257607934094,6.2007512483e-05
e2k0_diagonal,gamma_2,724,79.8206443748,79.8117498609,-0.000837502943455,0.00889451384374,0.0255010145942,0.000226819127338
e2k0_diagonal,gamma_2,726,79.8274088985,79.8116357629,-0.000951601003493,0.0157731356221,0.0252438554589,0.000398174755778
e2k0_diagonal,gamma_2,728,79.8343947482,79.8115368897,-0.0010504742246,0.0228578585266,0.024989289586,0.000571201646038
e2k0_diagonal,gamma_2,730,79.8414083194,79.8114530263,-0.00113433756655,0.0299552931252,0.0247372908242,0.000741012797764
e2k0_diagonal,gamma_2,732,79.8482529198,79.8113836708,-0.00120369305255,0.0368692489717,0.0244878332862,0.000902848022206
e2k0_diagonal,gamma_2,734,79.8547338225,79.8113280843,-0.00125927961565,0.0434057382141,0.0242408913455,0.00105219378382
e2k0_diagonal,gamma_2,736,79.8606640953,79.8112853439,-0.00130201996873,0.0493787513413,0.0239964396342,0.00118491422577
e2k0_diagonal,gamma_2,738,79.8658696324,79.8112543994,-0.00133296451114,0.0546152330014,0.0237544530402,0.00129735498761
e2k0_diagonal,gamma_2,740,79.8701943081,79.8112341314,-0.00135323247247,0.0589601767206,0.0235149067045,0.00138644305486
e2k0_diagonal,gamma_2,742,79.8735043891,79.8112234075,-0.00136395637759,0.0622809815546,0.0232777760189,0.00144976273886
e2k0_diagonal,gamma_2,744,79.8756924264,79.8112211328,-0.00136623106233,0.0644712935292,0.0230430366233,0.00148561437794
e2k0_diagonal,gamma_2,746,79.8766805623,79.8112262954,-0.00136106849125,0.0654542668931,0.0228106644033,0.00149305531586
e2k0_diagonal,gamma_2,748,79.8764225533,79.8112380025,-0.00134936138765,0.0651845508297,0.0225806354877,0.00147190858172
e2k0_diagonal,gamma_2,750,79.8749049281,79.8112555104,-0.00133185353479,0.063649417762,0.022352926246,0.00142275074084
e2k0_diagonal,gamma_2,752,79.8721478778,79.8112782448,-0.00130911910598,0.0608696330523,0.0221275132859,0.00134689361408
e2k0_diagonal,gamma_2,754,79.8682048519,79.8113058093,-0.00128155460277,0.0568990426255,0.0219043734512,0.00124633787868
e2k0_diagonal,gamma_2,756,79.8631609706,79.8113379829,-0.00124938094055,0.0518229876307,0.0216834838189,0.00112370291374
e2k0_diagonal,gamma_2,758,79.8571308451,79.8113747095,-0.00121265438815,0.0457561356081,0.0214648216975,0.000982147292395
e2k0_diagonal,gamma_2,760,79.8502547354,79.8114160777,-0.00117128620843,0.0388386576866,0.0212483646242,0.000825257960038
e2k0_diagonal,gamma_2,762,79.8426949809,79.8114622954,-0.00112506844289,0.0312326854991,0.0210340903625,0.000656951129052
e2k0_diagonal,gamma_2,764,79.8346315472,79.8115136592,-0.00107370471609,0.0231178880602,0.0208219769006,0.00048136013118
e2k0_diagonal,gamma_2,766,79.8262559918,79.8115705181,-0.00101684578809,0.014685473752,0.0206120024482,0.000302697020929
e2k0_diagonal,gamma_2,768,79.8177665157,79.8116332348,-0.000954129106191,0.0061332809328,0.020404145435,0.000125144356147
e2k0_diagonal,gamma_2,770,79.8093627421,79.8117021442,-0.000885219711463,-0.00233940205423,0.0201983845082,-4.72521422107e-05
e2k0_diagonal,gamma_2,772,79.8012391775,79.8117775138,-0.000809850086426,-0.0105383363105,0.0199946985304,-0.000210710857539
e2k0_diagonal,gamma_2,774,79.793580929,79.8118595056,-0.000727858294596,-0.0182785766285,0.019793066577,-0.000361789084142
e2k0_diagonal,gamma_2,776,79.7865586344,79.8119481408,-0.000639223065775,-0.0253895064683,0.0195934679349,-0.000497468480869
e2k0_diagonal,gamma_2,778,79.7803233481,79.812043274,-0.000544089913063,-0.0317199259011,0.0193958820995,-0.000615235942984
e2k0_diagonal,gamma_2,780,79.7750039906,79.8121445762,-0.000442787690019,-0.0371405855586,0.0192002887732,-0.000713109967931
e2k0_diagonal,gamma_2,782,79.7707037853,79.8122515264,-0.000335837444396,-0.0415477411456,0.019006667863,-0.00078968411641
e2k0_diagonal,gamma_2,784,79.7674969442,79.8123634126,-0.000223951296562,-0.0448664684196,0.0188149994784,-0.00084416257991
e2k0_diagonal,gamma_2,786,79.7654283524,79.8124793407,-0.00010802314624,-0.0470509883345,0.0186252639297,-0.000876337075882
e2k0_diagonal,gamma_2,788,79.7645122946,79.8125982509,1.08870436293e-05,-0.0480859562939,0.0184374417256,-0.00088658201699
e2k0_diagonal,gamma_2,790,79.764731998,79.8127189414,0.000131577552438,-0.0479869434042,0.0182515135715,-0.000875834348797
e2k0_diagonal,gamma_2,792,79.766041095,79.8128400992,0.00025273536157,-0.0467990042399,0.0180674603673,-0.000845539154332
e2k0_diagonal,gamma_2,794,79.7683647477,79.8129603343,0.000372970374826,-0.0445955865978,0.0178852632054,-0.000797603804099
e2k0_diagonal,gamma_2,796,79.7716018179,79.8130782204,0.000490856518383,-0.0414764024658,0.0177049033689,-0.000734335697749
e2k0_diagonal,gamma_2,798,79.7756280227,79.8131923391,0.000604975222416,-0.0375643163772,0.01752636233,-0.000658365819504
e2k0_diagonal,gamma_2,800,79.7802990772,79.8133013208,0.000713956872616,-0.0330022435521,0.0173496217472,-0.000572576442437
e2k0_diagonal,gamma_2,802,79.7854551363,79.8134038853,0.00081652141148,-0.0279487490468,0.0171746634642,-0.000480010359125
e2k0_diagonal,gamma_2,804,79.7909261007,79.813498876,0.000911512115806,-0.02257277535,0.017001469508,-0.000383770351825
e2k0_diagonal,gamma_2,806,79.7965357537,79.8135852871,0.00099792321825,-0.0170495333733,0.0168300220865,-0.000286944023238
e2k0_diagonal,gamma_2,808,79.8021068013,79.8136622898,0.00107492588995,-0.0115554884857,0.0166603035873,-0.000192517946271
e2k0_diagonal,gamma_2,810,79.8074659155,79.8137292514,0.00114188751394,-0.00626333591494,0.0164922965753,-0.00010329679346
e2k0_diagonal,gamma_2,812,79.8124481192,79.8137857462,0.00119838229585,-0.00133762696129,0.0163259837915,-2.18380760891e-05
e2k0_diagonal,gamma_2,814,79.8169011382,79.8138315553,0.00124419145682,0.00306958284254,0.0161613481509,4.96085969963e-05
e2k0_diagonal,gamma_2,816,79.8206895255,79.8138666562,0.00127929229868,0.0068228693363,0.0159983727406,0.000109154806803
e2k0_diagonal,gamma_2,818,79.823697268,79.8138912032,0.00130383926785,0.0098060648788,0.0158370408185,0.000155299049755
e2k0_diagonal,gamma_2,820,79.8258298198,79.8139055053,0.00131814139982,0.0119243145289,0.0156773358112,0.000186941483188
e2k0_diagonal,gamma_2,822,79.8270165078,79.8139100025,0.00132263860787,0.0131065053389,0.0155192413124,0.000203403019116
e2k0_diagonal,gamma_2,824,79.8272119057,79.8139052385,0.00131787465166,0.0133066671845,0.0153627410813,0.00020442688261
e2k0_diagonal,gamma_2,826,79.826397135,79.8138918284,0.00130446451841,0.0125053065483,0.015207819041,0.000190178439038
e2k0_diagonal,gamma_2,828,79.8245809658,79.8138704249,0.00128306106447,0.0107105408886,0.0150544592764,0.000161241401636
e2k0_diagonal,gamma_2,830,79.8217997899,79.813841686,0.0012543221268,0.00795810388522,0.0149026460332,0.000118596805297
e2k0_diagonal,gamma_2,832,79.8181170389,79.8138062422,0.00121887827561,0.00431079670958,0.0147523637159,6.3594440965e-05
e2k0_diagonal,gamma_2,834,79.8136228054,79.8137646702,0.00117730635584,-0.000141864879609,0.0146035968862,-2.07173751411e-06
e2k0_diagonal,gamma_2,836,79.8084316808,79.8137174741,0.00113011024777,-0.0052857933179,0.0144563302614,-7.64131738969e-05
e2k0_diagonal,gamma_2,838,79.8026808219,79.8136650706,0.00107770670053,-0.0109842486558,0.0143105487131,-0.000157190625467
e2k0_diagonal,gamma_2,840,79.7965271686,79.8136077848,0.00102042093845,-0.0170806162293,0.0141662372655,-0.000241968062145
e2k0_diagonal,gamma_2,842,79.7901437124,79.8135458542,0.000958490300349,-0.0234021417992,0.0140233810935,-0.000328177152856
e2k0_diagonal,gamma_2,844,79.7837154976,79.8134794371,0.000892073257603,-0.0297639395496,0.0138819655219,-0.000413181982625
e2k0_diagonal,gamma_2,846,79.7774344171,79.8134086326,0.000821268746307,-0.0359742155284,0.0137419760232,-0.000494356807245
e2k0_diagonal,gamma_2,848,79.7714932189,79.8133335071,0.000746143192259,-0.0418402881654,0.0136033982165,-0.000569170101407
e2k0_diagonal,gamma_2,850,79.7660807148,79.813254126,0.000666762115685,-0.0471734111742,0.0134662178659,-0.00063524743235
e2k0_diagonal,gamma_2,852,79.7613762089,79.8131705865,0.00058322265869,-0.051794377618,0.0133304208791,-0.00069044085282
e2k0_diagonal,gamma_2,854,79.7575440647,79.8130830475,0.000495683663189,-0.0555389828116,0.0131959933059,-0.000732892045399
e2k0_diagonal,gamma_2,856,79.754728098,79.8129917586,0.000404394733224,-0.0582636605915,0.0130629213367,-0.000761093615097
e2k0_diagonal,gamma_2,858,79.7530469898,79.8128970867,0.000309722779548,-0.0598500968453,0.0129311913013,-0.00077393305171
e2k0_diagonal,gamma_2,860,79.7525898334,79.8127995373,0.000212173427471,-0.0602097039051,0.0128007896673,-0.000770731755618
e2k0_diagonal,gamma_2,862,79.7534129798,79.8126997693,0.000112405413347,-0.0592867895248,0.0126717030386,-0.00075126459097
e2k0_diagonal,gamma_2,864,79.7555386455,79.8125986008,1.12369051237e-05,-0.0570599552675,0.0125439181544,-0.000715755408771
e2k0_diagonal,gamma_2,866,79.7589520191,79.8124970095,-9.035435518e-05,-0.0535449904349,0.0124174218876,-0.000664890736198
e2k0_diagonal,gamma_2,868,79.7636017834,79.8123961272,-0.00019123669972,-0.0487943438028,0.0122922012434,-0.000599789893564
e2k0_diagonal,gamma_2,870,79.7694024633,79.8122972213,-0.00029014259519,-0.0428947580345,0.0121682433581,-0.00052195385455
e2k0_diagonal,gamma_2,872,79.7762361789,79.812201665,-0.000385698929392,-0.035965486033,0.0120455354977,-0.000433223538701
e2k0_diagonal,gamma_2,874,79.7839530561,79.8121109028,-0.000476461075579,-0.0281578466728,0.0119240650565,-0.000335755995577
e2k0_diagonal,gamma_2,876,79.7923778259,79.81202642,-0.000560943919623,-0.0196485940573,0.0118038195562,-0.000231928458784
e2k0_diagonal,gamma_2,878,79.8013141719,79.8119497037,-0.000637660212391,-0.0106355317525,0.011684786644,-0.000124273919374
e2k0_diagonal,gamma_2,880,79.8105498678,79.811882195,-0.000705168860321,-0.00133232721953,0.011566954092,-1.54109677838e-05
e2k0_diagonal,gamma_2,882,79.8198633019,79.8118252425,-0.000762121406297,0.00803805937406,0.0114503097953,9.20382699857e-05
e2k0_diagonal,gamma_2,884,79.8290294071,79.8117800534,-0.000807310528387,0.0172493536968,0.0113348417712,0.000195518694809
e2k0_diagonal,gamma_2,886,79.837826251,79.8117476455,-0.000839718350363,0.0260786054465,0.011220538158,0.000292615987521
e2k0_diagonal,gamma_2,888,79.8460417549,79.8117288075,-0.000858556342621,0.0343129473089,0.0111073872134,0.000381127192193
e2k0_diagonal,gamma_2,890,79.8534798348,79.8117240655,-0.000863298340846,0.0417557692553,0.0109953773135,0.000459120437979
e2k0_diagonal,gamma_2,892,79.8599659703,79.8117336579,-0.000853706013203,0.0482323124201,0.0108844969518,0.000524984457517
e2k0_diagonal,gamma_2,894,79.8653539127,79.8117575152,-0.000829848658611,0.0535963975113,0.0107747347377,0.000577486966082
e2k0_diagonal,gamma_2,896,79.8695289902,79.8117952479,-0.000792116030283,0.0577337423188,0.0106660793955,0.00061579267937
e2k0_diagonal,gamma_2,898,79.8724110802,79.8118461481,-0.000741215765331,0.0605649320455,0.0105585197631,0.000639476031955
e2k0_diagonal,gamma_2,900,79.8739584344,79.8119092055,-0.000678158375976,0.0620492288935,0.0104520447912,0.000648541319656
e2k0_diagonal,gamma_2,902,79.8741677266,79.8119831309,-0.000604233024873,0.0621845957757,0.0103466435418,0.00064340184628
e2k0_diagonal,gamma_2,904,79.8730739456,79.8120663939,-0.000520969946422,0.0610075516967,0.0102423051871,0.000624857963193
e2k0_diagonal,gamma_2,906,79.8707504729,79.8121572686,-0.000430095262601,0.0585932042957,0.0101390190086,0.000594077612127
e2k0_diagonal,gamma_2,908,79.8673066217,79.8122538788,-0.00033348512585,0.0550527429219,0.0100367743958,0.000552551960579
e2k0_diagonal,gamma_2,910,79.8628840254,79.8123542478,-0.000233116049088,0.0505297775788,0.00993556084549,0.000502041679643
e2k0_diagonal,gamma_2,912,79.8576519096,79.8124563528,-0.000131011061598,0.0451955567334,0.00983536795998,0.000444514930629
e2k0_diagonal,gamma_2,914,79.8518019184,79.8125581797,-2.91842061841e-05,0.0392437387597,0.00973618544665,0.000382084318184
e2k0_diagonal,gamma_2,916,79.8455424039,79.8126577807,7.04168263326e-05,0.0328846231592,0.00963800311664,0.000316942100498
e2k0_diagonal,gamma_2,918,79.8390913602,79.8127533325,0.000165968652766,0.0263380276614,0.00954081088382,0.000251286140971
e2k0_diagonal,gamma_2,920,79.832668973,79.8128431928,0.000255828892449,0.0198257802189,0.0094445987638,0.000187246539347
e2k0_diagonal,gamma_2,922,79.8264923207,79.812925949,0.000338585135438,0.0135663716679,0.00934935687284,0.000126836850193
e2k0_diagonal,gamma_2,924,79.8207687703,79.8130004554,0.000413091535961,0.00776831491862,0.0092550754269,7.18963405118e-05
e2k0_diagonal,gamma_2,926,79.8156885041,79.8130658632,0.000478499275673,0.00262264096297,0.00916174474058,2.40279670489e-05
e2k0_diagonal,gamma_2,928,79.8114195296,79.8131216425,0.000534278602544,-0.00170211290887,0.00906935522618,-1.54370666056e-05
e2k0_diagonal,gamma_2,930,79.8081011677,79.8131675885,0.000580224564771,-0.00506642071213,0.00897789739265,-4.54858053014e-05
e2k0_diagonal,gamma_2,932,79.8058411014,79.8132038133,0.000616449418871,-0.00736271194008,0.00888736184467,-6.54350851695e-05
e2k0_diagonal,gamma_2,934,79.804710843,79.8132307286,0.000643364757366,-0.00851988564929,0.00879773928167,-7.49557326521e-05
e2k0_diagonal,gamma_2,936,79.8047429388,79.8132490169,0.00066165305256,-0.00850607815848,0.00870902049686,-7.40796090301e-05
e2k0_diagonal,gamma_2,938,79.8059299745,79.813259595,0.000672231155065,-0.00732962057789,0.0086211963763,-6.31900983658e-05
e2k0_diagonal,gamma_2,940,79.808223986,79.8132635726,0.0006762086783,-0.00503958659746,0.00853425789794,-4.30091317218e-05
e2k0_diagonal,gamma_2,942,79.8115378611,79.8132622038,0.000674839914993,-0.00172434268005,0.00844819613074,-1.45675851577e-05
e2k0_diagonal,gamma_2,944,79.8157480642,79.813256831,0.000669467068178,0.00249123323779,0.0083630022337,2.08341891323e-05
e2k0_diagonal,gamma_2,946,79.8206995082,79.8132488203,0.000661456436887,0.00745068790603,0.00827866745499,6.16817674849e-05
e2k0_diagonal,gamma_2,948,79.8262102471,79.8132394987,0.000652134778534,0.012970748459,0.00819518313101,0.000106297658968
e2k0_diagonal,gamma_2,950,79.8320765965,79.8132300952,0.000642731269451,0.0188465013745,0.00811254068556,0.000152893009181
e2k0_diagonal,gamma_2,952,79.8380802423,79.8132216884,0.000634324562071,0.0248585538183,0.0080307316289,0.000199632374397
e2k0_diagonal,gamma_2,954,79.8439950848,79.8132151553,0.000627791435562,0.0307799294669,0.00794974755692,0.000244692669082
e2k0_diagonal,gamma_2,956,79.8495941737,79.8132111254,0.000623761516636,0.0363830482932,0.00786958015025,0.000286319314654
e2k0_diagonal,gamma_2,958,79.8546564153,79.8132099492,0.000622585351138,0.0414464660819,0.00779022117341,0.000322877137635
e2k0_diagonal,gamma_2,960,79.8589733242,79.8132116774,0.000624313529073,0.0457616467986,0.00771166247398,0.000352898374364
e2k0_diagonal,gamma_2,962,79.8623552716,79.8132160512,0.00062868736029,0.0491392203269,0.00763389598174,0.0003751236966
e2k0_diagonal,gamma_2,964,79.8646369676,79.8132225078,0.000635143867072,0.0514144597986,0.00755691370787,0.000388534636035
e2k0_diagonal,gamma_2,966,79.8656835941,79.8132302,0.000642836117947,0.0524533941368,0.00748070774409,0.000392388511723
e2k0_diagonal,gamma_2,968,79.8653941396,79.8132380288,0.000650664919334,0.0521561108139,0.00740527026188,0.000386230096385
e2k0_diagonal,gamma_2,970,79.8637057011,79.8132446845,0.000657320605114,0.0504610166067,0.00733059351166,0.000369909200929
e2k0_diagonal,gamma_2,972,79.8605964519,79.8132486992,0.000661335275083,0.0473477527493,0.00725666982201,0.000343587008516
e2k0_diagonal,gamma_2,974,79.8560862291,79.8132485064,0.000661142518567,0.042837722697,0.00718349159886,0.000307724421108
e2k0_diagonal,gamma_2,976,79.8502369675,79.813242508,0.000655144107299,0.0369944595371,0.00711105132472,0.000263069500498
e2k0_diagonal,gamma_2,978,79.8431504276,79.8132291461,0.000641782176672,0.0299212815692,0.00703934155792,0.000210626120816
e2k0_diagonal,gamma_2,980,79.8349666431,79.8132069744,0.000619610467339,0.0217596687838,0.00696835493183,0.000151629095284
e2k0_diagonal,gamma_2,982,79.8258609867,79.8131747254,0.000587361485003,0.0126862613404,0.00689808415409,8.75108983271e-05
e2k0_diagonal,gamma_2,984,79.8160383486,79.8131313734,0.000544009515437,0.00290697516955,0.0068285220059,1.98503439159e-05
e2k0_diagonal,gamma_2,986,79.8057269366,79.8130761921,0.000488828179769,-0.00734925547265,0.00675966134124,-4.96784781053e-05
e2k0_diagonal,gamma_2,988,79.7951722751,79.813008801,0.000421437151871,-0.0178365259673,0.00669149508617,-0.000119353025865
e2k0_diagonal,gamma_2,990,79.7846295766,79.812929201,0.000341837083994,-0.0282996243515,0.00662401623807,-0.000187457171236
e2k0_diagonal,gamma_2,992,79.7743553251,79.8128377961,0.000250432190654,-0.0384824709697,0.00655721786495,-0.00025233794613
e2k0_diagonal,gamma_2,994,79.7645997971,79.8127354021,0.000148038171034,-0.0481356049205,0.0064910931047,-0.00031245269319
e2k0_diagonal,gamma_2,996,79.7556000266,79.8126232394,3.58754757315e-05,-0.0570232127134,0.00642563516444,-0.0003664103608
e2k0_diagonal,gamma_2,998,79.7475721241,79.812502913,-8.4450899692e-05,-0.0649307888495,0.00636083731977,-0.000413014184916
e2k0_diagonal,gamma_2,1000,79.7407055821,79.8123763761,-0.000210987832375,-0.0716707939923,0.00629669291411,-0.00045128898068
e2k0_diagonal,gamma_2,1002,79.735157961,79.8122458802,-0.000341483658275,-0.0770879192509,0.006233195358,-0.000480504060433
e2k0_diagonal,gamma_2,1004,79.7310506202,79.8121139154,-0.000473448474651,-0.0810632952589,0.00617033812844,-0.000500187941553
e2k0_diagonal,gamma_2,1006,79.7284656994,79.81198314,-0.000604223847091,-0.0835174406673,0.0061081147682,-0.000510134112742
e2k0_diagonal,gamma_2,1008,79.7274441875,79.8118563039,-0.000731059954262,-0.0844121164721,0.00604651888517,-0.000510399456386
e2k0_diagonal,gamma_2,1010,79.7279854382,79.8117361663,-0.00085119758964,-0.0837507280548,0.0059855441517,-0.000501293680509
e2k0_diagonal,gamma_2,1012,79.7300483285,79.8116254129,-0.000961951032934,-0.0815770843737,0.00592518430396,-0.000483359259893
e2k0_diagonal,gamma_2,1014,79.7335524769,79.8115265748,-0.00106078910912,-0.0779740978584,0.00586543314126,-0.000457351857738
e2k0_diagonal,gamma_2,1016,79.7383814412,79.811441952,-0.0011454119014,-0.0730605108186,0.00580628452546,-0.000424210113388
e2k0_diagonal,gamma_2,1018,79.744386507,79.8113735431,-0.0012138207436,-0.0669870360943,0.00574773238031,-0.00038502355642
e2k0_diagonal,gamma_2,1020,79.7513918342,79.8113229889,-0.00126437498774,-0.0599311547449,0.00568977069085,-0.000340994527736
e2k0_diagonal,gamma_2,1022,79.759199426,79.8112915256,-0.00129583823963,-0.0520920996193,0.00563239350276,-0.000293403203441
e2k0_diagonal,gamma_2,1024,79.7675954787,79.8112799502,-0.00130741367556,-0.0436844715373,0.00557559492177,-0.000243566917664
e2k0_diagonal,gamma_2,1026,79.7763570984,79.8112886019,-0.00129876194293,-0.0349315035498,0.00551936911305,-0.000192799861765
e2k0_diagonal,gamma_2,1028,79.7852586316,79.8113173584,-0.00127000549477,-0.0260587268401,0.0054637103006,-0.000142377334257
e2k0_diagonal,gamma_2,1030,79.7940782232,79.8113656455,-0.0012217184034,-0.0172874222543,0.00540861276669,-9.35009727078e-05
e2k0_diagonal,gamma_2,1032,79.8026037567,79.8114324603,-0.0011549035675,-0.00882870359673,0.00535407085123,-4.72695045814e-05
e2k0_diagonal,gamma_2,1034,79.8106390493,79.811516406,-0.00107095784278,-0.000877356759673,0.00530007895121,-4.65006009465e-06
e2k0_diagonal,gamma_2,1036,79.8180072726,79.8116157403,-0.000971623599298,0.0063915322732,0.00524663152013,3.35340146865e-05
e2k0_diagonal,gamma_2,1038,79.8245558968,79.8117284316,-0.000858932284146,0.0128274651869,0.00519372306741,6.66223018374e-05
e2k0_diagonal,gamma_2,1040,79.8301604484,79.8118522226,-0.000735141294371,0.0183082258351,0.00514134815785,9.41289631706e-05
e2k0_diagonal,gamma_2,1042,79.8347256189,79.8119847021,-0.000602661813986,0.0227409168666,0.00508950141106,0.000115739928482
e2k0_diagonal,gamma_2,1044,79.8381876323,79.8121233783,-0.000463985620826,0.0260642540083,0.00503817750091,0.000131316338123
e2k0_diagonal,gamma_2,1046,79.8405145384,79.8122657496,-0.000321614246843,0.0282487887585,0.00498737115496,0.000140887194217
e2k0_diagonal,gamma_2,1048,79.8417059419,79.8124093782,-0.000177985726793,0.0292965637619,0.00493707715395,0.000144639395638
e2k0_diagonal,gamma_2,1050,79.8417918959,79.8125519569,-3.54069364334e-05,0.0292399389465,0.00488729033127,0.0001429040709
e2k0_diagonal,gamma_2,1052,79.8408306659,79.8126913679,0.000104004029268,0.028139297959,0.00483800557239,0.000136138080329
e2k0_diagonal,gamma_2,1054,79.8389070331,79.8128257311,0.000238367172415,0.0260813020572,0.00478921781436,0.000124909036434
e2k0_diagonal,gamma_2,1056,79.8361293444,79.8129534423,0.00036607842857,0.0231759021027,0.00474092204529,0.000109875145198
e2k0_diagonal,gamma_2,1058,79.8326259877,79.8130732007,0.000485836780626,0.0195527870509,0.00469311330383,9.17634450355e-05
e2k0_diagonal,gamma_2,1060,79.8285415328,79.813184024,0.000596660141468,0.0153575087764,0.00464578667867,7.13477096911e-05
e2k0_diagonal,gamma_2,1062,79.8240332345,79.8132852539,0.000697890056699,0.0107479806012,0.004598937308,4.94292889727e-05
e2k0_diagonal,gamma_2,1064,79.8192665428,79.8133765491,0.000789185235647,0.00588999371942,0.00455256037908,2.68145520401e-05
e2k0_diagonal,gamma_2,1066,79.8144113699,79.8134578671,0.000870503253154,0.000953502714921,0.00450665112766,4.29710408542e-06
e2k0_diagonal,gamma_2,1068,79.8096377643,79.8135294343,0.000942070430341,-0.00389167006273,0.00446120483756,-1.736153731e-05
e2k0_diagonal,gamma_2,1070,79.8051119382,79.8135917091,0.00100434518195,-0.00847977090199,0.00441621684015,-3.7448507058e-05
e2k0_diagonal,gamma_2,1072,79.8009914707,79.8136453395,0.00105797558885,-0.0126538688191,0.0043716825139,-5.53186970495e-05
e2k0_diagonal,gamma_2,1074,79.7974222039,79.8136911152,0.00110375135628,-0.0162689113893,0.00432759728384,-7.04052967392e-05
e2k0_diagonal,gamma_2,1076,79.7945341954,79.8137299178,0.00114255396232,-0.0191957224151,0.00428395662118,-8.22336421386e-05
e2k0_diagonal,gamma_2,1078,79.7924387601,79.8137626692,0.00117530531375,-0.0213239091276,0.00424075604278,-9.04294964884e-05
e2k0_diagonal,gamma_2,1080,79.7912259027,79.8137902795,0.00120291557403,-0.0225643767944,0.0041979911107,-9.47250532013e-05
e2k0_diagonal,gamma_2,1082,79.7909610202,79.8138135991,0.00122623517939,-0.0228525788747,0.00415565743178,-9.49674892361e-05
e2k0_diagonal,gamma_2,1084,79.7916836863,79.813833376,0.00124601216351,-0.0221496897497,0.00411375065714,-9.11183007633e-05
e2k0_diagonal,gamma_2,1086,79.7934059714,79.8138502184,0.00126285449647,-0.0204442469641,0.00407226648176,-8.32544216566e-05
e2k0_diagonal,gamma_2,1088,79.7961114537,79.8138645662,0.0012772023386,-0.0177531125153,0.00403120064404,-7.15663586052e-05
e2k0_diagonal,gamma_2,1090,79.7997550523,79.8138766748,0.00128931095566,-0.0141216225137,0.00399054892534,-5.63530255459e-05
e2k0_diagonal,gamma_2,1092,79.8042635428,79.8138866084,0.00129924452216,-0.00962306557517,0.00395030714958,-3.80140647424e-05
e2k0_diagonal,gamma_2,1094,79.8095367791,79.8138942426,0.00130687873893,-0.00435746349392,0.00391047118278,-1.7039735423e-05
e2k0_diagonal,gamma_2,1096,79.8154506882,79.8138992737,0.00131190979869,0.00155141451185,0.00387103693265,6.00558287323e-06
e2k0_diagonal,gamma_2,1098,79.8218596585,79.8139012374,0.00131387355071,0.00795842104105,0.00383200034818,3.04966722003e-05
e2k0_diagonal,gamma_2,1100,79.8285999746,79.813899536,0.00131217214303,0.0147004385296,0.0037933574192,5.57640175617e-05
e2k0_diagonal,gamma_2,1102,79.835495033,79.8138934695,0.00130610563428,0.0216015635252,0.00375510417597,8.11161214009e-05
e2k0_diagonal,gamma_2,1104,79.8423598705,79.813882272,0.00129490814726,0.0284775984303,0.00371723668881,0.000105857973694
e2k0_diagonal,gamma_2,1106,79.8490063587,79.81386515,0.00127778611363,0.0351412086868,0.00367975106764,0.000129310900183
e2k0_diagonal,gamma_2,1108,79.8552491053,79.8138413214,0.00125395752201,0.0414077838636,0.00364264346162,0.000150833793151
e2k0_diagonal,gamma_2,1110,79.8609099388,79.8138100563,0.0012226924409,0.0470998824498,0.00360591005874,0.000169837939891
e2k0_diagonal,gamma_2,1112,79.8658237333,79.8137707144,0.00118335054097,0.052053018832,0.00356954708545,0.000185805701661
e2k0_diagonal,gamma_2,1114,79.8698437685,79.813722779,0.00113541506764,0.056120989518,0.00353355080622,0.000198306367757
e2k0_diagonal,gamma_2,1116,79.8728452652,79.8136658877,0.00107852384048,0.0591793774264,0.00349791752322,0.000207004581313
e2k0_diagonal,gamma_2,1118,79.8747301351,79.8135998561,0.00101249219668,0.0611302789776,0.0034626435759,0.000211672367795
e2k0_diagonal,gamma_2,1120,79.8754302236,79.813524691,0.000937327135944,0.061905532592,0.0034277253406,0.000212195162789
e2k0_diagonal,gamma_2,1122,79.8749093685,79.8134405986,0.000853234723564,0.0614687698873,0.00339315923025,0.000208573323915
e2k0_diagonal,gamma_2,1124,79.8731659487,79.8133479839,0.00076061998368,0.0598179648135,0.00335894169391,0.000200925056057
e2k0_diagonal,gamma_2,1126,79.8702329011,79.8132474441,0.000660080206487,0.0569854570247,0.00332506921647,0.000189480588939
e2k0_diagonal,gamma_2,1128,79.8661769109,79.8131397545,0.00055239058419,0.0530371563895,0.00329153831827,0.000174573832548
e2k0_diagonal,gamma_2,1130,79.8610974101,79.8130258474,0.000438483506485,0.048071562686,0.00325834555472,0.000156633762586
e2k0_diagonal,gamma_2,1132,79.8551232123,79.8129067893,0.000319425366911,0.0422164230589,0.00322548751598,0.000136168545546
e2k0_diagonal,gamma_2,1134,79.8484090078,79.8127837554,0.000196391482291,0.035625252445,0.0031929608266,0.000113750035495
e2k0_diagonal,gamma_2,1136,79.8411311947,79.812658001,7.0637094268e-05,0.0284731937492,0.00316076214517,8.99969929546e-05
e2k0_diagonal,gamma_2,1138,79.8334819144,79.8125308316,-5.65323300918e-05,0.020951082837,0.00312888816395,6.55535951108e-05
e2k0_diagonal,gamma_2,1140,79.8256637333,79.8124035745,-0.000183789416411,0.0132601588094,0.0030973356086,4.10711620559e-05
e2k0_diagonal,gamma_2,1142,79.8178839721,79.812277548,-0.000309815902028,0.00560642408635,0.00306610123775,1.71898638305e-05
e2k0_diagonal,gamma_2,1144,79.8103483481,79.8121540303,-0.000433333581299,-0.00180568218175,0.00303518184275,-5.48057377184e-06
e2k0_diagonal,gamma_2,1146,79.8032545255,79.8120342344,-0.000553129508603,-0.00877970891975,0.00300457424731,-2.63792873191e-05
e2k0_diagonal,gamma_2,1148,79.7967864865,79.8119192877,-0.000668076166505,-0.015132801231,0.00297427530714,-4.50091170292e-05
e2k0_diagonal,gamma_2,1150,79.7911084201,79.8118102183,-0.000777145571817,-0.0207017981979,0.00294428190969,-6.09519299321e-05
e2k0_diagonal,gamma_2,1152,79.7863605139,79.8117079457,-0.000879418159244,-0.0253474317777,0.00291459097378,-7.38773958678e-05
e2k0_diagonal,gamma_2,1154,79.7826545969,79.8116132769,-0.00097408702905,-0.0289586799419,0.00288519944931,-8.35515674211e-05
e2k0_diagonal,gamma_2,1156,79.7800706592,79.8115269082,-0.00106045569947,-0.0314562490021,0.00285610431693,-8.98423285691e-05
e2k0_diagonal,gamma_2,1158,79.7786555354,79.811449429,-0.00113793486756,-0.0327938936363,0.00282730258774,-9.27182603397e-05
e2k0_diagonal,gamma_2,1160,79.7784214462,79.8113813244,-0.00120603946746,-0.0329598781975,0.00279879130298,-9.22478204464e-05
e2k0_diagonal,gamma_2,1162,79.7793456372,79.8113229829,-0.00126438102271,-0.0319773456869,0.00277056753374,-8.85953957752e-05
e2k0_diagonal,gamma_2,1164,79.7813716446,79.8112747073,-0.00131265657967,-0.029903062725,0.00274262838063,-8.20129884971e-05
e2k0_diagonal,gamma_2,1166,79.7844104941,79.8112367265,-0.00135063739174,-0.0268262324269,0.0027149709735,-7.28324423675e-05
e2k0_diagonal,gamma_2,1168,79.7883433293,79.8112092051,-0.00137815878725,-0.0228658758297,0.00268759247115,-6.14541557263e-05
e2k0_diagonal,gamma_2,1170,79.7930256827,79.8111922514,-0.00139511248858,-0.0181665686908,0.00266049006104,-4.83319754449e-05
e2k0_diagonal,gamma_2,1172,79.7982911222,79.8111859237,-0.00140144022086,-0.0128948014964,0.00263366095896,-3.39605352746e-05
e2k0_diagonal,gamma_2,1174,79.8039560074,79.811190235,-0.00139712886946,-0.00723422765689,0.00260710240882,-1.88603723502e-05
e2k0_diagonal,gamma_2,1176,79.8098247417,79.8112051553,-0.00138220854767,-0.00138041365707,0.00258081168228,-3.56258769256e-06
e2k0_diagonal,gamma_2,1178,79.815694844,79.8112306117,-0.00135675221826,0.00446423232731,0.00255478607855,1.14051586012e-05
e2k0_diagonal,gamma_2,1180,79.8213633493,79.8112664862,-0.00132087768384,0.010096863133,0.00252902292405,2.55351983244e-05
e2k0_diagonal,gamma_2,1182,79.8266330464,79.8113126101,-0.00127475380793,0.0153204363158,0.00250351957218,3.8355012171e-05
e2k0_diagonal,gamma_2,1184,79.8313175941,79.8113687544,-0.00121860951069,0.0199488397186,0.00247827340302,4.94386788957e-05
e2k0_diagonal,gamma_2,1186,79.835247403,79.8114346201,-0.0011527438144,0.0238127829472,0.00245328182305,5.84194675606e-05
e2k0_diagonal,gamma_2,1188,79.8382745913,79.8115098266,-0.00107753730489,0.0267647647376,0.00242854226495,6.49993623767e-05
e2k0_diagonal,gamma_2,1190,79.8402770759,79.8115939008,-0.000993463090822,0.0286831750797,0.00240405218725,6.89558497877e-05
e2k0_diagonal,gamma_2,1192,79.8411624726,79.8116862683,-0.000901095618133,0.0294762043611,0.00237980907412,7.01477386093e-05
e2k0_diagonal,gamma_2,1194,79.8408703267,79.811786248,-0.000801115884173,0.0290840787328,0.00235581043511,6.85165761743e-05
e2k0_diagonal,gamma_2,1196,79.8393740306,79.8118930512,-0.000694312685738,0.0274809794412,0.00233205380487,6.40871226674e-05
e2k0_diagonal,gamma_2,1198,79.836682032,79.812005782,-0.000581581921665,0.0246762500184,0.00230853674293,5.69660298451e-05
e2k0_diagonal,gamma_2,1200,79.8328370192,79.812123442,-0.000463921922574,0.020713577224,0.0022852568334,4.73358438953e-05
e2k0_diagonal,gamma_2,1202,79.8279149028,79.8122449404,-0.000342423528153,0.0156699624881,0.00226221168478,3.54487722407e-05
e2k0_diagonal,gamma_2,1204,79.8220233622,79.8123691064,-0.000218257453156,0.00965425579297,0.00223939892968,2.16197300897e-05
e2k0_diagonal,gamma_2,1206,79.8152984876,79.8124947066,-9.2657296932e-05,0.00280378104139,0.00221681622458,6.21546730274e-06
e2k0_diagonal,gamma_2,1208,79.8079016529,79.8126204645,3.31006131944e-05,-0.00471881163371,0.0021944612496,-1.03552492743e-05
e2k0_diagonal,gamma_2,1210,79.8000152041,79.812745082,0.000157718158135,-0.01272987797,0.00217233170823,-2.76535175561e-05
e2k0_diagonal,gamma_2,1212,79.7918372222,79.812867263,0.000279899107923,-0.0210300407748,0.00215042532715,-4.52235323131e-05
e2k0_diagonal,gamma_2,1214,79.7835766298,79.8129857405,0.000398376663213,-0.0294091107219,0.00212873985594,-6.26043461216e-05
e2k0_diagonal,gamma_2,1216,79.7754471501,79.8130993087,0.000511944860648,-0.0376521586722,0.0021072730669,-7.93433798808e-05
e2k0_diagonal,gamma_2,1218,79.7676618017,79.8132068536,0.000619489669859,-0.0455450518104,0.00208602275478,-9.50080144438e-05
e2k0_diagonal,gamma_2,1220,79.7604276003,79.8133073803,0.000720016379489,-0.0528797799662,0.00206498673655,-0.000109196044262
e2k0_diagonal,gamma_2,1222,79.7539394592,79.8134000374,0.000812673562905,-0.05946057828,0.00204416285122,-0.000121547105232
e2k0_diagonal,gamma_2,1224,79.7483749185,79.8134841382,0.000896774279028,-0.0651092196294,0.0020235489596,-0.000131751693641
e2k0_diagonal,gamma_2,1226,79.7438896017,79.8135591771,0.000971813241961,-0.0696695754565,0.00200314294403,-0.00013955811849
e2k0_diagonal,gamma_2,1228,79.7406124142,79.8136248428,0.00103747893198,-0.0730124286646,0.00198294270826,-0.000144779463033
e2k0_diagonal,gamma_2,1230,79.7386417649,79.8136810239,0.00109366005853,-0.0750392590398,0.00196294617713,-0.000147298026667
e2k0_diagonal,gamma_2,1232,79.7380430233,79.8137278081,0.00114044417904,-0.0756847847197,0.00194315129643,-0.000147066987548
e2k0_diagonal,gamma_2,1234,79.7388467397,79.8137654721,0.00117810826096,-0.0749187324433,0.00192355603267,-0.000144110379751
e2k0_diagonal,gamma_2,1236,79.7410471543,79.8137944672,0.00120710331342,-0.0727473128672,0.00190415837285,-0.000138522404899
e2k0_diagonal,gamma_2,1238,79.744602147,79.8138153965,0.00122803264372,-0.0692132495014,0.00188495632429,-0.000130463952373
e2k0_diagonal,gamma_2,1240,79.7494343159,79.8138289891,0.0012416252583,-0.0643946732577,0.00186594791439,-0.000120157106263
e2k0_diagonal,gamma_2,1242,79.7554330322,79.8138360686,0.0012487047412,-0.0584030363801,0.00184713119043,-0.000107878070114
e2k0_diagonal,gamma_2,1244,79.7624574883,79.8138375167,0.0012501528572,-0.0513800284299,0.00182850421942,-9.39485987778e-05
e2k0_diagonal,gamma_2,1246,79.7703408747,79.8138342361,0.00124687224417,-0.0434933614686,0.00181006508782,-7.87258151463e-05
e2k0_diagonal,gamma_2,1248,79.7788948685,79.8138271114,0.00123974748867,-0.0349322428951,0.00179181190142,-6.25920085627e-05
e2k0_diagonal,gamma_2,1250,79.7879148378,79.8138169692,0.00122960532761,-0.0259021314449,0.00177374278509,-4.59437187689e-05
e2k0_diagonal,gamma_2,1252,79.7971857589,79.8138045473,0.00121718340969,-0.0166187883556,0.00175585588263,-2.91801972964e-05
e2k0_diagonal,gamma_2,1254,79.8064878918,79.8137904686,0.00120310467688,-0.00730257679187,0.00173814935653,-1.26929691518e-05
e2k0_diagonal,gamma_2,1256,79.8156029241,79.8137752164,0.00118785253348,0.00182770770265,0.00172062138783,3.14479296387e-06
e2k0_diagonal,gamma_2,1258,79.8243206435,79.8137591139,0.00117175004667,0.0105615295536,0.00170327017592,1.79891383007e-05
e2k0_diagonal,gamma_2,1260,79.8324446706,79.8137423082,0.00115494436105,0.01870236238,0.00168609393832,3.15339398412e-05
e2k0_diagonal,gamma_2,1262,79.8397970543,79.8137247624,0.00113739853103,0.0260722919262,0.00166909091055,4.35170254713e-05
e2k0_diagonal,gamma_2,1264,79.8462236422,79.8137062572,0.00111889326995,0.0325173850212,0.00165225934592,5.37271533063e-05
e2k0_diagonal,gamma_2,1266,79.8515975426,79.8136864008,0.00109903691978,0.0379111417608,0.00163559751535,6.20073692679e-05
e2k0_diagonal,gamma_2,1268,79.8558220496,79.8136646474,0.00107728354928,0.042157402132,0.00161910370718,6.82572060772e-05
e2k0_diagonal,gamma_2,1270,79.8588336317,79.8136403212,0.00105295732119,0.0451933104853,0.00160277622705,7.24347636672e-05
e2k0_diagonal,gamma_2,1272,79.8606027384,79.8136126462,0.00102528234265,0.0469900921856,0.00158661339764,7.45551098179e-05
e2k0_diagonal,gamma_2,1274,79.8611340586,79.8135807808,0.000993416950706,0.0475532777575,0.00157061355858,7.46878228008e-05
e2k0_diagonal,gamma_2,1276,79.8604663355,79.8135438541,0.000956490234216,0.0469224814054,0.00155477506623,7.29539041346e-05
e2k0_diagonal,gamma_2,1278,79.8586704411,79.8135010075,0.000913643640899,0.045169433621,0.00153909629352,6.95201078664e-05
e2k0_diagonal,gamma_2,1280,79.8558473568,79.8134514412,0.000864077350315,0.0423959155256,0.0015235756298,6.45933836979e-05
e2k0_diagonal,gamma_2,1282,79.8521257104,79.8133944595,0.000807095591057,0.0387312509053,0.00150821148066,5.84149172757e-05
e2k0_diagonal,gamma_2,1284,79.8476576381,79.8133295137,0.000742149792245,0.0343281244692,0.00149300226776,5.12519676804e-05
e2k0_diagonal,gamma_2,1286,79.8426149612,79.8132562429,0.000668879060839,0.02935871821,0.00147794642867,4.33906127289e-05
e2k0_diagonal,gamma_2,1288,79.8371845843,79.8131745078,0.000587143911986,0.0240100765193,0.00146304241675,3.51277603771e-05
e2k0_diagonal,gamma_2,1290,79.8315632076,79.8130844175,0.000497053629545,0.0184787901104,0.00144828870092,2.67626229235e-05
e2k0_diagonal,gamma_2,1292,79.8259518357,79.8129863496,0.000398985676156,0.0129654860937,0.00143368376555,1.8588406925e-05
e2k0_diagonal,gamma_2,1294,79.8205498103,79.8128809585,0.000293594659141,0.00766885178254,0.0014192261103,1.08838346858e-05
e2k0_diagonal,gamma_2,1296,79.8155483104,79.8127691774,0.000181813524648,0.00277913295524,0.00140491424996,3.90444349136e-06
e2k0_diagonal,gamma_2,1298,79.8111252552,79.8126522069,6.48430187482e-05,-0.00152695175021,0.0013907467143,-2.1236031295e-06
e2k0_diagonal,gamma_2,1300,79.8074394742,79.8125314926,-5.58713147427e-05,-0.00509201833067,0.00137672204791,-7.01029390418e-06
e2k0_diagonal,gamma_2,1302,79.8046245096,79.8124086953,-0.000178668603994,-0.00778418571913,0.00136283881004,-1.06085904026e-05
e2k0_diagonal,gamma_2,1304,79.8027850244,79.8122856534,-0.000301710514989,-0.00950062893402,0.00134909557451,-1.28172564499e-05
e2k0_diagonal,gamma_2,1306,79.8019940144,79.812164334,-0.000423029901185,-0.0101703195874,0.00133549092948,-1.35823695589e-05
e2k0_diagonal,gamma_2,1308,79.8022896704,79.8120467794,-0.000540584443002,-0.00975710909239,0.00132202347738,-1.28991272915e-05
e2k0_diagonal,gamma_2,1310,79.8036749399,79.8119350493,-0.00065231462068,-0.00826010932205,0.00130869183471,-1.08099376236e-05
e2k0_diagonal,gamma_2,1312,79.806117402,79.8118311586,-0.000756205306345,-0.00571375662896,0.00129549463193,-7.402141041e-06
e2k0_diagonal,gamma_2,1314,79.8095502198,79.811737019,-0.000850344861078,-0.00218679918362,0.00128243051332,-2.80441799959e-06
e2k0_diagonal,gamma_2,1316,79.8138752941,79.8116543814,-0.000932982479782,0.00222091269677,0.00126949813682,2.8194445306e-06
e2k0_diagonal,gamma_2,1318,79.8189657192,79.811584782,-0.00100258192751,0.00738093729123,0.00125669617391,9.27559565376e-06
e2k0_diagonal,gamma_2,1320,79.8246696166,79.8115294964,-0.00105786744888,0.0131401201158,0.00124402330945,1.63466157131e-05
e2k0_diagonal,gamma_2,1322,79.8308155286,79.811489501,-0.00109786290952,0.0193260276403,0.0012314782416,2.37995825355e-05
e2k0_diagonal,gamma_2,1324,79.8372173637,79.8114654408,-0.0011219230451,0.0257519228511,0.0012190596816,3.13931308714e-05
e2k0_diagonal,gamma_2,1326,79.8436797815,79.8114576106,-0.00112975329782,0.0322221709332,0.00120676635372,3.88846317261e-05
e2k0_diagonal,gamma_2,1328,79.85000471,79.8114659436,-0.00112142027324,0.038538766349,0.00119459699509,4.60382944751e-05
e2k0_diagonal,gamma_2,1330,79.8559968585,79.8114900114,-0.00109735244038,0.044506847075,0.00118255035557,5.26315878338e-05
e2k0_diagonal,gamma_2,1332,79.8614690706,79.811529036,-0.0010583278723,0.049940034597,0.00117062519762,5.84610628693e-05
e2k0_diagonal,gamma_2,1334,79.8662480064,79.811581913,-0.00100545092099,0.054666093406,0.00115882029619,6.33481785525e-05
e2k0_diagonal,gamma_2,1336,79.8701787059,79.8116472472,-0.000940116640692,0.0585314587001,0.00114713443859,6.71434520158e-05
e2k0_diagonal,gamma_2,1338,79.8731289569,79.8117233964,-0.000863967468987,0.0614055604549,0.00113556642434,6.97300927201e-05
e2k0_diagonal,gamma_2,1340,79.8749930627,79.8118085175,-0.000778846344787,0.0631845451646,0.00112411506507,7.10266990992e-05
e2k0_diagonal,gamma_2,1342,79.8756939718,79.8119006207,-0.000686743219887,0.0637933511568,0.00111277918441,7.09879132712e-05
e2k0_diagonal,gamma_2,1344,79.8751859032,79.8119976281,-0.000589735802635,0.063188275164,0.00110155761784,6.96055258654e-05
e2k0_diagonal,gamma_2,1346,79.8734544128,79.8120974349,-0.000489928967184,0.0613569778826,0.00109044921259,6.6906668219e-05
e2k0_diagonal,gamma_2,1348,79.8705166586,79.8121979689,-0.000389395027511,0.0583186897804,0.0010794528275,6.29522745798e-05
e2k0_diagonal,gamma_2,1350,79.8664203867,79.8122972489,-0.000290115028079,0.0541231378671,0.00106856733294,5.7834217081e-05
e2k0_diagonal,gamma_2,1352,79.8612411374,79.8123934402,-0.000193923670167,0.0488476971937,0.00105779161065,5.16706842912e-05
e2k0_diagonal,gamma_2,1354,79.8550800477,79.812484904,-0.000102459886222,0.0425951436886,0.00104712455367,4.46024208232e-05
e2k0_diagonal,gamma_2,1356,79.8480601403,79.8125702371,-1.71268080749e-05,0.035489903215,0.00103656506617,3.67875938744e-05
e2k0_diagonal,gamma_2,1358,79.8403226294,79.8126483008,6.09368954798e-05,0.0276743286123,0.0010261120634,2.83969624356e-05
e2k0_diagonal,gamma_2,1360,79.8320230699,79.8127182432,0.000130879327656,0.0193048266507,0.00101576447155,1.96091570411e-05
e2k0_diagonal,gamma_2,1362,79.8233267804,79.8127795106,0.00019214672345,0.0105472697602,0.00100552122761,1.06055036372e-05
e2k0_diagonal,gamma_2,1364,79.8144050468,79.8128318459,0.000244482010217,0.00157320087375,0.000995381279315,1.56593469833e-06
e2k0_diagonal,gamma_2,1366,79.8054308006,79.812875281,0.000287917087547,-0.00744448032501,0.000985343585006,-7.33537093195e-06
e2k0_diagonal,gamma_2,1368,79.7965743614,79.8129101201,0.000322756259209,-0.0163357587244,0.000975407113523,-1.59340152646e-05
e2k0_diagonal,gamma_2,1370,79.7880008217,79.812936914,0.00034955010932,-0.0249360922776,0.00096557084411,-2.40775636693e-05
e2k0_diagonal,gamma_2,1372,79.7798661157,79.8129564267,0.000369062791833,-0.0330903109969,0.0009558337663,-3.16288365882e-05
e2k0_diagonal,gamma_2,1374,79.7723143628,79.8129695931,0.000382229173326,-0.040655230217,0.000946194879819,-3.84677706692e-05
e2k0_diagonal,gamma_2,1376,79.7654758649,79.81297747,0.000390106154697,-0.0475016050923,0.000936653194479,-4.44925301526e-05
e2k0_diagonal,gamma_2,1378,79.7594644181,79.8129811873,0.00039382342338,-0.0535167692379,0.000927207730077,-4.96211621261e-05
e2k0_diagonal,gamma_2,1380,79.7543756825,79.8129818978,0.000394533915369,-0.0586062152965,0.000917857516295,-5.37921552115e-05
e2k0_diagonal,gamma_2,1382,79.7502853695,79.8129807301,0.000393366233268,-0.0626953606048,0.000908601592601,-5.69651044942e-05
e2k0_diagonal,gamma_2,1384,79.7472483135,79.8129787428,0.000391378919403,-0.0657304292812,0.000899439008147,-5.91205121177e-05
e2k0_diagonal,gamma_2,1386,79.7452983665,79.8129768816,0.000389517683999,-0.0676785151005,0.000890368821676,-6.02588397428e-05
e2k0_diagonal,gamma_2,1388,79.7444475797,79.8129759421,0.000388578183518,-0.0685283623814,0.00088139010142,-6.04002202695e-05
e2k0_diagonal,gamma_2,1390,79.744685924,79.8129765396,0.000389175694949,-0.0682906155902,0.000872501925011,-5.95836935626e-05
e2k0_diagonal,gamma_2,1392,79.7459822304,79.8129790904,0.000391726527965,-0.0669968599734,0.000863703379378,-5.78654143667e-05
e2k0_diagonal,gamma_2,1394,79.7482842769,79.8129838028,0.0003964388751,-0.0646995258256,0.000854993560662,-5.53176779588e-05
e2k0_diagonal,gamma_2,1396,79.751519666,79.8129906753,0.000403311373901,-0.061471009304,0.000846371574116,-5.20273149072e-05
e2k0_diagonal,gamma_2,1398,79.7555968433,79.8129995065,0.000412142597753,-0.0574026631882,0.000837836534017,-4.8094048369e-05
e2k0_diagonal,gamma_2,1400,79.7604057207,79.8130099149,0.000422551040145,-0.0526041942698,0.000829387563573,-4.36292645192e-05
e2k0_diagonal,gamma_2,1402,79.765820073,79.8130213672,0.000434003324557,-0.047201294252,0.000821023794834,-3.87533857278e-05
e2k0_diagonal,gamma_2,1404,79.7717006405,79.8130332115,0.000445847592118,-0.0413325710255,0.000812744368603,-3.35928143409e-05
e2k0_diagonal,gamma_2,1406,79.7778970147,79.8130447131,0.000457349232704,-0.0351476983762,0.000804548434349,-2.82780256995e-05
e2k0_diagonal,gamma_2,1408,79.7842520147,79.8130550939,0.000467729996586,-0.0288030792128,0.000796435150114,-2.29397847166e-05
e2k0_diagonal,gamma_2,1410,79.79060478,79.8130635747,0.000476210832744,-0.0224587947654,0.000788403682434,-1.7706596496e-05
e2k0_diagonal,gamma_2,1412,79.7967950277,79.8130694145,0.000482050646269,-0.0162743868398,0.000780453206249,-1.27013973888e-05
e2k0_diagonal,gamma_2,1414,79.8026692118,79.8130719468,0.000484582928252,-0.0104027350239,0.000772582904818,-8.03697524279e-06
e2k0_diagonal,gamma_2,1416,79.8080830017,79.8130706149,0.000483251052458,-0.00498761323806,0.000764791969637,-3.81448655212e-06
e2k0_diagonal,gamma_2,1418,79.8129071311,79.8130650019,0.000477638013621,-0.000157870816622,0.000757079600356,-1.19520774756e-07
e2k0_diagonal,gamma_2,1420,79.817030576,79.8130548525,0.0004674886206,0.00397572344988,0.000749445004695,2.97958607956e-06
e2k0_diagonal,gamma_2,1422,79.8203647428,79.8130400873,0.000452723432147,0.00732465544679,0.000741887398363,5.43406957333e-06
e2k0_diagonal,gamma_2,1424,79.8228465755,79.8130208085,0.000433444660672,0.00982576693397,0.00073440600498,7.21610223984e-06
e2k0_diagonal,gamma_2,1426,79.8244403613,79.8129972971,0.00040993322223,0.0114430642034,0.000727000055993,8.31910831662e-06
e2k0_diagonal,gamma_2,1428,79.8251388652,79.8129700015,0.000382637643952,0.0121688636758,0.000719668790601,8.75755140454e-06
e2k0_diagonal,gamma_2,1430,79.8249627039,79.8129395184,0.00035215454821,0.0120231854259,0.000712411455674,8.56545503109e-06
e2k0_diagonal,gamma_2,1432,79.8239602597,79.8129065667,0.000319202837801,0.0110536930143,0.000705227305678,7.79536614227e-06
e2k0_diagonal,gamma_2,1434,79.8222054524,79.8128719595,0.000284595572452,0.00933349294331,0.000698115602595,6.51585705043e-06
e2k0_diagonal,gamma_2,1436,79.8197941081,79.8128365727,0.000249208776623,0.00695753546053,0.000691075615851,4.80818310319e-06
e2k0_diagonal,gamma_2,1438,79.8168415054,79.8128013111,0.000213947185813,0.00404019428308,0.000684106622239,2.76392366419e-06
e2k0_diagonal,gamma_2,1440,79.8134777636,79.812767074,0.000179710158235,0.00071068957719,0.000677207905846,4.81284600275e-07
e2k0_diagonal,gamma_2,1442,79.8098436678,79.8127347228,0.000147358921339,-0.00289105503126,0.000670378757977,-1.9381018811e-06
e2k0_diagonal,gamma_2,1444,79.8060869039,79.8127050498,0.000117685899866,-0.00661814584929,0.000663618477084,-4.39192386962e-06
e2k0_diagonal,gamma_2,1446,79.8023570044,79.812678751,9.1387085547e-05,-0.0103217465662,0.000656926368693,-6.78062749029e-06
e2k0_diagonal,gamma_2,1448,79.7988007691,79.8126564015,6.90375972852e-05,-0.0138556323636,0.000650301745336,-9.01034190879e-06
e2k0_diagonal,gamma_2,1450,79.7955583124,79.8126384382,5.10743126085e-05,-0.017080125772,0.000643743926473,-1.09952272291e-05
e2k0_diagonal,gamma_2,1452,79.792759771,79.8126251488,3.77848817266e-05,-0.0198653778085,0.000637252238432,-1.26592564758e-05
e2k0_diagonal,gamma_2,1454,79.7905207718,79.8126166652,2.93012857782e-05,-0.0220958933468,0.000630826014331,-1.3938664333e-05
e2k0_diagonal,gamma_2,1456,79.7889411275,79.8126129646,2.56007501775e-05,-0.023671837145,0.000624464594013,-1.47822241723e-05
e2k0_diagonal,gamma_2,1458,79.7881008578,79.8126138771,2.65132057677e-05,-0.0245130192484,0.00061816732398,-1.51531475115e-05
e2k0_diagonal,gamma_2,1460,79.7880583562,79.8126191004,3.17364701345e-05,-0.0245607441826,0.000611933557323,-1.50295435582e-05
e2k0_diagonal,gamma_2,1462,79.7888495549,79.8126282172,4.08532945357e-05,-0.0237786622793,0.000605762653656,-1.44042255627e-05
e2k0_diagonal,gamma_2,1464,79.7904855602,79.8126407165,5.33525784192e-05,-0.0221551563099,0.000599653979053,-1.32854276377e-05
e2k0_diagonal,gamma_2,1466,79.7929529922,79.8126560228,6.86589269208e-05,-0.0197030306516,0.000593606905978,-1.16958550635e-05
e2k0_diagonal,gamma_2,1468,79.7962146575,79.812673526,8.61621549717e-05,-0.0164588685831,0.000587620813226,-9.67157374159e-06
e2k0_diagonal,gamma_2,1470,79.8002099591,79.8126926074,0.000105243499718,-0.012482648301,0.000581695085853,-7.26109517513e-06
e2k0_diagonal,gamma_2,1472,79.804857311,79.8127126638,0.000125299915652,-0.00785535276133,0.00057582911512,-4.52334082951e-06
e2k0_diagonal,gamma_2,1474,79.810056091,79.8127331305,0.000145766618274,-0.00267703951766,0.000570022298424,-1.52597221883e-06
e2k0_diagonal,gamma_2,1476,79.8156895385,79.8127535022,0.00016613831751,0.00293603631071,0.000564274039239,1.6567290684e-06
e2k0_diagonal,gamma_2,1478,79.8216274564,79.8127733494,0.000185985502654,0.00885410696552,0.000558583747056,4.94576024563e-06
e2k0_diagonal,gamma_2,1480,79.8277300018,79.812792329,0.000204965101887,0.0149376728098,0.00055295083732,8.25979868782e-06
e2k0_diagonal,gamma_2,1482,79.8338514583,79.8128101921,0.000222828206574,0.0210412662249,0.000547374731371,1.15174574476e-05
e2k0_diagonal,gamma_2,1484,79.8398443014,79.812826786,0.000239422129255,0.0270175153878,0.000541854856384,1.46395719203e-05
e2k0_diagonal,gamma_2,1486,79.8455630457,79.8128420496,0.000254685725935,0.0327209960846,0.000536390645311,1.75512362051e-05
e2k0_diagonal,gamma_2,1488,79.8508680263,79.8128560055,0.000268641617339,0.0380120207691,0.000530981536822,2.01836812057e-05
e2k0_diagonal,gamma_2,1490,79.8556295741,79.8128687477,0.000281383812393,0.0427608264278,0.000525626975247,2.24762438543e-05
e2k0_diagonal,gamma_2,1492,79.8597322084,79.8128804226,0.000293058701402,0.0468517858085,0.000520326410521,2.43782215362e-05
e2k0_diagonal,gamma_2,1494,79.8630769361,79.8128912078,0.00030384388694,0.050185728321,0.000515079298124,2.58496297195e-05
e2k0_diagonal,gamma_2,1496,79.8655846073,79.8129012904,0.000313926511566,0.0526833168618,0.00050988509903,2.68624382353e-05
e2k0_diagonal,gamma_2,1498,79.8671980628,79.8129108473,0.000323483412217,0.0542872154524,0.000504743279646,2.74011071703e-05
e2k0_diagonal,gamma_2,1500,79.8678836513,79.8129200269,0.000332662994609,0.0549636244394,0.00049965331176,2.74627569775e-05
e2k0_diagonal,gamma_2,1502,79.8676324785,79.8129289298,0.000341565937305,0.0547035486898,0.000494614672488,2.70571778191e-05
e2k0_diagonal,gamma_2,1504,79.8664604169,79.8129375928,0.000350228907564,0.0535228240967,0.000489626844219,2.62062114562e-05
e2k0_diagonal,gamma_2,1506,79.8644076536,79.8129459773,0.000358613437371,0.0514616763191,0.000484689314561,2.49429246213e-05
e2k0_diagonal,gamma_2,1508,79.8615375866,79.8129539624,0.000366598498573,0.0485836242217,0.000479801576289,2.33104994834e-05
e2k0_diagonal,gamma_2,1510,79.8579345165,79.8129613399,0.000373976060587,0.044973176527,0.000474963127292,2.13606005675e-05
e2k0_diagonal,gamma_2,1512,79.8537012818,79.8129678145,0.000380450644855,0.0407334673003,0.000470173470526,1.91517956871e-05
e2k0_diagonal,gamma_2,1514,79.848955338,79.8129730099,0.000385646057993,0.0359823280529,0.000465432113954,1.67473310107e-05
e2k0_diagonal,gamma_2,1516,79.8438253757,79.8129764819,0.000389118047664,0.030848893725,0.000460738570507,1.42132751966e-05
e2k0_diagonal,gamma_2,1518,79.8384476767,79.8129777316,0.000390367748139,0.0254699451013,0.000456092358022,1.16166473199e-05
e2k0_diagonal,gamma_2,1520,79.8329618716,79.8129762235,0.00038885964463,0.0199856481194,0.000451492999201,9.02338021042e-06
e2k0_diagonal,gamma_2,1522,79.8275068254,79.812971411,0.000384047105157,0.0145354144519,0.00044694002156,6.4964584485e-06
e2k0_diagonal,gamma_2,1524,79.8222169218,79.8129627647,0.000375400859937,0.00925415702044,0.000442432957379,4.0943440586e-06
e2k0_diagonal,gamma_2,1526,79.8172178888,79.8129498007,0.000362436785906,0.00426808812135,0.000437971343653,1.86930028934e-06
e2k0_diagonal,gamma_2,1528,79.8126247526,79.8129321064,0.000344742515523,-0.000307353843766,0.000433554722047,-1.33254710304e-07
e2k0_diagonal,gamma_2,1530,79.8085384481,79.8129093691,0.000322005248449,-0.00437092099786,0.00042918263885,-1.87592340806e-06
e2k0_diagonal,gamma_2,1532,79.8050433709,79.8128814016,0.000294037723165,-0.0078380307139,0.000424854644923,-3.33002375585e-06
e2k0_diagonal,gamma_2,1534,79.8022066478,79.8128481637,0.000260799805062,-0.0106415158828,0.000420570295659,-4.47550548109e-06
e2k0_diagonal,gamma_2,1536,79.8000765339,79.8128097791,0.000222415206764,-0.0127332452239,0.000416329150933,-5.30122117267e-06
e2k0_diagonal,gamma_2,1538,79.7986814832,79.8127665437,0.00017917977118,-0.0140850604245,0.000412130775058,-5.80488686948e-06
e2k0_diagonal,gamma_2,1540,79.7980298347,79.812718926,0.000131562143821,-0.0146890913564,0.000407974736742,-5.9927781791e-06
e2k0_diagonal,gamma_2,1542,79.7981093406,79.8126675617,8.01977711404e-05,-0.0145582210174,0.000403860609042,-5.87949200667e-06
e2k0_diagonal,gamma_2,1544,79.7988875763,79.8126132393,2.58754168385e-05,-0.0137256629842,0.00039978796932,-5.48735493203e-06
e2k0_diagonal,gamma_2,1546,79.8003125323,79.8125568825,-3.04814149672e-05,-0.0122443502063,0.000395756399199,-4.84577994816e-06
e2k0_diagonal,gamma_2,1548,79.8023131289,79.8124995253,-8.78385658609e-05,-0.010186396469,0.000391765484523,-3.99067854823e-06
e2k0_diagonal,gamma_2,1550,79.8048015741,79.8124422817,-0.00014508219175,-0.0076407076315,0.00038781481531,-2.96317961895e-06
e2k0_diagonal,gamma_2,1552,79.8076752526,79.8123863108,-0.000201053040655,-0.0047110582191,0.000383903985716,-1.80859402725e-06
e2k0_diagonal,gamma_2,1554,79.810819202,79.8123327828,-0.000254581071928,-0.00151358081116,0.000380032593986,-5.75210041875e-07
e2k0_diagonal,gamma_2,1556,79.814109646,79.8122828412,-0.000304522675236,0.00182680480532,0.000376200242419,6.87244410613e-07
e2k0_diagonal,gamma_2,1558,79.8174174329,79.8122375646,-0.000349799269344,0.00517986823556,0.000372406537322,1.92901679339e-06
e2k0_diagonal,gamma_2,1560,79.8206120762,79.8121979319,-0.000389432030644,0.00841414438555,0.000368651088975,3.10188349053e-06
e2k0_diagonal,gamma_2,1562,79.823565219,79.8121647888,-0.000422575051175,0.0114004301563,0.000364933511585,4.16039901052e-06
e2k0_diagonal,gamma_2,1564,79.8261548699,79.8121388166,-0.000448547269855,0.0140160532897,0.000361253423253,5.06334723141e-06
e2k0_diagonal,gamma_2,1566,79.8282692501,79.8121205064,-0.000466857492526,0.0161487436675,0.000357610445927,5.77495942411e-06
e2k0_diagonal,gamma_2,1568,79.8298099245,79.8121101427,-0.000477221152266,0.0176997818001,0.000354004205371,6.2657971914e-06
e2k0_diagonal,gamma_2,1570,79.8306948564,79.8121077935,-0.000479570358834,0.0185870628264,0.000350434331121,6.51354492909e-06
e2k0_diagonal,gamma_2,1572,79.8308611177,79.8121133074,-0.000474056493303,0.0187478103364,0.00034690045645,6.50362396314e-06
e2k0_diagonal,gamma_2,1574,79.8302669247,79.8121263185,-0.00046104541326,0.0181406062051,0.000343402218328,6.22952441264e-06
e2k0_diagonal,gamma_2,1576,79.8288927258,79.8121462576,-0.000441106310689,0.0167464682148,0.000339939257386,5.69278196879e-06
e2k0_diagonal,gamma_2,1578,79.8267415776,79.812172373,-0.000414990911821,0.0145692046631,0.000336511217879,4.90270080473e-06
e2k0_diagonal,gamma_2,1580,79.8238389022,79.8122037603,-0.000383603559015,0.0116351418797,0.000333117747651,3.87587225657e-06
e2k0_diagonal,gamma_2,1582,79.8202314999,79.8122393967,-0.00034796720621,0.00799210318723,0.000329758498096,2.63546394365e-06
e2k0_diagonal,gamma_2,1584,79.8159866045,79.8122781782,-0.000309185711615,0.00370842633593,0.000326433124123,1.21055319442e-06
e2k0_diagonal,gamma_2,1586,79.8111894751,79.8123189602,-0.000268403681105,-0.00112948510807,0.000323141284121,-3.64983268216e-07
e2k0_diagonal,gamma_2,1588,79.8059408899,79.8123605988,-0.000226765055146,-0.00641970890395,0.000319882639925,-2.05355343174e-06
e2k0_diagonal,gamma_2,1590,79.8003549127,79.8124019923,-0.000185371570751,-0.0120470796511,0.000316656856779,-3.81479037567e-06
e2k0_diagonal,gamma_2,1592,79.7945550422,79.8124421203,-0.000145243622484,-0.0178870780482,0.000313463603304,-5.60694793758e-06
e2k0_diagonal,gamma_2,1594,79.788671368,79.8124800799,-0.000107283936771,-0.0238087118997,0.000310302551461,-7.38790404948e-06
e2k0_diagonal,gamma_2,1596,79.7828374788,79.8125151189,-7.22449438229e-05,-0.0296776401239,0.000307173376521,-9.11618092403e-06
e2k0_diagonal,gamma_2,1598,79.7771866545,79.8125466615,-4.07023999713e-05,-0.0353600069447,0.000304075757029,-1.07521208802e-05
e2k0_diagonal,gamma_2,1600,79.7718490881,79.8125743259,-1.3037969552e-05,-0.0407252377832,0.000301009374769,-1.22586783625e-05
e2k0_diagonal,gamma_2,1602,79.7669486982,79.812597934,1.05701545294e-05,-0.0456492358018,0.000297973914739,-1.36022814967e-05
e2k0_diagonal,gamma_2,1604,79.7625997128,79.8126175147,3.01508154337e-05,-0.0500178019226,0.00029496906511,-1.4753704272e-05
e2k0_diagonal,gamma_2,1606,79.7589041257,79.8126333027,4.5938797399e-05,-0.0537291769752,0.000291994517198,-1.56886250903e-05
e2k0_diagonal,gamma_2,1608,79.7559495914,79.8126457296,5.83656817383e-05,-0.0566961381249,0.000289049965432,-1.63880167651e-05
e2k0_diagonal,gamma_2,1610,79.7538075443,79.8126554055,6.80415724474e-05,-0.0588478611878,0.000286135107323,-1.68384390767e-05
e2k0_diagonal,gamma_2,1612,79.752531785,79.8126630939,7.57300174712e-05,-0.06013130891,0.000283249643433,-1.70321718079e-05
e2k0_diagonal,gamma_2,1614,79.7521571049,79.8126696792,8.2315327063e-05,-0.060512574362,0.000280393277342,-1.69673190457e-05
e2k0_diagonal,gamma_2,1616,79.7526984484,79.812676128,8.87640810561e-05,-0.0599776795461,0.00027756571562,-1.66477475444e-05
e2k0_diagonal,gamma_2,1618,79.754150517,79.8126834471,9.60832626049e-05,-0.0585329301051,0.000274766667795,-1.60828981613e-05
e2k0_diagonal,gamma_2,1620,79.756487465,79.8126926395,0.000105275654562,-0.0562051745377,0.000271995846327,-1.52875740164e-05
e2k0_diagonal,gamma_2,1622,79.7596633373,79.8127046591,0.000117295247406,-0.0530413218488,0.000269252966573,-1.42815332587e-05
e2k0_diagonal,gamma_2,1624,79.7636133355,79.8127203678,0.000133003910022,-0.049107032257,0.000266537746761,-1.30888777279e-05
e2k0_diagonal,gamma_2,1626,79.7682545346,79.8127404935,0.000153129651679,-0.0444859588961,0.00026384990796,-1.17376161602e-05
e2k0_diagonal,gamma_2,1628,79.773488229,79.8127655955,0.000178231580946,-0.0392773664684,0.000261189174054,-1.02588229069e-05
e2k0_diagonal,gamma_2,1630,79.7792025639,79.8127960345,0.000208670580633,-0.0335934706092,0.000258555271708,-8.685768921e-06
e2k0_diagonal,gamma_2,1632,79.785275098,79.8128319503,0.000244586441767,-0.0275568523032,0.000255947930348,-7.0531193139e-06
e2k0_diagonal,gamma_2,1634,79.7915761686,79.8128732487,0.000285884861768,-0.0212970801942,0.000253366882123,-5.39597480713e-06
e2k0_diagonal,gamma_2,1636,79.7979725307,79.8129195957,0.000332231860014,-0.0149470650629,0.000250811861887,-3.74890121816e-06
e2k0_diagonal,gamma_2,1638,79.8043305231,79.8129704225,0.000383058619107,-0.00863989944241,0.000248282607167,-2.14513675923e-06
e2k0_diagonal,gamma_2,1640,79.8105195557,79.813024941,0.000437577116003,-0.00250538534006,0.000245778858137,-6.15770748072e-07
e2k0_diagonal,gamma_2,1642,79.8164158596,79.8130821651,0.000494801191365,0.0033336944862,0.000243300357589,8.11089060586e-07
e2k0_diagonal,gamma_2,1644,79.8219052348,79.8131409393,0.00055357545375,0.00876429542018,0.000240846850912,2.11085295242e-06
e2k0_diagonal,gamma_2,1646,79.8268862445,79.8131999778,0.000612613914598,0.0136862667314,0.000238418086061,3.26305351942e-06
e2k0_diagonal,gamma_2,1648,79.8312729659,79.8132579045,0.000670540618756,0.0180150614256,0.000236013813532,4.25180334807e-06
e2k0_diagonal,gamma_2,1650,79.8349966958,79.8133132962,0.000725932288191,0.0216833996123,0.000233633786338,5.06597475211e-06
e2k0_diagonal,gamma_2,1652,79.8380078613,79.81336473,0.000777366162325,0.0246431312508,0.000231277759983,5.69940819466e-06
e2k0_diagonal,gamma_2,1654,79.8402767684,79.8134108319,0.000823467975252,0.0268659365019,0.000228945492435,6.15083506217e-06
e2k0_diagonal,gamma_2,1656,79.8417941334,79.8134503223,0.000862958386051,0.0283438111264,0.000226636744105,6.42374906921e-06
e2k0_diagonal,gamma_2,1658,79.8425713924,79.81348206,0.000894696086704,0.0290893323964,0.000224351277818,6.52622889402e-06
e2k0_diagonal,gamma_2,1660,79.8426395736,79.8135050794,0.000917715561769,0.0291344941865,0.000222088858792,6.47044656537e-06
e2k0_diagonal,gamma_2,1662,79.8420486601,79.8135186251,0.000931261205594,0.0285300349642,0.000219849254612,6.27230692093e-06
e2k0_diagonal,gamma_2,1664,79.8408656374,79.8135221787,0.000934814778574,0.0273434587143,0.000217632235206,5.95081803826e-06
e2k0_diagonal,gamma_2,1666,79.8391719397,79.8135154771,0.000928113196977,0.025656462633,0.000215437572825,5.52736603692e-06
e2k0_diagonal,gamma_2,1668,79.8370619504,79.8134985217,0.000911157793084,0.0235634287483,0.000213265042013,5.02525562198e-06
e2k0_diagonal,gamma_2,1670,79.8346394373,79.8134715767,0.000884212835828,0.0211678605718,0.00021111441959,4.46884059859e-06
e2k0_diagonal,gamma_2,1672,79.8320143497,79.8134351592,0.000847795352769,0.0185791904872,0.000208985484626,3.88278112793e-06
e2k0_diagonal,gamma_2,1674,79.8292997671,79.8133900229,0.000802659049484,0.0159097441435,0.000206878018419,3.29137634195e-06
e2k0_diagonal,gamma_2,1676,79.8266081892,79.8133371359,0.000749772011403,0.013271053283,0.000204791804471,2.71780294906e-06
e2k0_diagonal,gamma_2,1678,79.8240478583,79.8132776527,0.00069028877212,0.010770205664,0.00020272662847,2.18340748218e-06
e2k0_diagonal,gamma_2,1680,79.8217200925,79.8132128763,0.000625512389803,0.00850721619827,0.000200682278262,1.70724752834e-06
e2k0_diagonal,gamma_2,1682,79.8197165188,79.8131442121,0.000556848188211,0.00657230672601,0.000198658543836,1.30564488383e-06
e2k0_diagonal,gamma_2,1684,79.8181159339,79.8130731215,0.00048575756955,0.00504281247734,0.000196655217295,9.91695383509e-07
e2k0_diagonal,gamma_2,1686,79.816982451,79.8130010745,0.000413710601038,0.00398137648115,0.000194672092841,7.75062891975e-07
e2k0_diagonal,gamma_2,1688,79.8163641627,79.8129295015,0.000342137583388,0.00343466118612,0.000192708966752,6.6189000832e-07
e2k0_diagonal,gamma_2,1690,79.8162918232,79.8128597486,0.000272384701049,0.00343207463763,0.000190765637357,6.54721905705e-07
e2k0_diagonal,gamma_2,1692,79.8167781975,79.812793039,0.000205675081304,0.00398515849726,0.000188841905022,7.52564922438e-07
e2k0_diagonal,gamma_2,1694,79.8178180456,79.8127304432,0.000143079276427,0.00508760240082,0.000186937572125,9.51064040748e-07
e2k0_diagonal,gamma_2,1696,79.8193884554,79.8126728579,8.54940198423e-05,0.0067155974853,0.000185052443037,1.2427377211e-06
e2k0_diagonal,gamma_2,1698,79.821450403,79.812620988,3.36241235601e-05,0.00882941503731,0.0001831863241,1.61742808464e-06
e2k0_diagonal,gamma_2,1700,79.8239501171,79.8125753332,-1.20307076088e-05,0.0113747839092,0.000181339023612,2.0626922079e-06
e2k0_diagonal,gamma_2,1702,79.8268201368,79.8125361826,-5.11812959019e-05,0.0142839542389,0.000179510351802,2.56411765055e-06
e2k0_diagonal,gamma_2,1704,79.8299816634,79.8125036183,-8.37455429519e-05,0.0174780450358,0.000177700120814,3.10585071447e-06
e2k0_diagonal,gamma_2,1706,79.8333466687,79.8124775259,-0.000109837978314,0.0208691428423,0.000175908144686,3.67105219856e-06
e2k0_diagonal,gamma_2,1708,79.8368202825,79.8124576091,-0.000129754801762,0.0243626733842,0.000174134239329,4.24237559779e-06
e2k0_diagonal,gamma_2,1710,79.840304068,79.8124434101,-0.000143953789134,0.0278606579295,0.000172378222515,4.80257069199e-06
e2k0_diagonal,gamma_2,1712,79.8436985997,79.8124343348,-0.00015302909361,0.0312642648581,0.00017063991385,5.33493146196e-06
e2k0_diagonal,gamma_2,1714,79.8469060518,79.8124296814,-0.000157682437276,0.034476370356,0.00016891913476,5.82371865019e-06
e2k0_diagonal,gamma_2,1716,79.8498331969,79.8124286721,-0.000158691762181,0.0374045248235,0.000167215708472,6.25462411841e-06
e2k0_diagonal,gamma_2,1718,79.8523931679,79.8124304852,-0.000156878643693,0.0399626826772,0.000165529459996,6.61500128353e-06
e2k0_diagonal,gamma_2,1720,79.8545075468,79.8124342902,-0.000153073711147,0.0420732566727,0.000163860216106,6.89413293066e-06
e2k0_diagonal,gamma_2,1722,79.8561080491,79.8124392819,-0.000148081995917,0.0436687671871,0.000162207805323,7.08341488658e-06
e2k0_diagonal,gamma_2,1724,79.8571372969,79.8124447127,-0.000142651184234,0.0446925841938,0.000160572057898,7.17638021678e-06
e2k0_diagonal,gamma_2,1726,79.8575503287,79.8124499192,-0.000137444708059,0.0451004094972,0.000158952805793,7.168836632e-06
e2k0_diagonal,gamma_2,1728,79.857315499,79.8124543435,-0.000133020367088,0.0448611554414,0.000157349882665,7.05889754491e-06
e2k0_diagonal,gamma_2,1730,79.8564140029,79.8124575511,-0.000129812781054,0.0439564518412,0.000155763123847,6.84679425202e-06
e2k0_diagonal,gamma_2,1732,79.8548411492,79.8124592418,-0.00012812208891,0.0423819074304,0.000154192366335,6.5349665965e-06
e2k0_diagonal,gamma_2,1734,79.8526058714,79.8124592526,-0.000128111301137,0.0401466187712,0.000152637448767,6.12787746586e-06
e2k0_diagonal,gamma_2,1736,79.8497304272,79.8124575532,-0.000129810646627,0.0372728739763,0.000151098211409,5.63186459188e-06
e2k0_diagonal,gamma_2,1738,79.8462504571,79.8124542352,-0.000133128687992,0.0337962218528,0.000149574496137,5.05505285495e-06
e2k0_diagonal,gamma_2,1740,79.8422137428,79.8124494963,-0.000137867586631,0.0297642465187,0.000148066146422,4.40707728318e-06
e2k0_diagonal,gamma_2,1742,79.8376796861,79.8124436222,-0.000143741665539,0.0252360638346,0.000146573007314,3.69892576901e-06
e2k0_diagonal,gamma_2,1744,79.8327184995,79.8124369643,-0.000150399555991,0.0202815351452,0.000145094925425,2.94274782941e-06
e2k0_diagonal,gamma_2,1746,79.8274100776,79.8124299173,-0.000157446578186,0.0149801602703,0.000143631748914,2.15162661865e-06
e2k0_diagonal,gamma_2,1748,79.8218423259,79.812422893,-0.000164470866196,0.00941943286796,0.000142183327472,1.33928630806e-06
e2k0_diagonal,gamma_2,1750,79.816108769,79.8124162935,-0.000171070427598,0.0036924755623,0.000140749512303,5.19714134584e-07
e2k0_diagonal,gamma_2,1752,79.8103071627,79.8124104887,-0.000176875136617,-0.00210332605454,0.000139330156114,-2.93056747538e-07
e2k0_diagonal,gamma_2,1754,79.8045370108,79.8124057963,-0.000181567588925,-0.00786878545873,0.000137925113098,-1.08530312434e-06
e2k0_diagonal,gamma_2,1756,79.7988962853,79.8124024635,-0.000184900399304,-0.013506178213,0.000136534238916,-1.84405576297e-06
e2k0_diagonal,gamma_2,1758,79.7934806747,79.812400658,-0.000186705880139,-0.0189199832988,0.000135157390685,-2.55717557448e-06
e2k0_diagonal,gamma_2,1760,79.7883805689,79.8124004624,-0.000186901499177,-0.0240198934999,0.000133794426965,-3.21372788659e-06
e2k0_diagonal,gamma_2,1762,79.7836791043,79.8124018726,-0.000185491271168,-0.0287227683284,0.00013244520774,-3.80419301814e-06
e2k0_diagonal,gamma_2,1764,79.7794517057,79.8124048008,-0.000182563072656,-0.032953095149,0.000131109594407,-4.32046693945e-06
e2k0_diagonal,gamma_2,1766,79.7757632276,79.8124090805,-0.000178283383264,-0.0366458529108,0.000129787449761,-4.7561717936e-06
e2k0_diagonal,gamma_2,1768,79.7726671649,79.8124144773,-0.000172886561586,-0.039747312445,0.000128478637979,-5.10668056627e-06
e2k0_diagonal,gamma_2,1770,79.7702054681,79.8124207048,-0.00016665903857,-0.042215236788,0.000127183024609,-5.3690614993e-06
e2k0_diagonal,gamma_2,1772,79.768406753,79.8124274417,-0.000159922137058,-0.044020688726,0.000125900476556,-5.54222568891e-06
e2k0_diagonal,gamma_2,1774,79.7672870574,79.8124343507,-0.000153013159803,-0.045147293332,0.000124630862064,-5.62674608782e-06
e2k0_diagonal,gamma_2,1776,79.7668496744,79.8124410985,-0.000146265351276,-0.0455914241048,0.000123374050709,-5.62479866938e-06
e2k0_diagonal,gamma_2,1778,79.7670843301,79.812447376,-0.000139987853743,-0.0453630459325,0.000122129913379,-5.54018487034e-06
e2k0_diagonal,gamma_2,1780,79.7679674164,79.8124529197,-0.000134444150291,-0.0444855032998,0.000120898322267,-5.37822271416e-06
e2k0_diagonal,gamma_2,1782,79.7694623668,79.8124575313,-0.000129832587206,-0.042995164487,0.000119679150853,-5.14562477661e-06
e2k0_diagonal,gamma_2,1784,79.7715200917,79.8124610905,-0.000126273370967,-0.0409409988494,0.000118472273894,-4.85037322919e-06
e2k0_diagonal,gamma_2,1786,79.7740787824,79.8124635669,-0.000123796991758,-0.0383847845384,0.000117277567409,-4.50167415619e-06
e2k0_diagonal,gamma_2,1788,79.7770651576,79.8124650307,-0.00012233322829,-0.0353998730677,0.000116094908668,-4.10974503065e-06
e2k0_diagonal,gamma_2,1790,79.7803951694,79.8124656571,-0.00012170674556,-0.0320704877845,0.000114924176178,-3.68567438825e-06
e2k0_diagonal,gamma_2,1792,79.7839754358,79.8124657236,-0.000121640250455,-0.0284902878311,0.000113765249671,-3.24120470829e-06
e2k0_diagonal,gamma_2,1794,79.7877048518,79.8124656038,-0.000121760096647,-0.0247607520325,0.000112618010092,-2.78850662228e-06
e2k0_diagonal,gamma_2,1796,79.7914769776,79.8124657566,-0.000121607299207,-0.0209887790121,0.000111482339588,-2.33987818937e-06
e2k0_diagonal,gamma_2,1798,79.7951827734,79.812466706,-0.000120657909534,-0.0172839325629,0.000110358121493,-1.90742232966e-06
e2k0_diagonal,gamma_2,1800,79.7987130832,79.8124690156,-0.000118348262703,-0.0137559324174,0.000109245240318,-1.50277014273e-06
e2k0_diagonal,gamma_2,1802,79.8019617415,79.8124732627,-0.000114101190292,-0.0105115211899,0.000108143581737,-1.13675355098e-06
e2k0_diagonal,gamma_2,1804,79.8048283284,79.8124800136,-0.000107350293746,-0.00765168516787,0.000107053032581,-8.19136101572e-07
e2k0_diagonal,gamma_2,1806,79.8072218341,79.8124898005,-9.75634095965e-05,-0.00526796636147,0.000105973480817,-5.5826473215e-07
e2k0_diagonal,gamma_2,1808,79.8090642124,79.8125030976,-8.42663319958e-05,-0.00343888512022,0.000104904815545,-3.60755609216e-07
e2k0_diagonal,gamma_2,1810,79.8102939457,79.8125202987,-6.70651804171e-05,-0.00222635298397,0.000103846926983,-2.31199915764e-07
e2k0_diagonal,gamma_2,1812,79.8108692934,79.8125416947,-4.56691400359e-05,-0.00167240134775,0.000102799706456,-1.71922367625e-07
e2k0_diagonal,gamma_2,1814,79.8107708943,79.8125674512,-1.99126780984e-05,-0.00179655691048,0.000101763046384,-1.82823104212e-07
e2k0_diagonal,gamma_2,1816,79.810003777,79.8125975929,1.02290170219e-05,-0.00259381585927,0.000100736840273,-2.61292813913e-07
e2k0_diagonal,gamma_2,1818,79.8085975223,79.812631998,4.46341339e-05,-0.00403447568902,9.97209827023e-05,-4.02321880398e-07
e2k0_diagonal,gamma_2,1820,79.8066070526,79.8126703997,8.3035844284e-05,-0.00606334714688,9.87153693144e-05,-5.98545552885e-07
e2k0_diagonal,gamma_2,1822,79.8041115567,79.8127123924,0.000125028547956,-0.00860083574615,9.77198968041e-05,-8.40472781543e-07
e2k0_diagonal,gamma_2,1824,79.8012118851,79.8127574426,0.000170078746407,-0.0115455575706,9.67344629081e-05,-1.11685331057e-06
e2k0_diagonal,gamma_2,1826,79.798028629,79.8128049081,0.000217544176849,-0.0147762791106,9.57589663944e-05,-1.41496121479e-06
e2k0_diagonal,gamma_2,1828,79.7946971285,79.81285406,0.00026669607152,-0.0181569314977,9.47933070515e-05,-1.72115558258e-06
e2k0_diagonal,gamma_2,1830,79.7913628878,79.812904105,0.000316741138434,-0.021541217251,9.3837385679e-05,-2.02137151118e-06
e2k0_diagonal,gamma_2,1832,79.7881773621,79.8129542116,0.000366847749774,-0.0247768495397,9.28911040763e-05,-2.30154890928e-06
e2k0_diagonal,gamma_2,1834,79.7852909117,79.8130035391,0.000416175250919,-0.0277126274811,9.19543650335e-05,-2.54829706343e-06
e2k0_diagonal,gamma_2,1836,79.7828477022,79.8130512691,0.000463905230333,-0.0302035669021,9.10270723209e-05,-2.74934226875e-06
e2k0_diagonal,gamma_2,1838,79.7809808909,79.8130966376,0.00050927373681,-0.0321157467041,9.0109130679e-05,-2.89392201661e-06
e2k0_diagonal,gamma_2,1840,79.7798076292,79.8131389643,0.000551600372376,-0.0333313350881,8.92004458092e-05,-2.97316994928e-06
e2k0_diagonal,gamma_2,1842,79.7794246375,79.8131776794,0.000590315498442,-0.033753041926,8.83009243636e-05,-2.98042480215e-06
e2k0_diagonal,gamma_2,1844,79.7799049916,79.813212347,0.000624983094582,-0.0333073553639,8.74104739358e-05,-2.91141171791e-06
e2k0_diagonal,gamma_2,1846,79.7812949537,79.8132426793,0.000655315377514,-0.031947725526,8.65290030512e-05,-2.76440483952e-06
e2k0_diagonal,gamma_2,1848,79.7836127772,79.8132685463,0.000681182457129,-0.0296557691434,8.56564211576e-05,-2.5402070515e-06
e2k0_diagonal,gamma_2,1850,79.7868476326,79.8132899787,0.000702614849473,-0.0264423461307,8.47926386161e-05,-2.24211629962e-06
e2k0_diagonal,gamma_2,1852,79.790959274,79.8133071607,0.000719796835753,-0.0223478866927,8.39375666916e-05,-1.87582722969e-06
e2k0_diagonal,gamma_2,1854,79.7958791137,79.8133204198,0.000733055907091,-0.0174413061385,8.30911175439e-05,-1.44921761847e-06
e2k0_diagonal,gamma_2,1856,79.8015122978,79.8133302106,0.000742846751862,-0.0118179128061,8.22532042186e-05,-9.72061195476e-07
e2k0_diagonal,gamma_2,1858,79.8077403054,79.8133370911,0.000749727236467,-0.00559678576833,8.14237406381e-05,-4.55711232808e-07
e2k0_diagonal,gamma_2,1860,79.8144246748,79.8133416917,0.000754327792905,0.00108298314619,8.06026415929e-05,8.72913023835e-08
e2k0_diagonal,gamma_2,1862,79.8214108808,79.813344681,0.000757317118854,0.00806619979309,7.97898227328e-05,6.43600651618e-07
e2k0_diagonal,gamma_2,1864,79.8285326696,79.8133467292,0.000759365333039,0.0151859403381,7.89852005581e-05,1.19946454327e-06
e2k0_diagonal,gamma_2,1866,79.8356172415,79.8133484697,0.00076110582151,0.0222687717487,7.81886924113e-05,1.74116614464e-06
e2k0_diagonal,gamma_2,1868,79.8424905328,79.813350461,0.000763097160188,0.0291400717447,7.74002164682e-05,2.25544786094e-06
e2k0_diagonal,gamma_2,1870,79.8489815775,79.81335315,0.000765786134849,0.0356284274906,7.66196917301e-05,2.72983913116e-06
e2k0_diagonal,gamma_2,1872,79.8549281862,79.8133568406,0.000769476688049,0.0415713455921,7.58470380148e-05,3.15306342945e-06
e2k0_diagonal,gamma_2,1874,79.86018145,79.81336167,0.000774306137743,0.0468197799949,7.50821759486e-05,3.51533095945e-06
e2k0_diagonal,gamma_2,1876,79.8646103762,79.8133675878,0.000780223938591,0.0512427883722,7.43250269587e-05,3.8086216272e-06
e2k0_diagonal,gamma_2,1878,79.8681058799,79.8133743436,0.000786979732979,0.0547315362641,7.35755132641e-05,4.02690087237e-06
e2k0_diagonal,gamma_2,1880,79.870584241,79.8133814871,0.000794123213595,0.0572027538582,7.28335578686e-05,4.16628008338e-06
e2k0_diagonal,gamma_2,1882,79.8719898494,79.8133883748,0.000801010888864,0.0586014746478,7.20990845522e-05,4.22511267551e-06
e2k0_diagonal,gamma_2,1884,79.8722970628,79.8133941847,0.000806820829581,0.0589028781322,7.13720178635e-05,4.20401727026e-06
e2k0_diagonal,gamma_2,1886,79.8715116664,79.813397942,0.000810578083133,0.0581137244279,7.06522831122e-05,4.10586731098e-06
e2k0_diagonal,gamma_2,1888,79.8696700074,79.8133985537,0.000811189837748,0.0562714536331,6.99398063609e-05,3.93561457074e-06
e2k0_diagonal,gamma_2,1890,79.8668390279,79.8133948511,0.000807487184801,0.0534441767868,6.92345144181e-05,3.70018162831e-06
e2k0_diagonal,gamma_2,1892,79.8631137235,79.8133856366,0.000798272730265,0.0497280868383,6.85363348302e-05,3.40818081002e-06
e2k0_diagonal,gamma_2,1894,79.8586150305,79.8133697356,0.000782371683513,0.0452452949161,6.78451958743e-05,3.06967589598e-06
e2k0_diagonal,gamma_2,1896,79.8534866572,79.8133460471,0.000758683195059,0.0401406101598,6.71610265508e-05,2.69588458471e-06
e2k0_diagonal,gamma_2,1898,79.8478903103,79.8133135965,0.000726232598282,0.0345767138534,6.64837565759e-05,2.29878982703e-06
e2k0_diagonal,gamma_2,1900,79.8420005658,79.8132715838,0.000684219898318,0.0287289819788,6.58133163749e-05,1.8907495801e-06
e2k0_diagonal,gamma_2,1902,79.8359997687,79.8132194267,0.000632062818838,0.0227803419728,6.51496370743e-05,1.48413101195e-06
e2k0_diagonal,gamma_2,1904,79.8300711613,79.8131568005,0.000569436631622,0.0169143607349,6.44926504955e-05,1.09085195523e-06
e2k0_diagonal,gamma_2,1906,79.8243929449,79.8130836691,0.000496305211044,0.0113092758207,6.38422891472e-05,7.22010056989e-07
e2k0_diagonal,gamma_2,1908,79.819132686,79.8130003058,0.000412941945257,0.00613238019997,6.31984862188e-05,3.87557145556e-07
e2k0_diagonal,gamma_2,1910,79.8144411904,79.8129073047,0.000319940837528,0.00153388570385,6.25611755735e-05,9.59616928282e-08
e2k0_diagonal,gamma_2,1912,79.8104479377,79.8128055799,0.000218216021921,-0.00235764224193,6.19302917412e-05,-1.46009471864e-07
e2k0_diagonal,gamma_2,1914,79.8072567923,79.8126963511,0.000108987199994,-0.00543955877932,6.13057699124e-05,-3.33476338949e-07
e2k0_diagonal,gamma_2,1916,79.8049427167,79.8125811185,-6.24536725979e-06,-0.00763840177972,6.06875459307e-05,-4.63555858843e-07
e2k0_diagonal,gamma_2,1918,79.8035498177,79.8124616308,-0.000125733037294,-0.00891181314893,6.0075556287e-05,-5.35382132448e-07
e2k0_diagonal,gamma_2,1920,79.8030895472,79.8123398415,-0.000247522387355,-0.00925029430752,5.94697381126e-05,-5.50112579933e-07
e2k0_diagonal,gamma_2,1922,79.8035411165,79.8122178546,-0.000369509293179,-0.00867673810966,5.88700291727e-05,-5.10799825639e-07
e2k0_diagonal,gamma_2,1924,79.8048526447,79.8120978638,-0.000489500067914,-0.00724521907338,5.82763678601e-05,-4.22225051947e-07
e2k0_diagonal,gamma_2,1926,79.8069428205,79.8119820867,-0.000605277190601,-0.00503926620596,5.76886931889e-05,-2.90708682053e-07
e2k0_diagonal,gamma_2,1928,79.8097038486,79.8118726977,-0.000714666204928,-0.00216884903703,5.71069447882e-05,-1.23856342212e-07
e2k0_diagonal,gamma_2,1930,79.8130052654,79.8117717607,-0.000815603213596,0.00123350475556,5.65310628959e-05,6.9731334919e-08
e2k0_diagonal,gamma_2,1932,79.8166983895,79.8116811637,-0.000906200216974,0.00501722581149,5.59609883524e-05,2.80768915198e-07
e2k0_diagonal,gamma_2,1934,79.8206217841,79.8116025603,-0.000984803551944,0.00901922376738,5.53966625951e-05,4.99634895911e-07
e2k0_diagonal,gamma_2,1936,79.8246060976,79.8115373188,-0.00105004503624,0.013068778774,5.48380276514e-05,7.16666051779e-07
e2k0_diagonal,gamma_2,1938,79.8284799467,79.8114864801,-0.00110088379091,0.0169934665688,5.42850261338e-05,9.22490776791e-07
e2k0_diagonal,gamma_2,1940,79.8320760118,79.8114507283,-0.00113663562718,0.0206252835778,5.37376012332e-05,1.10835326423e-06
e2k0_diagonal,gamma_2,1942,79.8352359821,79.8114303707,-0.001156993181,0.0238056113551,5.31956967134e-05,1.26635608173e-06
e2k0_diagonal,gamma_2,1944,79.8378160255,79.8114253296,-0.00116203424781,0.0263906958562,5.26592569056e-05,1.38971443301e-06
e2k0_diagonal,gamma_2,1946,79.8396911658,79.81143515,-0.00115221384732,0.0282560157334,5.21282267021e-05,1.47293599385e-06
e2k0_diagonal,gamma_2,1948,79.840759212,79.8114590194,-0.00112834451126,0.0293001926549,5.16025515508e-05,1.51196470193e-06
e2k0_diagonal,gamma_2,1950,79.8409431427,79.8114957982,-0.0010915656482,0.0294473444633,5.10821774502e-05,1.50423447531e-06
e2k0_diagonal,gamma_2,1952,79.8401931887,79.8115440631,-0.00104330079498,0.0286491256553,5.05670509428e-05,1.44870179648e-06
e2k0_diagonal,gamma_2,1954,79.8384875395,79.8116021591,-0.000985204832901,0.0268853804963,5.00571191106e-05,1.34580469384e-06
e2k0_diagonal,gamma_2,1956,79.8358320965,79.8116682626,-0.000919101255022,0.0241638339115,4.95523295691e-05,1.19737426164e-06
e2k0_diagonal,gamma_2,1958,79.8322601674,79.8117404506,-0.00084691332134,0.0205197168025,4.9052630462e-05,1.0065460855e-06
e2k0_diagonal,gamma_2,1960,79.8278308847,79.811816767,-0.000770596911948,0.0160141177278,4.85579704559e-05,7.77613055504e-07
e2k0_diagonal,gamma_2,1962,79.8226272924,79.8118952907,-0.000692073143313,0.0107320016456,4.80682987353e-05,5.1586906113e-07
e2k0_diagonal,gamma_2,1964,79.8167535049,79.811974204,-0.000613159870753,0.00477930085258,4.75835649969e-05,2.27416172758e-07
e2k0_diagonal,gamma_2,1966,79.8103315094,79.8120518547,-0.000535509145038,-0.00172034533298,4.71037194447e-05,-8.10346639129e-08
e2k0_diagonal,gamma_2,1968,79.8034983175,79.812126814,-0.00046054988249,-0.0086284964799,4.6628712785e-05,-4.02335684128e-07
e2k0_diagonal,gamma_2,1970,79.7964018008,79.8121979244,-0.000389439456939,-0.0157961236161,4.61584962211e-05,-7.2912531224e-07
e2k0_diagonal,gamma_2,1972,79.7891971592,79.8122643352,-0.000323028716451,-0.0230671760099,4.56930214483e-05,-1.05400896817e-06
e2k0_diagonal,gamma_2,1974,79.7820434779,79.8123255236,-0.000261840304233,-0.0302820457141,4.52322406491e-05,-1.36972477909e-06
e2k0_diagonal,gamma_2,1976,79.7750997859,79.8123813042,-0.000206059656804,-0.037281518359,4.47761064882e-05,-1.66932123609e-06
e2k0_diagonal,gamma_2,1978,79.7685216693,79.8124318247,-0.000155539165689,-0.0439101554246,4.43245721078e-05,-1.94629885038e-06
e2k0_diagonal,gamma_2,1980,79.7624576016,79.8124775463,-0.000109817577041,-0.05001994472,4.38775911222e-05,-2.19475468238e-06
e2k0_diagonal,gamma_2,1982,79.7570451672,79.8125192122,-6.81516499412e-05,-0.0554740450048,4.3435117614e-05,-2.40952166931e-06
e2k0_diagonal,gamma_2,1984,79.7524078408,79.812557809,-2.955492468e-05,-0.0601499681787,4.29971061284e-05,-2.5862745654e-06
e2k0_diagonal,gamma_2,1986,79.7486524138,79.8125945152,7.15135550422e-06,-0.0639421014427,4.25635116692e-05,-2.72160038091e-06
e2k0_diagonal,gamma_2,1988,79.745866064,79.8126306409,4.32769876966e-05,-0.0667645769189,4.21342896939e-05,-2.81307802519e-06
e2k0_diagonal,gamma_2,1990,79.7441141252,79.8126675611,8.01971735314e-05,-0.0685534358668,4.17093961092e-05,-2.85932241121e-06
e2k0_diagonal,gamma_2,1992,79.7434390674,79.8127066466,0.000119282749182,-0.0692675791916,4.12887872665e-05,-2.8599743417e-06
e2k0_diagonal,gamma_2,1994,79.7438587872,79.8127491947,0.00016183083855,-0.0688904075444,4.08724199572e-05,-2.81571766818e-06
e2k0_diagonal,gamma_2,1996,79.7453661977,79.8127963625,0.000208998659019,-0.067430164894,4.04602514086e-05,-2.72824142413e-06
e2k0_diagonal,gamma_2,1998,79.7479298517,79.8128491029,0.000261739044589,-0.064919251265,4.00522392792e-05,-2.60016138549e-06
e2k0_diagonal,gamma_2,2000,79.7514938878,79.8129081085,0.000320744614555,-0.0614142206813,3.96483416546e-05,-2.43497200402e-06
e2k0_diagonal,cosine_6,0,79.8125873639,79.8125873639,0,0,1,0
e2k0_diagonal,cosine_6,2,79.7894723826,79.8125825284,-4.83552952346e-06,-0.0231101457154,0.999992597821,-0.0231099746499
e2k0_diagonal,cosine_6,4,79.7670284506,79.8125681414,-1.92225085414e-05,-0.0455396907861,0.999970391576,-0.0455383424277
e2k0_diagonal,cosine_6,6,79.7458896355,79.8125445731,-4.27907549465e-05,-0.0666549376742,0.999933382143,-0.0666504972651
e2k0_diagonal,cosine_6,8,79.7266470519,79.8125124793,-7.48845665441e-05,-0.0858654274213,0.999881570981,-0.085855258463
e2k0_diagonal,cosine_6,10,79.7098147192,79.8124727933,-0.000114570609668,-0.102658074039,0.999814960137,-0.102639078203
e2k0_diagonal,cosine_6,12,79.6958143583,79.8124267006,-0.000160663310652,-0.11661234227,0.99973355224,-0.116581271172
e2k0_diagonal,cosine_6,14,79.684970303,79.8123756063,-0.00021175761195,-0.127405303301,0.999637350503,-0.127359099832
e2k0_diagonal,cosine_6,16,79.6774951587,79.8123210945,-0.000266269394132,-0.134825935785,0.999526358723,-0.134762076656
e2k0_diagonal,cosine_6,18,79.6734908405,79.8122648901,-0.000322473828604,-0.13877404955,0.999400581283,-0.138690865787
e2k0_diagonal,cosine_6,20,79.6729534956,79.8122088163,-0.000378547569198,-0.13925532069,0.999260023146,-0.139152274976
e2k0_diagonal,cosine_6,22,79.6757729549,79.812154751,-0.000432612929018,-0.136381796052,0.999104689859,-0.136259692047
e2k0_diagonal,cosine_6,24,79.6817440441,79.8121045838,-0.000482780128678,-0.130360539672,0.998934587553,-0.13022165193
e2k0_diagonal,cosine_6,26,79.6905787294,79.8120601696,-0.000527194283251,-0.121481440209,0.99874972294,-0.121329554751
e2k0_diagonal,cosine_6,28,79.7019155692,79.8120232806,-0.000564083332705,-0.110107711388,0.998550103316,-0.109948066582
e2k0_diagonal,cosine_6,30,79.7153364929,79.8119955617,-0.000591802222445,-0.0966590687333,0.998335736555,-0.0964982025786
e2k0_diagonal,cosine_6,32,79.7303824631,79.8119784845,-0.000608879350523,-0.0815960214278,0.998106631116,-0.0814415300598
e2k0_diagonal,cosine_6,34,79.7465669361,79.8119733029,-0.000614061008037,-0.0654063667292,0.997862796037,-0.065266579983
e2k0_diagonal,cosine_6,36,79.7633921696,79.8119810163,-0.00060634761951,-0.0485888466671,0.997604240934,-0.0484724394972
e2k0_diagonal,cosine_6,38,79.7803643566,79.8120023383,-0.000585025615919,-0.0316379816818,0.997330976008,-0.0315535391496
e2k0_diagonal,cosine_6,40,79.7970076476,79.8120376679,-0.000549695982244,-0.0150300202977,0.997043012032,-0.0149855767085
e2k0_diagonal,cosine_6,42,79.8128761552,79.8120870681,-0.000500295828076,0.000789087181076,0.996740360364,0.000786515041224
e2k0_diagonal,cosine_6,44,79.8275633997,79.8121502556,-0.00043710833431,0.0154131441725,0.996423032935,0.0153580118634
e2k0_diagonal,cosine_6,46,79.8407129332,79.8122266015,-0.000360762365531,0.028486331699,0.996091042255,0.028374979832
e2k0_diagonal,cosine_6,48,79.8520261769,79.812315135,-0.000272228915151,0.0397110419144,0.99574440141,0.0395420476604
e2k0_diagonal,cosine_6,50,79.8612662407,79.8124145535,-0.000172810433341,0.0488516872594,0.995383124061,0.0486261450799
e2k0_diagonal,cosine_6,52,79.8682614422,79.8125232472,-6.41167079323e-05,0.0557381950127,0.995007224445,0.0554599067152
e2k0_diagonal,cosine_6,54,79.8729062172,79.8126393327,5.19688214951e-05,0.0602668844441,0.994616717372,0.059942450772
e2k0_diagonal,cosine_6,56,79.8751598419,79.8127606952,0.000173331348009,0.0623991466323,0.994211618224,0.0620379565491
e2k0_diagonal,cosine_6,58,79.8750463342,79.812885042,0.000297678117178,0.0621612922447,0.993791942957,0.0617753913965
e2k0_diagonal,cosine_6,60,79.8726507659,79.8130099596,0.000422595734648,0.0596408062698,0.993357708097,0.0592446546252
e2k0_diagonal,cosine_6,62,79.8681148394,79.8131329746,0.000545610687112,0.054981864801,0.992908930741,0.0545919845897
e2k0_diagonal,cosine_6,64,79.8616326682,79.8132516193,0.000664255429058,0.0483810489263,0.992445628555,0.0480155605118
e2k0_diagonal,cosine_6,66,79.8534440586,79.8133634987,0.000776134838276,0.040080559915,0.991967819774,0.0397586256342
e2k0_diagonal,cosine_6,68,79.8438273245,79.8134663562,0.000878992359375,0.0303609682698,0.991475523199,0.0301021569001
e2k0_diagonal,cosine_6,70,79.8330930267,79.8135581397,0.000970775823717,0.01953488697,0.990968758196,0.0193584626822
e2k0_diagonal,cosine_6,72,79.821574857,79.813637061,0.00104969706823,0.00793779604544,0.9904475447,0.00786197060354
e2k0_diagonal,cosine_6,74,79.8096220241,79.8137016496,0.00111428574428,-0.00407962553373,0.989911903207,-0.00403846987647
e2k0_diagonal,cosine_6,76,79.7975913231,79.8137508015,0.00116343757253,-0.0161594783362,0.989361854774,-0.0159875714589
e2k0_diagonal,cosine_6,78,79.7858371557,79.8137838136,0.00119644966931,-0.0279466578556,0.988797421024,-0.0276335832139
e2k0_diagonal,cosine_6,80,79.774704847,79.8138004083,0.00121304439301,-0.0390955612993,0.988218624137,-0.038634961797
e2k0_diagonal,cosine_6,82,79.7645211935,79.8138007416,0.00121337768336,-0.0492795480291,0.987625486852,-0.0486697376141
e2k0_diagonal,cosine_6,84,79.7555861923,79.8137853978,0.00119803393498,-0.0581992055058,0.987018032466,-0.0574436653094
e2k0_diagonal,cosine_6,86,79.748165895,79.8137553737,0.00116800986009,-0.0655894787774,0.986396284833,-0.0646972181902
e2k0_diagonal,cosine_6,88,79.7424852621,79.8137120474,0.00112468349462,-0.071226785311,0.985760268362,-0.0702125350027
e2k0_diagonal,cosine_6,90,79.7387216777,79.8136571351,0.0010697711694,-0.0749354573357,0.985110008014,-0.0738196689765
e2k0_diagonal,cosine_6,92,79.7370014215,79.8135926373,0.00100527339443,-0.0765912157439,0.984445529303,-0.075399879923
e2k0_diagonal,cosine_6,94,79.7373955027,79.8135207718,0.000933407951791,-0.0761252691608,0.983766858293,-0.074889516879
e2k0_diagonal,cosine_6,96,79.7399176805,79.8134439021,0.000856538179164,-0.0735262215853,0.983074021597,-0.0722817183468
e2k0_diagonal,cosine_6,98,79.7445246054,79.8133644623,0.000777098391836,-0.068839856911,0.982367046378,-0.0676260069067
e2k0_diagonal,cosine_6,100,79.7511166552,79.8132848744,0.00069751050151,-0.0621682192185,0.98164596034,-0.0610271812574
e2k0_diagonal,cosine_6,102,79.7595404568,79.8132074656,0.000620101713167,-0.0536670088085,0.980910791736,-0.0526425481005
e2k0_diagonal,cosine_6,104,79.7695932222,79.8131343949,0.000547030981522,-0.0435411726308,0.98016156936,-0.0426773840976
e2k0_diagonal,cosine_6,106,79.7810282274,79.8130675833,0.000480219410463,-0.032039355861,0.979398322546,-0.0313792913858
e2k0_diagonal,cosine_6,108,79.79356078,79.8130086515,0.000421287655087,-0.0194478715363,0.978621081169,-0.0190320970693
e2k0_diagonal,cosine_6,110,79.8068775248,79.8129588675,0.000371503594693,-0.0060813426702,0.97782987564,-0.00594651854693
e2k0_diagonal,cosine_6,112,79.8206444024,79.8129191049,0.000331740993758,0.00772529750567,0.977024736908,0.00754780676302
e2k0_diagonal,cosine_6,114,79.8345161544,79.8128898159,0.000302452027654,0.0216263384505,0.976205696454,0.0211117547889
e2k0_diagonal,cosine_6,116,79.8481457431,79.8128710183,0.000283654444885,0.0352747247275,0.975372786293,0.0344060065432
e2k0_diagonal,cosine_6,118,79.8611933167,79.8128622992,0.000274935275399,0.0483310175401,0.974526038969,0.0470998350827
e2k0_diagonal,cosine_6,120,79.8733357421,79.8128628348,0.000275470934696,0.0604729073203,0.973665487555,0.0588803827899
e2k0_diagonal,cosine_6,122,79.8842754837,79.8128714264,0.000284062561605,0.0714040572132,0.972791165652,0.0694612360487
e2k0_diagonal,cosine_6,124,79.8937478805,79.8128865492,0.000299185301401,0.0808613312638,0.971903107383,0.0785893791224
e2k0_diagonal,cosine_6,126,79.9015285906,79.8129064113,0.000319047413711,0.0886221792869,0.971001347397,0.0860522554969
e2k0_diagonal,cosine_6,128,79.9074386305,79.8129290214,0.000341657499192,0.0945096091101,0.970085920862,0.0916824411839
e2k0_diagonal,cosine_6,130,79.9113483255,79.812952266,0.000364902070871,0.0983960595107,0.969156863464,0.0953612164126
e2k0_diagonal,cosine_6,132,79.9131805435,79.8129739915,0.000386627658017,0.100206551936,0.968214211408,0.0970214076611
e2k0_diagonal,cosine_6,134,79.9129119336,79.8129920847,0.000404720852629,0.09991984885,0.96725800141,0.0966482732999
e2k0_diagonal,cosine_6,136,79.9105719777,79.8130045528,0.000417188933739,0.0975674248699,0.966288270703,0.0942782582545
e2k0_diagonal,cosine_6,138,79.9062420117,79.8130096011,0.000422237175513,0.0932324106561,0.965305057028,0.0899977174852
e2k0_diagonal,cosine_6,140,79.9000529802,79.8130056986,0.000418334750123,0.0870472815887,0.964308398633,0.0839404247141
e2k0_diagonal,cosine_6,142,79.8921811543,79.8129916322,0.000404268298283,0.0791895221285,0.963298334274,0.0762831347583
e2k0_diagonal,cosine_6,144,79.8828428489,79.812966548,0.000379184119879,0.0698763009194,0.962274903211,0.067240210704
e2k0_diagonal,cosine_6,146,79.872288095,79.8129299831,0.000342619249764,0.0593581118352,0.961238145205,0.0570572813233
e2k0_diagonal,cosine_6,148,79.8607938596,79.8128818824,0.000294518486442,0.0479119772093,0.960188100514,0.0460045103884
e2k0_diagonal,cosine_6,150,79.8486575904,79.8128225981,0.000235234172862,0.0358349923186,0.959124809897,0.0343702301952
e2k0_diagonal,cosine_6,152,79.8361886394,79.8127528757,0.000165511816562,0.0234357637187,0.958048314604,0.0224525939322
e2k0_diagonal,cosine_6,154,79.8237000093,79.8126738288,8.64649591392e-05,0.011026180469,0.956958656381,0.0105515988467
e2k0_diagonal,cosine_6,156,79.8115013057,79.8125869012,-4.62685576963e-07,-0.0010855954563,0.955855877459,-0.00103767279745
e2k0_diagonal,cosine_6,158,79.7998902664,79.8124938163,-9.35475364798e-05,-0.0126035499327,0.954740020562,-0.0120331135219
e2k0_diagonal,cosine_6,160,79.7891462202,79.8123965191,-0.000190844789927,-0.023250298887,0.953611128894,-0.0221717437687
e2k0_diagonal,cosine_6,162,79.7795234506,79.8122971097,-0.000290254144048,-0.0327736591685,0.952469246145,-0.0312159024417
e2k0_diagonal,cosine_6,164,79.7712445179,79.8121977742,-0.000389589652514,-0.0409532563676,0.951314416484,-0.0389594231844
e2k0_diagonal,cosine_6,166,79.7644957122,79.8121007137,-0.000486650164049,-0.047605001556,0.950146684556,-0.0452317343967
e2k0_diagonal,cosine_6,168,79.7594222807,79.8120080769,-0.000579287026966,-0.0525857961786,0.948966095483,-0.0499021376775
e2k0_diagonal,cosine_6,170,79.7561249617,79.8119218965,-0.00066546738276,-0.0557969347768,0.947772694859,-0.0528828112383
e2k0_diagonal,cosine_6,172,79.7546587548,79.8118440299,-0.000743334024889,-0.0571852750658,0.946566528747,-0.0541296673145
e2k0_diagonal,cosine_6,174,79.7550311516,79.8117761061,-0.000811257817446,-0.0567449544759,0.945347643678,-0.0536437090044
e2k0_diagonal,cosine_6,176,79.7572015599,79.8117194842,-0.000867879641049,-0.0545179243439,0.944116086646,-0.0514712493837
e2k0_diagonal,cosine_6,178,79.7610834082,79.8116752236,-0.000912140270131,-0.0505918154603,0.94287190511,-0.047701601426
e2k0_diagonal,cosine_6,180,79.7665453358,79.8116440653,-0.000943298609144,-0.0450987295032,0.941615146984,-0.04246564681
e2k0_diagonal,cosine_6,182,79.7734149889,79.8116264242,-0.000960939659251,-0.0382114353171,0.940345860642,-0.0359319650296
e2k0_diagonal,cosine_6,184,79.7814836585,79.8116223913,-0.000964972630996,-0.0301387327721,0.939064094909,-0.0283022018123
e2k0_diagonal,cosine_6,186,79.7905108317,79.8116317455,-0.00095561840331,-0.0211209137699,0.937769899062,-0.0198065571741
e2k0_diagonal,cosine_6,188,79.8002314721,79.811653978,-0.000933385856129,-0.011422505965,0.936463322827,-0.010696757891
e2k0_diagonal,cosine_6,190,79.8103625378,79.8116883216,-0.000899042263001,-0.00132578385171,0.935144416374,-0.00123979936625
e2k0_diagonal,cosine_6,192,79.8206099371,79.8117337855,-0.000853578388046,0.00887615160042,0.933813230314,0.00828866779875
e2k0_diagonal,cosine_6,194,79.8306765585,79.8117891966,-0.000798167263071,0.0188873618804,0.932469815701,0.0176118948517
e2k0_diagonal,cosine_6,196,79.8402698657,79.811853244,-0.000734119872547,0.0284166216806,0.931114224023,0.0264591206455
e2k0_diagonal,cosine_6,198,79.8491093617,79.811924523,-0.00066284089371,0.0371848387087,0.929746507203,0.0345724739103
e2k0_diagonal,cosine_6,200,79.8569342744,79.812001579,-0.000585784836943,0.0449326954006,0.928366717593,0.0417140189417
e2k0_diagonal,cosine_6,202,79.8635099452,79.8120829507,-0.000504413190882,0.0514269945351,0.926974907974,0.0476715335266
e2k0_diagonal,cosine_6,204,79.8686342303,79.8121672098,-0.000420154042573,0.0564670204283,0.925571131552,0.0522642439932
e2k0_diagonal,cosine_6,206,79.8721430503,79.8122529974,-0.000334366483258,0.0598900528919,0.924155441955,0.055347718299
e2k0_diagonal,cosine_6,208,79.8739144856,79.8123390538,-0.000248310072692,0.0615754317399,0.922727893228,0.0568173684039
e2k0_diagonal,cosine_6,210,79.8738722939,79.8124242431,-0.000163120746038,0.0614480507758,0.921288539833,0.0566113849748
e2k0_diagonal,cosine_6,212,79.8719883427,79.8125075689,-7.97949793139e-05,0.0594807737627,0.919837436645,0.0547126424675
e2k0_diagonal,cosine_6,214,79.8682834836,79.8125881836,8.19730800572e-07,0.0556953000108,0.918374638947,0.0511491510385
e2k0_diagonal,cosine_6,216,79.8628269167,79.8126653922,7.80282774713e-05,0.0501615245746,0.91690020243,0.0459931120367
e2k0_diagonal,cosine_6,218,79.8557348104,79.8127386496,0.000151285681511,0.0429961608217,0.915414183186,0.0393592954388
e2k0_diagonal,cosine_6,220,79.8471669418,79.8128075546,0.000220190668188,0.034359387198,0.91391663771,0.0314016156218
e2k0_diagonal,cosine_6,222,79.8373230293,79.8128718387,0.000284474783655,0.0244511906073,0.912407622891,0.0223094526989
e2k0_diagonal,cosine_6,224,79.8264376868,79.8129313497,0.000343985839294,0.0135063370419,0.910887196013,0.0123027494765
e2k0_diagonal,cosine_6,226,79.8147741568,79.8129860325,0.000398668659244,0.00178812426097,0.909355414751,0.00162604047896
e2k0_diagonal,cosine_6,228,79.8026177585,79.8130359097,0.000448545849508,-0.0104181512424,0.907812337166,-0.00945772622831
e2k0_diagonal,cosine_6,230,79.7902683264,79.8130810614,0.000493697514287,-0.0228127349962,0.906258021703,-0.0206742240873
e2k0_diagonal,cosine_6,232,79.7780323614,79.8131216057,0.000534241791883,-0.0350892442905,0.904692527188,-0.0317449770943
e2k0_diagonal,cosine_6,234,79.7662151347,79.8131576825,0.000570318617605,-0.0469425477831,0.903115912824,-0.0423945618914
e2k0_diagonal,cosine_6,236,79.7551125655,79.8131894398,0.000602075962121,-0.058076874334,0.901528238189,-0.0523579421978
e2k0_diagonal,cosine_6,238,79.7450034469,79.8132170224,0.000629658495995,-0.0682135755103,0.899929563231,-0.0613874132154
e2k0_diagonal,cosine_6,240,79.7361421421,79.8132405635,0.000653199587987,-0.0770984213908,0.898319948263,-0.0692590499149
e2k0_diagonal,cosine_6,242,79.7287515213,79.8132601812,0.000672817336351,-0.0845086599106,0.896699453966,-0.0757788691972
e2k0_diagonal,cosine_6,244,79.7230171141,79.8132759789,0.000688614977392,-0.090258864774,0.895068141378,-0.0807878343361
e2k0_diagonal,cosine_6,246,79.7190821283,79.8132880489,0.000700685032939,-0.094205920631,0.893426071895,-0.0841660256186
e2k0_diagonal,cosine_6,248,79.7170432043,79.8132964796,0.00070911572783,-0.0962532752653,0.891773307269,-0.0858361016188
e2k0_diagonal,cosine_6,250,79.7169480181,79.8133013634,0.000713999525487,-0.0963533453559,0.890109909599,-0.0857650675243
e2k0_diagonal,cosine_6,252,79.7187943023,79.8133028067,0.000715442772787,-0.0945085043914,0.888435941331,-0.0839647520627
e2k0_diagonal,cosine_6,254,79.7225296592,79.8133009391,0.000713575204045,-0.0907712798638,0.886751465255,-0.0804915654223
e2k0_diagonal,cosine_6,256,79.7280528818,79.8132959235,0.000708559601634,-0.0852430416792,0.885056544502,-0.0754449119115
e2k0_diagonal,cosine_6,258,79.7352166389,79.8132879638,0.000700599939734,-0.07807132491,0.883351242537,-0.0689644018658
e2k0_diagonal,cosine_6,260,79.7438317128,79.8132773108,0.000689946927039,-0.0694455980481,0.881635623159,-0.0612257131107
e2k0_diagonal,cosine_6,262,79.753672458,79.8132642642,0.000676900314986,-0.0595918061904,0.879909750494,-0.0524354113165
e2k0_diagonal,cosine_6,264,79.7644829818,79.8132491708,0.0006618069322,-0.0487661890195,0.878173688995,-0.0428251841095
e2k0_diagonal,cosine_6,266,79.7759842501,79.8132324194,0.000645055513957,-0.037248169286,0.876427503438,-0.0326453200149
e2k0_diagonal,cosine_6,268,79.7878818834,79.813214433,0.000627069073573,-0.0253325495138,0.874671258915,-0.0221576529748
e2k0_diagonal,cosine_6,270,79.7998741688,79.813195657,0.000608293088959,-0.0133214882004,0.872905020835,-0.0116283939351
e2k0_diagonal,cosine_6,272,79.811660617,79.8131765429,0.000589178993465,-0.00151592590954,0.871128854914,-0.00132056680172
e2k0_diagonal,cosine_6,274,79.8229504641,79.8131575289,0.000570165010359,0.00979293524541,0.869342827181,0.00851341801265
e2k0_diagonal,cosine_6,276,79.8334700377,79.8131390193,0.000551655394815,0.0203310184096,0.867547003964,0.0176381141088
e2k0_diagonal,cosine_6,278,79.8429699156,79.8131213626,0.000533998714076,0.0298485529935,0.865741451894,0.0258411296055
e2k0_diagonal,cosine_6,280,79.8512316615,79.81310483,0.000517466114246,0.0381268314903,0.863926237895,0.0329387700923
e2k0_diagonal,cosine_6,282,79.8580730726,79.8130895951,0.000502231219372,0.0449834775102,0.862101429188,0.0387803202514
e2k0_diagonal,cosine_6,284,79.8633527623,79.8130757173,0.000488353415449,0.0502770449965,0.860267093279,0.0432516873578
e2k0_diagonal,cosine_6,286,79.8669734903,79.8130631294,0.000475765526005,0.0539103609018,0.858423297962,0.0462779097997
e2k0_diagonal,cosine_6,288,79.8688842887,79.8130516307,0.000464266832125,0.0558326579802,0.856570111311,0.0478245860609
e2k0_diagonal,cosine_6,290,79.8690815987,79.8130408849,0.000453521016979,0.0560407138143,0.854707601678,0.0478984241005
e2k0_diagonal,cosine_6,292,79.8676092171,79.813030423,0.000443059154378,0.0545787940464,0.852835837687,0.0465467515406
e2k0_diagonal,cosine_6,294,79.8645565096,79.8130196547,0.000432290789718,0.0515368548826,0.850954888237,0.0438555385866
e2k0_diagonal,cosine_6,296,79.86005574,79.8130078875,0.000420523657823,0.047047852408,0.849064822487,0.0399466764532
e2k0_diagonal,cosine_6,298,79.8542784521,79.8129943541,0.000406990223269,0.0412840980059,0.847165709864,0.0349744721933
e2k0_diagonal,cosine_6,300,79.8474307296,79.8129782437,0.000390879864455,0.0344524858331,0.845257620051,0.0291212261802
e2k0_diagonal,cosine_6,302,79.8397475846,79.8129587399,0.000371375977693,0.0267888447829,0.843340622985,0.0225921210483
e2k0_diagonal,cosine_6,304,79.8314866634,79.812935061,0.000347697106875,0.0185516024273,0.841414788857,0.0156095926394
e2k0_diagonal,cosine_6,306,79.8229211312,79.8129065039,0.000319139982707,0.0100146273134,0.839480188102,0.00840708122084
e2k0_diagonal,cosine_6,308,79.8143318083,79.8128724863,0.000285122372532,0.00145932207042,0.837536891401,0.00122223607041
e2k0_diagonal,cosine_6,310,79.8060000852,79.8128325873,0.000245223444011,-0.00683250212313,0.835584969673,-0.00570913607935
e2k0_diagonal,cosine_6,312,79.7982002136,79.8127865824,0.000199218535954,-0.0145863687733,0.833624494072,-0.012159554289
e2k0_diagonal,cosine_6,314,79.7911914345,79.8127344709,0.000147107039979,-0.0215430363846,0.831655535985,-0.0179163854712
e2k0_diagonal,cosine_6,316,79.7852107351,79.8126764991,8.91352169106e-05,-0.0274657639948,0.829678167026,-0.0227877447271
e2k0_diagonal,cosine_6,318,79.7804652977,79.8126131771,2.58132241413e-05,-0.0321478793931,0.827692459033,-0.0266085573476
e2k0_diagonal,cosine_6,320,79.7771266944,79.8125452862,-4.20777215453e-05,-0.0354185917228,0.825698484064,-0.0292450774932
e2k0_diagonal,cosine_6,322,79.7753261326,79.8124738729,-0.000113490998103,-0.0371477402401,0.823696314394,-0.0305984567238
e2k0_diagonal,cosine_6,324,79.7751491669,79.8124002331,-0.000187130805926,-0.0372510661468,0.821686022507,-0.0306086803764
e2k0_diagonal,cosine_6,326,79.7766333693,79.8123258868,-0.000261477126912,-0.0356925174449,0.819667681099,-0.0292560030067
e2k0_diagonal,cosine_6,328,79.7797669769,79.8122525394,-0.000334824513942,-0.0324855624758,0.817641363068,-0.0265615395828
e2k0_diagonal,cosine_6,330,79.784488294,79.8121820302,-0.000405333705956,-0.0276937361683,0.815607141512,-0.022587208994
e2k0_diagonal,cosine_6,332,79.790687558,79.8121162769,-0.000471087028387,-0.0214287188114,0.813565089726,-0.0174336575425
e2k0_diagonal,cosine_6,334,79.7982100446,79.8120572158,-0.000530148091286,-0.0138471711631,0.811515281198,-0.0112371910002
e2k0_diagonal,cosine_6,336,79.806860296,79.8120067372,-0.00058062671161,-0.00514644115211,0.809457789603,-0.00416582687931
e2k0_diagonal,cosine_6,338,79.816408438,79.8119666185,-0.000620745340058,0.00444181943035,0.807392688801,0.00358629253304
e2k0_diagonal,cosine_6,340,79.8265968231,79.8119384578,-0.000648906115259,0.0146583653609,0.805320052831,0.0118046755669
e2k0_diagonal,cosine_6,342,79.8371478986,79.8119236084,-0.000663755464927,0.0252242901966,0.803239955911,0.0202611577454
e2k0_diagonal,cosine_6,344,79.8477721986,79.8119231218,-0.000664242087851,0.0358490768288,0.801152472429,0.0287205765357
e2k0_diagonal,cosine_6,346,79.8581768077,79.8119376969,-0.000649667007082,0.0462391108235,0.799057676942,0.0369477164785
e2k0_diagonal,cosine_6,348,79.8680740214,79.8119676423,-0.00061972157701,0.0561063791009,0.796955644172,0.0447142954985
e2k0_diagonal,cosine_6,350,79.8771888094,79.8120128516,-0.000574512277183,0.0651759578047,0.794846449001,0.0518048786213
e2k0_diagonal,cosine_6,352,79.8852673709,79.8120727884,-0.000514575443702,0.0731945824773,0.792730166466,0.0580235535516
e2k0_diagonal,cosine_6,354,79.8920830936,79.8121464856,-0.000440878293887,0.0799366079911,0.790606871758,0.0631984315828
e2k0_diagonal,cosine_6,356,79.8974426814,79.8122325621,-0.000354801787111,0.0852101193114,0.788476640216,0.0671861885871
e2k0_diagonal,cosine_6,358,79.9011908134,79.8123292577,-0.000258106161212,0.0888615556645,0.786339547322,0.0698753554556
e2k0_diagonal,cosine_6,360,79.9032138579,79.8124344819,-0.000152881998901,0.0907793760494,0.784195668699,0.0711887935051
e2k0_diagonal,cosine_6,362,79.9034436017,79.8125458723,-4.1491583687e-05,0.0908977294152,0.782045080106,0.0710861220819
e2k0_diagonal,cosine_6,364,79.9018583719,79.8126608615,7.34975656371e-05,0.0891975104786,0.779887857434,0.0695640553355
e2k0_diagonal,cosine_6,366,79.8984823813,79.8127767526,0.000189388719974,0.085705628696,0.777724076702,0.0666553309458
e2k0_diagonal,cosine_6,368,79.8933852751,79.8128908018,0.000303437891603,0.080494473306,0.775553814054,0.0624277957827
e2k0_diagonal,cosine_6,370,79.8866797983,79.8130002989,0.000412935020563,0.0736794994263,0.773377145752,0.0569820409667
e2k0_diagonal,cosine_6,372,79.8785178259,79.813102648,0.000515284129534,0.0654151778525,0.771194148175,0.0504478023617
e2k0_diagonal,cosine_6,374,79.8690852069,79.8131954455,0.000608081604781,0.0558897614074,0.769004897814,0.04297950026
e2k0_diagonal,cosine_6,376,79.8585975472,79.8132765541,0.00068919021632,0.0453209930516,0.766809471267,0.0347525667192
e2k0_diagonal,cosine_6,378,79.8472936162,79.813344168,0.000756804161412,0.0339494481257,0.764607945237,0.0259580177734
e2k0_diagonal,cosine_6,380,79.8354288946,79.8133968663,0.000809502446884,0.0220320282693,0.762400396526,0.0167972270888
e2k0_diagonal,cosine_6,382,79.8232697441,79.8134336542,0.000846290357401,0.00983608982945,0.76018690203,0.00747726665554
e2k0_diagonal,cosine_6,384,79.8110857835,79.8134539896,0.000866625688161,-0.00236820604623,0.75796753874,-0.00179502330809
e2k0_diagonal,cosine_6,386,79.7991442147,79.8134577927,0.000870428813229,-0.0143135780235,0.755742383731,-0.0108173775752
e2k0_diagonal,cosine_6,388,79.7877018718,79.8134454427,0.000858078811632,-0.0257435709174,0.753511514164,-0.019398077102
e2k0_diagonal,cosine_6,390,79.7769999111,79.8134177551,0.000830391181609,-0.0364178439985,0.751275007278,-0.027359816015
e2k0_diagonal,cosine_6,392,79.7672583678,79.8133759431,0.000788579232051,-0.0461175752945,0.749032940387,-0.0345435830264
e2k0_diagonal,cosine_6,394,79.7586696534,79.8133215683,0.000734204376428,-0.0546519148722,0.746785390878,-0.0408132516101
e2k0_diagonal,cosine_6,396,79.7513958899,79.8132564808,0.000669116940969,-0.0618605909399,0.744532436203,-0.0460572164775
e2k0_diagonal,cosine_6,398,79.7455635921,79.8131827543,0.000595390419335,-0.0676191622386,0.742274153881,-0.0501919564368
e2k0_diagonal,cosine_6,400,79.7412619106,79.8131026133,0.000515249408949,-0.071840702666,0.740010621484,-0.0531628830278
e2k0_diagonal,cosine_6,402,79.7385411379,79.8130183547,0.000430990796843,-0.0744772168121,0.737741916646,-0.0549449646774
e2k0_diagonal,cosine_6,404,79.7374117019,79.8129322683,0.000344904414433,-0.0755205663597,0.735468117046,-0.0555429687389
e2k0_diagonal,cosine_6,406,79.7378450889,79.8128465612,0.000259197362141,-0.075001472396,0.733189300414,-0.054990277076
e2k0_diagonal,cosine_6,408,79.739774879,79.8127632839,0.000175920030529,-0.0729884048671,0.730905544522,-0.0533476298032
e2k0_diagonal,cosine_6,410,79.7430985001,79.812684267,9.69031375604e-05,-0.0695857669729,0.72861692718,-0.0507013677073
e2k0_diagonal,cosine_6,412,79.7476806253,79.8126110721,2.37082389845e-05,-0.0649304467777,0.726323526234,-0.0471605110635
e2k0_diagonal,cosine_6,414,79.7533575083,79.8125449502,-4.24136799069e-05,-0.0591874419146,0.724025419559,-0.0428532124649
e2k0_diagonal,cosine_6,416,79.7599411856,79.8124868119,-0.000100551961111,-0.052545626305,0.72172268506,-0.0379233705051
e2k0_diagonal,cosine_6,418,79.7672247988,79.812437213,-0.000150150883201,-0.045212414193,0.719415400663,-0.0325265070716
e2k0_diagonal,cosine_6,420,79.7749883089,79.8123963522,-0.000191011664953,-0.0374080433618,0.717103644312,-0.0268254442213
e2k0_diagonal,cosine_6,422,79.783003952,79.8123640827,-0.00022328115044,-0.0293601307606,0.714787493968,-0.0209862542889
e2k0_diagonal,cosine_6,424,79.7910424427,79.8123399387,-0.000247425177861,-0.0212974959585,0.7124670276,-0.0151737636409
e2k0_diagonal,cosine_6,426,79.7988791604,79.8123231734,-0.000264190453521,-0.0134440129848,0.710142323187,-0.00954716261395
e2k0_diagonal,cosine_6,428,79.806299508,79.8123128076,-0.000274556324399,-0.00601329958934,0.707813458708,-0.00425629438058
e2k0_diagonal,cosine_6,430,79.8131048562,79.8123076877,-0.000279676181407,0.000797168487338,0.705480512144,0.000562386832712
e2k0_diagonal,cosine_6,432,79.8191180224,79.8123065488,-0.000280815127439,0.00681147367584,0.703143561467,0.00478944385927
e2k0_diagonal,cosine_6,434,79.8241874401,79.8123080768,-0.00027928706271,0.011879363289,0.700802684643,0.00832508968477
e2k0_diagonal,cosine_6,436,79.8281917886,79.8123109723,-0.00027639153717,0.0158808162422,0.698457959625,0.0110920825097
e2k0_diagonal,cosine_6,438,79.8310427681,79.8123140106,-0.000273353242918,0.0187287574833,0.696109464346,0.0130372653396
e2k0_diagonal,cosine_6,440,79.8326866106,79.8123160993,-0.000271264541155,0.0203705112196,0.69375727672,0.0141321903891
e2k0_diagonal,cosine_6,442,79.8331054934,79.8123163294,-0.000271034527088,0.0207891640108,0.691401474638,0.0143736586535
e2k0_diagonal,cosine_6,444,79.832317418,79.8123140158,-0.000273348039499,0.0200034021875,0.689042135958,0.0137831869697
e2k0_diagonal,cosine_6,446,79.8303744636,79.8123087299,-0.000278633945243,0.0180657336604,0.686679338508,0.0124053660396
e2k0_diagonal,cosine_6,448,79.8273600031,79.8123003203,-0.000287043608608,0.0150596828313,0.68431316008,0.0103055391481
e2k0_diagonal,cosine_6,450,79.8233862905,79.8122889234,-0.000298440503286,0.0110973671012,0.681943678423,0.00756777934182
e2k0_diagonal,cosine_6,452,79.8185904699,79.8122749576,-0.000312406269273,0.0063155122379,0.679570971242,0.0042918387854
e2k0_diagonal,cosine_6,454,79.8131311255,79.8122591003,-0.000328263601176,0.000872025222137,0.677195116196,0.00059053122163
e2k0_diagonal,cosine_6,456,79.8071843402,79.8122422537,-0.00034511022811,-0.00505791345391,0.674816190888,-0.00341316189081
e2k0_diagonal,cosine_6,458,79.8009380745,79.8122255002,-0.000361863717103,-0.0112874256457,0.672434272868,-0.00759005185665
e2k0_diagonal,cosine_6,460,79.7945875249,79.8122100509,-0.000377312936592,-0.0176225260131,0.670049439625,-0.0118079636798
e2k0_diagonal,cosine_6,462,79.7883299174,79.8121971944,-0.000390169493699,-0.0238672769733,0.667661768583,-0.0159352683553
e2k0_diagonal,cosine_6,464,79.7823589923,79.8121882415,-0.000399122383413,-0.0298292492491,0.665271337099,-0.0198445445326
e2k0_diagonal,cosine_6,466,79.7768609289,79.812184469,-0.00040289486148,-0.0353235401112,0.66287822246,-0.0234152054799
e2k0_diagonal,cosine_6,468,79.7720087175,79.8121870657,-0.000400298169623,-0.0401783481876,0.660482501876,-0.0265370959322
e2k0_diagonal,cosine_6,470,79.7679581288,79.8121970821,-0.000390281827364,-0.044238953292,0.658084252477,-0.0291129585075
e2k0_diagonal,cosine_6,472,79.7648439887,79.8122153844,-0.000371979528438,-0.0473713956365,0.655683551312,-0.0310606449215
e2k0_diagonal,cosine_6,474,79.7627767178,79.812242616,-0.000344747891631,-0.0494658981668,0.653280475342,-0.0323151054676
e2k0_diagonal,cosine_6,476,79.7618398332,79.8122791664,-0.000308197505888,-0.0504393331498,0.650875101438,-0.0328297060803
e2k0_diagonal,cosine_6,478,79.762087408,79.812325152,-0.000262211843108,-0.050237744024,0.648467506377,-0.0325775445932
e2k0_diagonal,cosine_6,480,79.7635433961,79.8123804103,-0.000206953575145,-0.0488370142371,0.646057766836,-0.0315515323569
e2k0_diagonal,cosine_6,482,79.7662009897,79.8124445038,-0.000142860130666,-0.0462435140178,0.643645959393,-0.0297644509457
e2k0_diagonal,cosine_6,484,79.77002266,79.812516739,-7.06248762583e-05,-0.042494079037,0.641232160518,-0.0272485701101
e2k0_diagonal,cosine_6,486,79.7749414364,79.8125961949,8.83097749238e-06,-0.0376547584965,0.638816446574,-0.0240544790194
e2k0_diagonal,cosine_6,488,79.7808626925,79.8126817566,9.43927489772e-05,-0.0318190641745,0.636398893809,-0.0202496172427
e2k0_diagonal,cosine_6,490,79.7876662445,79.8127721576,0.000184793680262,-0.0251059130633,0.633979578356,-0.0159166361781
e2k0_diagonal,cosine_6,492,79.7952104894,79.8128660229,0.00027865900843,-0.017655533501,0.631558576227,-0.0111505036004
e2k0_diagonal,cosine_6,494,79.8033345381,79.8129619146,0.000374550709665,-0.00962737651381,0.629135963309,-0.00605692879715
e2k0_diagonal,cosine_6,496,79.8118624743,79.813058379,0.00047101509368,-0.00119590464671,0.626711815363,-0.000749487572139
e2k0_diagonal,cosine_6,498,79.8206077592,79.8131539951,0.000566631201295,0.00745376408575,0.624286208019,0.00465328211656
e2k0_diagonal,cosine_6,500,79.8293758857,79.8132474183,0.000660054429147,0.016128467346,0.621859216769,0.0100296360715
e2k0_diagonal,cosine_6,502,79.8379717713,79.8133374176,0.000750053701751,0.024634353712,0.619430916971,0.0152592803088
e2k0_diagonal,cosine_6,504,79.8462042169,79.8134229013,0.000835537384205,0.032781315594,0.617001383837,0.0202261170855
e2k0_diagonal,cosine_6,506,79.8538898826,79.8135029352,0.000915571314891,0.0403869473606,0.614570692437,0.0248206342048
e2k0_diagonal,cosine_6,508,79.8608585905,79.8135767564,0.000989392542238,0.0472818340629,0.612138917688,0.0289430507296
e2k0_diagonal,cosine_6,510,79.8669567755,79.8136437775,0.00105641359552,0.0533129979891,0.609706134357,0.0325052619149
e2k0_diagonal,cosine_6,512,79.8720519295,79.8137035837,0.00111621983942,0.0583483458134,0.607272417055,0.0354333409932
e2k0_diagonal,cosine_6,514,79.8760362786,79.8137559227,0.00116855884293,0.0622803558276,0.60483784023,0.0376695159075
e2k0_diagonal,cosine_6,516,79.8788291624,79.8138006831,0.00121331924331,0.0650284793205,0.60240247817,0.0391733170943
e2k0_diagonal,cosine_6,518,79.8803798017,79.8138378688,0.00125050493139,0.0665419328481,0.599966404995,0.0399229242323
e2k0_diagonal,cosine_6,520,79.8806689746,79.8138675697,0.00128020577461,0.0668014049759,0.597529694656,0.0399158231178
e2k0_diagonal,cosine_6,522,79.8797095734,79.8138899296,0.00130256571468,0.065819643765,0.595092420927,0.0391687711527
e2k0_diagonal,cosine_6,524,79.877546498,79.8139051151,0.00131775121838,0.0636413828918,0.592654657409,0.0377173619748
e2k0_diagonal,cosine_6,526,79.8742562135,79.8139132847,0.00132592082838,0.0603429287406,0.59021647752,0.0356153908445
e2k0_diagonal,cosine_6,528,79.8699444142,79.8139145623,0.00132719844071,0.0560298519111,0.587777954496,0.032933111747
e2k0_diagonal,cosine_6,530,79.8647426985,79.8139090184,0.00132165452968,0.0508336800664,0.585339161383,0.0297549436601
e2k0_diagonal,cosine_6,532,79.8588050779,79.8138966569,0.00130929300022,0.0449084210376,0.582900171039,0.0261771263039
e2k0_diagonal,cosine_6,534,79.8523031548,79.8138774051,0.0012900412024,0.0384257497426,0.580461056126,0.022304651278
e2k0_diagonal,cosine_6,536,79.8454218779,79.813851112,0.00126374810276,0.0315707659484,0.578021889111,0.0182485937742
e2k0_diagonal,cosine_6,538,79.8383531804,79.8138175548,0.00123019092858,0.0245356255848,0.575582742259,0.0141222826572
e2k0_diagonal,cosine_6,540,79.8312916551,79.8137764491,0.00118908521605,0.0175152060415,0.573143687631,0.0100387297802
e2k0_diagonal,cosine_6,542,79.8244279374,79.8137274641,0.00114010021565,0.0107004733169,0.570704797082,0.00610681145301
e2k0_diagonal,cosine_6,544,79.8179438258,79.8136702456,0.00108288173213,0.00427358019235,0.568266142255,0.00242853092952
e2k0_diagonal,cosine_6,546,79.8120071683,79.8136044477,0.00101708380808,-0.00159727941009,0.56582779458,-0.00090378508594
e2k0_diagonal,cosine_6,548,79.8067667869,79.8135297708,0.000942406942741,-0.00676298396037,0.563389825272,-0.00381019635175
e2k0_diagonal,cosine_6,550,79.8023486811,79.8134459979,0.000858633975128,-0.0110973167227,0.560952305324,-0.00622506539853
e2k0_diagonal,cosine_6,552,79.7988533678,79.8133530307,0.000765666851606,-0.014499662983,0.558515305506,-0.00809828370069
e2k0_diagonal,cosine_6,554,79.796353842,79.8132509265,0.000663562658445,-0.0168970845097,0.556078896362,-0.00939611210588
e2k0_diagonal,cosine_6,556,79.7948931015,79.8131399253,0.000552561413031,-0.0182468237795,0.553643148207,-0.0101022289621
e2k0_diagonal,cosine_6,558,79.7944837127,79.8130204754,0.000433111545675,-0.0185367627502,0.551208131124,-0.0102176143527
e2k0_diagonal,cosine_6,560,79.7951071713,79.8128932545,0.000305890618833,-0.0177860832355,0.548773914959,-0.00976053852892
e2k0_diagonal,cosine_6,562,79.7967146482,79.8127591806,0.000171816736298,-0.0160445324424,0.546340569319,-0.00876577898901
e2k0_diagonal,cosine_6,564,79.7992288176,79.8126194138,3.20499556352e-05,-0.0133905962643,0.543908163571,-0.00728325462324
e2k0_diagonal,cosine_6,566,79.8025466666,79.8124753456,-0.000112018244153,-0.00992867906241,0.541476766837,-0.00537614903768
e2k0_diagonal,cosine_6,568,79.8065418199,79.812328579,-0.000258784906507,-0.0057867590934,0.53904644799,-0.00311933193467
e2k0_diagonal,cosine_6,570,79.8110682304,79.812180901,-0.000406462928424,-0.00111267054143,0.536617275653,-0.000597078234642
e2k0_diagonal,cosine_6,572,79.8159648983,79.8120342466,-0.000553117322667,0.00393065178118,0.534189318196,0.00209971219505
e2k0_diagonal,cosine_6,574,79.8210595021,79.8118906551,-0.000696708807496,0.00916884701589,0.53176264373,0.00487565032913
e2k0_diagonal,cosine_6,576,79.8261738346,79.8117522192,-0.000835144692104,0.0144216154318,0.52933732011,0.00763389926432
e2k0_diagonal,cosine_6,578,79.8311289555,79.8116210262,-0.000966337712981,0.0195079292945,0.526913414926,0.0102789896427
e2k0_diagonal,cosine_6,580,79.8357484025,79.8114990994,-0.00108826450878,0.0242493031693,0.524490995504,0.0127185411595
e2k0_diagonal,cosine_6,582,79.8398642548,79.8113883395,-0.00119902441548,0.0284759153573,0.5220701289,0.0148664248011
e2k0_diagonal,cosine_6,584,79.8433214362,79.8112904633,-0.00129690061686,0.0320309729556,0.519650881901,0.0166449233445
e2k0_diagonal,cosine_6,586,79.8459812017,79.8112069498,-0.00138041403855,0.0347742518273,0.51723332102,0.0179864017586
e2k0_diagonal,cosine_6,588,79.84772519,79.8111389925,-0.00144837135477,0.036586197519,0.514817512493,0.0188352151983
e2k0_diagonal,cosine_6,590,79.8484580944,79.8110874587,-0.00149990519682,0.0373706357508,0.512403522276,0.0191488453884
e2k0_diagonal,cosine_6,592,79.8481104688,79.811052863,-0.00153450087493,0.0370576057818,0.509991416043,0.0188990608478
e2k0_diagonal,cosine_6,594,79.8466404916,79.8110353514,-0.001552012454,0.035605140184,0.507581259186,0.0180725018881
e2k0_diagonal,cosine_6,596,79.8440352898,79.8110346963,-0.00155266754808,0.0330005934537,0.505173116805,0.0166710126515
e2k0_diagonal,cosine_6,598,79.8403125933,79.8110503048,-0.00153705908835,0.0292622884691,0.502767053714,0.0147121145586
e2k0_diagonal,cosine_6,600,79.8355202298,79.8110812419,-0.00150612202549,0.0244389879336,0.500363134433,0.0122283686048
e2k0_diagonal,cosine_6,602,79.829735464,79.8111262672,-0.00146109664398,0.0186091967107,0.497961423184,0.00926666207835
e2k0_diagonal,cosine_6,604,79.8230640441,79.8111838803,-0.00140348360367,0.0118801638645,0.495561983895,0.00588735757369
e2k0_diagonal,cosine_6,606,79.8156379922,79.8112523723,-0.00133499159477,0.00438561989354,0.49316488019,0.00216283370936
e2k0_diagonal,cosine_6,608,79.807611978,79.8113298913,-0.0012574726059,-0.00371791327041,0.490770175394,-0.00182464094782
e2k0_diagonal,cosine_6,610,79.7991590252,79.8114145147,-0.00117284922621,-0.0122554894592,0.488377932522,-0.00598531060415
e2k0_diagonal,cosine_6,612,79.7904667846,79.8115043237,-0.00108304016746,-0.0210375391222,0.485988214285,-0.0102239960709
e2k0_diagonal,cosine_6,614,79.7817327441,79.8115974749,-0.000989888992649,-0.0298647308384,0.483601083079,-0.0144426161793
e2k0_diagonal,cosine_6,616,79.7731592759,79.8116922658,-0.000895098042378,-0.0385329899713,0.481216600991,-0.01854271446
e2k0_diagonal,cosine_6,618,79.7649483447,79.8117871959,-0.000800167947773,-0.0468388512231,0.47883482979,-0.022428073353
e2k0_diagonal,cosine_6,620,79.7572963681,79.8118810192,-0.000706344653878,-0.0545846510855,0.476455830929,-0.0260071752889
e2k0_diagonal,cosine_6,622,79.7503890885,79.8119727854,-0.00061457845004,-0.0615836968865,0.47407966554,-0.0291955784227
e2k0_diagonal,cosine_6,624,79.7443970607,79.8120618671,-0.000525496782558,-0.0676648064318,0.471706394431,-0.0319179218719
e2k0_diagonal,cosine_6,626,79.7394706166,79.812147973,-0.000439390848555,-0.0726773564409,0.469336078089,-0.0341101054378
e2k0_diagonal,cosine_6,628,79.7357356545,79.8122311453,-0.000356218553989,-0.0764954908259,0.466968776669,-0.0357210057717
e2k0_diagonal,cosine_6,630,79.7332906407,79.8123117414,-0.000275622483699,-0.0790211006856,0.46460455,-0.0367135629246
e2k0_diagonal,cosine_6,632,79.7322032532,79.8123904026,-0.000196961319403,-0.0801871493197,0.462243457579,-0.0370659851549
e2k0_diagonal,cosine_6,634,79.7325086045,79.8124680074,-0.000119356460772,-0.0799594028842,0.459885558567,-0.0367721746581
e2k0_diagonal,cosine_6,636,79.734208325,79.812545614,-4.17498963543e-05,-0.0783372890206,0.457530911792,-0.0358417312729
e2k0_diagonal,cosine_6,638,79.7372697,79.8126243942,3.70302833232e-05,-0.0753546941334,0.455179575741,-0.0342999177057
e2k0_diagonal,cosine_6,640,79.7416265677,79.8127055627,0.00011819883747,-0.0710789950105,0.452831608562,-0.0321868156456
e2k0_diagonal,cosine_6,642,79.7471808278,79.8127903036,0.000202939683163,-0.0656094758169,0.45048706806,-0.0295562203977
e2k0_diagonal,cosine_6,644,79.7538049021,79.812879696,0.00029233213462,-0.0590747938942,0.448146011697,-0.0264741332755
e2k0_diagonal,cosine_6,646,79.761345428,79.8129746438,0.000387279907514,-0.0516292157775,0.445808496586,-0.0230167430656
e2k0_diagonal,cosine_6,648,79.7696265579,79.813075811,0.000488447116567,-0.0434492530963,0.443474579492,-0.0192686392461
e2k0_diagonal,cosine_6,650,79.7784552468,79.8131835664,0.000596202546021,-0.0347283195977,0.44114431683,-0.0153202008236
e2k0_diagonal,cosine_6,652,79.787626495,79.8132979359,0.000710571968625,-0.0256714408787,0.438817764663,-0.0112650843021
e2k0_diagonal,cosine_6,654,79.7969286811,79.8134185676,0.000831203722583,-0.0164898864644,0.436494978698,-0.00719775264099
e2k0_diagonal,cosine_6,656,79.806149541,79.8135447148,0.000957350958615,-0.00739517388466,0.434176014285,-0.00321080712219
e2k0_diagonal,cosine_6,658,79.8150808705,79.8136752346,0.00108787067273,0.00140563594195,0.431860926418,0.000607039240096
e2k0_diagonal,cosine_6,660,79.8235242379,79.813808607,0.0012212431121,0.009715630925,0.429549769727,0.00417334702659
e2k0_diagonal,cosine_6,662,79.8312965371,79.8139429698,0.00135560587063,0.0173535673459,0.427242598485,0.00741418320586
e2k0_diagonal,cosine_6,664,79.8382345423,79.8140761608,0.00148879693782,0.0241583814459,0.424939466595,0.0102658497254
e2k0_diagonal,cosine_6,666,79.8441992992,79.814205775,0.00161841109589,0.0299935241841,0.422640427599,0.0126764758864
e2k0_diagonal,cosine_6,668,79.8490794133,79.8143292331,0.00174186922618,0.0347501802084,0.420345534669,0.0146070830795
e2k0_diagonal,cosine_6,670,79.8527931591,79.8144438596,0.00185649568581,0.0383492995225,0.418054840609,0.0160321102993
e2k0_diagonal,cosine_6,672,79.8552902685,79.8145469677,0.00195960377822,0.0407433008102,0.415768397852,0.016939776901
e2k0_diagonal,cosine_6,674,79.8565528291,79.8146359477,0.00204858381841,0.0419168813789,0.413486258456,0.0173320544475
e2k0_diagonal,cosine_6,676,79.8565954514,79.8147083544,0.00212099051819,0.041887097029,0.411208474107,0.0172243292541
e2k0_diagonal,cosine_6,678,79.8554646026,79.8147619916,0.00217462773837,0.0407026109481,0.408935096116,0.0166447261202
e2k0_diagonal,cosine_6,680,79.8532372555,79.8147949887,0.00220762482479,0.038442266758,0.406666175413,0.0156331695967
e2k0_diagonal,cosine_6,682,79.8500186284,79.8148058669,0.00221850301136,0.0352127614548,0.404401762552,0.0142401027966
e2k0_diagonal,cosine_6,684,79.8459391605,79.8147935936,0.00220622970571,0.0311455669512,0.402141907706,0.0125249377103
e2k0_diagonal,cosine_6,686,79.8411509659,79.8147576219,0.00217025799957,0.0263933440516,0.399886660663,0.0105543462165
e2k0_diagonal,cosine_6,688,79.8358233264,79.8146979144,0.00211055055428,0.0211254119697,0.39763607083,0.00840022581029
e2k0_diagonal,cosine_6,690,79.8301383343,79.8146149508,0.00202758689093,0.0155233835728,0.395390187229,0.00613779353728
e2k0_diagonal,cosine_6,692,79.8242859268,79.8145097171,0.00192235323391,0.00977620965793,0.393149058495,0.00384350762266
e2k0_diagonal,cosine_6,694,79.8184585256,79.8143836811,0.00179631720584,0.00407484451291,0.390912732873,0.00159290860458
e2k0_diagonal,cosine_6,696,79.8128460675,79.8142387504,0.00165138656074,-0.00139268292847,0.388681258222,-0.000541309752941
e2k0_diagonal,cosine_6,698,79.8076309081,79.8140772175,0.00148985358013,-0.00644630936304,0.386454682007,-0.00249120643501
e2k0_diagonal,cosine_6,700,79.8029822587,79.8139016952,0.00131433127758,-0.0109194364293,0.384233051304,-0.00419560837777
e2k0_diagonal,cosine_6,702,79.7990524018,79.8137150443,0.00112768039801,-0.0146626424574,0.382016412795,-0.00560137007368
e2k0_diagonal,cosine_6,704,79.7959727244,79.8135202905,0.000932926637404,-0.0175475660948,0.379804812765,-0.00666465005511
e2k0_diagonal,cosine_6,706,79.7938495456,79.8133205386,0.000733174676242,-0.0194709929726,0.377598297106,-0.0073522137894
e2k0_diagonal,cosine_6,708,79.7927615805,79.8131188873,0.000531523439847,-0.0203573067776,0.375396911312,-0.00764207008693
e2k0_diagonal,cosine_6,710,79.7927575964,79.8129183494,0.00033098547938,-0.0201607529494,0.373200700478,-0.00752400712288
e2k0_diagonal,cosine_6,712,79.7938546838,79.8127217758,0.000134411959607,-0.0188670920073,0.371009709302,-0.00699987432098
e2k0_diagonal,cosine_6,714,79.7960385633,79.8125317866,-5.55773089843e-05,-0.0164932232747,0.368823982078,-0.00608309628548
e2k0_diagonal,cosine_6,716,79.79926374,79.8123507111,-0.00023665276106,-0.0130869711242,0.366643562703,-0.00479825371798
e2k0_diagonal,cosine_6,718,79.8034540971,79.8121805448,-0.000406819054845,-0.00872644770617,0.364468494667,-0.00318051525925
e2k0_diagonal,cosine_6,720,79.8085050448,79.8120229165,-0.000564447414618,-0.00351787167322,0.362298821058,-0.00127452075984
e2k0_diagonal,cosine_6,722,79.8142861199,79.8118790701,-0.000708293758166,0.00240704979453,0.360134584561,0.000866861877769
e2k0_diagonal,cosine_6,724,79.8206443748,79.8117498609,-0.000837502943455,0.00889451384374,0.357975827452,0.003184020953
e2k0_diagonal,cosine_6,726,79.8274088985,79.8116357629,-0.000951601003493,0.0157731356221,0.355822591604,0.00561243799477
e2k0_diagonal,cosine_6,728,79.8343947482,79.8115368897,-0.0010504742246,0.0228578585266,0.35367491848,0.00808425125104
e2k0_diagonal,cosine_6,730,79.8414083194,79.8114530263,-0.00113433756655,0.0299552931252,0.351532849136,0.010530269539
e2k0_diagonal,cosine_6,732,79.8482529198,79.8113836708,-0.00120369305255,0.0368692489717,0.349396424216,0.0128819837542
e2k0_diagonal,cosine_6,734,79.8547338225,79.8113280843,-0.00125927961565,0.0434057382141,0.347265683958,0.0150733233686
e2k0_diagonal,cosine_6,736,79.8606640953,79.8112853439,-0.00130201996873,0.0493787513413,0.345140668187,0.0170426152322
e2k0_diagonal,cosine_6,738,79.8658696324,79.8112543994,-0.00133296451114,0.0546152330014,0.343021416315,0.0187341945765
e2k0_diagonal,cosine_6,740,79.8701943081,79.8112341314,-0.00135323247247,0.0589601767206,0.340907967344,0.020099994
e2k0_diagonal,cosine_6,742,79.8735043891,79.8112234075,-0.00136395637759,0.0622809815546,0.33880035986,0.0211008189631
e2k0_diagonal,cosine_6,744,79.8756924264,79.8112211328,-0.00136623106233,0.0644712935292,0.336698632038,0.021707396337
e2k0_diagonal,cosine_6,746,79.8766805623,79.8112262954,-0.00136106849125,0.0654542668931,0.334602821637,0.0219011823906
e2k0_diagonal,cosine_6,748,79.8764225533,79.8112380025,-0.00134936138765,0.0651845508297,0.332512966001,0.0216747083338
e2k0_diagonal,cosine_6,750,79.8749049281,79.8112555104,-0.00133185353479,0.063649417762,0.330429102058,0.0210316199576
e2k0_diagonal,cosine_6,752,79.8721478778,79.8112782448,-0.00130911910598,0.0608696330523,0.328351266319,0.0199866210931
e2k0_diagonal,cosine_6,754,79.8682048519,79.8113058093,-0.00128155460277,0.0568990426255,0.32627949488,0.018564990887
e2k0_diagonal,cosine_6,756,79.8631609706,79.8113379829,-0.00124938094055,0.0518229876307,0.324213823417,0.0168017289606
e2k0_diagonal,cosine_6,758,79.8571308451,79.8113747095,-0.00121265438815,0.0457561356081,0.32215428719,0.0147405352514
e2k0_diagonal,cosine_6,760,79.8502547354,79.8114160777,-0.00117128620843,0.0388386576866,0.32010092104,0.0124322900974
e2k0_diagonal,cosine_6,762,79.8426949809,79.8114622954,-0.00112506844289,0.0312326854991,0.318053759389,0.00993367303878
e2k0_diagonal,cosine_6,764,79.8346315472,79.8115136592,-0.00107370471609,0.0231178880602,0.316012836239,0.00730554937376
e2k0_diagonal,cosine_6,766,79.8262559918,79.8115705181,-0.00101684578809,0.014685473752,0.313978185173,0.00461091839706
e2k0_diagonal,cosine_6,768,79.8177665157,79.8116332348,-0.000954129106191,0.0061332809328,0.311949839354,0.0019132760017
e2k0_diagonal,cosine_6,770,79.8093627421,79.8117021442,-0.000885219711463,-0.00233940205423,0.309927831526,-0.000725045805735
e2k0_diagonal,cosine_6,772,79.8012391775,79.8117775138,-0.000809850086426,-0.0105383363105,0.307912194008,-0.00324488225455
e2k0_diagonal,cosine_6,774,79.793580929,79.8118595056,-0.000727858294596,-0.0182785766285,0.305902958703,-0.00559147067155
e2k0_diagonal,cosine_6,776,79.7865586344,79.8119481408,-0.000639223065775,-0.0253895064683,0.30390015709,-0.00771587500415
e2k0_diagonal,cosine_6,778,79.7803233481,79.812043274,-0.000544089913063,-0.0317199259011,0.301903820227,-0.00957636680686
e2k0_diagonal,cosine_6,780,79.7750039906,79.8121445762,-0.000442787690019,-0.0371405855586,0.299913978751,-0.011138980788
e2k0_diagonal,cosine_6,782,79.7707037853,79.8122515264,-0.000335837444396,-0.0415477411456,0.297930662876,-0.0123783460605
e2k0_diagonal,cosine_6,784,79.7674969442,79.8123634126,-0.000223951296562,-0.0448664684196,0.295953902395,-0.0132784064155
e2k0_diagonal,cosine_6,786,79.7654283524,79.8124793407,-0.00010802314624,-0.0470509883345,0.29398372668,-0.0138322248945
e2k0_diagonal,cosine_6,788,79.7645122946,79.8125982509,1.08870436293e-05,-0.0480859562939,0.292020164678,-0.0140420688757
e2k0_diagonal,cosine_6,790,79.764731998,79.8127189414,0.000131577552438,-0.0479869434042,0.290063244917,-0.0139192485175
e2k0_diagonal,cosine_6,792,79.766041095,79.8128400992,0.00025273536157,-0.0467990042399,0.288112995501,-0.013483401298
e2k0_diagonal,cosine_6,794,79.7683647477,79.8129603343,0.000372970374826,-0.0445955865978,0.286169444111,-0.0127618942265
e2k0_diagonal,cosine_6,796,79.7716018179,79.8130782204,0.000490856518383,-0.0414764024658,0.284232618009,-0.0117889464584
e2k0_diagonal,cosine_6,798,79.7756280227,79.8131923391,0.000604975222416,-0.0375643163772,0.282302544031,-0.0106045020781
e2k0_diagonal,cosine_6,800,79.7802990772,79.8133013208,0.000713956872616,-0.0330022435521,0.280379248594,-0.00925314424905
e2k0_diagonal,cosine_6,802,79.7854551363,79.8134038853,0.00081652141148,-0.0279487490468,0.278462757691,-0.00778268573358
e2k0_diagonal,cosine_6,804,79.7909261007,79.813498876,0.000911512115806,-0.02257277535,0.276553096895,-0.00624257092857
e2k0_diagonal,cosine_6,806,79.7965357537,79.8135852871,0.00099792321825,-0.0170495333733,0.274650291357,-0.00468265930847
e2k0_diagonal,cosine_6,808,79.8021068013,79.8136622898,0.00107492588995,-0.0115554884857,0.272754365805,-0.00315180993348
e2k0_diagonal,cosine_6,810,79.8074659155,79.8137292514,0.00114188751394,-0.00626333591494,0.270865344547,-0.00169652064061
e2k0_diagonal,cosine_6,812,79.8124481192,79.8137857462,0.00119838229585,-0.00133762696129,0.26898325147,-0.000359799249302
e2k0_diagonal,cosine_6,814,79.8169011382,79.8138315553,0.00124419145682,0.00306958284254,0.267108110041,0.000819910471687
e2k0_diagonal,cosine_6,816,79.8206895255,79.8138666562,0.00127929229868,0.0068228693363,0.265239943306,0.00180969747594
e2k0_diagonal,cosine_6,818,79.823697268,79.8138912032,0.00130383926785,0.0098060648788,0.263378773889,0.00258270934446
e2k0_diagonal,cosine_6,820,79.8258298198,79.8139055053,0.00131814139982,0.0119243145289,0.261524623998,0.00311850187361
e2k0_diagonal,cosine_6,822,79.8270165078,79.8139100025,0.00132263860787,0.0131065053389,0.259677515419,0.00340346474223
e2k0_diagonal,cosine_6,824,79.8272119057,79.8139052385,0.00131787465166,0.0133066671845,0.25783746952,0.00343095739458
e2k0_diagonal,cosine_6,826,79.826397135,79.8138918284,0.00130446451841,0.0125053065483,0.256004507249,0.00320141484089
e2k0_diagonal,cosine_6,828,79.8245809658,79.8138704249,0.00128306106447,0.0107105408886,0.254178649139,0.00272239081461
e2k0_diagonal,cosine_6,830,79.8217997899,79.813841686,0.0012543221268,0.00795810388522,0.252359915303,0.00200830642244
e2k0_diagonal,cosine_6,832,79.8181170389,79.8138062422,0.00121887827561,0.00431079670958,0.250548325437,0.00108006289688
e2k0_diagonal,cosine_6,834,79.8136228054,79.8137646702,0.00117730635584,-0.000141864879609,0.248743898821,-3.52880232598e-05
e2k0_diagonal,cosine_6,836,79.8084316808,79.8137174741,0.00113011024777,-0.0052857933179,0.24694665432,-0.00130530897528
e2k0_diagonal,cosine_6,838,79.8026808219,79.8136650706,0.00107770670053,-0.0109842486558,0.245156610382,-0.00269286116806
e2k0_diagonal,cosine_6,840,79.7965271686,79.8136077848,0.00102042093845,-0.0170806162293,0.24337378504,-0.00415697422254
e2k0_diagonal,cosine_6,842,79.7901437124,79.8135458542,0.000958490300349,-0.0234021417992,0.241598195915,-0.00565391523923
e2k0_diagonal,cosine_6,844,79.7837154976,79.8134794371,0.000892073257603,-0.0297639395496,0.239829860212,-0.00713828146155
e2k0_diagonal,cosine_6,846,79.7774344171,79.8134086326,0.000821268746307,-0.0359742155284,0.238068794725,-0.00856433813202
e2k0_diagonal,cosine_6,848,79.7714932189,79.8133335071,0.000746143192259,-0.0418402881654,0.236315015835,-0.00988748836035
e2k0_diagonal,cosine_6,850,79.7660807148,79.813254126,0.000666762115685,-0.0471734111742,0.234568539512,-0.0110653981629
e2k0_diagonal,cosine_6,852,79.7613762089,79.8131705865,0.00058322265869,-0.051794377618,0.232829381315,-0.0120592528964
e2k0_diagonal,cosine_6,854,79.7575440647,79.8130830475,0.000495683663189,-0.0555389828116,0.231097556392,-0.0128349232123
e2k0_diagonal,cosine_6,856,79.754728098,79.8129917586,0.000404394733224,-0.0582636605915,0.229373079486,-0.013364115252
e2k0_diagonal,cosine_6,858,79.7530469898,79.8128970867,0.000309722779548,-0.0598500968453,0.227655964927,-0.0136252315483
e2k0_diagonal,cosine_6,860,79.7525898334,79.8127995373,0.000212173427471,-0.0602097039051,0.225946226641,-0.0136041554045
e2k0_diagonal,cosine_6,862,79.7534129798,79.8126997693,0.000112405413347,-0.0592867895248,0.224243878145,-0.0132946996058
e2k0_diagonal,cosine_6,864,79.7555386455,79.8125986008,1.12369051237e-05,-0.0570599552675,0.222548932552,-0.0126986321363
e2k0_diagonal,cosine_6,866,79.7589520191,79.8124970095,-9.035435518e-05,-0.0535449904349,0.220861402571,-0.0118260216881
e2k0_diagonal,cosine_6,868,79.7636017834,79.8123961272,-0.00019123669972,-0.0487943438028,0.219181300505,-0.010694807732
e2k0_diagonal,cosine_6,870,79.7694024633,79.8122972213,-0.00029014259519,-0.0428947580345,0.217508638256,-0.00932998040841
e2k0_diagonal,cosine_6,872,79.7762361789,79.812201665,-0.000385698929392,-0.035965486033,0.215843427325,-0.00776291377077
e2k0_diagonal,cosine_6,874,79.7839530561,79.8121109028,-0.000476461075579,-0.0281578466728,0.21418567881,-0.00603100750342
e2k0_diagonal,cosine_6,876,79.7923778259,79.81202642,-0.000560943919623,-0.0196485940573,0.21253540341,-0.0041760218644
e2k0_diagonal,cosine_6,878,79.8013141719,79.8119497037,-0.000637660212391,-0.0106355317525,0.210892611428,-0.00224295506521
e2k0_diagonal,cosine_6,880,79.8105498678,79.811882195,-0.000705168860321,-0.00133232721953,0.209257312765,-0.000278799213682
e2k0_diagonal,cosine_6,882,79.8198633019,79.8118252425,-0.000762121406297,0.00803805937406,0.207629516929,0.00166893838489
e2k0_diagonal,cosine_6,884,79.8290294071,79.8117800534,-0.000807310528387,0.0172493536968,0.206009233033,0.00355352612539
e2k0_diagonal,cosine_6,886,79.837826251,79.8117476455,-0.000839718350363,0.0260786054465,0.204396469792,0.00533037489038
e2k0_diagonal,cosine_6,888,79.8460417549,79.8117288075,-0.000858556342621,0.0343129473089,0.202791235533,0.00695836497957
e2k0_diagonal,cosine_6,890,79.8534798348,79.8117240655,-0.000863298340846,0.0417557692553,0.201193538189,0.00840099095625
e2k0_diagonal,cosine_6,892,79.8599659703,79.8117336579,-0.000853706013203,0.0482323124201,0.1996033853,0.00962733283992
e2k0_diagonal,cosine_6,894,79.8653539127,79.8117575152,-0.000829848658611,0.0535963975113,0.198020784022,0.0106132006559
e2k0_diagonal,cosine_6,896,79.8695289902,79.8117952479,-0.000792116030283,0.0577337423188,0.196445741118,0.0113415477973
e2k0_diagonal,cosine_6,898,79.8724110802,79.8118461481,-0.000741215765331,0.0605649320455,0.194878262969,0.0118027887538
e2k0_diagonal,cosine_6,900,79.8739584344,79.8119092055,-0.000678158375976,0.0620492288935,0.193318355565,0.0119952548938
e2k0_diagonal,cosine_6,902,79.8741677266,79.8119831309,-0.000604233024873,0.0621845957757,0.191766024518,0.0119248927182
e2k0_diagonal,cosine_6,904,79.8730739456,79.8120663939,-0.000520969946422,0.0610075516967,0.190221275053,0.0116049342716
e2k0_diagonal,cosine_6,906,79.8707504729,79.8121572686,-0.000430095262601,0.0585932042957,0.188684112014,0.0110556067226
e2k0_diagonal,cosine_6,908,79.8673066217,79.8122538788,-0.00033348512585,0.0550527429219,0.187154539868,0.01030337077
e2k0_diagonal,cosine_6,910,79.8628840254,79.8123542478,-0.000233116049088,0.0505297775788,0.1856325627,0.0093799721046
e2k0_diagonal,cosine_6,912,79.8576519096,79.8124563528,-0.000131011061598,0.0451955567334,0.18411818422,0.00832132384056
e2k0_diagonal,cosine_6,914,79.8518019184,79.8125581797,-2.91842061841e-05,0.0392437387597,0.182611407762,0.00716635438074
e2k0_diagonal,cosine_6,916,79.8455424039,79.8126577807,7.04168263326e-05,0.0328846231592,0.181112236285,0.00595580763974
e2k0_diagonal,cosine_6,918,79.8390913602,79.8127533325,0.000165968652766,0.0263380276614,0.179620672376,0.00473085423759
e2k0_diagonal,cosine_6,920,79.832668973,79.8128431928,0.000255828892449,0.0198257802189,0.17813671825,0.00353169942495
e2k0_diagonal,cosine_6,922,79.8264923207,79.812925949,0.000338585135438,0.0135663716679,0.176660375755,0.00239664031648
e2k0_diagonal,cosine_6,924,79.8207687703,79.8130004554,0.000413091535961,0.00776831491862,0.175191646367,0.00136094388009
e2k0_diagonal,cosine_6,926,79.8156885041,79.8130658632,0.000478499275673,0.00262264096297,0.173730531198,0.000455632807639
e2k0_diagonal,cosine_6,928,79.8114195296,79.8131216425,0.000534278602544,-0.00170211290887,0.172277030996,-0.00029323495836
e2k0_diagonal,cosine_6,930,79.8081011677,79.8131675885,0.000580224564771,-0.00506642071213,0.170831146142,-0.000865502457089
e2k0_diagonal,cosine_6,932,79.8058411014,79.8132038133,0.000616449418871,-0.00736271194008,0.169392876658,-0.00124719095554
e2k0_diagonal,cosine_6,934,79.804710843,79.8132307286,0.000643364757366,-0.00851988564929,0.167962222207,-0.0014310189266
e2k0_diagonal,cosine_6,936,79.8047429388,79.8132490169,0.00066165305256,-0.00850607815848,0.16653918209,-0.00141659529931
e2k0_diagonal,cosine_6,938,79.8059299745,79.813259595,0.000672231155065,-0.00732962057789,0.165123755255,-0.00121029447442
e2k0_diagonal,cosine_6,940,79.808223986,79.8132635726,0.0006762086783,-0.00503958659746,0.163715940293,-0.00082506065849
e2k0_diagonal,cosine_6,942,79.8115378611,79.8132622038,0.000674839914993,-0.00172434268005,0.162315735441,-0.000279887950265
e2k0_diagonal,cosine_6,944,79.8157480642,79.813256831,0.000669467068178,0.00249123323779,0.160923138587,0.000400897071578
e2k0_diagonal,cosine_6,946,79.8206995082,79.8132488203,0.000661456436887,0.00745068790603,0.159538147268,0.0011886689444
e2k0_diagonal,cosine_6,948,79.8262102471,79.8132394987,0.000652134778534,0.012970748459,0.158160758671,0.00205146341682
e2k0_diagonal,cosine_6,950,79.8320765965,79.8132300952,0.000642731269451,0.0188465013745,0.15679096964,0.00295496122484
e2k0_diagonal,cosine_6,952,79.8380802423,79.8132216884,0.000634324562071,0.0248585538183,0.155428776673,0.00386373460984
e2k0_diagonal,cosine_6,954,79.8439950848,79.8132151553,0.000627791435562,0.0307799294669,0.154074175925,0.00474239226765
e2k0_diagonal,cosine_6,956,79.8495941737,79.8132111254,0.000623761516636,0.0363830482932,0.152727163211,0.0055566797548
e2k0_diagonal,cosine_6,958,79.8546564153,79.8132099492,0.000622585351138,0.0414464660819,0.151387734007,0.00627448658276
e2k0_diagonal,cosine_6,960,79.8589733242,79.8132116774,0.000624313529073,0.0457616467986,0.150055883452,0.00686680433858
e2k0_diagonal,cosine_6,962,79.8623552716,79.8132160512,0.00062868736029,0.0491392203269,0.148731606349,0.00730855517397
e2k0_diagonal,cosine_6,964,79.8646369676,79.8132225078,0.000635143867072,0.0514144597986,0.147414897169,0.0075792573042
e2k0_diagonal,cosine_6,966,79.8656835941,79.8132302,0.000642836117947,0.0524533941368,0.14610575005,0.00766374249303
e2k0_diagonal,cosine_6,968,79.8653941396,79.8132380288,0.000650664919334,0.0521561108139,0.144804158803,0.00755242175283
e2k0_diagonal,cosine_6,970,79.8637057011,79.8132446845,0.000657320605114,0.0504610166067,0.143510116909,0.00724166639258
e2k0_diagonal,cosine_6,972,79.8605964519,79.8132486992,0.000661335275083,0.0473477527493,0.142223617526,0.00673396867771
e2k0_diagonal,cosine_6,974,79.8560862291,79.8132485064,0.000661142518567,0.042837722697,0.140944653485,0.00603774798164
e2k0_diagonal,cosine_6,976,79.8502369675,79.813242508,0.000655144107299,0.0369944595371,0.1396732173,0.00516713518583
e2k0_diagonal,cosine_6,978,79.8431504276,79.8132291461,0.000641782176672,0.0299212815692,0.138409301162,0.00414138367188
e2k0_diagonal,cosine_6,980,79.8349666431,79.8132069744,0.000619610467339,0.0217596687838,0.137152896946,0.00298440161029
e2k0_diagonal,cosine_6,982,79.8258609867,79.8131747254,0.000587361485003,0.0126862613404,0.135903996211,0.00172411361314
e2k0_diagonal,cosine_6,984,79.8160383486,79.8131313734,0.000544009515437,0.00290697516955,0.134662590203,0.000391460805987
e2k0_diagonal,cosine_6,986,79.8057269366,79.8130761921,0.000488828179769,-0.00734925547265,0.133428669855,-0.000980601382142
e2k0_diagonal,cosine_6,988,79.7951722751,79.813008801,0.000421437151871,-0.0178365259673,0.132202225794,-0.00235802843331
e2k0_diagonal,cosine_6,990,79.7846295766,79.812929201,0.000341837083994,-0.0282996243515,0.130983248337,-0.00370677672427
e2k0_diagonal,cosine_6,992,79.7743553251,79.8128377961,0.000250432190654,-0.0384824709697,0.129771727496,-0.00499393673607
e2k0_diagonal,cosine_6,994,79.7645997971,79.8127354021,0.000148038171034,-0.0481356049205,0.128567652983,-0.00618868174953
e2k0_diagonal,cosine_6,996,79.7556000266,79.8126232394,3.58754757315e-05,-0.0570232127134,0.127371014205,-0.00726310443651
e2k0_diagonal,cosine_6,998,79.7475721241,79.812502913,-8.4450899692e-05,-0.0649307888495,0.126181800272,-0.00819308383013
e2k0_diagonal,cosine_6,1000,79.7407055821,79.8123763761,-0.000210987832375,-0.0716707939923,0.125,-0.00895884924904
e2k0_diagonal,cosine_6,1002,79.735157961,79.8122458802,-0.000341483658275,-0.0770879192509,0.123825601907,-0.00954545800096
e2k0_diagonal,cosine_6,1004,79.7310506202,79.8121139154,-0.000473448474651,-0.0810632952589,0.122658594219,-0.00994310983922
e2k0_diagonal,cosine_6,1006,79.7284656994,79.81198314,-0.000604223847091,-0.0835174406673,0.121498964875,-0.0101472825901
e2k0_diagonal,cosine_6,1008,79.7274441875,79.8118563039,-0.000731059954262,-0.0844121164721,0.120346701522,-0.0101587197859
e2k0_diagonal,cosine_6,1010,79.7279854382,79.8117361663,-0.00085119758964,-0.0837507280548,0.119201791526,-0.00998323682576
e2k0_diagonal,cosine_6,1012,79.7300483285,79.8116254129,-0.000961951032934,-0.0815770843737,0.118064221966,-0.00963133499682
e2k0_diagonal,cosine_6,1014,79.7335524769,79.8115265748,-0.00106078910912,-0.0779740978584,0.11693397964,-0.00911782157146
e2k0_diagonal,cosine_6,1016,79.7383814412,79.811441952,-0.0011454119014,-0.0730605108186,0.11581105107,-0.00846121454962
e2k0_diagonal,cosine_6,1018,79.744386507,79.8113735431,-0.0012138207436,-0.0669870360943,0.114695422498,-0.00768310640672
e2k0_diagonal,cosine_6,1020,79.7513918342,79.8113229889,-0.00126437498774,-0.0599311547449,0.113587079893,-0.00680740486209
e2k0_diagonal,cosine_6,1022,79.759199426,79.8112915256,-0.00129583823963,-0.0520920996193,0.112486008952,-0.00585963238411
e2k0_diagonal,cosine_6,1024,79.7675954787,79.8112799502,-0.00130741367556,-0.0436844715373,0.111392195102,-0.00486610917641
e2k0_diagonal,cosine_6,1026,79.7763570984,79.8112886019,-0.00129876194293,-0.0349315035498,0.110305623502,-0.00385314127891
e2k0_diagonal,cosine_6,1028,79.7852586316,79.8113173584,-0.00127000549477,-0.0260587268401,0.109226279046,-0.00284629776941
e2k0_diagonal,cosine_6,1030,79.7940782232,79.8113656455,-0.0012217184034,-0.0172874222543,0.108154146365,-0.00186970639676
e2k0_diagonal,cosine_6,1032,79.8026037567,79.8114324603,-0.0011549035675,-0.00882870359673,0.107089209829,-0.000945458891991
e2k0_diagonal,cosine_6,1034,79.8106390493,79.811516406,-0.00107095784278,-0.000877356759673,0.106031453551,-9.3027412511e-05
e2k0_diagonal,cosine_6,1036,79.8180072726,79.8116157403,-0.000971623599298,0.0063915322732,0.104980861386,0.000670988563619
e2k0_diagonal,cosine_6,1038,79.8245558968,79.8117284316,-0.000858932284146,0.0128274651869,0.103937416937,0.00133325359738
e2k0_diagonal,cosine_6,1040,79.8301604484,79.8118522226,-0.000735141294371,0.0183082258351,0.102901103555,0.00188393664256
e2k0_diagonal,cosine_6,1042,79.8347256189,79.8119847021,-0.000602661813986,0.0227409168666,0.101871904341,0.00231666050768
e2k0_diagonal,cosine_6,1044,79.8381876323,79.8121233783,-0.000463985620826,0.0260642540083,0.100849802152,0.00262857485999
e2k0_diagonal,cosine_6,1046,79.8405145384,79.8122657496,-0.000321614246843,0.0282487887585,0.0998347795987,0.00282021159964
e2k0_diagonal,cosine_6,1048,79.8417059419,79.8124093782,-0.000177985726793,0.0292965637619,0.0988268190501,0.00289528620569
e2k0_diagonal,cosine_6,1050,79.8417918959,79.8125519569,-3.54069364334e-05,0.0292399389465,0.0978259026365,0.00286042342048
e2k0_diagonal,cosine_6,1052,79.8408306659,79.8126913679,0.000104004029268,0.028139297959,0.0968320122508,0.0027247848447
e2k0_diagonal,cosine_6,1054,79.8389070331,79.8128257311,0.000238367172415,0.0260813020572,0.0958451295514,0.00249976577454
e2k0_diagonal,cosine_6,1056,79.8361293444,79.8129534423,0.00036607842857,0.0231759021027,0.0948652359642,0.00219858742166
e2k0_diagonal,cosine_6,1058,79.8326259877,79.8130732007,0.000485836780626,0.0195527870509,0.0938923126855,0.00183585639565
e2k0_diagonal,cosine_6,1060,79.8285415328,79.813184024,0.000596660141468,0.0153575087764,0.092926340684,0.00142711709262
e2k0_diagonal,cosine_6,1062,79.8240332345,79.8132852539,0.000697890056699,0.0107479806012,0.0919673007037,0.00098846276391
e2k0_diagonal,cosine_6,1064,79.8192665428,79.8133765491,0.000789185235647,0.00588999371942,0.0910151732657,0.000536078798907
e2k0_diagonal,cosine_6,1066,79.8144113699,79.8134578671,0.000870503253154,0.000953502714921,0.0900699386712,8.58819310558e-05
e2k0_diagonal,cosine_6,1068,79.8096377643,79.8135294343,0.000942070430341,-0.00389167006273,0.0891315770037,-0.000346870689869
e2k0_diagonal,cosine_6,1070,79.8051119382,79.8135917091,0.00100434518195,-0.00847977090199,0.0882000681312,-0.000747916371292
e2k0_diagonal,cosine_6,1072,79.8009914707,79.8136453395,0.00105797558885,-0.0126538688191,0.0872753917094,-0.00110437135783
e2k0_diagonal,cosine_6,1074,79.7974222039,79.8136911152,0.00110375135628,-0.0162689113893,0.0863575271833,-0.00140494295754
e2k0_diagonal,cosine_6,1076,79.7945341954,79.8137299178,0.00114255396232,-0.0191957224151,0.08544645379,-0.00164020640831
e2k0_diagonal,cosine_6,1078,79.7924387601,79.8137626692,0.00117530531375,-0.0213239091276,0.0845421505615,-0.00180276913602
e2k0_diagonal,cosine_6,1080,79.7912259027,79.8137902795,0.00120291557403,-0.0225643767944,0.0836445963265,-0.00188738818833
e2k0_diagonal,cosine_6,1082,79.7909610202,79.8138135991,0.00122623517939,-0.0228525788747,0.0827537697135,-0.00189113704956
e2k0_diagonal,cosine_6,1084,79.7916836863,79.813833376,0.00124601216351,-0.0221496897497,0.0818696491529,-0.00181338732865
e2k0_diagonal,cosine_6,1086,79.7934059714,79.8138502184,0.00126285449647,-0.0204442469641,0.0809922128796,-0.00165582480228
e2k0_diagonal,cosine_6,1088,79.7961114537,79.8138645662,0.0012772023386,-0.0177531125153,0.0801214389352,-0.0014224049203
e2k0_diagonal,cosine_6,1090,79.7997550523,79.8138766748,0.00128931095566,-0.0141216225137,0.0792573051712,-0.00111924174508
e2k0_diagonal,cosine_6,1092,79.8042635428,79.8138866084,0.00129924452216,-0.00962306557517,0.0783997892507,-0.000754446313039
e2k0_diagonal,cosine_6,1094,79.8095367791,79.8138942426,0.00130687873893,-0.00435746349392,0.0775488686513,-0.000337916364143
e2k0_diagonal,cosine_6,1096,79.8154506882,79.8138992737,0.00131190979869,0.00155141451185,0.0767045206675,0.000119000506488
e2k0_diagonal,cosine_6,1098,79.8218596585,79.8139012374,0.00131387355071,0.00795842104105,0.0758667224131,0.000603779319968
e2k0_diagonal,cosine_6,1100,79.8285999746,79.813899536,0.00131217214303,0.0147004385296,0.0750354508239,0.00110305403238
e2k0_diagonal,cosine_6,1102,79.835495033,79.8138934695,0.00130610563428,0.0216015635252,0.0742106826601,0.00160306677573
e2k0_diagonal,cosine_6,1104,79.8423598705,79.813882272,0.00129490814726,0.0284775984303,0.0733923945086,0.00209003913865
e2k0_diagonal,cosine_6,1106,79.8490063587,79.81386515,0.00127778611363,0.0351412086868,0.0725805627858,0.00255056870346
e2k0_diagonal,cosine_6,1108,79.8552491053,79.8138413214,0.00125395752201,0.0414077838636,0.0717751637399,0.00297205046692
e2k0_diagonal,cosine_6,1110,79.8609099388,79.8138100563,0.0012226924409,0.0470998824498,0.0709761734536,0.0033429694264
e2k0_diagonal,cosine_6,1112,79.8658237333,79.8137707144,0.00118335054097,0.052053018832,0.0701835678464,0.0036532665788
e2k0_diagonal,cosine_6,1114,79.8698437685,79.813722779,0.00113541506764,0.056120989518,0.0693973226769,0.00389464641853
e2k0_diagonal,cosine_6,1116,79.8728452652,79.8136658877,0.00107852384048,0.0591793774264,0.0686174135461,0.00406073581426
e2k0_diagonal,cosine_6,1118,79.8747301351,79.8135998561,0.00101249219668,0.0611302789776,0.0678438158988,0.0041473113928
e2k0_diagonal,cosine_6,1120,79.8754302236,79.813524691,0.000937327135944,0.061905532592,0.067076505027,0.00415240676811
e2k0_diagonal,cosine_6,1122,79.8749093685,79.8134405986,0.000853234723564,0.0614687698873,0.066315456072,0.00407632950926
e2k0_diagonal,cosine_6,1124,79.8731659487,79.8133479839,0.00076061998368,0.0598179648135,0.0655606440268,0.00392170429755
e2k0_diagonal,cosine_6,1126,79.8702329011,79.8132474441,0.000660080206487,0.0569854570247,0.0648120437391,0.00369334393317
e2k0_diagonal,cosine_6,1128,79.8661769109,79.8131397545,0.00055239058419,0.0530371563895,0.064069629913,0.00339807098151
e2k0_diagonal,cosine_6,1130,79.8610974101,79.8130258474,0.000438483506485,0.048071562686,0.0633333771122,0.00304453440797
e2k0_diagonal,cosine_6,1132,79.8551232123,79.8129067893,0.000319425366911,0.0422164230589,0.0626032597623,0.002642885699
e2k0_diagonal,cosine_6,1134,79.8484090078,79.8127837554,0.000196391482291,0.035625252445,0.0618792521531,0.00220446397906
e2k0_diagonal,cosine_6,1136,79.8411311947,79.812658001,7.0637094268e-05,0.0284731937492,0.0611613284411,0.00174145835466
e2k0_diagonal,cosine_6,1138,79.8334819144,79.8125308316,-5.65323300918e-05,0.020951082837,0.0604494626524,0.00126648169948
e2k0_diagonal,cosine_6,1140,79.8256637333,79.8124035745,-0.000183789416411,0.0132601588094,0.0597436286846,0.000792210004207
e2k0_diagonal,cosine_6,1142,79.8178839721,79.812277548,-0.000309815902028,0.00560642408635,0.0590438003098,0.000331024584207
e2k0_diagonal,cosine_6,1144,79.8103483481,79.8121540303,-0.000433333581299,-0.00180568218175,0.0583499511766,-0.000105361467146
e2k0_diagonal,cosine_6,1146,79.8032545255,79.8120342344,-0.000553129508603,-0.00877970891975,0.0576620548131,-0.000506256056973
e2k0_diagonal,cosine_6,1148,79.7967864865,79.8119192877,-0.000668076166505,-0.015132801231,0.0569800846288,-0.000862268294811
e2k0_diagonal,cosine_6,1150,79.7911084201,79.8118102183,-0.000777145571817,-0.0207017981979,0.0563040139175,-0.00116559433385
e2k0_diagonal,cosine_6,1152,79.7863605139,79.8117079457,-0.000879418159244,-0.0253474317777,0.0556338158599,-0.00141017435204
e2k0_diagonal,cosine_6,1154,79.7826545969,79.8116132769,-0.00097408702905,-0.0289586799419,0.0549694635253,-0.00159184310081
e2k0_diagonal,cosine_6,1156,79.7800706592,79.8115269082,-0.00106045569947,-0.0314562490021,0.0543109298749,-0.00170841813368
e2k0_diagonal,cosine_6,1158,79.7786555354,79.811449429,-0.00113793486756,-0.0327938936363,0.0536581877638,-0.00175966090224
e2k0_diagonal,cosine_6,1160,79.7784214462,79.8113813244,-0.00120603946746,-0.0329598781975,0.0530112099435,-0.00174724302284
e2k0_diagonal,cosine_6,1162,79.7793456372,79.8113229829,-0.00126438102271,-0.0319773456869,0.0523699690646,-0.00167465260439
e2k0_diagonal,cosine_6,1164,79.7813716446,79.8112747073,-0.00131265657967,-0.029903062725,0.0517344376789,-0.00154701813495
e2k0_diagonal,cosine_6,1166,79.7844104941,79.8112367265,-0.00135063739174,-0.0268262324269,0.051104588242,-0.00137094356226
e2k0_diagonal,cosine_6,1168,79.7883433293,79.8112092051,-0.00137815878725,-0.0228658758297,0.0504803931157,-0.00115427840082
e2k0_diagonal,cosine_6,1170,79.7930256827,79.8111922514,-0.00139511248858,-0.0181665686908,0.0498618245706,-0.000905818261108
e2k0_diagonal,cosine_6,1172,79.7982911222,79.8111859237,-0.00140144022086,-0.0128948014964,0.0492488547881,-0.000635054206418
e2k0_diagonal,cosine_6,1174,79.8039560074,79.811190235,-0.00139712886946,-0.00723422765689,0.0486414558633,-0.000351883365278
e2k0_diagonal,cosine_6,1176,79.8098247417,79.8112051553,-0.00138220854767,-0.00138041365707,0.0480395998072,-6.63145196542e-05
e2k0_diagonal,cosine_6,1178,79.815694844,79.8112306117,-0.00135675221826,0.00446423232731,0.0474432585489,0.000211797728527
e2k0_diagonal,cosine_6,1180,79.8213633493,79.8112664862,-0.00132087768384,0.010096863133,0.0468524039384,0.000473062310018
e2k0_diagonal,cosine_6,1182,79.8266330464,79.8113126101,-0.00127475380793,0.0153204363158,0.0462670077488,0.000708830745737
e2k0_diagonal,cosine_6,1184,79.8313175941,79.8113687544,-0.00121860951069,0.0199488397186,0.0456870416784,0.000911403471661
e2k0_diagonal,cosine_6,1186,79.835247403,79.8114346201,-0.0011527438144,0.0238127829472,0.0451124773537,0.00107425363143
e2k0_diagonal,cosine_6,1188,79.8382745913,79.8115098266,-0.00107753730489,0.0267647647376,0.0445432863312,0.00119219057929
e2k0_diagonal,cosine_6,1190,79.8402770759,79.8115939008,-0.000993463090822,0.0286831750797,0.0439794401002,0.0012614699803
e2k0_diagonal,cosine_6,1192,79.8411624726,79.8116862683,-0.000901095618133,0.0294762043611,0.0434209100847,0.0012798836192
e2k0_diagonal,cosine_6,1194,79.8408703267,79.811786248,-0.000801115884173,0.0290840787328,0.0428676676462,0.00124676662091
e2k0_diagonal,cosine_6,1196,79.8393740306,79.8118930512,-0.000694312685738,0.0274809794412,0.0423196840857,0.00116298636832
e2k0_diagonal,cosine_6,1198,79.836682032,79.812005782,-0.000581581921665,0.0246762500184,0.0417769306464,0.00103089798563
e2k0_diagonal,cosine_6,1200,79.8328370192,79.812123442,-0.000463921922574,0.020713577224,0.0412393785157,0.000854215051553
e2k0_diagonal,cosine_6,1202,79.8279149028,79.8122449404,-0.000342423528153,0.0156699624881,0.0407069988274,0.000637877144629
e2k0_diagonal,cosine_6,1204,79.8220233622,79.8123691064,-0.000218257453156,0.00965425579297,0.0401797626647,0.000387905706466
e2k0_diagonal,cosine_6,1206,79.8152984876,79.8124947066,-9.2657296932e-05,0.00280378104139,0.0396576410617,0.000111191342155
e2k0_diagonal,cosine_6,1208,79.8079016529,79.8126204645,3.31006131944e-05,-0.00471881163371,0.0391406050063,-0.000184697142254
e2k0_diagonal,cosine_6,1210,79.8000152041,79.812745082,0.000157718158135,-0.01272987797,0.0386286254419,-0.000491737688025
e2k0_diagonal,cosine_6,1212,79.7918372222,79.812867263,0.000279899107923,-0.0210300407748,0.0381216732704,-0.000801700343281
e2k0_diagonal,cosine_6,1214,79.7835766298,79.8129857405,0.000398376663213,-0.0294091107219,0.0376197193539,-0.00110636249181
e2k0_diagonal,cosine_6,1216,79.7754471501,79.8130993087,0.000511944860648,-0.0376521586722,0.0371227345171,-0.00139775109039
e2k0_diagonal,cosine_6,1218,79.7676618017,79.8132068536,0.000619489669859,-0.0455450518104,0.0366306895497,-0.00166834665339
e2k0_diagonal,cosine_6,1220,79.7604276003,79.8133073803,0.000720016379489,-0.0528797799662,0.0361435552084,-0.00191126324662
e2k0_diagonal,cosine_6,1222,79.7539394592,79.8134000374,0.000812673562905,-0.05946057828,0.0356613022195,-0.00212044165219
e2k0_diagonal,cosine_6,1224,79.7483749185,79.8134841382,0.000896774279028,-0.0651092196294,0.0351839012807,-0.00229079635591
e2k0_diagonal,cosine_6,1226,79.7438896017,79.8135591771,0.000971813241961,-0.0696695754565,0.0347113230636,-0.00241832314138
e2k0_diagonal,cosine_6,1228,79.7406124142,79.8136248428,0.00103747893198,-0.0730124286646,0.0342435382158,-0.0025002038912
e2k0_diagonal,cosine_6,1230,79.7386417649,79.8136810239,0.00109366005853,-0.0750392590398,0.033780517363,-0.0025348649929
e2k0_diagonal,cosine_6,1232,79.7380430233,79.8137278081,0.00114044417904,-0.0756847847197,0.0333222311116,-0.00252198588806
e2k0_diagonal,cosine_6,1234,79.7388467397,79.8137654721,0.00117810826096,-0.0749187324433,0.0328686500501,-0.00246247759887
e2k0_diagonal,cosine_6,1236,79.7410471543,79.8137944672,0.00120710331342,-0.0727473128672,0.0324197447521,-0.00235844931456
e2k0_diagonal,cosine_6,1238,79.744602147,79.8138153965,0.00122803264372,-0.0692132495014,0.031975485778,-0.00221312727508
e2k0_diagonal,cosine_6,1240,79.7494343159,79.8138289891,0.0012416252583,-0.0643946732577,0.0315358436771,-0.00203074034949
e2k0_diagonal,cosine_6,1242,79.7554330322,79.8138360686,0.0012487047412,-0.0584030363801,0.0311007889899,-0.00181638051083
e2k0_diagonal,cosine_6,1244,79.7624574883,79.8138375167,0.0012501528572,-0.0513800284299,0.0306702922503,-0.00157584048777
e2k0_diagonal,cosine_6,1246,79.7703408747,79.8138342361,0.00124687224417,-0.0434933614686,0.0302443239873,-0.00131542731555
e2k0_diagonal,cosine_6,1248,79.7788948685,79.8138271114,0.00123974748867,-0.0349322428951,0.0298228547276,-0.00104177920517
e2k0_diagonal,cosine_6,1250,79.7879148378,79.8138169692,0.00122960532761,-0.0259021314449,0.0294058549974,-0.000761674321391
e2k0_diagonal,cosine_6,1252,79.7971857589,79.8138045473,0.00121718340969,-0.0166187883556,0.0289932953244,-0.000481833438728
e2k0_diagonal,cosine_6,1254,79.8064878918,79.8137904686,0.00120310467688,-0.00730257679187,0.0285851462402,-0.000208745225526
e2k0_diagonal,cosine_6,1256,79.8156029241,79.8137752164,0.00118785253348,0.00182770770265,0.0281813782819,5.1507322157e-05
e2k0_diagonal,cosine_6,1258,79.8243206435,79.8137591139,0.00117175004667,0.0105615295536,0.0277819619947,0.000293420012663
e2k0_diagonal,cosine_6,1260,79.8324446706,79.8137423082,0.00115494436105,0.01870236238,0.0273868679331,0.000512199128539
e2k0_diagonal,cosine_6,1262,79.8397970543,79.8137247624,0.00113739853103,0.0260722919262,0.026996066664,0.000703849330922
e2k0_diagonal,cosine_6,1264,79.8462236422,79.8137062572,0.00111889326995,0.0325173850212,0.0266095287676,0.00086527229217
e2k0_diagonal,cosine_6,1266,79.8515975426,79.8136864008,0.00109903691978,0.0379111417608,0.0262272248402,0.000994304038909
e2k0_diagonal,cosine_6,1268,79.8558220496,79.8136646474,0.00107728354928,0.042157402132,0.0258491254958,0.00108973197829
e2k0_diagonal,cosine_6,1270,79.8588336317,79.8136403212,0.00105295732119,0.0451933104853,0.0254752013681,0.0011513086851
e2k0_diagonal,cosine_6,1272,79.8606027384,79.8136126462,0.00102528234265,0.0469900921856,0.0251054231125,0.00117970614641
e2k0_diagonal,cosine_6,1274,79.8611340586,79.8135807808,0.000993416950706,0.0475532777575,0.024739761408,0.00117645674589
e2k0_diagonal,cosine_6,1276,79.8604663355,79.8135438541,0.000956490234216,0.0469224814054,0.0243781869593,0.00114388502429
e2k0_diagonal,cosine_6,1278,79.8586704411,79.8135010075,0.000913643640899,0.045169433621,0.0240206704982,0.0010850000816
e2k0_diagonal,cosine_6,1280,79.8558473568,79.8134514412,0.000864077350315,0.0423959155256,0.0236671827863,0.00100339188213
e2k0_diagonal,cosine_6,1282,79.8521257104,79.8133944595,0.000807095591057,0.0387312509053,0.023317694616,0.000903123480707
e2k0_diagonal,cosine_6,1284,79.8476576381,79.8133295137,0.000742149792245,0.0343281244692,0.0229721768132,0.000788591744974
e2k0_diagonal,cosine_6,1286,79.8426149612,79.8132562429,0.000668879060839,0.02935871821,0.0226306002385,0.000664405415326
e2k0_diagonal,cosine_6,1288,79.8371845843,79.8131745078,0.000587143911986,0.0240100765193,0.0222929357894,0.000535255094144
e2k0_diagonal,cosine_6,1290,79.8315632076,79.8130844175,0.000497053629545,0.0184787901104,0.021959154402,0.000405778605197
e2k0_diagonal,cosine_6,1292,79.8259518357,79.8129863496,0.000398985676156,0.0129654860937,0.0216292270529,0.000280433442571
e2k0_diagonal,cosine_6,1294,79.8205498103,79.8128809585,0.000293594659141,0.00766885178254,0.0213031247608,0.000163370506295
e2k0_diagonal,cosine_6,1296,79.8155483104,79.8127691774,0.000181813524648,0.00277913295524,0.0209808185886,5.83084843674e-05
e2k0_diagonal,cosine_6,1298,79.8111252552,79.8126522069,6.48430187482e-05,-0.00152695175021,0.0206622796448,-3.1550304067e-05
e2k0_diagonal,cosine_6,1300,79.8074394742,79.8125314926,-5.58713147427e-05,-0.00509201833067,0.0203474790858,-0.000103609736488
e2k0_diagonal,cosine_6,1302,79.8046245096,79.8124086953,-0.000178668603994,-0.00778418571913,0.0200363881171,-0.000155966966244
e2k0_diagonal,cosine_6,1304,79.8027850244,79.8122856534,-0.000301710514989,-0.00950062893402,0.019728977995,-0.000187437699178
e2k0_diagonal,cosine_6,1306,79.8019940144,79.812164334,-0.000423029901185,-0.0101703195874,0.019425220029,-0.00019756069575
e2k0_diagonal,cosine_6,1308,79.8022896704,79.8120467794,-0.000540584443002,-0.00975710909239,0.0191250855827,-0.000186605546432
e2k0_diagonal,cosine_6,1310,79.8036749399,79.8119350493,-0.00065231462068,-0.00826010932205,0.0188285460761,-0.000155525848964
e2k0_diagonal,cosine_6,1312,79.806117402,79.8118311586,-0.000756205306345,-0.00571375662896,0.0185355729866,-0.000105907753024
e2k0_diagonal,cosine_6,1314,79.8095502198,79.811737019,-0.000850344861078,-0.00218679918362,0.0182461378516,-3.9900639358e-05
e2k0_diagonal,cosine_6,1316,79.8138752941,79.8116543814,-0.000932982479782,0.00222091269677,0.017960212269,3.9888063465e-05
e2k0_diagonal,cosine_6,1318,79.8189657192,79.811584782,-0.00100258192751,0.00738093729123,0.0176777679,0.000130478496319
e2k0_diagonal,cosine_6,1320,79.8246696166,79.8115294964,-0.00105786744888,0.0131401201158,0.0173987764696,0.000228622012679
e2k0_diagonal,cosine_6,1322,79.8308155286,79.811489501,-0.00109786290952,0.0193260276403,0.0171232097692,0.000330923625289
e2k0_diagonal,cosine_6,1324,79.8372173637,79.8114654408,-0.0011219230451,0.0257519228511,0.0168510396572,0.000433946673213
e2k0_diagonal,cosine_6,1326,79.8436797815,79.8114576106,-0.00112975329782,0.0322221709332,0.0165822380615,0.000534315709272
e2k0_diagonal,cosine_6,1328,79.85000471,79.8114659436,-0.00112142027324,0.038538766349,0.0163167769803,0.000628828455614
e2k0_diagonal,cosine_6,1330,79.8559968585,79.8114900114,-0.00109735244038,0.044506847075,0.0160546284842,0.000714540894791
e2k0_diagonal,cosine_6,1332,79.8614690706,79.811529036,-0.0010583278723,0.049940034597,0.0157957647172,0.000788841036461
e2k0_diagonal,cosine_6,1334,79.8662480064,79.811581913,-0.00100545092099,0.054666093406,0.0155401578986,0.000849519723227
e2k0_diagonal,cosine_6,1336,79.8701787059,79.8116472472,-0.000940116640692,0.0585314587001,0.0152877803243,0.000894816082668
e2k0_diagonal,cosine_6,1338,79.8731289569,79.8117233964,-0.000863967468987,0.0614055604549,0.0150386043684,0.000923453929699
e2k0_diagonal,cosine_6,1340,79.8749930627,79.8118085175,-0.000778846344787,0.0631845451646,0.0147926024844,0.000934663859776
e2k0_diagonal,cosine_6,1342,79.8756939718,79.8119006207,-0.000686743219887,0.0637933511568,0.0145497472069,0.00092817713281
e2k0_diagonal,cosine_6,1344,79.8751859032,79.8119976281,-0.000589735802635,0.063188275164,0.0143100111529,0.000904224922327
e2k0_diagonal,cosine_6,1346,79.8734544128,79.8120974349,-0.000489928967184,0.0613569778826,0.0140733670232,0.000863499269173
e2k0_diagonal,cosine_6,1348,79.8705166586,79.8121979689,-0.000389395027511,0.0583186897804,0.0138397876038,0.000807118279892
e2k0_diagonal,cosine_6,1350,79.8664203867,79.8122972489,-0.000290115028079,0.0541231378671,0.0136092457674,0.000736575084936
e2k0_diagonal,cosine_6,1352,79.8612411374,79.8123934402,-0.000193923670167,0.0488476971937,0.0133817144745,0.000653665936582
e2k0_diagonal,cosine_6,1354,79.8550800477,79.812484904,-0.000102459886222,0.0425951436886,0.0131571667749,0.000560431409312
e2k0_diagonal,cosine_6,1356,79.8480601403,79.8125702371,-1.71268080749e-05,0.035489903215,0.0129355758091,0.000459082333495
e2k0_diagonal,cosine_6,1358,79.8403226294,79.8126483008,6.09368954798e-05,0.0276743286123,0.0127169148093,0.000351932079368
e2k0_diagonal,cosine_6,1360,79.8320230699,79.8127182432,0.000130879327656,0.0193048266507,0.0125011571012,0.000241332670772
e2k0_diagonal,cosine_6,1362,79.8233267804,79.8127795106,0.00019214672345,0.0105472697602,0.0122882761047,0.000129607762965
e2k0_diagonal,cosine_6,1364,79.8144050468,79.8128318459,0.000244482010217,0.00157320087375,0.0120782453356,1.90015061154e-05
e2k0_diagonal,cosine_6,1366,79.8054308006,79.812875281,0.000287917087547,-0.00744448032501,0.0118710384066,-8.83737118551e-05
e2k0_diagonal,cosine_6,1368,79.7965743614,79.8129101201,0.000322756259209,-0.0163357587244,0.0116666290285,-0.000190583236937
e2k0_diagonal,cosine_6,1370,79.7880008217,79.812936914,0.00034955010932,-0.0249360922776,0.0114649910117,-0.000285892073829
e2k0_diagonal,cosine_6,1372,79.7798661157,79.8129564267,0.000369062791833,-0.0330903109969,0.0112660982671,-0.000372798695379
e2k0_diagonal,cosine_6,1374,79.7723143628,79.8129695931,0.000382229173326,-0.040655230217,0.0110699248072,-0.000450050341524
e2k0_diagonal,cosine_6,1376,79.7654758649,79.81297747,0.000390106154697,-0.0475016050923,0.0108764447478,-0.00051664858322
e2k0_diagonal,cosine_6,1378,79.7594644181,79.8129811873,0.00039382342338,-0.0535167692379,0.0106856323085,-0.000571860518414
e2k0_diagonal,cosine_6,1380,79.7543756825,79.8129818978,0.000394533915369,-0.0586062152965,0.010497461814,-0.00061521650714
e2k0_diagonal,cosine_6,1382,79.7502853695,79.8129807301,0.000393366233268,-0.0626953606048,0.0103119076956,-0.000646508771498
e2k0_diagonal,cosine_6,1384,79.7472483135,79.8129787428,0.000391378919403,-0.0657304292812,0.0101289444917,-0.000665779869603
e2k0_diagonal,cosine_6,1386,79.7452983665,79.8129768816,0.000389517683999,-0.0676785151005,0.00994854684929,-0.000673302878167
e2k0_diagonal,cosine_6,1388,79.7444475797,79.8129759421,0.000388578183518,-0.0685283623814,0.00977068952489,-0.000669569352478
e2k0_diagonal,cosine_6,1390,79.744685924,79.8129765396,0.000389175694949,-0.0682906155902,0.00959534738553,-0.00065527217976
e2k0_diagonal,cosine_6,1392,79.7459822304,79.8129790904,0.000391726527965,-0.0669968599734,0.00942249540982,-0.000631277605571
e2k0_diagonal,cosine_6,1394,79.7482842769,79.8129838028,0.0003964388751,-0.0646995258256,0.00925210868896,-0.000598607045062
e2k0_diagonal,cosine_6,1396,79.751519666,79.8129906753,0.000403311373901,-0.061471009304,0.00908416242772,-0.000558412633114
e2k0_diagonal,cosine_6,1398,79.7555968433,79.8129995065,0.000412142597753,-0.0574026631882,0.0089186319454,-0.000511953225662
e2k0_diagonal,cosine_6,1400,79.7604057207,79.8130099149,0.000422551040145,-0.0526041942698,0.00875549267682,-0.0004605756377
e2k0_diagonal,cosine_6,1402,79.765820073,79.8130213672,0.000434003324557,-0.047201294252,0.00859472017322,-0.000405681915909
e2k0_diagonal,cosine_6,1404,79.7717006405,79.8130332115,0.000445847592118,-0.0413325710255,0.00843629010318,-0.000348693559882
e2k0_diagonal,cosine_6,1406,79.7778970147,79.8130447131,0.000457349232704,-0.0351476983762,0.00828017825356,-0.000291029207757
e2k0_diagonal,cosine_6,1408,79.7842520147,79.8130550939,0.000467729996586,-0.0288030792128,0.00812636053035,-0.000234064206067
e2k0_diagonal,cosine_6,1410,79.79060478,79.8130635747,0.000476210832744,-0.0224587947654,0.00797481295957,-0.000179104687551
e2k0_diagonal,cosine_6,1412,79.7967950277,79.8130694145,0.000482050646269,-0.0162743868398,0.00782551168809,-0.000127355404431
e2k0_diagonal,cosine_6,1414,79.8026692118,79.8130719468,0.000484582928252,-0.0104027350239,0.00767843298449,-7.98767037362e-05
e2k0_diagonal,cosine_6,1416,79.8080830017,79.8130706149,0.000483251052458,-0.00498761323806,0.00753355323987,-3.75744498688e-05
e2k0_diagonal,cosine_6,1418,79.8129071311,79.8130650019,0.000477638013621,-0.000157870816622,0.00739084896866,-1.16679936221e-06
e2k0_diagonal,cosine_6,1420,79.817030576,79.8130548525,0.0004674886206,0.00397572344988,0.00725029680938,2.88251750437e-05
e2k0_diagonal,cosine_6,1422,79.8203647428,79.8130400873,0.000452723432147,0.00732465544679,0.00711187352544,5.2092023155e-05
e2k0_diagonal,cosine_6,1424,79.8228465755,79.8130208085,0.000433444660672,0.00982576693397,0.00697555600586,6.85401875485e-05
e2k0_diagonal,cosine_6,1426,79.8244403613,79.8129972971,0.00040993322223,0.0114430642034,0.00684132126604,7.82856784836e-05
e2k0_diagonal,cosine_6,1428,79.8251388652,79.8129700015,0.000382637643952,0.0121688636758,0.00670914644844,8.1642688512e-05
e2k0_diagonal,cosine_6,1430,79.8249627039,79.8129395184,0.00035215454821,0.0120231854259,0.00657900882331,7.91006430011e-05
e2k0_diagonal,cosine_6,1432,79.8239602597,79.8129065667,0.000319202837801,0.0110536930143,0.00645088578933,7.13061111855e-05
e2k0_diagonal,cosine_6,1434,79.8222054524,79.8128719595,0.000284595572452,0.00933349294331,0.00632475487433,5.90320549877e-05
e2k0_diagonal,cosine_6,1436,79.8197941081,79.8128365727,0.000249208776623,0.00695753546053,0.00620059373591,4.31408507939e-05
e2k0_diagonal,cosine_6,1438,79.8168415054,79.8128013111,0.000213947185813,0.00404019428308,0.00607838016208,2.45578367812e-05
e2k0_diagonal,cosine_6,1440,79.8134777636,79.812767074,0.000179710158235,0.00071068957719,0.00595809207185,4.2343539354e-06
e2k0_diagonal,cosine_6,1442,79.8098436678,79.8127347228,0.000147358921339,-0.00289105503126,0.00583970751588,-1.68829157948e-05
e2k0_diagonal,cosine_6,1444,79.8060869039,79.8127050498,0.000117685899866,-0.00661814584929,0.005723204677,-3.78770032777e-05
e2k0_diagonal,cosine_6,1446,79.8023570044,79.812678751,9.1387085547e-05,-0.0103217465662,0.00560856187084,-5.78901542316e-05
e2k0_diagonal,cosine_6,1448,79.7988007691,79.8126564015,6.90375972852e-05,-0.0138556323636,0.00549575754633,-7.61471961216e-05
e2k0_diagonal,cosine_6,1450,79.7955583124,79.8126384382,5.10743126085e-05,-0.017080125772,0.00538477028625,-9.19725537426e-05
e2k0_diagonal,cosine_6,1452,79.792759771,79.8126251488,3.77848817266e-05,-0.0198653778085,0.00527557880773,-0.000104801366174
e2k0_diagonal,cosine_6,1454,79.7905207718,79.8126166652,2.93012857782e-05,-0.0220958933468,0.00516816196278,-0.000114195155529
e2k0_diagonal,cosine_6,1456,79.7889411275,79.8126129646,2.56007501775e-05,-0.023671837145,0.00506249873875,-0.00011983864569
e2k0_diagonal,cosine_6,1458,79.7881008578,79.8126138771,2.65132057677e-05,-0.0245130192484,0.00495856825879,-0.000121549479172
e2k0_diagonal,cosine_6,1460,79.7880583562,79.8126191004,3.17364701345e-05,-0.0245607441826,0.00485634978231,-0.000119275564665
e2k0_diagonal,cosine_6,1462,79.7888495549,79.8126282172,4.08532945357e-05,-0.0237786622793,0.00475582270542,-0.000113087101972
e2k0_diagonal,cosine_6,1464,79.7904855602,79.8126407165,5.33525784192e-05,-0.0221551563099,0.00465696656133,-0.000103175822096
e2k0_diagonal,cosine_6,1466,79.7929529922,79.8126560228,6.86589269208e-05,-0.0197030306516,0.00455976102075,-8.98411111556e-05
e2k0_diagonal,cosine_6,1468,79.7962146575,79.812673526,8.61621549717e-05,-0.0164588685831,0.00446418589228,-7.34754489317e-05
e2k0_diagonal,cosine_6,1470,79.8002099591,79.8126926074,0.000105243499718,-0.012482648301,0.00437022112279,-5.45519332734e-05
e2k0_diagonal,cosine_6,1472,79.804857311,79.8127126638,0.000125299915652,-0.00785535276133,0.00427784679775,-3.36039956552e-05
e2k0_diagonal,cosine_6,1474,79.810056091,79.8127331305,0.000145766618274,-0.00267703951766,0.00418704314156,-1.12088799521e-05
e2k0_diagonal,cosine_6,1476,79.8156895385,79.8127535022,0.00016613831751,0.00293603631071,0.0040977905179,1.20312617542e-05
e2k0_diagonal,cosine_6,1478,79.8216274564,79.8127733494,0.000185985502654,0.00885410696552,0.00401006942999,3.55055836723e-05
e2k0_diagonal,cosine_6,1480,79.8277300018,79.812792329,0.000204965101887,0.0149376728098,0.00392386052092,5.8613344613e-05
e2k0_diagonal,cosine_6,1482,79.8338514583,79.8128101921,0.000222828206574,0.0210412662249,0.0038391445739,8.07804630553e-05
e2k0_diagonal,cosine_6,1484,79.8398443014,79.812826786,0.000239422129255,0.0270175153878,0.0037559025125,0.000101475153927
e2k0_diagonal,cosine_6,1486,79.8455630457,79.8128420496,0.000254685725935,0.0327209960846,0.0036741154009,0.000120220715647
e2k0_diagonal,cosine_6,1488,79.8508680263,79.8128560055,0.000268641617339,0.0380120207691,0.00359376444414,0.00013660624869
e2k0_diagonal,cosine_6,1490,79.8556295741,79.8128687477,0.000281383812393,0.0427608264278,0.00351483098829,0.000150297077813
e2k0_diagonal,cosine_6,1492,79.8597322084,79.8128804226,0.000293058701402,0.0468517858085,0.00343729652064,0.000161043480345
e2k0_diagonal,cosine_6,1494,79.8630769361,79.8128912078,0.00030384388694,0.050185728321,0.00336114266992,0.000168681392881
e2k0_diagonal,cosine_6,1496,79.8655846073,79.8129012904,0.000313926511566,0.0526833168618,0.00328635120641,0.000173135881926
e2k0_diagonal,cosine_6,1498,79.8671980628,79.8129108473,0.000323483412217,0.0542872154524,0.00321290404211,0.000174419613962
e2k0_diagonal,cosine_6,1500,79.8678836513,79.8129200269,0.000332662994609,0.0549636244394,0.00314078323089,0.000172628829948
e2k0_diagonal,cosine_6,1502,79.8676324785,79.8129289298,0.000341565937305,0.0547035486898,0.00306997096853,0.000167938306353
e2k0_diagonal,cosine_6,1504,79.8664604169,79.8129375928,0.000350228907564,0.0535228240967,0.00300044959293,0.000160592535773
e2k0_diagonal,cosine_6,1506,79.8644076536,79.8129459773,0.000358613437371,0.0514616763191,0.00293220158408,0.000150896008822
e2k0_diagonal,cosine_6,1508,79.8615375866,79.8129539624,0.000366598498573,0.0485836242217,0.00286520956422,0.000139202264785
e2k0_diagonal,cosine_6,1510,79.8579345165,79.8129613399,0.000373976060587,0.044973176527,0.00279945629783,0.000125900442262
e2k0_diagonal,cosine_6,1512,79.8537012818,79.8129678145,0.000380450644855,0.0407334673003,0.00273492469173,0.000111402965499
e2k0_diagonal,cosine_6,1514,79.848955338,79.8129730099,0.000385646057993,0.0359823280529,0.00267159779502,9.61303082859e-05
e2k0_diagonal,cosine_6,1516,79.8438253757,79.8129764819,0.000389118047664,0.030848893725,0.00260945879918,8.04989171757e-05
e2k0_diagonal,cosine_6,1518,79.8384476767,79.8129777316,0.000390367748139,0.0254699451013,0.00254849103801,6.49099268293e-05
e2k0_diagonal,cosine_6,1520,79.8329618716,79.8129762235,0.00038885964463,0.0199856481194,0.00248867798761,4.97378425429e-05
e2k0_diagonal,cosine_6,1522,79.8275068254,79.812971411,0.000384047105157,0.0145354144519,0.00243000326637,3.53211045961e-05
e2k0_diagonal,cosine_6,1524,79.8222169218,79.8129627647,0.000375400859937,0.00925415702044,0.00237245063492,2.19550306987e-05
e2k0_diagonal,cosine_6,1526,79.8172178888,79.8129498007,0.000362436785906,0.00426808812135,0.00231600399603,9.88490914444e-06
e2k0_diagonal,cosine_6,1528,79.8126247526,79.8129321064,0.000344742515523,-0.000307353843766,0.00226064739458,-6.94818666123e-07
e2k0_diagonal,cosine_6,1530,79.8085384481,79.8129093691,0.000322005248449,-0.00437092099786,0.00220636501743,-9.64384718363e-06
e2k0_diagonal,cosine_6,1532,79.8050433709,79.8128814016,0.000294037723165,-0.0078380307139,0.00215314119335,-1.68763868049e-05
e2k0_diagonal,cosine_6,1534,79.8022066478,79.8128481637,0.000260799805062,-0.0106415158828,0.00210096039287,-2.23574033898e-05
e2k0_diagonal,cosine_6,1536,79.8000765339,79.8128097791,0.000222415206764,-0.0127332452239,0.00204980722814,-2.61006980975e-05
e2k0_diagonal,cosine_6,1538,79.7986814832,79.8127665437,0.00017917977118,-0.0140850604245,0.00199966645283,-2.81654228169e-05
e2k0_diagonal,cosine_6,1540,79.7980298347,79.812718926,0.000131562143821,-0.0146890913564,0.00195052296191,-2.86514099801e-05
e2k0_diagonal,cosine_6,1542,79.7981093406,79.8126675617,8.01977711404e-05,-0.0145582210174,0.00190236179152,-2.76950034161e-05
e2k0_diagonal,cosine_6,1544,79.7988875763,79.8126132393,2.58754168385e-05,-0.0137256629842,0.00185516811877,-2.54634123773e-05
e2k0_diagonal,cosine_6,1546,79.8003125323,79.8125568825,-3.04814149672e-05,-0.0122443502063,0.0018089272615,-2.21491388875e-05
e2k0_diagonal,cosine_6,1548,79.8023131289,79.8124995253,-8.78385658609e-05,-0.010186396469,0.00176362467814,-1.79649801941e-05
e2k0_diagonal,cosine_6,1550,79.8048015741,79.8124422817,-0.00014508219175,-0.0076407076315,0.0017192459674,-1.31362557835e-05
e2k0_diagonal,cosine_6,1552,79.8076752526,79.8123863108,-0.000201053040655,-0.0047110582191,0.0016757768681,-7.89468238783e-06
e2k0_diagonal,cosine_6,1554,79.810819202,79.8123327828,-0.000254581071928,-0.00151358081116,0.00163320325885,-2.47198511332e-06
e2k0_diagonal,cosine_6,1556,79.814109646,79.8122828412,-0.000304522675236,0.00182680480532,0.00159151115784,2.90738023086e-06
e2k0_diagonal,cosine_6,1558,79.8174174329,79.8122375646,-0.000349799269344,0.00517986823556,0.00155068672253,8.03235289733e-06
e2k0_diagonal,cosine_6,1560,79.8206120762,79.8121979319,-0.000389432030644,0.00841414438555,0.00151071624935,1.27113846476e-05
e2k0_diagonal,cosine_6,1562,79.823565219,79.8121647888,-0.000422575051175,0.0114004301563,0.00147158617342,1.67767153891e-05
e2k0_diagonal,cosine_6,1564,79.8261548699,79.8121388166,-0.000448547269855,0.0140160532897,0.00143328306822,2.00889718634e-05
e2k0_diagonal,cosine_6,1566,79.8282692501,79.8121205064,-0.000466857492526,0.0161487436675,0.00139579364523,2.25403137896e-05
e2k0_diagonal,cosine_6,1568,79.8298099245,79.8121101427,-0.000477221152266,0.0176997818001,0.00135910475366,2.40558575832e-05
e2k0_diagonal,cosine_6,1570,79.8306948564,79.8121077935,-0.000479570358834,0.0185870628264,0.00132320338001,2.45944643563e-05
e2k0_diagonal,cosine_6,1572,79.8308611177,79.8121133074,-0.000474056493303,0.0187478103364,0.00128807664776,2.4148616691e-05
e2k0_diagonal,cosine_6,1574,79.8302669247,79.8121263185,-0.00046104541326,0.0181406062051,0.00125371181699,2.27430923667e-05
e2k0_diagonal,cosine_6,1576,79.8288927258,79.8121462576,-0.000441106310689,0.0167464682148,0.00122009628395,2.04323036382e-05
e2k0_diagonal,cosine_6,1578,79.8267415776,79.812172373,-0.000414990911821,0.0145692046631,0.00118721758069,1.72968159127e-05
e2k0_diagonal,cosine_6,1580,79.8238389022,79.8122037603,-0.000383603559015,0.0116351418797,0.00115506337464,1.3439326244e-05
e2k0_diagonal,cosine_6,1582,79.8202314999,79.8122393967,-0.00034796720621,0.00799210318723,0.00112362146819,8.98009871718e-06
e2k0_diagonal,cosine_6,1584,79.8159866045,79.8122781782,-0.000309185711615,0.00370842633593,0.00109287979824,4.0528642258e-06
e2k0_diagonal,cosine_6,1586,79.8111894751,79.8123189602,-0.000268403681105,-0.00112948510807,0.00106282643575,-1.20044663164e-06
e2k0_diagonal,cosine_6,1588,79.8059408899,79.8123605988,-0.000226765055146,-0.00641970890395,0.00103344958531,-6.6344455046e-06
e2k0_diagonal,cosine_6,1590,79.8003549127,79.8124019923,-0.000185371570751,-0.0120470796511,0.00100473758463,-1.21041537105e-05
e2k0_diagonal,cosine_6,1592,79.7945550422,79.8124421203,-0.000145243622484,-0.0178870780482,0.000976678904101,-1.74699317857e-05
e2k0_diagonal,cosine_6,1594,79.788671368,79.8124800799,-0.000107283936771,-0.0238087118997,0.000949262146259,-2.26007089576e-05
e2k0_diagonal,cosine_6,1596,79.7828374788,79.8125151189,-7.22449438229e-05,-0.0296776401239,0.000922476045323,-2.7376912096e-05
e2k0_diagonal,cosine_6,1598,79.7771866545,79.8125466615,-4.07023999713e-05,-0.0353600069447,0.000896309466658,-3.16935089656e-05
e2k0_diagonal,cosine_6,1600,79.7718490881,79.8125743259,-1.3037969552e-05,-0.0407252377832,0.000870751406263,-3.54615580702e-05
e2k0_diagonal,cosine_6,1602,79.7669486982,79.812597934,1.05701545294e-05,-0.0456492358018,0.000845790990234,-3.86097123522e-05
e2k0_diagonal,cosine_6,1604,79.7625997128,79.8126175147,3.01508154337e-05,-0.0500178019226,0.000821417474222,-4.10854965214e-05
e2k0_diagonal,cosine_6,1606,79.7589041257,79.8126333027,4.5938797399e-05,-0.0537291769752,0.000797620242879,-4.28554791886e-05
e2k0_diagonal,cosine_6,1608,79.7559495914,79.8126457296,5.83656817383e-05,-0.0566961381249,0.000774388809296,-4.39048548942e-05
e2k0_diagonal,cosine_6,1610,79.7538075443,79.8126554055,6.80415724474e-05,-0.0588478611878,0.00075171281443,-4.42366913567e-05
e2k0_diagonal,cosine_6,1612,79.752531785,79.8126630939,7.57300174712e-05,-0.06013130891,0.000729582026522,-4.3870722212e-05
e2k0_diagonal,cosine_6,1614,79.7521571049,79.8126696792,8.2315327063e-05,-0.060512574362,0.000707986340504,-4.2842076077e-05
e2k0_diagonal,cosine_6,1616,79.7526984484,79.812676128,8.87640810561e-05,-0.0599776795461,0.000686915777401,-4.11996143721e-05
e2k0_diagonal,cosine_6,1618,79.754150517,79.8126834471,9.60832626049e-05,-0.0585329301051,0.000666360483716,-3.90040316182e-05
e2k0_diagonal,cosine_6,1620,79.756487465,79.8126926395,0.000105275654562,-0.0562051745377,0.000646310730818,-3.63260074312e-05
e2k0_diagonal,cosine_6,1622,79.7596633373,79.8127046591,0.000117295247406,-0.0530413218488,0.000626756914306,-3.32440152127e-05
e2k0_diagonal,cosine_6,1624,79.7636133355,79.8127203678,0.000133003910022,-0.049107032257,0.000607689553376,-2.98418304998e-05
e2k0_diagonal,cosine_6,1626,79.7682545346,79.8127404935,0.000153129651679,-0.0444859588961,0.000589099290176,-2.62066468084e-05
e2k0_diagonal,cosine_6,1628,79.773488229,79.8127655955,0.000178231580946,-0.0392773664684,0.00057097688915,-2.24264685201e-05
e2k0_diagonal,cosine_6,1630,79.7792025639,79.8127960345,0.000208670580633,-0.0335934706092,0.000553313236376,-1.85877119439e-05
e2k0_diagonal,cosine_6,1632,79.785275098,79.8128319503,0.000244586441767,-0.0275568523032,0.000536099338898,-1.47732103019e-05
e2k0_diagonal,cosine_6,1634,79.7915761686,79.8128732487,0.000285884861768,-0.0212970801942,0.000519326324042,-1.10601343701e-05
e2k0_diagonal,cosine_6,1636,79.7979725307,79.8129195957,0.000332231860014,-0.0149470650629,0.000502985438732,-7.51815607839e-06
e2k0_diagonal,cosine_6,1638,79.8043305231,79.8129704225,0.000383058619107,-0.00863989944241,0.000487068048797,-4.20821896322e-06
e2k0_diagonal,cosine_6,1640,79.8105195557,79.813024941,0.000437577116003,-0.00250538534006,0.000471565638266,-1.18145363699e-06
e2k0_diagonal,cosine_6,1642,79.8164158596,79.8130821651,0.000494801191365,0.0033336944862,0.000456469808659,1.52173088424e-06
e2k0_diagonal,cosine_6,1644,79.8219052348,79.8131409393,0.00055357545375,0.00876429542018,0.000441772278269,3.87182275519e-06
e2k0_diagonal,cosine_6,1646,79.8268862445,79.8131999778,0.000612613914598,0.0136862667314,0.000427464881439,5.85039838568e-06
e2k0_diagonal,cosine_6,1648,79.8312729659,79.8132579045,0.000670540618756,0.0180150614256,0.00041353956783,7.44994071637e-06
e2k0_diagonal,cosine_6,1650,79.8349966958,79.8133132962,0.000725932288191,0.0216833996123,0.000399988401679,8.6731083539e-06
e2k0_diagonal,cosine_6,1652,79.8380078613,79.81336473,0.000777366162325,0.0246431312508,0.00038680356106,9.53205092348e-06
e2k0_diagonal,cosine_6,1654,79.8402767684,79.8134108319,0.000823467975252,0.0268659365019,0.000373977337123,1.00472513923e-05
e2k0_diagonal,cosine_6,1656,79.8417941334,79.8134503223,0.000862958386051,0.0283438111264,0.000361502133343,1.02463481893e-05
e2k0_diagonal,cosine_6,1658,79.8425713924,79.81348206,0.000894696086704,0.0290893323964,0.000349370464752,1.01629535787e-05
e2k0_diagonal,cosine_6,1660,79.8426395736,79.8135050794,0.000917715561769,0.0291344941865,0.000337574957165,9.83507562703e-06
e2k0_diagonal,cosine_6,1662,79.8420486601,79.8135186251,0.000931261205594,0.0285300349642,0.000326108346404,9.30388252504e-06
e2k0_diagonal,cosine_6,1664,79.8408656374,79.8135221787,0.000934814778574,0.0273434587143,0.000314963477518,8.61219084401e-06
e2k0_diagonal,cosine_6,1666,79.8391719397,79.8135154771,0.000928113196977,0.025656462633,0.000304133303986,7.80298474914e-06
e2k0_diagonal,cosine_6,1668,79.8370619504,79.8134985217,0.000911157793084,0.0235634287483,0.000293610886927,6.91847921382e-06
e2k0_diagonal,cosine_6,1670,79.8346394373,79.8134715767,0.000884212835828,0.0211678605718,0.000283389394298,5.99874718603e-06
e2k0_diagonal,cosine_6,1672,79.8320143497,79.8134351592,0.000847795352769,0.0185791904872,0.000273462100088,5.08070444857e-06
e2k0_diagonal,cosine_6,1674,79.8292997671,79.8133900229,0.000802659049484,0.0159097441435,0.000263822383505,4.19734662088e-06
e2k0_diagonal,cosine_6,1676,79.8266081892,79.8133371359,0.000749772011403,0.013271053283,0.00025446372816,3.37700169501e-06
e2k0_diagonal,cosine_6,1678,79.8240478583,79.8132776527,0.00069028877212,0.010770205664,0.000245379721245,2.64279006358e-06
e2k0_diagonal,cosine_6,1680,79.8217200925,79.8132128763,0.000625512389803,0.00850721619827,0.00023656405271,2.01250154114e-06
e2k0_diagonal,cosine_6,1682,79.8197165188,79.8131442121,0.000556848188211,0.00657230672601,0.000228010514424,1.49855503755e-06
e2k0_diagonal,cosine_6,1684,79.8181159339,79.8130731215,0.00048575756955,0.00504281247734,0.000219712999347,1.10797145454e-06
e2k0_diagonal,cosine_6,1686,79.816982451,79.8130010745,0.000413710601038,0.00398137648115,0.000211665500686,8.42720046303e-07
e2k0_diagonal,cosine_6,1688,79.8163641627,79.8129295015,0.000342137583388,0.00343466118612,0.00020386211105,7.00197280145e-07
e2k0_diagonal,cosine_6,1690,79.8162918232,79.8128597486,0.000272384701049,0.00343207463763,0.000196297021604,6.7370602929e-07
e2k0_diagonal,cosine_6,1692,79.8167781975,79.812793039,0.000205675081304,0.00398515849726,0.000188964521214,7.53053567395e-07
e2k0_diagonal,cosine_6,1694,79.8178180456,79.8127304432,0.000143079276427,0.00508760240082,0.00018185899559,9.25226262577e-07
e2k0_diagonal,cosine_6,1696,79.8193884554,79.8126728579,8.54940198423e-05,0.0067155974853,0.000174974926431,1.17506117593e-06
e2k0_diagonal,cosine_6,1698,79.821450403,79.812620988,3.36241235601e-05,0.00882941503731,0.000168306890555,1.48605139035e-06
e2k0_diagonal,cosine_6,1700,79.8239501171,79.8125753332,-1.20307076088e-05,0.0113747839092,0.000161849559034,1.84100375982e-06
e2k0_diagonal,cosine_6,1702,79.8268201368,79.8125361826,-5.11812959019e-05,0.0142839542389,0.000155597696327,2.22255037401e-06
e2k0_diagonal,cosine_6,1704,79.8299816634,79.8125036183,-8.37455429519e-05,0.0174780450358,0.000149546159403,2.61377450897e-06
e2k0_diagonal,cosine_6,1706,79.8333466687,79.8124775259,-0.000109837978314,0.0208691428423,0.000143689896864,2.99868498264e-06
e2k0_diagonal,cosine_6,1708,79.8368202825,79.8124576091,-0.000129754801762,0.0243626733842,0.00013802394807,3.36263236602e-06
e2k0_diagonal,cosine_6,1710,79.840304068,79.8124434101,-0.000143953789134,0.0278606579295,0.000132543442254,3.69274750542e-06
e2k0_diagonal,cosine_6,1712,79.8436985997,79.8124343348,-0.00015302909361,0.0312642648581,0.000127243597637,3.97817753802e-06
e2k0_diagonal,cosine_6,1714,79.8469060518,79.8124296814,-0.000157682437276,0.034476370356,0.000122119720546,4.2102447133e-06
e2k0_diagonal,cosine_6,1716,79.8498331969,79.8124286721,-0.000158691762181,0.0374045248235,0.000117167204518,4.38258360989e-06
e2k0_diagonal,cosine_6,1718,79.8523931679,79.8124304852,-0.000156878643693,0.0399626826772,0.000112381529416,4.49106739882e-06
e2k0_diagonal,cosine_6,1720,79.8545075468,79.8124342902,-0.000153073711147,0.0420732566727,0.000107758260531,4.53374095392e-06
e2k0_diagonal,cosine_6,1722,79.8561080491,79.8124392819,-0.000148081995917,0.0436687671871,0.000103293047691,4.51068005165e-06
e2k0_diagonal,cosine_6,1724,79.8571372969,79.8124447127,-0.000142651184234,0.0446925841938,9.89816243605e-05,4.42374458037e-06
e2k0_diagonal,cosine_6,1726,79.8575503287,79.8124499192,-0.000137444708059,0.0451004094972,9.48198067477e-05,4.27641211276e-06
e2k0_diagonal,cosine_6,1728,79.857315499,79.8124543435,-0.000133020367088,0.0448611554414,9.08034929009e-05,4.07354960965e-06
e2k0_diagonal,cosine_6,1730,79.8564140029,79.8124575511,-0.000129812781054,0.0439564518412,8.69286618103e-05,3.82107553648e-06
e2k0_diagonal,cosine_6,1732,79.8548411492,79.8124592418,-0.00012812208891,0.0423819074304,8.3191372506e-05,3.52580904856e-06
e2k0_diagonal,cosine_6,1734,79.8526058714,79.8124592526,-0.000128111301137,0.0401466187712,7.95877631559e-05,3.19517958627e-06
e2k0_diagonal,cosine_6,1736,79.8497304272,79.8124575532,-0.000129810646627,0.0372728739763,7.61140501617e-05,2.8369893995e-06
e2k0_diagonal,cosine_6,1738,79.8462504571,79.8124542352,-0.000133128687992,0.0337962218528,7.2766527256e-05,2.4592336986e-06
e2k0_diagonal,cosine_6,1740,79.8422137428,79.8124494963,-0.000137867586631,0.0297642465187,6.95415645976e-05,2.06985227198e-06
e2k0_diagonal,cosine_6,1742,79.8376796861,79.8124436222,-0.000143741665539,0.0252360638346,6.64356078667e-05,1.67657324101e-06
e2k0_diagonal,cosine_6,1744,79.8327184995,79.8124369643,-0.000150399555991,0.0202815351452,6.34451773601e-05,1.28676559442e-06
e2k0_diagonal,cosine_6,1746,79.8274100776,79.8124299173,-0.000157446578186,0.0149801602703,6.05668670866e-05,9.0730137603e-07
e2k0_diagonal,cosine_6,1748,79.8218423259,79.812422893,-0.000164470866196,0.00941943286796,5.77973438616e-05,5.44418200451e-07
e2k0_diagonal,cosine_6,1750,79.816108769,79.8124162935,-0.000171070427598,0.0036924755623,5.51333464029e-05,2.03578534261e-07
e2k0_diagonal,cosine_6,1752,79.8103071627,79.8124104887,-0.000176875136617,-0.00210332605454,5.25716844262e-05,-1.10575393585e-07
e2k0_diagonal,cosine_6,1754,79.8045370108,79.8124057963,-0.000181567588925,-0.00786878545873,5.01092377413e-05,-3.94298841287e-07
e2k0_diagonal,cosine_6,1756,79.7988962853,79.8124024635,-0.000184900399304,-0.013506178213,4.77429553491e-05,-6.44824863359e-07
e2k0_diagonal,cosine_6,1758,79.7934806747,79.812400658,-0.000186705880139,-0.0189199832988,4.54698545392e-05,-8.60288888483e-07
e2k0_diagonal,cosine_6,1760,79.7883805689,79.8124004624,-0.000186901499177,-0.0240198934999,4.32870199883e-05,-1.03974961005e-06
e2k0_diagonal,cosine_6,1762,79.7836791043,79.8124018726,-0.000185491271168,-0.0287227683284,4.119160286e-05,-1.18313686602e-06
e2k0_diagonal,cosine_6,1764,79.7794517057,79.8124048008,-0.000182563072656,-0.032953095149,3.91808199055e-05,-1.29112928636e-06
e2k0_diagonal,cosine_6,1766,79.7757632276,79.8124090805,-0.000178283383264,-0.0366458529108,3.7251952566e-05,-1.36512957437e-06
e2k0_diagonal,cosine_6,1768,79.7726671649,79.8124144773,-0.000172886561586,-0.039747312445,3.54023460758e-05,-1.40714811076e-06
e2k0_diagonal,cosine_6,1770,79.7702054681,79.8124207048,-0.00016665903857,-0.042215236788,3.36294085679e-05,-1.41967344574e-06
e2k0_diagonal,cosine_6,1772,79.768406753,79.8124274417,-0.000159922137058,-0.044020688726,3.19306101812e-05,-1.40560745162e-06
e2k0_diagonal,cosine_6,1774,79.7672870574,79.8124343507,-0.000153013159803,-0.045147293332,3.03034821687e-05,-1.36812019845e-06
e2k0_diagonal,cosine_6,1776,79.7668496744,79.8124410985,-0.000146265351276,-0.0455914241048,2.87456160089e-05,-1.31055357061e-06
e2k0_diagonal,cosine_6,1778,79.7670843301,79.812447376,-0.000139987853743,-0.0453630459325,2.72546625186e-05,-1.2363545077e-06
e2k0_diagonal,cosine_6,1780,79.7679674164,79.8124529197,-0.000134444150291,-0.0444855032998,2.58283309682e-05,-1.14898630251e-06
e2k0_diagonal,cosine_6,1782,79.7694623668,79.8124575313,-0.000129832587206,-0.042995164487,2.44643881996e-05,-1.05185039471e-06
e2k0_diagonal,cosine_6,1784,79.7715200917,79.8124610905,-0.000126273370967,-0.0409409988494,2.31606577462e-05,-9.48220462137e-07
e2k0_diagonal,cosine_6,1786,79.7740787824,79.8124635669,-0.000123796991758,-0.0383847845384,2.19150189561e-05,-8.41203280783e-07
e2k0_diagonal,cosine_6,1788,79.7770651576,79.8124650307,-0.00012233322829,-0.0353998730677,2.07254061177e-05,-7.33676745841e-07
e2k0_diagonal,cosine_6,1790,79.7803951694,79.8124656571,-0.00012170674556,-0.0320704877845,1.95898075885e-05,-6.28254684967e-07
e2k0_diagonal,cosine_6,1792,79.7839754358,79.8124657236,-0.000121640250455,-0.0284902878311,1.85062649269e-05,-5.27248814445e-07
e2k0_diagonal,cosine_6,1794,79.7877048518,79.8124656038,-0.000121760096647,-0.0247607520325,1.74728720272e-05,-4.3264145156e-07
e2k0_diagonal,cosine_6,1796,79.7914769776,79.8124657566,-0.000121607299207,-0.0209887790121,1.64877742578e-05,-3.46058250299e-07
e2k0_diagonal,cosine_6,1798,79.7951827734,79.812466706,-0.000120657909534,-0.0172839325629,1.55491676033e-05,-2.68750764265e-07
e2k0_diagonal,cosine_6,1800,79.7987130832,79.8124690156,-0.000118348262703,-0.0137559324174,1.46552978096e-05,-2.01597286226e-07
e2k0_diagonal,cosine_6,1802,79.8019617415,79.8124732627,-0.000114101190292,-0.0105115211899,1.38044595331e-05,-1.45105868897e-07
e2k0_diagonal,cosine_6,1804,79.8048283284,79.8124800136,-0.000107350293746,-0.00765168516787,1.29949954936e-05,-9.94336142753e-08
e2k0_diagonal,cosine_6,1806,79.8072218341,79.8124898005,-9.75634095965e-05,-0.00526796636147,1.22252956315e-05,-6.44024461458e-08
e2k0_diagonal,cosine_6,1808,79.8090642124,79.8125030976,-8.42663319958e-05,-0.00343888512022,1.14937962683e-05,-3.95258449619e-08
e2k0_diagonal,cosine_6,1810,79.8102939457,79.8125202987,-6.70651804171e-05,-0.00222635298397,1.07989792723e-05,-2.40423397267e-08
e2k0_diagonal,cosine_6,1812,79.8108692934,79.8125416947,-4.56691400359e-05,-0.00167240134775,1.01393712279e-05,-1.69570981069e-08
e2k0_diagonal,cosine_6,1814,79.8107708943,79.8125674512,-1.99126780984e-05,-0.00179655691048,9.51354260985e-06,-1.70916207188e-08
e2k0_diagonal,cosine_6,1816,79.810003777,79.8125975929,1.02290170219e-05,-0.00259381585927,8.92010696149e-06,-2.31371149031e-08
e2k0_diagonal,cosine_6,1818,79.8085975223,79.812631998,4.46341339e-05,-0.00403447568902,8.35772007846e-06,-3.37190184722e-08
e2k0_diagonal,cosine_6,1820,79.8066070526,79.8126703997,8.3035844284e-05,-0.00606334714688,7.82507919664e-06,-4.7446171621e-08
e2k0_diagonal,cosine_6,1822,79.8041115567,79.8127123924,0.000125028547956,-0.00860083574615,7.32092218524e-06,-6.29660492256e-08
e2k0_diagonal,cosine_6,1824,79.8012118851,79.8127574426,0.000170078746407,-0.0115455575706,6.84402674495e-06,-7.90181047987e-08
e2k0_diagonal,cosine_6,1826,79.798028629,79.8128049081,0.000217544176849,-0.0147762791106,6.39320961127e-06,-9.4467849629e-08
e2k0_diagonal,cosine_6,1828,79.7946971285,79.81285406,0.00026669607152,-0.0181569314977,5.96732576311e-06,-1.08348325105e-07
e2k0_diagonal,cosine_6,1830,79.7913628878,79.812904105,0.000316741138434,-0.021541217251,5.56526763675e-06,-1.19882639223e-07
e2k0_diagonal,cosine_6,1832,79.7881773621,79.8129542116,0.000366847749774,-0.0247768495397,5.18596434545e-06,-1.28491858306e-07
e2k0_diagonal,cosine_6,1834,79.7852909117,79.8130035391,0.000416175250919,-0.0277126274811,4.82838090455e-06,-1.33807121345e-07
e2k0_diagonal,cosine_6,1836,79.7828477022,79.8130512691,0.000463905230333,-0.0302035669021,4.49151746241e-06,-1.35659848168e-07
e2k0_diagonal,cosine_6,1838,79.7809808909,79.8130966376,0.00050927373681,-0.0321157467041,4.17440853716e-06,-1.34064247219e-07
e2k0_diagonal,cosine_6,1840,79.7798076292,79.8131389643,0.000551600372376,-0.0333313350881,3.87612225948e-06,-1.29196329873e-07
e2k0_diagonal,cosine_6,1842,79.7794246375,79.8131776794,0.000590315498442,-0.033753041926,3.59575962133e-06,-1.21367825254e-07
e2k0_diagonal,cosine_6,1844,79.7799049916,79.813212347,0.000624983094582,-0.0333073553639,3.33245373103e-06,-1.10995220653e-07
e2k0_diagonal,cosine_6,1846,79.7812949537,79.8132426793,0.000655315377514,-0.031947725526,3.08536907449e-06,-9.85705243384e-08
e2k0_diagonal,cosine_6,1848,79.7836127772,79.8132685463,0.000681182457129,-0.0296557691434,2.85370078295e-06,-8.46286916234e-08
e2k0_diagonal,cosine_6,1850,79.7868476326,79.8132899787,0.000702614849473,-0.0264423461307,2.6366739071e-06,-6.97198440852e-08
e2k0_diagonal,cosine_6,1852,79.790959274,79.8133071607,0.000719796835753,-0.0223478866927,2.43354269795e-06,-5.43845364757e-08
e2k0_diagonal,cosine_6,1854,79.7958791137,79.8133204198,0.000733055907091,-0.0174413061385,2.24358989429e-06,-3.91311381956e-08
e2k0_diagonal,cosine_6,1856,79.8015122978,79.8133302106,0.000742846751862,-0.0118179128061,2.06612601705e-06,-2.44172971159e-08
e2k0_diagonal,cosine_6,1858,79.8077403054,79.8133370911,0.000749727236467,-0.00559678576833,1.90048867049e-06,-1.06366279439e-08
e2k0_diagonal,cosine_6,1860,79.8144246748,79.8133416917,0.000754327792905,0.00108298314619,1.74604185049e-06,1.89093389663e-09
e2k0_diagonal,cosine_6,1862,79.8214108808,79.813344681,0.000757317118854,0.00806619979309,1.60217525991e-06,1.292346575e-08
e2k0_diagonal,cosine_6,1864,79.8285326696,79.8133467292,0.000759365333039,0.0151859403381,1.46830363111e-06,2.22975713403e-08
e2k0_diagonal,cosine_6,1866,79.8356172415,79.8133484697,0.00076110582151,0.0222687717487,1.34386605591e-06,2.992624646e-08
e2k0_diagonal,cosine_6,1868,79.8424905328,79.813350461,0.000763097160188,0.0291400717447,1.22832532281e-06,3.57934880325e-08
e2k0_diagonal,cosine_6,1870,79.8489815775,79.81335315,0.000765786134849,0.0356284274906,1.12116726177e-06,3.99454264909e-08
e2k0_diagonal,cosine_6,1872,79.8549281862,79.8133568406,0.000769476688049,0.0415713455921,1.02190009661e-06,4.24817620769e-08
e2k0_diagonal,cosine_6,1874,79.86018145,79.81336167,0.000774306137743,0.0468197799949,9.30053805032e-07,4.3544914535e-08
e2k0_diagonal,cosine_6,1876,79.8646103762,79.8133675878,0.000780223938591,0.0512427883722,8.45179486432e-07,4.33093535597e-08
e2k0_diagonal,cosine_6,1878,79.8681058799,79.8133743436,0.000786979732979,0.0547315362641,7.66848737602e-07,4.19708094912e-08
e2k0_diagonal,cosine_6,1880,79.870584241,79.8133814871,0.000794123213595,0.0572027538582,6.94653036348e-07,3.97360666551e-08
e2k0_diagonal,cosine_6,1882,79.8719898494,79.8133883748,0.000801010888864,0.0586014746478,6.28203133158e-07,3.68136299814e-08
e2k0_diagonal,cosine_6,1884,79.8722970628,79.8133941847,0.000806820829581,0.0589028781322,5.67128450996e-07,3.34054980343e-08
e2k0_diagonal,cosine_6,1886,79.8715116664,79.813397942,0.000810578083133,0.0581137244279,5.11076493298e-07,2.97005584931e-08
e2k0_diagonal,cosine_6,1888,79.8696700074,79.8133985537,0.000811189837748,0.0562714536331,4.59712260265e-07,2.58686771381e-08
e2k0_diagonal,cosine_6,1890,79.8668390279,79.8133948511,0.000807487184801,0.0534441767868,4.12717673525e-07,2.20573563069e-08
e2k0_diagonal,cosine_6,1892,79.8631137235,79.8133856366,0.000798272730265,0.0497280868383,3.69791009255e-07,1.83889994203e-08
e2k0_diagonal,cosine_6,1894,79.8586150305,79.8133697356,0.000782371683513,0.0452452949161,3.30646339833e-07,1.49601911587e-08
e2k0_diagonal,cosine_6,1896,79.8534866572,79.8133460471,0.000758683195059,0.0401406101598,2.95012984105e-07,1.18420011871e-08
e2k0_diagonal,cosine_6,1898,79.8478903103,79.8133135965,0.000726232598282,0.0345767138534,2.62634966348e-07,9.08105407932e-09
e2k0_diagonal,cosine_6,1900,79.8420005658,79.8132715838,0.000684219898318,0.0287289819788,2.3327048399e-07,6.70162353074e-09
e2k0_diagonal,cosine_6,1902,79.8359997687,79.8132194267,0.000632062818838,0.0227803419728,2.0669138418e-07,4.70850041444e-09
e2k0_diagonal,cosine_6,1904,79.8300711613,79.8131568005,0.000569436631622,0.0169143607349,1.82682649268e-07,3.08996022972e-09
e2k0_diagonal,cosine_6,1906,79.8243929449,79.8130836691,0.000496305211044,0.0113092758207,1.61041891279e-07,1.82126716715e-09
e2k0_diagonal,cosine_6,1908,79.819132686,79.8130003058,0.000412941945257,0.00613238019997,1.41578855431e-07,8.68215369782e-10
e2k0_diagonal,cosine_6,1910,79.8144411904,79.8129073047,0.000319940837528,0.00153388570385,1.24114932802e-07,1.9037812106e-10
e2k0_diagonal,cosine_6,1912,79.8104479377,79.8128055799,0.000218216021921,-0.00235764224193,1.08482682171e-07,-2.55763354005e-10
e2k0_diagonal,cosine_6,1914,79.8072567923,79.8126963511,0.000108987199994,-0.00543955877932,9.45253611375e-08,-5.14176258043e-10
e2k0_diagonal,cosine_6,1916,79.8049427167,79.8125811185,-6.24536725979e-06,-0.00763840177972,8.20964665612e-08,-6.2708579629e-10
e2k0_diagonal,cosine_6,1918,79.8035498177,79.8124616308,-0.000125733037294,-0.00891181314893,7.10592843992e-08,-6.33267065062e-10
e2k0_diagonal,cosine_6,1920,79.8030895472,79.8123398415,-0.000247522387355,-0.00925029430752,6.12864489952e-08,-5.66917690269e-10
e2k0_diagonal,cosine_6,1922,79.8035411165,79.8122178546,-0.000369509293179,-0.00867673810966,5.2659511888e-08,-4.56912793635e-10
e2k0_diagonal,cosine_6,1924,79.8048526447,79.8120978638,-0.000489500067914,-0.00724521907338,4.50685201965e-08,-3.26531302137e-10
e2k0_diagonal,cosine_6,1926,79.8069428205,79.8119820867,-0.000605277190601,-0.00503926620596,3.84116046411e-08,-1.93566301184e-10
e2k0_diagonal,cosine_6,1928,79.8097038486,79.8118726977,-0.000714666204928,-0.00216884903703,3.25945772587e-08,-7.06927175e-11
e2k0_diagonal,cosine_6,1930,79.8130052654,79.8117717607,-0.000815603213596,0.00123350475556,2.75305388675e-08,3.39590506162e-11
e2k0_diagonal,cosine_6,1932,79.8166983895,79.8116811637,-0.000906200216974,0.00501722581149,2.31394963359e-08,1.16096078281e-10
e2k0_diagonal,cosine_6,1934,79.8206217841,79.8116025603,-0.000984803551944,0.00901922376738,1.93479897093e-08,1.74503848637e-10
e2k0_diagonal,cosine_6,1936,79.8246060976,79.8115373188,-0.00105004503624,0.013068778774,1.60887292464e-08,2.10260043276e-10
e2k0_diagonal,cosine_6,1938,79.8284799467,79.8114864801,-0.00110088379091,0.0169934665688,1.33002424156e-08,2.26017224847e-10
e2k0_diagonal,cosine_6,1940,79.8320760118,79.8114507283,-0.00113663562718,0.0206252835778,1.09265309007e-08,2.25362798348e-10
e2k0_diagonal,cosine_6,1942,79.8352359821,79.8114303707,-0.001156993181,0.0238056113551,8.91673766286e-09,2.12268391358e-10
e2k0_diagonal,cosine_6,1944,79.8378160255,79.8114253296,-0.00116203424781,0.0263906958562,7.22482410684e-09,1.90668135618e-10
e2k0_diagonal,cosine_6,1946,79.8396911658,79.81143515,-0.00115221384732,0.0282560157334,5.80925739403e-09,1.64146468325e-10
e2k0_diagonal,cosine_6,1948,79.840759212,79.8114590194,-0.00112834451126,0.0293001926549,4.63270794764e-09,1.3573923538e-10
e2k0_diagonal,cosine_6,1950,79.8409431427,79.8114957982,-0.0010915656482,0.0294473444633,3.66175719101e-09,1.07829025345e-10
e2k0_diagonal,cosine_6,1952,79.8401931887,79.8115440631,-0.00104330079498,0.0286491256553,2.86661555995e-09,8.21260293827e-11
e2k0_diagonal,cosine_6,1954,79.8384875395,79.8116021591,-0.000985204832901,0.0268853804963,2.22085082816e-09,5.97084195406e-11
e2k0_diagonal,cosine_6,1956,79.8358320965,79.8116682626,-0.000919101255022,0.0241638339115,1.7011267834e-09,4.11057450567e-11
e2k0_diagonal,cosine_6,1958,79.8322601674,79.8117404506,-0.00084691332134,0.0205197168025,1.28695229072e-09,2.64078965439e-11
e2k0_diagonal,cosine_6,1960,79.8278308847,79.811816767,-0.000770596911948,0.0160141177278,9.60440777373e-10,1.53806116794e-11
e2k0_diagonal,cosine_6,1962,79.8226272924,79.8118952907,-0.000692073143313,0.0107320016456,7.06080172993e-10,7.57765357851e-12
e2k0_diagonal,cosine_6,1964,79.8167535049,79.811974204,-0.000613159870753,0.00477930085258,5.10513336621e-10,2.43989682496e-12
e2k0_diagonal,cosine_6,1966,79.8103315094,79.8120518547,-0.000535509145038,-0.00172034533298,3.62329001225e-10,-6.23331006263e-13
e2k0_diagonal,cosine_6,1968,79.8034983175,79.812126814,-0.00046054988249,-0.0086284964799,2.51863264543e-10,-2.17320129152e-12
e2k0_diagonal,cosine_6,1970,79.7964018008,79.8121979244,-0.000389439456939,-0.0157961236161,1.71011653767e-10,-2.70132122269e-12
e2k0_diagonal,cosine_6,1972,79.7891971592,79.8122643352,-0.000323028716451,-0.0230671760099,1.13051790085e-10,-2.60778554013e-12
e2k0_diagonal,cosine_6,1974,79.7820434779,79.8123255236,-0.000261840304233,-0.0302820457141,7.24766776092e-11,-2.19474206457e-12
e2k0_diagonal,cosine_6,1976,79.7750997859,79.8123813042,-0.000206059656804,-0.037281518359,4.48386397692e-11,-1.67165257175e-12
e2k0_diagonal,cosine_6,1978,79.7685216693,79.8124318247,-0.000155539165689,-0.0439101554246,2.66039247543e-11,-1.16818247087e-12
e2k0_diagonal,cosine_6,1980,79.7624576016,79.8124775463,-0.000109817577041,-0.05001994472,1.50180001189e-11,-7.51199535754e-13
e2k0_diagonal,cosine_6,1982,79.7570451672,79.8125192122,-6.81516499412e-05,-0.0554740450048,7.98155517827e-12,-4.42769151168e-13
e2k0_diagonal,cosine_6,1984,79.7524078408,79.812557809,-2.955492468e-05,-0.0601499681787,3.93722834234e-12,-2.36824159504e-13
e2k0_diagonal,cosine_6,1986,79.7486524138,79.8125945152,7.15135550422e-06,-0.0639421014427,1.76707504896e-12,-1.12990492037e-13
e2k0_diagonal,cosine_6,1988,79.745866064,79.8126306409,4.32769876966e-05,-0.0667645769189,7.00790470445e-13,-4.6787979268e-14
e2k0_diagonal,cosine_6,1990,79.7441141252,79.8126675611,8.01971735314e-05,-0.0685534358668,2.34699680655e-13,-1.60894695057e-14
e2k0_diagonal,cosine_6,1992,79.7434390674,79.8127066466,0.000119282749182,-0.0692675791916,6.15264793696e-14,-4.26179028212e-15
e2k0_diagonal,cosine_6,1994,79.7438587872,79.8127491947,0.00016183083855,-0.0688904075444,1.09505806049e-14,-7.54389960721e-16
e2k0_diagonal,cosine_6,1996,79.7453661977,79.8127963625,0.000208998659019,-0.067430164894,9.61379705088e-16,-6.48259920398e-17
e2k0_diagonal,cosine_6,1998,79.7479298517,79.8128491029,0.000261739044589,-0.064919251265,1.50216690851e-17,-9.75195509755e-19
e2k0_diagonal,cosine_6,2000,79.7514938878,79.8129081085,0.000320744614555,-0.0614142206813,5.27090436347e-98,-3.23708483768e-99
q00_from_e2k0,gamma_1,0,62.3932241229,62.3932241229,0,0,1,0
q00_from_e2k0,gamma_1,2,62.3913287843,62.3932232281,-8.94895229919e-07,-0.0018944437975,0.994945088566,-0.00188486755189
q00_from_e2k0,gamma_1,4,62.3894222728,62.393220571,-3.55196807789e-06,-0.00379829820318,0.989915729261,-0.00375999513575
q00_from_e2k0,gamma_1,6,62.3875014185,62.3932162269,-7.89601014617e-06,-0.00571480847682,0.984911792922,-0.00562858226311
q00_from_e2k0,gamma_1,8,62.3855705278,62.3932103337,-1.3789293817e-05,-0.00763980581371,0.979933151038,-0.00748649898435
q00_from_e2k0,gamma_1,10,62.3836459514,62.3932030953,-2.10276713375e-05,-0.00955714386736,0.974979675748,-0.00931802102888
q00_from_e2k0,gamma_1,12,62.381759666,62.3931947687,-2.93542806702e-05,-0.0114351027119,0.970051239837,-0.0110926355633
q00_from_e2k0,gamma_1,14,62.3799570976,62.3931856459,-3.84770854538e-05,-0.0132285482808,0.965147716732,-0.0127675031689
q00_from_e2k0,gamma_1,16,62.3782953881,62.3931760404,-4.80825165141e-05,-0.0148806522965,0.960268980503,-0.01428942881
q00_from_e2k0,gamma_1,18,62.376839029,62.3931662751,-5.78478290691e-05,-0.0163272461227,0.955414905854,-0.0155992943172
q00_from_e2k0,gamma_1,20,62.3756538343,62.3931566721,-6.74508313452e-05,-0.0175028378651,0.950585368121,-0.0166379415752
q00_from_e2k0,gamma_1,22,62.3748028066,62.3931475472,-7.65757992056e-05,-0.0183447405127,0.945780243275,-0.0173500931449
q00_from_e2k0,gamma_1,24,62.3743418276,62.3931392026,-8.49203522932e-05,-0.0187973749696,0.940999407908,-0.0176883187166
q00_from_e2k0,gamma_1,26,62.3743148997,62.393131921,-9.22019548071e-05,-0.018817021314,0.936242739242,-0.0176172995794
q00_from_e2k0,gamma_1,28,62.3747512119,62.3931259597,-9.81632880368e-05,-0.0183747477612,0.931510115114,-0.0171162634022
q00_from_e2k0,gamma_1,30,62.3756627688,62.3931215441,-0.000102578885361,-0.0174587753092,0.926801413982,-0.0161808176429
q00_from_e2k0,gamma_1,32,62.3770423275,62.3931188624,-0.000105260592072,-0.016076534895,0.922116514917,-0.0148244383293
q00_from_e2k0,gamma_1,34,62.3788630483,62.3931180612,-0.000106061731927,-0.0142550129384,0.917455297602,-0.0130783371377
q00_from_e2k0,gamma_1,36,62.3810789639,62.3931192412,-0.000104881761551,-0.012040277257,0.912817642327,-0.0109905774987
q00_from_e2k0,gamma_1,38,62.3836260565,62.3931224543,-0.00010166868006,-0.00949639773597,0.908203429989,-0.00862466099635
q00_from_e2k0,gamma_1,40,62.3864248891,62.3931277039,-9.64190200108e-05,-0.0067028148332,0.903612542086,-0.00605674755057
q00_from_e2k0,gamma_1,42,62.3893841455,62.3931349443,-8.91786287411e-05,-0.00375079886946,0.899044860715,-0.00337213644717
q00_from_e2k0,gamma_1,44,62.3924043326,62.3931440801,-8.00428760357e-05,-0.000739747447454,0.894500268569,-0.000661704290421
q00_from_e2k0,gamma_1,46,62.3953819188,62.3931549696,-6.91533567903e-05,0.00222694920797,0.889978648933,0.00198193724735
q00_from_e2k0,gamma_1,48,62.3982138072,62.3931674309,-5.66920856713e-05,0.00504637631683,0.885479885684,0.00446846472415
q00_from_e2k0,gamma_1,50,62.4008022,62.3931812467,-4.28762049083e-05,0.00762095321537,0.881003863285,0.00671408922465
q00_from_e2k0,gamma_1,52,62.4030588356,62.3931961687,-2.7954256808e-05,0.00986266687116,0.876550466783,0.00864512524964
q00_from_e2k0,gamma_1,54,62.4049082973,62.3932119223,-1.22006517387e-05,0.011696375042,0.872119581805,0.0102006377102
q00_from_e2k0,gamma_1,56,62.4062908408,62.3932282162,4.0932215768e-06,0.0130626246005,0.867711094559,0.0113345842899
q00_from_e2k0,gamma_1,58,62.4071646506,62.3932447506,2.0627655374e-05,0.0139198999884,0.863324891826,0.0120173961517
q00_from_e2k0,gamma_1,60,62.4075074269,62.3932612247,3.71017040592e-05,0.0142462022742,0.858960860958,0.0122369301708
q00_from_e2k0,gamma_1,62,62.407316999,62.393277344,5.32210646753e-05,0.0140396549664,0.854618889881,0.0119985543417
q00_from_e2k0,gamma_1,64,62.4066106996,62.3932928297,6.87067964975e-05,0.0133178698704,0.850298867082,0.0113241696628
q00_from_e2k0,gamma_1,66,62.4054240368,62.3933074257,8.33027583553e-05,0.0121166110863,0.846000681616,0.0102506612379
q00_from_e2k0,gamma_1,68,62.4038086632,62.3933209043,9.67813169837e-05,0.0104877588908,0.841724223097,0.00882780070442
q00_from_e2k0,gamma_1,70,62.4018298495,62.3933330702,0.000108947297022,0.00849677925436,0.837469381697,0.00711579246856
q00_from_e2k0,gamma_1,72,62.3995635919,62.393343764,0.000119641094983,0.00621982784953,0.833236048144,0.00518258477748
q00_from_e2k0,gamma_1,74,62.3970933926,62.3933528637,0.000128740743349,0.00374052888959,0.829024113716,0.00310098864752
q00_from_e2k0,gamma_1,76,62.3945068612,62.3933602848,0.000136161879666,0.00114657634228,0.824833470245,0.000945734543302
q00_from_e2k0,gamma_1,78,62.391892367,62.3933659796,0.000141856622548,-0.00147361261731,0.820664010104,-0.00120934083986
q00_from_e2k0,gamma_1,80,62.3893362982,62.3933699348,0.00014581180357,-0.00403363658618,0.816515626216,-0.00329352730309
q00_from_e2k0,gamma_1,82,62.3869199794,62.3933721689,0.000148045937301,-0.00645218947054,0.812388212041,-0.00524168266772
q00_from_e2k0,gamma_1,84,62.3847176169,62.3933727288,0.000148605881321,-0.00865511194577,0.808281661578,-0.00699576826467
q00_from_e2k0,gamma_1,86,62.3827943766,62.3933716866,0.000147563638862,-0.0105773099585,0.804195869365,-0.00850622897762
q00_from_e2k0,gamma_1,88,62.3812043818,62.3933691367,0.000145013750981,-0.0121647548664,0.800130730469,-0.00973339419723
q00_from_e2k0,gamma_1,90,62.3799901755,62.3933651936,0.000141070665279,-0.0133750181521,0.796086140491,-0.0106476665797
q00_from_e2k0,gamma_1,92,62.379182055,62.3933599873,0.00013586432965,-0.0141779322946,0.792061995557,-0.0112298013461
q00_from_e2k0,gamma_1,94,62.3787972103,62.3933536597,0.00012953677151,-0.0145564494308,0.788058192319,-0.011471329225
q00_from_e2k0,gamma_1,96,62.378839975,62.3933463643,0.000122241343931,-0.0145063892636,0.784074627951,-0.0113740917648
q00_from_e2k0,gamma_1,98,62.3793024031,62.3933382635,0.000114140573274,-0.0140358603851,0.780111200149,-0.0109495318901
q00_from_e2k0,gamma_1,100,62.3801653857,62.3933295248,0.000105401864907,-0.0131641390828,0.776167807123,-0.0102175809645
q00_from_e2k0,gamma_1,102,62.3813998265,62.3933203166,9.61936563755e-05,-0.0119204900586,0.7722443476,-0.00920553106836
q00_from_e2k0,gamma_1,104,62.3829674758,62.3933108066,8.66836994859e-05,-0.0103433308927,0.768340720817,-0.00794720231375
q00_from_e2k0,gamma_1,106,62.3848226218,62.3933011628,7.70398400221e-05,-0.00847854096556,0.764456826522,-0.00648147852006
q00_from_e2k0,gamma_1,108,62.3869138927,62.3932915527,6.74297209642e-05,-0.00637766000661,0.760592564968,-0.00485080078293
q00_from_e2k0,gamma_1,110,62.3891854443,62.3932821404,5.80174515505e-05,-0.00409669611644,0.756747836915,-0.00310016592461
q00_from_e2k0,gamma_1,112,62.3915786114,62.3932730837,4.89607271348e-05,-0.00169447229999,0.752922543621,-0.0012758063942
q00_from_e2k0,gamma_1,114,62.3940332384,62.3932645318,4.04088103636e-05,0.000768706655904,0.749116586846,0.000575850906357
q00_from_e2k0,gamma_1,116,62.3964884616,62.3932566216,3.24986367275e-05,0.00323184005426,0.745329868846,0.00240878692377
q00_from_e2k0,gamma_1,118,62.3988844138,62.3932494735,2.53505071441e-05,0.0056349403037,0.741562292369,0.00417865924898
q00_from_e2k0,gamma_1,120,62.4011632516,62.3932431872,1.9064204885e-05,0.00792006441226,0.737813760658,0.00584353250867
q00_from_e2k0,gamma_1,122,62.4032703643,62.3932378379,1.37149433712e-05,0.0100325263746,0.734084177443,0.00736471887134
q00_from_e2k0,gamma_1,124,62.4051559126,62.393233473,9.35002159963e-06,0.0119224396124,0.730373446941,0.00870783331565
q00_from_e2k0,gamma_1,126,62.4067756576,62.3932301091,5.98610540692e-06,0.0135455485111,0.726681473852,0.00984329915618
q00_from_e2k0,gamma_1,128,62.4080918557,62.3932277299,3.60691957724e-06,0.0148641258688,0.723008163361,0.0107468843444
q00_from_e2k0,gamma_1,130,62.4090745387,62.3932262848,2.16184193391e-06,0.0158482539128,0.719353421129,0.0114004956711
q00_from_e2k0,gamma_1,132,62.4097020189,62.3932256876,1.56465742407e-06,0.0164763313332,0.715717153295,0.0117923929585
q00_from_e2k0,gamma_1,134,62.4099613342,62.393225817,1.69404680861e-06,0.0167355172101,0.712099266473,0.0119173495294
q00_from_e2k0,gamma_1,136,62.4098487176,62.3932265194,2.396429295e-06,0.0166221981965,0.708499667748,0.0117768218995
q00_from_e2k0,gamma_1,138,62.4093696906,62.3932276117,3.48877579626e-06,0.0161420788634,0.704918264677,0.0113788462207
q00_from_e2k0,gamma_1,140,62.4085390665,62.3932288845,4.76159456753e-06,0.0153101819669,0.70135496528,0.0107378721418
q00_from_e2k0,gamma_1,142,62.4073805474,62.393230107,5.98403701701e-06,0.0141504404248,0.697809678047,0.00987431427702
q00_from_e2k0,gamma_1,144,62.4059258447,62.3932310337,6.91075045012e-06,0.0126948109848,0.694282311926,0.00881378271996
q00_from_e2k0,gamma_1,146,62.4042138982,62.3932314137,7.2907966171e-06,0.0109824844936,0.690772776329,0.00758640130461
q00_from_e2k0,gamma_1,148,62.4022898428,62.3932310013,6.87831174417e-06,0.00905884150776,0.687280981123,0.00622596947929
q00_from_e2k0,gamma_1,150,62.4002038251,62.3932295658,5.44289918025e-06,0.00697425927181,0.683806836633,0.00476904617051
q00_from_e2k0,gamma_1,152,62.3980097061,62.3932269033,2.78036145573e-06,0.00478280279569,0.680350253636,0.00325398109514
q00_from_e2k0,gamma_1,154,62.3957635261,62.3932228467,-1.27625099822e-06,0.00254067942818,0.676911143359,0.00171981421664
q00_from_e2k0,gamma_1,156,62.3935220524,62.3932172762,-6.84676001583e-06,0.000304776234266,0.673489417481,0.000205263568478
q00_from_e2k0,gamma_1,158,62.3913413102,62.3932101277,-1.39952848173e-05,-0.00186881746571,0.670084988123,-0.00125226652932
q00_from_e2k0,gamma_1,160,62.3892752254,62.3932013993,-2.2723697704e-05,-0.00392617389704,0.666697767855,-0.00261757137336
q00_from_e2k0,gamma_1,162,62.3873743798,62.3931911552,-3.29677576048e-05,-0.00581677540468,0.663327669685,-0.00385842807427
q00_from_e2k0,gamma_1,164,62.3856847822,62.393179527,-4.459598496e-05,-0.0074947447154,0.659974607062,-0.00494634119858
q00_from_e2k0,gamma_1,166,62.3842465237,62.3931667116,-5.74113304026e-05,-0.00892018796652,0.656638493875,-0.00585733879142
q00_from_e2k0,gamma_1,168,62.3830928542,62.393152968,-7.11549393202e-05,-0.0100601137968,0.653319244444,-0.00657246594471
q00_from_e2k0,gamma_1,170,62.38224957,62.3931386103,-8.55126933388e-05,-0.0108890402596,0.650016773525,-0.0070780588163
q00_from_e2k0,gamma_1,172,62.381734394,62.3931239969,-0.000100126083126,-0.0113896028584,0.646730996304,-0.00736600920413
q00_from_e2k0,gamma_1,174,62.3815566314,62.3931095175,-0.000114605491653,-0.0115528860144,0.643461828395,-0.00743384115807
q00_from_e2k0,gamma_1,176,62.3817169687,62.3930955789,-0.000128544070584,-0.0113786102284,0.640209185842,-0.00728469079036
q00_from_e2k0,gamma_1,178,62.3822074386,62.393082591,-0.000141531952053,-0.0108751523735,0.636972985108,-0.00692717827082
q00_from_e2k0,gamma_1,180,62.3830115378,62.3930709531,-0.000153169802715,-0.0100594153924,0.633753143082,-0.00637518612253
q00_from_e2k0,gamma_1,182,62.3841047444,62.3930610406,-0.000163082366328,-0.0089562961912,0.630549577072,-0.0056473887755
q00_from_e2k0,gamma_1,184,62.3854550687,62.3930531913,-0.000170931614306,-0.00759812264363,0.627362204805,-0.00476677497409
q00_from_e2k0,gamma_1,186,62.3870237398,62.3930476955,-0.000176427418928,-0.00602395577037,0.624190944423,-0.00376009864147
q00_from_e2k0,gamma_1,188,62.3887661615,62.3930447864,-0.000179336580686,-0.00427862485964,0.62103571448,-0.0026571788467
q00_from_e2k0,gamma_1,190,62.3906330049,62.3930446316,-0.000179491372478,-0.00241162668338,0.617896433946,-0.00149013552767
q00_from_e2k0,gamma_1,192,62.3925715557,62.3930473273,-0.000176795695907,-0.000475771584938,0.614773022197,-0.000292491535148
q00_from_e2k0,gamma_1,194,62.3945269021,62.3930528953,-0.000171227626346,0.00147400682098,0.611665399017,0.000901598970308
q00_from_e2k0,gamma_1,196,62.3964433681,62.393061283,-0.000162839904419,0.00338208509326,0.608573484598,0.00205824731041
q00_from_e2k0,gamma_1,198,62.3982660933,62.3930723644,-0.000151758568173,0.00519372888208,0.605497199532,0.00314478829323
q00_from_e2k0,gamma_1,200,62.399942557,62.3930859435,-0.000138179460933,0.00685661348128,0.602436464814,0.00413067398626
q00_from_e2k0,gamma_1,202,62.401424157,62.3931017601,-0.000122362836819,0.00832239685931,0.59939120184,0.00498837145569
q00_from_e2k0,gamma_1,204,62.4026675295,62.3931194976,-0.000104625332014,0.00954803188239,0.5963613324,0.00569407701518
q00_from_e2k0,gamma_1,206,62.4036356825,62.3931387934,-8.53295406671e-05,0.0104968890502,0.593346778682,0.00622829530409
q00_from_e2k0,gamma_1,208,62.4042992882,62.39315925,-6.48729041401e-05,0.0111400381396,0.590347463266,0.00657649325638
q00_from_e2k0,gamma_1,210,62.4046376059,62.3931804469,-4.36760933837e-05,0.0114571590245,0.587363309123,0.00672951483776
q00_from_e2k0,gamma_1,212,62.4046390532,62.3932019524,-2.21705514747e-05,0.0114371007852,0.584394239616,0.00668377581676
q00_from_e2k0,gamma_1,214,62.4043016738,62.3932233367,-7.8620899302e-07,0.0110783370232,0.581440178492,0.00644139025617
q00_from_e2k0,gamma_1,216,62.4036330798,62.3932441828,2.00598928259e-05,0.0103888969542,0.578501049885,0.00600998779514
q00_from_e2k0,gamma_1,218,62.4026500905,62.3932640979,3.9974983558e-05,0.00938599260927,0.575576778313,0.00540235938732
q00_from_e2k0,gamma_1,220,62.4013781893,62.3932827247,5.86017276518e-05,0.00809546463349,0.572667288675,0.00463600778223
q00_from_e2k0,gamma_1,222,62.3998509443,62.3932997501,7.56271706024e-05,0.00655119414326,0.56977250625,0.00373269030593
q00_from_e2k0,gamma_1,224,62.3981088679,62.393314912,9.07890183584e-05,0.00479395593933,0.566892356693,0.00271765698033
q00_from_e2k0,gamma_1,226,62.3961980714,62.3933280034,0.000103880462937,0.00287006800738,0.564026766037,0.00161879517651
q00_from_e2k0,gamma_1,228,62.3941689648,62.3933388768,0.000114753801242,0.000830088041369,0.561175660688,0.000465825205044
q00_from_e2k0,gamma_1,230,62.3920748484,62.393347445,0.000123322033595,-0.00127259658287,0.558338967424,-0.000710540262028
q00_from_e2k0,gamma_1,232,62.3899703958,62.3933536818,0.00012955886956,-0.00338328600334,0.555516613393,-0.00187947158272
q00_from_e2k0,gamma_1,234,62.3879100999,62.3933576203,0.000133497379451,-0.00544752042923,0.552708526112,-0.00301089098741
q00_from_e2k0,gamma_1,236,62.3859468378,62.39335935,0.000135227072661,-0.00741251220835,0.549914633464,-0.0040762489341
q00_from_e2k0,gamma_1,238,62.384130524,62.3933590123,0.000134889387752,-0.00922848831431,0.547134863695,-0.00504922769596
q00_from_e2k0,gamma_1,240,62.3825069195,62.3933567945,0.000132671517022,-0.0108498749514,0.544369145417,-0.00590633715518
q00_from_e2k0,gamma_1,242,62.3811164989,62.3933529223,0.000128799315775,-0.0122364233492,0.541617407599,-0.00662745989265
q00_from_e2k0,gamma_1,244,62.379993332,62.3933476529,0.000123529977131,-0.0133543209465,0.538879579572,-0.00719637085714
q00_from_e2k0,gamma_1,246,62.3791643637,62.3933412668,0.000117143811451,-0.0141769030913,0.536155591024,-0.0076010258558
q00_from_e2k0,gamma_1,248,62.3786489912,62.3933340578,0.00010993484851,-0.0146850665829,0.533445371996,-0.00783368080608
q00_from_e2k0,gamma_1,250,62.378458609,62.3933263241,0.000102201177754,-0.0148677151495,0.530748852885,-0.00789102276062
q00_from_e2k0,gamma_1,252,62.3785964015,62.3933183583,9.42353482003e-05,-0.0147219567831,0.52806596444,-0.00777416430711
q00_from_e2k0,gamma_1,254,62.3790573923,62.393310438,8.63150197858e-05,-0.0142530456429,0.525396637758,-0.00748850225858
q00_from_e2k0,gamma_1,256,62.379828599,62.3933028173,7.86943424984e-05,-0.0134742182614,0.522740804287,-0.0070435236911
q00_from_e2k0,gamma_1,258,62.3808894479,62.3932957191,7.15961209181e-05,-0.0124062711497,0.520098395818,-0.00645248172305
q00_from_e2k0,gamma_1,260,62.3822123032,62.3932893281,6.52051247982e-05,-0.0110770248656,0.51746934449,-0.00573202079611
q00_from_e2k0,gamma_1,262,62.3837630988,62.393283786,5.96630608598e-05,-0.00952068725012,0.514853582783,-0.00490175994129
q00_from_e2k0,gamma_1,264,62.3855021841,62.3932791882,5.50652245863e-05,-0.00777700408468,0.512251043521,-0.00398377845784
q00_from_e2k0,gamma_1,266,62.3873851255,62.3932755818,5.14588877536e-05,-0.00589045635962,0.509661659863,-0.00300213976559
q00_from_e2k0,gamma_1,268,62.3893637025,62.393272966,4.88430612364e-05,-0.00390926353993,0.507085365311,-0.00198233033024
q00_from_e2k0,gamma_1,270,62.3913871336,62.3932712925,4.71695435635e-05,-0.00188415892089,0.5045220937,-0.00095059980363
q00_from_e2k0,gamma_1,272,62.393403216,62.3932704686,4.63456708104e-05,0.000132747363416,0.5019717792,6.66354301981e-05
q00_from_e2k0,gamma_1,274,62.3953596405,62.3932703611,4.62381870037e-05,0.00208927937972,0.499434356313,0.00104345790217
q00_from_e2k0,gamma_1,276,62.3972054968,62.3932708012,4.66782307313e-05,0.00393469565329,0.496909759875,0.00195518867225
q00_from_e2k0,gamma_1,278,62.398892627,62.3932715911,4.74681387175e-05,0.00562103593743,0.494397925048,0.00277902850408
q00_from_e2k0,gamma_1,280,62.400377152,62.3932725125,4.83895438208e-05,0.00710463947816,0.491898787323,0.00349476354367
q00_from_e2k0,gamma_1,282,62.4016209573,62.3932733353,4.92123312839e-05,0.00834762205074,0.489412282519,0.00408542876145
q00_from_e2k0,gamma_1,284,62.4025928515,62.3932738276,4.97046366874e-05,0.00931902394356,0.486938346776,0.00453779011264
q00_from_e2k0,gamma_1,286,62.4032696982,62.3932737663,4.96433376327e-05,0.00999593193822,0.484476916559,0.00484279828356
q00_from_e2k0,gamma_1,288,62.4036373721,62.3932729468,4.88238099692e-05,0.0103644253901,0.482027928653,0.00499594250249
q00_from_e2k0,gamma_1,290,62.4036911515,62.3932711913,4.70683735045e-05,0.0104199601703,0.479591320165,0.00499732245415
q00_from_e2k0,gamma_1,292,62.4034358291,62.3932683566,4.42336179276e-05,0.0101674725743,0.477167028517,0.00485158267578
q00_from_e2k0,gamma_1,294,62.4028854333,62.3932643391,4.02161093689e-05,0.00962109420657,0.474754991448,0.00456766249776
q00_from_e2k0,gamma_1,296,62.4020628214,62.393259079,3.49560969823e-05,0.00880374231777,0.472355147014,0.00415849299678
q00_from_e2k0,gamma_1,298,62.4009988202,62.3932525627,2.84397238062e-05,0.00774625750601,0.46996743358,0.00364048875995
q00_from_e2k0,gamma_1,300,62.3997311762,62.393244822,2.06990172416e-05,0.00648635425078,0.467591789826,0.00303296599357
q00_from_e2k0,gamma_1,302,62.3983034156,62.3932359328,1.18098056134e-05,0.0050674828278,0.465228154741,0.00235753568516
q00_from_e2k0,gamma_1,304,62.3967631844,62.3932260113,1.88836612125e-06,0.00353717309259,0.462876467622,0.00163727418647
q00_from_e2k0,gamma_1,306,62.3951606924,62.3932152104,-8.91253869639e-06,0.00194548201373,0.460536668073,0.0008959658044
q00_from_e2k0,gamma_1,308,62.3935470883,62.3932037147,-2.0408216443e-05,0.000343373563716,0.458208696004,0.000157336752872
q00_from_e2k0,gamma_1,310,62.3919727474,62.393191735,-3.23879494033e-05,-0.00121898762596,0.455892491627,-0.000555727306062
q00_from_e2k0,gamma_1,312,62.3904856772,62.3931795013,-4.46216897814e-05,-0.00269382409766,0.453587995458,-0.00122188627258
q00_from_e2k0,gamma_1,314,62.3891299784,62.3931672565,-5.68664749778e-05,-0.0040372780277,0.451295148313,-0.00182200398629
q00_from_e2k0,gamma_1,316,62.3879446025,62.3931552503,-6.88726366889e-05,-0.00521064786237,0.449013891308,-0.00233965327292
q00_from_e2k0,gamma_1,318,62.3869624445,62.3931437324,-8.03905728759e-05,-0.00618128784404,0.446744165855,-0.00276145428179
q00_from_e2k0,gamma_1,320,62.3862097012,62.3931329447,-9.11782227746e-05,-0.006923243545,0.444485913662,-0.00307728423261
q00_from_e2k0,gamma_1,322,62.3857054023,62.3931231155,-0.000101007447242,-0.00741771319812,0.442239076735,-0.00328040263622
q00_from_e2k0,gamma_1,324,62.3854614974,62.3931144543,-0.000109668605731,-0.00765295692803,0.440003597369,-0.00336732857885
q00_from_e2k0,gamma_1,326,62.3854832533,62.3931071471,-0.000116975818045,-0.00762389386257,0.437779418154,-0.00333758381922
q00_from_e2k0,gamma_1,328,62.3857693729,62.3931013501,-0.000122772887813,-0.00733197720098,0.435566481967,-0.0031935635153
q00_from_e2k0,gamma_1,330,62.3863123843,62.3930971854,-0.00012693750012,-0.00678480113935,0.433364731977,-0.00294029352727
q00_from_e2k0,gamma_1,332,62.3870991365,62.3930947397,-0.000129383286122,-0.00599560317736,0.431174111638,-0.00258514887373
q00_from_e2k0,gamma_1,334,62.3881110668,62.3930940631,-0.000130059880902,-0.00498299622338,0.428994564691,-0.0021376782957
q00_from_e2k0,gamma_1,336,62.3893245324,62.3930951713,-0.00012895163055,-0.00377063890691,0.426826035161,-0.00160940685466
q00_from_e2k0,gamma_1,338,62.3907113295,62.3930980472,-0.000126075780173,-0.00238671766118,0.424668467355,-0.00101356373118
q00_from_e2k0,gamma_1,340,62.3922389615,62.3931026431,-0.000121479859999,-0.000863681554684,0.422521805863,-0.000364924290176
q00_from_e2k0,gamma_1,342,62.3938711963,62.3931088846,-0.000115238322515,0.000762311633061,0.420385995556,0.000320465134788
q00_from_e2k0,gamma_1,344,62.3955688453,62.3931166743,-0.000107448674655,0.00245217098252,0.41826098158,0.00102564744215
q00_from_e2k0,gamma_1,346,62.3972903922,62.3931258958,-9.82271347638e-05,0.00416449640431,0.416146709362,0.0017330414748
q00_from_e2k0,gamma_1,348,62.3989931102,62.3931364189,-8.77040275782e-05,0.00585669127173,0.414043124602,0.00242492275398
q00_from_e2k0,gamma_1,350,62.4006342093,62.3931481029,-7.60200780121e-05,0.00748610645924,0.411950173277,0.00308390285306
q00_from_e2k0,gamma_1,352,62.4021718595,62.3931607988,-6.33241392478e-05,0.00901106073634,0.409867801636,0.00369334365441
q00_from_e2k0,gamma_1,354,62.4035661893,62.3931743508,-4.97721743642e-05,0.0103918385176,0.407795956199,0.00423774972494
q00_from_e2k0,gamma_1,356,62.4047802932,62.3931885964,-3.55265487073e-05,0.0115916967804,0.405734583757,0.00470315226825
q00_from_e2k0,gamma_1,358,62.4057809544,62.393203369,-2.07539120964e-05,0.0125775853289,0.40368363137,0.00507736531945
q00_from_e2k0,gamma_1,360,62.4065394578,62.3932185008,-5.62216695243e-06,0.0133209570395,0.401643046366,0.00535026976585
q00_from_e2k0,gamma_1,362,62.4070324802,62.393233824,9.70109461207e-06,0.0137986561796,0.399612776338,0.00551411930565
q00_from_e2k0,gamma_1,364,62.4072426962,62.393249171,2.50480541268e-05,0.0139935251493,0.397592769146,0.00556372441423
q00_from_e2k0,gamma_1,366,62.4071593365,62.393264373,4.02500794294e-05,0.0138949634685,0.395582972911,0.00549661095735
q00_from_e2k0,gamma_1,368,62.4067789008,62.3932792615,5.51385345204e-05,0.0134996392767,0.393583336018,0.00531323306157
q00_from_e2k0,gamma_1,370,62.4061051565,62.3932936679,6.95449013506e-05,0.0128114886719,0.391593807112,0.00501689962381
q00_from_e2k0,gamma_1,372,62.405149477,62.3933074235,8.33005139569e-05,0.0118420535305,0.389614335099,0.00461383381247
q00_from_e2k0,gamma_1,374,62.4039311058,62.3933203595,9.62365065931e-05,0.0106107463644,0.387644869142,0.00411320138591
q00_from_e2k0,gamma_1,376,62.4024764223,62.3933323076,0.000108184698064,0.00914411463955,0.38568535866,0.00352675113439
q00_from_e2k0,gamma_1,378,62.4008185948,62.3933431032,0.000118980279254,0.00747549152237,0.383735753331,0.00286861337085
q00_from_e2k0,gamma_1,380,62.3989968973,62.3933525871,0.000128464139138,0.00564431024975,0.381796003083,0.00215497509352
q00_from_e2k0,gamma_1,382,62.397055347,62.3933606089,0.000136485983845,0.00369473806916,0.379866058102,0.00140350558605
q00_from_e2k0,gamma_1,384,62.3950414142,62.3933670316,0.000142908672679,0.00167438259109,0.377945868821,0.000632825983129
q00_from_e2k0,gamma_1,386,62.3930047386,62.3933717347,0.000147611790055,-0.000366996142887,0.376035385927,-0.000138003536224
q00_from_e2k0,gamma_1,388,62.3909952885,62.3933746192,0.000150496213635,-0.00237933062506,0.374134560355,-0.000890189817347
q00_from_e2k0,gamma_1,390,62.3890618424,62.3933756119,0.000151488903356,-0.00431376945325,0.372243343288,-0.00160577196345
q00_from_e2k0,gamma_1,392,62.3872510162,62.3933746679,0.000150544995378,-0.00612365175775,0.370361686156,-0.00226796599043
q00_from_e2k0,gamma_1,394,62.3856057216,62.3933717718,0.000147648854181,-0.00776605024024,0.368489540633,-0.00286170828556
q00_from_e2k0,gamma_1,396,62.384164132,62.3933669387,0.00014281571778,-0.00920280668085,0.366626858641,-0.00337399610408
q00_from_e2k0,gamma_1,398,62.3829585564,62.3933602157,0.000136092786306,-0.0104016593515,0.364773592341,-0.00379425064795
q00_from_e2k0,gamma_1,400,62.3820144435,62.3933516828,0.000127559898687,-0.0113372393967,0.362929694138,-0.0041146208266
q00_from_e2k0,gamma_1,402,62.3813499759,62.3933414517,0.000117328775147,-0.0119914757893,0.361095116677,-0.00433006334928
q00_from_e2k0,gamma_1,404,62.3809757359,62.3933296637,0.000105540797307,-0.0123539278008,0.359269812843,-0.00443839332885
q00_from_e2k0,gamma_1,406,62.3808940304,62.3933164884,9.23654086762e-05,-0.0124224579775,0.357453735758,-0.00444045401134
q00_from_e2k0,gamma_1,408,62.3810989113,62.393302121,7.79980019772e-05,-0.0122032096387,0.355646838782,-0.004340032931
q00_from_e2k0,gamma_1,410,62.3815765887,62.3932867787,6.265578957e-05,-0.0117101900216,0.35384907551,-0.00414363991318
q00_from_e2k0,gamma_1,412,62.3823057777,62.3932706957,4.6572757995e-05,-0.0109649180535,0.352060399772,-0.00386031343338
q00_from_e2k0,gamma_1,414,62.3832585885,62.3932541184,2.99954060665e-05,-0.00999552984719,0.350280765632,-0.00350124184777
q00_from_e2k0,gamma_1,416,62.3844014871,62.3932373011,1.31781883539e-05,-0.0088358139964,0.348510127384,-0.00307937066143
q00_from_e2k0,gamma_1,418,62.3856965432,62.3932205004,-3.62254110087e-06,-0.00752395723229,0.346748439556,-0.00260892042959
q00_from_e2k0,gamma_1,420,62.3871027774,62.3932039686,-2.0154369814e-05,-0.00610119119284,0.344995656904,-0.00210488446347
q00_from_e2k0,gamma_1,422,62.3885774362,62.3931879488,-3.61741908605e-05,-0.00461051256547,0.343251734414,-0.00158256643463
q00_from_e2k0,gamma_1,424,62.3900774842,62.3931726692,-5.1453743481e-05,-0.00309518500787,0.341516627296,-0.00105705714474
q00_from_e2k0,gamma_1,426,62.3915607776,62.3931583384,-6.57845505287e-05,-0.00159756083551,0.339790290992,-0.000542835661174
q00_from_e2k0,gamma_1,428,62.392987155,62.3931451408,-7.89821438474e-05,-0.000157985772617,0.338072681165,-5.34106737345e-05
q00_from_e2k0,gamma_1,430,62.3943194981,62.3931332325,-9.08904927286e-05,0.00118626568316,0.336363753703,0.000399016778077
q00_from_e2k0,gamma_1,432,62.395524299,62.3931227377,-0.000101385266333,0.00240156135998,0.334663464718,0.000803714845465
q00_from_e2k0,gamma_1,434,62.3965719912,62.3931137473,-0.000110375638485,0.00345824385376,0.332971770544,0.00115149757896
q00_from_e2k0,gamma_1,436,62.3974374477,62.393106317,-0.00011780591911,0.00433113068507,0.331288627734,0.00143485434119
q00_from_e2k0,gamma_1,438,62.3981003348,62.3931004675,-0.000123655406277,0.00499986726069,0.329613993061,0.00164802621257
q00_from_e2k0,gamma_1,440,62.3985454342,62.3930961866,-0.000127936301467,0.00544924758087,0.327947823519,0.00178706888396
q00_from_e2k0,gamma_1,442,62.398763184,62.3930934297,-0.000130693279964,0.0056697543469,0.326290076316,0.00184998457854
q00_from_e2k0,gamma_1,444,62.398749927,62.3930921187,-0.000132004250261,0.00565780833497,0.324640708878,0.00183675490856
q00_from_e2k0,gamma_1,446,62.3985080013,62.3930921445,-0.000131978422985,0.00541585675361,0.322999678847,0.0017493199921
q00_from_e2k0,gamma_1,448,62.3980459733,62.393093371,-0.000130751997631,0.00495260235098,0.321366944077,0.00159160268276
q00_from_e2k0,gamma_1,450,62.3973785032,62.3930956399,-0.000128483076736,0.00428286334221,0.319742462637,0.00136941327217
q00_from_e2k0,gamma_1,452,62.3965262012,62.3930987773,-0.000125345639219,0.00342742390727,0.318126192806,0.00109035331875
q00_from_e2k0,gamma_1,454,62.3955154233,62.3931026004,-0.000121522506376,0.00241282282583,0.316518093077,0.000763702079764
q00_from_e2k0,gamma_1,456,62.3943775247,62.3931069254,-0.000117197573523,0.00127059927473,0.314918122149,0.0004001347376
q00_from_e2k0,gamma_1,458,62.3931480425,62.3931115755,-0.000112547476192,3.64669972583e-05,0.313326238932,1.14260670961e-05
q00_from_e2k0,gamma_1,460,62.3918656996,62.3931163897,-0.000107733275399,-0.00125069004282,0.311742402544,-0.000389893118788
q00_from_e2k0,gamma_1,462,62.3905708219,62.3931212301,-0.000102892854514,-0.00255040817716,0.310166572309,-0.000791051362298
q00_from_e2k0,gamma_1,464,62.3893041753,62.3931259886,-9.81343897735e-05,-0.0038218132792,0.308598707756,-0.00117940663925
q00_from_e2k0,gamma_1,466,62.3881059792,62.3931305916,-9.35313720518e-05,-0.00502461232885,0.30703876862,-0.00154275078224
q00_from_e2k0,gamma_1,468,62.3870142803,62.3931350035,-8.91194164154e-05,-0.0061207232603,0.305486714837,-0.00186979964122
q00_from_e2k0,gamma_1,470,62.3860637481,62.393139228,-8.48949665624e-05,-0.00707547992285,0.303942506549,-0.00215053910279
q00_from_e2k0,gamma_1,472,62.3852847366,62.3931433073,-8.08156623791e-05,-0.00785857071554,0.302406104098,-0.00237647975386
q00_from_e2k0,gamma_1,474,62.3847022646,62.3931473212,-7.68017730479e-05,-0.00844505659636,0.300877468024,-0.00254092724603
q00_from_e2k0,gamma_1,476,62.3843356294,62.3931513829,-7.27400827074e-05,-0.00881575344356,0.299356559071,-0.00263905361648
q00_from_e2k0,gamma_1,478,62.3841980079,62.3931556339,-6.84890862033e-05,-0.00895762596162,0.297843338177,-0.00266796921855
q00_from_e2k0,gamma_1,480,62.3842959704,62.3931602386,-6.38843167309e-05,-0.00886426822326,0.296337766482,-0.00262681744678
q00_from_e2k0,gamma_1,482,62.3846296026,62.393165377,-5.8745970037e-05,-0.00853577433917,0.294839805317,-0.00251668604439
q00_from_e2k0,gamma_1,484,62.3851926155,62.3931712342,-5.28887082183e-05,-0.00797861874766,0.293349416214,-0.00234052315182
q00_from_e2k0,gamma_1,486,62.3859722701,62.3931779919,-4.61310359938e-05,-0.00720572178643,0.291866560896,-0.00210310923658
q00_from_e2k0,gamma_1,488,62.3869500589,62.3931858183,-3.83046190962e-05,-0.00623575945193,0.29039120128,-0.00181080967814
q00_from_e2k0,gamma_1,490,62.3881022855,62.3931948578,-2.92651432972e-05,-0.00509257228612,0.288923299476,-0.00147136278773
q00_from_e2k0,gamma_1,492,62.389400541,62.3932052194,-1.89035839782e-05,-0.00380467839075,0.287462817786,-0.00109370357097
q00_from_e2k0,gamma_1,494,62.3908128885,62.3932169686,-7.1543307314e-06,-0.00240408008232,0.286009718701,-0.00068759026808
q00_from_e2k0,gamma_1,496,62.3923047269,62.3932301236,6.00061603961e-06,-0.000925396621739,0.284563964904,-0.000263334531791
q00_from_e2k0,gamma_1,498,62.3938394167,62.3932446519,2.05289549484e-05,0.000594764759526,0.283125519264,0.000168393081381
q00_from_e2k0,gamma_1,500,62.3953798095,62.3932604693,3.63463141184e-05,0.00211934020921,0.281694344839,0.000597006151723
q00_from_e2k0,gamma_1,502,62.3968894744,62.3932774403,5.33173926272e-05,0.003612034094,0.280270404874,0.00101234625795
q00_from_e2k0,gamma_1,504,62.3983335683,62.3932953816,7.12586114346e-05,0.00503818673784,0.2788536628,0.00140491682572
q00_from_e2k0,gamma_1,506,62.3996799223,62.3933140637,8.99407824022e-05,0.00636585855565,0.277444082231,0.00176616978459
q00_from_e2k0,gamma_1,508,62.4008994565,62.3933332167,0.000109093707337,0.00756623987459,0.276041626968,0.00208859716501
q00_from_e2k0,gamma_1,510,62.4019666862,62.3933525372,0.000128414202379,0.00861414901706,0.274646260991,0.00236584381916
q00_from_e2k0,gamma_1,512,62.4028603615,62.3933716989,0.00014757594483,0.00948866256673,0.273257948466,0.00259285246667
q00_from_e2k0,gamma_1,514,62.4035635832,62.3933903604,0.000166237480471,0.0101732227365,0.271876653738,0.00276586175532
q00_from_e2k0,gamma_1,516,62.4040642869,62.3934081726,0.000184049671212,0.0106561142835,0.270502341332,0.0028825038632
q00_from_e2k0,gamma_1,518,62.4043551179,62.3934247886,0.000200665610137,0.0109303293611,0.269134975954,0.00294173392976
q00_from_e2k0,gamma_1,520,62.4044331533,62.3934398742,0.00021575123035,0.0109932790793,0.267774522487,0.00294372005602
q00_from_e2k0,gamma_1,522,62.4043001234,62.3934531178,0.000228994801233,0.0108470056011,0.266420945991,0.00288986949341
q00_from_e2k0,gamma_1,524,62.4039621404,62.3934642383,0.000240115377466,0.0104979020897,0.265074211705,0.00278272312097
q00_from_e2k0,gamma_1,526,62.4034294241,62.3934729923,0.00024886934392,0.00995643181738,0.263734285041,0.00262585242692
q00_from_e2k0,gamma_1,528,62.4027160549,62.3934791779,0.000255054913424,0.00923687704285,0.262401131588,0.00242376698838
q00_from_e2k0,gamma_1,530,62.4018395005,62.3934826385,0.000258515579972,0.00835686195218,0.261074717108,0.00218176537007
q00_from_e2k0,gamma_1,532,62.4008204736,62.3934832659,0.000259142970023,0.00733720768245,0.259755007535,0.00190587643684
q00_from_e2k0,gamma_1,534,62.3996827812,62.3934810014,0.000256878456241,0.00620177976756,0.258441968977,0.00160280017429
q00_from_e2k0,gamma_1,536,62.3984530943,62.3934758361,0.000251713158782,0.00497725816636,0.257135567713,0.00127983010426
q00_from_e2k0,gamma_1,538,62.3971607326,62.3934678098,0.000243686846872,0.00369292281265,0.255835770191,0.000944781752033
q00_from_e2k0,gamma_1,540,62.395837336,62.3934570104,0.000232887480145,0.00238032557754,0.254542543031,0.00060589412575
q00_from_e2k0,gamma_1,542,62.3945161789,62.3934435722,0.000219449243879,0.00107260669343,0.25325585302,0.000271643923101
q00_from_e2k0,gamma_1,544,62.3932313568,62.3934276715,0.000203548588907,-0.000196314709406,0.251975667113,-4.94665298666e-05
q00_from_e2k0,gamma_1,546,62.3920167212,62.3934095229,0.000185399944058,-0.00139280171349,0.250701952432,-0.000349178108923
q00_from_e2k0,gamma_1,548,62.3909048464,62.3933893745,0.000165251550378,-0.00248452807602,0.249434676266,-0.000619727456317
q00_from_e2k0,gamma_1,550,62.3899257958,62.3933675048,0.000143381891249,-0.00344170903892,0.248173806069,-0.000854142031571
q00_from_e2k0,gamma_1,552,62.3891062056,62.3933442163,0.000120093308055,-0.00423801061359,0.246919309459,-0.00104644665419
q00_from_e2k0,gamma_1,554,62.3884686168,62.3933198249,9.57019263694e-05,-0.00485120808716,0.245671154218,-0.00119180189012
q00_from_e2k0,gamma_1,556,62.3880307767,62.3932946528,7.05298777888e-05,-0.00526387608704,0.244429308291,-0.00128664559089
q00_from_e2k0,gamma_1,558,62.3878044909,62.393269023,4.49000115452e-05,-0.00546453202985,0.243193739786,-0.00132893998052
q00_from_e2k0,gamma_1,560,62.3877953185,62.3932432521,1.91291737366e-05,-0.00544793358701,0.24196441697,-0.00131820607407
q00_from_e2k0,gamma_1,562,62.3880024387,62.3932176443,-6.4786184879e-06,-0.00521520566014,0.240741308272,-0.00125551543353
q00_from_e2k0,gamma_1,564,62.3884181761,62.3931924849,-3.16380555105e-05,-0.00477430875018,0.23952438228,-0.0011435633542
q00_from_e2k0,gamma_1,566,62.3890283821,62.3931680352,-5.60877639089e-05,-0.00413965308611,0.238313607741,-0.000986535661749
q00_from_e2k0,gamma_1,568,62.3898126232,62.3931445289,-7.95940815976e-05,-0.00333190569889,0.237108953561,-0.000790024673627
q00_from_e2k0,gamma_1,570,62.3907444619,62.3931221705,-0.00010195245342,-0.0023777085922,0.2359103888,-0.000560926158439
q00_from_e2k0,gamma_1,572,62.391792499,62.3931011349,-0.000122988060106,-0.00130863587892,0.234717882678,-0.000307160242697
q00_from_e2k0,gamma_1,574,62.3929212205,62.393081566,-0.000142556958295,-0.00016034548532,0.233531404569,-3.7445706403e-05
q00_from_e2k0,gamma_1,576,62.3940919351,62.3930635766,-0.000160546303171,0.00102835842924,0.232350924002,0.000238940031239
q00_from_e2k0,gamma_1,578,62.3952641573,62.3930472492,-0.000176873759159,0.00221690808571,0.231176410659,0.000512496854017
q00_from_e2k0,gamma_1,580,62.3963968038,62.3930326359,-0.000191487027685,0.00336416789138,0.230007834378,0.00077378497118
q00_from_e2k0,gamma_1,582,62.3974496511,62.3930197604,-0.000204362569406,0.00442989074693,0.228845165146,0.00101375907956
q00_from_e2k0,gamma_1,584,62.3983848131,62.3930086191,-0.000215503892683,0.00537619401462,0.227688373104,0.00122409686868
q00_from_e2k0,gamma_1,586,62.3991679514,62.3929991844,-0.000224938540256,0.00616876696371,0.226537428543,0.00139745660524
q00_from_e2k0,gamma_1,588,62.3997695882,62.3929914101,-0.000232712801562,0.00677817802935,0.225392301905,0.00152774914876
q00_from_e2k0,gamma_1,590,62.4001662006,62.3929852366,-0.000238886345095,0.00718096402307,0.224252963781,0.00161035246498
q00_from_e2k0,gamma_1,592,62.4003407352,62.3929805953,-0.000243527666171,0.00736013992808,0.22311938491,0.00164218989361
q00_from_e2k0,gamma_1,594,62.4002834681,62.3929774137,-0.000246709246497,0.00730605443709,0.22199153618,0.00162188224791
q00_from_e2k0,gamma_1,596,62.399991941,62.3929756204,-0.000248502573655,0.00701632064671,0.220869388626,0.00154969045164
q00_from_e2k0,gamma_1,598,62.3994706418,62.3929751486,-0.000248974305038,0.00649549313023,0.219752913428,0.00142740353952
q00_from_e2k0,gamma_1,600,62.3987310039,62.3929759389,-0.000248184010104,0.00575506492059,0.218642081913,0.00125829937578
q00_from_e2k0,gamma_1,602,62.3977907167,62.3929779416,-0.000246181310303,0.00481277507682,0.217536865553,0.00104695600482
q00_from_e2k0,gamma_1,604,62.3966729953,62.3929811194,-0.000243003599216,0.00369187592776,0.216437235964,0.000799059421325
q00_from_e2k0,gamma_1,606,62.3954060982,62.3929854458,-0.000238677171303,0.00242065238293,0.215343164905,0.000521270945275
q00_from_e2k0,gamma_1,608,62.3940222223,62.3929909045,-0.000233218433102,0.00103131782409,0.214254624278,0.000220964612913
q00_from_e2k0,gamma_1,610,62.3925563827,62.3929974893,-0.000226633620535,-0.000441106663317,0.213171586128,-9.40314070709e-05
q00_from_e2k0,gamma_1,612,62.3910458432,62.3930052031,-0.000218919807523,-0.00195935997969,0.21209402264,-0.000415568539891
q00_from_e2k0,gamma_1,614,62.3895290272,62.3930140546,-0.000210068329146,-0.00348502739313,0.21102190614,-0.000735417123448
q00_from_e2k0,gamma_1,616,62.3880445002,62.3930240541,-0.000200068879892,-0.00497955388242,0.209955209093,-0.00104548327658
q00_from_e2k0,gamma_1,618,62.3866300922,62.3930352099,-0.000188913057229,-0.00640511764586,0.208893904106,-0.0013379900313
q00_from_e2k0,gamma_1,620,62.3853215952,62.3930475256,-0.000176597373894,-0.00772593041042,0.207837963922,-0.0016057416459
q00_from_e2k0,gamma_1,622,62.3841518454,62.3930609967,-0.000163126287035,-0.00890915127841,0.206787361422,-0.00184229988537
q00_from_e2k0,gamma_1,624,62.3831499472,62.3930756072,-0.000148515769638,-0.00992565994979,0.205742069624,-0.00204212582045
q00_from_e2k0,gamma_1,626,62.3823403203,62.3930913272,-0.000132795759484,-0.0107510068429,0.204702061684,-0.00220075326592
q00_from_e2k0,gamma_1,628,62.3817422016,62.3931081114,-0.000116011588801,-0.0113659098078,0.203667310891,-0.00231486428638
q00_from_e2k0,gamma_1,630,62.3813692718,62.3931258979,-9.82250564903e-05,-0.0117566261233,0.202637790673,-0.0023823367434
q00_from_e2k0,gamma_1,632,62.381229426,62.3931446086,-7.95143690624e-05,-0.0119151825385,0.201613474588,-0.00240226135193
q00_from_e2k0,gamma_1,634,62.3813249955,62.3931641501,-5.9972880166e-05,-0.0118391545673,0.20059433633,-0.00237486735313
q00_from_e2k0,gamma_1,636,62.381652775,62.3931844155,-3.97074380203e-05,-0.0115316404637,0.199580349725,-0.00230148883666
q00_from_e2k0,gamma_1,638,62.3822042536,62.3932052864,-1.88365796276e-05,-0.0110010327671,0.198571488733,-0.00218449145417
q00_from_e2k0,gamma_1,640,62.3829660973,62.3932266348,2.51185586819e-06,-0.0102605374739,0.197567727444,-0.00202715107108
q00_from_e2k0,gamma_1,642,62.3839203488,62.3932483264,2.42034768476e-05,-0.00932797762748,0.19656904008,-0.00183359160812
q00_from_e2k0,gamma_1,644,62.3850448581,62.3932702234,4.61004091648e-05,-0.00822536526191,0.195575400991,-0.0016086791094
q00_from_e2k0,gamma_1,646,62.386313885,62.3932921864,6.8063474302e-05,-0.00697830143471,0.194586784661,-0.00135788523857
q00_from_e2k0,gamma_1,648,62.3876984323,62.3933140765,8.99535059986e-05,-0.00561564414185,0.193603165698,-0.00108720648329
q00_from_e2k0,gamma_1,650,62.3891670812,62.3933357549,0.000111631941714,-0.00416867364592,0.192624518842,-0.000802988755254
q00_from_e2k0,gamma_1,652,62.3906867554,62.3933570828,0.000132959808454,-0.0026703273131,0.191650818959,-0.000511770416445
q00_from_e2k0,gamma_1,654,62.3922232506,62.3933779191,0.000153796150485,-0.00115466852501,0.190682041043,-0.000220174551077
q00_from_e2k0,gamma_1,656,62.3937419127,62.3933981205,0.000173997581925,0.000343792191032,0.189718160213,6.52236219782e-05
q00_from_e2k0,gamma_1,658,62.3952082451,62.3934175428,0.000193419867067,0.00179070223358,0.188759151716,0.000338011434586
q00_from_e2k0,gamma_1,660,62.3965885964,62.3934360429,0.000211919984579,0.00315255350309,0.187804990922,0.000592065282026
q00_from_e2k0,gamma_1,662,62.3978511757,62.3934534805,0.000229357570895,0.00439769516532,0.186855653325,0.000821734203241
q00_from_e2k0,gamma_1,664,62.3989669213,62.3934697186,0.00024559562678,0.00549720270774,0.185911114547,0.00102199108229
q00_from_e2k0,gamma_1,666,62.3999103423,62.393484623,0.000260500090313,0.00642571928127,0.184971350328,0.00118857397229
q00_from_e2k0,gamma_1,668,62.4006603734,62.3934980617,0.000273938771869,0.00716231171085,0.184036336534,0.00131812560838
q00_from_e2k0,gamma_1,670,62.4012008945,62.3935099035,0.000285780515703,0.00769099098515,0.183106049152,0.00140826697336
q00_from_e2k0,gamma_1,672,62.4015212355,62.3935200179,0.000295894927362,0.00800121763021,0.182180464291,0.00145766554276
q00_from_e2k0,gamma_1,674,62.4016166639,62.3935282753,0.000304152314413,0.00808838866649,0.181259558179,0.00146609775607
q00_from_e2k0,gamma_1,676,62.4014885875,62.393534547,0.00031042407624,0.0079540405142,0.180343307166,0.00143445797166
q00_from_e2k0,gamma_1,678,62.4011445789,62.3935387067,0.000314583703414,0.0076058722055,0.17943168772,0.00136473448642
q00_from_e2k0,gamma_1,680,62.4005983109,62.3935406309,0.000316507920161,0.00705768003633,0.17852467643,0.00125997004483
q00_from_e2k0,gamma_1,682,62.3998690501,62.3935402018,0.000316078830046,0.00632884836758,0.177622250002,0.00112414428697
q00_from_e2k0,gamma_1,684,62.3989810874,62.3935373106,0.000313187628386,0.00544377680474,0.176724385259,0.000962048109307
q00_from_e2k0,gamma_1,686,62.3979630938,62.393531862,0.000307739099583,0.00443123175339,0.175831059144,0.000779148172509
q00_from_e2k0,gamma_1,688,62.3968471311,62.3935237805,0.000299657516692,0.00332335059596,0.174942248712,0.000581394426517
q00_from_e2k0,gamma_1,690,62.3956677451,62.3935130161,0.000288893146553,0.00215472902133,0.174057931139,0.000375047675617
q00_from_e2k0,gamma_1,692,62.3944609806,62.3934995507,0.000275427779144,0.000961429874131,0.173178083712,0.000166498583226
q00_from_e2k0,gamma_1,694,62.3932633628,62.3934834027,0.000259279732482,-0.000220039852309,0.172302683837,-3.79134571039e-05
q00_from_e2k0,gamma_1,696,62.3921108629,62.3934646315,0.000240508517933,-0.00135376853977,0.17143170903,-0.000232078854403
q00_from_e2k0,gamma_1,698,62.3910378204,62.3934433416,0.000219218614504,-0.00240552111532,0.170565136924,-0.000410298038408
q00_from_e2k0,gamma_1,700,62.3900759354,62.3934196845,0.000195561600307,-0.00334374918027,0.169702945263,-0.000567444084114
q00_from_e2k0,gamma_1,702,62.3892535354,62.393393859,0.000169736041244,-0.00414032362995,0.168845111905,-0.000699073406621
q00_from_e2k0,gamma_1,704,62.3885947676,62.3933661085,0.000141985522831,-0.00477134092093,0.167991614818,-0.000801545266153
q00_from_e2k0,gamma_1,706,62.3881189267,62.3933367184,0.000112595460486,-0.00521779175272,0.167142432083,-0.000872114403653
q00_from_e2k0,gamma_1,708,62.387839881,62.3933060116,8.18886791478e-05,-0.00546613066291,0.166297541892,-0.000909004092903
q00_from_e2k0,gamma_1,710,62.3877656439,62.3932743427,5.02197102108e-05,-0.00550869871625,0.165456922546,-0.000911452336824
q00_from_e2k0,gamma_1,712,62.3878982963,62.3932420912,1.79682443928e-05,-0.00534379490938,0.164620552456,-0.000879698470196
q00_from_e2k0,gamma_1,714,62.3882340484,62.3932096546,-1.44683517931e-05,-0.00497560618875,0.163788410143,-0.000814946627155
q00_from_e2k0,gamma_1,716,62.3887633457,62.3931774395,-4.66834787431e-05,-0.00441409376734,0.162960474236,-0.000719322813648
q00_from_e2k0,gamma_1,718,62.3894712435,62.3931458526,-7.82703204294e-05,-0.00367460916088,0.162136723472,-0.000595789089384
q00_from_e2k0,gamma_1,720,62.3903378912,62.3931152921,-0.00010883088823,-0.0027774008569,0.161317136694,-0.000448042353687
q00_from_e2k0,gamma_1,722,62.3913390984,62.3930861384,-0.000137984564574,-0.00174703996151,0.160501692855,-0.000280402871309
q00_from_e2k0,gamma_1,724,62.3924470977,62.3930587462,-0.000165376793973,-0.000611648497639,0.159690371013,-9.76743755174e-05
q00_from_e2k0,gamma_1,726,62.3936314562,62.3930334352,-0.00019068776075,0.000598021057428,0.158883150331,9.50154695681e-05
q00_from_e2k0,gamma_1,728,62.3948599432,62.3930104837,-0.000213639286017,0.00184945956862,0.158080010077,0.000292362587246
q00_from_e2k0,gamma_1,730,62.3960994143,62.3929901232,-0.000233999772547,0.00310929114821,0.157280929627,0.00048903220227
q00_from_e2k0,gamma_1,732,62.3973167476,62.3929725353,-0.000251587621577,0.00434421230334,0.156485888457,0.000679807921935
q00_from_e2k0,gamma_1,734,62.3984796709,62.3929578497,-0.000266273246822,0.00552182115944,0.15569486615,0.000859719206325
q00_from_e2k0,gamma_1,736,62.3995576089,62.3929461428,-0.000277980169756,0.00661146613329,0.154907842391,0.00102416795375
q00_from_e2k0,gamma_1,738,62.4005224645,62.392937438,-0.000286684940022,0.00758502650551,0.154124796967,0.00116904067015
q00_from_e2k0,gamma_1,740,62.4013493764,62.3929317073,-0.000292415615505,0.00841766905708,0.153345709769,0.00129081343616
q00_from_e2k0,gamma_1,742,62.4020172932,62.3929288738,-0.000295249159421,0.00908841941603,0.152570560787,0.00138662524697
q00_from_e2k0,gamma_1,744,62.4025094037,62.3929288156,-0.000295307299851,0.00958058807639,0.151799330115,0.0014543268521
q00_from_e2k0,gamma_1,746,62.4028135074,62.3929313722,-0.000292750706265,0.00988213517498,0.151031997945,0.00149251861944
q00_from_e2k0,gamma_1,748,62.4029222316,62.3929363511,-0.000287771831772,0.00998588046003,0.150268544572,0.001500563723
q00_from_e2k0,gamma_1,750,62.4028330553,62.3929435365,-0.000280586417603,0.00988951880166,0.149508950388,0.00147857157587
q00_from_e2k0,gamma_1,752,62.4025483137,62.3929526979,-0.000271425067297,0.00959561586725,0.148753195885,0.00142737852674
q00_from_e2k0,gamma_1,754,62.4020752356,62.3929635974,-0.000260525550658,0.00911163823402,0.148001261654,0.00134853395437
q00_from_e2k0,gamma_1,756,62.4014254358,62.3929759973,-0.000248125617404,0.00844943850387,0.147253128384,0.00124420625279
q00_from_e2k0,gamma_1,758,62.4006144403,62.3929896658,-0.000234457175722,0.00762477452798,0.146508776862,0.00111709638994
q00_from_e2k0,gamma_1,760,62.3996614013,62.3930043808,-0.000219742151955,0.00665702045356,0.14576818797,0.000970381808797
q00_from_e2k0,gamma_1,762,62.3985883246,62.3930199344,-0.0002041885447,0.00556839023418,0.14503134269,0.000807591112286
q00_from_e2k0,gamma_1,764,62.397419733,62.3930361364,-0.000187986573415,0.00438359657812,0.144298222098,0.000632545192616
q00_from_e2k0,gamma_1,766,62.396182504,62.3930528168,-0.000171306124244,0.00312968715146,0.143568807365,0.00044932545176
q00_from_e2k0,gamma_1,768,62.3949049693,62.3930698283,-0.000154294619009,0.00183514096854,0.142843079759,0.000262137187738
q00_from_e2k0,gamma_1,770,62.3936164546,62.3930870477,-0.000137075227187,0.000529406926972,0.142121020642,7.52398527961e-05
q00_from_e2k0,gamma_1,772,62.3923467441,62.3931043765,-0.00011974640033,-0.000757632400322,0.141402611469,-0.000107131199939
q00_from_e2k0,gamma_1,774,62.3911252191,62.3931217403,-0.000102382645061,-0.00199652118504,0.140687833792,-0.000280886240643
q00_from_e2k0,gamma_1,776,62.3899802611,62.3931390866,-8.50363509102e-05,-0.00315882554364,0.139976669252,-0.000442161878347
q00_from_e2k0,gamma_1,778,62.3889385625,62.3931563824,-6.77405561831e-05,-0.00421781986085,0.139269099586,-0.000587411974237
q00_from_e2k0,gamma_1,780,62.3880240301,62.3931736106,-5.05123501497e-05,-0.00514958045166,0.138565106622,-0.000713552164344
q00_from_e2k0,gamma_1,782,62.3872572071,62.3931907664,-3.33565872737e-05,-0.00593355925927,0.13786467228,-0.000818028202735
q00_from_e2k0,gamma_1,784,62.3866546387,62.3932078535,-1.62694051653e-05,-0.00655321486892,0.137167778572,-0.000898889926074
q00_from_e2k0,gamma_1,786,62.3862281871,62.3932248813,7.58310093829e-07,-0.00699669412617,0.1364744076,-0.000954869686025
q00_from_e2k0,gamma_1,788,62.3859849187,62.393241859,1.77360216611e-05,-0.00725694028017,0.135784541556,-0.000985380309044
q00_from_e2k0,gamma_1,790,62.3859269898,62.3932587912,3.46682186176e-05,-0.00733180134614,0.135098162724,-0.000990512891324
q00_from_e2k0,gamma_1,792,62.3860514599,62.3932756732,5.15502171226e-05,-0.00722421324515,0.134415253477,-0.000971044454519
q00_from_e2k0,gamma_1,794,62.386350782,62.393292487,6.83640272712e-05,-0.00694170499115,0.133735796275,-0.000928354444499
q00_from_e2k0,gamma_1,796,62.3868130514,62.3933091974,8.5074407167e-05,-0.00649614590937,0.133059773669,-0.000864375704424
q00_from_e2k0,gamma_1,798,62.3874220045,62.3933257493,0.000101626393125,-0.00590374483814,0.132387168298,-0.000781580061476
q00_from_e2k0,gamma_1,800,62.3881576899,62.393342068,0.000117945092029,-0.00518437818345,0.131717962887,-0.000682875733161
q00_from_e2k0,gamma_1,802,62.388996717,62.3933580577,0.000133934735985,-0.00436134067795,0.13105214025,-0.000571563030206
q00_from_e2k0,gamma_1,804,62.3899128236,62.3933735992,0.000149476239145,-0.00346077555262,0.130389683288,-0.000451249428238
q00_from_e2k0,gamma_1,806,62.390877439,62.3933885505,0.000164427534301,-0.00251111147047,0.129730574987,-0.000325767934921
q00_from_e2k0,gamma_1,808,62.3918598185,62.3934027503,0.000178627336496,-0.00154293181579,0.12907479842,-0.0001991536131
q00_from_e2k0,gamma_1,810,62.3928279706,62.3934160226,0.000191899699132,-0.000588052071819,0.128422336746,-7.55190211913e-05
q00_from_e2k0,gamma_1,812,62.3937498504,62.3934281812,0.000204058258582,0.00032166922044,0.127773173207,4.11006970189e-05
q00_from_e2k0,gamma_1,814,62.3945941661,62.3934390335,0.000214910563983,0.00115513256222,0.127127291133,0.000146848873535
q00_from_e2k0,gamma_1,816,62.3953316539,62.3934483857,0.000224262783163,0.00188326816095,0.126484673936,0.000238204559271
q00_from_e2k0,gamma_1,818,62.3959360846,62.3934560488,0.000231925820543,0.002480035847,0.125845305111,0.000312100867852
q00_from_e2k0,gamma_1,820,62.3963851595,62.3934618459,0.000237723000069,0.0029233135015,0.125209168239,0.000366025652025
q00_from_e2k0,gamma_1,822,62.3966618732,62.3934656208,0.000241497801696,0.00319625245722,0.124576246983,0.00039817713553
q00_from_e2k0,gamma_1,824,62.3967553889,62.3934672426,0.00024311966763,0.00328814626662,0.123946525088,0.000407554303728
q00_from_e2k0,gamma_1,826,62.3966616391,62.3934666109,0.000242487936809,0.00319502818353,0.123319986381,0.00039401083208
q00_from_e2k0,gamma_1,828,62.3963835332,62.3934636581,0.000239535163139,0.00291987509001,0.122696614772,0.0003582587891
q00_from_e2k0,gamma_1,830,62.3959307845,62.3934583527,0.00023422971428,0.00247243179015,0.122076394251,0.000301825557973
q00_from_e2k0,gamma_1,832,62.3953194552,62.3934507006,0.000226577648604,0.00186875463335,0.121459308889,0.000226977646251
q00_from_e2k0,gamma_1,834,62.394571047,62.3934407473,0.000216624319279,0.00113029976576,0.12084534284,0.000136591462705
q00_from_e2k0,gamma_1,836,62.3937111199,62.3934285791,0.000204456114503,0.000282540790501,0.120234480335,3.39711451192e-05
q00_from_e2k0,gamma_1,838,62.3927682755,62.3934143252,0.000190202233682,-0.000646049659139,0.119626705685,-7.72847924319e-05
q00_from_e2k0,gamma_1,840,62.3917730613,62.3933981575,0.000174034569696,-0.00162509625054,0.119022003283,-0.000193422211267
q00_from_e2k0,gamma_1,842,62.3907568874,62.3933802867,0.000156163771578,-0.00262339935848,0.118420357598,-0.000310663890152
q00_from_e2k0,gamma_1,844,62.3897510918,62.3933609561,0.000136833159537,-0.00360986434159,0.117821753178,-0.000425320545461
q00_from_e2k0,gamma_1,846,62.3887857268,62.3933404346,0.000116311637179,-0.00455470776581,0.117226174651,-0.000533930968037
q00_from_e2k0,gamma_1,848,62.387889061,62.3933190081,9.4885118358e-05,-0.00542994709041,0.11663360672,-0.000633314313452
q00_from_e2k0,gamma_1,850,62.3870870813,62.3932969703,7.28473757192e-05,-0.00620988902047,0.116044034168,-0.000720620573669
q00_from_e2k0,gamma_1,852,62.3864024865,62.3932746141,5.0491117193e-05,-0.00687212753957,0.115457441852,-0.000793438265802
q00_from_e2k0,gamma_1,854,62.3858549181,62.3932522229,2.80999239308e-05,-0.00739730475603,0.114873814709,-0.000849756615894
q00_from_e2k0,gamma_1,856,62.3854605057,62.3932300639,5.94094574069e-06,-0.00776955815795,0.11429313775,-0.000888007180803
q00_from_e2k0,gamma_1,858,62.3852313978,62.3932083812,-1.57417676832e-05,-0.00797698333422,0.113715396061,-0.000907105819223
q00_from_e2k0,gamma_1,860,62.3851760016,62.3931873916,-3.67313539087e-05,-0.00801138996383,0.113140574805,-0.000906413265497
q00_from_e2k0,gamma_1,862,62.3852983106,62.3931672836,-5.68393734568e-05,-0.00786897293482,0.11256865922,-0.000885799732711
q00_from_e2k0,gamma_1,864,62.3855977162,62.3931482172,-7.59057675026e-05,-0.00755050095731,0.111999634617,-0.000845653348396
q00_from_e2k0,gamma_1,866,62.3860693233,62.3931303262,-9.37967725676e-05,-0.00706100286249,0.111433486384,-0.000786832166332
q00_from_e2k0,gamma_1,868,62.3867040811,62.393113721,-0.000110401958196,-0.00640963985425,0.110870199979,-0.000710638052435
q00_from_e2k0,gamma_1,870,62.3874885555,62.3930984892,-0.000125633726832,-0.00560993374101,0.110309760938,-0.000618830449846
q00_from_e2k0,gamma_1,872,62.3884049233,62.393084696,-0.000139426976915,-0.00467977263602,0.109752154866,-0.000513615131085
q00_from_e2k0,gamma_1,874,62.3894312894,62.3930723874,-0.000151735550077,-0.00364109796828,0.109197367443,-0.000397598312738
q00_from_e2k0,gamma_1,876,62.3905424512,62.3930615958,-0.000162527177118,-0.00251914460742,0.108645384422,-0.000273693434287
q00_from_e2k0,gamma_1,878,62.391710407,62.3930523436,-0.000171779330188,-0.00134193662126,0.108096191626,-0.000145058238161
q00_from_e2k0,gamma_1,880,62.3929056895,62.3930446465,-0.000179476473235,-0.000138956939708,0.107549774951,-1.49447875934e-05
q00_from_e2k0,gamma_1,882,62.3940978567,62.3930385148,-0.000185608192353,0.00105934190118,0.107006120364,0.000113356066984
q00_from_e2k0,gamma_1,884,62.3952568621,62.393033956,-0.000190166941756,0.0022229061321,0.106465213902,0.000236662176839
q00_from_e2k0,gamma_1,886,62.3963544916,62.3930309764,-0.000193146527039,0.00332351516775,0.105927041675,0.000352050129682
q00_from_e2k0,gamma_1,888,62.397364586,62.3930295805,-0.0001945424046,0.0043350054915,0.105391589861,0.000456873120805
q00_from_e2k0,gamma_1,890,62.3982641669,62.393029772,-0.00019435091837,0.00523439485236,0.104858844708,0.000548872596965
q00_from_e2k0,gamma_1,892,62.3990344079,62.3930315547,-0.000192568249673,0.00600285321687,0.104328792535,0.000626270427881
q00_from_e2k0,gamma_1,894,62.3996607797,62.3930349317,-0.000189191270991,0.00662584800876,0.103801419729,0.000687772430216
q00_from_e2k0,gamma_1,896,62.4001333993,62.3930399034,-0.0001842195827,0.00709349596121,0.103276712745,0.000732592944745
q00_from_e2k0,gamma_1,898,62.4004472472,62.3930464634,-0.000177659592339,0.00740078388423,0.102754658109,0.000760465017763
q00_from_e2k0,gamma_1,900,62.4006018111,62.3930545943,-0.000169528612687,0.00754721671406,0.102235242413,0.000771591530305
q00_from_e2k0,gamma_1,902,62.4006008148,62.3930642652,-0.00015985770699,0.00753654953343,0.101718452317,0.000766606154352
q00_from_e2k0,gamma_1,904,62.4004522244,62.3930754267,-0.000148696235215,0.00737679772749,0.101204274549,0.000746563462508
q00_from_e2k0,gamma_1,906,62.400168196,62.3930880063,-0.000136116642921,0.00708018973467,0.100692695905,0.000712923391901
q00_from_e2k0,gamma_1,908,62.3997645008,62.3931019062,-0.000122216762989,0.00666259463168,0.100183703245,0.00066748340342
q00_from_e2k0,gamma_1,910,62.3992600002,62.3931170023,-0.000107120636514,0.00614299786577,0.0996772834977,0.000612317339792
q00_from_e2k0,gamma_1,912,62.3986762699,62.3931331443,-9.09786245273e-05,0.00554312558255,0.0991734236576,0.000549730741786
q00_from_e2k0,gamma_1,914,62.398036672,62.3931501569,-7.39660132467e-05,0.00488651506205,0.0986721107844,0.000482162755553
q00_from_e2k0,gamma_1,916,62.3973653429,62.393167844,-5.62789347143e-05,0.00419749883556,0.0981733320033,0.000412082446767
q00_from_e2k0,gamma_1,918,62.39668645,62.3931859951,-3.81278634194e-05,0.00350045487735,0.0976770745048,0.000341914191856
q00_from_e2k0,gamma_1,920,62.3960234318,62.3932043906,-1.97323332429e-05,0.00281904114756,0.097183325544,0.000273963793565
q00_from_e2k0,gamma_1,922,62.3953981119,62.3932228058,-1.31715070495e-06,0.00217530607868,0.0966920724405,0.00021033485294
q00_from_e2k0,gamma_1,924,62.3948299177,62.3932410159,1.68929684463e-05,0.00158890180688,0.0962033025779,0.000152857601294
q00_from_e2k0,gamma_1,926,62.394335243,62.3932588019,3.46789765473e-05,0.00107644104354,0.0957170034037,0.000103033711028
q00_from_e2k0,gamma_1,928,62.393926982,62.3932759558,5.18328977535e-05,0.000651026103554,0.0952331624287,6.19992746651e-05
q00_from_e2k0,gamma_1,930,62.3936141487,62.3932922867,6.81637969819e-05,0.000321861924661,0.094751767227,3.04969861647e-05
q00_from_e2k0,gamma_1,932,62.3934020309,62.3933076252,8.35022577874e-05,9.44056665801e-05,0.0942728054354,8.89988703751e-06
q00_from_e2k0,gamma_1,934,62.3932924879,62.3933218263,9.77033677145e-05,-2.93384168515e-05,0.0937962647533,-2.75183391444e-06
q00_from_e2k0,gamma_1,936,62.3932841447,62.3933347729,0.000110649994738,-5.06282734776e-05,0.0933221329421,-4.7247384681e-06
q00_from_e2k0,gamma_1,938,62.3933727569,62.3933463791,0.000122256140216,2.6377773267e-05,0.0928503978252,2.44918674158e-06
q00_from_e2k0,gamma_1,940,62.3935514291,62.3933565916,0.000132468622176,0.000194837527204,0.0923810472875,1.7999294814e-05
q00_from_e2k0,gamma_1,942,62.3938112746,62.3933653897,0.000141266793008,0.000445884835131,0.0919140692753,4.0983089625e-05
q00_from_e2k0,gamma_1,944,62.3941418136,62.3933727831,0.000148660182774,0.000769030431186,0.0914494517955,7.03274113461e-05
q00_from_e2k0,gamma_1,946,62.3945306483,62.3933788074,0.000154684487008,0.00115184089967,0.090987182916,0.000104802758628
q00_from_e2k0,gamma_1,948,62.3949638053,62.3933835189,0.000159395924783,0.00158028645573,0.0905272507647,0.000143058988258
q00_from_e2k0,gamma_1,950,62.3954261051,62.3933869874,0.000162864455419,0.0020391176783,0.0900696435297,0.0001836626024
q00_from_e2k0,gamma_1,952,62.3959008622,62.393389292,0.000165169020534,0.00251157022699,0.0896143494587,0.000225072732011
q00_from_e2k0,gamma_1,954,62.396370378,62.3933905167,0.000166393771821,0.00297986124831,0.0891613568589,0.00026568847215
q00_from_e2k0,gamma_1,956,62.3968166913,62.3933907455,0.000166622571939,0.00342594579503,0.0887106540966,0.000303917892377
q00_from_e2k0,gamma_1,958,62.3972219963,62.3933900564,0.000165933490948,0.00383193982089,0.0882622295969,0.000338215552273
q00_from_e2k0,gamma_1,960,62.3975695471,62.3933885181,0.000164395141653,0.00418102901671,0.0878160718433,0.00036716154451
q00_from_e2k0,gamma_1,962,62.3978441867,62.393386187,0.000162064021808,0.00445799973726,0.0873721693776,0.000389505108129
q00_from_e2k0,gamma_1,964,62.3980327951,62.3933831044,0.0001589814349,0.00464969066865,0.0869305107995,0.000404199984886
q00_from_e2k0,gamma_1,966,62.3981246564,62.3933792932,0.000155170262346,0.00474536321323,0.0864910847665,0.000410431611923
q00_from_e2k0,gamma_1,968,62.3981115397,62.3933747571,0.000150634184081,0.00473678254788,0.0860538799931,0.000407618516929
q00_from_e2k0,gamma_1,970,62.3979880238,62.3933694825,0.000145359513255,0.00461854136519,0.0856188852512,0.000395434363174
q00_from_e2k0,gamma_1,972,62.39775133,62.3933634388,0.000139315841849,0.00438789116833,0.0851860893691,0.000373787289207
q00_from_e2k0,gamma_1,974,62.3974011393,62.3933565799,0.000132456982485,0.0040445593956,0.0847554812319,0.000342798577945
q00_from_e2k0,gamma_1,976,62.3969394004,62.3933488478,0.000124724836553,0.0035905525875,0.0843270497807,0.000302780706786
q00_from_e2k0,gamma_1,978,62.3963701356,62.3933401775,0.000116054576473,0.00302995805001,0.0839007840126,0.000254215855921
q00_from_e2k0,gamma_1,980,62.3956996189,62.3933305029,0.000106379931289,0.00236911606369,0.0834766729801,0.000197765926901
q00_from_e2k0,gamma_1,982,62.3949362716,62.3933197607,9.56377419143e-05,0.0016165108703,0.0830547057913,0.000134258834741
q00_from_e2k0,gamma_1,984,62.3940905422,62.3933078956,8.37726479546e-05,0.000782646622483,0.0826348716094,6.46739031644e-05
q00_from_e2k0,gamma_1,986,62.39317494,62.3932948673,7.07443012686e-05,-0.000119927237449,0.082217159652,-9.86007682799e-06
q00_from_e2k0,gamma_1,988,62.3922038608,62.3932806573,5.65343853225e-05,-0.00107679655653,0.0818015591916,-8.80836372564e-05
q00_from_e2k0,gamma_1,990,62.3911935572,62.3932652739,4.11509764291e-05,-0.00207171672146,0.0813880595546,-0.000168613003907
q00_from_e2k0,gamma_1,992,62.3901620649,62.3932487556,2.46326023401e-05,-0.00308669066728,0.0809766501218,-0.000249949870199
q00_from_e2k0,gamma_1,994,62.3891289129,62.3932311747,7.05178138105e-06,-0.0041022618733,0.0805673203272,-0.000330508246412
q00_from_e2k0,gamma_1,996,62.3881150143,62.3932126386,-1.14843778363e-05,-0.00509762431589,0.0801600596584,-0.000408625869278
q00_from_e2k0,gamma_1,998,62.3871422792,62.3931932876,-3.08353450293e-05,-0.00605100841975,0.0797548576563,-0.000482597315194
q00_from_e2k0,gamma_1,1000,62.3862330739,62.3931732944,-5.082854139e-05,-0.00694022053641,0.0793517039143,-0.000550718325105
q00_from_e2k0,gamma_1,1002,62.3854096361,62.3931528619,-7.12610736926e-05,-0.00774322574554,0.0789505880789,-0.000611332226238
q00_from_e2k0,gamma_1,1004,62.3846932214,62.3931322202,-9.19027607722e-05,-0.00843899878936,0.0785514998484,-0.000662896012123
q00_from_e2k0,gamma_1,1006,62.3841035259,62.3931116233,-0.000112499692634,-0.00900809731847,0.0781544289737,-0.000704022702064
q00_from_e2k0,gamma_1,1008,62.3836579082,62.393091346,-0.000132776963078,-0.00943343777655,0.077759365257,-0.000733538133696
q00_from_e2k0,gamma_1,1010,62.38337086,62.3930716806,-0.000152442336976,-0.00970082059051,0.0773662985524,-0.000750516582009
q00_from_e2k0,gamma_1,1012,62.3832535864,62.3930529297,-0.000171193259462,-0.00979934325324,0.0769752187652,-0.000754306590674
q00_from_e2k0,gamma_1,1014,62.3833135224,62.3930353988,-0.000188724191979,-0.0097218763245,0.0765861158517,-0.000744560746484
q00_from_e2k0,gamma_1,1016,62.383554055,62.3930193897,-0.000204733201016,-0.00946533476663,0.076198979819,-0.000721248852863
q00_from_e2k0,gamma_1,1018,62.383974059,62.3930051927,-0.000218930262697,-0.00903113369028,0.0758138007246,-0.000684684569912
q00_from_e2k0,gamma_1,1020,62.384567538,62.3929930783,-0.000231044689762,-0.00842554028043,0.0754305686765,-0.000635543294759
q00_from_e2k0,gamma_1,1022,62.3853234125,62.3929832912,-0.000240831787579,-0.00765987864838,0.0750492738324,-0.000574868330205
q00_from_e2k0,gamma_1,1024,62.3862256329,62.3929760428,-0.000248080172341,-0.00675040991919,0.0746699063999,-0.000504052476827
q00_from_e2k0,gamma_1,1026,62.3872532404,62.3929715055,-0.000252617450471,-0.0057182650539,0.0742924566363,-0.000424823958552
q00_from_e2k0,gamma_1,1028,62.3883810387,62.3929698082,-0.000254314796443,-0.00458876940628,0.0739169148477,-0.000339187677459
q00_from_e2k0,gamma_1,1030,62.3895802961,62.3929710314,-0.000253091594274,-0.00339073530004,0.0735432713897,-0.000249365766382
q00_from_e2k0,gamma_1,1032,62.3908193658,62.3929752049,-0.000248918079052,-0.00215583906802,0.0731715166662,-0.000157746014296
q00_from_e2k0,gamma_1,1034,62.3920647637,62.3929823065,-0.000241816463465,-0.000917542771283,0.0728016411299,-6.67986195563e-05
q00_from_e2k0,gamma_1,1036,62.3932823457,62.3929922618,-0.000231861155171,0.000290083916653,0.0724336352817,2.10118326199e-05
q00_from_e2k0,gamma_1,1038,62.3944382588,62.3930049457,-0.000219177242982,0.00143331305787,0.0720674896705,0.000103295273993
q00_from_e2k0,gamma_1,1040,62.3955001453,62.3930201843,-0.000203938637206,0.00247996099962,0.0717031948929,0.000177821126882
q00_from_e2k0,gamma_1,1042,62.3964383563,62.3930377578,-0.00018636514379,0.00340059844481,0.0713407415932,0.000242601214914
q00_from_e2k0,gamma_1,1044,62.3972269764,62.3930574057,-0.000166717253379,0.00416957072495,0.0709801204628,0.000295956632335
q00_from_e2k0,gamma_1,1046,62.3978449643,62.3930788328,-0.000145290176825,0.00476613152837,0.0706213222402,0.000336590510504
q00_from_e2k0,gamma_1,1048,62.3982766737,62.393101717,-0.000122405955352,0.00517495666094,0.0702643377109,0.000363614902463
q00_from_e2k0,gamma_1,1050,62.3985125655,62.3931257186,-9.84043654313e-05,0.00538684694956,0.0699091577068,0.000376589932939
q00_from_e2k0,gamma_1,1052,62.3985498815,62.3931504882,-7.36347424279e-05,0.00539939328104,0.0695557731061,0.000375558973967
q00_from_e2k0,gamma_1,1054,62.3983925322,62.3931756749,-4.84480422855e-05,0.00521685726967,0.0692041748333,0.00036102830257
q00_from_e2k0,gamma_1,1056,62.3980510539,62.3932009337,-2.31892704363e-05,0.00485012023285,0.0688543538586,0.00033395189477
q00_from_e2k0,gamma_1,1058,62.3975423526,62.3932259328,1.80988099885e-06,0.00431641972464,0.068506301198,0.000295701949753
q00_from_e2k0,gamma_1,1060,62.3968890274,62.3932503611,2.62381471856e-05,0.00363866628989,0.0681600079128,0.000248011523111
q00_from_e2k0,gamma_1,1062,62.396118773,62.3932739333,4.98103951685e-05,0.0028448396909,0.0678154651094,0.0001929241268
q00_from_e2k0,gamma_1,1064,62.3952633866,62.3932963953,7.22723366806e-05,0.00196699128284,0.0674726639394,0.000132718141799
q00_from_e2k0,gamma_1,1066,62.3943576097,62.3933175284,9.34054389745e-05,0.00104008126256,0.0671315955989,6.98223147081e-05
q00_from_e2k0,gamma_1,1068,62.3934379499,62.3933371533,0.00011303031021,0.000100796623343,0.0667922513287,6.73243339942e-06
q00_from_e2k0,gamma_1,1070,62.3925414271,62.3933551316,0.000131008612655,-0.000813704461805,0.0664546224138,-5.40744227657e-05
q00_from_e2k0,gamma_1,1072,62.3917040714,62.3933713673,0.00014724435686,-0.00166729593705,0.066118700183,-0.000110239440178
q00_from_e2k0,gamma_1,1074,62.3909595847,62.393385806,0.000161683028907,-0.0024262212597,0.0657844760095,-0.000159607694253
q00_from_e2k0,gamma_1,1076,62.3903379127,62.3933984325,0.000174309506903,-0.00306051975561,0.0654519413095,-0.00020031695942
q00_from_e2k0,gamma_1,1078,62.389863979,62.3934092684,0.000185145487322,-0.00354528940665,0.0651210875429,-0.000230873101815
q00_from_e2k0,gamma_1,1080,62.3895567549,62.3934183685,0.00019424554614,-0.00386161358814,0.0647919062129,-0.000250201305433
q00_from_e2k0,gamma_1,1082,62.3894285966,62.3934258151,0.000201692135889,-0.00399721850784,0.0644643888653,-0.000257678248269
q00_from_e2k0,gamma_1,1084,62.3894848327,62.393431713,0.000207590004145,-0.003946880261,0.0641385270889,-0.000253147086537
q00_from_e2k0,gamma_1,1086,62.3897237191,62.3934361829,0.000212059902019,-0.00371246376059,0.063814312515,-0.000236908322619
q00_from_e2k0,gamma_1,1088,62.3901367551,62.3934393552,0.000215232209555,-0.00330260006317,0.063491736817,-0.000209687814022
q00_from_e2k0,gamma_1,1090,62.3907093643,62.3934413629,0.000217239942813,-0.002731998639,0.0631707917105,-0.000172582516978
q00_from_e2k0,gamma_1,1092,62.3914218399,62.3934423349,0.000218211981561,-0.0020204950597,0.0628514689532,-0.000126991082515
q00_from_e2k0,gamma_1,1094,62.3922501374,62.3934423906,0.000218267663939,-0.00119225317838,0.0625337603441,-7.45560745264e-05
q00_from_e2k0,gamma_1,1096,62.393167027,62.3934416342,0.00021751121087,-0.00027460712429,0.0622176577239,-1.70854120676e-05
q00_from_e2k0,gamma_1,1098,62.3941431935,62.3934401489,0.000216025953904,0.000703044628885,0.0619031529745,4.35206792098e-05
q00_from_e2k0,gamma_1,1100,62.395148318,62.3934379934,0.000213870499223,0.00171032453873,0.0615902380187,0.00010533929543
q00_from_e2k0,gamma_1,1102,62.396151983,62.3934351999,0.000211076905906,0.00271678310278,0.0612789048203,0.000166481493172
q00_from_e2k0,gamma_1,1104,62.3971245576,62.3934317738,0.000207650864482,0.00369278378179,0.0609691453836,0.000225145871262
q00_from_e2k0,gamma_1,1106,62.3980380925,62.3934276964,0.000203573402416,0.00461039616379,0.0606609517535,0.000279671019256
q00_from_e2k0,gamma_1,1108,62.3988672052,62.3934229253,0.000198802301398,0.00544427993256,0.0603543160148,0.000328585791523
q00_from_e2k0,gamma_1,1110,62.3995897176,62.3934173968,0.000193273821189,0.00617232078503,0.0600492302927,0.000370643112261
q00_from_e2k0,gamma_1,1112,62.4001870213,62.3934110296,0.000186906618204,0.0067759917494,0.0597456867519,0.000404836280493
q00_from_e2k0,gamma_1,1114,62.4006443283,62.393403731,0.00017960805453,0.00724059732516,0.0594436775967,0.000430407733004
q00_from_e2k0,gamma_1,1116,62.4009510462,62.3933954046,0.000171281634394,0.00755564161038,0.0591431950711,0.00044686478565
q00_from_e2k0,gamma_1,1118,62.4011009673,62.3933859564,0.000161833454214,0.00771501084681,0.0588442314581,0.000453983883971
q00_from_e2k0,gamma_1,1120,62.4010922467,62.3933753008,0.000151177811475,0.00771694594796,0.0585467790797,0.000451802329585
q00_from_e2k0,gamma_1,1122,62.4009273832,62.3933633656,0.000139242692228,0.00756401751606,0.0582508302967,0.000440610300689
q00_from_e2k0,gamma_1,1124,62.4006128623,62.3933500975,0.00012597454721,0.00726276475752,0.0579563775085,0.000420923536042
q00_from_e2k0,gamma_1,1126,62.4001587568,62.393335466,0.000111343062215,0.00682329081044,0.0576634131532,0.000393454237067
q00_from_e2k0,gamma_1,1128,62.3995783791,62.3933194685,9.53455351862e-05,0.00625891059564,0.0573719297067,0.000359085778733
q00_from_e2k0,gamma_1,1130,62.3988876327,62.3933021325,7.80095848114e-05,0.00558550017646,0.0570819196832,0.000318831072463
q00_from_e2k0,gamma_1,1132,62.3981044198,62.3932835182,5.93952514834e-05,0.0048209015788,0.0567933756347,0.000273795274262
q00_from_e2k0,gamma_1,1134,62.397248131,62.3932637194,3.95964584357e-05,0.00398441161139,0.0565062901508,0.000225144318593
q00_from_e2k0,gamma_1,1136,62.3963391884,62.3932428642,1.87412193355e-05,0.00309632418796,0.0562206558586,0.000174077376598
q00_from_e2k0,gamma_1,1138,62.3953988132,62.3932211142,-3.00873502823e-06,0.00217769902768,0.0559364654224,0.000121812786362
q00_from_e2k0,gamma_1,1140,62.3944486423,62.3931986632,-2.54597772056e-05,0.00124997914659,0.0556537115438,6.95659788602e-05
q00_from_e2k0,gamma_1,1142,62.3935103681,62.3931757327,-4.83902806252e-05,0.000334635470026,0.0553723869609,1.85295647371e-05
q00_from_e2k0,gamma_1,1144,62.3926057415,62.3931525675,-7.15554211723e-05,-0.000546826054943,0.0550924844489,-3.01260059282e-05
q00_from_e2k0,gamma_1,1146,62.3917559949,62.3931294306,-9.46923666874e-05,-0.00137343565296,0.0548139968193,-7.52834975128e-05
q00_from_e2k0,gamma_1,1148,62.3909813626,62.3931065977,-0.000117525244136,-0.00212523507624,0.05453691692,-0.000115903768788
q00_from_e2k0,gamma_1,1150,62.3903006955,62.3930843531,-0.000139769830817,-0.00278365765622,0.0542612376351,-0.000151044709579
q00_from_e2k0,gamma_1,1152,62.3897306602,62.3930629838,-0.000161139157939,-0.00333232361094,0.0539869518845,-0.000179901994448
q00_from_e2k0,gamma_1,1154,62.3892852262,62.3930427733,-0.000181349654767,-0.00375754713632,0.0537140526241,-0.000201833084618
q00_from_e2k0,gamma_1,1156,62.3889754487,62.3930239954,-0.000200127595846,-0.00404854667349,0.0534425328454,-0.000216364588574
q00_from_e2k0,gamma_1,1158,62.3888088541,62.3930069064,-0.000217216541081,-0.00419805226468,0.053172385575,-0.000223220453681
q00_from_e2k0,gamma_1,1160,62.3887891313,62.3929917384,-0.000232384578339,-0.00420260711713,0.0529036038752,-0.000222333062167
q00_from_e2k0,gamma_1,1162,62.388915838,62.3929786935,-0.000245429446565,-0.00406285553392,0.052636180843,-0.000213853198622
q00_from_e2k0,gamma_1,1164,62.389184213,62.39296794,-0.000256182911528,-0.00378372701815,0.0523701096106,-0.000198154198677
q00_from_e2k0,gamma_1,1166,62.3895854278,62.3929596088,-0.000264514159568,-0.00337418100202,0.0521053833447,-0.000175812994584
q00_from_e2k0,gamma_1,1168,62.3901066876,62.3929537911,-0.00027033185026,-0.00284710352065,0.0518419952466,-0.000147599527184
q00_from_e2k0,gamma_1,1170,62.3907314444,62.3929505371,-0.000273585893837,-0.00221909267377,0.0515799385521,-0.000114460663754
q00_from_e2k0,gamma_1,1172,62.3914398451,62.3929498551,-0.000274267825588,-0.00151001001974,0.0513192065309,-7.74925160669e-05
q00_from_e2k0,gamma_1,1174,62.3922091577,62.3929517133,-0.000272409635755,-0.000742555589326,0.051059792487,-3.79147343011e-05
q00_from_e2k0,gamma_1,1176,62.3930144492,62.3929560416,-0.000268081379943,5.84075849162e-05,0.0508016897581,2.96720400843e-06
q00_from_e2k0,gamma_1,1178,62.3938293389,62.3929627352,-0.000261387709045,0.00086660370917,0.0505448917157,4.38023906404e-05
q00_from_e2k0,gamma_1,1180,62.3946267135,62.3929716595,-0.000252463490582,0.00165505400397,0.0502893917646,8.32316591972e-05
q00_from_e2k0,gamma_1,1182,62.3953795685,62.3929826538,-0.000241469187017,0.00239691470635,0.0500351833431,0.00011993006679
q00_from_e2k0,gamma_1,1184,62.3960618467,62.3929955371,-0.000228585844397,0.00306630957805,0.0497822599227,0.000152647820418
q00_from_e2k0,gamma_1,1186,62.3966491499,62.393010113,-0.00021400999178,0.00363903694722,0.0495306150078,0.000180243738032
q00_from_e2k0,gamma_1,1188,62.3971195103,62.3930261737,-0.000197949282764,0.00409333661918,0.0492802421357,0.000201720619736
q00_from_e2k0,gamma_1,1190,62.3974538504,62.393043505,-0.000180617971367,0.00441034541755,0.0490311348762,0.000216244241019
q00_from_e2k0,gamma_1,1192,62.39763648,62.39306189,-0.000162232968584,0.00457459000621,0.0487832868319,0.000223163536411
q00_from_e2k0,gamma_1,1194,62.3976561645,62.3930811116,-0.000143011355902,0.00457505294177,0.0485366916375,0.00022205793386
q00_from_e2k0,gamma_1,1196,62.3975062962,62.3931009545,-0.000123168415996,0.00440534162473,0.0482913429599,0.000212739863256
q00_from_e2k0,gamma_1,1198,62.3971850812,62.3931212083,-0.000102914671245,0.00406387293968,0.0480472344982,0.000195257856104
q00_from_e2k0,gamma_1,1200,62.3966960972,62.3931416707,-8.24522198144e-05,0.00355442644256,0.0478043599832,0.000169917081194
q00_from_e2k0,gamma_1,1202,62.3960481746,62.39316215,-6.19729023867e-05,0.00288602451494,0.0475627131773,0.000137267156226
q00_from_e2k0,gamma_1,1204,62.3952552515,62.3931824665,-4.16564820043e-05,0.00207278505929,0.0473222878746,9.80889312779e-05
q00_from_e2k0,gamma_1,1206,62.3943359253,62.3932024562,-2.16667783235e-05,0.00113346910005,0.0470830779005,5.33672139357e-05
q00_from_e2k0,gamma_1,1208,62.393312973,62.3932219732,-2.14971505841e-06,9.09997346525e-05,0.0468450771116,4.26288958694e-06
q00_from_e2k0,gamma_1,1210,62.392212907,62.3932408891,1.67661100434e-05,-0.00102798207974,0.0466082793957,-4.79124759863e-05
q00_from_e2k0,gamma_1,1212,62.3910650921,62.3932590927,3.49697133259e-05,-0.00219400060037,0.0463726786713,-0.000101741684845
q00_from_e2k0,gamma_1,1214,62.3899006023,62.3932764914,5.23684445497e-05,-0.00337588910804,0.0461382688876,-0.000155757679401
q00_from_e2k0,gamma_1,1216,62.3887515254,62.3932930101,6.88871351784e-05,-0.00454148468485,0.0459050440246,-0.000208477054395
q00_from_e2k0,gamma_1,1218,62.3876500641,62.3933085897,8.44667937727e-05,-0.00565852560682,0.0456729980927,-0.000258441829248
q00_from_e2k0,gamma_1,1220,62.3866273088,62.3933231862,9.90632650044e-05,-0.00669587745615,0.0454421251324,-0.000304274901233
q00_from_e2k0,gamma_1,1222,62.3857123721,62.3933367684,0.000112645472569,-0.00762439635761,0.0452124192145,-0.000344717404378
q00_from_e2k0,gamma_1,1224,62.3849314983,62.3933493169,0.000125193935148,-0.00841781857658,0.0449838744396,-0.000378666093904
q00_from_e2k0,gamma_1,1226,62.384307038,62.3933608222,0.000136699269731,-0.00905378424603,0.0447564849383,-0.000405215558243
q00_from_e2k0,gamma_1,1228,62.3838567662,62.3933712837,0.000147160727366,-0.00951451743193,0.0445302448708,-0.000423683791072
q00_from_e2k0,gamma_1,1230,62.3835935826,62.3933807083,0.000156585385056,-0.00978712571779,0.0443051484269,-0.000433620057599
q00_from_e2k0,gamma_1,1232,62.3835251153,62.3933891092,0.000164986271855,-0.00986399389881,0.0440811898255,-0.000434816587491
q00_from_e2k0,gamma_1,1234,62.3836535289,62.3933965024,0.00017237947489,-0.00974297352968,0.043858363315,-0.000427310872833
q00_from_e2k0,gamma_1,1236,62.3839755489,62.3934029068,0.000178783838436,-0.00942735789718,0.0436366631728,-0.000411378441169
q00_from_e2k0,gamma_1,1238,62.3844826547,62.3934083445,0.000184221514729,-0.00892568979744,0.0434160837052,-0.000387518495372
q00_from_e2k0,gamma_1,1240,62.3851616162,62.3934128395,0.000188716518494,-0.00825122330161,0.0431966192472,-0.000356424951283
q00_from_e2k0,gamma_1,1242,62.3859948004,62.3934164167,0.00019229376322,-0.00742161636046,0.0429782641626,-0.000318968188454
q00_from_e2k0,gamma_1,1244,62.3869607866,62.3934191023,0.000194979336868,-0.00645831571359,0.0427610128437,-0.000276164121177
q00_from_e2k0,gamma_1,1246,62.3880353957,62.3934209221,0.00019679916732,-0.00538552645092,0.0425448597109,-0.000229126467324
q00_from_e2k0,gamma_1,1248,62.3891923102,62.3934218982,0.000197775235733,-0.00422958799698,0.0423297992131,-0.000179037610666
q00_from_e2k0,gamma_1,1250,62.3904036938,62.3934220455,0.000197922594083,-0.00301835173601,0.042115825827,-0.000127120375999
q00_from_e2k0,gamma_1,1252,62.3916407201,62.3934213721,0.00019724913507,-0.0017806520045,0.0419029340575,-7.46145435238e-05
q00_from_e2k0,gamma_1,1254,62.3928742561,62.3934198793,0.000195756393552,-0.000545623273673,0.041691118437,-2.27476445247e-05
q00_from_e2k0,gamma_1,1256,62.3940756908,62.3934175626,0.000193439674632,0.000658128192626,0.0414803735257,2.72994032579e-05
q00_from_e2k0,gamma_1,1258,62.3952173885,62.3934144103,0.000190287312407,0.00180297827152,0.0412706939112,7.44101643725e-05
q00_from_e2k0,gamma_1,1260,62.3962735784,62.3934104022,0.000186279250613,0.0028631761853,0.0410620742087,0.000117567952993
q00_from_e2k0,gamma_1,1262,62.3972210577,62.3934055094,0.000181386432658,0.00381554833207,0.0408545090603,0.000155882353902
q00_from_e2k0,gamma_1,1264,62.3980395076,62.3933996958,0.00017557284125,0.00463981178837,0.0406479931353,0.000188599037723
q00_from_e2k0,gamma_1,1266,62.3987122248,62.3933929218,0.000168798807245,0.00531930304555,0.04044252113,0.000215126025816
q00_from_e2k0,gamma_1,1268,62.3992267075,62.3933851486,0.000161025651408,0.00584155886467,0.0402380877675,0.000235053158296
q00_from_e2k0,gamma_1,1270,62.3995749479,62.3933763444,0.0001522214164,0.00619860351766,0.0400346877975,0.00024815915661
q00_from_e2k0,gamma_1,1272,62.3997540465,62.3933664878,0.000142364815126,0.006387558733,0.0398323159964,0.000254431257898
q00_from_e2k0,gamma_1,1274,62.3997662534,62.3933555704,0.000131447490674,0.00641068293508,0.0396309671668,0.000254061564917
q00_from_e2k0,gamma_1,1276,62.3996187035,62.3933435988,0.000119475870754,0.00627510465311,0.0394306361377,0.000247431368303
q00_from_e2k0,gamma_1,1278,62.399323544,62.3933305957,0.000106472790137,0.00599294826109,0.0392313177642,0.000235111257575
q00_from_e2k0,gamma_1,1280,62.3988971741,62.3933166028,9.24798220154e-05,0.00558057134136,0.0390330069275,0.000217826479827
q00_from_e2k0,gamma_1,1282,62.3983594864,62.3933016824,7.75594587878e-05,0.00505780400643,0.0388356985345,0.00019642335164
q00_from_e2k0,gamma_1,1284,62.3977331828,62.3932859188,6.17958795033e-05,0.00444726392683,0.0386393875179,0.000171839554263
q00_from_e2k0,gamma_1,1286,62.3970425885,62.3932694183,4.52953408256e-05,0.00377317020468,0.0384440688361,0.000145056015079
q00_from_e2k0,gamma_1,1288,62.3963127022,62.3932523084,2.81854997297e-05,0.00306039372504,0.0382497374729,0.000117059256546
q00_from_e2k0,gamma_1,1290,62.3955681363,62.3932347356,1.06126667134e-05,0.00233340072875,0.0380563884376,8.8800804514e-05
q00_from_e2k0,gamma_1,1292,62.3948320118,62.3932168613,-7.26166399545e-06,0.00161515056116,0.0378640167646,6.11560879252e-05
q00_from_e2k0,gamma_1,1294,62.3941256366,62.3931988597,-2.52632436712e-05,0.000926776848573,0.0376726175133,3.49141097364e-05
q00_from_e2k0,gamma_1,1296,62.3934681406,62.393180915,-4.32079269856e-05,0.00028722560679,0.0374821857682,1.07658435511e-05
q00_from_e2k0,gamma_1,1298,62.3928761746,62.3931632172,-6.09057888212e-05,-0.000287042574712,0.0372927166388,-1.0704597402e-05
q00_from_e2k0,gamma_1,1300,62.392364153,62.3931459571,-7.81658675351e-05,-0.00078180404833,0.0371042052591,-2.90082178816e-05
q00_from_e2k0,gamma_1,1302,62.3919443356,62.3931293228,-9.48001374468e-05,-0.00118498724854,0.0369166467876,-4.3745755702e-05
q00_from_e2k0,gamma_1,1304,62.3916265901,62.3931134971,-0.00011062582324,-0.00148690698728,0.0367300364077,-5.46141477777e-05
q00_from_e2k0,gamma_1,1306,62.3914187814,62.3930986551,-0.000125467828639,-0.0016798736821,0.0365443693266,-6.13899242608e-05
q00_from_e2k0,gamma_1,1308,62.3913267154,62.3930849613,-0.000139161615934,-0.00175824597133,0.0363596407763,-6.39291919139e-05
q00_from_e2k0,gamma_1,1310,62.3913539088,62.3930725673,-0.000151555690827,-0.00171865842977,0.0361758460124,-6.21739227031e-05
q00_from_e2k0,gamma_1,1312,62.3915016632,62.3930616093,-0.000162513641826,-0.00155994608565,0.0359929803147,-5.61471087528e-05
q00_from_e2k0,gamma_1,1314,62.3917687947,62.3930522071,-0.00017191584638,-0.00128341238189,0.0358110389869,-4.59603308444e-05
q00_from_e2k0,gamma_1,1316,62.3921517395,62.3930444616,-0.000179661323003,-0.000892722174669,0.0356300173565,-3.1807706578e-05
q00_from_e2k0,gamma_1,1318,62.3926444254,62.3930384538,-0.00018566919762,-0.00039402839473,0.0354499107744,-1.39682714357e-05
q00_from_e2k0,gamma_1,1320,62.3932380229,62.3930342428,-0.000189880120956,0.000203780078579,0.035270714615,7.18746899577e-06
q00_from_e2k0,gamma_1,1322,62.3939211231,62.3930318647,-0.00019225820725,0.000889258401592,0.0350924242764,3.12062331201e-05
q00_from_e2k0,gamma_1,1324,62.394679758,62.3930313306,-0.000192792376069,0.00164842741191,0.0349150351797,5.75549010779e-05
q00_from_e2k0,gamma_1,1326,62.3954974485,62.3930326262,-0.000191496760948,0.00246482227085,0.0347385427691,8.56243338743e-05
q00_from_e2k0,gamma_1,1328,62.396355562,62.3930357121,-0.000188410840437,0.00331984992697,0.0345629425121,0.000114743782174
q00_from_e2k0,gamma_1,1330,62.3972334849,62.3930405232,-0.000183599743167,0.00419296165821,0.0343882298988,0.000144188529459
q00_from_e2k0,gamma_1,1332,62.3981089276,62.3930469692,-0.000177153731968,0.00506195835915,0.0342144004422,0.000173191870322
q00_from_e2k0,gamma_1,1334,62.3989585346,62.3930549367,-0.000169186255889,0.00590359790371,0.0340414496782,0.00020096703096
q00_from_e2k0,gamma_1,1336,62.3997580923,62.3930642929,-0.000159830057285,0.00669379942117,0.033869373165,0.000226714790487
q00_from_e2k0,gamma_1,1338,62.4004828952,62.3930748899,-0.000149233046969,0.00740800534564,0.0336981664833,0.000249636197447
q00_from_e2k0,gamma_1,1340,62.4011087195,62.393086568,-0.000137554924194,0.00802215147556,0.0335278252362,0.000268965292691
q00_from_e2k0,gamma_1,1342,62.4016123737,62.3930991596,-0.000124963363319,0.00851321407445,0.0333583450491,0.000283986732572
q00_from_e2k0,gamma_1,1344,62.4019722708,62.3931124925,-0.000111630438383,0.00885977830177,0.0331897215693,0.000294053575001
q00_from_e2k0,gamma_1,1346,62.4021692424,62.3931263935,-9.77294765789e-05,0.00904284895292,0.0330219504662,0.000298612510197
q00_from_e2k0,gamma_1,1348,62.4021870856,62.3931406923,-8.34306879938e-05,0.00904639336316,0.0328550274312,0.0002972195021
q00_from_e2k0,gamma_1,1350,62.4020135737,62.393155227,-6.88959270647e-05,0.00885834667329,0.0326889481774,0.00028957003534
q00_from_e2k0,gamma_1,1352,62.4016412016,62.3931698478,-5.42751106707e-05,0.00847135373915,0.0325237084394,0.000275519839099
q00_from_e2k0,gamma_1,1354,62.4010677561,62.3931844176,-3.97053962899e-05,0.00788333852217,0.0323593039738,0.000255099347567
q00_from_e2k0,gamma_1,1356,62.4002970688,62.3931988116,-2.53113560902e-05,0.00709825719132,0.0321957305581,0.000228533575964
q00_from_e2k0,gamma_1,1358,62.3993394526,62.3932129185,-1.12044760954e-05,0.00612653416883,0.0320329839915,0.000196251170954
q00_from_e2k0,gamma_1,1360,62.3982116767,62.3932266399,2.51695493603e-06,0.0049850368376,0.0318710600945,0.000158878408624
q00_from_e2k0,gamma_1,1362,62.3969371354,62.3932398883,1.57653065145e-05,0.00369724714464,0.0317099547084,0.000117239539502
q00_from_e2k0,gamma_1,1364,62.3955452503,62.3932525824,2.84594320661e-05,0.0022926679302,0.0315496636958,7.23329021638e-05
q00_from_e2k0,gamma_1,1366,62.3940701108,62.3932646455,4.05225406723e-05,0.000805465333869,0.03139018294,2.5283704182e-05
q00_from_e2k0,gamma_1,1368,62.3925494194,62.393276005,5.18820257369e-05,-0.000726585543426,0.0312315083453,-2.26923624631e-05
q00_from_e2k0,gamma_1,1370,62.3910231382,62.3932865913,6.24683405874e-05,-0.00226345308461,0.0310736358367,-7.03337168845e-05
q00_from_e2k0,gamma_1,1372,62.3895318737,62.3932963354,7.22124392212e-05,-0.00376446169587,0.0309165613596,-0.000116384211006
q00_from_e2k0,gamma_1,1374,62.3881155243,62.3933051671,8.10441307664e-05,-0.00518964282658,0.03076028088,-0.000159634871013
q00_from_e2k0,gamma_1,1376,62.386811618,62.3933130141,8.88911584696e-05,-0.00650139611323,0.0306047903845,-0.000198973865252
q00_from_e2k0,gamma_1,1378,62.3856539703,62.3933198028,9.56798565355e-05,-0.00766583251157,0.0304500858796,-0.000233425258316
q00_from_e2k0,gamma_1,1380,62.384671588,62.3933254617,0.000101338774165,-0.00865387377195,0.0302961633923,-0.000262179173772
q00_from_e2k0,gamma_1,1382,62.3838875523,62.3933299249,0.000105801921684,-0.00944237255145,0.0301430189696,-0.000284621614936
q00_from_e2k0,gamma_1,1384,62.3833180592,62.3933331348,0.000109011812079,-0.0100150755421,0.0299906486783,-0.00030035861207
q00_from_e2k0,gamma_1,1386,62.3829719205,62.3933350473,0.000110924388196,-0.0103631267949,0.0298390486054,-0.000309225844136
q00_from_e2k0,gamma_1,1388,62.3828504453,62.3933356364,0.000111513427029,-0.0104851910805,0.0296882148574,-0.000311286605619
q00_from_e2k0,gamma_1,1390,62.3829473574,62.3933348975,0.000110774531279,-0.0103875400464,0.0295381435607,-0.000306828649132
q00_from_e2k0,gamma_1,1392,62.3832493602,62.3933328527,0.000108729712039,-0.0100834924883,0.029388830861,-0.000296342055228
q00_from_e2k0,gamma_1,1394,62.3837369491,62.393329554,0.000105431038911,-0.00959260486648,0.0292402729239,-0.000280490384347
q00_from_e2k0,gamma_1,1396,62.3843854338,62.3933250852,0.000100962206815,-0.00893965140389,0.0290924659339,-0.000260076503929
q00_from_e2k0,gamma_1,1398,62.3851665107,62.393319561,9.54380764284e-05,-0.00815305032285,0.0289454060952,-0.00023599335251
q00_from_e2k0,gamma_1,1400,62.3860497226,62.3933131256,8.90026065719e-05,-0.00726340292749,0.028799089631,-0.000209179391935
q00_from_e2k0,gamma_1,1402,62.3870038624,62.3933059477,8.18247561796e-05,-0.00630208531236,0.0286535127835,-0.00018057688206
q00_from_e2k0,gamma_1,1404,62.3879983909,62.3932982154,7.40924599469e-05,-0.00529982446789,0.0285086718141,-0.000151090956427
q00_from_e2k0,gamma_1,1406,62.389004335,62.3932901279,6.60049887671e-05,-0.00428579296394,0.028364563003,-0.000121564644543
q00_from_e2k0,gamma_1,1408,62.3899952212,62.3932818887,5.77657298138e-05,-0.00328666743662,0.0282211826491,-9.27536420357e-05
q00_from_e2k0,gamma_1,1410,62.3909479306,62.3932736983,4.95753976892e-05,-0.00232576774625,0.0280785270702,-6.53041326222e-05
q00_from_e2k0,gamma_1,1412,62.3918427368,62.3932657473,4.16243593975e-05,-0.00142301053116,0.0279365926027,-3.97540654782e-05
q00_from_e2k0,gamma_1,1414,62.3926634337,62.3932582079,3.40849550895e-05,-0.000594774244099,0.0277953756013,-1.65319735127e-05
q00_from_e2k0,gamma_1,1416,62.3933974409,62.3932512273,2.71043669287e-05,0.000146213629279,0.0276548724394,4.0435192666e-06
q00_from_e2k0,gamma_1,1418,62.3940355708,62.3932449224,2.07994394543e-05,0.000790648397555,0.0275150795084,2.17547535219e-05
q00_from_e2k0,gamma_1,1420,62.3945715572,62.3932393753,1.52523318064e-05,0.0013321819135,0.0273759932184,3.64698030296e-05
q00_from_e2k0,gamma_1,1422,62.3950017558,62.3932346301,1.05071831911e-05,0.00176712565425,0.0272376099973,4.81322793865e-05
q00_from_e2k0,gamma_1,1424,62.3953245579,62.3932306931,6.57010641447e-06,0.00209386488856,0.027099926291,5.67435841433e-05
q00_from_e2k0,gamma_1,1426,62.3955401729,62.3932275346,3.41160637873e-06,0.00231263835288,0.0269629385638,6.23555258288e-05
q00_from_e2k0,gamma_1,1428,62.3956503858,62.3932250922,9.69226213954e-07,0.00242529359014,0.0268266432973,6.5062486034e-05
q00_from_e2k0,gamma_1,1430,62.3956584611,62.3932232741,-8.48814515564e-07,0.00243518693983,0.0266910369914,6.49976646918e-05
q00_from_e2k0,gamma_1,1432,62.3955689653,62.3932219655,-2.15747522248e-06,0.00234699984212,0.0265561161633,6.23272004427e-05
q00_from_e2k0,gamma_1,1434,62.3953878376,62.3932210347,-3.08821555706e-06,0.00216680286179,0.026421877348,5.72509994515e-05
q00_from_e2k0,gamma_1,1436,62.3951225012,62.3932203399,-3.78305659865e-06,0.0019021613457,0.0262883170981,5.00046206276e-05
q00_from_e2k0,gamma_1,1438,62.3947821069,62.3932197353,-4.38767960986e-06,0.00156237162822,0.0261554319834,4.08645048547e-05
q00_from_e2k0,gamma_1,1440,62.3943775174,62.393219079,-5.04396305701e-06,0.00115843839903,0.0260232185912,3.01462956824e-05
q00_from_e2k0,gamma_1,1442,62.3939213198,62.3932182396,-5.88334382456e-06,0.000703080172919,0.025891673526,1.82039222998e-05
q00_from_e2k0,gamma_1,1444,62.3934278898,62.3932171033,-7.0196644657e-06,0.000210786465253,0.0257607934094,5.43002658489e-06
q00_from_e2k0,gamma_1,1446,62.392913189,62.3932155799,-8.54299982223e-06,-0.00030239093023,0.0256305748803,-7.75045338037e-06
q00_from_e2k0,gamma_1,1448,62.3923944928,62.393213608,-1.05149376566e-05,-0.000819115261621,0.0255010145942,-2.0888270241e-05
q00_from_e2k0,gamma_1,1450,62.3918896848,62.3932111582,-1.296470478e-05,-0.0013214734004,0.025372109224,-3.35285674514e-05
q00_from_e2k0,gamma_1,1452,62.3914168359,62.3932082348,-1.58881027801e-05,-0.00179139892376,0.0252438554589,-4.52218155006e-05
q00_from_e2k0,gamma_1,1454,62.3909936285,62.3932048745,-1.92484062538e-05,-0.00221124609252,0.0251162500053,-5.55382096831e-05
q00_from_e2k0,gamma_1,1456,62.3906364094,62.3932011467,-2.29762697543e-05,-0.00256473723896,0.024989289586,-6.40909615764e-05
q00_from_e2k0,gamma_1,1458,62.3903597341,62.3931971519,-2.69710881184e-05,-0.00283741773988,0.0248629709403,-7.05466348123e-05
q00_from_e2k0,gamma_1,1460,62.3901759225,62.3931930167,-3.11062044176e-05,-0.00301709429105,0.0247372908242,-7.46347389217e-05
q00_from_e2k0,gamma_1,1462,62.3900941967,62.3931888878,-3.52351664787e-05,-0.00309469104633,0.02461224601,-7.61672973571e-05
q00_from_e2k0,gamma_1,1464,62.3901207234,62.3931849265,-3.91964554183e-05,-0.00306420311438,0.0244878332862,-7.50356950201e-05
q00_from_e2k0,gamma_1,1466,62.3902584406,62.3931813042,-4.28187074419e-05,-0.00292286364808,0.0243640494577,-7.121279448e-05
q00_from_e2k0,gamma_1,1468,62.3905070748,62.3931781958,-4.59271515467e-05,-0.0026711210066,0.0242408913455,-6.47503540918e-05
q00_from_e2k0,gamma_1,1470,62.3908634294,62.3931757722,-4.83507719338e-05,-0.00231234276902,0.0241183557867,-5.57699056039e-05
q00_from_e2k0,gamma_1,1472,62.3913213404,62.3931741926,-4.99303810244e-05,-0.0018528522128,0.0239964396342,-4.44618562756e-05
q00_from_e2k0,gamma_1,1474,62.3918722228,62.3931735968,-5.05261559738e-05,-0.00130137403877,0.0238751397572,-3.10704870521e-05
q00_from_e2k0,gamma_1,1476,62.3925052296,62.3931740988,-5.00241754509e-05,-0.0006688691535,0.0237544530402,-1.58886208969e-05
q00_from_e2k0,gamma_1,1478,62.3932071531,62.3931757815,-4.8341444753e-05,3.13716266334e-05,0.0236343763839,7.41448831628e-07
q00_from_e2k0,gamma_1,1480,62.3939629801,62.3931786936,-4.54293630128e-05,0.000784286544544,0.0235149067045,1.84424249245e-05
q00_from_e2k0,gamma_1,1482,62.3947561694,62.3931828464,-4.12765912046e-05,0.00157332301157,0.0233960409337,3.68095295806e-05
q00_from_e2k0,gamma_1,1484,62.39556898,62.3931882123,-3.59106115013e-05,0.00238076763149,0.0232777760189,5.54189756789e-05
q00_from_e2k0,gamma_1,1486,62.3963828853,62.393194725,-2.93979014927e-05,0.00318816025634,0.0231601089227,7.38381387999e-05
q00_from_e2k0,gamma_1,1488,62.3971790394,62.3932022796,-2.18433102717e-05,0.00397675974504,0.0230430366233,9.16366204469e-05
q00_from_e2k0,gamma_1,1490,62.3979387391,62.3932107348,-1.33881863746e-05,0.00472800436965,0.022926556114,0.000108396857488
q00_from_e2k0,gamma_1,1492,62.3986438905,62.3932199155,-4.20740551732e-06,0.00542397496774,0.0228106644033,0.000123724472721
q00_from_e2k0,gamma_1,1494,62.3992773498,62.3932296179,5.49490648183e-06,0.00604773197127,0.022695358515,0.000137255445291
q00_from_e2k0,gamma_1,1496,62.3998234056,62.3932396141,1.54911609798e-05,0.00658379152055,0.0225806354877,0.000148666196453
q00_from_e2k0,gamma_1,1498,62.4002680311,62.39324966,2.55370686162e-05,0.00701837103583,0.0224664923752,0.000157678179363
q00_from_e2k0,gamma_1,1500,62.4005989792,62.3932595032,3.53802636113e-05,0.00733947595852,0.022352926246,0.000164058764785
q00_from_e2k0,gamma_1,1502,62.4008062357,62.3932688927,4.47697497918e-05,0.00753734295089,0.0222399341835,0.000167630011147
q00_from_e2k0,gamma_1,1504,62.400882413,62.3932775868,5.34638207341e-05,0.00760482618794,0.0221275132859,0.000168275892511
q00_from_e2k0,gamma_1,1506,62.4008229989,62.3932853598,6.12368186665e-05,0.00753763909776,0.022015660666,0.000165946104599
q00_from_e2k0,gamma_1,1508,62.4006267174,62.3932920096,6.7886622162e-05,0.00733470781256,0.0219043734512,0.000160662179082
q00_from_e2k0,gamma_1,1510,62.40029564,62.3932973647,7.32417154836e-05,0.00699827529232,0.0217936487834,0.00015251795381
q00_from_e2k0,gamma_1,1512,62.3998354839,62.3933012892,7.71662616401e-05,0.00653419464967,0.0216834838189,0.000141684103956
q00_from_e2k0,gamma_1,1514,62.3992557552,62.3933036869,7.9563947132e-05,0.00595206829576,0.0215738757286,0.000128409181741
q00_from_e2k0,gamma_1,1516,62.398569523,62.3933045041,8.03811463541e-05,0.00526501893959,0.0214648216975,0.000113012692772
q00_from_e2k0,gamma_1,1518,62.397793311,62.3933037321,7.96091205544e-05,0.0044895789264,0.0213563189249,9.58808793907e-05
q00_from_e2k0,gamma_1,1520,62.3969470552,62.3933014076,7.72846195787e-05,0.00364564766151,0.0212483646242,7.74640508031e-05
q00_from_e2k0,gamma_1,1522,62.3960534037,62.3932976106,7.34876244906e-05,0.00275579317567,0.0211409560229,5.82601023348e-05
q00_from_e2k0,gamma_1,1524,62.3951371001,62.3932924607,6.83377554083e-05,0.00184463941195,0.0210340903625,3.88003120772e-05
q00_from_e2k0,gamma_1,1526,62.3942240993,62.3932861139,6.19909357837e-05,0.000937985459522,0.0209277648986,1.96299391752e-05
q00_from_e2k0,gamma_1,1528,62.3933405565,62.3932787565,5.46335278031e-05,6.18000496289e-05,0.0208219769006,1.28679920583e-06
q00_from_e2k0,gamma_1,1530,62.3925117607,62.3932705962,4.64732190437e-05,-0.00075883549529,0.0207167236514,-1.57205852528e-05
q00_from_e2k0,gamma_1,1532,62.3917610401,62.3932618538,3.77308857651e-05,-0.00150081369311,0.0206120024482,-3.09347755167e-05
q00_from_e2k0,gamma_1,1534,62.3911086939,62.3932527567,2.86337693822e-05,-0.00214406285895,0.0205078106013,-4.39700350287e-05
q00_from_e2k0,gamma_1,1536,62.3905713119,62.3932435304,1.94074633413e-05,-0.0026722184797,0.020404145435,-5.45243344939e-05
q00_from_e2k0,gamma_1,1538,62.390161156,62.3932343915,1.02685554708e-05,-0.00307323547688,0.0203010042869,-6.2389766591e-05
q00_from_e2k0,gamma_1,1540,62.3898858784,62.3932255414,1.41845377044e-06,-0.00333966303307,0.0201983845082,-6.745579807e-05
q00_from_e2k0,gamma_1,1542,62.3897485281,62.3932171602,-6.96275559875e-06,-0.00346863210012,0.0200962834634,-6.97066139143e-05
q00_from_e2k0,gamma_1,1544,62.3897476186,62.393209401,-1.4721916699e-05,-0.00346178243798,0.0199946985304,-6.92172962251e-05
q00_from_e2k0,gamma_1,1546,62.3898774637,62.393202386,-2.1736987037e-05,-0.0033249222692,0.0198936271001,-6.61447637604e-05
q00_from_e2k0,gamma_1,1548,62.3901286185,62.3931962035,-2.79194752437e-05,-0.00306758498003,0.019793066577,-6.07169137404e-05
q00_from_e2k0,gamma_1,1550,62.3904882016,62.393190907,-3.32159170142e-05,-0.00270270542617,0.0196930143785,-5.32244168184e-05
q00_from_e2k0,gamma_1,1552,62.390940466,62.3931865145,-3.76084827565e-05,-0.00224604844994,0.0195934679349,-4.40078782842e-05
q00_from_e2k0,gamma_1,1554,62.3914673775,62.3931830098,-4.11131452438e-05,-0.00171563225577,0.0194944246898,-3.34452638054e-05
q00_from_e2k0,gamma_1,1556,62.3920490743,62.393180348,-4.37749689155e-05,-0.00113127369094,0.0193958820995,-2.19420511319e-05
q00_from_e2k0,gamma_1,1558,62.3926645929,62.3931784601,-4.56628784846e-05,-0.000513867214814,0.0192978376333,-9.91652607656e-06
q00_from_e2k0,gamma_1,1560,62.3932924928,62.3931772582,-4.68647018508e-05,0.000115234514347,0.0192002887732,2.2125359521e-06
q00_from_e2k0,gamma_1,1562,62.3939113894,62.3931766411,-4.7481882703e-05,0.000734748321804,0.019103233014,1.4036068398e-05
q00_from_e2k0,gamma_1,1564,62.3945006927,62.3931764989,-4.76240786824e-05,0.00132419384733,0.019006667863,2.51685126424e-05
q00_from_e2k0,gamma_1,1566,62.3950409915,62.3931767189,-4.7404045759e-05,0.00186427262529,0.0189105908402,3.52544968315e-05
q00_from_e2k0,gamma_1,1568,62.3955143083,62.3931771895,-4.6933469882e-05,0.00233711877883,0.0188149994784,4.39728886046e-05
q00_from_e2k0,gamma_1,1570,62.3959045405,62.3931778039,-4.63190550875e-05,0.00272673664234,0.0187198913224,5.10442136094e-05
q00_from_e2k0,gamma_1,1572,62.3961977474,62.3931784644,-4.56585548108e-05,0.00301928297786,0.0186252639297,5.6234942341e-05
q00_from_e2k0,gamma_1,1574,62.3963822435,62.3931790863,-4.50366145586e-05,0.00320315712464,0.0185311148701,5.93580726235e-05
q00_from_e2k0,gamma_1,1576,62.3964488603,62.3931796013,-4.45216517591e-05,0.0032692590036,0.0184374417256,6.02767723649e-05
q00_from_e2k0,gamma_1,1578,62.3963912346,62.3931799582,-4.41647231355e-05,0.00321127633126,0.0183442420906,5.89084304405e-05
q00_from_e2k0,gamma_1,1580,62.396206,62.3931801241,-4.39988254897e-05,0.00302587586562,0.0182515135715,5.52268144271e-05
q00_from_e2k0,gamma_1,1582,62.3958931027,62.393180085,-4.40379977107e-05,0.0027130177517,0.0181592537869,4.92663778815e-05
q00_from_e2k0,gamma_1,1584,62.3954560002,62.3931798454,-4.42775740765e-05,0.00227615480138,0.0180674603673,4.11243366637e-05
q00_from_e2k0,gamma_1,1586,62.3949017968,62.3931794279,-4.46950083912e-05,0.00172236889266,0.0179761309553,3.09615287678e-05
q00_from_e2k0,gamma_1,1588,62.3942413584,62.3931788721,-4.52508811009e-05,0.00106248629974,0.0178852632054,1.9002847123e-05
q00_from_e2k0,gamma_1,1590,62.3934891574,62.393178232,-4.58909243406e-05,0.000310925395084,0.0177948547839,5.53287225414e-06
q00_from_e2k0,gamma_1,1592,62.3926631126,62.3931775745,-4.65484111487e-05,-0.000514461961643,0.0177049033689,-9.10849931789e-06
q00_from_e2k0,gamma_1,1594,62.3917841426,62.3931769767,-4.71462663967e-05,-0.00139283407388,0.0176154066505,-2.45353386081e-05
q00_from_e2k0,gamma_1,1596,62.390875466,62.3931765231,-4.75998872105e-05,-0.00230105707753,0.01752636233,-4.03291600827e-05
q00_from_e2k0,gamma_1,1598,62.3899620898,62.3931763022,-4.78207089003e-05,-0.00321421247659,0.0174377681206,-5.60486918572e-05
q00_from_e2k0,gamma_1,1600,62.3890699922,62.3931764021,-4.7720850084e-05,-0.00410640987959,0.0173496217472,-7.12446581497e-05
q00_from_e2k0,gamma_1,1602,62.3882249922,62.3931769042,-4.72187430063e-05,-0.00495191199865,0.0172619209458,-8.54795134512e-05
q00_from_e2k0,gamma_1,1604,62.3874516994,62.3931778792,-4.62437686508e-05,-0.00572617973666,0.0171746634642,-9.83452099128e-05
q00_from_e2k0,gamma_1,1606,62.38677256,62.3931793844,-4.4738592976e-05,-0.0064068243884,0.0170878470615,-0.000109478835299
q00_from_e2k0,gamma_1,1608,62.3862070095,62.3931814615,-4.2661413417e-05,-0.00697445203596,0.017001469508,-0.000118575933624
q00_from_e2k0,gamma_1,1610,62.3857708901,62.3931841344,-3.99885574751e-05,-0.00741324433011,0.0169155285854,-0.000125398946376
q00_from_e2k0,gamma_1,1612,62.385475934,62.3931874073,-3.67156947689e-05,-0.00771147323171,0.0168300220865,-0.000129784264809
q00_from_e2k0,gamma_1,1614,62.3853293627,62.3931912651,-3.28578962012e-05,-0.00786190237012,0.0167449478154,-0.000131647144918
q00_from_e2k0,gamma_1,1616,62.385333982,62.3931956751,-2.84478820589e-05,-0.00786169303569,0.0166603035873,-0.000130978192684
q00_from_e2k0,gamma_1,1618,62.385488113,62.3932005897,-2.35332645389e-05,-0.00771247668194,0.0165760872282,-0.000127842686225
q00_from_e2k0,gamma_1,1620,62.3857858585,62.393205949,-1.81739911298e-05,-0.00742009043949,0.0164922965753,-0.000122374332144
q00_from_e2k0,gamma_1,1622,62.3862176309,62.3932116839,-1.24390987395e-05,-0.00699405295368,0.0164089294767,-0.000114764921674
q00_from_e2k0,gamma_1,1624,62.3867704459,62.3932177194,-6.40354848969e-06,-0.00644727351803,0.0163259837915,-0.000105258082955
q00_from_e2k0,gamma_1,1626,62.3874285133,62.3932239762,-1.46767177966e-07,-0.00579546285472,0.0162434573894,-9.41383539323e-05
q00_from_e2k0,gamma_1,1628,62.3881738332,62.3932303714,6.24847075414e-06,-0.00505653819111,0.0161613481509,-8.17204741448e-05
q00_from_e2k0,gamma_1,1630,62.3889866353,62.3932368215,1.2698515377e-05,-0.0042501861368,0.0160796539673,-6.83415223764e-05
q00_from_e2k0,gamma_1,1632,62.3898462129,62.3932432448,1.91218394576e-05,-0.00339703185182,0.0159983727406,-5.43469817771e-05
q00_from_e2k0,gamma_1,1634,62.3907315646,62.3932495639,2.54409816378e-05,-0.0025179993278,0.0159175023833,-4.00802603014e-05
q00_from_e2k0,gamma_1,1636,62.3916219848,62.3932557069,3.15839434251e-05,-0.00163372213682,0.0158370408185,-2.58733241669e-05
q00_from_e2k0,gamma_1,1638,62.3924977657,62.3932616086,3.74856945911e-05,-0.000763842982586,0.0157569859798,-1.20358631674e-05
q00_from_e2k0,gamma_1,1640,62.3933406199,62.3932672123,4.30893060468e-05,7.3407685619e-05,0.0156773358112,1.15083693857e-06
q00_from_e2k0,gamma_1,1642,62.3941340008,62.3932724703,4.83473900204e-05,0.000861530459588,0.0155980882671,1.34382281535e-05
q00_from_e2k0,gamma_1,1644,62.3948635416,62.3932773461,5.32231250503e-05,0.00158619554144,0.0155192413124,2.46165513762e-05
q00_from_e2k0,gamma_1,1646,62.3955173323,62.3932818128,5.76898193572e-05,0.00223551956135,0.015440792922,3.45181946199e-05
q00_from_e2k0,gamma_1,1648,62.3960859763,62.3932858528,6.1729814135e-05,0.0028001235648,0.0153627410813,4.30175733217e-05
q00_from_e2k0,gamma_1,1650,62.3965627031,62.3932894562,6.53332971865e-05,0.00327324683734,0.0152850837858,5.00318521603e-05
q00_from_e2k0,gamma_1,1652,62.3969432198,62.3932926199,6.8496966307e-05,0.00365059991445,0.015207819041,5.551766289e-05
q00_from_e2k0,gamma_1,1654,62.3972255282,62.3932953455,7.12225307922e-05,0.00393018269529,0.0151309448626,5.94673776624e-05
q00_from_e2k0,gamma_1,1656,62.3974097561,62.3932976379,7.35149240825e-05,0.00411211820334,0.0150544592764,6.1905716032e-05
q00_from_e2k0,gamma_1,1658,62.397497908,62.3932995033,7.53803216398e-05,0.00419840477723,0.0149783603181,6.28852195145e-05
q00_from_e2k0,gamma_1,1660,62.3974938321,62.3933009475,7.68245445641e-05,0.00419288465044,0.0149026460332,6.24850758036e-05
q00_from_e2k0,gamma_1,1662,62.3974028597,62.3933019756,7.78526425336e-05,0.00410088410294,0.0148273144774,6.08050982297e-05
q00_from_e2k0,gamma_1,1664,62.3972315757,62.3933025915,7.84685092015e-05,0.00392898426342,0.0147523637159,5.79618048881e-05
q00_from_e2k0,gamma_1,1666,62.3969877852,62.3933027967,7.86737854028e-05,0.00368498851058,0.0146777918239,5.40874942316e-05
q00_from_e2k0,gamma_1,1668,62.3966801562,62.3933025896,7.8466614525e-05,0.0033775666638,0.0146035968862,4.93246220143e-05
q00_from_e2k0,gamma_1,1670,62.3963182472,62.3933019629,7.78399921089e-05,0.00301628423669,0.0145297769973,4.38259373194e-05
q00_from_e2k0,gamma_1,1672,62.3959126168,62.393300903,7.67800776913e-05,0.00261171380154,0.0144563302614,3.77557972633e-05
q00_from_e2k0,gamma_1,1674,62.395474569,62.3932993889,7.52659625007e-05,0.00217518008039,0.0143832547923,3.12861693153e-05
q00_from_e2k0,gamma_1,1676,62.3950161045,62.3932973943,7.32713600371e-05,0.00171871018188,0.0143105487131,2.45956857815e-05
q00_from_e2k0,gamma_1,1678,62.3945499923,62.393294891,7.07680202083e-05,0.00125510137384,0.0142382101568,1.78703971288e-05
q00_from_e2k0,gamma_1,1680,62.3940896409,62.3932918526,6.77296865206e-05,0.000797788292644,0.0141662372655,1.13016582412e-05
q00_from_e2k0,gamma_1,1682,62.3936490328,62.3932882581,6.41351343234e-05,0.000360774716711,0.0140946281908,5.08498549266e-06
q00_from_e2k0,gamma_1,1684,62.3932425218,62.3932840943,5.99713299607e-05,-4.15724916607e-05,0.0140233810935,-5.82986893566e-07
q00_from_e2k0,gamma_1,1686,62.3928842646,62.3932793599,5.52369778433e-05,-0.00039509530751,0.0139524941441,-5.5125649644e-06
q00_from_e2k0,gamma_1,1688,62.3925879312,62.3932740683,4.99453186507e-05,-0.000686137062729,0.0138819655219,-9.52493104812e-06
q00_from_e2k0,gamma_1,1690,62.3923662199,62.3932682488,4.41258114776e-05,-0.000902028865546,0.0138117934157,-1.24586363459e-05
q00_from_e2k0,gamma_1,1692,62.39223027,62.3932619478,3.7824840561e-05,-0.00103167775874,0.0137419760232,-1.41772910243e-05
q00_from_e2k0,gamma_1,1694,62.3921893401,62.3932552276,3.11046610761e-05,-0.00106588751139,0.0136725115515,-1.4573359312e-05
q00_from_e2k0,gamma_1,1696,62.3922503782,62.3932481647,2.40417963226e-05,-0.000997786520102,0.0136033982165,-1.3573287368e-05
q00_from_e2k0,gamma_1,1698,62.3924176292,62.3932408491,1.6726187738e-05,-0.000823219894826,0.0135346342433,-1.11419801783e-05
q00_from_e2k0,gamma_1,1700,62.392692415,62.3932333828,9.25989206024e-06,-0.000540967849808,0.0134662178659,-7.28479092397e-06
q00_from_e2k0,gamma_1,1702,62.3930729904,62.3932258776,1.75465694241e-06,-0.000152887241008,0.0133981473272,-2.04840577948e-06
q00_from_e2k0,gamma_1,1704,62.3935542678,62.3932184527,-5.67023163711e-06,0.000335815037872,0.0133304208791,4.47655579236e-06
q00_from_e2k0,gamma_1,1706,62.3941275883,62.3932112339,-1.28890169933e-05,0.000916354410599,0.0132630367822,1.21536422533e-05
q00_from_e2k0,gamma_1,1708,62.3947807198,62.3932043528,-1.977012586e-05,0.0015763670019,0.0131959933059,2.08017284048e-05
q00_from_e2k0,gamma_1,1710,62.3954979721,62.3931979441,-2.61788153892e-05,0.00230002796809,0.0131292887285,3.01977312766e-05
q00_from_e2k0,gamma_1,1712,62.396260329,62.3931921412,-3.19817122403e-05,0.00306818781226,0.0130629213367,4.00794960379e-05
q00_from_e2k0,gamma_1,1714,62.3970457507,62.3931870721,-3.70508878831e-05,0.00385867865489,0.0129968894263,5.01508198093e-05
q00_from_e2k0,gamma_1,1716,62.3978296876,62.393182854,-4.12689439102e-05,0.00464683355062,0.0129311913013,6.00890935885e-05
q00_from_e2k0,gamma_1,1718,62.3985858783,62.3931795878,-4.45351254825e-05,0.00540629048979,0.0128658252746,6.95563888251e-05
q00_from_e2k0,gamma_1,1720,62.3992873314,62.3931773521,-4.67708424452e-05,0.00610997931511,0.0128007896673,7.82125600841e-05
q00_from_e2k0,gamma_1,1722,62.3999073459,62.393176197,-4.79259680617e-05,0.00673114894488,0.0127360828092,8.57284703631e-05
q00_from_e2k0,gamma_1,1724,62.4004210394,62.3931761383,-4.79846228956e-05,0.00724490112244,0.0126717030386,9.18052355675e-05
q00_from_e2k0,gamma_1,1726,62.4008062192,62.3931771537,-4.69692837228e-05,0.00762906553495,0.012607648702,9.61845781892e-05
q00_from_e2k0,gamma_1,1728,62.4010444709,62.3931791805,-4.49424545366e-05,0.00786529044981,0.0125439181544,9.86615596632e-05
q00_from_e2k0,gamma_1,1730,62.4011222639,62.3931821185,-4.20044377165e-05,0.00794014542875,0.0124805097591,9.90970625122e-05
q00_from_e2k0,gamma_1,1732,62.4010311294,62.3931858338,-3.82891765156e-05,0.00784529562094,0.0124174218876,9.74183455583e-05
q00_from_e2k0,gamma_1,1734,62.4007680743,62.3931901638,-3.39591380225e-05,0.00757791045007,0.0123546529197,9.36224534675e-05
q00_from_e2k0,gamma_1,1736,62.4003356288,62.393194924,-2.91989124577e-05,0.007140704783,0.0122922012434,8.77749802125e-05
q00_from_e2k0,gamma_1,1738,62.3997413786,62.3931999137,-2.42092130378e-05,0.0065414648989,0.0122300652548,8.00025425756e-05
q00_from_e2k0,gamma_1,1740,62.3989978076,62.3932049221,-1.92008661628e-05,0.0057928855461,0.0121682433581,7.04892410706e-05
q00_from_e2k0,gamma_1,1742,62.3981215045,62.393209736,-1.43869324916e-05,0.00491176852358,0.0121067339656,5.94654748157e-05
q00_from_e2k0,gamma_1,1744,62.3971323135,62.3932141488,-9.97413388859e-06,0.00391816463633,0.0120455354977,4.71963912126e-05
q00_from_e2k0,gamma_1,1746,62.3960532008,62.3932179674,-6.15553203431e-06,0.00283523336438,0.0119846463825,3.39792692841e-05
q00_from_e2k0,gamma_1,1748,62.3949095518,62.3932210186,-3.10433009787e-06,0.00168853316874,0.0119240650565,2.01341793541e-05
q00_from_e2k0,gamma_1,1750,62.3937284721,62.3932231556,-9.67318243283e-07,0.000505316502149,0.0118637899637,5.99496884669e-06
q00_from_e2k0,gamma_1,1752,62.3925381594,62.3932242642,1.41245003249e-07,-0.000686104756241,0.0118038195562,-8.09865673929e-06
q00_from_e2k0,gamma_1,1754,62.3913675747,62.3932242679,1.44917429168e-07,-0.00185669314831,0.0117441522937,-2.18052870964e-05
q00_from_e2k0,gamma_1,1756,62.3902457428,62.3932231317,-9.91211635437e-07,-0.00297738898023,0.011684786644,-3.47901549902e-05
q00_from_e2k0,gamma_1,1758,62.3892012035,62.3932208635,-3.25942308166e-06,-0.00401966002097,0.0116257210824,-4.67314462498e-05
q00_from_e2k0,gamma_1,1760,62.3882613442,62.3932175135,-6.60940979458e-06,-0.00495616933486,0.011566954092,-5.73277831683e-05
q00_from_e2k0,gamma_1,1762,62.3874513096,62.3932131735,-1.09494679634e-05,-0.00576186383685,0.0115084841635,-6.63103187184e-05
q00_from_e2k0,gamma_1,1764,62.3867930342,62.3932079723,-1.61506351475e-05,-0.00641493813953,0.0114503097953,-7.3453029015e-05
q00_from_e2k0,gamma_1,1766,62.3863042575,62.39320207,-2.20529865516e-05,-0.00689781246591,0.0113924294933,-7.85828421762e-05
q00_from_e2k0,gamma_1,1768,62.3859973645,62.393195651,-2.84719853312e-05,-0.0071982865106,0.0113348417712,-8.15914386217e-05
q00_from_e2k0,gamma_1,1770,62.3858786302,62.3931889181,-3.52048880075e-05,-0.00731028787493,0.01127754515,-8.24421015687e-05
q00_from_e2k0,gamma_1,1772,62.3859478402,62.3931820855,-4.20374776979e-05,-0.00723424523661,0.011220538158,-8.11721247219e-05
q00_from_e2k0,gamma_1,1774,62.3861981252,62.393175372,-4.87509115175e-05,-0.00697724679797,0.0111638193314,-7.78927226831e-05
q00_from_e2k0,gamma_1,1776,62.3866157894,62.393168995,-5.51279852488e-05,-0.00655320559566,0.0111073872134,-7.278899204e-05
q00_from_e2k0,gamma_1,1778,62.3871807848,62.393163164,-6.09589693781e-05,-0.00598237916352,0.0110512403548,-6.61127100295e-05
q00_from_e2k0,gamma_1,1780,62.3878674299,62.3931580744,-6.60485925295e-05,-0.0052906444386,0.0109953773135,-5.81726318342e-05
q00_from_e2k0,gamma_1,1782,62.3886452533,62.3931538989,-7.02240512425e-05,-0.00450864556603,0.010939796655,-4.9323665682e-05
q00_from_e2k0,gamma_1,1784,62.3894805178,62.3931507811,-7.33418875711e-05,-0.00367026322629,0.0108844969518,-3.9948968899e-05
q00_from_e2k0,gamma_1,1786,62.3903376183,62.3931488294,-7.5293554076e-05,-0.00281121109463,0.0108294767837,-3.04439452835e-05
q00_from_e2k0,gamma_1,1788,62.3911805508,62.3931481133,-7.60096020258e-05,-0.00196756257807,0.0107747347377,-2.11999648586e-05
q00_from_e2k0,gamma_1,1790,62.3919746991,62.3931486608,-7.54621580086e-05,-0.00117396173582,0.0107202694079,-1.25851860826e-05
q00_from_e2k0,gamma_1,1792,62.3926884443,62.3931504574,-7.36655529394e-05,-0.000462013071278,0.0106660793955,-4.9278681e-06
q00_from_e2k0,gamma_1,1794,62.3932943156,62.3931534486,-7.06743324912e-05,0.000140866984104,0.0106121633088,1.49490344013e-06
q00_from_e2k0,gamma_1,1796,62.3937704043,62.3931575428,-6.65801547726e-05,0.000612861506106,0.0105585197631,6.47091032428e-06
q00_from_e2k0,gamma_1,1798,62.3941012167,62.3931626154,-6.15075936921e-05,0.000938601306281,0.0105051473808,9.86014505433e-06
q00_from_e2k0,gamma_1,1800,62.3942781713,62.3931685138,-5.56091589772e-05,0.0011096575095,0.0104520447912,1.15981899922e-05
q00_from_e2k0,gamma_1,1802,62.394299863,62.3931750621,-4.90608522199e-05,0.00112480086615,0.0103992106305,1.16970411245e-05
q00_from_e2k0,gamma_1,1804,62.394171645,62.3931820677,-4.20551999483e-05,0.000989577234087,0.0103466435418,1.02388028982e-05
q00_from_e2k0,gamma_1,1806,62.3939050737,62.3931893311,-3.47918583898e-05,0.000715742623633,0.010294342175,7.36809947693e-06
q00_from_e2k0,gamma_1,1808,62.3935169871,62.3931966536,-2.74693589688e-05,0.000320333544778,0.0102423051871,3.28095392727e-06
q00_from_e2k0,gamma_1,1810,62.3930285108,62.3932038451,-2.02778402283e-05,-0.000175334316417,0.0101905312415,-1.78674982914e-06
q00_from_e2k0,gamma_1,1812,62.3924639373,62.393210731,-1.33919250302e-05,-0.000746793698461,0.0101390190086,-7.57175550417e-06
q00_from_e2k0,gamma_1,1814,62.3918492266,62.3932171582,-6.96470045369e-06,-0.00136793161696,0.0100877671654,-1.37993756501e-05
q00_from_e2k0,gamma_1,1816,62.3912106527,62.3932230011,-1.12182550538e-06,-0.00201234846894,0.0100367743958,-2.01974875886e-05
q00_from_e2k0,gamma_1,1818,62.3905736432,62.3932281659,4.04293849954e-06,-0.00265452272187,0.00998603939019,-2.65081684627e-05
q00_from_e2k0,gamma_1,1820,62.3899618096,62.3932325938,8.47081453514e-06,-0.0032707842127,0.00993556084549,-3.24970755578e-05
q00_from_e2k0,gamma_1,1822,62.3893963087,62.3932362645,1.2141545966e-05,-0.00383995584203,0.00988533746536,-3.79592593506e-05
q00_from_e2k0,gamma_1,1824,62.3888954853,62.3932391968,1.50738758435e-05,-0.00434371152861,0.00983536795998,-4.27220011958e-05
q00_from_e2k0,gamma_1,1826,62.3884746583,62.3932414458,1.73228690628e-05,-0.0047667875295,0.00978565104601,-4.66461193742e-05
q00_from_e2k0,gamma_1,1828,62.3881461632,62.3932431003,1.89773072705e-05,-0.00509693710601,0.00973618544665,-4.9624724874e-05
q00_from_e2k0,gamma_1,1830,62.3879193924,62.3932442785,2.01555556671e-05,-0.00532488608031,0.00968696989151,-5.15820111357e-05
q00_from_e2k0,gamma_1,1832,62.3878009597,62.3932451227,2.09997456864e-05,-0.00544416298504,0.00963800311664,-5.24708598173e-05
q00_from_e2k0,gamma_1,1834,62.3877948388,62.3932457933,2.16703447791e-05,-0.00545095444961,0.00958928386448,-5.22707495497e-05
q00_from_e2k0,gamma_1,1836,62.3879026338,62.3932464626,2.23396961729e-05,-0.00534382880013,0.00954081088382,-5.09844599776e-05
q00_from_e2k0,gamma_1,1838,62.3881238488,62.3932473074,2.31844022167e-05,-0.00512345854606,0.00949258292979,-4.86348551358e-05
q00_from_e2k0,gamma_1,1840,62.3884560982,62.3932485015,2.43785104743e-05,-0.00479240322028,0.0094445987638,-4.52623255299e-05
q00_from_e2k0,gamma_1,1842,62.3888951363,62.3932502087,2.60857331682e-05,-0.00435507240252,0.00939685715352,-4.09239932597e-05
q00_from_e2k0,gamma_1,1844,62.3894350259,62.3932525743,2.84513432973e-05,-0.00381754840996,0.00934935687284,-3.56916224641e-05
q00_from_e2k0,gamma_1,1846,62.3900680338,62.3932557192,3.1596259376e-05,-0.00318768538915,0.00930209670188,-2.96521577451e-05
q00_from_e2k0,gamma_1,1848,62.3907844364,62.3932597344,3.56114402749e-05,-0.00247529798413,0.0092550754269,-2.29090695471e-05
q00_from_e2k0,gamma_1,1850,62.391572579,62.3932646754,4.05524862899e-05,-0.00169209639923,0.0092082918403,-1.5581317466e-05
q00_from_e2k0,gamma_1,1852,62.3924189967,62.3932705595,4.64365972448e-05,-0.000851562877841,0.00916174474058,-7.80180171734e-06
q00_from_e2k0,gamma_1,1854,62.393308205,62.3932773636,5.32406199341e-05,3.08414076784e-05,0.00911543293234,2.81132783231e-07
q00_from_e2k0,gamma_1,1856,62.3942232375,62.3932850224,6.08994466162e-05,0.000938215137907,0.00906935522618,8.50900636426e-06
q00_from_e2k0,gamma_1,1858,62.3951458405,62.3932934289,6.93059404142e-05,0.00185241158235,0.00902351043874,1.67152552502e-05
q00_from_e2k0,gamma_1,1860,62.3960565719,62.3933024352,7.83122947681e-05,0.00275413663899,0.00897789739265,2.47263561502e-05
q00_from_e2k0,gamma_1,1862,62.3969357279,62.3933118561,8.77331380025e-05,0.00362387176676,0.00893251491646,3.23702886119e-05
q00_from_e2k0,gamma_1,1864,62.3977636739,62.3933214739,9.73509253299e-05,0.00444220001799,0.00888736184467,3.94794389463e-05
q00_from_e2k0,gamma_1,1866,62.398521073,62.3933310459,0.000106922933398,0.00519002713961,0.00884243701766,4.5892488102e-05
q00_from_e2k0,gamma_1,1868,62.39918997,62.3933403134,0.000116190455877,0.00584965659004,0.00879773928167,5.14637535665e-05
q00_from_e2k0,gamma_1,1870,62.3997543405,62.3933490121,0.000124889112335,0.0064053284404,0.00875326748878,5.60675531923e-05
q00_from_e2k0,gamma_1,1872,62.4002007831,62.3933568802,0.000132757276027,0.00684390282644,0.00870902049686,5.9603689994e-05
q00_from_e2k0,gamma_1,1874,62.4005191733,62.3933636667,0.000139543701231,0.0071555066794,0.00866499716957,6.20024451239e-05
q00_from_e2k0,gamma_1,1876,62.4007028904,62.3933691395,0.000145016547847,0.00733375086848,0.0086211963763,6.3225706412e-05
q00_from_e2k0,gamma_1,1878,62.4007493417,62.3933730948,0.000148971811271,0.0073762469064,0.00857761699216,6.32706208027e-05
q00_from_e2k0,gamma_1,1880,62.4006602094,62.3933753621,0.000151239116526,0.00728484736756,0.00853425789794,6.2170766182e-05
q00_from_e2k0,gamma_1,1882,62.4004414137,62.3933758097,0.000151686730781,0.00706560406419,0.00849111798011,5.99948777098e-05
q00_from_e2k0,gamma_1,1884,62.4001030979,62.3933743493,0.000150226398617,0.0067287485618,0.00844819613074,5.68457875645e-05
q00_from_e2k0,gamma_1,1886,62.3996592468,62.3933709386,0.000146815602051,0.00628830821809,0.00840549124752,5.28563196889e-05
q00_from_e2k0,gamma_1,1888,62.3991269159,62.3933655804,0.000141457440378,0.00576133551367,0.0083630022337,4.81820617699e-05
q00_from_e2k0,gamma_1,1890,62.3985256017,62.3933583235,0.000134200591098,0.0051672782053,0.00832072799809,4.29955164367e-05
q00_from_e2k0,gamma_1,1892,62.397876283,62.3933492601,0.000125137138468,0.00452702290619,0.00827866745499,3.74777172014e-05
q00_from_e2k0,gamma_1,1894,62.3972002227,62.3933385216,0.000114398604538,0.00386170111251,0.00823681952421,3.18081351202e-05
q00_from_e2k0,gamma_1,1896,62.3965179407,62.3933262748,0.000102151838178,0.00319166587121,0.00819518313101,2.61562863075e-05
q00_from_e2k0,gamma_1,1898,62.3958483362,62.3933127167,8.8593743051e-05,0.00253561953293,0.00815375720609,2.06748260385e-05
q00_from_e2k0,gamma_1,1900,62.39520784,62.3932980685,7.39455906711e-05,0.00190977148608,0.00811254068556,1.5493098881e-05
q00_from_e2k0,gamma_1,1902,62.3946101457,62.3932825694,5.84464689268e-05,0.00132757631315,0.00807153251089,1.07155753723e-05
q00_from_e2k0,gamma_1,1904,62.3940660341,62.393266469,4.23460089678e-05,0.000799565172535,0.0080307316289,6.42109332045e-06
q00_from_e2k0,gamma_1,1906,62.3935834676,62.393250021,2.58980357017e-05,0.000333446657606,0.00799013699177,2.66428447372e-06
q00_from_e2k0,gamma_1,1908,62.393168093,62.3932334767,9.35374183797e-06,-6.53836855733e-05,0.00794974755692,-5.19783794649e-07
q00_from_e2k0,gamma_1,1910,62.3928238007,62.3932170758,-7.0471630238e-06,-0.000393275038988,0.0079095622871,-3.11063341684e-06
q00_from_e2k0,gamma_1,1912,62.392553009,62.3932010387,-2.30842732378e-05,-0.000648029672519,0.00786958015025,-5.09972144763e-06
q00_from_e2k0,gamma_1,1914,62.3923569307,62.3931855612,-3.85617548204e-05,-0.000828630501225,0.00782980011957,-6.48801119757e-06
q00_from_e2k0,gamma_1,1916,62.3922357566,62.3931708108,-5.33121279673e-05,-0.000935054183046,0.00779022117341,-7.28427889505e-06
q00_from_e2k0,gamma_1,1918,62.3921885349,62.3931569243,-6.71986582859e-05,-0.000968389364687,0.00775084229533,-7.50583324616e-06
q00_from_e2k0,gamma_1,1920,62.3922134331,62.3931440058,-8.01171305511e-05,-0.000930572669816,0.00771166247398,-7.17626233713e-06
q00_from_e2k0,gamma_1,1922,62.3923077665,62.393132127,-9.19959032615e-05,-0.000824360553018,0.00767268070316,-6.32505530759e-06
q00_from_e2k0,gamma_1,1924,62.3924677169,62.3931213288,-0.000102794196195,-0.00065361182628,0.00763389598174,-4.98960469426e-06
q00_from_e2k0,gamma_1,1926,62.3926885966,62.393111623,-0.000112499989584,-0.000423026336215,0.00759530731366,-3.21301502532e-06
q00_from_e2k0,gamma_1,1928,62.3929647487,62.393102995,-0.000121127915833,-0.000138246307387,0.00755691370787,-1.04471541535e-06
q00_from_e2k0,gamma_1,1930,62.3932894905,62.3930954073,-0.000128715684511,0.000194083227058,0.00751871417836,1.45925631106e-06
q00_from_e2k0,gamma_1,1932,62.3936551208,62.3930888038,-0.000135319151482,0.000566317029403,0.00748070774409,4.23645218746e-06
q00_from_e2k0,gamma_1,1934,62.3940526524,62.3930831158,-0.000141007152408,0.000969536635921,0.00744289342897,7.21615785665e-06
q00_from_e2k0,gamma_1,1936,62.3944717806,62.3930782672,-0.00014585576335,0.00139351339436,0.00740527026188,1.03193432988e-05
q00_from_e2k0,gamma_1,1938,62.3949008264,62.3930741812,-0.000149941762807,0.00182664517629,0.00736783727655,1.34584244209e-05
q00_from_e2k0,gamma_1,1940,62.3953265609,62.3930707865,-0.000153336455519,0.00225577443352,0.00733059351166,1.65361654261e-05
q00_from_e2k0,gamma_1,1942,62.3957343359,62.3930680224,-0.000156100538462,0.00266631347802,0.00729353801069,1.94468587003e-05
q00_from_e2k0,gamma_1,1944,62.3961084242,62.3930658433,-0.000158279641894,0.00304258090794,0.00725666982201,2.20790050556e-05
q00_from_e2k0,gamma_1,1946,62.3964321998,62.3930642223,-0.000159900643133,0.00336797745739,0.00721998799875,2.43167568224e-05
q00_from_e2k0,gamma_1,1948,62.3966888053,62.3930631531,-0.000160969840962,0.00362565220593,0.00718349159886,2.60448421617e-05
q00_from_e2k0,gamma_1,1950,62.3968618449,62.3930626496,-0.000161473313213,0.00379919526282,0.00714717968503,2.71535312019e-05
q00_from_e2k0,gamma_1,1952,62.3969358073,62.3930627441,-0.000161378845362,0.0038730632205,0.00711105132472,2.75415513449e-05
q00_from_e2k0,gamma_1,1954,62.396896933,62.3930634851,-0.000160637870934,0.00383344788786,0.00707510559007,2.71220485806e-05
q00_from_e2k0,gamma_1,1956,62.3967338847,62.3930649352,-0.000159187795489,0.00366894958101,0.00703934155792,2.58269892595e-05
q00_from_e2k0,gamma_1,1958,62.3964386411,62.3930671674,-0.000156955598761,0.00337147375709,0.00700375830979,2.36129873425e-05
q00_from_e2k0,gamma_1,1960,62.3960075381,62.3930702613,-0.000153861602975,0.00293727675925,0.00696835493183,2.04679869914e-05
q00_from_e2k0,gamma_1,1962,62.3954415741,62.3930742988,-0.00014982416559,0.00236727533715,0.0069331305148,1.64126288769e-05
q00_from_e2k0,gamma_1,1964,62.3947471025,62.393079357,-0.000144765996076,0.00166774556802,0.00689808415409,1.15042492758e-05
q00_from_e2k0,gamma_1,1966,62.3939360845,62.3930855033,-0.000138619697537,0.000850581208653,0.00686321494962,5.83772166709e-06
q00_from_e2k0,gamma_1,1968,62.3930255905,62.3930927905,-0.000131332442791,-6.71999961384e-05,0.0068285220059,-4.58876652427e-07
q00_from_e2k0,gamma_1,1970,62.3920376376,62.3931012518,-0.000122871160897,-0.00106361419134,0.00679400443193,-7.22619952981e-06
q00_from_e2k0,gamma_1,1972,62.3909982786,62.3931108957,-0.000113227213689,-0.00211261709617,0.00675966134124,-1.42805761138e-05
q00_from_e2k0,gamma_1,1974,62.3899362305,62.3931217031,-0.000102419890212,-0.00318547258508,0.00672549185183,-2.14238699152e-05
q00_from_e2k0,gamma_1,1976,62.3888819615,62.3931336241,-9.04988277668e-05,-0.00425166258712,0.00669149508617,-2.84499793097e-05
q00_from_e2k0,gamma_1,1978,62.3878662232,62.3931465773,-7.75456645385e-05,-0.00528035404317,0.00665767017115,-3.51548556063e-05
q00_from_e2k0,gamma_1,1980,62.3869186865,62.3931604493,-6.36736956068e-05,-0.00624176276291,0.00662401623807,-4.13455378957e-05
q00_from_e2k0,gamma_1,1982,62.386067014,62.3931750974,-4.90255224221e-05,-0.0071080834081,0.00659053242265,-4.6846054164e-05
q00_from_e2k0,gamma_1,1984,62.3853357241,62.3931903533,-3.37696449719e-05,-0.00785462922635,0.00655721786495,-5.15045150856e-05
q00_from_e2k0,gamma_1,1986,62.3847453236,62.3932060271,-1.80958621741e-05,-0.0084607034662,0.00652407170938,-5.51982361253e-05
q00_from_e2k0,gamma_1,1988,62.3843119593,62.3932219131,-2.20987924138e-06,-0.0089099537485,0.0064910931047,-5.78353393401e-05
q00_from_e2k0,gamma_1,1990,62.3840467793,62.3932377967,1.36737492369e-05,-0.00919101739774,0.00645828120394,-5.93581749049e-05
q00_from_e2k0,gamma_1,1992,62.3839555883,62.3932534635,2.93405006246e-05,-0.00929787519539,0.00642563516444,-5.97447538101e-05
q00_from_e2k0,gamma_1,1994,62.3840391613,62.3932687072,4.45842778873e-05,-0.00922954590357,0.00639315414777,-5.90059096755e-05
q00_from_e2k0,gamma_1,1996,62.3842932766,62.393283338,5.92150773429e-05,-0.0089900614086,0.00636083731977,-5.71843181148e-05
q00_from_e2k0,gamma_1,1998,62.3847090933,62.39329719,7.30670370501e-05,-0.00858809670578,0.00632868385047,-5.43513489281e-05
q00_from_e2k0,gamma_1,2000,62.3852739866,62.3933101275,8.60045543192e-05,-0.00803614087143,0.00629669291411,-5.06011112819e-05
q00_from_e2k0,gamma_2,0,62.3932241229,62.3932241229,0,0,1,0
q00_from_e2k0,gamma_2,2,62.3913287843,62.3932232281,-8.94895229919e-07,-0.0018944437975,0.989915729261,-0.00187533971335
q00_from_e2k0,gamma_2,4,62.3894222728,62.393220571,-3.55196807789e-06,-0.00379829820318,0.979933151038,-0.00372207832682
q00_from_e2k0,gamma_2,6,62.3875014185,62.3932162269,-7.89601014617e-06,-0.00571480847682,0.970051239837,-0.00554365704837
q00_from_e2k0,gamma_2,8,62.3855705278,62.3932103337,-1.3789293817e-05,-0.00763980581371,0.960268980503,-0.00733626853997
q00_from_e2k0,gamma_2,10,62.3836459514,62.3932030953,-2.10276713375e-05,-0.00955714386736,0.950585368121,-0.00908488112134
q00_from_e2k0,gamma_2,12,62.381759666,62.3931947687,-2.93542806702e-05,-0.0114351027119,0.940999407908,-0.0107604248813
q00_from_e2k0,gamma_2,14,62.3799570976,62.3931856459,-3.84770854538e-05,-0.0132285482808,0.931510115114,-0.0123225265319
q00_from_e2k0,gamma_2,16,62.3782953881,62.3931760404,-4.80825165141e-05,-0.0148806522965,0.922116514917,-0.0137216952354
q00_from_e2k0,gamma_2,18,62.376839029,62.3931662751,-5.78478290691e-05,-0.0163272461227,0.912817642327,-0.0149037983115
q00_from_e2k0,gamma_2,20,62.3756538343,62.3931566721,-6.74508313452e-05,-0.0175028378651,0.903612542086,-0.015815783817
q00_from_e2k0,gamma_2,22,62.3748028066,62.3931475472,-7.65757992056e-05,-0.0183447405127,0.894500268569,-0.0164093753154
q00_from_e2k0,gamma_2,24,62.3743418276,62.3931392026,-8.49203522932e-05,-0.0187973749696,0.885479885684,-0.0166446974393
q00_from_e2k0,gamma_2,26,62.3743148997,62.393131921,-9.22019548071e-05,-0.018817021314,0.876550466783,-0.0164940688163
q00_from_e2k0,gamma_2,28,62.3747512119,62.3931259597,-9.81632880368e-05,-0.0183747477612,0.867711094559,-0.0159439724921
q00_from_e2k0,gamma_2,30,62.3756627688,62.3931215441,-0.000102578885361,-0.0174587753092,0.858960860958,-0.0149964046708
q00_from_e2k0,gamma_2,32,62.3770423275,62.3931188624,-0.000105260592072,-0.016076534895,0.850298867082,-0.0136698594078
q00_from_e2k0,gamma_2,34,62.3788630483,62.3931180612,-0.000106061731927,-0.0142550129384,0.841724223097,-0.0119987896908
q00_from_e2k0,gamma_2,36,62.3810789639,62.3931192412,-0.000104881761551,-0.012040277257,0.833236048144,-0.0100323930401
q00_from_e2k0,gamma_2,38,62.3836260565,62.3931224543,-0.00010166868006,-0.00949639773597,0.824833470245,-0.00783294669938
q00_from_e2k0,gamma_2,40,62.3864248891,62.3931277039,-9.64190200108e-05,-0.0067028148332,0.816515626216,-0.00547295305094
q00_from_e2k0,gamma_2,42,62.3893841455,62.3931349443,-8.91786287411e-05,-0.00375079886946,0.808281661578,-0.00303170194245
q00_from_e2k0,gamma_2,44,62.3924043326,62.3931440801,-8.00428760357e-05,-0.000739747447454,0.800130730469,-0.000591894665495
q00_from_e2k0,gamma_2,46,62.3953819188,62.3931549696,-6.91533567903e-05,0.00222694920797,0.792061995557,0.00176388183367
q00_from_e2k0,gamma_2,48,62.3982138072,62.3931674309,-5.66920856713e-05,0.00504637631683,0.784074627951,0.00395673563312
q00_from_e2k0,gamma_2,50,62.4008022,62.3931812467,-4.28762049083e-05,0.00762095321537,0.776167807123,0.00591513854536
q00_from_e2k0,gamma_2,52,62.4030588356,62.3931961687,-2.7954256808e-05,0.00986266687116,0.768340720817,0.00757788857296
q00_from_e2k0,gamma_2,54,62.4049082973,62.3932119223,-1.22006517387e-05,0.011696375042,0.760592564968,0.008896175894
q00_from_e2k0,gamma_2,56,62.4062908408,62.3932282162,4.0932215768e-06,0.0130626246005,0.752922543621,0.00983514454056
q00_from_e2k0,gamma_2,58,62.4071646506,62.3932447506,2.0627655374e-05,0.0139198999884,0.745329868846,0.0103749172327
q00_from_e2k0,gamma_2,60,62.4075074269,62.3932612247,3.71017040592e-05,0.0142462022742,0.737813760658,0.010511044075
q00_from_e2k0,gamma_2,62,62.407316999,62.393277344,5.32210646753e-05,0.0140396549664,0.730373446941,0.0102541911917
q00_from_e2k0,gamma_2,64,62.4066106996,62.3932928297,6.87067964975e-05,0.0133178698704,0.723008163361,0.00962892863491
q00_from_e2k0,gamma_2,66,62.4054240368,62.3933074257,8.33027583553e-05,0.0121166110863,0.715717153295,0.00867206639424
q00_from_e2k0,gamma_2,68,62.4038086632,62.3933209043,9.67813169837e-05,0.0104877588908,0.708499667748,0.00743057368958
q00_from_e2k0,gamma_2,70,62.4018298495,62.3933330702,0.000108947297022,0.00849677925436,0.70135496528,0.00595925831893
q00_from_e2k0,gamma_2,72,62.3995635919,62.393343764,0.000119641094983,0.00621982784953,0.694282311926,0.00431831645916
q00_from_e2k0,gamma_2,74,62.3970933926,62.3933528637,0.000128740743349,0.00374052888959,0.687280981123,0.00257079436515
q00_from_e2k0,gamma_2,76,62.3945068612,62.3933602848,0.000136161879666,0.00114657634228,0.680350253636,0.000780073505282
q00_from_e2k0,gamma_2,78,62.391892367,62.3933659796,0.000141856622548,-0.00147361261731,0.673489417481,-0.000992462503224
q00_from_e2k0,gamma_2,80,62.3893362982,62.3933699348,0.00014581180357,-0.00403363658618,0.666697767855,-0.00268921650834
q00_from_e2k0,gamma_2,82,62.3869199794,62.3933721689,0.000148045937301,-0.00645218947054,0.659974607062,-0.00425828121051
q00_from_e2k0,gamma_2,84,62.3847176169,62.3933727288,0.000148605881321,-0.00865511194577,0.653319244444,-0.00565455119699
q00_from_e2k0,gamma_2,86,62.3827943766,62.3933716866,0.000147563638862,-0.0105773099585,0.646730996304,-0.00684067420768
q00_from_e2k0,gamma_2,88,62.3812043818,62.3933691367,0.000145013750981,-0.0121647548664,0.640209185842,-0.00778798780897
q00_from_e2k0,gamma_2,90,62.3799901755,62.3933651936,0.000141070665279,-0.0133750181521,0.633753143082,-0.00847645979269
q00_from_e2k0,gamma_2,92,62.379182055,62.3933599873,0.00013586432965,-0.0141779322946,0.627362204805,-0.00889469886391
q00_from_e2k0,gamma_2,94,62.3787972103,62.3933536597,0.00012953677151,-0.0145564494308,0.62103571448,-0.00904007497256
q00_from_e2k0,gamma_2,96,62.378839975,62.3933463643,0.000122241343931,-0.0145063892636,0.614773022197,-0.00891813676877
q00_from_e2k0,gamma_2,98,62.3793024031,62.3933382635,0.000114140573274,-0.0140358603851,0.608573484598,-0.00854185246388
q00_from_e2k0,gamma_2,100,62.3801653857,62.3933295248,0.000105401864907,-0.0131641390828,0.602436464814,-0.00793055741134
q00_from_e2k0,gamma_2,102,62.3813998265,62.3933203166,9.61936563755e-05,-0.0119204900586,0.5963613324,-0.0071089193342
q00_from_e2k0,gamma_2,104,62.3829674758,62.3933108066,8.66836994859e-05,-0.0103433308927,0.590347463266,-0.00610615915423
q00_from_e2k0,gamma_2,106,62.3848226218,62.3933011628,7.70398400221e-05,-0.00847854096556,0.584394239616,-0.00495481050062
q00_from_e2k0,gamma_2,108,62.3869138927,62.3932915527,6.74297209642e-05,-0.00637766000661,0.578501049885,-0.00368948300964
q00_from_e2k0,gamma_2,110,62.3891854443,62.3932821404,5.80174515505e-05,-0.00409669611644,0.572667288675,-0.00234604385753
q00_from_e2k0,gamma_2,112,62.3915786114,62.3932730837,4.89607271348e-05,-0.00169447229999,0.566892356693,-0.000960583395491
q00_from_e2k0,gamma_2,114,62.3940332384,62.3932645318,4.04088103636e-05,0.000768706655904,0.561175660688,0.000431379465502
q00_from_e2k0,gamma_2,116,62.3964884616,62.3932566216,3.24986367275e-05,0.00323184005426,0.555516613393,0.00179534084197
q00_from_e2k0,gamma_2,118,62.3988844138,62.3932494735,2.53505071441e-05,0.0056349403037,0.549914633464,0.0030987361317
q00_from_e2k0,gamma_2,120,62.4011632516,62.3932431872,1.9064204885e-05,0.00792006441226,0.544369145417,0.00431143869575
q00_from_e2k0,gamma_2,122,62.4032703643,62.3932378379,1.37149433712e-05,0.0100325263746,0.538879579572,0.00540632359476
q00_from_e2k0,gamma_2,124,62.4051559126,62.393233473,9.35002159963e-06,0.0119224396124,0.533445371996,0.00635997023414
q00_from_e2k0,gamma_2,126,62.4067756576,62.3932301091,5.98610540692e-06,0.0135455485111,0.52806596444,0.00715294313838
q00_from_e2k0,gamma_2,128,62.4080918557,62.3932277299,3.60691957724e-06,0.0148641258688,0.522740804287,0.0077700851117
q00_from_e2k0,gamma_2,130,62.4090745387,62.3932262848,2.16184193391e-06,0.0158482539128,0.51746934449,0.00820098556357
q00_from_e2k0,gamma_2,132,62.4097020189,62.3932256876,1.56465742407e-06,0.0164763313332,0.512251043521,0.00844001791881
q00_from_e2k0,gamma_2,134,62.4099613342,62.393225817,1.69404680861e-06,0.0167355172101,0.507085365311,0.00848633585817
q00_from_e2k0,gamma_2,136,62.4098487176,62.3932265194,2.396429295e-06,0.0166221981965,0.5019717792,0.00834387440293
q00_from_e2k0,gamma_2,138,62.4093696906,62.3932276117,3.48877579626e-06,0.0161420788634,0.496909759875,0.00802115653189
q00_from_e2k0,gamma_2,140,62.4085390665,62.3932288845,4.76159456753e-06,0.0153101819669,0.491898787323,0.00753105994323
q00_from_e2k0,gamma_2,142,62.4073805474,62.393230107,5.98403701701e-06,0.0141504404248,0.486938346776,0.00689039206658
q00_from_e2k0,gamma_2,144,62.4059258447,62.3932310337,6.91075045012e-06,0.0126948109848,0.482027928653,0.00611925344363
q00_from_e2k0,gamma_2,146,62.4042138982,62.3932314137,7.2907966171e-06,0.0109824844936,0.477167028517,0.00524047949153
q00_from_e2k0,gamma_2,148,62.4022898428,62.3932310013,6.87831174417e-06,0.00905884150776,0.472355147014,0.00427899041217
q00_from_e2k0,gamma_2,150,62.4002038251,62.3932295658,5.44289918025e-06,0.00697425927181,0.467591789826,0.00326110637562
q00_from_e2k0,gamma_2,152,62.3980097061,62.3932269033,2.78036145573e-06,0.00478280279569,0.462876467622,0.0022138468634
q00_from_e2k0,gamma_2,154,62.3957635261,62.3932228467,-1.27625099822e-06,0.00254067942818,0.458208696004,0.00116416140775
q00_from_e2k0,gamma_2,156,62.3935220524,62.3932172762,-6.84676001583e-06,0.000304776234266,0.453587995458,0.000138242841164
q00_from_e2k0,gamma_2,158,62.3913413102,62.3932101277,-1.39952848173e-05,-0.00186881746571,0.449013891308,-0.000839125002424
q00_from_e2k0,gamma_2,160,62.3892752254,62.3932013993,-2.2723697704e-05,-0.00392617389704,0.444485913662,-0.00174512899182
q00_from_e2k0,gamma_2,162,62.3873743798,62.3931911552,-3.29677576048e-05,-0.00581677540468,0.440003597369,-0.00255940210315
q00_from_e2k0,gamma_2,164,62.3856847822,62.393179527,-4.459598496e-05,-0.0074947447154,0.435566481967,-0.00326445958893
q00_from_e2k0,gamma_2,166,62.3842465237,62.3931667116,-5.74113304026e-05,-0.00892018796652,0.431174111638,-0.00384615412211
q00_from_e2k0,gamma_2,168,62.3830928542,62.393152968,-7.11549393202e-05,-0.0100601137968,0.426826035161,-0.00429391848513
q00_from_e2k0,gamma_2,170,62.38224957,62.3931386103,-8.55126933388e-05,-0.0108890402596,0.422521805863,-0.00460085695459
q00_from_e2k0,gamma_2,172,62.381734394,62.3931239969,-0.000100126083126,-0.0113896028584,0.41826098158,-0.00476382647137
q00_from_e2k0,gamma_2,174,62.3815566314,62.3931095175,-0.000114605491653,-0.0115528860144,0.414043124602,-0.00478339302357
q00_from_e2k0,gamma_2,176,62.3817169687,62.3930955789,-0.000128544070584,-0.0113786102284,0.409867801636,-0.00466372596
q00_from_e2k0,gamma_2,178,62.3822074386,62.393082591,-0.000141531952053,-0.0108751523735,0.405734583757,-0.00441242542154
q00_from_e2k0,gamma_2,180,62.3830115378,62.3930709531,-0.000153169802715,-0.0100594153924,0.401643046366,-0.00404029424288
q00_from_e2k0,gamma_2,182,62.3841047444,62.3930610406,-0.000163082366328,-0.0089562961912,0.397592769146,-0.00356095860395
q00_from_e2k0,gamma_2,184,62.3854550687,62.3930531913,-0.000170931614306,-0.00759812264363,0.393583336018,-0.00299049445755
q00_from_e2k0,gamma_2,186,62.3870237398,62.3930476955,-0.000176427418928,-0.00602395577037,0.389614335099,-0.00234701952214
q00_from_e2k0,gamma_2,188,62.3887661615,62.3930447864,-0.000179336580686,-0.00427862485964,0.38568535866,-0.00165020296356
q00_from_e2k0,gamma_2,190,62.3906330049,62.3930446316,-0.000179491372478,-0.00241162668338,0.381796003083,-0.000920749428645
q00_from_e2k0,gamma_2,192,62.3925715557,62.3930473273,-0.000176795695907,-0.000475771584938,0.377945868821,-0.00017981590503
q00_from_e2k0,gamma_2,194,62.3945269021,62.3930528953,-0.000171227626346,0.00147400682098,0.374134560355,0.000551476893927
q00_from_e2k0,gamma_2,196,62.3964433681,62.393061283,-0.000162839904419,0.00338208509326,0.370361686156,0.00125259473786
q00_from_e2k0,gamma_2,198,62.3982660933,62.3930723644,-0.000151758568173,0.00519372888208,0.366626858641,0.00190416050467
q00_from_e2k0,gamma_2,200,62.399942557,62.3930859435,-0.000138179460933,0.00685661348128,0.362929694138,0.00248846863358
q00_from_e2k0,gamma_2,202,62.401424157,62.3931017601,-0.000122362836819,0.00832239685931,0.359269812843,0.00298998596205
q00_from_e2k0,gamma_2,204,62.4026675295,62.3931194976,-0.000104625332014,0.00954803188239,0.355646838782,0.00339572735556
q00_from_e2k0,gamma_2,206,62.4036356825,62.3931387934,-8.53295406671e-05,0.0104968890502,0.352060399772,0.00369553895536
q00_from_e2k0,gamma_2,208,62.4042992882,62.39315925,-6.48729041401e-05,0.0111400381396,0.348510127384,0.00388241611109
q00_from_e2k0,gamma_2,210,62.4046376059,62.3931804469,-4.36760933837e-05,0.0114571590245,0.344995656904,0.0039526701039
q00_from_e2k0,gamma_2,212,62.4046390532,62.3932019524,-2.21705514747e-05,0.0114371007852,0.341516627296,0.0039059600862
q00_from_e2k0,gamma_2,214,62.4043016738,62.3932233367,-7.8620899302e-07,0.0110783370232,0.338072681165,0.00374528310029
q00_from_e2k0,gamma_2,216,62.4036330798,62.3932441828,2.00598928259e-05,0.0103888969542,0.334663464718,0.00347678424929
q00_from_e2k0,gamma_2,218,62.4026500905,62.3932640979,3.9974983558e-05,0.00938599260927,0.331288627734,0.00310947261145
q00_from_e2k0,gamma_2,220,62.4013781893,62.3932827247,5.86017276518e-05,0.00809546463349,0.327947823519,0.00265489000693
q00_from_e2k0,gamma_2,222,62.3998509443,62.3932997501,7.56271706024e-05,0.00655119414326,0.324640708878,0.00212678431066
q00_from_e2k0,gamma_2,224,62.3981088679,62.393314912,9.07890183584e-05,0.00479395593933,0.321366944077,0.00154061897026
q00_from_e2k0,gamma_2,226,62.3961980714,62.3933280034,0.000103880462937,0.00287006800738,0.318126192806,0.000913043808281
q00_from_e2k0,gamma_2,228,62.3941689648,62.3933388768,0.000114753801242,0.000830088041369,0.314918122149,0.000261409767206
q00_from_e2k0,gamma_2,230,62.3920748484,62.393347445,0.000123322033595,-0.00127259658287,0.311742402544,-0.000396722316214
q00_from_e2k0,gamma_2,232,62.3899703958,62.3933536818,0.00012955886956,-0.00338328600334,0.308598707756,-0.0010440776886
q00_from_e2k0,gamma_2,234,62.3879100999,62.3933576203,0.000133497379451,-0.00544752042923,0.305486714837,-0.00166414511993
q00_from_e2k0,gamma_2,236,62.3859468378,62.39335935,0.000135227072661,-0.00741251220835,0.302406104098,-0.0022415889385
q00_from_e2k0,gamma_2,238,62.384130524,62.3933590123,0.000134889387752,-0.00922848831431,0.299356559071,-0.0027626085072
q00_from_e2k0,gamma_2,240,62.3825069195,62.3933567945,0.000132671517022,-0.0108498749514,0.296337766482,-0.00321522770971
q00_from_e2k0,gamma_2,242,62.3811164989,62.3933529223,0.000128799315775,-0.0122364233492,0.293349416214,-0.00358954764602
q00_from_e2k0,gamma_2,244,62.379993332,62.3933476529,0.000123529977131,-0.0133543209465,0.29039120128,-0.00387797730194
q00_from_e2k0,gamma_2,246,62.3791643637,62.3933412668,0.000117143811451,-0.0141769030913,0.287462817786,-0.0040753325101
q00_from_e2k0,gamma_2,248,62.3786489912,62.3933340578,0.00010993484851,-0.0146850665829,0.284563964904,-0.0041788407717
q00_from_e2k0,gamma_2,250,62.378458609,62.3933263241,0.000102201177754,-0.0148677151495,0.281694344839,-0.00418815127829
q00_from_e2k0,gamma_2,252,62.3785964015,62.3933183583,9.42353482003e-05,-0.0147219567831,0.2788536628,-0.00410527157255
q00_from_e2k0,gamma_2,254,62.3790573923,62.393310438,8.63150197858e-05,-0.0142530456429,0.276041626968,-0.0039344339085
q00_from_e2k0,gamma_2,256,62.379828599,62.3933028173,7.86943424984e-05,-0.0134742182614,0.273257948466,-0.0036819372393
q00_from_e2k0,gamma_2,258,62.3808894479,62.3932957191,7.15961209181e-05,-0.0124062711497,0.270502341332,-0.0033559253932
q00_from_e2k0,gamma_2,260,62.3822123032,62.3932893281,6.52051247982e-05,-0.0110770248656,0.267774522487,-0.00296614504396
q00_from_e2k0,gamma_2,262,62.3837630988,62.393283786,5.96630608598e-05,-0.00952068725012,0.265074211705,-0.00252368866771
q00_from_e2k0,gamma_2,264,62.3855021841,62.3932791882,5.50652245863e-05,-0.00777700408468,0.262401131588,-0.00204069467218
q00_from_e2k0,gamma_2,266,62.3873851255,62.3932755818,5.14588877536e-05,-0.00589045635962,0.259755007535,-0.00153007553608
q00_from_e2k0,gamma_2,268,62.3893637025,62.393272966,4.88430612364e-05,-0.00390926353993,0.257135567713,-0.00100521069968
q00_from_e2k0,gamma_2,270,62.3913871336,62.3932712925,4.71695435635e-05,-0.00188415892089,0.254542543031,-0.000479598603198
q00_from_e2k0,gamma_2,272,62.393403216,62.3932704686,4.63456708104e-05,0.000132747363416,0.251975667113,3.34491054543e-05
q00_from_e2k0,gamma_2,274,62.3953596405,62.3932703611,4.62381870037e-05,0.00208927937972,0.249434676266,0.000521138725711
q00_from_e2k0,gamma_2,276,62.3972054968,62.3932708012,4.66782307313e-05,0.00393469565329,0.246919309459,0.00097155233364
q00_from_e2k0,gamma_2,278,62.398892627,62.3932715911,4.74681387175e-05,0.00562103593743,0.244429308291,0.00137394592607
q00_from_e2k0,gamma_2,280,62.400377152,62.3932725125,4.83895438208e-05,0.00710463947816,0.24196441697,0.00171906994911
q00_from_e2k0,gamma_2,282,62.4016209573,62.3932733353,4.92123312839e-05,0.00834762205074,0.23952438228,0.00199945901521
q00_from_e2k0,gamma_2,284,62.4025928515,62.3932738276,4.97046366874e-05,0.00931902394356,0.237108953561,0.00220962401546
q00_from_e2k0,gamma_2,286,62.4032696982,62.3932737663,4.96433376327e-05,0.00999593193822,0.234717882678,0.00234622397993
q00_from_e2k0,gamma_2,288,62.4036373721,62.3932729468,4.88238099692e-05,0.0103644253901,0.232350924002,0.00240818381615
q00_from_e2k0,gamma_2,290,62.4036911515,62.3932711913,4.70683735045e-05,0.0104199601703,0.230007834378,0.00239667247308
q00_from_e2k0,gamma_2,292,62.4034358291,62.3932683566,4.42336179276e-05,0.0101674725743,0.227688373104,0.00231501528901
q00_from_e2k0,gamma_2,294,62.4028854333,62.3932643391,4.02161093689e-05,0.00962109420657,0.225392301905,0.00216852057006
q00_from_e2k0,gamma_2,296,62.4020628214,62.393259079,3.49560969823e-05,0.00880374231777,0.22311938491,0.00196428557085
q00_from_e2k0,gamma_2,298,62.4009988202,62.3932525627,2.84397238062e-05,0.00774625750601,0.220869388626,0.00171091115949
q00_from_e2k0,gamma_2,300,62.3997311762,62.393244822,2.06990172416e-05,0.00648635425078,0.218642081913,0.00141818999741
q00_from_e2k0,gamma_2,302,62.3983034156,62.3932359328,1.18098056134e-05,0.0050674828278,0.216437235964,0.00109679197654
q00_from_e2k0,gamma_2,304,62.3967631844,62.3932260113,1.88836612125e-06,0.00353717309259,0.214254624278,0.00075785569196
q00_from_e2k0,gamma_2,306,62.3951606924,62.3932152104,-8.91253869639e-06,0.00194548201373,0.21209402264,0.000412625106266
q00_from_e2k0,gamma_2,308,62.3935470883,62.3932037147,-2.0408216443e-05,0.000343373563716,0.209955209093,7.20930683672e-05
q00_from_e2k0,gamma_2,310,62.3919727474,62.393191735,-3.23879494033e-05,-0.00121898762596,0.207837963922,-0.000253351906226
q00_from_e2k0,gamma_2,312,62.3904856772,62.3931795013,-4.46216897814e-05,-0.00269382409766,0.205742069624,-0.000554232945055
q00_from_e2k0,gamma_2,314,62.3891299784,62.3931672565,-5.68664749778e-05,-0.0040372780277,0.203667310891,-0.000822261559223
q00_from_e2k0,gamma_2,316,62.3879446025,62.3931552503,-6.88726366889e-05,-0.00521064786237,0.201613474588,-0.00105053682038
q00_from_e2k0,gamma_2,318,62.3869624445,62.3931437324,-8.03905728759e-05,-0.00618128784404,0.199580349725,-0.00123366358966
q00_from_e2k0,gamma_2,320,62.3862097012,62.3931329447,-9.11782227746e-05,-0.006923243545,0.197567727444,-0.00136780949373
q00_from_e2k0,gamma_2,322,62.3857054023,62.3931231155,-0.000101007447242,-0.00741771319812,0.195575400991,-0.00145072223316
q00_from_e2k0,gamma_2,324,62.3854614974,62.3931144543,-0.000109668605731,-0.00765295692803,0.193603165698,-0.00148163668822
q00_from_e2k0,gamma_2,326,62.3854832533,62.3931071471,-0.000116975818045,-0.00762389386257,0.191650818959,-0.00146112550242
q00_from_e2k0,gamma_2,328,62.3857693729,62.3931013501,-0.000122772887813,-0.00733197720098,0.189718160213,-0.0013910092253
q00_from_e2k0,gamma_2,330,62.3863123843,62.3930971854,-0.00012693750012,-0.00678480113935,0.187804990922,-0.00127421951638
q00_from_e2k0,gamma_2,332,62.3870991365,62.3930947397,-0.000129383286122,-0.00599560317736,0.185911114547,-0.00111464926908
q00_from_e2k0,gamma_2,334,62.3881110668,62.3930940631,-0.000130059880902,-0.00498299622338,0.184036336534,-0.000917052369915
q00_from_e2k0,gamma_2,336,62.3893245324,62.3930951713,-0.00012895163055,-0.00377063890691,0.182180464291,-0.000686936746734
q00_from_e2k0,gamma_2,338,62.3907113295,62.3930980472,-0.000126075780173,-0.00238671766118,0.180343307166,-0.000430428556288
q00_from_e2k0,gamma_2,340,62.3922389615,62.3931026431,-0.000121479859999,-0.000863681554684,0.17852467643,-0.000154188470089
q00_from_e2k0,gamma_2,342,62.3938711963,62.3931088846,-0.000115238322515,0.000762311633061,0.176724385259,0.000134719054729
q00_from_e2k0,gamma_2,344,62.3955688453,62.3931166743,-0.000107448674655,0.00245217098252,0.174942248712,0.000428988305909
q00_from_e2k0,gamma_2,346,62.3972903922,62.3931258958,-9.82271347638e-05,0.00416449640431,0.173178083712,0.000721199506927
q00_from_e2k0,gamma_2,348,62.3989931102,62.3931364189,-8.77040275782e-05,0.00585669127173,0.17143170903,0.00100402259398
q00_from_e2k0,gamma_2,350,62.4006342093,62.3931481029,-7.60200780121e-05,0.00748610645924,0.169702945263,0.00127041431469
q00_from_e2k0,gamma_2,352,62.4021718595,62.3931607988,-6.33241392478e-05,0.00901106073634,0.167991614818,0.00151378264432
q00_from_e2k0,gamma_2,354,62.4035661893,62.3931743508,-4.97721743642e-05,0.0103918385176,0.166297541892,0.00172813720121
q00_from_e2k0,gamma_2,356,62.4047802932,62.3931885964,-3.55265487073e-05,0.0115916967804,0.164620552456,0.0019082315279
q00_from_e2k0,gamma_2,358,62.4057809544,62.393203369,-2.07539120964e-05,0.0125775853289,0.162960474236,0.00204964926995
q00_from_e2k0,gamma_2,360,62.4065394578,62.3932185008,-5.62216695243e-06,0.0133209570395,0.161317136694,0.00214889864764
q00_from_e2k0,gamma_2,362,62.4070324802,62.393233824,9.70109461207e-06,0.0137986561796,0.159690371013,0.00220351252479
q00_from_e2k0,gamma_2,364,62.4072426962,62.393249171,2.50480541268e-05,0.0139935251493,0.158080010077,0.00221209659662
q00_from_e2k0,gamma_2,366,62.4071593365,62.393264373,4.02500794294e-05,0.0138949634685,0.156485888457,0.00217436570344
q00_from_e2k0,gamma_2,368,62.4067789008,62.3932792615,5.51385345204e-05,0.0134996392767,0.154907842391,0.00209119999341
q00_from_e2k0,gamma_2,370,62.4061051565,62.3932936679,6.95449013506e-05,0.0128114886719,0.153345709769,0.00196458682359
q00_from_e2k0,gamma_2,372,62.405149477,62.3933074235,8.33005139569e-05,0.0118420535305,0.151799330115,0.00179761579311
q00_from_e2k0,gamma_2,374,62.4039311058,62.3933203595,9.62365065931e-05,0.0106107463644,0.150268544572,0.001594461413
q00_from_e2k0,gamma_2,376,62.4024764223,62.3933323076,0.000108184698064,0.00914411463955,0.148753195885,0.00136021627617
q00_from_e2k0,gamma_2,378,62.4008185948,62.3933431032,0.000118980279254,0.00747549152237,0.147253128384,0.00110078951288
q00_from_e2k0,gamma_2,380,62.3989968973,62.3933525871,0.000128464139138,0.00564431024975,0.14576818797,0.000822760877448
q00_from_e2k0,gamma_2,382,62.397055347,62.3933606089,0.000136485983845,0.00369473806916,0.144298222098,0.000533144134496
q00_from_e2k0,gamma_2,384,62.3950414142,62.3933670316,0.000142908672679,0.00167438259109,0.142843079759,0.000239173966006
q00_from_e2k0,gamma_2,386,62.3930047386,62.3933717347,0.000147611790055,-0.000366996142887,0.141402611469,-5.18942130034e-05
q00_from_e2k0,gamma_2,388,62.3909952885,62.3933746192,0.000150496213635,-0.00237933062506,0.139976669252,-0.000333050775946
q00_from_e2k0,gamma_2,390,62.3890618424,62.3933756119,0.000151488903356,-0.00431376945325,0.138565106622,-0.000597737924233
q00_from_e2k0,gamma_2,392,62.3872510162,62.3933746679,0.000150544995378,-0.00612365175775,0.137167778572,-0.000839967708359
q00_from_e2k0,gamma_2,394,62.3856057216,62.3933717718,0.000147648854181,-0.00776605024024,0.135784541556,-0.00105450957157
q00_from_e2k0,gamma_2,396,62.384164132,62.3933669387,0.00014281571778,-0.00920280668085,0.134415253477,-0.00123699759271
q00_from_e2k0,gamma_2,398,62.3829585564,62.3933602157,0.000136092786306,-0.0104016593515,0.133059773669,-0.00138404243909
q00_from_e2k0,gamma_2,400,62.3820144435,62.3933516828,0.000127559898687,-0.0113372393967,0.131717962887,-0.00149331807809
q00_from_e2k0,gamma_2,402,62.3813499759,62.3933414517,0.000117328775147,-0.0119914757893,0.130389683288,-0.00156356473033
q00_from_e2k0,gamma_2,404,62.3809757359,62.3933296637,0.000105540797307,-0.0123539278008,0.12907479842,-0.00159458074058
q00_from_e2k0,gamma_2,406,62.3808940304,62.3933164884,9.23654086762e-05,-0.0124224579775,0.127773173207,-0.00158725687482
q00_from_e2k0,gamma_2,408,62.3810989113,62.393302121,7.79980019772e-05,-0.0122032096387,0.126484673936,-0.00154351899212
q00_from_e2k0,gamma_2,410,62.3815765887,62.3932867787,6.265578957e-05,-0.0117101900216,0.125209168239,-0.00146622315253
q00_from_e2k0,gamma_2,412,62.3823057777,62.3932706957,4.6572757995e-05,-0.0109649180535,0.123946525088,-0.0013590634906
q00_from_e2k0,gamma_2,414,62.3832585885,62.3932541184,2.99954060665e-05,-0.00999552984719,0.122696614772,-0.0012264176751
q00_from_e2k0,gamma_2,416,62.3844014871,62.3932373011,1.31781883539e-05,-0.0088358139964,0.121459308889,-0.00107319186148
q00_from_e2k0,gamma_2,418,62.3856965432,62.3932205004,-3.62254110087e-06,-0.00752395723229,0.120234480335,-0.000904639087886
q00_from_e2k0,gamma_2,420,62.3871027774,62.3932039686,-2.0154369814e-05,-0.00610119119284,0.119022003283,-0.000726175998184
q00_from_e2k0,gamma_2,422,62.3885774362,62.3931879488,-3.61741908605e-05,-0.00461051256547,0.117821753178,-0.000543218673513
q00_from_e2k0,gamma_2,424,62.3900774842,62.3931726692,-5.1453743481e-05,-0.00309518500787,0.11663360672,-0.000361002590933
q00_from_e2k0,gamma_2,426,62.3915607776,62.3931583384,-6.57845505287e-05,-0.00159756083551,0.115457441852,-0.000184450287271
q00_from_e2k0,gamma_2,428,62.392987155,62.3931451408,-7.89821438474e-05,-0.000157985772617,0.11429313775,-1.80566896723e-05
q00_from_e2k0,gamma_2,430,62.3943194981,62.3931332325,-9.08904927286e-05,0.00118626568316,0.113140574805,0.000134214781264
q00_from_e2k0,gamma_2,432,62.395524299,62.3931227377,-0.000101385266333,0.00240156135998,0.111999634617,0.000268973994829
q00_from_e2k0,gamma_2,434,62.3965719912,62.3931137473,-0.000110375638485,0.00345824385376,0.110870199979,0.000383416187643
q00_from_e2k0,gamma_2,436,62.3974374477,62.393106317,-0.00011780591911,0.00433113068507,0.109752154866,0.000475350925691
q00_from_e2k0,gamma_2,438,62.3981003348,62.3931004675,-0.000123655406277,0.00499986726069,0.108645384422,0.000543212500595
q00_from_e2k0,gamma_2,440,62.3985454342,62.3930961866,-0.000127936301467,0.00544924758087,0.107549774951,0.000586065350973
q00_from_e2k0,gamma_2,442,62.398763184,62.3930934297,-0.000130693279964,0.0056697543469,0.106465213902,0.000603631609315
q00_from_e2k0,gamma_2,444,62.398749927,62.3930921187,-0.000132004250261,0.00565780833497,0.105391589861,0.000596285415551
q00_from_e2k0,gamma_2,446,62.3985080013,62.3930921445,-0.000131978422985,0.00541585675361,0.104328792535,0.000565029795648
q00_from_e2k0,gamma_2,448,62.3980459733,62.393093371,-0.000130751997631,0.00495260235098,0.103276712745,0.000511488490343
q00_from_e2k0,gamma_2,450,62.3973785032,62.3930956399,-0.000128483076736,0.00428286334221,0.102235242413,0.000437859572012
q00_from_e2k0,gamma_2,452,62.3965262012,62.3930987773,-0.000125345639219,0.00342742390727,0.101204274549,0.000346869950108
q00_from_e2k0,gamma_2,454,62.3955154233,62.3931026004,-0.000121522506376,0.00241282282583,0.100183703245,0.000241725525965
q00_from_e2k0,gamma_2,456,62.3943775247,62.3931069254,-0.000117197573523,0.00127059927473,0.0991734236576,0.000126009680171
q00_from_e2k0,gamma_2,458,62.3931480425,62.3931115755,-0.000112547476192,3.64669972583e-05,0.0981733320033,3.58008662901e-06
q00_from_e2k0,gamma_2,460,62.3918656996,62.3931163897,-0.000107733275399,-0.00125069004282,0.097183325544,-0.000121546217586
q00_from_e2k0,gamma_2,462,62.3905708219,62.3931212301,-0.000102892854514,-0.00255040817716,0.0962033025779,-0.000245357689564
q00_from_e2k0,gamma_2,464,62.3893041753,62.3931259886,-9.81343897735e-05,-0.0038218132792,0.0952331624287,-0.000363963364791
q00_from_e2k0,gamma_2,466,62.3881059792,62.3931305916,-9.35313720518e-05,-0.00502461232885,0.0942728054354,-0.000473684300466
q00_from_e2k0,gamma_2,468,62.3870142803,62.3931350035,-8.91194164154e-05,-0.0061207232603,0.0933221329421,-0.0005711989498
q00_from_e2k0,gamma_2,470,62.3860637481,62.393139228,-8.48949665624e-05,-0.00707547992285,0.0923810472875,-0.000653640245335
q00_from_e2k0,gamma_2,472,62.3852847366,62.3931433073,-8.08156623791e-05,-0.00785857071554,0.0914494517955,-0.000718661983833
q00_from_e2k0,gamma_2,474,62.3847022646,62.3931473212,-7.68017730479e-05,-0.00844505659636,0.0905272507647,-0.00076450775622
q00_from_e2k0,gamma_2,476,62.3843356294,62.3931513829,-7.27400827074e-05,-0.00881575344356,0.0896143494587,-0.000790018009833
q00_from_e2k0,gamma_2,478,62.3841980079,62.3931556339,-6.84890862033e-05,-0.00895762596162,0.0887106540966,-0.000794636858208
q00_from_e2k0,gamma_2,480,62.3842959704,62.3931602386,-6.38843167309e-05,-0.00886426822326,0.0878160718433,-0.000778425215132
q00_from_e2k0,gamma_2,482,62.3846296026,62.393165377,-5.8745970037e-05,-0.00853577433917,0.0869305107995,-0.000742019223373
q00_from_e2k0,gamma_2,484,62.3851926155,62.3931712342,-5.28887082183e-05,-0.00797861874766,0.0860538799931,-0.000686591100223
q00_from_e2k0,gamma_2,486,62.3859722701,62.3931779919,-4.61310359938e-05,-0.00720572178643,0.0851860893691,-0.000613827260068
q00_from_e2k0,gamma_2,488,62.3869500589,62.3931858183,-3.83046190962e-05,-0.00623575945193,0.0843270497807,-0.000525843197723
q00_from_e2k0,gamma_2,490,62.3881022855,62.3931948578,-2.92651432972e-05,-0.00509257228612,0.0834766729801,-0.000425110991356
q00_from_e2k0,gamma_2,492,62.389400541,62.3932052194,-1.89035839782e-05,-0.00380467839075,0.0826348716094,-0.000314399110335
q00_from_e2k0,gamma_2,494,62.3908128885,62.3932169686,-7.1543307314e-06,-0.00240408008232,0.0818015591916,-0.000196657499155
q00_from_e2k0,gamma_2,496,62.3923047269,62.3932301236,6.00061603961e-06,-0.000925396621739,0.0809766501218,-7.49355184624e-05
q00_from_e2k0,gamma_2,498,62.3938394167,62.3932446519,2.05289549484e-05,0.000594764759526,0.0801600596584,4.76763786063e-05
q00_from_e2k0,gamma_2,500,62.3953798095,62.3932604693,3.63463141184e-05,0.00211934020921,0.0793517039143,0.000168173256775
q00_from_e2k0,gamma_2,502,62.3968894744,62.3932774403,5.33173926272e-05,0.003612034094,0.0785514998484,0.000283730695588
q00_from_e2k0,gamma_2,504,62.3983335683,62.3932953816,7.12586114346e-05,0.00503818673784,0.077759365257,0.000391766202781
q00_from_e2k0,gamma_2,506,62.3996799223,62.3933140637,8.99407824022e-05,0.00636585855565,0.0769752187652,0.00049001335495
q00_from_e2k0,gamma_2,508,62.4008994565,62.3933332167,0.000109093707337,0.00756623987459,0.076198979819,0.00057653975951
q00_from_e2k0,gamma_2,510,62.4019666862,62.3933525372,0.000128414202379,0.00861414901706,0.0754305686765,0.00064977015902
q00_from_e2k0,gamma_2,512,62.4028603615,62.3933716989,0.00014757594483,0.00948866256673,0.0746699063999,0.000708517545718
q00_from_e2k0,gamma_2,514,62.4035635832,62.3933903604,0.000166237480471,0.0101732227365,0.0739169148477,0.000751973238738
q00_from_e2k0,gamma_2,516,62.4040642869,62.3934081726,0.000184049671212,0.0106561142835,0.0731715166662,0.000779724043895
q00_from_e2k0,gamma_2,518,62.4043551179,62.3934247886,0.000200665610137,0.0109303293611,0.0724336352817,0.000791723490448
q00_from_e2k0,gamma_2,520,62.4044331533,62.3934398742,0.00021575123035,0.0109932790793,0.0717031948929,0.000788253232336
q00_from_e2k0,gamma_2,522,62.4043001234,62.3934531178,0.000228994801233,0.0108470056011,0.0709801204628,0.000769921764225
q00_from_e2k0,gamma_2,524,62.4039621404,62.3934642383,0.000240115377466,0.0104979020897,0.0702643377109,0.000737628137685
q00_from_e2k0,gamma_2,526,62.4034294241,62.3934729923,0.00024886934392,0.00995643181738,0.0695557731061,0.000692527312436
q00_from_e2k0,gamma_2,528,62.4027160549,62.3934791779,0.000255054913424,0.00923687704285,0.0688543538586,0.000635999200457
q00_from_e2k0,gamma_2,530,62.4018395005,62.3934826385,0.000258515579972,0.00835686195218,0.0681600079128,0.000569603776786
q00_from_e2k0,gamma_2,532,62.4008204736,62.3934832659,0.000259142970023,0.00733720768245,0.0674726639394,0.000495060948212
q00_from_e2k0,gamma_2,534,62.3996827812,62.3934810014,0.000256878456241,0.00620177976756,0.0667922513287,0.00041423083292
q00_from_e2k0,gamma_2,536,62.3984530943,62.3934758361,0.000251713158782,0.00497725816636,0.066118700183,0.000329089840435
q00_from_e2k0,gamma_2,538,62.3971607326,62.3934678098,0.000243686846872,0.00369292281265,0.0654519413095,0.000241708967194
q00_from_e2k0,gamma_2,540,62.395837336,62.3934570104,0.000232887480145,0.00238032557754,0.0647919062129,0.000154225831576
q00_from_e2k0,gamma_2,542,62.3945161789,62.3934435722,0.000219449243879,0.00107260669343,0.0641385270889,6.87954134626e-05
q00_from_e2k0,gamma_2,544,62.3932313568,62.3934276715,0.000203548588907,-0.000196314709406,0.063491736817,-1.24643618629e-05
q00_from_e2k0,gamma_2,546,62.3920167212,62.3934095229,0.000185399944058,-0.00139280171349,0.0628514689532,-8.75396336536e-05
q00_from_e2k0,gamma_2,548,62.3909048464,62.3933893745,0.000165251550378,-0.00248452807602,0.0622176577239,-0.00015458151744
q00_from_e2k0,gamma_2,550,62.3899257958,62.3933675048,0.000143381891249,-0.00344170903892,0.0615902380187,-0.000211975678898
q00_from_e2k0,gamma_2,552,62.3891062056,62.3933442163,0.000120093308055,-0.00423801061359,0.0609691453836,-0.000258387885237
q00_from_e2k0,gamma_2,554,62.3884686168,62.3933198249,9.57019263694e-05,-0.00485120808716,0.0603543160148,-0.000292791345946
q00_from_e2k0,gamma_2,556,62.3880307767,62.3932946528,7.05298777888e-05,-0.00526387608704,0.0597456867519,-0.000314493891797
q00_from_e2k0,gamma_2,558,62.3878044909,62.393269023,4.49000115452e-05,-0.00546453202985,0.0591431950711,-0.000323189883814
q00_from_e2k0,gamma_2,560,62.3877953185,62.3932432521,1.91291737366e-05,-0.00544793358701,0.0585467790797,-0.000318958964159
q00_from_e2k0,gamma_2,562,62.3880024387,62.3932176443,-6.4786184879e-06,-0.00521520566014,0.0579563775085,-0.000302254428023
q00_from_e2k0,gamma_2,564,62.3884181761,62.3931924849,-3.16380555105e-05,-0.00477430875018,0.0573719297067,-0.000273911306013
q00_from_e2k0,gamma_2,566,62.3890283821,62.3931680352,-5.60877639089e-05,-0.00413965308611,0.0567933756347,-0.000235104872717
q00_from_e2k0,gamma_2,568,62.3898126232,62.3931445289,-7.95940815976e-05,-0.00333190569889,0.0562206558586,-0.000187321923651
q00_from_e2k0,gamma_2,570,62.3907444619,62.3931221705,-0.00010195245342,-0.0023777085922,0.0556537115438,-0.000132328308125
q00_from_e2k0,gamma_2,572,62.391792499,62.3931011349,-0.000122988060106,-0.00130863587892,0.0550924844489,-7.20960018087e-05
q00_from_e2k0,gamma_2,574,62.3929212205,62.393081566,-0.000142556958295,-0.00016034548532,0.05453691692,-8.74474841138e-06
q00_from_e2k0,gamma_2,576,62.3940919351,62.3930635766,-0.000160546303171,0.00102835842924,0.0539869518845,5.55179370393e-05
q00_from_e2k0,gamma_2,578,62.3952641573,62.3930472492,-0.000176873759159,0.00221690808571,0.0534425328454,0.000118477183186
q00_from_e2k0,gamma_2,580,62.3963968038,62.3930326359,-0.000191487027685,0.00336416789138,0.0529036038752,0.000177976605495
q00_from_e2k0,gamma_2,582,62.3974496511,62.3930197604,-0.000204362569406,0.00442989074693,0.0523701096106,0.00023199386398
q00_from_e2k0,gamma_2,584,62.3983848131,62.3930086191,-0.000215503892683,0.00537619401462,0.0518419952466,0.000278712624551
q00_from_e2k0,gamma_2,586,62.3991679514,62.3929991844,-0.000224938540256,0.00616876696371,0.0513192065309,0.000316576225852
q00_from_e2k0,gamma_2,588,62.3997695882,62.3929914101,-0.000232712801562,0.00677817802935,0.0508016897581,0.000344342897372
q00_from_e2k0,gamma_2,590,62.4001662006,62.3929852366,-0.000238886345095,0.00718096402307,0.0502893917646,0.000361126313004
q00_from_e2k0,gamma_2,592,62.4003407352,62.3929805953,-0.000243527666171,0.00736013992808,0.0497822599227,0.000366404398968
q00_from_e2k0,gamma_2,594,62.4002834681,62.3929774137,-0.000246709246497,0.00730605443709,0.0492802421357,0.000360044131716
q00_from_e2k0,gamma_2,596,62.399991941,62.3929756204,-0.000248502573655,0.00701632064671,0.0487832868319,0.000342279182613
q00_from_e2k0,gamma_2,598,62.3994706418,62.3929751486,-0.000248974305038,0.00649549313023,0.0482913429599,0.000313676086446
q00_from_e2k0,gamma_2,600,62.3987310039,62.3929759389,-0.000248184010104,0.00575506492059,0.0478043599832,0.00027511719519
q00_from_e2k0,gamma_2,602,62.3977907167,62.3929779416,-0.000246181310303,0.00481277507682,0.0473222878746,0.000227751527661
q00_from_e2k0,gamma_2,604,62.3966729953,62.3929811194,-0.000243003599216,0.00369187592776,0.0468450771116,0.000172946212522
q00_from_e2k0,gamma_2,606,62.3954060982,62.3929854458,-0.000238677171303,0.00242065238293,0.0463726786713,0.000112252135128
q00_from_e2k0,gamma_2,608,62.3940222223,62.3929909045,-0.000233218433102,0.00103131782409,0.0459050440246,4.73426901184e-05
q00_from_e2k0,gamma_2,610,62.3925563827,62.3929974893,-0.000226633620535,-0.000441106663317,0.0454421251324,-2.00448241912e-05
q00_from_e2k0,gamma_2,612,62.3910458432,62.3930052031,-0.000218919807523,-0.00195935997969,0.0449838744396,-8.81396033082e-05
q00_from_e2k0,gamma_2,614,62.3895290272,62.3930140546,-0.000210068329146,-0.00348502739313,0.0445302448708,-0.000155189123198
q00_from_e2k0,gamma_2,616,62.3880445002,62.3930240541,-0.000200068879892,-0.00497955388242,0.0440811898255,-0.000219504659937
q00_from_e2k0,gamma_2,618,62.3866300922,62.3930352099,-0.000188913057229,-0.00640511764586,0.0436366631728,-0.000279497961295
q00_from_e2k0,gamma_2,620,62.3853215952,62.3930475256,-0.000176597373894,-0.00772593041042,0.0431966192472,-0.000333734074269
q00_from_e2k0,gamma_2,622,62.3841518454,62.3930609967,-0.000163126287035,-0.00890915127841,0.0427610128437,-0.000380964332242
q00_from_e2k0,gamma_2,624,62.3831499472,62.3930756072,-0.000148515769638,-0.00992565994979,0.0423297992131,-0.000420151192732
q00_from_e2k0,gamma_2,626,62.3823403203,62.3930913272,-0.000132795759484,-0.0107510068429,0.0419029340575,-0.000450498730791
q00_from_e2k0,gamma_2,628,62.3817422016,62.3931081114,-0.000116011588801,-0.0113659098078,0.0414803735257,-0.000471462184285
q00_from_e2k0,gamma_2,630,62.3813692718,62.3931258979,-9.82250564903e-05,-0.0117566261233,0.0410620742087,-0.000482751454321
q00_from_e2k0,gamma_2,632,62.381229426,62.3931446086,-7.95143690624e-05,-0.0119151825385,0.0406479931353,-0.00048432825803
q00_from_e2k0,gamma_2,634,62.3813249955,62.3931641501,-5.9972880166e-05,-0.0118391545673,0.0402380877675,-0.000476384940573
q00_from_e2k0,gamma_2,636,62.381652775,62.3931844155,-3.97074380203e-05,-0.0115316404637,0.0398323159964,-0.000459331946908
q00_from_e2k0,gamma_2,638,62.3822042536,62.3932052864,-1.88365796276e-05,-0.0110010327671,0.0394306361377,-0.000433777720179
q00_from_e2k0,gamma_2,640,62.3829660973,62.3932266348,2.51185586819e-06,-0.0102605374739,0.0390330069275,-0.0004004996303
q00_from_e2k0,gamma_2,642,62.3839203488,62.3932483264,2.42034768476e-05,-0.00932797762748,0.0386393875179,-0.000360427342306
q00_from_e2k0,gamma_2,644,62.3850448581,62.3932702234,4.61004091648e-05,-0.00822536526191,0.0382497374729,-0.000314618061887
q00_from_e2k0,gamma_2,646,62.386313885,62.3932921864,6.8063474302e-05,-0.00697830143471,0.0378640167646,-0.000264226522512
q00_from_e2k0,gamma_2,648,62.3876984323,62.3933140765,8.99535059986e-05,-0.00561564414185,0.0374821857682,-0.000210486616933
q00_from_e2k0,gamma_2,650,62.3891670812,62.3933357549,0.000111631941714,-0.00416867364592,0.0371042052591,-0.000154675322616
q00_from_e2k0,gamma_2,652,62.3906867554,62.3933570828,0.000132959808454,-0.0026703273131,0.0367300364077,-9.80812194307e-05
q00_from_e2k0,gamma_2,654,62.3922232506,62.3933779191,0.000153796150485,-0.00115466852501,0.0363596407763,-4.19833327851e-05
q00_from_e2k0,gamma_2,656,62.3937419127,62.3933981205,0.000173997581925,0.000343792191032,0.0359929803147,1.23741055642e-05
q00_from_e2k0,gamma_2,658,62.3952082451,62.3934175428,0.000193419867067,0.00179070223358,0.0356300173565,6.38027516627e-05
q00_from_e2k0,gamma_2,660,62.3965885964,62.3934360429,0.000211919984579,0.00315255350309,0.035270714615,0.000111192814916
q00_from_e2k0,gamma_2,662,62.3978511757,62.3934534805,0.000229357570895,0.00439769516532,0.0349150351797,0.000153545681407
q00_from_e2k0,gamma_2,664,62.3989669213,62.3934697186,0.00024559562678,0.00549720270774,0.0345629425121,0.000189999501165
q00_from_e2k0,gamma_2,666,62.3999103423,62.393484623,0.000260500090313,0.00642571928127,0.0342144004422,0.000219852132619
q00_from_e2k0,gamma_2,668,62.4006603734,62.3934980617,0.000273938771869,0.00716231171085,0.033869373165,0.000242583008059
q00_from_e2k0,gamma_2,670,62.4012008945,62.3935099035,0.000285780515703,0.00769099098515,0.0335278252362,0.000257862201644
q00_from_e2k0,gamma_2,672,62.4015212355,62.3935200179,0.000295894927362,0.00800121763021,0.0331897215693,0.000265558185362
q00_from_e2k0,gamma_2,674,62.4016166639,62.3935282753,0.000304152314413,0.00808838866649,0.0328550274312,0.000265744231512
q00_from_e2k0,gamma_2,676,62.4014885875,62.393534547,0.00031042407624,0.0079540405142,0.0325237084394,0.000258694894599
q00_from_e2k0,gamma_2,678,62.4011445789,62.3935387067,0.000314583703414,0.0076058722055,0.0321957305581,0.000244876612188
q00_from_e2k0,gamma_2,680,62.4005983109,62.3935406309,0.000316507920161,0.00705768003633,0.0318710600945,0.000224935744565
q00_from_e2k0,gamma_2,682,62.3998690501,62.3935402018,0.000316078830046,0.00632884836758,0.0315496636958,0.000199673037579
q00_from_e2k0,gamma_2,684,62.3989810874,62.3935373106,0.000313187628386,0.00544377680474,0.0312315083453,0.000170017360707
q00_from_e2k0,gamma_2,686,62.3979630938,62.393531862,0.000307739099583,0.00443123175339,0.0309165613596,0.000136998448402
q00_from_e2k0,gamma_2,688,62.3968471311,62.3935237805,0.000299657516692,0.00332335059596,0.0306047903845,0.000101710448364
q00_from_e2k0,gamma_2,690,62.3956677451,62.3935130161,0.000288893146553,0.00215472902133,0.0302961633923,6.52800224964e-05
q00_from_e2k0,gamma_2,692,62.3944609806,62.3934995507,0.000275427779144,0.000961429874131,0.0299906486783,2.88339055839e-05
q00_from_e2k0,gamma_2,694,62.3932633628,62.3934834027,0.000259279732482,-0.000220039852309,0.0296882148574,-6.53259041253e-06
q00_from_e2k0,gamma_2,696,62.3921108629,62.3934646315,0.000240508517933,-0.00135376853977,0.029388830861,-3.97856746401e-05
q00_from_e2k0,gamma_2,698,62.3910378204,62.3934433416,0.000219218614504,-0.00240552111532,0.0290924659339,-6.99825411008e-05
q00_from_e2k0,gamma_2,700,62.3900759354,62.3934196845,0.000195561600307,-0.00334374918027,0.028799089631,-9.62969323462e-05
q00_from_e2k0,gamma_2,702,62.3892535354,62.393393859,0.000169736041244,-0.00414032362995,0.0285086718141,-0.00011803512757
q00_from_e2k0,gamma_2,704,62.3885947676,62.3933661085,0.000141985522831,-0.00477134092093,0.0282211826491,-0.000134652883611
q00_from_e2k0,gamma_2,706,62.3881189267,62.3933367184,0.000112595460486,-0.00521779175272,0.0279365926027,-0.000145767322481
q00_from_e2k0,gamma_2,708,62.387839881,62.3933060116,8.18886791478e-05,-0.00546613066291,0.0276548724394,-0.00015116514622
q00_from_e2k0,gamma_2,710,62.3877656439,62.3932743427,5.02197102108e-05,-0.00550869871625,0.0273759932184,-0.000150806098698
q00_from_e2k0,gamma_2,712,62.3878982963,62.3932420912,1.79682443928e-05,-0.00534379490938,0.027099926291,-0.000144816448159
q00_from_e2k0,gamma_2,714,62.3882340484,62.3932096546,-1.44683517931e-05,-0.00497560618875,0.0268266432973,-0.000133478812414
q00_from_e2k0,gamma_2,716,62.3887633457,62.3931774395,-4.66834787431e-05,-0.00441409376734,0.0265561161633,-0.000117221186841
q00_from_e2k0,gamma_2,718,62.3894712435,62.3931458526,-7.82703204294e-05,-0.00367460916088,0.0262883170981,-9.65992908329e-05
q00_from_e2k0,gamma_2,720,62.3903378912,62.3931152921,-0.00010883088823,-0.0027774008569,0.0260232185912,-7.22769096145e-05
q00_from_e2k0,gamma_2,722,62.3913390984,62.3930861384,-0.000137984564574,-0.00174703996151,0.0257607934094,-4.50051355266e-05
q00_from_e2k0,gamma_2,724,62.3924470977,62.3930587462,-0.000165376793973,-0.000611648497639,0.0255010145942,-1.55976572648e-05
q00_from_e2k0,gamma_2,726,62.3936314562,62.3930334352,-0.00019068776075,0.000598021057428,0.0252438554589,1.50963571351e-05
q00_from_e2k0,gamma_2,728,62.3948599432,62.3930104837,-0.000213639286017,0.00184945956862,0.024989289586,4.6216680738e-05
q00_from_e2k0,gamma_2,730,62.3960994143,62.3929901232,-0.000233999772547,0.00310929114821,0.0247372908242,7.69154393904e-05
q00_from_e2k0,gamma_2,732,62.3973167476,62.3929725353,-0.000251587621577,0.00434421230334,0.0244878332862,0.000106380346644
q00_from_e2k0,gamma_2,734,62.3984796709,62.3929578497,-0.000266273246822,0.00552182115944,0.0242408913455,0.000133853866755
q00_from_e2k0,gamma_2,736,62.3995576089,62.3929461428,-0.000277980169756,0.00661146613329,0.0239964396342,0.000158651647961
q00_from_e2k0,gamma_2,738,62.4005224645,62.392937438,-0.000286684940022,0.00758502650551,0.0237544530402,0.000180178155934
q00_from_e2k0,gamma_2,740,62.4013493764,62.3929317073,-0.000292415615505,0.00841766905708,0.0235149067045,0.000197940702546
q00_from_e2k0,gamma_2,742,62.4020172932,62.3929288738,-0.000295249159421,0.00908841941603,0.0232777760189,0.000211558191532
q00_from_e2k0,gamma_2,744,62.4025094037,62.3929288156,-0.000295307299851,0.00958058807639,0.0230430366233,0.000220765841917
q00_from_e2k0,gamma_2,746,62.4028135074,62.3929313722,-0.000292750706265,0.00988213517498,0.0228106644033,0.000225418069065
q00_from_e2k0,gamma_2,748,62.4029222316,62.3929363511,-0.000287771831772,0.00998588046003,0.0225806354877,0.000225487526692
q00_from_e2k0,gamma_2,750,62.4028330553,62.3929435365,-0.000280586417603,0.00988951880166,0.022352926246,0.000221059684382
q00_from_e2k0,gamma_2,752,62.4025483137,62.3929526979,-0.000271425067297,0.00959561586725,0.0221275132859,0.000212327117589
q00_from_e2k0,gamma_2,754,62.4020752356,62.3929635974,-0.000260525550658,0.00911163823402,0.0219043734512,0.00019958472663
q00_from_e2k0,gamma_2,756,62.4014254358,62.3929759973,-0.000248125617404,0.00844943850387,0.0216834838189,0.000183213263078
q00_from_e2k0,gamma_2,758,62.4006144403,62.3929896658,-0.000234457175722,0.00762477452798,0.0214648216975,0.000163664425727
q00_from_e2k0,gamma_2,760,62.3996614013,62.3930043808,-0.000219742151955,0.00665702045356,0.0212483646242,0.000141450797908
q00_from_e2k0,gamma_2,762,62.3985883246,62.3930199344,-0.0002041885447,0.00556839023418,0.0210340903625,0.00011712602336
q00_from_e2k0,gamma_2,764,62.397419733,62.3930361364,-0.000187986573415,0.00438359657812,0.0208219769006,9.12751466909e-05
q00_from_e2k0,gamma_2,766,62.396182504,62.3930528168,-0.000171306124244,0.00312968715146,0.0206120024482,6.45091192278e-05
q00_from_e2k0,gamma_2,768,62.3949049693,62.3930698283,-0.000154294619009,0.00183514096854,0.020404145435,3.74444832158e-05
q00_from_e2k0,gamma_2,770,62.3936164546,62.3930870477,-0.000137075227187,0.000529406926972,0.0201983845082,1.06931646723e-05
q00_from_e2k0,gamma_2,772,62.3923467441,62.3931043765,-0.00011974640033,-0.000757632400322,0.0199946985304,-1.51486314413e-05
q00_from_e2k0,gamma_2,774,62.3911252191,62.3931217403,-0.000102382645061,-0.00199652118504,0.019793066577,-3.9517276738e-05
q00_from_e2k0,gamma_2,776,62.3899802611,62.3931390866,-8.50363509102e-05,-0.00315882554364,0.0195934679349,-6.18923470012e-05
q00_from_e2k0,gamma_2,778,62.3889385625,62.3931563824,-6.77405561831e-05,-0.00421781986085,0.0193958820995,-8.18083367381e-05
q00_from_e2k0,gamma_2,780,62.3880240301,62.3931736106,-5.05123501497e-05,-0.00514958045166,0.0192002887732,-9.88734317329e-05
q00_from_e2k0,gamma_2,782,62.3872572071,62.3931907664,-3.33565872737e-05,-0.00593355925927,0.019006667863,-0.000112777190086
q00_from_e2k0,gamma_2,784,62.3866546387,62.3932078535,-1.62694051653e-05,-0.00655321486892,0.0188149994784,-0.00012329873434
q00_from_e2k0,gamma_2,786,62.3862281871,62.3932248813,7.58310093829e-07,-0.00699669412617,0.0186252639297,-0.000130315274735
q00_from_e2k0,gamma_2,788,62.3859849187,62.393241859,1.77360216611e-05,-0.00725694028017,0.0184374417256,-0.000133799413522
q00_from_e2k0,gamma_2,790,62.3859269898,62.3932587912,3.46682186176e-05,-0.00733180134614,0.0182515135715,-0.000133816471773
q00_from_e2k0,gamma_2,792,62.3860514599,62.3932756732,5.15502171226e-05,-0.00722421324515,0.0180674603673,-0.000130523186491
q00_from_e2k0,gamma_2,794,62.386350782,62.393292487,6.83640272712e-05,-0.00694170499115,0.0178852632054,-0.000124154220861
q00_from_e2k0,gamma_2,796,62.3868130514,62.3933091974,8.5074407167e-05,-0.00649614590937,0.0177049033689,-0.000115013635596
q00_from_e2k0,gamma_2,798,62.3874220045,62.3933257493,0.000101626393125,-0.00590374483814,0.01752636233,-0.000103471171137
q00_from_e2k0,gamma_2,800,62.3881576899,62.393342068,0.000117945092029,-0.00518437818345,0.0173496217472,-8.99470004771e-05
q00_from_e2k0,gamma_2,802,62.388996717,62.3933580577,0.000133934735985,-0.00436134067795,0.0171746634642,-7.49045583966e-05
q00_from_e2k0,gamma_2,804,62.3899128236,62.3933735992,0.000149476239145,-0.00346077555262,0.017001469508,-5.88382700319e-05
q00_from_e2k0,gamma_2,806,62.390877439,62.3933885505,0.000164427534301,-0.00251111147047,0.0168300220865,-4.22620615097e-05
q00_from_e2k0,gamma_2,808,62.3918598185,62.3934027503,0.000178627336496,-0.00154293181579,0.0166603035873,-2.57057124655e-05
q00_from_e2k0,gamma_2,810,62.3928279706,62.3934160226,0.000191899699132,-0.000588052071819,0.0164922965753,-9.69832917016e-06
q00_from_e2k0,gamma_2,812,62.3937498504,62.3934281812,0.000204058258582,0.00032166922044,0.0163259837915,5.25156647914e-06
q00_from_e2k0,gamma_2,814,62.3945941661,62.3934390335,0.000214910563983,0.00115513256222,0.0161613481509,1.86684994984e-05
q00_from_e2k0,gamma_2,816,62.3953316539,62.3934483857,0.000224262783163,0.00188326816095,0.0159983727406,3.01292260094e-05
q00_from_e2k0,gamma_2,818,62.3959360846,62.3934560488,0.000231925820543,0.002480035847,0.0158370408185,3.92764289403e-05
q00_from_e2k0,gamma_2,820,62.3963851595,62.3934618459,0.000237723000069,0.0029233135015,0.0156773358112,4.58297674444e-05
q00_from_e2k0,gamma_2,822,62.3966618732,62.3934656208,0.000241497801696,0.00319625245722,0.0155192413124,4.96034131789e-05
q00_from_e2k0,gamma_2,824,62.3967553889,62.3934672426,0.00024311966763,0.00328814626662,0.0153627410813,5.05149397316e-05
q00_from_e2k0,gamma_2,826,62.3966616391,62.3934666109,0.000242487936809,0.00319502818353,0.015207819041,4.8589410446e-05
q00_from_e2k0,gamma_2,828,62.3963835332,62.3934636581,0.000239535163139,0.00291987509001,0.0150544592764,4.39571406347e-05
q00_from_e2k0,gamma_2,830,62.3959307845,62.3934583527,0.00023422971428,0.00247243179015,0.0149026460332,3.684577581e-05
q00_from_e2k0,gamma_2,832,62.3953194552,62.3934507006,0.000226577648604,0.00186875463335,0.0147523637159,2.7568548047e-05
q00_from_e2k0,gamma_2,834,62.394571047,62.3934407473,0.000216624319279,0.00113029976576,0.0146035968862,1.65064421396e-05
q00_from_e2k0,gamma_2,836,62.3937111199,62.3934285791,0.000204456114503,0.000282540790501,0.0144563302614,4.08450297979e-06
q00_from_e2k0,gamma_2,838,62.3927682755,62.3934143252,0.000190202233682,-0.000646049659139,0.0143105487131,-9.24532511821e-06
q00_from_e2k0,gamma_2,840,62.3917730613,62.3933981575,0.000174034569696,-0.00162509625054,0.0141662372655,-2.30214990644e-05
q00_from_e2k0,gamma_2,842,62.3907568874,62.3933802867,0.000156163771578,-0.00262339935848,0.0140233810935,-3.67889289645e-05
q00_from_e2k0,gamma_2,844,62.3897510918,62.3933609561,0.000136833159537,-0.00360986434159,0.0138819655219,-5.01120123288e-05
q00_from_e2k0,gamma_2,846,62.3887857268,62.3933404346,0.000116311637179,-0.00455470776581,0.0137419760232,-6.25906849105e-05
q00_from_e2k0,gamma_2,848,62.387889061,62.3933190081,9.4885118358e-05,-0.00542994709041,0.0136033982165,-7.38657325653e-05
q00_from_e2k0,gamma_2,850,62.3870870813,62.3932969703,7.28473757192e-05,-0.00620988902047,0.0134662178659,-8.36237184727e-05
q00_from_e2k0,gamma_2,852,62.3864024865,62.3932746141,5.0491117193e-05,-0.00687212753957,0.0133304208791,-9.16083524374e-05
q00_from_e2k0,gamma_2,854,62.3858549181,62.3932522229,2.80999239308e-05,-0.00739730475603,0.0131959933059,-9.76147840423e-05
q00_from_e2k0,gamma_2,856,62.3854605057,62.3932300639,5.94094574069e-06,-0.00776955815795,0.0130629213367,-0.000101493127038
q00_from_e2k0,gamma_2,858,62.3852313978,62.3932083812,-1.57417676832e-05,-0.00797698333422,0.0129311913013,-0.000103151897502
q00_from_e2k0,gamma_2,860,62.3851760016,62.3931873916,-3.67313539087e-05,-0.00801138996383,0.0128007896673,-0.000102552117869
q00_from_e2k0,gamma_2,862,62.3852983106,62.3931672836,-5.68393734568e-05,-0.00786897293482,0.0126717030386,-9.97132882487e-05
q00_from_e2k0,gamma_2,864,62.3855977162,62.3931482172,-7.59057675026e-05,-0.00755050095731,0.0125439181544,-9.47128660333e-05
q00_from_e2k0,gamma_2,866,62.3860693233,62.3931303262,-9.37967725676e-05,-0.00706100286249,0.0124174218876,-8.76794514932e-05
q00_from_e2k0,gamma_2,868,62.3867040811,62.393113721,-0.000110401958196,-0.00640963985425,0.0122922012434,-7.87885829863e-05
q00_from_e2k0,gamma_2,870,62.3874885555,62.3930984892,-0.000125633726832,-0.00560993374101,0.0121682433581,-6.82630389834e-05
q00_from_e2k0,gamma_2,872,62.3884049233,62.393084696,-0.000139426976915,-0.00467977263602,0.0120455354977,-5.63703674082e-05
q00_from_e2k0,gamma_2,874,62.3894312894,62.3930723874,-0.000151735550077,-0.00364109796828,0.0119240650565,-4.34166890508e-05
q00_from_e2k0,gamma_2,876,62.3905424512,62.3930615958,-0.000162527177118,-0.00251914460742,0.0118038195562,-2.97355283818e-05
q00_from_e2k0,gamma_2,878,62.391710407,62.3930523436,-0.000171779330188,-0.00134193662126,0.011684786644,-1.56802431092e-05
q00_from_e2k0,gamma_2,880,62.3929056895,62.3930446465,-0.000179476473235,-0.000138956939708,0.011566954092,-1.60730854236e-06
q00_from_e2k0,gamma_2,882,62.3940978567,62.3930385148,-0.000185608192353,0.00105934190118,0.0114503097953,1.21297929476e-05
q00_from_e2k0,gamma_2,884,62.3952568621,62.393033956,-0.000190166941756,0.0022229061321,0.0113348417712,2.51962892797e-05
q00_from_e2k0,gamma_2,886,62.3963544916,62.3930309764,-0.000193146527039,0.00332351516775,0.011220538158,3.72916287585e-05
q00_from_e2k0,gamma_2,888,62.397364586,62.3930295805,-0.0001945424046,0.0043350054915,0.0111073872134,4.81505845663e-05
q00_from_e2k0,gamma_2,890,62.3982641669,62.393029772,-0.00019435091837,0.00523439485236,0.0109953773135,5.75541464097e-05
q00_from_e2k0,gamma_2,892,62.3990344079,62.3930315547,-0.000192568249673,0.00600285321687,0.0108844969518,6.53380375413e-05
q00_from_e2k0,gamma_2,894,62.3996607797,62.3930349317,-0.000189191270991,0.00662584800876,0.0107747347377,7.13917547068e-05
q00_from_e2k0,gamma_2,896,62.4001333993,62.3930399034,-0.0001842195827,0.00709349596121,0.0106660793955,7.56597911137e-05
q00_from_e2k0,gamma_2,898,62.4004472472,62.3930464634,-0.000177659592339,0.00740078388423,0.0105585197631,7.81413229042e-05
q00_from_e2k0,gamma_2,900,62.4006018111,62.3930545943,-0.000169528612687,0.00754721671406,0.0104520447912,7.88838471444e-05
q00_from_e2k0,gamma_2,902,62.4006008148,62.3930642652,-0.00015985770699,0.00753654953343,0.0103466435418,7.79779915574e-05
q00_from_e2k0,gamma_2,904,62.4004522244,62.3930754267,-0.000148696235215,0.00737679772749,0.0102423051871,7.55554136281e-05
q00_from_e2k0,gamma_2,906,62.400168196,62.3930880063,-0.000136116642921,0.00708018973467,0.0101390190086,7.1786178304e-05
q00_from_e2k0,gamma_2,908,62.3997645008,62.3931019062,-0.000122216762989,0.00666259463168,0.0100367743958,6.68709592091e-05
q00_from_e2k0,gamma_2,910,62.3992600002,62.3931170023,-0.000107120636514,0.00614299786577,0.00993556084549,6.1034129069e-05
q00_from_e2k0,gamma_2,912,62.3986762699,62.3931331443,-9.09786245273e-05,0.00554312558255,0.00983536795998,5.45186797527e-05
q00_from_e2k0,gamma_2,914,62.398036672,62.3931501569,-7.39660132467e-05,0.00488651506205,0.00973618544665,4.7576016832e-05
q00_from_e2k0,gamma_2,916,62.3973653429,62.393167844,-5.62789347143e-05,0.00419749883556,0.00963800311664,4.04555068592e-05
q00_from_e2k0,gamma_2,918,62.39668645,62.3931859951,-3.81278634194e-05,0.00350045487735,0.00954081088382,3.33971779922e-05
q00_from_e2k0,gamma_2,920,62.3960234318,62.3932043906,-1.97323332429e-05,0.00281904114756,0.0094445987638,2.66247125374e-05
q00_from_e2k0,gamma_2,922,62.3953981119,62.3932228058,-1.31715070495e-06,0.00217530607868,0.00934935687284,2.03377128373e-05
q00_from_e2k0,gamma_2,924,62.3948299177,62.3932410159,1.68929684463e-05,0.00158890180688,0.0092550754269,1.47054060686e-05
q00_from_e2k0,gamma_2,926,62.394335243,62.3932588019,3.46789765473e-05,0.00107644104354,0.00916174474058,9.86207806917e-06
q00_from_e2k0,gamma_2,928,62.393926982,62.3932759558,5.18328977535e-05,0.000651026103554,0.00906935522618,5.90438699465e-06
q00_from_e2k0,gamma_2,930,62.3936141487,62.3932922867,6.81637969819e-05,0.000321861924661,0.00897789739265,2.88964333421e-06
q00_from_e2k0,gamma_2,932,62.3934020309,62.3933076252,8.35022577874e-05,9.44056665801e-05,0.00888736184467,8.39017319085e-07
q00_from_e2k0,gamma_2,934,62.3932924879,62.3933218263,9.77033677145e-05,-2.93384168515e-05,0.00879773928167,-2.58111742396e-07
q00_from_e2k0,gamma_2,936,62.3932841447,62.3933347729,0.000110649994738,-5.06282734776e-05,0.00870902049686,-4.40922671437e-07
q00_from_e2k0,gamma_2,938,62.3933727569,62.3933463791,0.000122256140216,2.6377773267e-05,0.0086211963763,2.27407963304e-07
q00_from_e2k0,gamma_2,940,62.3935514291,62.3933565916,0.000132468622176,0.000194837527204,0.00853425789794,1.66279370535e-06
q00_from_e2k0,gamma_2,942,62.3938112746,62.3933653897,0.000141266793008,0.000445884835131,0.00844819613074,3.76692253891e-06
q00_from_e2k0,gamma_2,944,62.3941418136,62.3933727831,0.000148660182774,0.000769030431186,0.0083630022337,6.4314032138e-06
q00_from_e2k0,gamma_2,946,62.3945306483,62.3933788074,0.000154684487008,0.00115184089967,0.00827866745499,9.53570776939e-06
q00_from_e2k0,gamma_2,948,62.3949638053,62.3933835189,0.000159395924783,0.00158028645573,0.00819518313101,1.29507369042e-05
q00_from_e2k0,gamma_2,950,62.3954261051,62.3933869874,0.000162864455419,0.0020391176783,0.00811254068556,1.65424251279e-05
q00_from_e2k0,gamma_2,952,62.3959008622,62.393389292,0.000165169020534,0.00251157022699,0.0080307316289,2.01697464601e-05
q00_from_e2k0,gamma_2,954,62.396370378,62.3933905167,0.000166393771821,0.00297986124831,0.00794974755692,2.36891446787e-05
q00_from_e2k0,gamma_2,956,62.3968166913,62.3933907455,0.000166622571939,0.00342594579503,0.00786958015025,2.69607550244e-05
q00_from_e2k0,gamma_2,958,62.3972219963,62.3933900564,0.000165933490948,0.00383193982089,0.00779022117341,2.98516587279e-05
q00_from_e2k0,gamma_2,960,62.3975695471,62.3933885181,0.000164395141653,0.00418102901671,0.00771166247398,3.22426845708e-05
q00_from_e2k0,gamma_2,962,62.3978441867,62.393386187,0.000162064021808,0.00445799973726,0.00763389598174,3.40319062809e-05
q00_from_e2k0,gamma_2,964,62.3980327951,62.3933831044,0.0001589814349,0.00464969066865,0.00755691370787,3.51373111513e-05
q00_from_e2k0,gamma_2,966,62.3981246564,62.3933792932,0.000155170262346,0.00474536321323,0.00748070774409,3.54986753377e-05
q00_from_e2k0,gamma_2,968,62.3981115397,62.3933747571,0.000150634184081,0.00473678254788,0.00740527026188,3.50771549388e-05
q00_from_e2k0,gamma_2,970,62.3979880238,62.3933694825,0.000145359513255,0.00461854136519,0.00733059351166,3.3856649365e-05
q00_from_e2k0,gamma_2,972,62.39775133,62.3933634388,0.000139315841849,0.00438789116833,0.00725666982201,3.18414774235e-05
q00_from_e2k0,gamma_2,974,62.3974011393,62.3933565799,0.000132456982485,0.0040445593956,0.00718349159886,2.90540584393e-05
q00_from_e2k0,gamma_2,976,62.3969394004,62.3933488478,0.000124724836553,0.0035905525875,0.00711105132472,2.55326037338e-05
q00_from_e2k0,gamma_2,978,62.3963701356,62.3933401775,0.000116054576473,0.00302995805001,0.00703934155792,2.13289096202e-05
q00_from_e2k0,gamma_2,980,62.3956996189,62.3933305029,0.000106379931289,0.00236911606369,0.00696835493183,1.65088416065e-05
q00_from_e2k0,gamma_2,982,62.3949362716,62.3933197607,9.56377419143e-05,0.0016165108703,0.00689808415409,1.11508280193e-05
q00_from_e2k0,gamma_2,984,62.3940905422,62.3933078956,8.37726479546e-05,0.000782646622483,0.0068285220059,5.34431968446e-06
q00_from_e2k0,gamma_2,986,62.39317494,62.3932948673,7.07443012686e-05,-0.000119927237449,0.00675966134124,-8.10667510747e-07
q00_from_e2k0,gamma_2,988,62.3922038608,62.3932806573,5.65343853225e-05,-0.00107679655653,0.00669149508617,-7.20537886684e-06
q00_from_e2k0,gamma_2,990,62.3911935572,62.3932652739,4.11509764291e-05,-0.00207171672146,0.00662401623807,-1.37230852036e-05
q00_from_e2k0,gamma_2,992,62.3901620649,62.3932487556,2.46326023401e-05,-0.00308669066728,0.00655721786495,-2.02401031871e-05
q00_from_e2k0,gamma_2,994,62.3891289129,62.3932311747,7.05178138105e-06,-0.0041022618733,0.0064910931047,-2.66281637594e-05
q00_from_e2k0,gamma_2,996,62.3881150143,62.3932126386,-1.14843778363e-05,-0.00509762431589,0.00642563516444,-3.27554740593e-05
q00_from_e2k0,gamma_2,998,62.3871422792,62.3931932876,-3.08353450293e-05,-0.00605100841975,0.00636083731977,-3.84894801786e-05
q00_from_e2k0,gamma_2,1000,62.3862330739,62.3931732944,-5.082854139e-05,-0.00694022053641,0.00629669291411,-4.37004374739e-05
q00_from_e2k0,gamma_2,1002,62.3854096361,62.3931528619,-7.12610736926e-05,-0.00774322574554,0.006233195358,-4.82650387731e-05
q00_from_e2k0,gamma_2,1004,62.3846932214,62.3931322202,-9.19027607722e-05,-0.00843899878936,0.00617033812844,-5.20714759958e-05
q00_from_e2k0,gamma_2,1006,62.3841035259,62.3931116233,-0.000112499692634,-0.00900809731847,0.0061081147682,-5.50224922643e-05
q00_from_e2k0,gamma_2,1008,62.3836579082,62.393091346,-0.000132776963078,-0.00943343777655,0.00604651888517,-5.7039459668e-05
q00_from_e2k0,gamma_2,1010,62.38337086,62.3930716806,-0.000152442336976,-0.00970082059051,0.0059855441517,-5.80646899523e-05
q00_from_e2k0,gamma_2,1012,62.3832535864,62.3930529297,-0.000171193259462,-0.00979934325324,0.00592518430396,-5.80629148332e-05
q00_from_e2k0,gamma_2,1014,62.3833135224,62.3930353988,-0.000188724191979,-0.0097218763245,0.00586543314126,-5.70230155889e-05
q00_from_e2k0,gamma_2,1016,62.383554055,62.3930193897,-0.000204733201016,-0.00946533476663,0.00580628452546,-5.49584267838e-05
q00_from_e2k0,gamma_2,1018,62.383974059,62.3930051927,-0.000218930262697,-0.00903113369028,0.00574773238031,-5.19085395426e-05
q00_from_e2k0,gamma_2,1020,62.384567538,62.3929930783,-0.000231044689762,-0.00842554028043,0.00568977069085,-4.79393921422e-05
q00_from_e2k0,gamma_2,1022,62.3853234125,62.3929832912,-0.000240831787579,-0.00765987864838,0.00563239350276,-4.31434507311e-05
q00_from_e2k0,gamma_2,1024,62.3862256329,62.3929760428,-0.000248080172341,-0.00675040991919,0.00557559492177,-3.76375512653e-05
q00_from_e2k0,gamma_2,1026,62.3872532404,62.3929715055,-0.000252617450471,-0.0057182650539,0.00551936911305,-3.15612155187e-05
q00_from_e2k0,gamma_2,1028,62.3883810387,62.3929698082,-0.000254314796443,-0.00458876940628,0.0054637103006,-2.50717066722e-05
q00_from_e2k0,gamma_2,1030,62.3895802961,62.3929710314,-0.000253091594274,-0.00339073530004,0.00540861276669,-1.83391742323e-05
q00_from_e2k0,gamma_2,1032,62.3908193658,62.3929752049,-0.000248918079052,-0.00215583906802,0.00535407085123,-1.1542515114e-05
q00_from_e2k0,gamma_2,1034,62.3920647637,62.3929823065,-0.000241816463465,-0.000917542771283,0.00530007895121,-4.86304912891e-06
q00_from_e2k0,gamma_2,1036,62.3932823457,62.3929922618,-0.000231861155171,0.000290083916653,0.00524663152013,1.52196342059e-06
q00_from_e2k0,gamma_2,1038,62.3944382588,62.3930049457,-0.000219177242982,0.00143331305787,0.00519372306741,7.44423109149e-06
q00_from_e2k0,gamma_2,1040,62.3955001453,62.3930201843,-0.000203938637206,0.00247996099962,0.00514134815785,1.27503429169e-05
q00_from_e2k0,gamma_2,1042,62.3964383563,62.3930377578,-0.00018636514379,0.00340059844481,0.00508950141106,1.73073505833e-05
q00_from_e2k0,gamma_2,1044,62.3972269764,62.3930574057,-0.000166717253379,0.00416957072495,0.00503817750091,2.10070374149e-05
q00_from_e2k0,gamma_2,1046,62.3978449643,62.3930788328,-0.000145290176825,0.00476613152837,0.00498737115496,2.37704669053e-05
q00_from_e2k0,gamma_2,1048,62.3982766737,62.393101717,-0.000122405955352,0.00517495666094,0.00493707715395,2.55491603034e-05
q00_from_e2k0,gamma_2,1050,62.3985125655,62.3931257186,-9.84043654313e-05,0.00538684694956,0.00488729033127,2.63270850126e-05
q00_from_e2k0,gamma_2,1052,62.3985498815,62.3931504882,-7.36347424279e-05,0.00539939328104,0.00483800557239,2.61222947812e-05
q00_from_e2k0,gamma_2,1054,62.3983925322,62.3931756749,-4.84480422855e-05,0.00521685726967,0.00478921781436,2.49846657709e-05
q00_from_e2k0,gamma_2,1056,62.3980510539,62.3932009337,-2.31892704363e-05,0.00485012023285,0.00474092204529,2.29940419342e-05
q00_from_e2k0,gamma_2,1058,62.3975423526,62.3932259328,1.80988099885e-06,0.00431641972464,0.00469311330383,2.02574468346e-05
q00_from_e2k0,gamma_2,1060,62.3968890274,62.3932503611,2.62381471856e-05,0.00363866628989,0.00464578667867,1.69044673777e-05
q00_from_e2k0,gamma_2,1062,62.396118773,62.3932739333,4.98103951685e-05,0.0028448396909,0.004598937308,1.30832393898e-05
q00_from_e2k0,gamma_2,1064,62.3952633866,62.3932963953,7.22723366806e-05,0.00196699128284,0.00455256037908,8.95484658026e-06
q00_from_e2k0,gamma_2,1066,62.3943576097,62.3933175284,9.34054389745e-05,0.00104008126256,0.00450665112766,4.68728339477e-06
q00_from_e2k0,gamma_2,1068,62.3934379499,62.3933371533,0.00011303031021,0.000100796623343,0.00446120483756,4.49674383668e-07
q00_from_e2k0,gamma_2,1070,62.3925414271,62.3933551316,0.000131008612655,-0.000813704461805,0.00441621684015,-3.59349534713e-06
q00_from_e2k0,gamma_2,1072,62.3917040714,62.3933713673,0.00014724435686,-0.00166729593705,0.0043716825139,-7.28888849348e-06
q00_from_e2k0,gamma_2,1074,62.3909595847,62.393385806,0.000161683028907,-0.0024262212597,0.00432759728384,-1.04997085335e-05
q00_from_e2k0,gamma_2,1076,62.3903379127,62.3933984325,0.000174309506903,-0.00306051975561,0.00428395662118,-1.31111338713e-05
q00_from_e2k0,gamma_2,1078,62.389863979,62.3934092684,0.000185145487322,-0.00354528940665,0.00424075604278,-1.50347074746e-05
q00_from_e2k0,gamma_2,1080,62.3895567549,62.3934183685,0.00019424554614,-0.00386161358814,0.0041979911107,-1.6211019516e-05
q00_from_e2k0,gamma_2,1082,62.3894285966,62.3934258151,0.000201692135889,-0.00399721850784,0.00415565743178,-1.66110707986e-05
q00_from_e2k0,gamma_2,1084,62.3894848327,62.393431713,0.000207590004145,-0.003946880261,0.00411375065714,-1.62364812673e-05
q00_from_e2k0,gamma_2,1086,62.3897237191,62.3934361829,0.000212059902019,-0.00371246376059,0.00407226648176,-1.5118141737e-05
q00_from_e2k0,gamma_2,1088,62.3901367551,62.3934393552,0.000215232209555,-0.00330260006317,0.00403120064404,-1.33134435016e-05
q00_from_e2k0,gamma_2,1090,62.3907093643,62.3934413629,0.000217239942813,-0.002731998639,0.00399054892534,-1.09021742329e-05
q00_from_e2k0,gamma_2,1092,62.3914218399,62.3934423349,0.000218211981561,-0.0020204950597,0.00395030714958,-7.98157608e-06
q00_from_e2k0,gamma_2,1094,62.3922501374,62.3934423906,0.000218267663939,-0.00119225317838,0.00391047118278,-4.66227169663e-06
q00_from_e2k0,gamma_2,1096,62.393167027,62.3934416342,0.00021751121087,-0.00027460712429,0.00387103693265,-1.06301432009e-06
q00_from_e2k0,gamma_2,1098,62.3941431935,62.3934401489,0.000216025953904,0.000703044628885,0.00383200034818,2.69406726268e-06
q00_from_e2k0,gamma_2,1100,62.395148318,62.3934379934,0.000213870499223,0.00171032453873,0.0037933574192,6.48787227825e-06
q00_from_e2k0,gamma_2,1102,62.396151983,62.3934351999,0.000211076905906,0.00271678310278,0.00375510417597,1.02018035744e-05
q00_from_e2k0,gamma_2,1104,62.3971245576,62.3934317738,0.000207650864482,0.00369278378179,0.00371723668881,1.37269513575e-05
q00_from_e2k0,gamma_2,1106,62.3980380925,62.3934276964,0.000203573402416,0.00461039616379,0.00367975106764,1.69651102059e-05
q00_from_e2k0,gamma_2,1108,62.3988672052,62.3934229253,0.000198802301398,0.00544427993256,0.00364264346162,1.98315706996e-05
q00_from_e2k0,gamma_2,1110,62.3995897176,62.3934173968,0.000193273821189,0.00617232078503,0.00360591005874,2.22568336045e-05
q00_from_e2k0,gamma_2,1112,62.4001870213,62.3934110296,0.000186906618204,0.0067759917494,0.00356954708545,2.41872216001e-05
q00_from_e2k0,gamma_2,1114,62.4006443283,62.393403731,0.00017960805453,0.00724059732516,0.00353355080622,2.55850185159e-05
q00_from_e2k0,gamma_2,1116,62.4009510462,62.3933954046,0.000171281634394,0.00755564161038,0.00349791752322,2.64290111881e-05
q00_from_e2k0,gamma_2,1118,62.4011009673,62.3933859564,0.000161833454214,0.00771501084681,0.0034626435759,2.67143327467e-05
q00_from_e2k0,gamma_2,1120,62.4010922467,62.3933753008,0.000151177811475,0.00771694594796,0.0034277253406,2.64515711779e-05
q00_from_e2k0,gamma_2,1122,62.4009273832,62.3933633656,0.000139242692228,0.00756401751606,0.00339315923025,2.56659158524e-05
q00_from_e2k0,gamma_2,1124,62.4006128623,62.3933500975,0.00012597454721,0.00726276475752,0.00335894169391,2.43952033571e-05
q00_from_e2k0,gamma_2,1126,62.4001587568,62.393335466,0.000111343062215,0.00682329081044,0.00332506921647,2.26879142288e-05
q00_from_e2k0,gamma_2,1128,62.3995783791,62.3933194685,9.53455351862e-05,0.00625891059564,0.00329153831827,2.06014440562e-05
q00_from_e2k0,gamma_2,1130,62.3988876327,62.3933021325,7.80095848114e-05,0.00558550017646,0.00325834555472,1.81994896708e-05
q00_from_e2k0,gamma_2,1132,62.3981044198,62.3932835182,5.93952514834e-05,0.0048209015788,0.00322548751598,1.55497578582e-05
q00_from_e2k0,gamma_2,1134,62.397248131,62.3932637194,3.95964584357e-05,0.00398441161139,0.0031929608266,1.27220701922e-05
q00_from_e2k0,gamma_2,1136,62.3963391884,62.3932428642,1.87412193355e-05,0.00309632418796,0.00316076214517,9.78674428249e-06
q00_from_e2k0,gamma_2,1138,62.3953988132,62.3932211142,-3.00873502823e-06,0.00217769902768,0.00312888816395,6.81377671235e-06
q00_from_e2k0,gamma_2,1140,62.3944486423,62.3931986632,-2.54597772056e-05,0.00124997914659,0.0030973356086,3.87160492075e-06
q00_from_e2k0,gamma_2,1142,62.3935103681,62.3931757327,-4.83902806252e-05,0.000334635470026,0.00306610123775,1.02602622884e-06
q00_from_e2k0,gamma_2,1144,62.3926057415,62.3931525675,-7.15554211723e-05,-0.000546826054943,0.00303518184275,-1.65971651311e-06
q00_from_e2k0,gamma_2,1146,62.3917559949,62.3931294306,-9.46923666874e-05,-0.00137343565296,0.00300457424731,-4.12658939321e-06
q00_from_e2k0,gamma_2,1148,62.3909813626,62.3931065977,-0.000117525244136,-0.00212523507624,0.00297427530714,-6.32103420912e-06
q00_from_e2k0,gamma_2,1150,62.3903006955,62.3930843531,-0.000139769830817,-0.00278365765622,0.00294428190969,-8.19587287998e-06
q00_from_e2k0,gamma_2,1152,62.3897306602,62.3930629838,-0.000161139157939,-0.00333232361094,0.00291459097378,-9.71236031817e-06
q00_from_e2k0,gamma_2,1154,62.3892852262,62.3930427733,-0.000181349654767,-0.00375754713632,0.00288519944931,-1.08412729285e-05
q00_from_e2k0,gamma_2,1156,62.3889754487,62.3930239954,-0.000200127595846,-0.00404854667349,0.00285610431693,-1.15630716314e-05
q00_from_e2k0,gamma_2,1158,62.3888088541,62.3930069064,-0.000217216541081,-0.00419805226468,0.00282730258774,-1.18691640314e-05
q00_from_e2k0,gamma_2,1160,62.3887891313,62.3929917384,-0.000232384578339,-0.00420260711713,0.00279879130298,-1.17622202493e-05
q00_from_e2k0,gamma_2,1162,62.388915838,62.3929786935,-0.000245429446565,-0.00406285553392,0.00277056753374,-1.12564156365e-05
q00_from_e2k0,gamma_2,1164,62.389184213,62.39296794,-0.000256182911528,-0.00378372701815,0.00274262838063,-1.03773571045e-05
q00_from_e2k0,gamma_2,1166,62.3895854278,62.3929596088,-0.000264514159568,-0.00337418100202,0.0027149709735,-9.1608034798e-06
q00_from_e2k0,gamma_2,1168,62.3901066876,62.3929537911,-0.00027033185026,-0.00284710352065,0.00268759247115,-7.65185398669e-06
q00_from_e2k0,gamma_2,1170,62.3907314444,62.3929505371,-0.000273585893837,-0.00221909267377,0.00266049006104,-5.90387400308e-06
q00_from_e2k0,gamma_2,1172,62.3914398451,62.3929498551,-0.000274267825588,-0.00151001001974,0.00263366095896,-3.97685443664e-06
q00_from_e2k0,gamma_2,1174,62.3922091577,62.3929517133,-0.000272409635755,-0.000742555589326,0.00260710240882,-1.93591846561e-06
q00_from_e2k0,gamma_2,1176,62.3930144492,62.3929560416,-0.000268081379943,5.84075849162e-05,0.00258081168228,1.50738977485e-07
q00_from_e2k0,gamma_2,1178,62.3938293389,62.3929627352,-0.000261387709045,0.00086660370917,0.00255478607855,2.21398709181e-06
q00_from_e2k0,gamma_2,1180,62.3946267135,62.3929716595,-0.000252463490582,0.00165505400397,0.00252902292405,4.18566951658e-06
q00_from_e2k0,gamma_2,1182,62.3953795685,62.3929826538,-0.000241469187017,0.00239691470635,0.00250351957218,6.0007228802e-06
q00_from_e2k0,gamma_2,1184,62.3960618467,62.3929955371,-0.000228585844397,0.00306630957805,0.00247827340302,7.59915347268e-06
q00_from_e2k0,gamma_2,1186,62.3966491499,62.393010113,-0.00021400999178,0.00363903694722,0.00245328182305,8.92758319604e-06
q00_from_e2k0,gamma_2,1188,62.3971195103,62.3930261737,-0.000197949282764,0.00409333661918,0.00242854226495,9.94084098434e-06
q00_from_e2k0,gamma_2,1190,62.3974538504,62.393043505,-0.000180617971367,0.00441034541755,0.00240405218725,1.06027005476e-05
q00_from_e2k0,gamma_2,1192,62.39763648,62.39306189,-0.000162232968584,0.00457459000621,0.00237980907412,1.08866508072e-05
q00_from_e2k0,gamma_2,1194,62.3976561645,62.3930811116,-0.000143011355902,0.00457505294177,0.00235581043511,1.07779574614e-05
q00_from_e2k0,gamma_2,1196,62.3975062962,62.3931009545,-0.000123168415996,0.00440534162473,0.00233205380487,1.02734936977e-05
q00_from_e2k0,gamma_2,1198,62.3971850812,62.3931212083,-0.000102914671245,0.00406387293968,0.00230853674293,9.38159999984e-06
q00_from_e2k0,gamma_2,1200,62.3966960972,62.3931416707,-8.24522198144e-05,0.00355442644256,0.0022852568334,8.12277731668e-06
q00_from_e2k0,gamma_2,1202,62.3960481746,62.39316215,-6.19729023867e-05,0.00288602451494,0.00226221168478,6.52879838026e-06
q00_from_e2k0,gamma_2,1204,62.3952552515,62.3931824665,-4.16564820043e-05,0.00207278505929,0.00223939892968,4.64179264324e-06
q00_from_e2k0,gamma_2,1206,62.3943359253,62.3932024562,-2.16667783235e-05,0.00113346910005,0.00221681622458,2.51269269106e-06
q00_from_e2k0,gamma_2,1208,62.393312973,62.3932219732,-2.14971505841e-06,9.09997346525e-05,0.0021944612496,1.99695391419e-07
q00_from_e2k0,gamma_2,1210,62.392212907,62.3932408891,1.67661100434e-05,-0.00102798207974,0.00217233170823,-2.23311806731e-06
q00_from_e2k0,gamma_2,1212,62.3910650921,62.3932590927,3.49697133259e-05,-0.00219400060037,0.00215042532715,-4.71803445881e-06
q00_from_e2k0,gamma_2,1214,62.3899006023,62.3932764914,5.23684445497e-05,-0.00337588910804,0.00212873985594,-7.18638969352e-06
q00_from_e2k0,gamma_2,1216,62.3887515254,62.3932930101,6.88871351784e-05,-0.00454148468485,0.0021072730669,-9.57014836014e-06
q00_from_e2k0,gamma_2,1218,62.3876500641,62.3933085897,8.44667937727e-05,-0.00565852560682,0.00208602275478,-1.18038131743e-05
q00_from_e2k0,gamma_2,1220,62.3866273088,62.3933231862,9.90632650044e-05,-0.00669587745615,0.00206498673655,-1.38268981365e-05
q00_from_e2k0,gamma_2,1222,62.3857123721,62.3933367684,0.000112645472569,-0.00762439635761,0.00204416285122,-1.55855077972e-05
q00_from_e2k0,gamma_2,1224,62.3849314983,62.3933493169,0.000125193935148,-0.00841781857658,0.0020235489596,-1.70338680227e-05
q00_from_e2k0,gamma_2,1226,62.384307038,62.3933608222,0.000136699269731,-0.00905378424603,0.00200314294403,-1.81360240293e-05
q00_from_e2k0,gamma_2,1228,62.3838567662,62.3933712837,0.000147160727366,-0.00951451743193,0.00198294270826,-1.88667429642e-05
q00_from_e2k0,gamma_2,1230,62.3835935826,62.3933807083,0.000156585385056,-0.00978712571779,0.00196294617713,-1.92116010128e-05
q00_from_e2k0,gamma_2,1232,62.3835251153,62.3933891092,0.000164986271855,-0.00986399389881,0.00194315129643,-1.91672325325e-05
q00_from_e2k0,gamma_2,1234,62.3836535289,62.3933965024,0.00017237947489,-0.00974297352968,0.00192355603267,-1.87411555092e-05
q00_from_e2k0,gamma_2,1236,62.3839755489,62.3934029068,0.000178783838436,-0.00942735789718,0.00190415837285,-1.79511824738e-05
q00_from_e2k0,gamma_2,1238,62.3844826547,62.3934083445,0.000184221514729,-0.00892568979744,0.00188495632429,-1.68245354324e-05
q00_from_e2k0,gamma_2,1240,62.3851616162,62.3934128395,0.000188716518494,-0.00825122330161,0.00186594791439,-1.53963529108e-05
q00_from_e2k0,gamma_2,1242,62.3859948004,62.3934164167,0.00019229376322,-0.00742161636046,0.00184713119043,-1.37086990628e-05
q00_from_e2k0,gamma_2,1244,62.3869607866,62.3934191023,0.000194979336868,-0.00645831571359,0.00182850421942,-1.18090575326e-05
q00_from_e2k0,gamma_2,1246,62.3880353957,62.3934209221,0.00019679916732,-0.00538552645092,0.00181006508782,-9.74815340834e-06
q00_from_e2k0,gamma_2,1248,62.3891923102,62.3934218982,0.000197775235733,-0.00422958799698,0.00179181190142,-7.5786261111e-06
q00_from_e2k0,gamma_2,1250,62.3904036938,62.3934220455,0.000197922594083,-0.00301835173601,0.00177374278509,-5.35377961462e-06
q00_from_e2k0,gamma_2,1252,62.3916407201,62.3934213721,0.00019724913507,-0.0017806520045,0.00175585588263,-3.12656829701e-06
q00_from_e2k0,gamma_2,1254,62.3928742561,62.3934198793,0.000195756393552,-0.000545623273673,0.00173814935653,-9.48374742041e-07
q00_from_e2k0,gamma_2,1256,62.3940756908,62.3934175626,0.000193439674632,0.000658128192626,0.00172062138783,1.13238944417e-06
q00_from_e2k0,gamma_2,1258,62.3952173885,62.3934144103,0.000190287312407,0.00180297827152,0.00170327017592,3.07095911771e-06
q00_from_e2k0,gamma_2,1260,62.3962735784,62.3934104022,0.000186279250613,0.0028631761853,0.00168609393832,4.82758401038e-06
q00_from_e2k0,gamma_2,1262,62.3972210577,62.3934055094,0.000181386432658,0.00381554833207,0.00166909091055,6.36849703984e-06
q00_from_e2k0,gamma_2,1264,62.3980395076,62.3933996958,0.00017557284125,0.00463981178837,0.00165225934592,7.66617239067e-06
q00_from_e2k0,gamma_2,1266,62.3987122248,62.3933929218,0.000168798807245,0.00531930304555,0.00163559751535,8.70023884468e-06
q00_from_e2k0,gamma_2,1268,62.3992267075,62.3933851486,0.000161025651408,0.00584155886467,0.00161910370718,9.45808961352e-06
q00_from_e2k0,gamma_2,1270,62.3995749479,62.3933763444,0.0001522214164,0.00619860351766,0.00160277622705,9.93497435898e-06
q00_from_e2k0,gamma_2,1272,62.3997540465,62.3933664878,0.000142364815126,0.006387558733,0.00158661339764,1.0134586264e-05
q00_from_e2k0,gamma_2,1274,62.3997662534,62.3933555704,0.000131447490674,0.00641068293508,0.00157061355858,1.00687055376e-05
q00_from_e2k0,gamma_2,1276,62.3996187035,62.3933435988,0.000119475870754,0.00627510465311,0.00155477506623,9.75637625261e-06
q00_from_e2k0,gamma_2,1278,62.399323544,62.3933305957,0.000106472790137,0.00599294826109,0.00153909629352,9.22372445589e-06
q00_from_e2k0,gamma_2,1280,62.3988971741,62.3933166028,9.24798220154e-05,0.00558057134136,0.0015235756298,8.50242249607e-06
q00_from_e2k0,gamma_2,1282,62.3983594864,62.3933016824,7.75594587878e-05,0.00505780400643,0.00150821148066,7.62823806943e-06
q00_from_e2k0,gamma_2,1284,62.3977331828,62.3932859188,6.17958795033e-05,0.00444726392683,0.00149300226776,6.63977512806e-06
q00_from_e2k0,gamma_2,1286,62.3970425885,62.3932694183,4.52953408256e-05,0.00377317020468,0.00147794642867,5.57654342879e-06
q00_from_e2k0,gamma_2,1288,62.3963127022,62.3932523084,2.81854997297e-05,0.00306039372504,0.00146304241675,4.47748583168e-06
q00_from_e2k0,gamma_2,1290,62.3955681363,62.3932347356,1.06126667134e-05,0.00233340072875,0.00144828870092,3.37943791016e-06
q00_from_e2k0,gamma_2,1292,62.3948320118,62.3932168613,-7.26166399545e-06,0.00161515056116,0.00143368376555,2.31561513846e-06
q00_from_e2k0,gamma_2,1294,62.3941256366,62.3931988597,-2.52632436712e-05,0.000926776848573,0.0014192261103,1.31530590192e-06
q00_from_e2k0,gamma_2,1296,62.3934681406,62.393180915,-4.32079269856e-05,0.00028722560679,0.00140491424996,4.03527347934e-07
q00_from_e2k0,gamma_2,1298,62.3928761746,62.3931632172,-6.09057888212e-05,-0.000287042574712,0.0013907467143,-3.99203517646e-07
q00_from_e2k0,gamma_2,1300,62.392364153,62.3931459571,-7.81658675351e-05,-0.00078180404833,0.00137672204791,-1.07632687048e-06
q00_from_e2k0,gamma_2,1302,62.3919443356,62.3931293228,-9.48001374468e-05,-0.00118498724854,0.00136283881004,-1.61494661171e-06
q00_from_e2k0,gamma_2,1304,62.3916265901,62.3931134971,-0.00011062582324,-0.00148690698728,0.00134909557451,-2.00597963625e-06
q00_from_e2k0,gamma_2,1306,62.3914187814,62.3930986551,-0.000125467828639,-0.0016798736821,0.00133549092948,-2.24345606512e-06
q00_from_e2k0,gamma_2,1308,62.3913267154,62.3930849613,-0.000139161615934,-0.00175824597133,0.00132202347738,-2.32444245311e-06
q00_from_e2k0,gamma_2,1310,62.3913539088,62.3930725673,-0.000151555690827,-0.00171865842977,0.00130869183471,-2.24919425369e-06
q00_from_e2k0,gamma_2,1312,62.3915016632,62.3930616093,-0.000162513641826,-0.00155994608565,0.00129549463193,-2.02090178007e-06
q00_from_e2k0,gamma_2,1314,62.3917687947,62.3930522071,-0.00017191584638,-0.00128341238189,0.00128243051332,-1.64588719972e-06
q00_from_e2k0,gamma_2,1316,62.3921517395,62.3930444616,-0.000179661323003,-0.000892722174669,0.00126949813682,-1.13330913744e-06
q00_from_e2k0,gamma_2,1318,62.3926444254,62.3930384538,-0.00018566919762,-0.00039402839473,0.00125669617391,-4.95173976069e-07
q00_from_e2k0,gamma_2,1320,62.3932380229,62.3930342428,-0.000189880120956,0.000203780078579,0.00124402330945,2.53507167754e-07
q00_from_e2k0,gamma_2,1322,62.3939211231,62.3930318647,-0.00019225820725,0.000889258401592,0.0012314782416,1.09510237272e-06
q00_from_e2k0,gamma_2,1324,62.394679758,62.3930313306,-0.000192792376069,0.00164842741191,0.0012190596816,2.0095313959e-06
q00_from_e2k0,gamma_2,1326,62.3954974485,62.3930326262,-0.000191496760948,0.00246482227085,0.00120676635372,2.97446458437e-06
q00_from_e2k0,gamma_2,1328,62.396355562,62.3930357121,-0.000188410840437,0.00331984992697,0.00119459699509,3.96588274691e-06
q00_from_e2k0,gamma_2,1330,62.3972334849,62.3930405232,-0.000183599743167,0.00419296165821,0.00118255035557,4.9583882998e-06
q00_from_e2k0,gamma_2,1332,62.3981089276,62.3930469692,-0.000177153731968,0.00506195835915,0.00117062519762,5.92565600453e-06
q00_from_e2k0,gamma_2,1334,62.3989585346,62.3930549367,-0.000169186255889,0.00590359790371,0.00115882029619,6.84120907139e-06
q00_from_e2k0,gamma_2,1336,62.3997580923,62.3930642929,-0.000159830057285,0.00669379942117,0.00114713443859,7.67868784104e-06
q00_from_e2k0,gamma_2,1338,62.4004828952,62.3930748899,-0.000149233046969,0.00740800534564,0.00113556642434,8.41228214181e-06
q00_from_e2k0,gamma_2,1340,62.4011087195,62.393086568,-0.000137554924194,0.00802215147556,0.00112411506507,9.01782132796e-06
q00_from_e2k0,gamma_2,1342,62.4016123737,62.3930991596,-0.000124963363319,0.00851321407445,0.00111277918441,9.4733274145e-06
q00_from_e2k0,gamma_2,1344,62.4019722708,62.3931124925,-0.000111630438383,0.00885977830177,0.00110155761784,9.75955628073e-06
q00_from_e2k0,gamma_2,1346,62.4021692424,62.3931263935,-9.77294765789e-05,0.00904284895292,0.00109044921259,9.8607675203e-06
q00_from_e2k0,gamma_2,1348,62.4021870856,62.3931406923,-8.34306879938e-05,0.00904639336316,0.0010794528275,9.76515489458e-06
q00_from_e2k0,gamma_2,1350,62.4020135737,62.393155227,-6.88959270647e-05,0.00885834667329,0.00106856733294,9.46573987895e-06
q00_from_e2k0,gamma_2,1352,62.4016412016,62.3931698478,-5.42751106707e-05,0.00847135373915,0.00105779161065,8.96092691614e-06
q00_from_e2k0,gamma_2,1354,62.4010677561,62.3931844176,-3.97053962899e-05,0.00788333852217,0.00104712455367,8.25483733142e-06
q00_from_e2k0,gamma_2,1356,62.4002970688,62.3931988116,-2.53113560902e-05,0.00709825719132,0.00103656506617,7.3578054352e-06
q00_from_e2k0,gamma_2,1358,62.3993394526,62.3932129185,-1.12044760954e-05,0.00612653416883,0.0010261120634,6.28651061748e-06
q00_from_e2k0,gamma_2,1360,62.3982116767,62.3932266399,2.51695493603e-06,0.0049850368376,0.00101576447155,5.06362330898e-06
q00_from_e2k0,gamma_2,1362,62.3969371354,62.3932398883,1.57653065145e-05,0.00369724714464,0.00100552122761,3.71766048765e-06
q00_from_e2k0,gamma_2,1364,62.3955452503,62.3932525824,2.84594320661e-05,0.0022926679302,0.000995381279315,2.28207873741e-06
q00_from_e2k0,gamma_2,1366,62.3940701108,62.3932646455,4.05225406723e-05,0.000805465333869,0.000985343585006,7.93660099672e-07
q00_from_e2k0,gamma_2,1368,62.3925494194,62.393276005,5.18820257369e-05,-0.000726585543426,0.000975407113523,-7.08716707641e-07
q00_from_e2k0,gamma_2,1370,62.3910231382,62.3932865913,6.24683405874e-05,-0.00226345308461,0.00096557084411,-2.18552430551e-06
q00_from_e2k0,gamma_2,1372,62.3895318737,62.3932963354,7.22124392212e-05,-0.00376446169587,0.0009558337663,-3.59819960085e-06
q00_from_e2k0,gamma_2,1374,62.3881155243,62.3933051671,8.10441307664e-05,-0.00518964282658,0.000946194879819,-4.9104134706e-06
q00_from_e2k0,gamma_2,1376,62.386811618,62.3933130141,8.88911584696e-05,-0.00650139611323,0.000936653194479,-6.08955343803e-06
q00_from_e2k0,gamma_2,1378,62.3856539703,62.3933198028,9.56798565355e-05,-0.00766583251157,0.000927207730077,-7.1078191622e-06
q00_from_e2k0,gamma_2,1380,62.384671588,62.3933254617,0.000101338774165,-0.00865387377195,0.000917857516295,-7.94302308665e-06
q00_from_e2k0,gamma_2,1382,62.3838875523,62.3933299249,0.000105801921684,-0.00944237255145,0.000908601592601,-8.57935473818e-06
q00_from_e2k0,gamma_2,1384,62.3833180592,62.3933331348,0.000109011812079,-0.0100150755421,0.000899439008147,-9.0079496121e-06
q00_from_e2k0,gamma_2,1386,62.3829719205,62.3933350473,0.000110924388196,-0.0103631267949,0.000890368821676,-9.22700499321e-06
q00_from_e2k0,gamma_2,1388,62.3828504453,62.3933356364,0.000111513427029,-0.0104851910805,0.00088139010142,-9.24154362986e-06
q00_from_e2k0,gamma_2,1390,62.3829473574,62.3933348975,0.000110774531279,-0.0103875400464,0.000872501925011,-9.06314868658e-06
q00_from_e2k0,gamma_2,1392,62.3832493602,62.3933328527,0.000108729712039,-0.0100834924883,0.000863703379378,-8.7091465381e-06
q00_from_e2k0,gamma_2,1394,62.3837369491,62.393329554,0.000105431038911,-0.00959260486648,0.000854993560662,-8.20161539081e-06
q00_from_e2k0,gamma_2,1396,62.3843854338,62.3933250852,0.000100962206815,-0.00893965140389,0.000846371574116,-7.56626683076e-06
q00_from_e2k0,gamma_2,1398,62.3851665107,62.393319561,9.54380764284e-05,-0.00815305032285,0.000837836534017,-6.83092342416e-06
q00_from_e2k0,gamma_2,1400,62.3860497226,62.3933131256,8.90026065719e-05,-0.00726340292749,0.000829387563573,-6.02417605728e-06
q00_from_e2k0,gamma_2,1402,62.3870038624,62.3933059477,8.18247561796e-05,-0.00630208531236,0.000821023794834,-5.17416199852e-06
q00_from_e2k0,gamma_2,1404,62.3879983909,62.3932982154,7.40924599469e-05,-0.00529982446789,0.000812744368603,-4.30740249086e-06
q00_from_e2k0,gamma_2,1406,62.389004335,62.3932901279,6.60049887671e-05,-0.00428579296394,0.000804548434349,-3.44812801908e-06
q00_from_e2k0,gamma_2,1408,62.3899952212,62.3932818887,5.77657298138e-05,-0.00328666743662,0.000796435150114,-2.61761747326e-06
q00_from_e2k0,gamma_2,1410,62.3909479306,62.3932736983,4.95753976892e-05,-0.00232576774625,0.000788403682434,-1.83364385563e-06
q00_from_e2k0,gamma_2,1412,62.3918427368,62.3932657473,4.16243593975e-05,-0.00142301053116,0.000780453206249,-1.11059313157e-06
q00_from_e2k0,gamma_2,1414,62.3926634337,62.3932582079,3.40849550895e-05,-0.000594774244099,0.000772582904818,-4.59512413217e-07
q00_from_e2k0,gamma_2,1416,62.3933974409,62.3932512273,2.71043669287e-05,0.000146213629279,0.000764791969637,1.11823009524e-07
q00_from_e2k0,gamma_2,1418,62.3940355708,62.3932449224,2.07994394543e-05,0.000790648397555,0.000757079600356,5.98583772843e-07
q00_from_e2k0,gamma_2,1420,62.3945715572,62.3932393753,1.52523318064e-05,0.0013321819135,0.000749445004695,9.98397080415e-07
q00_from_e2k0,gamma_2,1422,62.3950017558,62.3932346301,1.05071831911e-05,0.00176712565425,0.000741887398363,1.31100825421e-06
q00_from_e2k0,gamma_2,1424,62.3953245579,62.3932306931,6.57010641447e-06,0.00209386488856,0.00073440600498,1.53774694777e-06
q00_from_e2k0,gamma_2,1426,62.3955401729,62.3932275346,3.41160637873e-06,0.00231263835288,0.000727000055993,1.68128821203e-06
q00_from_e2k0,gamma_2,1428,62.3956503858,62.3932250922,9.69226213954e-07,0.00242529359014,0.000719668790601,1.74540810487e-06
q00_from_e2k0,gamma_2,1430,62.3956584611,62.3932232741,-8.48814515564e-07,0.00243518693983,0.000712411455674,1.73485507264e-06
q00_from_e2k0,gamma_2,1432,62.3955689653,62.3932219655,-2.15747522248e-06,0.00234699984212,0.000705227305678,1.65516837509e-06
q00_from_e2k0,gamma_2,1434,62.3953878376,62.3932210347,-3.08821555706e-06,0.00216680286179,0.000698115602595,1.51267888556e-06
q00_from_e2k0,gamma_2,1436,62.3951225012,62.3932203399,-3.78305659865e-06,0.0019021613457,0.000691075615851,1.31453732343e-06
q00_from_e2k0,gamma_2,1438,62.3947821069,62.3932197353,-4.38767960986e-06,0.00156237162822,0.000684106622239,1.06882877726e-06
q00_from_e2k0,gamma_2,1440,62.3943775174,62.393219079,-5.04396305701e-06,0.00115843839903,0.000677207905846,7.8450364226e-07
q00_from_e2k0,gamma_2,1442,62.3939213198,62.3932182396,-5.88334382456e-06,0.000703080172919,0.000670378757977,4.71330013079e-07
q00_from_e2k0,gamma_2,1444,62.3934278898,62.3932171033,-7.0196644657e-06,0.000210786465253,0.000663618477084,1.39881793061e-07
q00_from_e2k0,gamma_2,1446,62.392913189,62.3932155799,-8.54299982223e-06,-0.00030239093023,0.000656926368693,-1.98648575722e-07
q00_from_e2k0,gamma_2,1448,62.3923944928,62.393213608,-1.05149376566e-05,-0.000819115261621,0.000650301745336,-5.32672084263e-07
q00_from_e2k0,gamma_2,1450,62.3918896848,62.3932111582,-1.296470478e-05,-0.0013214734004,0.000643743926473,-8.50690475501e-07
q00_from_e2k0,gamma_2,1452,62.3914168359,62.3932082348,-1.58881027801e-05,-0.00179139892376,0.000637252238432,-1.14157297409e-06
q00_from_e2k0,gamma_2,1454,62.3909936285,62.3932048745,-1.92484062538e-05,-0.00221124609252,0.000630826014331,-1.39491155925e-06
q00_from_e2k0,gamma_2,1456,62.3906364094,62.3932011467,-2.29762697543e-05,-0.00256473723896,0.000624464594013,-1.60158759868e-06
q00_from_e2k0,gamma_2,1458,62.3903597341,62.3931971519,-2.69710881184e-05,-0.00283741773988,0.00061816732398,-1.75399893128e-06
q00_from_e2k0,gamma_2,1460,62.3901759225,62.3931930167,-3.11062044176e-05,-0.00301709429105,0.000611933557323,-1.8462612423e-06
q00_from_e2k0,gamma_2,1462,62.3900941967,62.3931888878,-3.52351664787e-05,-0.00309469104633,0.000605762653656,-1.87464826047e-06
q00_from_e2k0,gamma_2,1464,62.3901207234,62.3931849265,-3.91964554183e-05,-0.00306420311438,0.000599653979053,-1.83746159017e-06
q00_from_e2k0,gamma_2,1466,62.3902584406,62.3931813042,-4.28187074419e-05,-0.00292286364808,0.000593606905978,-1.73503204673e-06
q00_from_e2k0,gamma_2,1468,62.3905070748,62.3931781958,-4.59271515467e-05,-0.0026711210066,0.000587620813226,-1.56960629812e-06
q00_from_e2k0,gamma_2,1470,62.3908634294,62.3931757722,-4.83507719338e-05,-0.00231234276902,0.000581695085853,-1.34507842555e-06
q00_from_e2k0,gamma_2,1472,62.3913213404,62.3931741926,-4.99303810244e-05,-0.0018528522128,0.00057582911512,-1.06692625014e-06
q00_from_e2k0,gamma_2,1474,62.3918722228,62.3931735968,-5.05261559738e-05,-0.00130137403877,0.000570022298424,-7.41812220691e-07
q00_from_e2k0,gamma_2,1476,62.3925052296,62.3931740988,-5.00241754509e-05,-0.0006688691535,0.000564274039239,-3.77425498968e-07
q00_from_e2k0,gamma_2,1478,62.3932071531,62.3931757815,-4.8341444753e-05,3.13716266334e-05,0.000558583747056,1.75236807561e-08
q00_from_e2k0,gamma_2,1480,62.3939629801,62.3931786936,-4.54293630128e-05,0.000784286544544,0.00055295083732,4.33671901505e-07
q00_from_e2k0,gamma_2,1482,62.3947561694,62.3931828464,-4.12765912046e-05,0.00157332301157,0.000547374731371,8.61197260818e-07
q00_from_e2k0,gamma_2,1484,62.39556898,62.3931882123,-3.59106115013e-05,0.00238076763149,0.000541854856384,1.29003050305e-06
q00_from_e2k0,gamma_2,1486,62.3963828853,62.393194725,-2.93979014927e-05,0.00318816025634,0.000536390645311,1.71009933726e-06
q00_from_e2k0,gamma_2,1488,62.3971790394,62.3932022796,-2.18433102717e-05,0.00397675974504,0.000530981536822,2.11158600099e-06
q00_from_e2k0,gamma_2,1490,62.3979387391,62.3932107348,-1.33881863746e-05,0.00472800436965,0.000525626975247,2.48516663578e-06
q00_from_e2k0,gamma_2,1492,62.3986438905,62.3932199155,-4.20740551732e-06,0.00542397496774,0.000520326410521,2.82223742572e-06
q00_from_e2k0,gamma_2,1494,62.3992773498,62.3932296179,5.49490648183e-06,0.00604773197127,0.000515079298124,3.11506153901e-06
q00_from_e2k0,gamma_2,1496,62.3998234056,62.3932396141,1.54911609798e-05,0.00658379152055,0.00050988509903,3.35697719145e-06
q00_from_e2k0,gamma_2,1498,62.4002680311,62.39324966,2.55370686162e-05,0.00701837103583,0.000504743279646,3.5424756144e-06
q00_from_e2k0,gamma_2,1500,62.4005989792,62.3932595032,3.53802636113e-05,0.00733947595852,0.00049965331176,3.66719346925e-06
q00_from_e2k0,gamma_2,1502,62.4008062357,62.3932688927,4.47697497918e-05,0.00753734295089,0.000494614672488,3.72808041509e-06
q00_from_e2k0,gamma_2,1504,62.400882413,62.3932775868,5.34638207341e-05,0.00760482618794,0.000489626844219,3.72352704724e-06
q00_from_e2k0,gamma_2,1506,62.4008229989,62.3932853598,6.12368186665e-05,0.00753763909776,0.000484689314561,3.6534131277e-06
q00_from_e2k0,gamma_2,1508,62.4006267174,62.3932920096,6.7886622162e-05,0.00733470781256,0.000479801576289,3.51920437008e-06
q00_from_e2k0,gamma_2,1510,62.40029564,62.3932973647,7.32417154836e-05,0.00699827529232,0.000474963127292,3.32392271849e-06
q00_from_e2k0,gamma_2,1512,62.3998354839,62.3933012892,7.71662616401e-05,0.00653419464967,0.000470173470526,3.07220497552e-06
q00_from_e2k0,gamma_2,1514,62.3992557552,62.3933036869,7.9563947132e-05,0.00595206829576,0.000465432113954,2.77028372929e-06
q00_from_e2k0,gamma_2,1516,62.398569523,62.3933045041,8.03811463541e-05,0.00526501893959,0.000460738570507,2.42579729992e-06
q00_from_e2k0,gamma_2,1518,62.397793311,62.3933037321,7.96091205544e-05,0.0044895789264,0.000456092358022,2.04766263907e-06
q00_from_e2k0,gamma_2,1520,62.3969470552,62.3933014076,7.72846195787e-05,0.00364564766151,0.000451492999201,1.64598439673e-06
q00_from_e2k0,gamma_2,1522,62.3960534037,62.3932976106,7.34876244906e-05,0.00275579317567,0.00044694002156,1.23167426135e-06
q00_from_e2k0,gamma_2,1524,62.3951371001,62.3932924607,6.83377554083e-05,0.00184463941195,0.000442432957379,8.16129270326e-07
q00_from_e2k0,gamma_2,1526,62.3942240993,62.3932861139,6.19909357837e-05,0.000937985459522,0.000437971343653,4.10810752034e-07
q00_from_e2k0,gamma_2,1528,62.3933405565,62.3932787565,5.46335278031e-05,6.18000496289e-05,0.000433554722047,2.67937033393e-08
q00_from_e2k0,gamma_2,1530,62.3925117607,62.3932705962,4.64732190437e-05,-0.00075883549529,0.00042918263885,-3.25679020322e-07
q00_from_e2k0,gamma_2,1532,62.3917610401,62.3932618538,3.77308857651e-05,-0.00150081369311,0.000424854644923,-6.37627668683e-07
q00_from_e2k0,gamma_2,1534,62.3911086939,62.3932527567,2.86337693822e-05,-0.00214406285895,0.000420570295659,-9.01729150501e-07
q00_from_e2k0,gamma_2,1536,62.3905713119,62.3932435304,1.94074633413e-05,-0.0026722184797,0.000416329150933,-1.11252245076e-06
q00_from_e2k0,gamma_2,1538,62.390161156,62.3932343915,1.02685554708e-05,-0.00307323547688,0.000412130775058,-1.26657491902e-06
q00_from_e2k0,gamma_2,1540,62.3898858784,62.3932255414,1.41845377044e-06,-0.00333966303307,0.000407974736742,-1.36249814673e-06
q00_from_e2k0,gamma_2,1542,62.3897485281,62.3932171602,-6.96275559875e-06,-0.00346863210012,0.000403860609042,-1.4008438725e-06
q00_from_e2k0,gamma_2,1544,62.3897476186,62.393209401,-1.4721916699e-05,-0.00346178243798,0.00039978796932,-1.38397897111e-06
q00_from_e2k0,gamma_2,1546,62.3898774637,62.393202386,-2.1736987037e-05,-0.0033249222692,0.000395756399199,-1.31585926488e-06
q00_from_e2k0,gamma_2,1548,62.3901286185,62.3931962035,-2.79194752437e-05,-0.00306758498003,0.000391765484523,-1.20177391602e-06
q00_from_e2k0,gamma_2,1550,62.3904882016,62.393190907,-3.32159170142e-05,-0.00270270542617,0.00038781481531,-1.04814920569e-06
q00_from_e2k0,gamma_2,1552,62.390940466,62.3931865145,-3.76084827565e-05,-0.00224604844994,0.000383903985716,-8.62266952044e-07
q00_from_e2k0,gamma_2,1554,62.3914673775,62.3931830098,-4.11131452438e-05,-0.00171563225577,0.000380032593986,-6.51996176486e-07
q00_from_e2k0,gamma_2,1556,62.3920490743,62.393180348,-4.37749689155e-05,-0.00113127369094,0.000376200242419,-4.25585436775e-07
q00_from_e2k0,gamma_2,1558,62.3926645929,62.3931784601,-4.56628784846e-05,-0.000513867214814,0.000372406537322,-1.91367510112e-07
q00_from_e2k0,gamma_2,1560,62.3932924928,62.3931772582,-4.68647018508e-05,0.000115234514347,0.000368651088975,4.24813292014e-08
q00_from_e2k0,gamma_2,1562,62.3939113894,62.3931766411,-4.7481882703e-05,0.000734748321804,0.000364933511585,2.68134285207e-07
q00_from_e2k0,gamma_2,1564,62.3945006927,62.3931764989,-4.76240786824e-05,0.00132419384733,0.000361253423253,4.78369560399e-07
q00_from_e2k0,gamma_2,1566,62.3950409915,62.3931767189,-4.7404045759e-05,0.00186427262529,0.000357610445927,6.6668336486e-07
q00_from_e2k0,gamma_2,1568,62.3955143083,62.3931771895,-4.6933469882e-05,0.00233711877883,0.000354004205371,8.27349876159e-07
q00_from_e2k0,gamma_2,1570,62.3959045405,62.3931778039,-4.63190550875e-05,0.00272673664234,0.000350434331121,9.55542131404e-07
q00_from_e2k0,gamma_2,1572,62.3961977474,62.3931784644,-4.56585548108e-05,0.00301928297786,0.00034690045645,1.04739064317e-06
q00_from_e2k0,gamma_2,1574,62.3963822435,62.3931790863,-4.50366145586e-05,0.00320315712464,0.000343402218328,1.09997126225e-06
q00_from_e2k0,gamma_2,1576,62.3964488603,62.3931796013,-4.45216517591e-05,0.0032692590036,0.000339939257386,1.11134947789e-06
q00_from_e2k0,gamma_2,1578,62.3963912346,62.3931799582,-4.41647231355e-05,0.00321127633126,0.000336511217879,1.08063050918e-06
q00_from_e2k0,gamma_2,1580,62.396206,62.3931801241,-4.39988254897e-05,0.00302587586562,0.000333117747651,1.00797295303e-06
q00_from_e2k0,gamma_2,1582,62.3958931027,62.393180085,-4.40379977107e-05,0.0027130177517,0.000329758498096,8.94640659109e-07
q00_from_e2k0,gamma_2,1584,62.3954560002,62.3931798454,-4.42775740765e-05,0.00227615480138,0.000326433124123,7.43012322801e-07
q00_from_e2k0,gamma_2,1586,62.3949017968,62.3931794279,-4.46950083912e-05,0.00172236889266,0.000323141284121,5.56568495706e-07
q00_from_e2k0,gamma_2,1588,62.3942413584,62.3931788721,-4.52508811009e-05,0.00106248629974,0.000319882639925,3.39870922446e-07
q00_from_e2k0,gamma_2,1590,62.3934891574,62.393178232,-4.58909243406e-05,0.000310925395084,0.000316656856779,9.84566583e-08
q00_from_e2k0,gamma_2,1592,62.3926631126,62.3931775745,-4.65484111487e-05,-0.000514461961643,0.000313463603304,-1.61265100259e-07
q00_from_e2k0,gamma_2,1594,62.3917841426,62.3931769767,-4.71462663967e-05,-0.00139283407388,0.000310302551461,-4.32199966888e-07
q00_from_e2k0,gamma_2,1596,62.390875466,62.3931765231,-4.75998872105e-05,-0.00230105707753,0.000307173376521,-7.06823472073e-07
q00_from_e2k0,gamma_2,1598,62.3899620898,62.3931763022,-4.78207089003e-05,-0.00321421247659,0.000304075757029,-9.7736409207e-07
q00_from_e2k0,gamma_2,1600,62.3890699922,62.3931764021,-4.7720850084e-05,-0.00410640987959,0.000301009374769,-1.2360678704e-06
q00_from_e2k0,gamma_2,1602,62.3882249922,62.3931769042,-4.72187430063e-05,-0.00495191199865,0.000297973914739,-1.47554060368e-06
q00_from_e2k0,gamma_2,1604,62.3874516994,62.3931778792,-4.62437686508e-05,-0.00572617973666,0.00029496906511,-1.68904588357e-06
q00_from_e2k0,gamma_2,1606,62.38677256,62.3931793844,-4.4738592976e-05,-0.0064068243884,0.000291994517198,-1.87075759406e-06
q00_from_e2k0,gamma_2,1608,62.3862070095,62.3931814615,-4.2661413417e-05,-0.00697445203596,0.000289049965432,-2.0159651199e-06
q00_from_e2k0,gamma_2,1610,62.3857708901,62.3931841344,-3.99885574751e-05,-0.00741324433011,0.000286135107323,-2.12118946201e-06
q00_from_e2k0,gamma_2,1612,62.385475934,62.3931874073,-3.67156947689e-05,-0.00771147323171,0.000283249643433,-2.18427204322e-06
q00_from_e2k0,gamma_2,1614,62.3853293627,62.3931912651,-3.28578962012e-05,-0.00786190237012,0.000280393277342,-2.2044245717e-06
q00_from_e2k0,gamma_2,1616,62.385333982,62.3931956751,-2.84478820589e-05,-0.00786169303569,0.00027756571562,-2.18213645343e-06
q00_from_e2k0,gamma_2,1618,62.385488113,62.3932005897,-2.35332645389e-05,-0.00771247668194,0.000274766667795,-2.11913151835e-06
q00_from_e2k0,gamma_2,1620,62.3857858585,62.393205949,-1.81739911298e-05,-0.00742009043949,0.000271995846327,-2.01823377891e-06
q00_from_e2k0,gamma_2,1622,62.3862176309,62.3932116839,-1.24390987395e-05,-0.00699405295368,0.000269252966573,-1.88316950615e-06
q00_from_e2k0,gamma_2,1624,62.3867704459,62.3932177194,-6.40354848969e-06,-0.00644727351803,0.000266537746761,-1.71844175624e-06
q00_from_e2k0,gamma_2,1626,62.3874285133,62.3932239762,-1.46767177966e-07,-0.00579546285472,0.00026384990796,-1.5291323408e-06
q00_from_e2k0,gamma_2,1628,62.3881738332,62.3932303714,6.24847075414e-06,-0.00505653819111,0.000261189174054,-1.32071303371e-06
q00_from_e2k0,gamma_2,1630,62.3889866353,62.3932368215,1.2698515377e-05,-0.0042501861368,0.000258555271708,-1.09890803141e-06
q00_from_e2k0,gamma_2,1632,62.3898462129,62.3932432448,1.91218394576e-05,-0.00339703185182,0.000255947930348,-8.69463271798e-07
q00_from_e2k0,gamma_2,1634,62.3907315646,62.3932495639,2.54409816378e-05,-0.0025179993278,0.000253366882123,-6.37977638872e-07
q00_from_e2k0,gamma_2,1636,62.3916219848,62.3932557069,3.15839434251e-05,-0.00163372213682,0.000250811861887,-4.09756890941e-07
q00_from_e2k0,gamma_2,1638,62.3924977657,62.3932616086,3.74856945911e-05,-0.000763842982586,0.000248282607167,-1.89648927183e-07
q00_from_e2k0,gamma_2,1640,62.3933406199,62.3932672123,4.30893060468e-05,7.3407685619e-05,0.000245778858137,1.80420571499e-08
q00_from_e2k0,gamma_2,1642,62.3941340008,62.3932724703,4.83473900204e-05,0.000861530459588,0.000243300357589,2.09610668892e-07
q00_from_e2k0,gamma_2,1644,62.3948635416,62.3932773461,5.32231250503e-05,0.00158619554144,0.000240846850912,3.82030201086e-07
q00_from_e2k0,gamma_2,1646,62.3955173323,62.3932818128,5.76898193572e-05,0.00223551956135,0.000238418086061,5.32988295168e-07
q00_from_e2k0,gamma_2,1648,62.3960859763,62.3932858528,6.1729814135e-05,0.0028001235648,0.000236013813532,6.60867840889e-07
q00_from_e2k0,gamma_2,1650,62.3965627031,62.3932894562,6.53332971865e-05,0.00327324683734,0.000233633786338,7.64741052227e-07
q00_from_e2k0,gamma_2,1652,62.3969432198,62.3932926199,6.8496966307e-05,0.00365059991445,0.000231277759983,8.44302570809e-07
q00_from_e2k0,gamma_2,1654,62.3972255282,62.3932953455,7.12225307922e-05,0.00393018269529,0.000228945492435,8.99797612533e-07
q00_from_e2k0,gamma_2,1656,62.3974097561,62.3932976379,7.35149240825e-05,0.00411211820334,0.000226636744105,9.3195708098e-07
q00_from_e2k0,gamma_2,1658,62.397497908,62.3932995033,7.53803216398e-05,0.00419840477723,0.000224351277818,9.41917476569e-07
q00_from_e2k0,gamma_2,1660,62.3974938321,62.3933009475,7.68245445641e-05,0.00419288465044,0.000222088858792,9.31192967062e-07
q00_from_e2k0,gamma_2,1662,62.3974028597,62.3933019756,7.78526425336e-05,0.00410088410294,0.000219849254612,9.01576313281e-07
q00_from_e2k0,gamma_2,1664,62.3972315757,62.3933025915,7.84685092015e-05,0.00392898426342,0.000217632235206,8.5507362734e-07
q00_from_e2k0,gamma_2,1666,62.3969877852,62.3933027967,7.86737854028e-05,0.00368498851058,0.000215437572825,7.93884980607e-07
q00_from_e2k0,gamma_2,1668,62.3966801562,62.3933025896,7.8466614525e-05,0.0033775666638,0.000213265042013,7.20316896458e-07
q00_from_e2k0,gamma_2,1670,62.3963182472,62.3933019629,7.78399921089e-05,0.00301628423669,0.00021111441959,6.36781095948e-07
q00_from_e2k0,gamma_2,1672,62.3959126168,62.393300903,7.67800776913e-05,0.00261171380154,0.000208985484626,5.45810274521e-07
q00_from_e2k0,gamma_2,1674,62.395474569,62.3932993889,7.52659625007e-05,0.00217518008039,0.000206878018419,4.49996944736e-07
q00_from_e2k0,gamma_2,1676,62.3950161045,62.3932973943,7.32713600371e-05,0.00171871018188,0.000204791804471,3.51977759509e-07
q00_from_e2k0,gamma_2,1678,62.3945499923,62.393294891,7.07680202083e-05,0.00125510137384,0.00020272662847,2.54442469905e-07
q00_from_e2k0,gamma_2,1680,62.3940896409,62.3932918526,6.77296865206e-05,0.000797788292644,0.000200682278262,1.60101972139e-07
q00_from_e2k0,gamma_2,1682,62.3936490328,62.3932882581,6.41351343234e-05,0.000360774716711,0.000198658543836,7.16709798745e-08
q00_from_e2k0,gamma_2,1684,62.3932425218,62.3932840943,5.99713299607e-05,-4.15724916607e-05,0.000196655217295,-8.17544738102e-09
q00_from_e2k0,gamma_2,1686,62.3928842646,62.3932793599,5.52369778433e-05,-0.00039509530751,0.000194672092841,-7.69140303849e-08
q00_from_e2k0,gamma_2,1688,62.3925879312,62.3932740683,4.99453186507e-05,-0.000686137062729,0.000192708966752,-1.32224764409e-07
q00_from_e2k0,gamma_2,1690,62.3923662199,62.3932682488,4.41258114776e-05,-0.000902028865546,0.000190765637357,-1.72076111451e-07
q00_from_e2k0,gamma_2,1692,62.39223027,62.3932619478,3.7824840561e-05,-0.00103167775874,0.000188841905022,-1.9482399333e-07
q00_from_e2k0,gamma_2,1694,62.3921893401,62.3932552276,3.11046610761e-05,-0.00106588751139,0.000186937572125,-1.99254423537e-07
q00_from_e2k0,gamma_2,1696,62.3922503782,62.3932481647,2.40417963226e-05,-0.000997786520102,0.000185052443037,-1.84642833174e-07
q00_from_e2k0,gamma_2,1698,62.3924176292,62.3932408491,1.6726187738e-05,-0.000823219894826,0.0001831863241,-1.50802626459e-07
q00_from_e2k0,gamma_2,1700,62.392692415,62.3932333828,9.25989206024e-06,-0.000540967849808,0.000181339023612,-9.80985816898e-08
q00_from_e2k0,gamma_2,1702,62.3930729904,62.3932258776,1.75465694241e-06,-0.000152887241008,0.000179510351802,-2.74448424194e-08
q00_from_e2k0,gamma_2,1704,62.3935542678,62.3932184527,-5.67023163711e-06,0.000335815037872,0.000177700120814,5.96743728011e-08
q00_from_e2k0,gamma_2,1706,62.3941275883,62.3932112339,-1.28890169933e-05,0.000916354410599,0.000175908144686,1.61194204243e-07
q00_from_e2k0,gamma_2,1708,62.3947807198,62.3932043528,-1.977012586e-05,0.0015763670019,0.000174134239329,2.7449946878e-07
q00_from_e2k0,gamma_2,1710,62.3954979721,62.3931979441,-2.61788153892e-05,0.00230002796809,0.000172378222515,3.96474732874e-07
q00_from_e2k0,gamma_2,1712,62.396260329,62.3931921412,-3.19817122403e-05,0.00306818781226,0.00017063991385,5.23555303959e-07
q00_from_e2k0,gamma_2,1714,62.3970457507,62.3931870721,-3.70508878831e-05,0.00385867865489,0.00016891913476,6.518046597e-07
q00_from_e2k0,gamma_2,1716,62.3978296876,62.393182854,-4.12689439102e-05,0.00464683355062,0.000167215708472,7.77023564317e-07
q00_from_e2k0,gamma_2,1718,62.3985858783,62.3931795878,-4.45351254825e-05,0.00540629048979,0.000165529459996,8.94900345353e-07
q00_from_e2k0,gamma_2,1720,62.3992873314,62.3931773521,-4.67708424452e-05,0.00610997931511,0.000163860216106,1.00118253098e-06
q00_from_e2k0,gamma_2,1722,62.3999073459,62.393176197,-4.79259680617e-05,0.00673114894488,0.000162207805323,1.09184489765e-06
q00_from_e2k0,gamma_2,1724,62.4004210394,62.3931761383,-4.79846228956e-05,0.00724490112244,0.000160572057898,1.1633286825e-06
q00_from_e2k0,gamma_2,1726,62.4008062192,62.3931771537,-4.69692837228e-05,0.00762906553495,0.000158952805793,1.21266137236e-06
q00_from_e2k0,gamma_2,1728,62.4010444709,62.3931791805,-4.49424545366e-05,0.00786529044981,0.000157349882665,1.2376025294e-06
q00_from_e2k0,gamma_2,1730,62.4011222639,62.3931821185,-4.20044377165e-05,0.00794014542875,0.000155763123847,1.23678185578e-06
q00_from_e2k0,gamma_2,1732,62.4010311294,62.3931858338,-3.82891765156e-05,0.00784529562094,0.000154192366335,1.20968469639e-06
q00_from_e2k0,gamma_2,1734,62.4007680743,62.3931901638,-3.39591380225e-05,0.00757791045007,0.000152637448767,1.15667291808e-06
q00_from_e2k0,gamma_2,1736,62.4003356288,62.393194924,-2.91989124577e-05,0.007140704783,0.000151098211409,1.07894772091e-06
q00_from_e2k0,gamma_2,1738,62.3997413786,62.3931999137,-2.42092130378e-05,0.0065414648989,0.000149574496137,9.78436316249e-07
q00_from_e2k0,gamma_2,1740,62.3989978076,62.3932049221,-1.92008661628e-05,0.0057928855461,0.000148066146422,8.57730239475e-07
q00_from_e2k0,gamma_2,1742,62.3981215045,62.393209736,-1.43869324916e-05,0.00491176852358,0.000146573007314,7.19932683733e-07
q00_from_e2k0,gamma_2,1744,62.3971323135,62.3932141488,-9.97413388859e-06,0.00391816463633,0.000145094925425,5.68505805713e-07
q00_from_e2k0,gamma_2,1746,62.3960532008,62.3932179674,-6.15553203431e-06,0.00283523336438,0.000143631748914,4.07229526707e-07
q00_from_e2k0,gamma_2,1748,62.3949095518,62.3932210186,-3.10433009787e-06,0.00168853316874,0.000142183327472,2.40081264478e-07
q00_from_e2k0,gamma_2,1750,62.3937284721,62.3932231556,-9.67318243283e-07,0.000505316502149,0.000140749512303,7.11230512361e-08
q00_from_e2k0,gamma_2,1752,62.3925381594,62.3932242642,1.41245003249e-07,-0.000686104756241,0.000139330156114,-9.55950827979e-08
q00_from_e2k0,gamma_2,1754,62.3913675747,62.3932242679,1.44917429168e-07,-0.00185669314831,0.000137925113098,-2.56084612468e-07
q00_from_e2k0,gamma_2,1756,62.3902457428,62.3932231317,-9.91211635437e-07,-0.00297738898023,0.000136534238916,-4.06515538372e-07
q00_from_e2k0,gamma_2,1758,62.3892012035,62.3932208635,-3.25942308166e-06,-0.00401966002097,0.000135157390685,-5.43286759876e-07
q00_from_e2k0,gamma_2,1760,62.3882613442,62.3932175135,-6.60940979458e-06,-0.00495616933486,0.000133794426965,-6.63107836101e-07
q00_from_e2k0,gamma_2,1762,62.3874513096,62.3932131735,-1.09494679634e-05,-0.00576186383685,0.00013244520774,-7.63131252844e-07
q00_from_e2k0,gamma_2,1764,62.3867930342,62.3932079723,-1.61506351475e-05,-0.00641493813953,0.000131109594407,-8.41059937622e-07
q00_from_e2k0,gamma_2,1766,62.3863042575,62.39320207,-2.20529865516e-05,-0.00689781246591,0.000129787449761,-8.95249488879e-07
q00_from_e2k0,gamma_2,1768,62.3859973645,62.393195651,-2.84719853312e-05,-0.0071982865106,0.000128478637979,-9.24826046665e-07
q00_from_e2k0,gamma_2,1770,62.3858786302,62.3931889181,-3.52048880075e-05,-0.00731028787493,0.000127183024609,-9.29744522699e-07
q00_from_e2k0,gamma_2,1772,62.3859478402,62.3931820855,-4.20374776979e-05,-0.00723424523661,0.000125900476556,-9.10794922811e-07
q00_from_e2k0,gamma_2,1774,62.3861981252,62.393175372,-4.87509115175e-05,-0.00697724679797,0.000124630862064,-8.69580283265e-07
q00_from_e2k0,gamma_2,1776,62.3866157894,62.393168995,-5.51279852488e-05,-0.00655320559566,0.000123374050709,-8.08495519462e-07
q00_from_e2k0,gamma_2,1778,62.3871807848,62.393163164,-6.09589693781e-05,-0.00598237916352,0.000122129913379,-7.30627449041e-07
q00_from_e2k0,gamma_2,1780,62.3878674299,62.3931580744,-6.60485925295e-05,-0.0052906444386,0.000120898322267,-6.39630036339e-07
q00_from_e2k0,gamma_2,1782,62.3886452533,62.3931538989,-7.02240512425e-05,-0.00450864556603,0.000119679150853,-5.39590872841e-07
q00_from_e2k0,gamma_2,1784,62.3894805178,62.3931507811,-7.33418875711e-05,-0.00367026322629,0.000118472273894,-4.3482443021e-07
q00_from_e2k0,gamma_2,1786,62.3903376183,62.3931488294,-7.5293554076e-05,-0.00281121109463,0.000117277567409,-3.29691998653e-07
q00_from_e2k0,gamma_2,1788,62.3911805508,62.3931481133,-7.60096020258e-05,-0.00196756257807,0.000116094908668,-2.284239978e-07
q00_from_e2k0,gamma_2,1790,62.3919746991,62.3931486608,-7.54621580086e-05,-0.00117396173582,0.000114924176178,-1.34916585353e-07
q00_from_e2k0,gamma_2,1792,62.3926884443,62.3931504574,-7.36655529394e-05,-0.000462013071278,0.000113765249671,-5.2561032405e-08
q00_from_e2k0,gamma_2,1794,62.3932943156,62.3931534486,-7.06743324912e-05,0.000140866984104,0.000112618010092,1.58641594375e-08
q00_from_e2k0,gamma_2,1796,62.3937704043,62.3931575428,-6.65801547726e-05,0.000612861506106,0.000111482339588,6.83232345442e-08
q00_from_e2k0,gamma_2,1798,62.3941012167,62.3931626154,-6.15075936921e-05,0.000938601306281,0.000110358121493,1.03582276992e-07
q00_from_e2k0,gamma_2,1800,62.3942781713,62.3931685138,-5.56091589772e-05,0.0011096575095,0.000109245240318,1.21224801295e-07
q00_from_e2k0,gamma_2,1802,62.394299863,62.3931750621,-4.90608522199e-05,0.00112480086615,0.000108143581737,1.21639994407e-07
q00_from_e2k0,gamma_2,1804,62.394171645,62.3931820677,-4.20551999483e-05,0.000989577234087,0.000107053032581,1.05937243882e-07
q00_from_e2k0,gamma_2,1806,62.3939050737,62.3931893311,-3.47918583898e-05,0.000715742623633,0.000105973480817,7.58497371952e-08
q00_from_e2k0,gamma_2,1808,62.3935169871,62.3931966536,-2.74693589688e-05,0.000320333544778,0.000104904815545,3.36045314277e-08
q00_from_e2k0,gamma_2,1810,62.3930285108,62.3932038451,-2.02778402283e-05,-0.000175334316417,0.000103846926983,-1.82079299545e-08
q00_from_e2k0,gamma_2,1812,62.3924639373,62.393210731,-1.33919250302e-05,-0.000746793698461,0.000102799706456,-7.67701729849e-08
q00_from_e2k0,gamma_2,1814,62.3918492266,62.3932171582,-6.96470045369e-06,-0.00136793161696,0.000101763046384,-1.39204888587e-07
q00_from_e2k0,gamma_2,1816,62.3912106527,62.3932230011,-1.12182550538e-06,-0.00201234846894,0.000100736840273,-2.02717626289e-07
q00_from_e2k0,gamma_2,1818,62.3905736432,62.3932281659,4.04293849954e-06,-0.00265452272187,9.97209827023e-05,-2.6471161443e-07
q00_from_e2k0,gamma_2,1820,62.3899618096,62.3932325938,8.47081453514e-06,-0.0032707842127,9.87153693144e-05,-3.22876671505e-07
q00_from_e2k0,gamma_2,1822,62.3893963087,62.3932362645,1.2141545966e-05,-0.00383995584203,9.77198968041e-05,-3.75240088616e-07
q00_from_e2k0,gamma_2,1824,62.3888954853,62.3932391968,1.50738758435e-05,-0.00434371152861,9.67344629081e-05,-4.20186601747e-07
q00_from_e2k0,gamma_2,1826,62.3884746583,62.3932414458,1.73228690628e-05,-0.0047667875295,9.57589663944e-05,-4.56462646846e-07
q00_from_e2k0,gamma_2,1828,62.3881461632,62.3932431003,1.89773072705e-05,-0.00509693710601,9.47933070515e-05,-4.83155524112e-07
q00_from_e2k0,gamma_2,1830,62.3879193924,62.3932442785,2.01555556671e-05,-0.00532488608031,9.3837385679e-05,-4.99673388815e-07
q00_from_e2k0,gamma_2,1832,62.3878009597,62.3932451227,2.09997456864e-05,-0.00544416298504,9.28911040763e-05,-5.05714310452e-07
q00_from_e2k0,gamma_2,1834,62.3877948388,62.3932457933,2.16703447791e-05,-0.00545095444961,9.19543650335e-05,-5.01239055241e-07
q00_from_e2k0,gamma_2,1836,62.3879026338,62.3932464626,2.23396961729e-05,-0.00534382880013,9.10270723209e-05,-4.8643309066e-07
q00_from_e2k0,gamma_2,1838,62.3881238488,62.3932473074,2.31844022167e-05,-0.00512345854606,9.0109130679e-05,-4.61670395655e-07
q00_from_e2k0,gamma_2,1840,62.3884560982,62.3932485015,2.43785104743e-05,-0.00479240322028,8.92004458092e-05,-4.27484503746e-07
q00_from_e2k0,gamma_2,1842,62.3888951363,62.3932502087,2.60857331682e-05,-0.00435507240252,8.83009243636e-05,-3.84556918813e-07
q00_from_e2k0,gamma_2,1844,62.3894350259,62.3932525743,2.84513432973e-05,-0.00381754840996,8.74104739358e-05,-3.33693715788e-07
q00_from_e2k0,gamma_2,1846,62.3900680338,62.3932557192,3.1596259376e-05,-0.00318768538915,8.65290030512e-05,-2.75827238764e-07
q00_from_e2k0,gamma_2,1848,62.3907844364,62.3932597344,3.56114402749e-05,-0.00247529798413,8.56564211576e-05,-2.12025166619e-07
q00_from_e2k0,gamma_2,1850,62.391572579,62.3932646754,4.05524862899e-05,-0.00169209639923,8.47926386161e-05,-1.43477318484e-07
q00_from_e2k0,gamma_2,1852,62.3924189967,62.3932705595,4.64365972448e-05,-0.000851562877841,8.39375666916e-05,-7.14781158509e-08
q00_from_e2k0,gamma_2,1854,62.393308205,62.3932773636,5.32406199341e-05,3.08414076784e-05,8.30911175439e-05,2.56264703062e-09
q00_from_e2k0,gamma_2,1856,62.3942232375,62.3932850224,6.08994466162e-05,0.000938215137907,8.22532042186e-05,7.71712013392e-08
q00_from_e2k0,gamma_2,1858,62.3951458405,62.3932934289,6.93059404142e-05,0.00185241158235,8.14237406381e-05,1.50830280236e-07
q00_from_e2k0,gamma_2,1860,62.3960565719,62.3933024352,7.83122947681e-05,0.00275413663899,8.06026415929e-05,2.2199068841e-07
q00_from_e2k0,gamma_2,1862,62.3969357279,62.3933118561,8.77331380025e-05,0.00362387176676,7.97898227328e-05,2.89148085876e-07
q00_from_e2k0,gamma_2,1864,62.3977636739,62.3933214739,9.73509253299e-05,0.00444220001799,7.89852005581e-05,3.5086805934e-07
q00_from_e2k0,gamma_2,1866,62.398521073,62.3933310459,0.000106922933398,0.00519002713961,7.81886924113e-05,4.05801435625e-07
q00_from_e2k0,gamma_2,1868,62.39918997,62.3933403134,0.000116190455877,0.00584965659004,7.74002164682e-05,4.52764686334e-07
q00_from_e2k0,gamma_2,1870,62.3997543405,62.3933490121,0.000124889112335,0.0064053284404,7.66196917301e-05,4.90774290534e-07
q00_from_e2k0,gamma_2,1872,62.4002007831,62.3933568802,0.000132757276027,0.00684390282644,7.58470380148e-05,5.19089757846e-07
q00_from_e2k0,gamma_2,1874,62.4005191733,62.3933636667,0.000139543701231,0.0071555066794,7.50821759486e-05,5.37251011505e-07
q00_from_e2k0,gamma_2,1876,62.4007028904,62.3933691395,0.000145016547847,0.00733375086848,7.43250269587e-05,5.45081231008e-07
q00_from_e2k0,gamma_2,1878,62.4007493417,62.3933730948,0.000148971811271,0.0073762469064,7.35755132641e-05,5.42711152102e-07
q00_from_e2k0,gamma_2,1880,62.4006602094,62.3933753621,0.000151239116526,0.00728484736756,7.28335578686e-05,5.3058135231e-07
q00_from_e2k0,gamma_2,1882,62.4004414137,62.3933758097,0.000151686730781,0.00706560406419,7.20990845522e-05,5.09423584836e-07
q00_from_e2k0,gamma_2,1884,62.4001030979,62.3933743493,0.000150226398617,0.0067287485618,7.13720178635e-05,4.80244362552e-07
q00_from_e2k0,gamma_2,1886,62.3996592468,62.3933709386,0.000146815602051,0.00628830821809,7.06522831122e-05,4.44283332521e-07
q00_from_e2k0,gamma_2,1888,62.3991269159,62.3933655804,0.000141457440378,0.00576133551367,6.99398063609e-05,4.02946690206e-07
q00_from_e2k0,gamma_2,1890,62.3985256017,62.3933583235,0.000134200591098,0.0051672782053,6.92345144181e-05,3.57753997407e-07
q00_from_e2k0,gamma_2,1892,62.397876283,62.3933492601,0.000125137138468,0.00452702290619,6.85363348302e-05,3.10265557683e-07
q00_from_e2k0,gamma_2,1894,62.3972002227,62.3933385216,0.000114398604538,0.00386170111251,6.78451958743e-05,2.61997868387e-07
q00_from_e2k0,gamma_2,1896,62.3965179407,62.3933262748,0.000102151838178,0.00319166587121,6.71610265508e-05,2.14355556317e-07
q00_from_e2k0,gamma_2,1898,62.3958483362,62.3933127167,8.8593743051e-05,0.00253561953293,6.64837565759e-05,1.68577511796e-07
q00_from_e2k0,gamma_2,1900,62.39520784,62.3932980685,7.39455906711e-05,0.00190977148608,6.58133163749e-05,1.25688395017e-07
q00_from_e2k0,gamma_2,1902,62.3946101457,62.3932825694,5.84464689268e-05,0.00132757631315,6.51496370743e-05,8.64911149903e-08
q00_from_e2k0,gamma_2,1904,62.3940660341,62.393266469,4.23460089678e-05,0.000799565172535,6.44926504955e-05,5.15660772207e-08
q00_from_e2k0,gamma_2,1906,62.3935834676,62.393250021,2.58980357017e-05,0.000333446657606,6.38422891472e-05,2.12879979301e-08
q00_from_e2k0,gamma_2,1908,62.393168093,62.3932334767,9.35374183797e-06,-6.53836855733e-05,6.31984862188e-05,-4.13214995164e-09
q00_from_e2k0,gamma_2,1910,62.3928238007,62.3932170758,-7.0471630238e-06,-0.000393275038988,6.25611755735e-05,-2.46037487628e-08
q00_from_e2k0,gamma_2,1912,62.392553009,62.3932010387,-2.30842732378e-05,-0.000648029672519,6.19302917412e-05,-4.01326666761e-08
q00_from_e2k0,gamma_2,1914,62.3923569307,62.3931855612,-3.85617548204e-05,-0.000828630501225,6.13057699124e-05,-5.07998308504e-08
q00_from_e2k0,gamma_2,1916,62.3922357566,62.3931708108,-5.33121279673e-05,-0.000935054183046,6.06875459307e-05,-5.67461436813e-08
q00_from_e2k0,gamma_2,1918,62.3921885349,62.3931569243,-6.71986582859e-05,-0.000968389364687,6.0075556287e-05,-5.8176529786e-08
q00_from_e2k0,gamma_2,1920,62.3922134331,62.3931440058,-8.01171305511e-05,-0.000930572669816,5.94697381126e-05,-5.53409129687e-08
q00_from_e2k0,gamma_2,1922,62.3923077665,62.393132127,-9.19959032615e-05,-0.000824360553018,5.88700291727e-05,-4.8530129805e-08
q00_from_e2k0,gamma_2,1924,62.3924677169,62.3931213288,-0.000102794196195,-0.00065361182628,5.82763678601e-05,-3.8090123226e-08
q00_from_e2k0,gamma_2,1926,62.3926885966,62.393111623,-0.000112499989584,-0.000423026336215,5.76886931889e-05,-2.44038365207e-08
q00_from_e2k0,gamma_2,1928,62.3929647487,62.393102995,-0.000121127915833,-0.000138246307387,5.71069447882e-05,-7.8948242431e-09
q00_from_e2k0,gamma_2,1930,62.3932894905,62.3930954073,-0.000128715684511,0.000194083227058,5.65310628959e-05,1.09717311158e-08
q00_from_e2k0,gamma_2,1932,62.3936551208,62.3930888038,-0.000135319151482,0.000566317029403,5.59609883524e-05,3.16916606862e-08
q00_from_e2k0,gamma_2,1934,62.3940526524,62.3930831158,-0.000141007152408,0.000969536635921,5.53966625951e-05,5.37090938937e-08
q00_from_e2k0,gamma_2,1936,62.3944717806,62.3930782672,-0.00014585576335,0.00139351339436,5.48380276514e-05,7.64175260526e-08
q00_from_e2k0,gamma_2,1938,62.3949008264,62.3930741812,-0.000149941762807,0.00182664517629,5.42850261338e-05,9.91594811319e-08
q00_from_e2k0,gamma_2,1940,62.3953265609,62.3930707865,-0.000153336455519,0.00225577443352,5.37376012332e-05,1.21219906981e-07
q00_from_e2k0,gamma_2,1942,62.3957343359,62.3930680224,-0.000156100538462,0.00266631347802,5.31956967134e-05,1.4183640312e-07
q00_from_e2k0,gamma_2,1944,62.3961084242,62.3930658433,-0.000158279641894,0.00304258090794,5.26592569056e-05,1.60220049687e-07
q00_from_e2k0,gamma_2,1946,62.3964321998,62.3930642223,-0.000159900643133,0.00336797745739,5.21282267021e-05,1.75566692426e-07
q00_from_e2k0,gamma_2,1948,62.3966888053,62.3930631531,-0.000160969840962,0.00362565220593,5.16025515508e-05,1.87092904862e-07
q00_from_e2k0,gamma_2,1950,62.3968618449,62.3930626496,-0.000161473313213,0.00379919526282,5.10821774502e-05,1.94071166583e-07
q00_from_e2k0,gamma_2,1952,62.3969358073,62.3930627441,-0.000161378845362,0.0038730632205,5.05670509428e-05,1.95849385176e-07
q00_from_e2k0,gamma_2,1954,62.396896933,62.3930634851,-0.000160637870934,0.00383344788786,5.00571191106e-05,1.91891357527e-07
q00_from_e2k0,gamma_2,1956,62.3967338847,62.3930649352,-0.000159187795489,0.00366894958101,4.95523295691e-05,1.81804998811e-07
q00_from_e2k0,gamma_2,1958,62.3964386411,62.3930671674,-0.000156955598761,0.00337147375709,4.9052630462e-05,1.65379656319e-07
q00_from_e2k0,gamma_2,1960,62.3960075381,62.3930702613,-0.000153861602975,0.00293727675925,4.85579704559e-05,1.42628198096e-07
q00_from_e2k0,gamma_2,1962,62.3954415741,62.3930742988,-0.00014982416559,0.00236727533715,4.80682987353e-05,1.13790898095e-07
q00_from_e2k0,gamma_2,1964,62.3947471025,62.393079357,-0.000144765996076,0.00166774556802,4.75835649969e-05,7.93572796342e-08
q00_from_e2k0,gamma_2,1966,62.3939360845,62.3930855033,-0.000138619697537,0.000850581208653,4.71037194447e-05,4.00655386173e-08
q00_from_e2k0,gamma_2,1968,62.3930255905,62.3930927905,-0.000131332442791,-6.71999961384e-05,4.6628712785e-05,-3.13344931909e-09
q00_from_e2k0,gamma_2,1970,62.3920376376,62.3931012518,-0.000122871160897,-0.00106361419134,4.61584962211e-05,-4.90948316315e-08
q00_from_e2k0,gamma_2,1972,62.3909982786,62.3931108957,-0.000113227213689,-0.00211261709617,4.56930214483e-05,-9.65318582874e-08
q00_from_e2k0,gamma_2,1974,62.3899362305,62.3931217031,-0.000102419890212,-0.00318547258508,4.52322406491e-05,-1.44086062549e-07
q00_from_e2k0,gamma_2,1976,62.3888819615,62.3931336241,-9.04988277668e-05,-0.00425166258712,4.47761064882e-05,-1.90372896753e-07
q00_from_e2k0,gamma_2,1978,62.3878662232,62.3931465773,-7.75456645385e-05,-0.00528035404317,4.43245721078e-05,-2.34049433541e-07
q00_from_e2k0,gamma_2,1980,62.3869186865,62.3931604493,-6.36736956068e-05,-0.00624176276291,4.38775911222e-05,-2.73873514393e-07
q00_from_e2k0,gamma_2,1982,62.386067014,62.3931750974,-4.90255224221e-05,-0.0071080834081,4.3435117614e-05,-3.08740438841e-07
q00_from_e2k0,gamma_2,1984,62.3853357241,62.3931903533,-3.37696449719e-05,-0.00785462922635,4.29971061284e-05,-3.37726326444e-07
q00_from_e2k0,gamma_2,1986,62.3847453236,62.3932060271,-1.80958621741e-05,-0.0084607034662,4.25635116692e-05,-3.60117250713e-07
q00_from_e2k0,gamma_2,1988,62.3843119593,62.3932219131,-2.20987924138e-06,-0.0089099537485,4.21342896939e-05,-3.75414572398e-07
q00_from_e2k0,gamma_2,1990,62.3840467793,62.3932377967,1.36737492369e-05,-0.00919101739774,4.17093961092e-05,-3.83351785289e-07
q00_from_e2k0,gamma_2,1992,62.3839555883,62.3932534635,2.93405006246e-05,-0.00929787519539,4.12887872665e-05,-3.83897990973e-07
q00_from_e2k0,gamma_2,1994,62.3840391613,62.3932687072,4.45842778873e-05,-0.00922954590357,4.08724199572e-05,-3.77233876185e-07
q00_from_e2k0,gamma_2,1996,62.3842932766,62.393283338,5.92150773429e-05,-0.0089900614086,4.04602514086e-05,-3.6374014477e-07
q00_from_e2k0,gamma_2,1998,62.3847090933,62.39329719,7.30670370501e-05,-0.00858809670578,4.00522392792e-05,-3.43972504213e-07
q00_from_e2k0,gamma_2,2000,62.3852739866,62.3933101275,8.60045543192e-05,-0.00803614087143,3.96483416546e-05,-3.18619658855e-07
q00_from_e2k0,cosine_6,0,62.3932241229,62.3932241229,0,0,1,0
q00_from_e2k0,cosine_6,2,62.3913287843,62.3932232281,-8.94895229919e-07,-0.0018944437975,0.999992597821,-0.00189442977449
q00_from_e2k0,cosine_6,4,62.3894222728,62.393220571,-3.55196807789e-06,-0.00379829820318,0.999970391576,-0.00379818574156
q00_from_e2k0,cosine_6,6,62.3875014185,62.3932162269,-7.89601014617e-06,-0.00571480847682,0.999933382143,-0.00571442776853
q00_from_e2k0,cosine_6,8,62.3855705278,62.3932103337,-1.3789293817e-05,-0.00763980581371,0.999881570981,-0.007638901039
q00_from_e2k0,cosine_6,10,62.3836459514,62.3932030953,-2.10276713375e-05,-0.00955714386736,0.999814960137,-0.00955537541477
q00_from_e2k0,cosine_6,12,62.381759666,62.3931947687,-2.93542806702e-05,-0.0114351027119,0.99973355224,-0.0114320558544
q00_from_e2k0,cosine_6,14,62.3799570976,62.3931856459,-3.84770854538e-05,-0.0132285482808,0.999637350503,-0.0132237509545
q00_from_e2k0,cosine_6,16,62.3782953881,62.3931760404,-4.80825165141e-05,-0.0148806522965,0.999526358723,-0.0148736042054
q00_from_e2k0,cosine_6,18,62.376839029,62.3931662751,-5.78478290691e-05,-0.0163272461227,0.999400581283,-0.0163174592658
q00_from_e2k0,cosine_6,20,62.3756538343,62.3931566721,-6.74508313452e-05,-0.0175028378651,0.999260023146,-0.0174898861702
q00_from_e2k0,cosine_6,22,62.3748028066,62.3931475472,-7.65757992056e-05,-0.0183447405127,0.999104689859,-0.0183283162805
q00_from_e2k0,cosine_6,24,62.3743418276,62.3931392026,-8.49203522932e-05,-0.0187973749696,0.998934587553,-0.0187773480123
q00_from_e2k0,cosine_6,26,62.3743148997,62.393131921,-9.22019548071e-05,-0.018817021314,0.99874972294,-0.0187934948239
q00_from_e2k0,cosine_6,28,62.3747512119,62.3931259597,-9.81632880368e-05,-0.0183747477612,0.998550103316,-0.0183481062753
q00_from_e2k0,cosine_6,30,62.3756627688,62.3931215441,-0.000102578885361,-0.0174587753092,0.998335736555,-0.0174297193076
q00_from_e2k0,cosine_6,32,62.3770423275,62.3931188624,-0.000105260592072,-0.016076534895,0.998106631116,-0.0160460960841
q00_from_e2k0,cosine_6,34,62.3788630483,62.3931180612,-0.000106061731927,-0.0142550129384,0.997862796037,-0.0142245470682
q00_from_e2k0,cosine_6,36,62.3810789639,62.3931192412,-0.000104881761551,-0.012040277257,0.997604240934,-0.0120114316536
q00_from_e2k0,cosine_6,38,62.3836260565,62.3931224543,-0.00010166868006,-0.00949639773597,0.997330976008,-0.00947105162257
q00_from_e2k0,cosine_6,40,62.3864248891,62.3931277039,-9.64190200108e-05,-0.0067028148332,0.997043012032,-0.00668299469039
q00_from_e2k0,cosine_6,42,62.3893841455,62.3931349443,-8.91786287411e-05,-0.00375079886946,0.996740360364,-0.0037385726168
q00_from_e2k0,cosine_6,44,62.3924043326,62.3931440801,-8.00428760357e-05,-0.000739747447454,0.996423032935,-0.000737101395199
q00_from_e2k0,cosine_6,46,62.3953819188,62.3931549696,-6.91533567903e-05,0.00222694920797,0.996091042255,0.00221824415762
q00_from_e2k0,cosine_6,48,62.3982138072,62.3931674309,-5.66920856713e-05,0.00504637631683,0.99574440141,0.0050249009649
q00_from_e2k0,cosine_6,50,62.4008022,62.3931812467,-4.28762049083e-05,0.00762095321537,0.995383124061,0.00758576821984
q00_from_e2k0,cosine_6,52,62.4030588356,62.3931961687,-2.7954256808e-05,0.00986266687116,0.995007224445,0.0098134247891
q00_from_e2k0,cosine_6,54,62.4049082973,62.3932119223,-1.22006517387e-05,0.011696375042,0.994616717372,0.0116334101494
q00_from_e2k0,cosine_6,56,62.4062908408,62.3932282162,4.0932215768e-06,0.0130626246005,0.994211618224,0.0129870131423
q00_from_e2k0,cosine_6,58,62.4071646506,62.3932447506,2.0627655374e-05,0.0139198999884,0.993791942957,0.0138334844552
q00_from_e2k0,cosine_6,60,62.4075074269,62.3932612247,3.71017040592e-05,0.0142462022742,0.993357708097,0.0141515748402
q00_from_e2k0,cosine_6,62,62.407316999,62.393277344,5.32210646753e-05,0.0140396549664,0.992908930741,0.0139400988007
q00_from_e2k0,cosine_6,64,62.4066106996,62.3932928297,6.87067964975e-05,0.0133178698704,0.992445628555,0.0132172617346
q00_from_e2k0,cosine_6,66,62.4054240368,62.3933074257,8.33027583553e-05,0.0121166110863,0.991967819774,0.0120192882823
q00_from_e2k0,cosine_6,68,62.4038086632,62.3933209043,9.67813169837e-05,0.0104877588908,0.991475523199,0.0103983562335
q00_from_e2k0,cosine_6,70,62.4018298495,62.3933330702,0.000108947297022,0.00849677925436,0.990968758196,0.00842004278636
q00_from_e2k0,cosine_6,72,62.3995635919,62.393343764,0.000119641094983,0.00621982784953,0.9904475447,0.00616041322203
q00_from_e2k0,cosine_6,74,62.3970933926,62.3933528637,0.000128740743349,0.00374052888959,0.989911903207,0.00370279407209
q00_from_e2k0,cosine_6,76,62.3945068612,62.3933602848,0.000136161879666,0.00114657634228,0.989361854774,0.00113437889664
q00_from_e2k0,cosine_6,78,62.391892367,62.3933659796,0.000141856622548,-0.00147361261731,0.988797421024,-0.00145710435559
q00_from_e2k0,cosine_6,80,62.3893362982,62.3933699348,0.00014581180357,-0.00403363658618,0.988218624137,-0.00398611479746
q00_from_e2k0,cosine_6,82,62.3869199794,62.3933721689,0.000148045937301,-0.00645218947054,0.987625486852,-0.0063723467671
q00_from_e2k0,cosine_6,84,62.3847176169,62.3933727288,0.000148605881321,-0.00865511194577,0.987018032466,-0.00854275156349
q00_from_e2k0,cosine_6,86,62.3827943766,62.3933716866,0.000147563638862,-0.0105773099585,0.986396284833,-0.0104334192466
q00_from_e2k0,cosine_6,88,62.3812043818,62.3933691367,0.000145013750981,-0.0121647548664,0.985760268362,-0.0119915320217
q00_from_e2k0,cosine_6,90,62.3799901755,62.3933651936,0.000141070665279,-0.0133750181521,0.985110008014,-0.013175864239
q00_from_e2k0,cosine_6,92,62.379182055,62.3933599873,0.00013586432965,-0.0141779322946,0.984445529303,-0.0139574020622
q00_from_e2k0,cosine_6,94,62.3787972103,62.3933536597,0.00012953677151,-0.0145564494308,0.983766858293,-0.0143201525244
q00_from_e2k0,cosine_6,96,62.378839975,62.3933463643,0.000122241343931,-0.0145063892636,0.983074021597,-0.0142608544323
q00_from_e2k0,cosine_6,98,62.3793024031,62.3933382635,0.000114140573274,-0.0140358603851,0.982367046378,-0.0137883667099
q00_from_e2k0,cosine_6,100,62.3801653857,62.3933295248,0.000105401864907,-0.0131641390828,0.98164596034,-0.0129225239519
q00_from_e2k0,cosine_6,102,62.3813998265,62.3933203166,9.61936563755e-05,-0.0119204900586,0.980910791736,-0.0116929373413
q00_from_e2k0,cosine_6,104,62.3829674758,62.3933108066,8.66836994859e-05,-0.0103433308927,0.98016156936,-0.0101381354402
q00_from_e2k0,cosine_6,106,62.3848226218,62.3933011628,7.70398400221e-05,-0.00847854096556,0.979398322546,-0.0083038687993
q00_from_e2k0,cosine_6,108,62.3869138927,62.3932915527,6.74297209642e-05,-0.00637766000661,0.978621081169,-0.006241312531
q00_from_e2k0,cosine_6,110,62.3891854443,62.3932821404,5.80174515505e-05,-0.00409669611644,0.97782987564,-0.00400587185408
q00_from_e2k0,cosine_6,112,62.3915786114,62.3932730837,4.89607271348e-05,-0.00169447229999,0.977024736908,-0.00165554135309
q00_from_e2k0,cosine_6,114,62.3940332384,62.3932645318,4.04088103636e-05,0.000768706655904,0.976205696454,0.000750415816396
q00_from_e2k0,cosine_6,116,62.3964884616,62.3932566216,3.24986367275e-05,0.00323184005426,0.975372786293,0.00315224883857
q00_from_e2k0,cosine_6,118,62.3988844138,62.3932494735,2.53505071441e-05,0.0056349403037,0.974526038969,0.00549139605399
q00_from_e2k0,cosine_6,120,62.4011632516,62.3932431872,1.9064204885e-05,0.00792006441226,0.973665487555,0.00771149337743
q00_from_e2k0,cosine_6,122,62.4032703643,62.3932378379,1.37149433712e-05,0.0100325263746,0.972791165652,0.00975955302633
q00_from_e2k0,cosine_6,124,62.4051559126,62.393233473,9.35002159963e-06,0.0119224396124,0.971903107383,0.0115874561069
q00_from_e2k0,cosine_6,126,62.4067756576,62.3932301091,5.98610540692e-06,0.0135455485111,0.971001347397,0.0131527458555
q00_from_e2k0,cosine_6,128,62.4080918557,62.3932277299,3.60691957724e-06,0.0148641258688,0.970085920862,0.0144194792313
q00_from_e2k0,cosine_6,130,62.4090745387,62.3932262848,2.16184193391e-06,0.0158482539128,0.969156863464,0.0153594440535
q00_from_e2k0,cosine_6,132,62.4097020189,62.3932256876,1.56465742407e-06,0.0164763313332,0.968214211408,0.0159526181486
q00_from_e2k0,cosine_6,134,62.4099613342,62.393225817,1.69404680861e-06,0.0167355172101,0.96725800141,0.0161875629292
q00_from_e2k0,cosine_6,136,62.4098487176,62.3932265194,2.396429295e-06,0.0166221981965,0.966288270703,0.0160618351506
q00_from_e2k0,cosine_6,138,62.4093696906,62.3932276117,3.48877579626e-06,0.0161420788634,0.965305057028,0.0155820303578
q00_from_e2k0,cosine_6,140,62.4085390665,62.3932288845,4.76159456753e-06,0.0153101819669,0.964308398633,0.0147637370553
q00_from_e2k0,cosine_6,142,62.4073805474,62.393230107,5.98403701701e-06,0.0141504404248,0.963298334274,0.0136310956904
q00_from_e2k0,cosine_6,144,62.4059258447,62.3932310337,6.91075045012e-06,0.0126948109848,0.962274903211,0.0122158980116
q00_from_e2k0,cosine_6,146,62.4042138982,62.3932314137,7.2907966171e-06,0.0109824844936,0.961238145205,0.0105567830243
q00_from_e2k0,cosine_6,148,62.4022898428,62.3932310013,6.87831174417e-06,0.00905884150776,0.960188100514,0.00869819182019
q00_from_e2k0,cosine_6,150,62.4002038251,62.3932295658,5.44289918025e-06,0.00697425927181,0.959124809897,0.00668918509824
q00_from_e2k0,cosine_6,152,62.3980097061,62.3932269033,2.78036145573e-06,0.00478280279569,0.958048314604,0.00458215615749
q00_from_e2k0,cosine_6,154,62.3957635261,62.3932228467,-1.27625099822e-06,0.00254067942818,0.956958656381,0.00243132517188
q00_from_e2k0,cosine_6,156,62.3935220524,62.3932172762,-6.84676001583e-06,0.000304776234266,0.955855877459,0.000291322154833
q00_from_e2k0,cosine_6,158,62.3913413102,62.3932101277,-1.39952848173e-05,-0.00186881746571,0.954740020562,-0.00178423482564
q00_from_e2k0,cosine_6,160,62.3892752254,62.3932013993,-2.2723697704e-05,-0.00392617389704,0.953611128894,-0.00374404312219
q00_from_e2k0,cosine_6,162,62.3873743798,62.3931911552,-3.29677576048e-05,-0.00581677540468,0.952469246145,-0.00554029968469
q00_from_e2k0,cosine_6,164,62.3856847822,62.393179527,-4.459598496e-05,-0.0074947447154,0.951314416484,-0.00712985869563
q00_from_e2k0,cosine_6,166,62.3842465237,62.3931667116,-5.74113304026e-05,-0.00892018796652,0.950146684556,-0.00847548702201
q00_from_e2k0,cosine_6,168,62.3830928542,62.393152968,-7.11549393202e-05,-0.0100601137968,0.948966095483,-0.00954670690982
q00_from_e2k0,cosine_6,170,62.38224957,62.3931386103,-8.55126933388e-05,-0.0108890402596,0.947772694859,-0.0103203350312
q00_from_e2k0,cosine_6,172,62.381734394,62.3931239969,-0.000100126083126,-0.0113896028584,0.946566528747,-0.0107810168415
q00_from_e2k0,cosine_6,174,62.3815566314,62.3931095175,-0.000114605491653,-0.0115528860144,0.945347643678,-0.0109214935714
q00_from_e2k0,cosine_6,176,62.3817169687,62.3930955789,-0.000128544070584,-0.0113786102284,0.944116086646,-0.0107427289603
q00_from_e2k0,cosine_6,178,62.3822074386,62.393082591,-0.000141531952053,-0.0108751523735,0.94287190511,-0.0102538756367
q00_from_e2k0,cosine_6,180,62.3830115378,62.3930709531,-0.000153169802715,-0.0100594153924,0.941615146984,-0.00947209790333
q00_from_e2k0,cosine_6,182,62.3841047444,62.3930610406,-0.000163082366328,-0.0089562961912,0.940345860642,-0.00842201605008
q00_from_e2k0,cosine_6,184,62.3854550687,62.3930531913,-0.000170931614306,-0.00759812264363,0.939064094909,-0.00713512416335
q00_from_e2k0,cosine_6,186,62.3870237398,62.3930476955,-0.000176427418928,-0.00602395577037,0.937769899062,-0.00564908439474
q00_from_e2k0,cosine_6,188,62.3887661615,62.3930447864,-0.000179336580686,-0.00427862485964,0.936463322827,-0.00400677525319
q00_from_e2k0,cosine_6,190,62.3906330049,62.3930446316,-0.000179491372478,-0.00241162668338,0.935144416374,-0.00225521922734
q00_from_e2k0,cosine_6,192,62.3925715557,62.3930473273,-0.000176795695907,-0.000475771584938,0.933813230314,-0.000444281800623
q00_from_e2k0,cosine_6,194,62.3945269021,62.3930528953,-0.000171227626346,0.00147400682098,0.932469815701,0.0013744668687
q00_from_e2k0,cosine_6,196,62.3964433681,62.393061283,-0.000162839904419,0.00338208509326,0.931114224023,0.00314910753719
q00_from_e2k0,cosine_6,198,62.3982660933,62.3930723644,-0.000151758568173,0.00519372888208,0.929746507203,0.00482885128748
q00_from_e2k0,cosine_6,200,62.399942557,62.3930859435,-0.000138179460933,0.00685661348128,0.928366717593,0.00636545175141
q00_from_e2k0,cosine_6,202,62.401424157,62.3931017601,-0.000122362836819,0.00832239685931,0.926974907974,0.00771465306279
q00_from_e2k0,cosine_6,204,62.4026675295,62.3931194976,-0.000104625332014,0.00954803188239,0.925571131552,0.00883738267348
q00_from_e2k0,cosine_6,206,62.4036356825,62.3931387934,-8.53295406671e-05,0.0104968890502,0.924155441955,0.0097007571393
q00_from_e2k0,cosine_6,208,62.4042992882,62.39315925,-6.48729041401e-05,0.0111400381396,0.922727893228,0.010279223923
q00_from_e2k0,cosine_6,210,62.4046376059,62.3931804469,-4.36760933837e-05,0.0114571590245,0.921288539833,0.0105553493083
q00_from_e2k0,cosine_6,212,62.4046390532,62.3932019524,-2.21705514747e-05,0.0114371007852,0.919837436645,0.0105202734689
q00_from_e2k0,cosine_6,214,62.4043016738,62.3932233367,-7.8620899302e-07,0.0110783370232,0.918374638947,0.0101740637638
q00_from_e2k0,cosine_6,216,62.4036330798,62.3932441828,2.00598928259e-05,0.0103888969542,0.91690020243,0.00952558172031
q00_from_e2k0,cosine_6,218,62.4026500905,62.3932640979,3.9974983558e-05,0.00938599260927,0.915414183186,0.00859207075781
q00_from_e2k0,cosine_6,220,62.4013781893,62.3932827247,5.86017276518e-05,0.00809546463349,0.91391663771,0.00739857981854
q00_from_e2k0,cosine_6,222,62.3998509443,62.3932997501,7.56271706024e-05,0.00655119414326,0.912407622891,0.00597735947535
q00_from_e2k0,cosine_6,224,62.3981088679,62.393314912,9.07890183584e-05,0.00479395593933,0.910887196013,0.00436675308339
q00_from_e2k0,cosine_6,226,62.3961980714,62.3933280034,0.000103880462937,0.00287006800738,0.909355414751,0.00260991188321
q00_from_e2k0,cosine_6,228,62.3941689648,62.3933388768,0.000114753801242,0.000830088041369,0.907812337166,0.000753564164888
q00_from_e2k0,cosine_6,230,62.3920748484,62.393347445,0.000123322033595,-0.00127259658287,0.906258021703,-0.00115330086162
q00_from_e2k0,cosine_6,232,62.3899703958,62.3933536818,0.00012955886956,-0.00338328600334,0.904692527188,-0.00306083356456
q00_from_e2k0,cosine_6,234,62.3879100999,62.3933576203,0.000133497379451,-0.00544752042923,0.903115912824,-0.00491974238507
q00_from_e2k0,cosine_6,236,62.3859468378,62.39335935,0.000135227072661,-0.00741251220835,0.901528238189,-0.00668258907175
q00_from_e2k0,cosine_6,238,62.384130524,62.3933590123,0.000134889387752,-0.00922848831431,0.899929563231,-0.00830498945797
q00_from_e2k0,cosine_6,240,62.3825069195,62.3933567945,0.000132671517022,-0.0108498749514,0.898319948263,-0.00974665910501
q00_from_e2k0,cosine_6,242,62.3811164989,62.3933529223,0.000128799315775,-0.0122364233492,0.896699453966,-0.0109723941357
q00_from_e2k0,cosine_6,244,62.379993332,62.3933476529,0.000123529977131,-0.0133543209465,0.895068141378,-0.011953027229
q00_from_e2k0,cosine_6,246,62.3791643637,62.3933412668,0.000117143811451,-0.0141769030913,0.893426071895,-0.0126660148405
q00_from_e2k0,cosine_6,248,62.3786489912,62.3933340578,0.00010993484851,-0.0146850665829,0.891773307269,-0.0130957503941
q00_from_e2k0,cosine_6,250,62.378458609,62.3933263241,0.000102201177754,-0.0148677151495,0.890109909599,-0.0132339005877
q00_from_e2k0,cosine_6,252,62.3785964015,62.3933183583,9.42353482003e-05,-0.0147219567831,0.888435941331,-0.0130795155328
q00_from_e2k0,cosine_6,254,62.3790573923,62.393310438,8.63150197858e-05,-0.0142530456429,0.886751465255,-0.0126389091082
q00_from_e2k0,cosine_6,256,62.379828599,62.3933028173,7.86943424984e-05,-0.0134742182614,0.885056544502,-0.0119254450543
q00_from_e2k0,cosine_6,258,62.3808894479,62.3932957191,7.15961209181e-05,-0.0124062711497,0.883351242537,-0.0109590950354
q00_from_e2k0,cosine_6,260,62.3822123032,62.3932893281,6.52051247982e-05,-0.0110770248656,0.881635623159,-0.00976589972014
q00_from_e2k0,cosine_6,262,62.3837630988,62.393283786,5.96630608598e-05,-0.00952068725012,0.879909750494,-0.00837734554278
q00_from_e2k0,cosine_6,264,62.3855021841,62.3932791882,5.50652245863e-05,-0.00777700408468,0.878173688995,-0.00682956036637
q00_from_e2k0,cosine_6,266,62.3873851255,62.3932755818,5.14588877536e-05,-0.00589045635962,0.876427503438,-0.00516255796137
q00_from_e2k0,cosine_6,268,62.3893637025,62.393272966,4.88430612364e-05,-0.00390926353993,0.874671258915,-0.0034193204619
q00_from_e2k0,cosine_6,270,62.3913871336,62.3932712925,4.71695435635e-05,-0.00188415892089,0.872905020835,-0.00164469178209
q00_from_e2k0,cosine_6,272,62.393403216,62.3932704686,4.63456708104e-05,0.000132747363416,0.871128854914,0.000115640058686
q00_from_e2k0,cosine_6,274,62.3953596405,62.3932703611,4.62381870037e-05,0.00208927937972,0.869342827181,0.00181630004274
q00_from_e2k0,cosine_6,276,62.3972054968,62.3932708012,4.66782307313e-05,0.00393469565329,0.867547003964,0.00341353342552
q00_from_e2k0,cosine_6,278,62.398892627,62.3932715911,4.74681387175e-05,0.00562103593743,0.865741451894,0.00486636381362
q00_from_e2k0,cosine_6,280,62.400377152,62.3932725125,4.83895438208e-05,0.00710463947816,0.863926237895,0.00613788445597
q00_from_e2k0,cosine_6,282,62.4016209573,62.3932733353,4.92123312839e-05,0.00834762205074,0.862101429188,0.00719649690026
q00_from_e2k0,cosine_6,284,62.4025928515,62.3932738276,4.97046366874e-05,0.00931902394356,0.860267093279,0.00801684964013
q00_from_e2k0,cosine_6,286,62.4032696982,62.3932737663,4.96433376327e-05,0.00999593193822,0.858423297962,0.00858074086062
q00_from_e2k0,cosine_6,288,62.4036373721,62.3932729468,4.88238099692e-05,0.0103644253901,0.856570111311,0.0088778570101
q00_from_e2k0,cosine_6,290,62.4036911515,62.3932711913,4.70683735045e-05,0.0104199601703,0.854707601678,0.00890601916675
q00_from_e2k0,cosine_6,292,62.4034358291,62.3932683566,4.42336179276e-05,0.0101674725743,0.852835837687,0.00867118499003
q00_from_e2k0,cosine_6,294,62.4028854333,62.3932643391,4.02161093689e-05,0.00962109420657,0.850954888237,0.00818711714526
q00_from_e2k0,cosine_6,296,62.4020628214,62.393259079,3.49560969823e-05,0.00880374231777,0.849064822487,0.00747494790826
q00_from_e2k0,cosine_6,298,62.4009988202,62.3932525627,2.84397238062e-05,0.00774625750601,0.847165709864,0.00656236373887
q00_from_e2k0,cosine_6,300,62.3997311762,62.393244822,2.06990172416e-05,0.00648635425078,0.845257620051,0.00548264035682
q00_from_e2k0,cosine_6,302,62.3983034156,62.3932359328,1.18098056134e-05,0.0050674828278,0.843340622985,0.00427361412496
q00_from_e2k0,cosine_6,304,62.3967631844,62.3932260113,1.88836612125e-06,0.00353717309259,0.841414788857,0.00297622975085
q00_from_e2k0,cosine_6,306,62.3951606924,62.3932152104,-8.91253869639e-06,0.00194548201373,0.839480188102,0.00163319360684
q00_from_e2k0,cosine_6,308,62.3935470883,62.3932037147,-2.0408216443e-05,0.000343373563716,0.837536891401,0.000287588027144
q00_from_e2k0,cosine_6,310,62.3919727474,62.393191735,-3.23879494033e-05,-0.00121898762596,0.835584969673,-0.00101856773847
q00_from_e2k0,cosine_6,312,62.3904856772,62.3931795013,-4.46216897814e-05,-0.00269382409766,0.833624494072,-0.00224563775053
q00_from_e2k0,cosine_6,314,62.3891299784,62.3931672565,-5.68664749778e-05,-0.0040372780277,0.831655535985,-0.00335762462205
q00_from_e2k0,cosine_6,316,62.3879446025,62.3931552503,-6.88726366889e-05,-0.00521064786237,0.829678167026,-0.00432316076747
q00_from_e2k0,cosine_6,318,62.3869624445,62.3931437324,-8.03905728759e-05,-0.00618128784404,0.827692459033,-0.00511620533562
q00_from_e2k0,cosine_6,320,62.3862097012,62.3931329447,-9.11782227746e-05,-0.006923243545,0.825698484064,-0.00571651169992
q00_from_e2k0,cosine_6,322,62.3857054023,62.3931231155,-0.000101007447242,-0.00741771319812,0.823696314394,-0.00610994302252
q00_from_e2k0,cosine_6,324,62.3854614974,62.3931144543,-0.000109668605731,-0.00765295692803,0.821686022507,-0.00628832773862
q00_from_e2k0,cosine_6,326,62.3854832533,62.3931071471,-0.000116975818045,-0.00762389386257,0.819667681099,-0.00624905940328
q00_from_e2k0,cosine_6,328,62.3857693729,62.3931013501,-0.000122772887813,-0.00733197720098,0.817641363068,-0.0059949278326
q00_from_e2k0,cosine_6,330,62.3863123843,62.3930971854,-0.00012693750012,-0.00678480113935,0.815607141512,-0.00553373226299
q00_from_e2k0,cosine_6,332,62.3870991365,62.3930947397,-0.000129383286122,-0.00599560317736,0.813565089726,-0.00487781343695
q00_from_e2k0,cosine_6,334,62.3881110668,62.3930940631,-0.000130059880902,-0.00498299622338,0.811515281198,-0.00404377758142
q00_from_e2k0,cosine_6,336,62.3893245324,62.3930951713,-0.00012895163055,-0.00377063890691,0.809457789603,-0.00305217303498
q00_from_e2k0,cosine_6,338,62.3907113295,62.3930980472,-0.000126075780173,-0.00238671766118,0.807392688801,-0.00192701838987
q00_from_e2k0,cosine_6,340,62.3922389615,62.3931026431,-0.000121479859999,-0.000863681554684,0.805320052831,-0.000695540075247
q00_from_e2k0,cosine_6,342,62.3938711963,62.3931088846,-0.000115238322515,0.000762311633061,0.803239955911,0.00061231916253
q00_from_e2k0,cosine_6,344,62.3955688453,62.3931166743,-0.000107448674655,0.00245217098252,0.801152472429,0.00196456284547
q00_from_e2k0,cosine_6,346,62.3972903922,62.3931258958,-9.82271347638e-05,0.00416449640431,0.799057676942,0.00332767282246
q00_from_e2k0,cosine_6,348,62.3989931102,62.3931364189,-8.77040275782e-05,0.00585669127173,0.796955644172,0.00466752316518
q00_from_e2k0,cosine_6,350,62.4006342093,62.3931481029,-7.60200780121e-05,0.00748610645924,0.794846449001,0.00595030513597
q00_from_e2k0,cosine_6,352,62.4021718595,62.3931607988,-6.33241392478e-05,0.00901106073634,0.792730166466,0.00714333967755
q00_from_e2k0,cosine_6,354,62.4035661893,62.3931743508,-4.97721743642e-05,0.0103918385176,0.790606871758,0.00821585894219
q00_from_e2k0,cosine_6,356,62.4047802932,62.3931885964,-3.55265487073e-05,0.0115916967804,0.788476640216,0.00913978213184
q00_from_e2k0,cosine_6,358,62.4057809544,62.393203369,-2.07539120964e-05,0.0125775853289,0.786339547322,0.00989025275396
q00_from_e2k0,cosine_6,360,62.4065394578,62.3932185008,-5.62216695243e-06,0.0133209570395,0.784195668699,0.0104462368133
q00_from_e2k0,cosine_6,362,62.4070324802,62.393233824,9.70109461207e-06,0.0137986561796,0.782045080106,0.0107911711773
q00_from_e2k0,cosine_6,364,62.4072426962,62.393249171,2.50480541268e-05,0.0139935251493,0.779887857434,0.0109133803466
q00_from_e2k0,cosine_6,366,62.4071593365,62.393264373,4.02500794294e-05,0.0138949634685,0.777724076702,0.0108064476343
q00_from_e2k0,cosine_6,368,62.4067789008,62.3932792615,5.51385345204e-05,0.0134996392767,0.775553814054,0.0104696967294
q00_from_e2k0,cosine_6,370,62.4061051565,62.3932936679,6.95449013506e-05,0.0128114886719,0.773377145752,0.00990811254191
q00_from_e2k0,cosine_6,372,62.405149477,62.3933074235,8.33005139569e-05,0.0118420535305,0.771194148175,0.00913252238506
q00_from_e2k0,cosine_6,374,62.4039311058,62.3933203595,9.62365065931e-05,0.0106107463644,0.769004897814,0.00815971592367
q00_from_e2k0,cosine_6,376,62.4024764223,62.3933323076,0.000108184698064,0.00914411463955,0.766809471267,0.00701179371196
q00_from_e2k0,cosine_6,378,62.4008185948,62.3933431032,0.000118980279254,0.00747549152237,0.764607945237,0.00571582021256
q00_from_e2k0,cosine_6,380,62.3989968973,62.3933525871,0.000128464139138,0.00564431024975,0.762400396526,0.00430322437252
q00_from_e2k0,cosine_6,382,62.397055347,62.3933606089,0.000136485983845,0.00369473806916,0.76018690203,0.00280869148661
q00_from_e2k0,cosine_6,384,62.3950414142,62.3933670316,0.000142908672679,0.00167438259109,0.75796753874,0.00126912765148
q00_from_e2k0,cosine_6,386,62.3930047386,62.3933717347,0.000147611790055,-0.000366996142887,0.755742383731,-0.000277354539846
q00_from_e2k0,cosine_6,388,62.3909952885,62.3933746192,0.000150496213635,-0.00237933062506,0.753511514164,-0.00179285302199
q00_from_e2k0,cosine_6,390,62.3890618424,62.3933756119,0.000151488903356,-0.00431376945325,0.751275007278,-0.00324082717738
q00_from_e2k0,cosine_6,392,62.3872510162,62.3933746679,0.000150544995378,-0.00612365175775,0.749032940387,-0.00458681688201
q00_from_e2k0,cosine_6,394,62.3856057216,62.3933717718,0.000147648854181,-0.00776605024024,0.746785390878,-0.00579957286423
q00_from_e2k0,cosine_6,396,62.384164132,62.3933669387,0.00014281571778,-0.00920280668085,0.744532436203,-0.006851788078
q00_from_e2k0,cosine_6,398,62.3829585564,62.3933602157,0.000136092786306,-0.0104016593515,0.742274153881,-0.00772088289408
q00_from_e2k0,cosine_6,400,62.3820144435,62.3933516828,0.000127559898687,-0.0113372393967,0.740010621484,-0.00838967757184
q00_from_e2k0,cosine_6,402,62.3813499759,62.3933414517,0.000117328775147,-0.0119914757893,0.737741916646,-0.00884661433223
q00_from_e2k0,cosine_6,404,62.3809757359,62.3933296637,0.000105540797307,-0.0123539278008,0.735468117046,-0.00908592001774
q00_from_e2k0,cosine_6,406,62.3808940304,62.3933164884,9.23654086762e-05,-0.0124224579775,0.733189300414,-0.00910801327392
q00_from_e2k0,cosine_6,408,62.3810989113,62.393302121,7.79980019772e-05,-0.0122032096387,0.730905544522,-0.0089193935859
q00_from_e2k0,cosine_6,410,62.3815765887,62.3932867787,6.265578957e-05,-0.0117101900216,0.72861692718,-0.00853224267022
q00_from_e2k0,cosine_6,412,62.3823057777,62.3932706957,4.6572757995e-05,-0.0109649180535,0.726323526234,-0.00796407794546
q00_from_e2k0,cosine_6,414,62.3832585885,62.3932541184,2.99954060665e-05,-0.00999552984719,0.724025419559,-0.00723701769133
q00_from_e2k0,cosine_6,416,62.3844014871,62.3932373011,1.31781883539e-05,-0.0088358139964,0.72172268506,-0.00637700740218
q00_from_e2k0,cosine_6,418,62.3856965432,62.3932205004,-3.62254110087e-06,-0.00752395723229,0.719415400663,-0.00541285070684
q00_from_e2k0,cosine_6,420,62.3871027774,62.3932039686,-2.0154369814e-05,-0.00610119119284,0.717103644312,-0.00437518643903
q00_from_e2k0,cosine_6,422,62.3885774362,62.3931879488,-3.61741908605e-05,-0.00461051256547,0.714787493968,-0.00329553672258
q00_from_e2k0,cosine_6,424,62.3900774842,62.3931726692,-5.1453743481e-05,-0.00309518500787,0.7124670276,-0.00220521726243
q00_from_e2k0,cosine_6,426,62.3915607776,62.3931583384,-6.57845505287e-05,-0.00159756083551,0.710142323187,-0.00113449556316
q00_from_e2k0,cosine_6,428,62.392987155,62.3931451408,-7.89821438474e-05,-0.000157985772617,0.707813458708,-0.000111824456143
q00_from_e2k0,cosine_6,430,62.3943194981,62.3931332325,-9.08904927286e-05,0.00118626568316,0.705480512144,0.000836887321694
q00_from_e2k0,cosine_6,432,62.395524299,62.3931227377,-0.000101385266333,0.00240156135998,0.703143561467,0.00168864240774
q00_from_e2k0,cosine_6,434,62.3965719912,62.3931137473,-0.000110375638485,0.00345824385376,0.700802684643,0.00242354657686
q00_from_e2k0,cosine_6,436,62.3974374477,62.393106317,-0.00011780591911,0.00433113068507,0.698457959625,0.00302511270116
q00_from_e2k0,cosine_6,438,62.3981003348,62.3931004675,-0.000123655406277,0.00499986726069,0.696109464346,0.00348045492064
q00_from_e2k0,cosine_6,440,62.3985454342,62.3930961866,-0.000127936301467,0.00544924758087,0.69375727672,0.00378045516188
q00_from_e2k0,cosine_6,442,62.398763184,62.3930934297,-0.000130693279964,0.0056697543469,0.691401474638,0.00392007651628
q00_from_e2k0,cosine_6,444,62.398749927,62.3930921187,-0.000132004250261,0.00565780833497,0.689042135958,0.00389846833997
q00_from_e2k0,cosine_6,446,62.3985080013,62.3930921445,-0.000131978422985,0.00541585675361,0.686679338508,0.00371895693303
q00_from_e2k0,cosine_6,448,62.3980459733,62.393093371,-0.000130751997631,0.00495260235098,0.68431316008,0.00338913096542
q00_from_e2k0,cosine_6,450,62.3973785032,62.3930956399,-0.000128483076736,0.00428286334221,0.681943678423,0.00292067158177
q00_from_e2k0,cosine_6,452,62.3965262012,62.3930987773,-0.000125345639219,0.00342742390727,0.679570971242,0.00232917779352
q00_from_e2k0,cosine_6,454,62.3955154233,62.3931026004,-0.000121522506376,0.00241282282583,0.677195116196,0.0016339518339
q00_from_e2k0,cosine_6,456,62.3943775247,62.3931069254,-0.000117197573523,0.00127059927473,0.674816190888,0.000857420962715
q00_from_e2k0,cosine_6,458,62.3931480425,62.3931115755,-0.000112547476192,3.64669972583e-05,0.672434272868,2.45216587851e-05
q00_from_e2k0,cosine_6,460,62.3918656996,62.3931163897,-0.000107733275399,-0.00125069004282,0.670049439625,-0.000838024162338
q00_from_e2k0,cosine_6,462,62.3905708219,62.3931212301,-0.000102892854514,-0.00255040817716,0.667661768583,-0.00170281003417
q00_from_e2k0,cosine_6,464,62.3893041753,62.3931259886,-9.81343897735e-05,-0.0038218132792,0.665271337099,-0.0025425428304
q00_from_e2k0,cosine_6,466,62.3881059792,62.3931305916,-9.35313720518e-05,-0.00502461232885,0.66287822246,-0.0033307060891
q00_from_e2k0,cosine_6,468,62.3870142803,62.3931350035,-8.91194164154e-05,-0.0061207232603,0.660482501876,-0.00404263061225
q00_from_e2k0,cosine_6,470,62.3860637481,62.393139228,-8.48949665624e-05,-0.00707547992285,0.658084252477,-0.00465626191595
q00_from_e2k0,cosine_6,472,62.3852847366,62.3931433073,-8.08156623791e-05,-0.00785857071554,0.655683551312,-0.005152735555
q00_from_e2k0,cosine_6,474,62.3847022646,62.3931473212,-7.68017730479e-05,-0.00844505659636,0.653280475342,-0.00551699058756
q00_from_e2k0,cosine_6,476,62.3843356294,62.3931513829,-7.27400827074e-05,-0.00881575344356,0.650875101438,-0.00573795441683
q00_from_e2k0,cosine_6,478,62.3841980079,62.3931556339,-6.84890862033e-05,-0.00895762596162,0.648467506377,-0.00580872937039
q00_from_e2k0,cosine_6,480,62.3842959704,62.3931602386,-6.38843167309e-05,-0.00886426822326,0.646057766836,-0.00572682933296
q00_from_e2k0,cosine_6,482,62.3846296026,62.393165377,-5.8745970037e-05,-0.00853577433917,0.643645959393,-0.00549401666369
q00_from_e2k0,cosine_6,484,62.3851926155,62.3931712342,-5.28887082183e-05,-0.00797861874766,0.641232160518,-0.00511614693752
q00_from_e2k0,cosine_6,486,62.3859722701,62.3931779919,-4.61310359938e-05,-0.00720572178643,0.638816446574,-0.00460313358661
q00_from_e2k0,cosine_6,488,62.3869500589,62.3931858183,-3.83046190962e-05,-0.00623575945193,0.636398893809,-0.00396843041727
q00_from_e2k0,cosine_6,490,62.3881022855,62.3931948578,-2.92651432972e-05,-0.00509257228612,0.633979578356,-0.00322858683071
q00_from_e2k0,cosine_6,492,62.389400541,62.3932052194,-1.89035839782e-05,-0.00380467839075,0.631558576227,-0.00240287726746
q00_from_e2k0,cosine_6,494,62.3908128885,62.3932169686,-7.1543307314e-06,-0.00240408008232,0.629135963309,-0.00151249323846
q00_from_e2k0,cosine_6,496,62.3923047269,62.3932301236,6.00061603961e-06,-0.000925396621739,0.626711815363,-0.000579956996741
q00_from_e2k0,cosine_6,498,62.3938394167,62.3932446519,2.05289549484e-05,0.000594764759526,0.624286208019,0.000371303436388
q00_from_e2k0,cosine_6,500,62.3953798095,62.3932604693,3.63463141184e-05,0.00211934020921,0.621859216769,0.00131793124256
q00_from_e2k0,cosine_6,502,62.3968894744,62.3932774403,5.33173926272e-05,0.003612034094,0.619430916971,0.00223740559098
q00_from_e2k0,cosine_6,504,62.3983335683,62.3932953816,7.12586114346e-05,0.00503818673784,0.617001383837,0.00310856818928
q00_from_e2k0,cosine_6,506,62.3996799223,62.3933140637,8.99407824022e-05,0.00636585855565,0.614570692437,0.0039122701005
q00_from_e2k0,cosine_6,508,62.4008994565,62.3933332167,0.000109093707337,0.00756623987459,0.612138917688,0.0046315898878
q00_from_e2k0,cosine_6,510,62.4019666862,62.3933525372,0.000128414202379,0.00861414901706,0.609706134357,0.00525209949797
q00_from_e2k0,cosine_6,512,62.4028603615,62.3933716989,0.00014757594483,0.00948866256673,0.607272417055,0.00576220305151
q00_from_e2k0,cosine_6,514,62.4035635832,62.3933903604,0.000166237480471,0.0101732227365,0.60483784023,0.0061531500681
q00_from_e2k0,cosine_6,516,62.4040642869,62.3934081726,0.000184049671212,0.0106561142835,0.60240247817,0.00641926965207
q00_from_e2k0,cosine_6,518,62.4043551179,62.3934247886,0.000200665610137,0.0109303293611,0.599966404995,0.00655783041217
q00_from_e2k0,cosine_6,520,62.4044331533,62.3934398742,0.00021575123035,0.0109932790793,0.597529694656,0.00656881069152
q00_from_e2k0,cosine_6,522,62.4043001234,62.3934531178,0.000228994801233,0.0108470056011,0.595092420927,0.00645497082296
q00_from_e2k0,cosine_6,524,62.4039621404,62.3934642383,0.000240115377466,0.0104979020897,0.592654657409,0.00622163056647
q00_from_e2k0,cosine_6,526,62.4034294241,62.3934729923,0.00024886934392,0.00995643181738,0.59021647752,0.00587645011593
q00_from_e2k0,cosine_6,528,62.4027160549,62.3934791779,0.000255054913424,0.00923687704285,0.587777954496,0.00542923269418
q00_from_e2k0,cosine_6,530,62.4018395005,62.3934826385,0.000258515579972,0.00835686195218,0.585339161383,0.00489159856688
q00_from_e2k0,cosine_6,532,62.4008204736,62.3934832659,0.000259142970023,0.00733720768245,0.582900171039,0.00427685961305
q00_from_e2k0,cosine_6,534,62.3996827812,62.3934810014,0.000256878456241,0.00620177976756,0.580461056126,0.00359989163374
q00_from_e2k0,cosine_6,536,62.3984530943,62.3934758361,0.000251713158782,0.00497725816636,0.578021889111,0.00287696416791
q00_from_e2k0,cosine_6,538,62.3971607326,62.3934678098,0.000243686846872,0.00369292281265,0.575582742259,0.00212558263946
q00_from_e2k0,cosine_6,540,62.395837336,62.3934570104,0.000232887480145,0.00238032557754,0.573143687631,0.00136426857927
q00_from_e2k0,cosine_6,542,62.3945161789,62.3934435722,0.000219449243879,0.00107260669343,0.570704797082,0.000612141785325
q00_from_e2k0,cosine_6,544,62.3932313568,62.3934276715,0.000203548588907,-0.000196314709406,0.568266142255,-0.000111559002582
q00_from_e2k0,cosine_6,546,62.3920167212,62.3934095229,0.000185399944058,-0.00139280171349,0.56582779458,-0.000788085921833
q00_from_e2k0,cosine_6,548,62.3909048464,62.3933893745,0.000165251550378,-0.00248452807602,0.563389825272,-0.00139975783863
q00_from_e2k0,cosine_6,550,62.3899257958,62.3933675048,0.000143381891249,-0.00344170903892,0.560952305324,-0.00193063461964
q00_from_e2k0,cosine_6,552,62.3891062056,62.3933442163,0.000120093308055,-0.00423801061359,0.558515305506,-0.00236699379259
q00_from_e2k0,cosine_6,554,62.3884686168,62.3933198249,9.57019263694e-05,-0.00485120808716,0.556078896362,-0.00269765443913
q00_from_e2k0,cosine_6,556,62.3880307767,62.3932946528,7.05298777888e-05,-0.00526387608704,0.553643148207,-0.0029143089286
q00_from_e2k0,cosine_6,558,62.3878044909,62.393269023,4.49000115452e-05,-0.00546453202985,0.551208131124,-0.00301209448764
q00_from_e2k0,cosine_6,560,62.3877953185,62.3932432521,1.91291737366e-05,-0.00544793358701,0.548773914959,-0.00298968384298
q00_from_e2k0,cosine_6,562,62.3880024387,62.3932176443,-6.4786184879e-06,-0.00521520566014,0.546340569319,-0.00284927842947
q00_from_e2k0,cosine_6,564,62.3884181761,62.3931924849,-3.16380555105e-05,-0.00477430875018,0.543908163571,-0.00259678550463
q00_from_e2k0,cosine_6,566,62.3890283821,62.3931680352,-5.60877639089e-05,-0.00413965308611,0.541476766837,-0.0022415259689
q00_from_e2k0,cosine_6,568,62.3898126232,62.3931445289,-7.95940815976e-05,-0.00333190569889,0.53904644799,-0.00179605193203
q00_from_e2k0,cosine_6,570,62.3907444619,62.3931221705,-0.00010195245342,-0.0023777085922,0.536617275653,-0.00127591950704
q00_from_e2k0,cosine_6,572,62.391792499,62.3931011349,-0.000122988060106,-0.00130863587892,0.534189318196,-0.000699059307927
q00_from_e2k0,cosine_6,574,62.3929212205,62.393081566,-0.000142556958295,-0.00016034548532,0.53176264373,-8.52657391838e-05
q00_from_e2k0,cosine_6,576,62.3940919351,62.3930635766,-0.000160546303171,0.00102835842924,0.52933732011,0.000544348495046
q00_from_e2k0,cosine_6,578,62.3952641573,62.3930472492,-0.000176873759159,0.00221690808571,0.526913414926,0.00116811861002
q00_from_e2k0,cosine_6,580,62.3963968038,62.3930326359,-0.000191487027685,0.00336416789138,0.524490995504,0.00176447576639
q00_from_e2k0,cosine_6,582,62.3974496511,62.3930197604,-0.000204362569406,0.00442989074693,0.5220701289,0.00231271363327
q00_from_e2k0,cosine_6,584,62.3983848131,62.3930086191,-0.000215503892683,0.00537619401462,0.519650881901,0.00279374396097
q00_from_e2k0,cosine_6,586,62.3991679514,62.3929991844,-0.000224938540256,0.00616876696371,0.51723332102,0.00319069182324
q00_from_e2k0,cosine_6,588,62.3997695882,62.3929914101,-0.000232712801562,0.00677817802935,0.514817512493,0.0034895247523
q00_from_e2k0,cosine_6,590,62.4001662006,62.3929852366,-0.000238886345095,0.00718096402307,0.512403522276,0.00367955125876
q00_from_e2k0,cosine_6,592,62.4003407352,62.3929805953,-0.000243527666171,0.00736013992808,0.509991416043,0.0037536081842
q00_from_e2k0,cosine_6,594,62.4002834681,62.3929774137,-0.000246709246497,0.00730605443709,0.507581259186,0.00370841631086
q00_from_e2k0,cosine_6,596,62.399991941,62.3929756204,-0.000248502573655,0.00701632064671,0.505173116805,0.00354445656961
q00_from_e2k0,cosine_6,598,62.3994706418,62.3929751486,-0.000248974305038,0.00649549313023,0.502767053714,0.00326571994351
q00_from_e2k0,cosine_6,600,62.3987310039,62.3929759389,-0.000248184010104,0.00575506492059,0.500363134433,0.00287962232253
q00_from_e2k0,cosine_6,602,62.3977907167,62.3929779416,-0.000246181310303,0.00481277507682,0.497961423184,0.00239657632672
q00_from_e2k0,cosine_6,604,62.3966729953,62.3929811194,-0.000243003599216,0.00369187592776,0.495561983895,0.00182955335905
q00_from_e2k0,cosine_6,606,62.3954060982,62.3929854458,-0.000238677171303,0.00242065238293,0.49316488019,0.00119378074241
q00_from_e2k0,cosine_6,608,62.3940222223,62.3929909045,-0.000233218433102,0.00103131782409,0.490770175394,0.000506140029417
q00_from_e2k0,cosine_6,610,62.3925563827,62.3929974893,-0.000226633620535,-0.000441106663317,0.488377932522,-0.000215426760253
q00_from_e2k0,cosine_6,612,62.3910458432,62.3930052031,-0.000218919807523,-0.00195935997969,0.485988214285,-0.000952225857669
q00_from_e2k0,cosine_6,614,62.3895290272,62.3930140546,-0.000210068329146,-0.00348502739313,0.483601083079,-0.00168536302188
q00_from_e2k0,cosine_6,616,62.3880445002,62.3930240541,-0.000200068879892,-0.00497955388242,0.481216600991,-0.00239624399375
q00_from_e2k0,cosine_6,618,62.3866300922,62.3930352099,-0.000188913057229,-0.00640511764586,0.47883482979,-0.00306699341774
q00_from_e2k0,cosine_6,620,62.3853215952,62.3930475256,-0.000176597373894,-0.00772593041042,0.476455830929,-0.0036810645934
q00_from_e2k0,cosine_6,622,62.3841518454,62.3930609967,-0.000163126287035,-0.00890915127841,0.47407966554,-0.00422364745831
q00_from_e2k0,cosine_6,624,62.3831499472,62.3930756072,-0.000148515769638,-0.00992565994979,0.471706394431,-0.00468199726727
q00_from_e2k0,cosine_6,626,62.3823403203,62.3930913272,-0.000132795759484,-0.0107510068429,0.469336078089,-0.00504583538717
q00_from_e2k0,cosine_6,628,62.3817422016,62.3931081114,-0.000116011588801,-0.0113659098078,0.466968776669,-0.00530752499866
q00_from_e2k0,cosine_6,630,62.3813692718,62.3931258979,-9.82250564903e-05,-0.0117566261233,0.46460455,-0.00546218198956
q00_from_e2k0,cosine_6,632,62.381229426,62.3931446086,-7.95143690624e-05,-0.0119151825385,0.462243457579,-0.00550771517427
q00_from_e2k0,cosine_6,634,62.3813249955,62.3931641501,-5.9972880166e-05,-0.0118391545673,0.459885558567,-0.00544465621116
q00_from_e2k0,cosine_6,636,62.381652775,62.3931844155,-3.97074380203e-05,-0.0115316404637,0.457530911792,-0.00527608197583
q00_from_e2k0,cosine_6,638,62.3822042536,62.3932052864,-1.88365796276e-05,-0.0110010327671,0.455179575741,-0.00500744542764
q00_from_e2k0,cosine_6,640,62.3829660973,62.3932266348,2.51185586819e-06,-0.0102605374739,0.452831608562,-0.00464629568903
q00_from_e2k0,cosine_6,642,62.3839203488,62.3932483264,2.42034768476e-05,-0.00932797762748,0.45048706806,-0.00420213329233
q00_from_e2k0,cosine_6,644,62.3850448581,62.3932702234,4.61004091648e-05,-0.00822536526191,0.448146011697,-0.00368616463687
q00_from_e2k0,cosine_6,646,62.386313885,62.3932921864,6.8063474302e-05,-0.00697830143471,0.445808496586,-0.00311098607133
q00_from_e2k0,cosine_6,648,62.3876984323,62.3933140765,8.99535059986e-05,-0.00561564414185,0.443474579492,-0.00249039542438
q00_from_e2k0,cosine_6,650,62.3891670812,62.3933357549,0.000111631941714,-0.00416867364592,0.44114431683,-0.00183898668762
q00_from_e2k0,cosine_6,652,62.3906867554,62.3933570828,0.000132959808454,-0.0026703273131,0.438817764663,-0.00117178706246
q00_from_e2k0,cosine_6,654,62.3922232506,62.3933779191,0.000153796150485,-0.00115466852501,0.436494978698,-0.000504007013228
q00_from_e2k0,cosine_6,656,62.3937419127,62.3933981205,0.000173997581925,0.000343792191032,0.434176014285,0.000149266323245
q00_from_e2k0,cosine_6,658,62.3952082451,62.3934175428,0.000193419867067,0.00179070223358,0.431860926418,0.000773334325531
q00_from_e2k0,cosine_6,660,62.3965885964,62.3934360429,0.000211919984579,0.00315255350309,0.429549769727,0.0013541786313
q00_from_e2k0,cosine_6,662,62.3978511757,62.3934534805,0.000229357570895,0.00439769516532,0.427242598485,0.00187888270977
q00_from_e2k0,cosine_6,664,62.3989669213,62.3934697186,0.00024559562678,0.00549720270774,0.424939466595,0.00233597838639
q00_from_e2k0,cosine_6,666,62.3999103423,62.393484623,0.000260500090313,0.00642571928127,0.422640427599,0.00271576874467
q00_from_e2k0,cosine_6,668,62.4006603734,62.3934980617,0.000273938771869,0.00716231171085,0.420345534669,0.00301064574557
q00_from_e2k0,cosine_6,670,62.4012008945,62.3935099035,0.000285780515703,0.00769099098515,0.418054840609,0.00321525601043
q00_from_e2k0,cosine_6,672,62.4015212355,62.3935200179,0.000295894927362,0.00800121763021,0.415768397852,0.00332665343497
q00_from_e2k0,cosine_6,674,62.4016166639,62.3935282753,0.000304152314413,0.00808838866649,0.413486258456,0.00334443756664
q00_from_e2k0,cosine_6,676,62.4014885875,62.393534547,0.00031042407624,0.0079540405142,0.411208474107,0.00327076886283
q00_from_e2k0,cosine_6,678,62.4011445789,62.3935387067,0.000314583703414,0.0076058722055,0.408935096116,0.0031103080814
q00_from_e2k0,cosine_6,680,62.4005983109,62.3935406309,0.000316507920161,0.00705768003633,0.406666175413,0.00287011974766
q00_from_e2k0,cosine_6,682,62.3998690501,62.3935402018,0.000316078830046,0.00632884836758,0.404401762552,0.00255939743478
q00_from_e2k0,cosine_6,684,62.3989810874,62.3935373106,0.000313187628386,0.00544377680474,0.402141907706,0.00218917078938
q00_from_e2k0,cosine_6,686,62.3979630938,62.393531862,0.000307739099583,0.00443123175339,0.399886660663,0.00177199046848
q00_from_e2k0,cosine_6,688,62.3968471311,62.3935237805,0.000299657516692,0.00332335059596,0.39763607083,0.00132148407297
q00_from_e2k0,cosine_6,690,62.3956677451,62.3935130161,0.000288893146553,0.00215472902133,0.395390187229,0.000851958711171
q00_from_e2k0,cosine_6,692,62.3944609806,62.3934995507,0.000275427779144,0.000961429874131,0.393149058495,0.000377985249823
q00_from_e2k0,cosine_6,694,62.3932633628,62.3934834027,0.000259279732482,-0.000220039852309,0.390912732873,-8.6016380007e-05
q00_from_e2k0,cosine_6,696,62.3921108629,62.3934646315,0.000240508517933,-0.00135376853977,0.388681258222,-0.000526184459377
q00_from_e2k0,cosine_6,698,62.3910378204,62.3934433416,0.000219218614504,-0.00240552111532,0.386454682007,-0.000929624897683
q00_from_e2k0,cosine_6,700,62.3900759354,62.3934196845,0.000195561600307,-0.00334374918027,0.384233051304,-0.00128477895033
q00_from_e2k0,cosine_6,702,62.3892535354,62.393393859,0.000169736041244,-0.00414032362995,0.382016412795,-0.00158167158092
q00_from_e2k0,cosine_6,704,62.3885947676,62.3933661085,0.000141985522831,-0.00477134092093,0.379804812765,-0.00181217824511
q00_from_e2k0,cosine_6,706,62.3881189267,62.3933367184,0.000112595460486,-0.00521779175272,0.377598297106,-0.00197022928048
q00_from_e2k0,cosine_6,708,62.387839881,62.3933060116,8.18886791478e-05,-0.00546613066291,0.375396911312,-0.00205196856768
q00_from_e2k0,cosine_6,710,62.3877656439,62.3932743427,5.02197102108e-05,-0.00550869871625,0.373200700478,-0.00205585021963
q00_from_e2k0,cosine_6,712,62.3878982963,62.3932420912,1.79682443928e-05,-0.00534379490938,0.371009709302,-0.0019825997959
q00_from_e2k0,cosine_6,714,62.3882340484,62.3932096546,-1.44683517931e-05,-0.00497560618875,0.368823982078,-0.00183512288779
q00_from_e2k0,cosine_6,716,62.3887633457,62.3931774395,-4.66834787431e-05,-0.00441409376734,0.366643562703,-0.00161839906496
q00_from_e2k0,cosine_6,718,62.3894712435,62.3931458526,-7.82703204294e-05,-0.00367460916088,0.364468494667,-0.00133927926935
q00_from_e2k0,cosine_6,720,62.3903378912,62.3931152921,-0.00010883088823,-0.0027774008569,0.362298821058,-0.00100624905606
q00_from_e2k0,cosine_6,722,62.3913390984,62.3930861384,-0.000137984564574,-0.00174703996151,0.360134584561,-0.000629169510751
q00_from_e2k0,cosine_6,724,62.3924470977,62.3930587462,-0.000165376793973,-0.000611648497639,0.357975827452,-0.000218955377052
q00_from_e2k0,cosine_6,726,62.3936314562,62.3930334352,-0.00019068776075,0.000598021057428,0.355822591604,0.000212789402488
q00_from_e2k0,cosine_6,728,62.3948599432,62.3930104837,-0.000213639286017,0.00184945956862,0.35367491848,0.000654107462166
q00_from_e2k0,cosine_6,730,62.3960994143,62.3929901232,-0.000233999772547,0.00310929114821,0.351532849136,0.00109301797612
q00_from_e2k0,cosine_6,732,62.3973167476,62.3929725353,-0.000251587621577,0.00434421230334,0.349396424216,0.00151785224483
q00_from_e2k0,cosine_6,734,62.3984796709,62.3929578497,-0.000266273246822,0.00552182115944,0.347265683958,0.00191753900163
q00_from_e2k0,cosine_6,736,62.3995576089,62.3929461428,-0.000277980169756,0.00661146613329,0.345140668187,0.00228188583894
q00_from_e2k0,cosine_6,738,62.4005224645,62.392937438,-0.000286684940022,0.00758502650551,0.343021416315,0.00260182653471
q00_from_e2k0,cosine_6,740,62.4013493764,62.3929317073,-0.000292415615505,0.00841766905708,0.340907967344,0.00286965044802
q00_from_e2k0,cosine_6,742,62.4020172932,62.3929288738,-0.000295249159421,0.00908841941603,0.33880035986,0.00307915976871
q00_from_e2k0,cosine_6,744,62.4025094037,62.3929288156,-0.000295307299851,0.00958058807639,0.336698632038,0.00322577089944
q00_from_e2k0,cosine_6,746,62.4028135074,62.3929313722,-0.000292750706265,0.00988213517498,0.334602821637,0.00330659031335
q00_from_e2k0,cosine_6,748,62.4029222316,62.3929363511,-0.000287771831772,0.00998588046003,0.332512966001,0.0033204347299
q00_from_e2k0,cosine_6,750,62.4028330553,62.3929435365,-0.000280586417603,0.00988951880166,0.330429102058,0.00326778481741
q00_from_e2k0,cosine_6,752,62.4025483137,62.3929526979,-0.000271425067297,0.00959561586725,0.328351266319,0.00315073262112
q00_from_e2k0,cosine_6,754,62.4020752356,62.3929635974,-0.000260525550658,0.00911163823402,0.32627949488,0.00297294072052
q00_from_e2k0,cosine_6,756,62.4014254358,62.3929759973,-0.000248125617404,0.00844943850387,0.324213823417,0.00273942476307
q00_from_e2k0,cosine_6,758,62.4006144403,62.3929896658,-0.000234457175722,0.00762477452798,0.32215428719,0.00245635380305
q00_from_e2k0,cosine_6,760,62.3996614013,62.3930043808,-0.000219742151955,0.00665702045356,0.32010092104,0.00213091837857
q00_from_e2k0,cosine_6,762,62.3985883246,62.3930199344,-0.0002041885447,0.00556839023418,0.318053759389,0.00177104744772
q00_from_e2k0,cosine_6,764,62.397419733,62.3930361364,-0.000187986573415,0.00438359657812,0.316012836239,0.00138527278758
q00_from_e2k0,cosine_6,766,62.396182504,62.3930528168,-0.000171306124244,0.00312968715146,0.313978185173,0.000982653491973
q00_from_e2k0,cosine_6,768,62.3949049693,62.3930698283,-0.000154294619009,0.00183514096854,0.311949839354,0.000572471930328
q00_from_e2k0,cosine_6,770,62.3936164546,62.3930870477,-0.000137075227187,0.000529406926972,0.309927831526,0.000164077940871
q00_from_e2k0,cosine_6,772,62.3923467441,62.3931043765,-0.00011974640033,-0.000757632400322,0.307912194008,-0.000233284254635
q00_from_e2k0,cosine_6,774,62.3911252191,62.3931217403,-0.000102382645061,-0.00199652118504,0.305902958703,-0.000610741737618
q00_from_e2k0,cosine_6,776,62.3899802611,62.3931390866,-8.50363509102e-05,-0.00315882554364,0.30390015709,-0.000959967578931
q00_from_e2k0,cosine_6,778,62.3889385625,62.3931563824,-6.77405561831e-05,-0.00421781986085,0.301903820227,-0.00127337592902
q00_from_e2k0,cosine_6,780,62.3880240301,62.3931736106,-5.05123501497e-05,-0.00514958045166,0.299913978751,-0.00154443116216
q00_from_e2k0,cosine_6,782,62.3872572071,62.3931907664,-3.33565872737e-05,-0.00593355925927,0.297930662876,-0.00176778924333
q00_from_e2k0,cosine_6,784,62.3866546387,62.3932078535,-1.62694051653e-05,-0.00655321486892,0.295953902395,-0.00193944951369
q00_from_e2k0,cosine_6,786,62.3862281871,62.3932248813,7.58310093829e-07,-0.00699669412617,0.29398372668,-0.00205691421365
q00_from_e2k0,cosine_6,788,62.3859849187,62.393241859,1.77360216611e-05,-0.00725694028017,0.292020164678,-0.00211917289568
q00_from_e2k0,cosine_6,790,62.3859269898,62.3932587912,3.46682186176e-05,-0.00733180134614,0.290063244917,-0.00212668608955
q00_from_e2k0,cosine_6,792,62.3860514599,62.3932756732,5.15502171226e-05,-0.00722421324515,0.288112995501,-0.0020813897182
q00_from_e2k0,cosine_6,794,62.386350782,62.393292487,6.83640272712e-05,-0.00694170499115,0.286169444111,-0.0019865038585
q00_from_e2k0,cosine_6,796,62.3868130514,62.3933091974,8.5074407167e-05,-0.00649614590937,0.284232618009,-0.00184641655879
q00_from_e2k0,cosine_6,798,62.3874220045,62.3933257493,0.000101626393125,-0.00590374483814,0.282302544031,-0.00166664218712
q00_from_e2k0,cosine_6,800,62.3881576899,62.393342068,0.000117945092029,-0.00518437818345,0.280379248594,-0.0014535920595
q00_from_e2k0,cosine_6,802,62.388996717,62.3933580577,0.000133934735985,-0.00436134067795,0.278462757691,-0.00121447095241
q00_from_e2k0,cosine_6,804,62.3899128236,62.3933735992,0.000149476239145,-0.00346077555262,0.276553096895,-0.000957088196736
q00_from_e2k0,cosine_6,806,62.390877439,62.3933885505,0.000164427534301,-0.00251111147047,0.274650291357,-0.000689677496994
q00_from_e2k0,cosine_6,808,62.3918598185,62.3934027503,0.000178627336496,-0.00154293181579,0.272754365805,-0.000420841388896
q00_from_e2k0,cosine_6,810,62.3928279706,62.3934160226,0.000191899699132,-0.000588052071819,0.270865344547,-0.000159282927045
q00_from_e2k0,cosine_6,812,62.3937498504,62.3934281812,0.000204058258582,0.00032166922044,0.26898325147,8.6523632812e-05
q00_from_e2k0,cosine_6,814,62.3945941661,62.3934390335,0.000214910563983,0.00115513256222,0.267108110041,0.000308545275541
q00_from_e2k0,cosine_6,816,62.3953316539,62.3934483857,0.000224262783163,0.00188326816095,0.265239943306,0.000499517940241
q00_from_e2k0,cosine_6,818,62.3959360846,62.3934560488,0.000231925820543,0.002480035847,0.263378773889,0.000653188800585
q00_from_e2k0,cosine_6,820,62.3963851595,62.3934618459,0.000237723000069,0.0029233135015,0.261524623998,0.000764518464308
q00_from_e2k0,cosine_6,822,62.3966618732,62.3934656208,0.000241497801696,0.00319625245722,0.259677515419,0.000829994896742
q00_from_e2k0,cosine_6,824,62.3967553889,62.3934672426,0.00024311966763,0.00328814626662,0.25783746952,0.000847807312796
q00_from_e2k0,cosine_6,826,62.3966616391,62.3934666109,0.000242487936809,0.00319502818353,0.256004507249,0.000817941615774
q00_from_e2k0,cosine_6,828,62.3963835332,62.3934636581,0.000239535163139,0.00291987509001,0.254178649139,0.000742169906034
q00_from_e2k0,cosine_6,830,62.3959307845,62.3934583527,0.00023422971428,0.00247243179015,0.252359915303,0.000623942677155
q00_from_e2k0,cosine_6,832,62.3953194552,62.3934507006,0.000226577648604,0.00186875463335,0.250548325437,0.000468213344038
q00_from_e2k0,cosine_6,834,62.394571047,62.3934407473,0.000216624319279,0.00113029976576,0.248743898821,0.000281155170571
q00_from_e2k0,cosine_6,836,62.3937111199,62.3934285791,0.000204456114503,0.000282540790501,0.24694665432,6.97725029231e-05
q00_from_e2k0,cosine_6,838,62.3927682755,62.3934143252,0.000190202233682,-0.000646049659139,0.245156610382,-0.000158383344573
q00_from_e2k0,cosine_6,840,62.3917730613,62.3933981575,0.000174034569696,-0.00162509625054,0.24337378504,-0.000395505825549
q00_from_e2k0,cosine_6,842,62.3907568874,62.3933802867,0.000156163771578,-0.00262339935848,0.241598195915,-0.000633808552172
q00_from_e2k0,cosine_6,844,62.3897510918,62.3933609561,0.000136833159537,-0.00360986434159,0.239829860212,-0.000865753260428
q00_from_e2k0,cosine_6,846,62.3887857268,62.3933404346,0.000116311637179,-0.00455470776581,0.238068794725,-0.00108433378813
q00_from_e2k0,cosine_6,848,62.387889061,62.3933190081,9.4885118358e-05,-0.00542994709041,0.236315015835,-0.00128317803265
q00_from_e2k0,cosine_6,850,62.3870870813,62.3932969703,7.28473757192e-05,-0.00620988902047,0.234568539512,-0.00145664459806
q00_from_e2k0,cosine_6,852,62.3864024865,62.3932746141,5.0491117193e-05,-0.00687212753957,0.232829381315,-0.00160003320335
q00_from_e2k0,cosine_6,854,62.3858549181,62.3932522229,2.80999239308e-05,-0.00739730475603,0.231097556392,-0.00170949905301
q00_from_e2k0,cosine_6,856,62.3854605057,62.3932300639,5.94094574069e-06,-0.00776955815795,0.229373079486,-0.00178212748093
q00_from_e2k0,cosine_6,858,62.3852313978,62.3932083812,-1.57417676832e-05,-0.00797698333422,0.227655964927,-0.00181600783816
q00_from_e2k0,cosine_6,860,62.3851760016,62.3931873916,-3.67313539087e-05,-0.00801138996383,0.225946226641,-0.00181014333247
q00_from_e2k0,cosine_6,862,62.3852983106,62.3931672836,-5.68393734568e-05,-0.00786897293482,0.224243878145,-0.00176456900792
q00_from_e2k0,cosine_6,864,62.3855977162,62.3931482172,-7.59057675026e-05,-0.00755050095731,0.222548932552,-0.00168035592828
q00_from_e2k0,cosine_6,866,62.3860693233,62.3931303262,-9.37967725676e-05,-0.00706100286249,0.220861402571,-0.00155950299576
q00_from_e2k0,cosine_6,868,62.3867040811,62.393113721,-0.000110401958196,-0.00640963985425,0.219181300505,-0.00140487319902
q00_from_e2k0,cosine_6,870,62.3874885555,62.3930984892,-0.000125633726832,-0.00560993374101,0.217508638256,-0.00122020904871
q00_from_e2k0,cosine_6,872,62.3884049233,62.393084696,-0.000139426976915,-0.00467977263602,0.215843427325,-0.00101009816486
q00_from_e2k0,cosine_6,874,62.3894312894,62.3930723874,-0.000151735550077,-0.00364109796828,0.21418567881,-0.000779871039948
q00_from_e2k0,cosine_6,876,62.3905424512,62.3930615958,-0.000162527177118,-0.00251914460742,0.21253540341,-0.000535407415387
q00_from_e2k0,cosine_6,878,62.391710407,62.3930523436,-0.000171779330188,-0.00134193662126,0.210892611428,-0.000283004518428
q00_from_e2k0,cosine_6,880,62.3929056895,62.3930446465,-0.000179476473235,-0.000138956939708,0.209257312765,-2.90777557933e-05
q00_from_e2k0,cosine_6,882,62.3940978567,62.3930385148,-0.000185608192353,0.00105934190118,0.207629516929,0.000219950647206
q00_from_e2k0,cosine_6,884,62.3952568621,62.393033956,-0.000190166941756,0.0022229061321,0.206009233033,0.000457939187378
q00_from_e2k0,cosine_6,886,62.3963544916,62.3930309764,-0.000193146527039,0.00332351516775,0.204396469792,0.00067931476759
q00_from_e2k0,cosine_6,888,62.397364586,62.3930295805,-0.0001945424046,0.0043350054915,0.202791235533,0.000879101119665
q00_from_e2k0,cosine_6,890,62.3982641669,62.393029772,-0.00019435091837,0.00523439485236,0.201193538189,0.00105312642062
q00_from_e2k0,cosine_6,892,62.3990344079,62.3930315547,-0.000192568249673,0.00600285321687,0.1996033853,0.00119818982355
q00_from_e2k0,cosine_6,894,62.3996607797,62.3930349317,-0.000189191270991,0.00662584800876,0.198020784022,0.0013120556175
q00_from_e2k0,cosine_6,896,62.4001333993,62.3930399034,-0.0001842195827,0.00709349596121,0.196445741118,0.00139348707122
q00_from_e2k0,cosine_6,898,62.4004472472,62.3930464634,-0.000177659592339,0.00740078388423,0.194878262969,0.00144225190796
q00_from_e2k0,cosine_6,900,62.4006018111,62.3930545943,-0.000169528612687,0.00754721671406,0.193318355565,0.00145901552426
q00_from_e2k0,cosine_6,902,62.4006008148,62.3930642652,-0.00015985770699,0.00753654953343,0.191766024518,0.00144525414261
q00_from_e2k0,cosine_6,904,62.4004522244,62.3930754267,-0.000148696235215,0.00737679772749,0.190221275053,0.00140322386953
q00_from_e2k0,cosine_6,906,62.400168196,62.3930880063,-0.000136116642921,0.00708018973467,0.188684112014,0.00133591931298
q00_from_e2k0,cosine_6,908,62.3997645008,62.3931019062,-0.000122216762989,0.00666259463168,0.187154539868,0.00124693483262
q00_from_e2k0,cosine_6,910,62.3992600002,62.3931170023,-0.000107120636514,0.00614299786577,0.1856325627,0.00114034043648
q00_from_e2k0,cosine_6,912,62.3986762699,62.3931331443,-9.09786245273e-05,0.00554312558255,0.18411818422,0.00102059021716
q00_from_e2k0,cosine_6,914,62.398036672,62.3931501569,-7.39660132467e-05,0.00488651506205,0.182611407762,0.00089233339453
q00_from_e2k0,cosine_6,916,62.3973653429,62.393167844,-5.62789347143e-05,0.00419749883556,0.181112236285,0.00076021840091
q00_from_e2k0,cosine_6,918,62.39668645,62.3931859951,-3.81278634194e-05,0.00350045487735,0.179620672376,0.000628754058691
q00_from_e2k0,cosine_6,920,62.3960234318,62.3932043906,-1.97323332429e-05,0.00281904114756,0.17813671825,0.000502174738639
q00_from_e2k0,cosine_6,922,62.3953981119,62.3932228058,-1.31715070495e-06,0.00217530607868,0.176660375755,0.000384290389242
q00_from_e2k0,cosine_6,924,62.3948299177,62.3932410159,1.68929684463e-05,0.00158890180688,0.175191646367,0.000278362323463
q00_from_e2k0,cosine_6,926,62.394335243,62.3932588019,3.46789765473e-05,0.00107644104354,0.173730531198,0.000187010674298
q00_from_e2k0,cosine_6,928,62.393926982,62.3932759558,5.18328977535e-05,0.000651026103554,0.172277030996,0.000112156844221
q00_from_e2k0,cosine_6,930,62.3936141487,62.3932922867,6.81637969819e-05,0.000321861924661,0.170831146142,5.49840414892e-05
q00_from_e2k0,cosine_6,932,62.3934020309,62.3933076252,8.35022577874e-05,9.44056665801e-05,0.169392876658,1.59916474349e-05
q00_from_e2k0,cosine_6,934,62.3932924879,62.3933218263,9.77033677145e-05,-2.93384168515e-05,0.167962222207,-4.9277456904e-06
q00_from_e2k0,cosine_6,936,62.3932841447,62.3933347729,0.000110649994738,-5.06282734776e-05,0.16653918209,-8.43159125559e-06
q00_from_e2k0,cosine_6,938,62.3933727569,62.3933463791,0.000122256140216,2.6377773267e-05,0.165123755255,4.35559697711e-06
q00_from_e2k0,cosine_6,940,62.3935514291,62.3933565916,0.000132468622176,0.000194837527204,0.163715940293,3.18980089704e-05
q00_from_e2k0,cosine_6,942,62.3938112746,62.3933653897,0.000141266793008,0.000445884835131,0.162315735441,7.23741249363e-05
q00_from_e2k0,cosine_6,944,62.3941418136,62.3933727831,0.000148660182774,0.000769030431186,0.160923138587,0.000123754790656
q00_from_e2k0,cosine_6,946,62.3945306483,62.3933788074,0.000154684487008,0.00115184089967,0.159538147268,0.00018376256308
q00_from_e2k0,cosine_6,948,62.3949638053,62.3933835189,0.000159395924783,0.00158028645573,0.158160758671,0.000249939304757
q00_from_e2k0,cosine_6,950,62.3954261051,62.3933869874,0.000162864455419,0.0020391176783,0.15679096964,0.000319715237992
q00_from_e2k0,cosine_6,952,62.3959008622,62.393389292,0.000165169020534,0.00251157022699,0.155428776673,0.000390370287909
q00_from_e2k0,cosine_6,954,62.396370378,62.3933905167,0.000166393771821,0.00297986124831,0.154074175925,0.000459119666205
q00_from_e2k0,cosine_6,956,62.3968166913,62.3933907455,0.000166622571939,0.00342594579503,0.152727163211,0.000523234982591
q00_from_e2k0,cosine_6,958,62.3972219963,62.3933900564,0.000165933490948,0.00383193982089,0.151387734007,0.000580108686338
q00_from_e2k0,cosine_6,960,62.3975695471,62.3933885181,0.000164395141653,0.00418102901671,0.150055883452,0.000627388002842
q00_from_e2k0,cosine_6,962,62.3978441867,62.393386187,0.000162064021808,0.00445799973726,0.148731606349,0.000663045462026
q00_from_e2k0,cosine_6,964,62.3980327951,62.3933831044,0.0001589814349,0.00464969066865,0.147414897169,0.000685433671785
q00_from_e2k0,cosine_6,966,62.3981246564,62.3933792932,0.000155170262346,0.00474536321323,0.14610575005,0.000693324851529
q00_from_e2k0,cosine_6,968,62.3981115397,62.3933747571,0.000150634184081,0.00473678254788,0.144804158803,0.000685905812277
q00_from_e2k0,cosine_6,970,62.3979880238,62.3933694825,0.000145359513255,0.00461854136519,0.143510116909,0.000662807411268
q00_from_e2k0,cosine_6,972,62.39775133,62.3933634388,0.000139315841849,0.00438789116833,0.142223617526,0.000624061755268
q00_from_e2k0,cosine_6,974,62.3974011393,62.3933565799,0.000132456982485,0.0040445593956,0.140944653485,0.000570059022513
q00_from_e2k0,cosine_6,976,62.3969394004,62.3933488478,0.000124724836553,0.0035905525875,0.1396732173,0.000501504031782
q00_from_e2k0,cosine_6,978,62.3963701356,62.3933401775,0.000116054576473,0.00302995805001,0.138409301162,0.000419374376253
q00_from_e2k0,cosine_6,980,62.3956996189,62.3933305029,0.000106379931289,0.00236911606369,0.137152896946,0.000324931131337
q00_from_e2k0,cosine_6,982,62.3949362716,62.3933197607,9.56377419143e-05,0.0016165108703,0.135903996211,0.000219690287192
q00_from_e2k0,cosine_6,984,62.3940905422,62.3933078956,8.37726479546e-05,0.000782646622483,0.134662590203,0.000105393221397
q00_from_e2k0,cosine_6,986,62.39317494,62.3932948673,7.07443012686e-05,-0.000119927237449,0.133428669855,-1.60017317723e-05
q00_from_e2k0,cosine_6,988,62.3922038608,62.3932806573,5.65343853225e-05,-0.00107679655653,0.132202225794,-0.000142354901501
q00_from_e2k0,cosine_6,990,62.3911935572,62.3932652739,4.11509764291e-05,-0.00207171672146,0.130983248337,-0.00027136018581
q00_from_e2k0,cosine_6,992,62.3901620649,62.3932487556,2.46326023401e-05,-0.00308669066728,0.129771727496,-0.00040056518014
q00_from_e2k0,cosine_6,994,62.3891289129,62.3932311747,7.05178138105e-06,-0.0041022618733,0.128567652983,-0.00052741818097
q00_from_e2k0,cosine_6,996,62.3881150143,62.3932126386,-1.14843778363e-05,-0.00509762431589,0.127371014205,-0.000649289579148
q00_from_e2k0,cosine_6,998,62.3871422792,62.3931932876,-3.08353450293e-05,-0.00605100841975,0.126181800272,-0.000763527135867
q00_from_e2k0,cosine_6,1000,62.3862330739,62.3931732944,-5.082854139e-05,-0.00694022053641,0.125,-0.000867527567051
q00_from_e2k0,cosine_6,1002,62.3854096361,62.3931528619,-7.12610736926e-05,-0.00774322574554,0.123825601907,-0.00095880958864
q00_from_e2k0,cosine_6,1004,62.3846932214,62.3931322202,-9.19027607722e-05,-0.00843899878936,0.122658594219,-0.00103511572812
q00_from_e2k0,cosine_6,1006,62.3841035259,62.3931116233,-0.000112499692634,-0.00900809731847,0.121498964875,-0.00109447449968
q00_from_e2k0,cosine_6,1008,62.3836579082,62.393091346,-0.000132776963078,-0.00943343777655,0.120346701522,-0.00113528312043
q00_from_e2k0,cosine_6,1010,62.38337086,62.3930716806,-0.000152442336976,-0.00970082059051,0.119201791526,-0.00115635519366
q00_from_e2k0,cosine_6,1012,62.3832535864,62.3930529297,-0.000171193259462,-0.00979934325324,0.118064221966,-0.00115695183697
q00_from_e2k0,cosine_6,1014,62.3833135224,62.3930353988,-0.000188724191979,-0.0097218763245,0.11693397964,-0.0011368176882
q00_from_e2k0,cosine_6,1016,62.383554055,62.3930193897,-0.000204733201016,-0.00946533476663,0.11581105107,-0.00109619036805
q00_from_e2k0,cosine_6,1018,62.383974059,62.3930051927,-0.000218930262697,-0.00903113369028,0.114695422498,-0.00103582969424
q00_from_e2k0,cosine_6,1020,62.384567538,62.3929930783,-0.000231044689762,-0.00842554028043,0.113587079893,-0.000957032516975
q00_from_e2k0,cosine_6,1022,62.3853234125,62.3929832912,-0.000240831787579,-0.00765987864838,0.112486008952,-0.000861629178214
q00_from_e2k0,cosine_6,1024,62.3862256329,62.3929760428,-0.000248080172341,-0.00675040991919,0.111392195102,-0.000751942978736
q00_from_e2k0,cosine_6,1026,62.3872532404,62.3929715055,-0.000252617450471,-0.0057182650539,0.110305623502,-0.000630756792119
q00_from_e2k0,cosine_6,1028,62.3883810387,62.3929698082,-0.000254314796443,-0.00458876940628,0.109226279046,-0.000501214207647
q00_from_e2k0,cosine_6,1030,62.3895802961,62.3929710314,-0.000253091594274,-0.00339073530004,0.108154146365,-0.000366722081925
q00_from_e2k0,cosine_6,1032,62.3908193658,62.3929752049,-0.000248918079052,-0.00215583906802,0.107089209829,-0.000230867102314
q00_from_e2k0,cosine_6,1034,62.3920647637,62.3929823065,-0.000241816463465,-0.000917542771283,0.106031453551,-9.72883937345e-05
q00_from_e2k0,cosine_6,1036,62.3932823457,62.3929922618,-0.000231861155171,0.000290083916653,0.104980861386,3.04532594445e-05
q00_from_e2k0,cosine_6,1038,62.3944382588,62.3930049457,-0.000219177242982,0.00143331305787,0.103937416937,0.000148974856898
q00_from_e2k0,cosine_6,1040,62.3955001453,62.3930201843,-0.000203938637206,0.00247996099962,0.102901103555,0.000255190723634
q00_from_e2k0,cosine_6,1042,62.3964383563,62.3930377578,-0.00018636514379,0.00340059844481,0.101871904341,0.000346425439474
q00_from_e2k0,cosine_6,1044,62.3972269764,62.3930574057,-0.000166717253379,0.00416957072495,0.100849802152,0.000420500382672
q00_from_e2k0,cosine_6,1046,62.3978449643,62.3930788328,-0.000145290176825,0.00476613152837,0.0998347795987,0.000475825690673
q00_from_e2k0,cosine_6,1048,62.3982766737,62.393101717,-0.000122405955352,0.00517495666094,0.0988268190501,0.000511424505523
q00_from_e2k0,cosine_6,1050,62.3985125655,62.3931257186,-9.84043654313e-05,0.00538684694956,0.0978259026365,0.000526973165206
q00_from_e2k0,cosine_6,1052,62.3985498815,62.3931504882,-7.36347424279e-05,0.00539939328104,0.0968320122508,0.000522834116336
q00_from_e2k0,cosine_6,1054,62.3983925322,62.3931756749,-4.84480422855e-05,0.00521685726967,0.0958451295514,0.000500010360862
q00_from_e2k0,cosine_6,1056,62.3980510539,62.3932009337,-2.31892704363e-05,0.00485012023285,0.0948652359642,0.000460107800344
q00_from_e2k0,cosine_6,1058,62.3975423526,62.3932259328,1.80988099885e-06,0.00431641972464,0.0938923126855,0.000405278630467
q00_from_e2k0,cosine_6,1060,62.3968890274,62.3932503611,2.62381471856e-05,0.00363866628989,0.092926340684,0.00033812794329
q00_from_e2k0,cosine_6,1062,62.396118773,62.3932739333,4.98103951685e-05,0.0028448396909,0.0919673007037,0.000261632227307
q00_from_e2k0,cosine_6,1064,62.3952633866,62.3932963953,7.22723366806e-05,0.00196699128284,0.0910151732657,0.00017902605242
q00_from_e2k0,cosine_6,1066,62.3943576097,62.3933175284,9.34054389745e-05,0.00104008126256,0.0900699386712,9.36800555318e-05
q00_from_e2k0,cosine_6,1068,62.3934379499,62.3933371533,0.00011303031021,0.000100796623343,0.0891315770037,8.98416199521e-06
q00_from_e2k0,cosine_6,1070,62.3925414271,62.3933551316,0.000131008612655,-0.000813704461805,0.0882000681312,-7.17687889699e-05
q00_from_e2k0,cosine_6,1072,62.3917040714,62.3933713673,0.00014724435686,-0.00166729593705,0.0872753917094,-0.000145513906001
q00_from_e2k0,cosine_6,1074,62.3909595847,62.393385806,0.000161683028907,-0.0024262212597,0.0863575271833,-0.000209522468387
q00_from_e2k0,cosine_6,1076,62.3903379127,62.3933984325,0.000174309506903,-0.00306051975561,0.08544645379,-0.000261510559871
q00_from_e2k0,cosine_6,1078,62.389863979,62.3934092684,0.000185145487322,-0.00354528940665,0.0845421505615,-0.000299726390801
q00_from_e2k0,cosine_6,1080,62.3895567549,62.3934183685,0.00019424554614,-0.00386161358814,0.0836445963265,-0.000323003109749
q00_from_e2k0,cosine_6,1082,62.3894285966,62.3934258151,0.000201692135889,-0.00399721850784,0.0827537697135,-0.000330784899893
q00_from_e2k0,cosine_6,1084,62.3894848327,62.393431713,0.000207590004145,-0.003946880261,0.0818696491529,-0.000323129702216
q00_from_e2k0,cosine_6,1086,62.3897237191,62.3934361829,0.000212059902019,-0.00371246376059,0.0809922128796,-0.000300680655205
q00_from_e2k0,cosine_6,1088,62.3901367551,62.3934393552,0.000215232209555,-0.00330260006317,0.0801214389352,-0.000264609069288
q00_from_e2k0,cosine_6,1090,62.3907093643,62.3934413629,0.000217239942813,-0.002731998639,0.0792573051712,-0.000216530849859
q00_from_e2k0,cosine_6,1092,62.3914218399,62.3934423349,0.000218211981561,-0.0020204950597,0.0783997892507,-0.000158406386862
q00_from_e2k0,cosine_6,1094,62.3922501374,62.3934423906,0.000218267663939,-0.00119225317838,0.0775488686513,-9.24578851294e-05
q00_from_e2k0,cosine_6,1096,62.393167027,62.3934416342,0.00021751121087,-0.00027460712429,0.0767045206675,-2.10636078405e-05
q00_from_e2k0,cosine_6,1098,62.3941431935,62.3934401489,0.000216025953904,0.000703044628885,0.0758667224131,5.33376917037e-05
q00_from_e2k0,cosine_6,1100,62.395148318,62.3934379934,0.000213870499223,0.00171032453873,0.0750354508239,0.000128334972819
q00_from_e2k0,cosine_6,1102,62.396151983,62.3934351999,0.000211076905906,0.00271678310278,0.0742106826601,0.000201614328696
q00_from_e2k0,cosine_6,1104,62.3971245576,62.3934317738,0.000207650864482,0.00369278378179,0.0733923945086,0.000271022244148
q00_from_e2k0,cosine_6,1106,62.3980380925,62.3934276964,0.000203573402416,0.00461039616379,0.0725805627858,0.000334625148233
q00_from_e2k0,cosine_6,1108,62.3988672052,62.3934229253,0.000198802301398,0.00544427993256,0.0717751637399,0.000390764083606
q00_from_e2k0,cosine_6,1110,62.3995897176,62.3934173968,0.000193273821189,0.00617232078503,0.0709761734536,0.00043808771065
q00_from_e2k0,cosine_6,1112,62.4001870213,62.3934110296,0.000186906618204,0.0067759917494,0.0701835678464,0.00047556327667
q00_from_e2k0,cosine_6,1114,62.4006443283,62.393403731,0.00017960805453,0.00724059732516,0.0693973226769,0.000502478068948
q00_from_e2k0,cosine_6,1116,62.4009510462,62.3933954046,0.000171281634394,0.00755564161038,0.0686174135461,0.000518448584985
q00_from_e2k0,cosine_6,1118,62.4011009673,62.3933859564,0.000161833454214,0.00771501084681,0.0678438158988,0.000523415775548
q00_from_e2k0,cosine_6,1120,62.4010922467,62.3933753008,0.000151177811475,0.00771694594796,0.067076505027,0.000517625763671
q00_from_e2k0,cosine_6,1122,62.4009273832,62.3933633656,0.000139242692228,0.00756401751606,0.066315456072,0.000501611271314
q00_from_e2k0,cosine_6,1124,62.4006128623,62.3933500975,0.00012597454721,0.00726276475752,0.0655606440268,0.000476151534918
q00_from_e2k0,cosine_6,1126,62.4001587568,62.393335466,0.000111343062215,0.00682329081044,0.0648120437391,0.000442231422451
q00_from_e2k0,cosine_6,1128,62.3995783791,62.3933194685,9.53455351862e-05,0.00625891059564,0.064069629913,0.000401006085521
q00_from_e2k0,cosine_6,1130,62.3988876327,62.3933021325,7.80095848114e-05,0.00558550017646,0.0633333771122,0.000353748589036
q00_from_e2k0,cosine_6,1132,62.3981044198,62.3932835182,5.93952514834e-05,0.0048209015788,0.0626032597623,0.000301804153826
q00_from_e2k0,cosine_6,1134,62.397248131,62.3932637194,3.95964584357e-05,0.00398441161139,0.0618792521531,0.000246552410783
q00_from_e2k0,cosine_6,1136,62.3963391884,62.3932428642,1.87412193355e-05,0.00309632418796,0.0611613284411,0.00018937530062
q00_from_e2k0,cosine_6,1138,62.3953988132,62.3932211142,-3.00873502823e-06,0.00217769902768,0.0604494626524,0.000131640736042
q00_from_e2k0,cosine_6,1140,62.3944486423,62.3931986632,-2.54597772056e-05,0.00124997914659,0.0597436286846,7.46782899976e-05
q00_from_e2k0,cosine_6,1142,62.3935103681,62.3931757327,-4.83902806252e-05,0.000334635470026,0.0590438003098,1.97581498688e-05
q00_from_e2k0,cosine_6,1144,62.3926057415,62.3931525675,-7.15554211723e-05,-0.000546826054943,0.0583499511766,-3.19072736081e-05
q00_from_e2k0,cosine_6,1146,62.3917559949,62.3931294306,-9.46923666874e-05,-0.00137343565296,0.0576620548131,-7.91951219031e-05
q00_from_e2k0,cosine_6,1148,62.3909813626,62.3931065977,-0.000117525244136,-0.00212523507624,0.0569800846288,-0.0001210960745
q00_from_e2k0,cosine_6,1150,62.3903006955,62.3930843531,-0.000139769830817,-0.00278365765622,0.0563040139175,-0.000156731099417
q00_from_e2k0,cosine_6,1152,62.3897306602,62.3930629838,-0.000161139157939,-0.00333232361094,0.0556338158599,-0.000185389878157
q00_from_e2k0,cosine_6,1154,62.3892852262,62.3930427733,-0.000181349654767,-0.00375754713632,0.0549694635253,-0.000206550350254
q00_from_e2k0,cosine_6,1156,62.3889754487,62.3930239954,-0.000200127595846,-0.00404854667349,0.0543109298749,-0.000219880334479
q00_from_e2k0,cosine_6,1158,62.3888088541,62.3930069064,-0.000217216541081,-0.00419805226468,0.0536581877638,-0.00022525987666
q00_from_e2k0,cosine_6,1160,62.3887891313,62.3929917384,-0.000232384578339,-0.00420260711713,0.0530112099435,-0.000222785288196
q00_from_e2k0,cosine_6,1162,62.388915838,62.3929786935,-0.000245429446565,-0.00406285553392,0.0523699690646,-0.000212771618625
q00_from_e2k0,cosine_6,1164,62.389184213,62.39296794,-0.000256182911528,-0.00378372701815,0.0517344376789,-0.000195748989614
q00_from_e2k0,cosine_6,1166,62.3895854278,62.3929596088,-0.000264514159568,-0.00337418100202,0.051104588242,-0.000172436130762
q00_from_e2k0,cosine_6,1168,62.3901066876,62.3929537911,-0.00027033185026,-0.00284710352065,0.0504803931157,-0.000143722904964
q00_from_e2k0,cosine_6,1170,62.3907314444,62.3929505371,-0.000273585893837,-0.00221909267377,0.0498618245706,-0.000110648009605
q00_from_e2k0,cosine_6,1172,62.3914398451,62.3929498551,-0.000274267825588,-0.00151001001974,0.0492488547881,-7.43662641909e-05
q00_from_e2k0,cosine_6,1174,62.3922091577,62.3929517133,-0.000272409635755,-0.000742555589326,0.0486414558633,-3.61189849243e-05
q00_from_e2k0,cosine_6,1176,62.3930144492,62.3929560416,-0.000268081379943,5.84075849162e-05,0.0480395998072,2.80587700508e-06
q00_from_e2k0,cosine_6,1178,62.3938293389,62.3929627352,-0.000261387709045,0.00086660370917,0.0474432585489,4.11145038336e-05
q00_from_e2k0,cosine_6,1180,62.3946267135,62.3929716595,-0.000252463490582,0.00165505400397,0.0468524039384,7.75432587339e-05
q00_from_e2k0,cosine_6,1182,62.3953795685,62.3929826538,-0.000241469187017,0.00239691470635,0.0462670077488,0.000110898071292
q00_from_e2k0,cosine_6,1184,62.3960618467,62.3929955371,-0.000228585844397,0.00306630957805,0.0456870416784,0.000140090613491
q00_from_e2k0,cosine_6,1186,62.3966491499,62.393010113,-0.00021400999178,0.00363903694722,0.0451124773537,0.000164165971871
q00_from_e2k0,cosine_6,1188,62.3971195103,62.3930261737,-0.000197949282764,0.00409333661918,0.0445432863312,0.000182330665078
q00_from_e2k0,cosine_6,1190,62.3974538504,62.393043505,-0.000180617971367,0.00441034541755,0.0439794401002,0.000193964522113
q00_from_e2k0,cosine_6,1192,62.39763648,62.39306189,-0.000162232968584,0.00457459000621,0.0434209100847,0.000198632861334
q00_from_e2k0,cosine_6,1194,62.3976561645,62.3930811116,-0.000143011355902,0.00457505294177,0.0428676676462,0.000196121848972
q00_from_e2k0,cosine_6,1196,62.3975062962,62.3931009545,-0.000123168415996,0.00440534162473,0.0423196840857,0.000186432665848
q00_from_e2k0,cosine_6,1198,62.3971850812,62.3931212083,-0.000102914671245,0.00406387293968,0.0417769306464,0.000169776137957
q00_from_e2k0,cosine_6,1200,62.3966960972,62.3931416707,-8.24522198144e-05,0.00355442644256,0.0412393785157,0.000146582337471
q00_from_e2k0,cosine_6,1202,62.3960481746,62.39316215,-6.19729023867e-05,0.00288602451494,0.0407069988274,0.000117481396545
q00_from_e2k0,cosine_6,1204,62.3952552515,62.3931824665,-4.16564820043e-05,0.00207278505929,0.0401797626647,8.32840117372e-05
q00_from_e2k0,cosine_6,1206,62.3943359253,62.3932024562,-2.16667783235e-05,0.00113346910005,0.0396576410617,4.49507107245e-05
q00_from_e2k0,cosine_6,1208,62.393312973,62.3932219732,-2.14971505841e-06,9.09997346525e-05,0.0391406050063,3.56178466971e-06
q00_from_e2k0,cosine_6,1210,62.392212907,62.3932408891,1.67661100434e-05,-0.00102798207974,0.0386286254419,-3.97095347193e-05
q00_from_e2k0,cosine_6,1212,62.3910650921,62.3932590927,3.49697133259e-05,-0.00219400060037,0.0381216732704,-8.36389740424e-05
q00_from_e2k0,cosine_6,1214,62.3899006023,62.3932764914,5.23684445497e-05,-0.00337588910804,0.0376197193539,-0.000127000000814
q00_from_e2k0,cosine_6,1216,62.3887515254,62.3932930101,6.88871351784e-05,-0.00454148468485,0.0371227345171,-0.000168592330269
q00_from_e2k0,cosine_6,1218,62.3876500641,62.3933085897,8.44667937727e-05,-0.00565852560682,0.0366306895497,-0.000207275694812
q00_from_e2k0,cosine_6,1220,62.3866273088,62.3933231862,9.90632650044e-05,-0.00669587745615,0.0361435552084,-0.000242012816505
q00_from_e2k0,cosine_6,1222,62.3857123721,62.3933367684,0.000112645472569,-0.00762439635761,0.0356613022195,-0.00027189590275
q00_from_e2k0,cosine_6,1224,62.3849314983,62.3933493169,0.000125193935148,-0.00841781857658,0.0351839012807,-0.000296171697797
q00_from_e2k0,cosine_6,1226,62.384307038,62.3933608222,0.000136699269731,-0.00905378424603,0.0347113230636,-0.000314268829912
q00_from_e2k0,cosine_6,1228,62.3838567662,62.3933712837,0.000147160727366,-0.00951451743193,0.0342435382158,-0.000325810741285
q00_from_e2k0,cosine_6,1230,62.3835935826,62.3933807083,0.000156585385056,-0.00978712571779,0.033780517363,-0.000330614170244
q00_from_e2k0,cosine_6,1232,62.3835251153,62.3933891092,0.000164986271855,-0.00986399389881,0.0333222311116,-0.000328690284379
q00_from_e2k0,cosine_6,1234,62.3836535289,62.3933965024,0.00017237947489,-0.00974297352968,0.0328686500501,-0.000320238387394
q00_from_e2k0,cosine_6,1236,62.3839755489,62.3934029068,0.000178783838436,-0.00942735789718,0.0324197447521,-0.000305632536714
q00_from_e2k0,cosine_6,1238,62.3844826547,62.3934083445,0.000184221514729,-0.00892568979744,0.031975485778,-0.000285403267177
q00_from_e2k0,cosine_6,1240,62.3851616162,62.3934128395,0.000188716518494,-0.00825122330161,0.0315358436771,-0.000260209288185
q00_from_e2k0,cosine_6,1242,62.3859948004,62.3934164167,0.00019229376322,-0.00742161636046,0.0311007889899,-0.000230818124391
q00_from_e2k0,cosine_6,1244,62.3869607866,62.3934191023,0.000194979336868,-0.00645831571359,0.0306702922503,-0.00019807843038
q00_from_e2k0,cosine_6,1246,62.3880353957,62.3934209221,0.00019679916732,-0.00538552645092,0.0302443239873,-0.000162881606824
q00_from_e2k0,cosine_6,1248,62.3891923102,62.3934218982,0.000197775235733,-0.00422958799698,0.0298228547276,-0.000126138388392
q00_from_e2k0,cosine_6,1250,62.3904036938,62.3934220455,0.000197922594083,-0.00301835173601,0.0294058549974,-8.87572134802e-05
q00_from_e2k0,cosine_6,1252,62.3916407201,62.3934213721,0.00019724913507,-0.0017806520045,0.0289932953244,-5.16269694364e-05
q00_from_e2k0,cosine_6,1254,62.3928742561,62.3934198793,0.000195756393552,-0.000545623273673,0.0285851462402,-1.559672107e-05
q00_from_e2k0,cosine_6,1256,62.3940756908,62.3934175626,0.000193439674632,0.000658128192626,0.0281813782819,1.85469595544e-05
q00_from_e2k0,cosine_6,1258,62.3952173885,62.3934144103,0.000190287312407,0.00180297827152,0.0277819619947,5.00902738166e-05
q00_from_e2k0,cosine_6,1260,62.3962735784,62.3934104022,0.000186279250613,0.0028631761853,0.0273868679331,7.84134280561e-05
q00_from_e2k0,cosine_6,1262,62.3972210577,62.3934055094,0.000181386432658,0.00381554833207,0.026996066664,0.000103004797132
q00_from_e2k0,cosine_6,1264,62.3980395076,62.3933996958,0.00017557284125,0.00463981178837,0.0266095287676,0.000123463205259
q00_from_e2k0,cosine_6,1266,62.3987122248,62.3933929218,0.000168798807245,0.00531930304555,0.0262272248402,0.000139510556969
q00_from_e2k0,cosine_6,1268,62.3992267075,62.3933851486,0.000161025651408,0.00584155886467,0.0258491254958,0.000150999188184
q00_from_e2k0,cosine_6,1270,62.3995749479,62.3933763444,0.0001522214164,0.00619860351766,0.0254752013681,0.000157910672814
q00_from_e2k0,cosine_6,1272,62.3997540465,62.3933664878,0.000142364815126,0.006387558733,0.0251054231125,0.000160362364648
q00_from_e2k0,cosine_6,1274,62.3997662534,62.3933555704,0.000131447490674,0.00641068293508,0.024739761408,0.000158598766277
q00_from_e2k0,cosine_6,1276,62.3996187035,62.3933435988,0.000119475870754,0.00627510465311,0.0243781869593,0.000152975674422
q00_from_e2k0,cosine_6,1278,62.399323544,62.3933305957,0.000106472790137,0.00599294826109,0.0240206704982,0.000143954635492
q00_from_e2k0,cosine_6,1280,62.3988971741,62.3933166028,9.24798220154e-05,0.00558057134136,0.0236671827863,0.000132076401988
q00_from_e2k0,cosine_6,1282,62.3983594864,62.3933016824,7.75594587878e-05,0.00505780400643,0.023317694616,0.00011793632925
q00_from_e2k0,cosine_6,1284,62.3977331828,62.3932859188,6.17958795033e-05,0.00444726392683,0.0229721768132,0.000102163333262
q00_from_e2k0,cosine_6,1286,62.3970425885,62.3932694183,4.52953408256e-05,0.00377317020468,0.0226306002385,8.53891065341e-05
q00_from_e2k0,cosine_6,1288,62.3963127022,62.3932523084,2.81854997297e-05,0.00306039372504,0.0222929357894,6.82251608026e-05
q00_from_e2k0,cosine_6,1290,62.3955681363,62.3932347356,1.06126667134e-05,0.00233340072875,0.021959154402,5.12395068845e-05
q00_from_e2k0,cosine_6,1292,62.3948320118,62.3932168613,-7.26166399545e-06,0.00161515056116,0.0216292270529,3.4934458212e-05
q00_from_e2k0,cosine_6,1294,62.3941256366,62.3931988597,-2.52632436712e-05,0.000926776848573,0.0213031247608,1.97432428305e-05
q00_from_e2k0,cosine_6,1296,62.3934681406,62.393180915,-4.32079269856e-05,0.00028722560679,0.0209808185886,6.02622835005e-06
q00_from_e2k0,cosine_6,1298,62.3928761746,62.3931632172,-6.09057888212e-05,-0.000287042574712,0.0206622796448,-5.93095394867e-06
q00_from_e2k0,cosine_6,1300,62.392364153,62.3931459571,-7.81658675351e-05,-0.00078180404833,0.0203474790858,-1.59077415226e-05
q00_from_e2k0,cosine_6,1302,62.3919443356,62.3931293228,-9.48001374468e-05,-0.00118498724854,0.0200363881171,-2.37428644254e-05
q00_from_e2k0,cosine_6,1304,62.3916265901,62.3931134971,-0.00011062582324,-0.00148690698728,0.019728977995,-2.93351552327e-05
q00_from_e2k0,cosine_6,1306,62.3914187814,62.3930986551,-0.000125467828639,-0.0016798736821,0.019425220029,-3.26319158957e-05
q00_from_e2k0,cosine_6,1308,62.3913267154,62.3930849613,-0.000139161615934,-0.00175824597133,0.0191250855827,-3.36266046772e-05
q00_from_e2k0,cosine_6,1310,62.3913539088,62.3930725673,-0.000151555690827,-0.00171865842977,0.0188285460761,-3.23598394339e-05
q00_from_e2k0,cosine_6,1312,62.3915016632,62.3930616093,-0.000162513641826,-0.00155994608565,0.0185355729866,-2.89144945258e-05
q00_from_e2k0,cosine_6,1314,62.3917687947,62.3930522071,-0.00017191584638,-0.00128341238189,0.0182461378516,-2.34173192405e-05
q00_from_e2k0,cosine_6,1316,62.3921517395,62.3930444616,-0.000179661323003,-0.000892722174669,0.017960212269,-1.60334797543e-05
q00_from_e2k0,cosine_6,1318,62.3926444254,62.3930384538,-0.00018566919762,-0.00039402839473,0.0176777679,-6.96554250804e-06
q00_from_e2k0,cosine_6,1320,62.3932380229,62.3930342428,-0.000189880120956,0.000203780078579,0.0173987764696,3.54552403615e-06
q00_from_e2k0,cosine_6,1322,62.3939211231,62.3930318647,-0.00019225820725,0.000889258401592,0.0171232097692,1.52269581495e-05
q00_from_e2k0,cosine_6,1324,62.394679758,62.3930313306,-0.000192792376069,0.00164842741191,0.0168510396572,2.77777156901e-05
q00_from_e2k0,cosine_6,1326,62.3954974485,62.3930326262,-0.000191496760948,0.00246482227085,0.0165822380615,4.08722696745e-05
q00_from_e2k0,cosine_6,1328,62.396355562,62.3930357121,-0.000188410840437,0.00331984992697,0.0163167769803,5.41692508664e-05
q00_from_e2k0,cosine_6,1330,62.3972334849,62.3930405232,-0.000183599743167,0.00419296165821,0.0160546284842,6.73164416708e-05
q00_from_e2k0,cosine_6,1332,62.3981089276,62.3930469692,-0.000177153731968,0.00506195835915,0.0157957647172,7.99575032492e-05
q00_from_e2k0,cosine_6,1334,62.3989585346,62.3930549367,-0.000169186255889,0.00590359790371,0.0155401578986,9.17428435933e-05
q00_from_e2k0,cosine_6,1336,62.3997580923,62.3930642929,-0.000159830057285,0.00669379942117,0.0152877803243,0.000102333335086
q00_from_e2k0,cosine_6,1338,62.4004828952,62.3930748899,-0.000149233046969,0.00740800534564,0.0150386043684,0.000111406061552
q00_from_e2k0,cosine_6,1340,62.4011087195,62.393086568,-0.000137554924194,0.00802215147556,0.0147926024844,0.000118668497847
q00_from_e2k0,cosine_6,1342,62.4016123737,62.3930991596,-0.000124963363319,0.00851321407445,0.0145497472069,0.000123865112701
q00_from_e2k0,cosine_6,1344,62.4019722708,62.3931124925,-0.000111630438383,0.00885977830177,0.0143100111529,0.00012678352631
q00_from_e2k0,cosine_6,1346,62.4021692424,62.3931263935,-9.77294765789e-05,0.00904284895292,0.0140733670232,0.000127263332249
q00_from_e2k0,cosine_6,1348,62.4021870856,62.3931406923,-8.34306879938e-05,0.00904639336316,0.0138397876038,0.000125200162727
q00_from_e2k0,cosine_6,1350,62.4020135737,62.393155227,-6.88959270647e-05,0.00885834667329,0.0136092457674,0.00012055541697
q00_from_e2k0,cosine_6,1352,62.4016412016,62.3931698478,-5.42751106707e-05,0.00847135373915,0.0133817144745,0.00011336123695
q00_from_e2k0,cosine_6,1354,62.4010677561,62.3931844176,-3.97053962899e-05,0.00788333852217,0.0131571667749,0.000103722399679
q00_from_e2k0,cosine_6,1356,62.4002970688,62.3931988116,-2.53113560902e-05,0.00709825719132,0.0129355758091,9.18200440106e-05
q00_from_e2k0,cosine_6,1358,62.3993394526,62.3932129185,-1.12044760954e-05,0.00612653416883,0.0127169148093,7.79106131015e-05
q00_from_e2k0,cosine_6,1360,62.3982116767,62.3932266399,2.51695493603e-06,0.0049850368376,0.0125011571012,6.23187286622e-05
q00_from_e2k0,cosine_6,1362,62.3969371354,62.3932398883,1.57653065145e-05,0.00369724714464,0.0122882761047,4.54327937408e-05
q00_from_e2k0,cosine_6,1364,62.3955452503,62.3932525824,2.84594320661e-05,0.0022926679302,0.0120782453356,2.7691405734e-05
q00_from_e2k0,cosine_6,1366,62.3940701108,62.3932646455,4.05225406723e-05,0.000805465333869,0.0118710384066,9.56170991352e-06
q00_from_e2k0,cosine_6,1368,62.3925494194,62.393276005,5.18820257369e-05,-0.000726585543426,0.0116666290285,-8.47680399261e-06
q00_from_e2k0,cosine_6,1370,62.3910231382,62.3932865913,6.24683405874e-05,-0.00226345308461,0.0114649910117,-2.59504692704e-05
q00_from_e2k0,cosine_6,1372,62.3895318737,62.3932963354,7.22124392212e-05,-0.00376446169587,0.0112660982671,-4.24107953882e-05
q00_from_e2k0,cosine_6,1374,62.3881155243,62.3933051671,8.10441307664e-05,-0.00518964282658,0.0110699248072,-5.74489558667e-05
q00_from_e2k0,cosine_6,1376,62.386811618,62.3933130141,8.88911584696e-05,-0.00650139611323,0.0108764447478,-7.07120756093e-05
q00_from_e2k0,cosine_6,1378,62.3856539703,62.3933198028,9.56798565355e-05,-0.00766583251157,0.0106856323085,-8.1914267557e-05
q00_from_e2k0,cosine_6,1380,62.384671588,62.3933254617,0.000101338774165,-0.00865387377195,0.010497461814,-9.08437094644e-05
q00_from_e2k0,cosine_6,1382,62.3838875523,62.3933299249,0.000105801921684,-0.00944237255145,0.0103119076956,-9.73688741779e-05
q00_from_e2k0,cosine_6,1384,62.3833180592,62.3933331348,0.000109011812079,-0.0100150755421,0.0101289444917,-0.000101442144246
q00_from_e2k0,cosine_6,1386,62.3829719205,62.3933350473,0.000110924388196,-0.0103631267949,0.00994854684929,-0.000103098052424
q00_from_e2k0,cosine_6,1388,62.3828504453,62.3933356364,0.000111513427029,-0.0104851910805,0.00977068952489,-0.000102447546657
q00_from_e2k0,cosine_6,1390,62.3829473574,62.3933348975,0.000110774531279,-0.0103875400464,0.00959534738553,-9.9672055226e-05
q00_from_e2k0,cosine_6,1392,62.3832493602,62.3933328527,0.000108729712039,-0.0100834924883,0.00942249540982,-9.50116616861e-05
q00_from_e2k0,cosine_6,1394,62.3837369491,62.393329554,0.000105431038911,-0.00959260486648,0.00925210868896,-8.87518228349e-05
q00_from_e2k0,cosine_6,1396,62.3843854338,62.3933250852,0.000100962206815,-0.00893965140389,0.00908416242772,-8.12092454001e-05
q00_from_e2k0,cosine_6,1398,62.3851665107,62.393319561,9.54380764284e-05,-0.00815305032285,0.0089186319454,-7.27140550618e-05
q00_from_e2k0,cosine_6,1400,62.3860497226,62.3933131256,8.90026065719e-05,-0.00726340292749,0.00875549267682,-6.35946711405e-05
q00_from_e2k0,cosine_6,1402,62.3870038624,62.3933059477,8.18247561796e-05,-0.00630208531236,0.00859472017322,-5.41646597675e-05
q00_from_e2k0,cosine_6,1404,62.3879983909,62.3932982154,7.40924599469e-05,-0.00529982446789,0.00843629010318,-4.4710856707e-05
q00_from_e2k0,cosine_6,1406,62.389004335,62.3932901279,6.60049887671e-05,-0.00428579296394,0.00828017825356,-3.54871296993e-05
q00_from_e2k0,cosine_6,1408,62.3899952212,62.3932818887,5.77657298138e-05,-0.00328666743662,0.00812636053035,-2.67086445333e-05
q00_from_e2k0,cosine_6,1410,62.3909479306,62.3932736983,4.95753976892e-05,-0.00232576774625,0.00797481295957,-1.85475627637e-05
q00_from_e2k0,cosine_6,1412,62.3918427368,62.3932657473,4.16243593975e-05,-0.00142301053116,0.00782551168809,-1.11357855438e-05
q00_from_e2k0,cosine_6,1414,62.3926634337,62.3932582079,3.40849550895e-05,-0.000594774244099,0.00767843298449,-4.56693417422e-06
q00_from_e2k0,cosine_6,1416,62.3933974409,62.3932512273,2.71043669287e-05,0.000146213629279,0.00753355323987,1.10150816057e-06
q00_from_e2k0,cosine_6,1418,62.3940355708,62.3932449224,2.07994394543e-05,0.000790648397555,0.00739084896866,5.84356289364e-06
q00_from_e2k0,cosine_6,1420,62.3945715572,62.3932393753,1.52523318064e-05,0.0013321819135,0.00725029680938,9.65871427694e-06
q00_from_e2k0,cosine_6,1422,62.3950017558,62.3932346301,1.05071831911e-05,0.00176712565425,0.00711187352544,1.25675741566e-05
q00_from_e2k0,cosine_6,1424,62.3953245579,62.3932306931,6.57010641447e-06,0.00209386488856,0.00697555600586,1.46058717988e-05
q00_from_e2k0,cosine_6,1426,62.3955401729,62.3932275346,3.41160637873e-06,0.00231263835288,0.00684132126604,1.58215019442e-05
q00_from_e2k0,cosine_6,1428,62.3956503858,62.3932250922,9.69226213954e-07,0.00242529359014,0.00670914644844,1.62716498767e-05
q00_from_e2k0,cosine_6,1430,62.3956584611,62.3932232741,-8.48814515564e-07,0.00243518693983,0.00657900882331,1.60211163635e-05
q00_from_e2k0,cosine_6,1432,62.3955689653,62.3932219655,-2.15747522248e-06,0.00234699984212,0.00645088578933,1.51402279291e-05
q00_from_e2k0,cosine_6,1434,62.3953878376,62.3932210347,-3.08821555706e-06,0.00216680286179,0.00632475487433,1.37044969618e-05
q00_from_e2k0,cosine_6,1436,62.3951225012,62.3932203399,-3.78305659865e-06,0.0019021613457,0.00620059373591,1.17945297249e-05
q00_from_e2k0,cosine_6,1438,62.3947821069,62.3932197353,-4.38767960986e-06,0.00156237162822,0.00607838016208,9.49668871075e-06
q00_from_e2k0,cosine_6,1440,62.3943775174,62.393219079,-5.04396305701e-06,0.00115843839903,0.00595809207185,6.90208264099e-06
q00_from_e2k0,cosine_6,1442,62.3939213198,62.3932182396,-5.88334382456e-06,0.000703080172919,0.00583970751588,4.10578257006e-06
q00_from_e2k0,cosine_6,1444,62.3934278898,62.3932171033,-7.0196644657e-06,0.000210786465253,0.005723204677,1.20637408378e-06
q00_from_e2k0,cosine_6,1446,62.392913189,62.3932155799,-8.54299982223e-06,-0.00030239093023,0.00560856187084,-1.69597824138e-06
q00_from_e2k0,cosine_6,1448,62.3923944928,62.393213608,-1.05149376566e-05,-0.000819115261621,0.00549575754633,-4.50165888037e-06
q00_from_e2k0,cosine_6,1450,62.3918896848,62.3932111582,-1.296470478e-05,-0.0013214734004,0.00538477028625,-7.11583070052e-06
q00_from_e2k0,cosine_6,1452,62.3914168359,62.3932082348,-1.58881027801e-05,-0.00179139892376,0.00527557880773,-9.45066619836e-06
q00_from_e2k0,cosine_6,1454,62.3909936285,62.3932048745,-1.92484062538e-05,-0.00221124609252,0.00516816196278,-1.14280779457e-05
q00_from_e2k0,cosine_6,1456,62.3906364094,62.3932011467,-2.29762697543e-05,-0.00256473723896,0.00506249873875,-1.29839790375e-05
q00_from_e2k0,cosine_6,1458,62.3903597341,62.3931971519,-2.69710881184e-05,-0.00283741773988,0.00495856825879,-1.40695295419e-05
q00_from_e2k0,cosine_6,1460,62.3901759225,62.3931930167,-3.11062044176e-05,-0.00301709429105,0.00485634978231,-1.46520652035e-05
q00_from_e2k0,cosine_6,1462,62.3900941967,62.3931888878,-3.52351664787e-05,-0.00309469104633,0.00475582270542,-1.47178019444e-05
q00_from_e2k0,cosine_6,1464,62.3901207234,62.3931849265,-3.91964554183e-05,-0.00306420311438,0.00465696656133,-1.42698914408e-05
q00_from_e2k0,cosine_6,1466,62.3902584406,62.3931813042,-4.28187074419e-05,-0.00292286364808,0.00455976102075,-1.33275597315e-05
q00_from_e2k0,cosine_6,1468,62.3905070748,62.3931781958,-4.59271515467e-05,-0.0026711210066,0.00446418589228,-1.19243807142e-05
q00_from_e2k0,cosine_6,1470,62.3908634294,62.3931757722,-4.83507719338e-05,-0.00231234276902,0.00437022112279,-1.01054492123e-05
q00_from_e2k0,cosine_6,1472,62.3913213404,62.3931741926,-4.99303810244e-05,-0.0018528522128,0.00427784679775,-7.92621790523e-06
q00_from_e2k0,cosine_6,1474,62.3918722228,62.3931735968,-5.05261559738e-05,-0.00130137403877,0.00418704314156,-5.44890924366e-06
q00_from_e2k0,cosine_6,1476,62.3925052296,62.3931740988,-5.00241754509e-05,-0.0006688691535,0.0040977905179,-2.74088567493e-06
q00_from_e2k0,cosine_6,1478,62.3932071531,62.3931757815,-4.8341444753e-05,3.13716266334e-05,0.00401006942999,1.25802400932e-07
q00_from_e2k0,cosine_6,1480,62.3939629801,62.3931786936,-4.54293630128e-05,0.000784286544544,0.00392386052092,3.07743100923e-06
q00_from_e2k0,cosine_6,1482,62.3947561694,62.3931828464,-4.12765912046e-05,0.00157332301157,0.0038391445739,6.04021450286e-06
q00_from_e2k0,cosine_6,1484,62.39556898,62.3931882123,-3.59106115013e-05,0.00238076763149,0.0037559025125,8.94193112879e-06
q00_from_e2k0,cosine_6,1486,62.3963828853,62.393194725,-2.93979014927e-05,0.00318816025634,0.0036741154009,1.17136686984e-05
q00_from_e2k0,cosine_6,1488,62.3971790394,62.3932022796,-2.18433102717e-05,0.00397675974504,0.00359376444414,1.42915377746e-05
q00_from_e2k0,cosine_6,1490,62.3979387391,62.3932107348,-1.33881863746e-05,0.00472800436965,0.00351483098829,1.66181362712e-05
q00_from_e2k0,cosine_6,1492,62.3986438905,62.3932199155,-4.20740551732e-06,0.00542397496774,0.00343729652064,1.86438102846e-05
q00_from_e2k0,cosine_6,1494,62.3992773498,62.3932296179,5.49490648183e-06,0.00604773197127,0.00336114266992,2.03272899849e-05
q00_from_e2k0,cosine_6,1496,62.3998234056,62.3932396141,1.54911609798e-05,0.00658379152055,0.00328635120641,2.16366512063e-05
q00_from_e2k0,cosine_6,1498,62.4002680311,62.39324966,2.55370686162e-05,0.00701837103583,0.00321290404211,2.25493526701e-05
q00_from_e2k0,cosine_6,1500,62.4005989792,62.3932595032,3.53802636113e-05,0.00733947595852,0.00314078323089,2.3051703014e-05
q00_from_e2k0,cosine_6,1502,62.4008062357,62.3932688927,4.47697497918e-05,0.00753734295089,0.00306997096853,2.31394240391e-05
q00_from_e2k0,cosine_6,1504,62.400882413,62.3932775868,5.34638207341e-05,0.00760482618794,0.00300044959293,2.28178976399e-05
q00_from_e2k0,cosine_6,1506,62.4008229989,62.3932853598,6.12368186665e-05,0.00753763909776,0.00293220158408,2.21018773027e-05
q00_from_e2k0,cosine_6,1508,62.4006267174,62.3932920096,6.7886622162e-05,0.00733470781256,0.00286520956422,2.10154749753e-05
q00_from_e2k0,cosine_6,1510,62.40029564,62.3932973647,7.32417154836e-05,0.00699827529232,0.00279945629783,1.95913658411e-05
q00_from_e2k0,cosine_6,1512,62.3998354839,62.3933012892,7.71662616401e-05,0.00653419464967,0.00273492469173,1.78705302879e-05
q00_from_e2k0,cosine_6,1514,62.3992557552,62.3933036869,7.9563947132e-05,0.00595206829576,0.00267159779502,1.59015325348e-05
q00_from_e2k0,cosine_6,1516,62.398569523,62.3933045041,8.03811463541e-05,0.00526501893959,0.00260945879918,1.37388499998e-05
q00_from_e2k0,cosine_6,1518,62.397793311,62.3933037321,7.96091205544e-05,0.0044895789264,0.00254849103801,1.14416516584e-05
q00_from_e2k0,cosine_6,1520,62.3969470552,62.3933014076,7.72846195787e-05,0.00364564766151,0.00248867798761,9.07284308578e-06
q00_from_e2k0,cosine_6,1522,62.3960534037,62.3932976106,7.34876244906e-05,0.00275579317567,0.00243000326637,6.69658641831e-06
q00_from_e2k0,cosine_6,1524,62.3951371001,62.3932924607,6.83377554083e-05,0.00184463941195,0.00237245063492,4.37631594407e-06
q00_from_e2k0,cosine_6,1526,62.3942240993,62.3932861139,6.19909357837e-05,0.000937985459522,0.00231600399603,2.17237807247e-06
q00_from_e2k0,cosine_6,1528,62.3933405565,62.3932787565,5.46335278031e-05,6.18000496289e-05,0.00226064739458,1.39708121178e-07
q00_from_e2k0,cosine_6,1530,62.3925117607,62.3932705962,4.64732190437e-05,-0.00075883549529,0.00220636501743,-1.67426809079e-06
q00_from_e2k0,cosine_6,1532,62.3917610401,62.3932618538,3.77308857651e-05,-0.00150081369311,0.00215314119335,-3.23146378619e-06
q00_from_e2k0,cosine_6,1534,62.3911086939,62.3932527567,2.86337693822e-05,-0.00214406285895,0.00210096039287,-4.50459114647e-06
q00_from_e2k0,cosine_6,1536,62.3905713119,62.3932435304,1.94074633413e-05,-0.0026722184797,0.00204980722814,-5.47753275486e-06
q00_from_e2k0,cosine_6,1538,62.390161156,62.3932343915,1.02685554708e-05,-0.00307323547688,0.00199966645283,-6.14544588476e-06
q00_from_e2k0,cosine_6,1540,62.3898858784,62.3932255414,1.41845377044e-06,-0.00333966303307,0.00195052296191,-6.51408943105e-06
q00_from_e2k0,cosine_6,1542,62.3897485281,62.3932171602,-6.96275559875e-06,-0.00346863210012,0.00190236179152,-6.59859317611e-06
q00_from_e2k0,cosine_6,1544,62.3897476186,62.393209401,-1.4721916699e-05,-0.00346178243798,0.00185516811877,-6.42218841305e-06
q00_from_e2k0,cosine_6,1546,62.3898774637,62.393202386,-2.1736987037e-05,-0.0033249222692,0.0018089272615,-6.01454253514e-06
q00_from_e2k0,cosine_6,1548,62.3901286185,62.3931962035,-2.79194752437e-05,-0.00306758498003,0.00176362467814,-5.41006857307e-06
q00_from_e2k0,cosine_6,1550,62.3904882016,62.393190907,-3.32159170142e-05,-0.00270270542617,0.0017192459674,-4.64661540503e-06
q00_from_e2k0,cosine_6,1552,62.390940466,62.3931865145,-3.76084827565e-05,-0.00224604844994,0.0016757768681,-3.76387603703e-06
q00_from_e2k0,cosine_6,1554,62.3914673775,62.3931830098,-4.11131452438e-05,-0.00171563225577,0.00163320325885,-2.8019761911e-06
q00_from_e2k0,cosine_6,1556,62.3920490743,62.393180348,-4.37749689155e-05,-0.00113127369094,0.00159151115784,-1.80043470171e-06
q00_from_e2k0,cosine_6,1558,62.3926645929,62.3931784601,-4.56628784846e-05,-0.000513867214814,0.00155068672253,-7.96847067154e-07
q00_from_e2k0,cosine_6,1560,62.3932924928,62.3931772582,-4.68647018508e-05,0.000115234514347,0.00151071624935,1.7408665331e-07
q00_from_e2k0,cosine_6,1562,62.3939113894,62.3931766411,-4.7481882703e-05,0.000734748321804,0.00147158617342,1.08124547131e-06
q00_from_e2k0,cosine_6,1564,62.3945006927,62.3931764989,-4.76240786824e-05,0.00132419384733,0.00143328306822,1.89794462042e-06
q00_from_e2k0,cosine_6,1566,62.3950409915,62.3931767189,-4.7404045759e-05,0.00186427262529,0.00139579364523,2.60213988336e-06
q00_from_e2k0,cosine_6,1568,62.3955143083,62.3931771895,-4.6933469882e-05,0.00233711877883,0.00135910475366,3.17638924217e-06
q00_from_e2k0,cosine_6,1570,62.3959045405,62.3931778039,-4.63190550875e-05,0.00272673664234,0.00132320338001,3.60802714154e-06
q00_from_e2k0,cosine_6,1572,62.3961977474,62.3931784644,-4.56585548108e-05,0.00301928297786,0.00128807664776,3.88906789677e-06
q00_from_e2k0,cosine_6,1574,62.3963822435,62.3931790863,-4.50366145586e-05,0.00320315712464,0.00125371181699,4.01583593884e-06
q00_from_e2k0,cosine_6,1576,62.3964488603,62.3931796013,-4.45216517591e-05,0.0032692590036,0.00122009628395,3.98881076156e-06
q00_from_e2k0,cosine_6,1578,62.3963912346,62.3931799582,-4.41647231355e-05,0.00321127633126,0.00118721758069,3.81248371692e-06
q00_from_e2k0,cosine_6,1580,62.396206,62.3931801241,-4.39988254897e-05,0.00302587586562,0.00115506337464,3.49507838859e-06
q00_from_e2k0,cosine_6,1582,62.3958931027,62.393180085,-4.40379977107e-05,0.0027130177517,0.00112362146819,3.0484049894e-06
q00_from_e2k0,cosine_6,1584,62.3954560002,62.3931798454,-4.42775740765e-05,0.00227615480138,0.00109287979824,2.48756360009e-06
q00_from_e2k0,cosine_6,1586,62.3949017968,62.3931794279,-4.46950083912e-05,0.00172236889266,0.00106282643575,1.83057919124e-06
q00_from_e2k0,cosine_6,1588,62.3942413584,62.3931788721,-4.52508811009e-05,0.00106248629974,0.00103344958531,1.09802602587e-06
q00_from_e2k0,cosine_6,1590,62.3934891574,62.393178232,-4.58909243406e-05,0.000310925395084,0.00100473758463,3.12398430458e-07
q00_from_e2k0,cosine_6,1592,62.3926631126,62.3931775745,-4.65484111487e-05,-0.000514461961643,0.000976678904101,-5.02464144899e-07
q00_from_e2k0,cosine_6,1594,62.3917841426,62.3931769767,-4.71462663967e-05,-0.00139283407388,0.000949262146259,-1.32216466236e-06
q00_from_e2k0,cosine_6,1596,62.390875466,62.3931765231,-4.75998872105e-05,-0.00230105707753,0.000922476045323,-2.12267003294e-06
q00_from_e2k0,cosine_6,1598,62.3899620898,62.3931763022,-4.78207089003e-05,-0.00321421247659,0.000896309466658,-2.88092907062e-06
q00_from_e2k0,cosine_6,1600,62.3890699922,62.3931764021,-4.7720850084e-05,-0.00410640987959,0.000870751406263,-3.57566217735e-06
q00_from_e2k0,cosine_6,1602,62.3882249922,62.3931769042,-4.72187430063e-05,-0.00495191199865,0.000845790990234,-4.18828255289e-06
q00_from_e2k0,cosine_6,1604,62.3874516994,62.3931778792,-4.62437686508e-05,-0.00572617973666,0.000821417474222,-4.70358409623e-06
q00_from_e2k0,cosine_6,1606,62.38677256,62.3931793844,-4.4738592976e-05,-0.0064068243884,0.000797620242879,-5.11021282476e-06
q00_from_e2k0,cosine_6,1608,62.3862070095,62.3931814615,-4.2661413417e-05,-0.00697445203596,0.000774388809296,-5.40093760762e-06
q00_from_e2k0,cosine_6,1610,62.3857708901,62.3931841344,-3.99885574751e-05,-0.00741324433011,0.00075171281443,-5.57263075945e-06
q00_from_e2k0,cosine_6,1612,62.385475934,62.3931874073,-3.67156947689e-05,-0.00771147323171,0.000729582026522,-5.62615226786e-06
q00_from_e2k0,cosine_6,1614,62.3853293627,62.3931912651,-3.28578962012e-05,-0.00786190237012,0.000707986340504,-5.56611948842e-06
q00_from_e2k0,cosine_6,1616,62.385333982,62.3931956751,-2.84478820589e-05,-0.00786169303569,0.000686915777401,-5.4003209833e-06
q00_from_e2k0,cosine_6,1618,62.385488113,62.3932005897,-2.35332645389e-05,-0.00771247668194,0.000666360483716,-5.13928969243e-06
q00_from_e2k0,cosine_6,1620,62.3857858585,62.393205949,-1.81739911298e-05,-0.00742009043949,0.000646310730818,-4.79568407468e-06
q00_from_e2k0,cosine_6,1622,62.3862176309,62.3932116839,-1.24390987395e-05,-0.00699405295368,0.000626756914306,-4.38357104774e-06
q00_from_e2k0,cosine_6,1624,62.3867704459,62.3932177194,-6.40354848969e-06,-0.00644727351803,0.000607689553376,-3.91794076466e-06
q00_from_e2k0,cosine_6,1626,62.3874285133,62.3932239762,-1.46767177966e-07,-0.00579546285472,0.000589099290176,-3.41410305395e-06
q00_from_e2k0,cosine_6,1628,62.3881738332,62.3932303714,6.24847075414e-06,-0.00505653819111,0.00057097688915,-2.88716644623e-06
q00_from_e2k0,cosine_6,1630,62.3889866353,62.3932368215,1.2698515377e-05,-0.0042501861368,0.000553313236376,-2.35168424655e-06
q00_from_e2k0,cosine_6,1632,62.3898462129,62.3932432448,1.91218394576e-05,-0.00339703185182,0.000536099338898,-1.82114652998e-06
q00_from_e2k0,cosine_6,1634,62.3907315646,62.3932495639,2.54409816378e-05,-0.0025179993278,0.000519326324042,-1.30766333485e-06
q00_from_e2k0,cosine_6,1636,62.3916219848,62.3932557069,3.15839434251e-05,-0.00163372213682,0.000502985438732,-8.21738445752e-07
q00_from_e2k0,cosine_6,1638,62.3924977657,62.3932616086,3.74856945911e-05,-0.000763842982586,0.000487068048797,-3.72043511116e-07
q00_from_e2k0,cosine_6,1640,62.3933406199,62.3932672123,4.30893060468e-05,7.3407685619e-05,0.000471565638266,3.46165421226e-08
q00_from_e2k0,cosine_6,1642,62.3941340008,62.3932724703,4.83473900204e-05,0.000861530459588,0.000456469808659,3.93262644042e-07
q00_from_e2k0,cosine_6,1644,62.3948635416,62.3932773461,5.32231250503e-05,0.00158619554144,0.000441772278269,7.0073721812e-07
q00_from_e2k0,cosine_6,1646,62.3955173323,62.3932818128,5.76898193572e-05,0.00223551956135,0.000427464881439,9.55606104246e-07
q00_from_e2k0,cosine_6,1648,62.3960859763,62.3932858528,6.1729814135e-05,0.0028001235648,0.00041353956783,1.15796188886e-06
q00_from_e2k0,cosine_6,1650,62.3965627031,62.3932894562,6.53332971865e-05,0.00327324683734,0.000399988401679,1.30926077077e-06
q00_from_e2k0,cosine_6,1652,62.3969432198,62.3932926199,6.8496966307e-05,0.00365059991445,0.00038680356106,1.41206504691e-06
q00_from_e2k0,cosine_6,1654,62.3972255282,62.3932953455,7.12225307922e-05,0.00393018269529,0.000373977337123,1.46979925879e-06
q00_from_e2k0,cosine_6,1656,62.3974097561,62.3932976379,7.35149240825e-05,0.00411211820334,0.000361502133343,1.48653950307e-06
q00_from_e2k0,cosine_6,1658,62.397497908,62.3932995033,7.53803216398e-05,0.00419840477723,0.000349370464752,1.46679862824e-06
q00_from_e2k0,cosine_6,1660,62.3974938321,62.3933009475,7.68245445641e-05,0.00419288465044,0.000337574957165,1.41541285627e-06
q00_from_e2k0,cosine_6,1662,62.3974028597,62.3933019756,7.78526425336e-05,0.00410088410294,0.000326108346404,1.33733253361e-06
q00_from_e2k0,cosine_6,1664,62.3972315757,62.3933025915,7.84685092015e-05,0.00392898426342,0.000314963477518,1.23748654672e-06
q00_from_e2k0,cosine_6,1666,62.3969877852,62.3933027967,7.86737854028e-05,0.00368498851058,0.000304133303986,1.12072773087e-06
q00_from_e2k0,cosine_6,1668,62.3966801562,62.3933025896,7.8466614525e-05,0.0033775666638,0.000293610886927,9.91690343813e-07
q00_from_e2k0,cosine_6,1670,62.3963182472,62.3933019629,7.78399921089e-05,0.00301628423669,0.000283389394298,8.54782962865e-07
q00_from_e2k0,cosine_6,1672,62.3959126168,62.393300903,7.67800776913e-05,0.00261171380154,0.000273462100088,7.14204740999e-07
q00_from_e2k0,cosine_6,1674,62.395474569,62.3932993889,7.52659625007e-05,0.00217518008039,0.000263822383505,5.73861193361e-07
q00_from_e2k0,cosine_6,1676,62.3950161045,62.3932973943,7.32713600371e-05,0.00171871018188,0.00025446372816,4.37349400506e-07
q00_from_e2k0,cosine_6,1678,62.3945499923,62.393294891,7.07680202083e-05,0.00125510137384,0.000245379721245,3.07976425247e-07
q00_from_e2k0,cosine_6,1680,62.3940896409,62.3932918526,6.77296865206e-05,0.000797788292644,0.00023656405271,1.88728031712e-07
q00_from_e2k0,cosine_6,1682,62.3936490328,62.3932882581,6.41351343234e-05,0.000360774716711,0.000228010514424,8.22604287484e-08
q00_from_e2k0,cosine_6,1684,62.3932425218,62.3932840943,5.99713299607e-05,-4.15724916607e-05,0.000219712999347,-9.13401683311e-09
q00_from_e2k0,cosine_6,1686,62.3928842646,62.3932793599,5.52369778433e-05,-0.00039509530751,0.000211665500686,-8.3628046083e-08
q00_from_e2k0,cosine_6,1688,62.3925879312,62.3932740683,4.99453186507e-05,-0.000686137062729,0.00020386211105,-1.39877350078e-07
q00_from_e2k0,cosine_6,1690,62.3923662199,62.3932682488,4.41258114776e-05,-0.000902028865546,0.000196297021604,-1.77065579708e-07
q00_from_e2k0,cosine_6,1692,62.39223027,62.3932619478,3.7824840561e-05,-0.00103167775874,0.000188964521214,-1.94950493727e-07
q00_from_e2k0,cosine_6,1694,62.3921893401,62.3932552276,3.11046610761e-05,-0.00106588751139,0.00018185899559,-1.93841232233e-07
q00_from_e2k0,cosine_6,1696,62.3922503782,62.3932481647,2.40417963226e-05,-0.000997786520102,0.000174974926431,-1.74587622949e-07
q00_from_e2k0,cosine_6,1698,62.3924176292,62.3932408491,1.6726187738e-05,-0.000823219894826,0.000168306890555,-1.38553580741e-07
q00_from_e2k0,cosine_6,1700,62.392692415,62.3932333828,9.25989206024e-06,-0.000540967849808,0.000161849559034,-8.75554079431e-08
q00_from_e2k0,cosine_6,1702,62.3930729904,62.3932258776,1.75465694241e-06,-0.000152887241008,0.000155597696327,-2.37889024986e-08
q00_from_e2k0,cosine_6,1704,62.3935542678,62.3932184527,-5.67023163711e-06,0.000335815037872,0.000149546159403,5.02198491833e-08
q00_from_e2k0,cosine_6,1706,62.3941275883,62.3932112339,-1.28890169933e-05,0.000916354410599,0.000143689896864,1.3167087075e-07
q00_from_e2k0,cosine_6,1708,62.3947807198,62.3932043528,-1.977012586e-05,0.0015763670019,0.00013802394807,2.1757639721e-07
q00_from_e2k0,cosine_6,1710,62.3954979721,62.3931979441,-2.61788153892e-05,0.00230002796809,0.000132543442254,3.0485362417e-07
q00_from_e2k0,cosine_6,1712,62.396260329,62.3931921412,-3.19817122403e-05,0.00306818781226,0.000127243597637,3.90407255458e-07
q00_from_e2k0,cosine_6,1714,62.3970457507,62.3931870721,-3.70508878831e-05,0.00385867865489,0.000122119720546,4.71220759011e-07
q00_from_e2k0,cosine_6,1716,62.3978296876,62.393182854,-4.12689439102e-05,0.00464683355062,0.000117167204518,5.44456496986e-07
q00_from_e2k0,cosine_6,1718,62.3985858783,62.3931795878,-4.45351254825e-05,0.00540629048979,0.000112381529416,6.07567193708e-07
q00_from_e2k0,cosine_6,1720,62.3992873314,62.3931773521,-4.67708424452e-05,0.00610997931511,0.000107758260531,6.58400742877e-07
q00_from_e2k0,cosine_6,1722,62.3999073459,62.393176197,-4.79259680617e-05,0.00673114894488,0.000103293047691,6.95280888976e-07
q00_from_e2k0,cosine_6,1724,62.4004210394,62.3931761383,-4.79846228956e-05,0.00724490112244,9.89816243605e-05,7.1711208143e-07
q00_from_e2k0,cosine_6,1726,62.4008062192,62.3931771537,-4.69692837228e-05,0.00762906553495,9.48198067477e-05,7.23386519689e-07
q00_from_e2k0,cosine_6,1728,62.4010444709,62.3931791805,-4.49424545366e-05,0.00786529044981,9.08034929009e-05,7.14195845523e-07
q00_from_e2k0,cosine_6,1730,62.4011222639,62.3931821185,-4.20044377165e-05,0.00794014542875,8.69286618103e-05,6.902262167e-07
q00_from_e2k0,cosine_6,1732,62.4010311294,62.3931858338,-3.82891765156e-05,0.00784529562094,8.3191372506e-05,6.52660910422e-07
q00_from_e2k0,cosine_6,1734,62.4007680743,62.3931901638,-3.39591380225e-05,0.00757791045007,7.95877631559e-05,6.03108942117e-07
q00_from_e2k0,cosine_6,1736,62.4003356288,62.393194924,-2.91989124577e-05,0.007140704783,7.61140501617e-05,5.43507962043e-07
q00_from_e2k0,cosine_6,1738,62.3997413786,62.3931999137,-2.42092130378e-05,0.0065414648989,7.2766527256e-05,4.7599968386e-07
q00_from_e2k0,cosine_6,1740,62.3989978076,62.3932049221,-1.92008661628e-05,0.0057928855461,6.95415645976e-05,4.02846324411e-07
q00_from_e2k0,cosine_6,1742,62.3981215045,62.393209736,-1.43869324916e-05,0.00491176852358,6.64356078667e-05,3.26316327565e-07
q00_from_e2k0,cosine_6,1744,62.3971323135,62.3932141488,-9.97413388859e-06,0.00391816463633,6.34451773601e-05,2.48588650278e-07
q00_from_e2k0,cosine_6,1746,62.3960532008,62.3932179674,-6.15553203431e-06,0.00283523336438,6.05668670866e-05,1.7172120234e-07
q00_from_e2k0,cosine_6,1748,62.3949095518,62.3932210186,-3.10433009787e-06,0.00168853316874,5.77973438616e-05,9.75927321754e-08
q00_from_e2k0,cosine_6,1750,62.3937284721,62.3932231556,-9.67318243283e-07,0.000505316502149,5.51333464029e-05,2.78597897561e-08
q00_from_e2k0,cosine_6,1752,62.3925381594,62.3932242642,1.41245003249e-07,-0.000686104756241,5.25716844262e-05,-3.60696827284e-08
q00_from_e2k0,cosine_6,1754,62.3913675747,62.3932242679,1.44917429168e-07,-0.00185669314831,5.01092377413e-05,-9.30374783811e-08
q00_from_e2k0,cosine_6,1756,62.3902457428,62.3932231317,-9.91211635437e-07,-0.00297738898023,4.77429553491e-05,-1.4214934914e-07
q00_from_e2k0,cosine_6,1758,62.3892012035,62.3932208635,-3.25942308166e-06,-0.00401966002097,4.54698545392e-05,-1.8277335645e-07
q00_from_e2k0,cosine_6,1760,62.3882613442,62.3932175135,-6.60940979458e-06,-0.00495616933486,4.32870199883e-05,-2.14537801063e-07
q00_from_e2k0,cosine_6,1762,62.3874513096,62.3932131735,-1.09494679634e-05,-0.00576186383685,4.119160286e-05,-2.37340406901e-07
q00_from_e2k0,cosine_6,1764,62.3867930342,62.3932079723,-1.61506351475e-05,-0.00641493813953,3.91808199055e-05,-2.5134253595e-07
q00_from_e2k0,cosine_6,1766,62.3863042575,62.39320207,-2.20529865516e-05,-0.00689781246591,3.7251952566e-05,-2.56956982789e-07
q00_from_e2k0,cosine_6,1768,62.3859973645,62.393195651,-2.84719853312e-05,-0.0071982865106,3.54023460758e-05,-2.54836230201e-07
q00_from_e2k0,cosine_6,1770,62.3858786302,62.3931889181,-3.52048880075e-05,-0.00731028787493,3.36294085679e-05,-2.45840657695e-07
q00_from_e2k0,cosine_6,1772,62.3859478402,62.3931820855,-4.20374776979e-05,-0.00723424523661,3.19306101812e-05,-2.30993864605e-07
q00_from_e2k0,cosine_6,1774,62.3861981252,62.393175372,-4.87509115175e-05,-0.00697724679797,3.03034821687e-05,-2.11434873929e-07
q00_from_e2k0,cosine_6,1776,62.3866157894,62.393168995,-5.51279852488e-05,-0.00655320559566,2.87456160089e-05,-1.8837593168e-07
q00_from_e2k0,cosine_6,1778,62.3871807848,62.393163164,-6.09589693781e-05,-0.00598237916352,2.72546625186e-05,-1.6304772516e-07
q00_from_e2k0,cosine_6,1780,62.3878674299,62.3931580744,-6.60485925295e-05,-0.0052906444386,2.58283309682e-05,-1.36648515595e-07
q00_from_e2k0,cosine_6,1782,62.3886452533,62.3931538989,-7.02240512425e-05,-0.00450864556603,2.44643881996e-05,-1.10301255382e-07
q00_from_e2k0,cosine_6,1784,62.3894805178,62.3931507811,-7.33418875711e-05,-0.00367026322629,2.31606577462e-05,-8.50057104225e-08
q00_from_e2k0,cosine_6,1786,62.3903376183,62.3931488294,-7.5293554076e-05,-0.00281121109463,2.19150189561e-05,-6.16077444283e-08
q00_from_e2k0,cosine_6,1788,62.3911805508,62.3931481133,-7.60096020258e-05,-0.00196756257807,2.07254061177e-05,-4.07785334925e-08
q00_from_e2k0,cosine_6,1790,62.3919746991,62.3931486608,-7.54621580086e-05,-0.00117396173582,1.95898075885e-05,-2.2997684521e-08
q00_from_e2k0,cosine_6,1792,62.3926884443,62.3931504574,-7.36655529394e-05,-0.000462013071278,1.85062649269e-05,-8.55013629675e-09
q00_from_e2k0,cosine_6,1794,62.3932943156,62.3931534486,-7.06743324912e-05,0.000140866984104,1.74728720272e-05,2.4613507861e-09
q00_from_e2k0,cosine_6,1796,62.3937704043,62.3931575428,-6.65801547726e-05,0.000612861506106,1.64877742578e-05,1.0104722164e-08
q00_from_e2k0,cosine_6,1798,62.3941012167,62.3931626154,-6.15075936921e-05,0.000938601306281,1.55491676033e-05,1.45944690241e-08
q00_from_e2k0,cosine_6,1800,62.3942781713,62.3931685138,-5.56091589772e-05,0.0011096575095,1.46552978096e-05,1.62623612683e-08
q00_from_e2k0,cosine_6,1802,62.394299863,62.3931750621,-4.90608522199e-05,0.00112480086615,1.38044595331e-05,1.55272680396e-08
q00_from_e2k0,cosine_6,1804,62.394171645,62.3931820677,-4.20551999483e-05,0.000989577234087,1.29949954936e-05,1.28595516976e-08
q00_from_e2k0,cosine_6,1806,62.3939050737,62.3931893311,-3.47918583898e-05,0.000715742623633,1.22252956315e-05,8.75016516999e-09
q00_from_e2k0,cosine_6,1808,62.3935169871,62.3931966536,-2.74693589688e-05,0.000320333544778,1.14937962683e-05,3.68184850158e-09
q00_from_e2k0,cosine_6,1810,62.3930285108,62.3932038451,-2.02778402283e-05,-0.000175334316417,1.07989792723e-05,-1.89343164871e-09
q00_from_e2k0,cosine_6,1812,62.3924639373,62.393210731,-1.33919250302e-05,-0.000746793698461,1.01393712279e-05,-7.57201853938e-09
q00_from_e2k0,cosine_6,1814,62.3918492266,62.3932171582,-6.96470045369e-06,-0.00136793161696,9.51354260985e-06,-1.30138757253e-08
q00_from_e2k0,cosine_6,1816,62.3912106527,62.3932230011,-1.12182550538e-06,-0.00201234846894,8.92010696149e-06,-1.79503635867e-08
q00_from_e2k0,cosine_6,1818,62.3905736432,62.3932281659,4.04293849954e-06,-0.00265452272187,8.35772007846e-06,-2.21857578513e-08
q00_from_e2k0,cosine_6,1820,62.3899618096,62.3932325938,8.47081453514e-06,-0.0032707842127,7.82507919664e-06,-2.55941454995e-08
q00_from_e2k0,cosine_6,1822,62.3893963087,62.3932362645,1.2141545966e-05,-0.00383995584203,7.32092218524e-06,-2.81120179143e-08
q00_from_e2k0,cosine_6,1824,62.3888954853,62.3932391968,1.50738758435e-05,-0.00434371152861,6.84402674495e-06,-2.97284778741e-08
q00_from_e2k0,cosine_6,1826,62.3884746583,62.3932414458,1.73228690628e-05,-0.0047667875295,6.39320961127e-06,-3.04750718485e-08
q00_from_e2k0,cosine_6,1828,62.3881461632,62.3932431003,1.89773072705e-05,-0.00509693710601,5.96732576311e-06,-3.04150841056e-08
q00_from_e2k0,cosine_6,1830,62.3879193924,62.3932442785,2.01555556671e-05,-0.00532488608031,5.56526763675e-06,-2.96344161721e-08
q00_from_e2k0,cosine_6,1832,62.3878009597,62.3932451227,2.09997456864e-05,-0.00544416298504,5.18596434545e-06,-2.82332351313e-08
q00_from_e2k0,cosine_6,1834,62.3877948388,62.3932457933,2.16703447791e-05,-0.00545095444961,4.82838090455e-06,-2.63192843761e-08
q00_from_e2k0,cosine_6,1836,62.3879026338,62.3932464626,2.23396961729e-05,-0.00534382880013,4.49151746241e-06,-2.40019003719e-08
q00_from_e2k0,cosine_6,1838,62.3881238488,62.3932473074,2.31844022167e-05,-0.00512345854606,4.17440853716e-06,-2.13874090945e-08
q00_from_e2k0,cosine_6,1840,62.3884560982,62.3932485015,2.43785104743e-05,-0.00479240322028,3.87612225948e-06,-1.85759407985e-08
q00_from_e2k0,cosine_6,1842,62.3888951363,62.3932502087,2.60857331682e-05,-0.00435507240252,3.59575962133e-06,-1.56597934929e-08
q00_from_e2k0,cosine_6,1844,62.3894350259,62.3932525743,2.84513432973e-05,-0.00381754840996,3.33245373103e-06,-1.27218034422e-08
q00_from_e2k0,cosine_6,1846,62.3900680338,62.3932557192,3.1596259376e-05,-0.00318768538915,3.08536907449e-06,-9.8351859189e-09
q00_from_e2k0,cosine_6,1848,62.3907844364,62.3932597344,3.56114402749e-05,-0.00247529798413,2.85370078295e-06,-7.06375979533e-09
q00_from_e2k0,cosine_6,1850,62.391572579,62.3932646754,4.05524862899e-05,-0.00169209639923,2.6366739071e-06,-4.46150642415e-09
q00_from_e2k0,cosine_6,1852,62.3924189967,62.3932705595,4.64365972448e-05,-0.000851562877841,2.43354269795e-06,-2.07231462322e-09
q00_from_e2k0,cosine_6,1854,62.393308205,62.3932773636,5.32406199341e-05,3.08414076784e-05,2.24358989429e-06,6.9195470593e-11
q00_from_e2k0,cosine_6,1856,62.3942232375,62.3932850224,6.08994466162e-05,0.000938215137907,2.06612601705e-06,1.93847070602e-09
q00_from_e2k0,cosine_6,1858,62.3951458405,62.3932934289,6.93059404142e-05,0.00185241158235,1.90048867049e-06,3.52048722534e-09
q00_from_e2k0,cosine_6,1860,62.3960565719,62.3933024352,7.83122947681e-05,0.00275413663899,1.74604185049e-06,4.80883783366e-09
q00_from_e2k0,cosine_6,1862,62.3969357279,62.3933118561,8.77331380025e-05,0.00362387176676,1.60217525991e-06,5.80607768978e-09
q00_from_e2k0,cosine_6,1864,62.3977636739,62.3933214739,9.73509253299e-05,0.00444220001799,1.46830363111e-06,6.52249841655e-09
q00_from_e2k0,cosine_6,1866,62.398521073,62.3933310459,0.000106922933398,0.00519002713961,1.34386605591e-06,6.9747013022e-09
q00_from_e2k0,cosine_6,1868,62.39918997,62.3933403134,0.000116190455877,0.00584965659004,1.22832532281e-06,7.18528131928e-09
q00_from_e2k0,cosine_6,1870,62.3997543405,62.3933490121,0.000124889112335,0.0064053284404,1.12116726177e-06,7.18144454827e-09
q00_from_e2k0,cosine_6,1872,62.4002007831,62.3933568802,0.000132757276027,0.00684390282644,1.02190009661e-06,6.99378495955e-09
q00_from_e2k0,cosine_6,1874,62.4005191733,62.3933636667,0.000139543701231,0.0071555066794,9.30053805032e-07,6.65500621411e-09
q00_from_e2k0,cosine_6,1876,62.4007028904,62.3933691395,0.000145016547847,0.00733375086848,8.45179486432e-07,6.19833579264e-09
q00_from_e2k0,cosine_6,1878,62.4007493417,62.3933730948,0.000148971811271,0.0073762469064,7.66848737602e-07,5.65646562842e-09
q00_from_e2k0,cosine_6,1880,62.4006602094,62.3933753621,0.000151239116526,0.00728484736756,6.94653036348e-07,5.06044134321e-09
q00_from_e2k0,cosine_6,1882,62.4004414137,62.3933758097,0.000151686730781,0.00706560406419,6.28203133158e-07,4.43863461078e-09
q00_from_e2k0,cosine_6,1884,62.4001030979,62.3933743493,0.000150226398617,0.0067287485618,5.67128450996e-07,3.81606474899e-09
q00_from_e2k0,cosine_6,1886,62.3996592468,62.3933709386,0.000146815602051,0.00628830821809,5.11076493298e-07,3.21380651288e-09
q00_from_e2k0,cosine_6,1888,62.3991269159,62.3933655804,0.000141457440378,0.00576133551367,4.59712260265e-07,2.64855657113e-09
q00_from_e2k0,cosine_6,1890,62.3985256017,62.3933583235,0.000134200591098,0.0051672782053,4.12717673525e-07,2.13262703935e-09
q00_from_e2k0,cosine_6,1892,62.397876283,62.3933492601,0.000125137138468,0.00452702290619,3.69791009255e-07,1.6740523694e-09
q00_from_e2k0,cosine_6,1894,62.3972002227,62.3933385216,0.000114398604538,0.00386170111251,3.30646339833e-07,1.27685733838e-09
q00_from_e2k0,cosine_6,1896,62.3965179407,62.3933262748,0.000102151838178,0.00319166587121,2.95012984105e-07,9.41582872932e-10
q00_from_e2k0,cosine_6,1898,62.3958483362,62.3933127167,8.8593743051e-05,0.00253561953293,2.62634966348e-07,6.65942350702e-10
q00_from_e2k0,cosine_6,1900,62.39520784,62.3932980685,7.39455906711e-05,0.00190977148608,2.3327048399e-07,4.45493318869e-10
q00_from_e2k0,cosine_6,1902,62.3946101457,62.3932825694,5.84464689268e-05,0.00132757631315,2.0669138418e-07,2.74398585769e-10
q00_from_e2k0,cosine_6,1904,62.3940660341,62.393266469,4.23460089678e-05,0.000799565172535,1.82682649268e-07,1.46066683981e-10
q00_from_e2k0,cosine_6,1906,62.3935834676,62.393250021,2.58980357017e-05,0.000333446657606,1.61041891279e-07,5.36988803814e-11
q00_from_e2k0,cosine_6,1908,62.393168093,62.3932334767,9.35374183797e-06,-6.53836855733e-05,1.41578855431e-07,-9.25694736736e-12
q00_from_e2k0,cosine_6,1910,62.3928238007,62.3932170758,-7.0471630238e-06,-0.000393275038988,1.24114932802e-07,-4.88113050368e-11
q00_from_e2k0,cosine_6,1912,62.392553009,62.3932010387,-2.30842732378e-05,-0.000648029672519,1.08482682171e-07,-7.02999970014e-11
q00_from_e2k0,cosine_6,1914,62.3923569307,62.3931855612,-3.85617548204e-05,-0.000828630501225,9.45253611375e-08,-7.83265973778e-11
q00_from_e2k0,cosine_6,1916,62.3922357566,62.3931708108,-5.33121279673e-05,-0.000935054183046,8.20964665612e-08,-7.67646444714e-11
q00_from_e2k0,cosine_6,1918,62.3921885349,62.3931569243,-6.71986582859e-05,-0.000968389364687,7.10592843992e-08,-6.88130552744e-11
q00_from_e2k0,cosine_6,1920,62.3922134331,62.3931440058,-8.01171305511e-05,-0.000930572669816,6.12864489952e-08,-5.7031494465e-11
q00_from_e2k0,cosine_6,1922,62.3923077665,62.393132127,-9.19959032615e-05,-0.000824360553018,5.2659511888e-08,-4.34104243417e-11
q00_from_e2k0,cosine_6,1924,62.3924677169,62.3931213288,-0.000102794196195,-0.00065361182628,4.50685201965e-08,-2.94573177934e-11
q00_from_e2k0,cosine_6,1926,62.3926885966,62.393111623,-0.000112499989584,-0.000423026336215,3.84116046411e-08,-1.62491203794e-11
q00_from_e2k0,cosine_6,1928,62.3929647487,62.393102995,-0.000121127915833,-0.000138246307387,3.25945772587e-08,-4.50607994684e-12
q00_from_e2k0,cosine_6,1930,62.3932894905,62.3930954073,-0.000128715684511,0.000194083227058,2.75305388675e-08,5.34321582604e-12
q00_from_e2k0,cosine_6,1932,62.3936551208,62.3930888038,-0.000135319151482,0.000566317029403,2.31394963359e-08,1.31042908268e-11
q00_from_e2k0,cosine_6,1934,62.3940526524,62.3930831158,-0.000141007152408,0.000969536635921,1.93479897093e-08,1.87585848545e-11
q00_from_e2k0,cosine_6,1936,62.3944717806,62.3930782672,-0.00014585576335,0.00139351339436,1.60887292464e-08,2.24198597031e-11
q00_from_e2k0,cosine_6,1938,62.3949008264,62.3930741812,-0.000149941762807,0.00182664517629,1.33002424156e-08,2.42948236519e-11
q00_from_e2k0,cosine_6,1940,62.3953265609,62.3930707865,-0.000153336455519,0.00225577443352,1.09265309007e-08,2.46477890528e-11
q00_from_e2k0,cosine_6,1942,62.3957343359,62.3930680224,-0.000156100538462,0.00266631347802,8.91673766286e-09,2.37748178104e-11
q00_from_e2k0,cosine_6,1944,62.3961084242,62.3930658433,-0.000158279641894,0.00304258090794,7.22482410684e-09,2.19821118907e-11
q00_from_e2k0,cosine_6,1946,62.3964321998,62.3930642223,-0.000159900643133,0.00336797745739,5.80925739403e-09,1.95654479473e-11
q00_from_e2k0,cosine_6,1948,62.3966888053,62.3930631531,-0.000160969840962,0.00362565220593,4.63270794764e-09,1.67965877898e-11
q00_from_e2k0,cosine_6,1950,62.3968618449,62.3930626496,-0.000161473313213,0.00379919526282,3.66175719101e-09,1.39117305737e-11
q00_from_e2k0,cosine_6,1952,62.3969358073,62.3930627441,-0.000161378845362,0.0038730632205,2.86661555995e-09,1.11025832926e-11
q00_from_e2k0,cosine_6,1954,62.396896933,62.3930634851,-0.000160637870934,0.00383344788786,2.22085082816e-09,8.51351591646e-12
q00_from_e2k0,cosine_6,1956,62.3967338847,62.3930649352,-0.000159187795489,0.00366894958101,1.7011267834e-09,6.24134839922e-12
q00_from_e2k0,cosine_6,1958,62.3964386411,62.3930671674,-0.000156955598761,0.00337147375709,1.28695229072e-09,4.33892587478e-12
q00_from_e2k0,cosine_6,1960,62.3960075381,62.3930702613,-0.000153861602975,0.00293727675925,9.60440777373e-10,2.82108037401e-12
q00_from_e2k0,cosine_6,1962,62.3954415741,62.3930742988,-0.00014982416559,0.00236727533715,7.06080172993e-10,1.67148617958e-12
q00_from_e2k0,cosine_6,1964,62.3947471025,62.393079357,-0.000144765996076,0.00166774556802,5.10513336621e-10,8.51406354565e-13
q00_from_e2k0,cosine_6,1966,62.3939360845,62.3930855033,-0.000138619697537,0.000850581208653,3.62329001225e-10,3.08190239792e-13
q00_from_e2k0,cosine_6,1968,62.3930255905,62.3930927905,-0.000131332442791,-6.71999961384e-05,2.51863264543e-10,-1.69252104047e-14
q00_from_e2k0,cosine_6,1970,62.3920376376,62.3931012518,-0.000122871160897,-0.00106361419134,1.71011653767e-10,-1.81890421831e-13
q00_from_e2k0,cosine_6,1972,62.3909982786,62.3931108957,-0.000113227213689,-0.00211261709617,1.13051790085e-10,-2.38835144487e-13
q00_from_e2k0,cosine_6,1974,62.3899362305,62.3931217031,-0.000102419890212,-0.00318547258508,7.24766776092e-11,-2.30872469582e-13
q00_from_e2k0,cosine_6,1976,62.3888819615,62.3931336241,-9.04988277668e-05,-0.00425166258712,4.48386397692e-11,-1.90638767164e-13
q00_from_e2k0,cosine_6,1978,62.3878662232,62.3931465773,-7.75456645385e-05,-0.00528035404317,2.66039247543e-11,-1.40478141641e-13
q00_from_e2k0,cosine_6,1980,62.3869186865,62.3931604493,-6.36736956068e-05,-0.00624176276291,1.50180001189e-11,-9.37387939158e-14
q00_from_e2k0,cosine_6,1982,62.386067014,62.3931750974,-4.90255224221e-05,-0.0071080834081,7.98155517827e-12,-5.67335599335e-14
q00_from_e2k0,cosine_6,1984,62.3853357241,62.3931903533,-3.37696449719e-05,-0.00785462922635,3.93722834234e-12,-3.09254688086e-14
q00_from_e2k0,cosine_6,1986,62.3847453236,62.3932060271,-1.80958621741e-05,-0.0084607034662,1.76707504896e-12,-1.49506979917e-14
q00_from_e2k0,cosine_6,1988,62.3843119593,62.3932219131,-2.20987924138e-06,-0.0089099537485,7.00790470445e-13,-6.24401067905e-15
q00_from_e2k0,cosine_6,1990,62.3840467793,62.3932377967,1.36737492369e-05,-0.00919101739774,2.34699680655e-13,-2.15712884815e-15
q00_from_e2k0,cosine_6,1992,62.3839555883,62.3932534635,2.93405006246e-05,-0.00929787519539,6.15264793696e-14,-5.72065526391e-16
q00_from_e2k0,cosine_6,1994,62.3840391613,62.3932687072,4.45842778873e-05,-0.00922954590357,1.09505806049e-14,-1.01068886364e-16
q00_from_e2k0,cosine_6,1996,62.3842932766,62.393283338,5.92150773429e-05,-0.0089900614086,9.61379705088e-16,-8.64286258572e-18
q00_from_e2k0,cosine_6,1998,62.3847090933,62.39329719,7.30670370501e-05,-0.00858809670578,1.50216690851e-17,-1.29007546785e-19
q00_from_e2k0,cosine_6,2000,62.3852739866,62.3933101275,8.60045543192e-05,-0.00803614087143,5.27090436347e-98,-4.23577299847e-100
