channel,window,region,energy_min_mev,energy_max_mev,m_minus1,m0,m1,centroid_m1_m0_mev,peak_energy_mev,observed_fwhm_mev,artificial_smoothing_fwhm_mev,intrinsic_fwhm_lorentzian_estimate_mev,alpha_d_fm3,ewsr_reference,ewsr_exhaustion_percent,negative_area_fraction,diagonal,strength_units,ewsr_label,family,edf,mode,propagation_time_fm_c,rayleigh_resolution_mev,zero_padded_energy_bin_mev,zero_padding_factor,window_end_amplitude,window_end_below_0p05
e0_diagonal,gamma_1,mqc,9.0,18.0,2.205418110489944,33.607758213333774,523.2233661102028,15.568529230331572,16.87597106038636,1.7514763184160547,1.0,0.7514763184160547,nan,1490.9010286262353,35.094439943630455,0.0,True,fm^4 / MeV,IS E0 double-commutator EWSR in Sky3D F00 convention,sly5_n24_e0,SLy5,e0,2000.0,0.6199209919796971,0.07741271128617595,8,0.00629669291410834,True
e0_diagonal,gamma_1,main_isgmr,18.0,25.0,0.9216681459503713,19.718032839480962,426.1555109180911,21.612475969956282,18.0,nan,1.0,nan,nan,1490.9010286262353,28.583755912407188,0.0,True,fm^4 / MeV,IS E0 double-commutator EWSR in Sky3D F00 convention,sly5_n24_e0,SLy5,e0,2000.0,0.6199209919796971,0.07741271128617595,8,0.00629669291410834,True
e0_diagonal,gamma_1,experiment_range,9.0,25.0,3.1270870263359036,53.325791052814736,949.3786425463878,17.803367260058227,16.87597106038636,1.7514763184160547,1.0,0.7514763184160547,nan,1490.9010286262353,63.67818012850767,0.0,True,fm^4 / MeV,IS E0 double-commutator EWSR in Sky3D F00 convention,sly5_n24_e0,SLy5,e0,2000.0,0.6199209919796971,0.07741271128617595,8,0.00629669291410834,True
e0_diagonal,gamma_0p5,mqc,9.0,18.0,2.303181135556689,35.512938324816425,558.4158461198008,15.724292960844078,16.87597106038636,0.6567496774146839,0.5,0.15674967741468393,nan,1490.9010286262353,37.45492392840746,0.0,True,fm^4 / MeV,IS E0 double-commutator EWSR in Sky3D F00 convention,sly5_n24_e0,SLy5,e0,2000.0,0.6199209919796971,0.07741271128617595,8,0.07935170391433533,False
e0_diagonal,gamma_0p5,main_isgmr,18.0,25.0,0.8800363020213965,19.003514837617423,414.455375209837,21.809406246755117,24.849480322862483,nan,0.5,nan,nan,1490.9010286262353,27.798986468721512,0.0,True,fm^4 / MeV,IS E0 double-commutator EWSR in Sky3D F00 convention,sly5_n24_e0,SLy5,e0,2000.0,0.6199209919796971,0.07741271128617595,8,0.07935170391433533,False
e0_diagonal,gamma_0p5,experiment_range,9.0,25.0,3.1832181726347106,54.51645316243385,972.8709962252335,17.84545655100722,16.87597106038636,0.6567496774146839,0.5,0.15674967741468393,nan,1490.9010286262353,65.25389529858118,0.0,True,fm^4 / MeV,IS E0 double-commutator EWSR in Sky3D F00 convention,sly5_n24_e0,SLy5,e0,2000.0,0.6199209919796971,0.07741271128617595,8,0.07935170391433533,False
e0_diagonal,gamma_0p2,mqc,9.0,18.0,2.3686254896835646,36.78074167408473,581.770714315958,15.817264357283657,16.87597106038636,0.45540291664942956,0.2,0.25540291664942955,nan,1490.9010286262353,39.02141746136029,0.002579022791341821,True,fm^4 / MeV,IS E0 double-commutator EWSR in Sky3D F00 convention,sly5_n24_e0,SLy5,e0,2000.0,0.6199209919796971,0.07741271128617595,8,0.36292969413815185,False
e0_diagonal,gamma_0p2,main_isgmr,18.0,25.0,0.850780976961471,18.51001687097606,406.60489594588097,21.966749073224378,21.830384582701623,0.6607933311964445,0.2,0.46079333119644444,nan,1490.9010286262353,27.272427085286807,0.0,True,fm^4 / MeV,IS E0 double-commutator EWSR in Sky3D F00 convention,sly5_n24_e0,SLy5,e0,2000.0,0.6199209919796971,0.07741271128617595,8,0.36292969413815185,False
e0_diagonal,gamma_0p2,experiment_range,9.0,25.0,3.2194062545632787,55.29075854506077,988.3756897858743,17.87596545596982,16.87597106038636,0.45540291664942956,0.2,0.25540291664942955,nan,1490.9010286262353,66.29384988060514,0.0017185956089937194,True,fm^4 / MeV,IS E0 double-commutator EWSR in Sky3D F00 convention,sly5_n24_e0,SLy5,e0,2000.0,0.6199209919796971,0.07741271128617595,8,0.36292969413815185,False
e0_diagonal,gamma_0p1,mqc,9.0,18.0,2.3908689611180605,37.2092775970662,589.640143801478,15.846589395972813,16.87597106038636,0.41442389163347926,0.1,0.3144238916334793,nan,1490.9010286262353,39.549247903114775,0.04626126610591309,True,fm^4 / MeV,IS E0 double-commutator EWSR in Sky3D F00 convention,sly5_n24_e0,SLy5,e0,2000.0,0.6199209919796971,0.07741271128617595,8,0.6024364648144664,False
e0_diagonal,gamma_0p1,main_isgmr,18.0,25.0,0.8411787400894363,18.350059195761357,404.1214994841,22.02289895486807,23.22381338585279,0.47188614928567674,0.1,0.37188614928567676,nan,1490.9010286262353,27.105856909661583,0.018750878672226457,True,fm^4 / MeV,IS E0 double-commutator EWSR in Sky3D F00 convention,sly5_n24_e0,SLy5,e0,2000.0,0.6199209919796971,0.07741271128617595,8,0.6024364648144664,False
e0_diagonal,gamma_0p1,experiment_range,9.0,25.0,3.232046469702823,55.55933679282755,993.7620517727734,17.886499536133112,16.87597106038636,0.41442389163347926,0.1,0.3144238916334793,nan,1490.9010286262353,66.65513221145592,0.037529723057531786,True,fm^4 / MeV,IS E0 double-commutator EWSR in Sky3D F00 convention,sly5_n24_e0,SLy5,e0,2000.0,0.6199209919796971,0.07741271128617595,8,0.6024364648144664,False
e0_diagonal,gamma_0p07,mqc,9.0,18.0,2.3974637297880426,37.33594962524523,591.9619710848264,15.855013118095782,16.87597106038636,0.40351237491905323,0.07,0.3335123749190532,nan,1490.9010286262353,39.70498106304745,0.06940240450823261,True,fm^4 / MeV,IS E0 double-commutator EWSR in Sky3D F00 convention,sly5_n24_e0,SLy5,e0,2000.0,0.6199209919796971,0.07741271128617595,8,0.7013549652802368,False
e0_diagonal,gamma_0p07,main_isgmr,18.0,25.0,0.8384404782289064,18.304670546875034,403.42466962023985,22.03943898291643,23.22381338585279,0.45009611532691096,0.07,0.38009611532691095,nan,1490.9010286262353,27.05911806848564,0.0308545334665056,True,fm^4 / MeV,IS E0 double-commutator EWSR in Sky3D F00 convention,sly5_n24_e0,SLy5,e0,2000.0,0.6199209919796971,0.07741271128617595,8,0.7013549652802368,False
e0_diagonal,gamma_0p07,experiment_range,9.0,25.0,3.235902528168247,55.64062017212027,995.3871939494381,17.889577629981105,16.87597106038636,0.40351237491905323,0.07,0.3335123749190532,nan,1490.9010286262353,66.76413623958797,0.05743953280748292,True,fm^4 / MeV,IS E0 double-commutator EWSR in Sky3D F00 convention,sly5_n24_e0,SLy5,e0,2000.0,0.6199209919796971,0.07741271128617595,8,0.7013549652802368,False
e0_diagonal,gamma_1,mqc,9.0,18.0,2.2055530784410435,33.610169680042205,523.2655419316015,15.568667070500325,16.845679129883074,1.7371754665054802,1.0,0.7371754665054802,nan,1490.9010286262353,35.09726882499742,0.0,True,fm^4 / MeV,IS E0 double-commutator EWSR in Sky3D F00 convention,sly5_n24_e0,SLy5,e0,4000.0,0.30996049598984854,0.03872569914915649,8,3.964834165458217e-05,True
e0_diagonal,gamma_1,main_isgmr,18.0,25.0,0.921528060706951,19.71552232061261,426.10968028168037,21.61290344492583,18.0,nan,1.0,nan,nan,1490.9010286262353,28.58068188968329,0.0,True,fm^4 / MeV,IS E0 double-commutator EWSR in Sky3D F00 convention,sly5_n24_e0,SLy5,e0,4000.0,0.30996049598984854,0.03872569914915649,8,3.964834165458217e-05,True
e0_diagonal,gamma_1,experiment_range,9.0,25.0,3.127081201496701,53.325692000654826,949.3752032077323,17.803335832867845,16.845679129883074,1.7371754665054802,1.0,0.7371754665054802,nan,1490.9010286262353,63.677949439911345,0.0,True,fm^4 / MeV,IS E0 double-commutator EWSR in Sky3D F00 convention,sly5_n24_e0,SLy5,e0,4000.0,0.30996049598984854,0.03872569914915649,8,3.964834165458217e-05,True
e0_diagonal,gamma_0p5,mqc,9.0,18.0,2.304349641168956,35.535719698373555,558.8416156507704,15.7261938239666,16.845679129883074,0.5688733183782482,0.5,0.06887331837824817,nan,1490.9010286262353,37.483481795280895,0.0,True,fm^4 / MeV,IS E0 double-commutator EWSR in Sky3D F00 convention,sly5_n24_e0,SLy5,e0,4000.0,0.30996049598984854,0.03872569914915649,8,0.00629669291410834,True
e0_diagonal,gamma_0p5,main_isgmr,18.0,25.0,0.8784030070563363,18.97189557330129,413.8311127166023,21.812850019002703,24.629544658863527,nan,0.5,nan,nan,1490.9010286262353,27.7571149775059,0.0,True,fm^4 / MeV,IS E0 double-commutator EWSR in Sky3D F00 convention,sly5_n24_e0,SLy5,e0,4000.0,0.30996049598984854,0.03872569914915649,8,0.00629669291410834,True
e0_diagonal,gamma_0p5,experiment_range,9.0,25.0,3.182752755018469,54.50761527167485,972.6726949099768,17.844711973951114,16.845679129883074,0.5688733183782482,0.5,0.06887331837824817,nan,1490.9010286262353,65.24059452868103,0.0,True,fm^4 / MeV,IS E0 double-commutator EWSR in Sky3D F00 convention,sly5_n24_e0,SLy5,e0,4000.0,0.30996049598984854,0.03872569914915649,8,0.00629669291410834,True
e0_diagonal,gamma_0p2,mqc,9.0,18.0,2.376774741036463,36.93557335546368,584.6342781539595,15.828487960035353,16.845679129883074,0.2726880227127033,0.2,0.0726880227127033,nan,1490.9010286262353,39.21348680620742,0.0,True,fm^4 / MeV,IS E0 double-commutator EWSR in Sky3D F00 convention,sly5_n24_e0,SLy5,e0,4000.0,0.30996049598984854,0.03872569914915649,8,0.13171796288721244,False
e0_diagonal,gamma_0p2,main_isgmr,18.0,25.0,0.8400061045197718,18.302315200210053,402.52800852197254,21.993283588370982,23.27414518864305,0.44000730337787175,0.2,0.24000730337787174,nan,1490.9010286262353,26.99897584032623,0.0,True,fm^4 / MeV,IS E0 double-commutator EWSR in Sky3D F00 convention,sly5_n24_e0,SLy5,e0,4000.0,0.30996049598984854,0.03872569914915649,8,0.13171796288721244,False
e0_diagonal,gamma_0p2,experiment_range,9.0,25.0,3.216781241153137,55.23788855567375,987.1621598447098,17.871105968320247,16.845679129883074,0.2726880227127033,0.2,0.0726880227127033,nan,1490.9010286262353,66.21245413951543,0.0,True,fm^4 / MeV,IS E0 double-commutator EWSR in Sky3D F00 convention,sly5_n24_e0,SLy5,e0,4000.0,0.30996049598984854,0.03872569914915649,8,0.13171796288721244,False
e0_diagonal,gamma_0p1,mqc,9.0,18.0,2.40711455843789,37.51421679594,595.2472893767446,15.867245546258227,16.845679129883074,0.2243622789683215,0.1,0.1243622789683215,nan,1490.9010286262353,39.92533896936303,0.02636666598613439,True,fm^4 / MeV,IS E0 double-commutator EWSR in Sky3D F00 convention,sly5_n24_e0,SLy5,e0,4000.0,0.30996049598984854,0.03872569914915649,8,0.36292969413815185,False
e0_diagonal,gamma_0p1,main_isgmr,18.0,25.0,0.8203611816480625,17.95029322285159,396.3094033129887,22.078157631902506,21.608940125229317,0.5062319925744063,0.1,0.40623199257440634,nan,1490.9010286262353,26.581872015888344,0.001996508114697134,True,fm^4 / MeV,IS E0 double-commutator EWSR in Sky3D F00 convention,sly5_n24_e0,SLy5,e0,4000.0,0.30996049598984854,0.03872569914915649,8,0.36292969413815185,False
e0_diagonal,gamma_0p1,experiment_range,9.0,25.0,3.227476518752857,55.464510018791586,991.5564419301309,17.877313647847746,16.845679129883074,0.2243622789683215,0.1,0.1243622789683215,nan,1490.9010286262353,66.50719416591879,0.018744863341404527,True,fm^4 / MeV,IS E0 double-commutator EWSR in Sky3D F00 convention,sly5_n24_e0,SLy5,e0,4000.0,0.30996049598984854,0.03872569914915649,8,0.36292969413815185,False
e0_diagonal,gamma_0p07,mqc,9.0,18.0,2.417519856172485,37.71099359112175,598.8454360540294,15.87986364260142,16.845679129883074,0.2129490301603667,0.07,0.1429490301603667,nan,1490.9010286262353,40.16667938084563,0.06723131359297173,True,fm^4 / MeV,IS E0 double-commutator EWSR in Sky3D F00 convention,sly5_n24_e0,SLy5,e0,4000.0,0.30996049598984854,0.03872569914915649,8,0.49189878732324216,False
e0_diagonal,gamma_0p07,main_isgmr,18.0,25.0,0.8129961528446212,17.816669916260054,393.90228547151264,22.10863687338255,21.608940125229317,0.2378277148185255,0.07,0.1678277148185255,nan,1490.9010286262353,26.420418116852936,0.009595826427474655,True,fm^4 / MeV,IS E0 double-commutator EWSR in Sky3D F00 convention,sly5_n24_e0,SLy5,e0,4000.0,0.30996049598984854,0.03872569914915649,8,0.49189878732324216,False
e0_diagonal,gamma_0p07,experiment_range,9.0,25.0,3.230516979783016,55.5276635073818,992.7474085957215,17.878429342948067,16.845679129883074,0.2129490301603667,0.07,0.1429490301603667,nan,1490.9010286262353,66.58707650838979,0.050272219052028375,True,fm^4 / MeV,IS E0 double-commutator EWSR in Sky3D F00 convention,sly5_n24_e0,SLy5,e0,4000.0,0.30996049598984854,0.03872569914915649,8,0.49189878732324216,False
e0_diagonal,gamma_1,mqc,9.0,18.0,2.205578432993623,33.610586374287465,523.2724089553177,15.568678366040881,16.849889497073747,1.7370591942914473,1.0,0.7370591942914473,nan,1490.9010286262353,35.09772942054229,0.0,True,fm^4 / MeV,IS E0 double-commutator EWSR in Sky3D F00 convention,sly5_n24_e0,SLy5,e0,8000.0,0.15498024799492427,0.01936768907709626,8,1.5719909959584757e-09,True
e0_diagonal,gamma_1,main_isgmr,18.0,25.0,0.9215089784597682,19.715216079962318,426.1048338173525,21.612993339212082,18.0,nan,1.0,nan,nan,1490.9010286262353,28.580356820196133,0.0,True,fm^4 / MeV,IS E0 double-commutator EWSR in Sky3D F00 convention,sly5_n24_e0,SLy5,e0,8000.0,0.15498024799492427,0.01936768907709626,8,1.5719909959584757e-09,True
e0_diagonal,gamma_1,experiment_range,9.0,25.0,3.1270874232456887,53.32580245424978,949.3772391733486,17.8033371366114,16.849889497073747,1.7370591942914473,1.0,0.7370591942914473,nan,1490.9010286262353,63.6780859993192,0.0,True,fm^4 / MeV,IS E0 double-commutator EWSR in Sky3D F00 convention,sly5_n24_e0,SLy5,e0,8000.0,0.15498024799492427,0.01936768907709626,8,1.5719909959584757e-09,True
e0_diagonal,gamma_0p5,mqc,9.0,18.0,2.3043874338117214,35.53644074820768,558.8547496006263,15.726244323689416,16.849889497073747,0.5682490035904628,0.5,0.06824900359046282,nan,1490.9010286262353,37.48436273570575,0.0,True,fm^4 / MeV,IS E0 double-commutator EWSR in Sky3D F00 convention,sly5_n24_e0,SLy5,e0,8000.0,0.15498024799492427,0.01936768907709626,8,3.964834165458217e-05,True
e0_diagonal,gamma_0p5,main_isgmr,18.0,25.0,0.8783413627529568,18.97066734998723,413.80578590243147,21.81292720325466,24.635700506066442,nan,0.5,nan,nan,1490.9010286262353,27.75541621858867,0.0,True,fm^4 / MeV,IS E0 double-commutator EWSR in Sky3D F00 convention,sly5_n24_e0,SLy5,e0,8000.0,0.15498024799492427,0.01936768907709626,8,3.964834165458217e-05,True
e0_diagonal,gamma_0p5,experiment_range,9.0,25.0,3.1827288182227145,54.50710809819492,972.6605286939664,17.844654809822455,16.849889497073747,0.5682490035904628,0.5,0.06824900359046282,nan,1490.9010286262353,65.23977849758461,0.0,True,fm^4 / MeV,IS E0 double-commutator EWSR in Sky3D F00 convention,sly5_n24_e0,SLy5,e0,8000.0,0.15498024799492427,0.01936768907709626,8,3.964834165458217e-05,True
e0_diagonal,gamma_0p2,mqc,9.0,18.0,2.377651334682137,36.95246809204592,584.9488141649183,15.829763054198525,16.849889497073747,0.20701774042030863,0.2,0.007017740420308616,nan,1490.9010286262353,39.2345838478567,0.0,True,fm^4 / MeV,IS E0 double-commutator EWSR in Sky3D F00 convention,sly5_n24_e0,SLy5,e0,8000.0,0.15498024799492427,0.01936768907709626,8,0.017349621747157075,True
e0_diagonal,gamma_0p2,main_isgmr,18.0,25.0,0.8383134204092939,18.26694812228358,401.76902981430305,21.99431602502834,21.633708699116525,0.5277542937833992,0.2,0.3277542937833992,nan,1490.9010286262353,26.948068456596754,0.0,True,fm^4 / MeV,IS E0 double-commutator EWSR in Sky3D F00 convention,sly5_n24_e0,SLy5,e0,8000.0,0.15498024799492427,0.01936768907709626,8,0.017349621747157075,True
e0_diagonal,gamma_0p2,experiment_range,9.0,25.0,3.21596487079027,55.219416214329506,986.7178067212562,17.8690372765151,16.849889497073747,0.20701774042030863,0.2,0.007017740420308616,nan,1490.9010286262353,66.18264980543009,0.0,True,fm^4 / MeV,IS E0 double-commutator EWSR in Sky3D F00 convention,sly5_n24_e0,SLy5,e0,8000.0,0.15498024799492427,0.01936768907709626,8,0.017349621747157075,True
e0_diagonal,gamma_0p1,mqc,9.0,18.0,2.4112611695791233,37.59033972741111,596.6322515134311,15.87195688679459,16.849889497073747,0.13346177448772067,0.1,0.03346177448772067,nan,1490.9010286262353,40.018233273551864,5.6551402124869307e-05,True,fm^4 / MeV,IS E0 double-commutator EWSR in Sky3D F00 convention,sly5_n24_e0,SLy5,e0,8000.0,0.15498024799492427,0.01936768907709626,8,0.13171796288721244,False
e0_diagonal,gamma_0p1,main_isgmr,18.0,25.0,0.813728509600655,17.814506221921874,393.45599023875525,22.086269770114807,21.633708699116525,0.16525814072102918,0.1,0.06525814072102917,nan,1490.9010286262353,26.39048351863426,6.396215077668353e-05,True,fm^4 / MeV,IS E0 double-commutator EWSR in Sky3D F00 convention,sly5_n24_e0,SLy5,e0,8000.0,0.15498024799492427,0.01936768907709626,8,0.13171796288721244,False
e0_diagonal,gamma_0p1,experiment_range,9.0,25.0,3.2249900185226292,55.40484594933298,990.0881320333185,17.870063801616585,16.849889497073747,0.13346177448772067,0.1,0.03346177448772067,nan,1490.9010286262353,66.40870943295397,5.893422899561099e-05,True,fm^4 / MeV,IS E0 double-commutator EWSR in Sky3D F00 convention,sly5_n24_e0,SLy5,e0,8000.0,0.15498024799492427,0.01936768907709626,8,0.13171796288721244,False
e0_diagonal,gamma_0p07,mqc,9.0,18.0,2.424238088464298,37.8328007138531,601.0477975436773,15.886949583502386,16.849889497073747,0.11847286350105435,0.07,0.04847286350105434,nan,1490.9010286262353,40.31439954786954,0.008100778501166942,True,fm^4 / MeV,IS E0 double-commutator EWSR in Sky3D F00 convention,sly5_n24_e0,SLy5,e0,8000.0,0.15498024799492427,0.01936768907709626,8,0.24196441697007623,False
e0_diagonal,gamma_0p07,main_isgmr,18.0,25.0,0.8028162045581108,17.609690096673102,389.58418268009643,22.123284427004105,21.633708699116525,0.14410147076261737,0.07,0.07410147076261736,nan,1490.9010286262353,26.130787704873473,0.007732103497685598,True,fm^4 / MeV,IS E0 double-commutator EWSR in Sky3D F00 convention,sly5_n24_e0,SLy5,e0,8000.0,0.15498024799492427,0.01936768907709626,8,0.24196441697007623,False
e0_diagonal,gamma_0p07,experiment_range,9.0,25.0,3.2270547921507227,55.4424908105262,990.6318187230197,17.867736536377624,16.849889497073747,0.11847286350105435,0.07,0.04847286350105434,nan,1490.9010286262353,66.44517642031678,0.007983739497814177,True,fm^4 / MeV,IS E0 double-commutator EWSR in Sky3D F00 convention,sly5_n24_e0,SLy5,e0,8000.0,0.15498024799492427,0.01936768907709626,8,0.24196441697007623,False
e0_diagonal,gamma_1,mqc,9.0,18.0,2.2055831919713023,33.6106644614632,523.2736953207418,15.56868046809098,16.85129342054459,1.7371110558612308,1.0,0.7371110558612308,nan,1490.9010286262353,35.097815701616575,0.0,True,fm^4 / MeV,IS E0 double-commutator EWSR in Sky3D F00 convention,sly5_n24_e0,SLy5,e0,12000.0,0.10332016532994952,0.012912868521490109,8,6.232683608568877e-14,True
e0_diagonal,gamma_1,main_isgmr,18.0,25.0,0.9215054306832504,19.71515923999163,426.1039374900171,21.613010186885916,18.0,nan,1.0,nan,nan,1490.9010286262353,28.580296700354623,0.0,True,fm^4 / MeV,IS E0 double-commutator EWSR in Sky3D F00 convention,sly5_n24_e0,SLy5,e0,12000.0,0.10332016532994952,0.012912868521490109,8,6.232683608568877e-14,True
e0_diagonal,gamma_1,experiment_range,9.0,25.0,3.1270886232479107,53.32582370145483,949.3776326297861,17.803337421375552,16.85129342054459,1.7371110558612308,1.0,0.7371110558612308,nan,1490.9010286262353,63.67811238983271,0.0,True,fm^4 / MeV,IS E0 double-commutator EWSR in Sky3D F00 convention,sly5_n24_e0,SLy5,e0,12000.0,0.10332016532994952,0.012912868521490109,8,6.232683608568877e-14,True
e0_diagonal,gamma_0p5,mqc,9.0,18.0,2.304395303354313,35.536575883059015,558.8570781876006,15.72625004802499,16.85129342054459,0.5680225064480702,0.5,0.06802250644807017,nan,1490.9010286262353,37.48451892226204,0.0,True,fm^4 / MeV,IS E0 double-commutator EWSR in Sky3D F00 convention,sly5_n24_e0,SLy5,e0,12000.0,0.10332016532994952,0.012912868521490109,8,2.4965343195255453e-07,True
e0_diagonal,gamma_0p5,main_isgmr,18.0,25.0,0.8783342070643952,18.97054225335677,413.8035770402762,21.812954606875042,24.637753139003127,nan,0.5,nan,nan,1490.9010286262353,27.755268062399036,0.0,True,fm^4 / MeV,IS E0 double-commutator EWSR in Sky3D F00 convention,sly5_n24_e0,SLy5,e0,12000.0,0.10332016532994952,0.012912868521490109,8,2.4965343195255453e-07,True
e0_diagonal,gamma_0p5,experiment_range,9.0,25.0,3.1827295114740464,54.507118136415784,972.6606548966978,17.84465383883267,16.85129342054459,0.5680225064480702,0.5,0.06802250644807017,nan,1490.9010286262353,65.23978696244774,0.0,True,fm^4 / MeV,IS E0 double-commutator EWSR in Sky3D F00 convention,sly5_n24_e0,SLy5,e0,12000.0,0.10332016532994952,0.012912868521490109,8,2.4965343195255453e-07,True
e0_diagonal,gamma_0p2,mqc,9.0,18.0,2.3775290867697576,36.95055289911523,584.916811893783,15.82971744673917,16.85129342054459,0.20438611746060076,0.2,0.004386117460600747,nan,1490.9010286262353,39.23243734245354,0.0,True,fm^4 / MeV,IS E0 double-commutator EWSR in Sky3D F00 convention,sly5_n24_e0,SLy5,e0,12000.0,0.10332016532994952,0.012912868521490109,8,0.0022852568333992076,True
e0_diagonal,gamma_0p2,main_isgmr,18.0,25.0,0.8383814442646922,18.26802492518913,401.7846338373169,21.993873748404532,21.629054773495934,0.5237231886491642,0.2,0.3237231886491642,nan,1490.9010286262353,26.949115073556175,0.0,True,fm^4 / MeV,IS E0 double-commutator EWSR in Sky3D F00 convention,sly5_n24_e0,SLy5,e0,12000.0,0.10332016532994952,0.012912868521490109,8,0.0022852568333992076,True
e0_diagonal,gamma_0p2,experiment_range,9.0,25.0,3.2159105363342877,55.218577824304354,986.7014440266821,17.869012258269123,16.85129342054459,0.20438611746060076,0.2,0.004386117460600747,nan,1490.9010286262353,66.1815523016884,0.0,True,fm^4 / MeV,IS E0 double-commutator EWSR in Sky3D F00 convention,sly5_n24_e0,SLy5,e0,12000.0,0.10332016532994952,0.012912868521490109,8,0.0022852568333992076,True
e0_diagonal,gamma_0p1,mqc,9.0,18.0,2.4098195020718554,37.566197027698735,596.2135214370371,15.871010871753406,16.85129342054459,0.10967345190870148,0.1,0.009673451908701475,nan,1490.9010286262353,39.99014756777032,0.0,True,fm^4 / MeV,IS E0 double-commutator EWSR in Sky3D F00 convention,sly5_n24_e0,SLy5,e0,12000.0,0.10332016532994952,0.012912868521490109,8,0.04780435998315643,True
e0_diagonal,gamma_0p1,main_isgmr,18.0,25.0,0.814881684979873,17.83470626953491,393.8053080652483,22.08084069979572,21.629054773495934,0.14294449545000276,0.1,0.042944495450002756,nan,1490.9010286262353,26.413913499550894,0.0,True,fm^4 / MeV,IS E0 double-commutator EWSR in Sky3D F00 convention,sly5_n24_e0,SLy5,e0,12000.0,0.10332016532994952,0.012912868521490109,8,0.04780435998315643,True
e0_diagonal,gamma_0p1,experiment_range,9.0,25.0,3.224701198455577,55.40090329723364,990.018825819843,17.870084545521806,16.85129342054459,0.10967345190870148,0.1,0.009673451908701475,nan,1490.9010286262353,66.40406082032678,0.0,True,fm^4 / MeV,IS E0 double-commutator EWSR in Sky3D F00 convention,sly5_n24_e0,SLy5,e0,12000.0,0.10332016532994952,0.012912868521490109,8,0.04780435998315643,True
e0_diagonal,gamma_0p07,mqc,9.0,18.0,2.4212672806706426,37.78227332679368,600.1640716001114,15.884805723812786,16.85129342054459,0.0907194336645496,0.07,0.02071943366454959,nan,1490.9010286262353,40.25512492624155,0.0005392271928982379,True,fm^4 / MeV,IS E0 double-commutator EWSR in Sky3D F00 convention,sly5_n24_e0,SLy5,e0,12000.0,0.10332016532994952,0.012912868521490109,8,0.11902200328295581,False
e0_diagonal,gamma_0p07,main_isgmr,18.0,25.0,0.8053422711065091,17.654442029203857,390.3711477848884,22.11178054447369,21.629054773495934,0.11162606008248233,0.07,0.04162606008248232,nan,1490.9010286262353,26.183572235146226,0.0,True,fm^4 / MeV,IS E0 double-commutator EWSR in Sky3D F00 convention,sly5_n24_e0,SLy5,e0,12000.0,0.10332016532994952,0.012912868521490109,8,0.11902200328295581,False
e0_diagonal,gamma_0p07,experiment_range,9.0,25.0,3.2266095642471186,55.436715355997535,990.5352153548617,17.867855427471653,16.85129342054459,0.0907194336645496,0.07,0.02071943366454959,nan,1490.9010286262353,66.43869689107218,0.0003676305235913703,True,fm^4 / MeV,IS E0 double-commutator EWSR in Sky3D F00 convention,sly5_n24_e0,SLy5,e0,12000.0,0.10332016532994952,0.012912868521490109,8,0.11902200328295581,False
e0_diagonal,gamma_1,mqc,9.0,18.0,2.205585302710142,33.61069913720996,523.2742672937611,15.568681423661642,16.847924970895832,1.737028966949163,1.0,0.737028966949163,nan,1490.9010286262353,35.097854065868006,0.0,True,fm^4 / MeV,IS E0 double-commutator EWSR in Sky3D F00 convention,sly5_n24_e0,SLy5,e0,18000.0,0.06888011021996635,0.00860905721558295,8,1.5560108531536548e-20,True
e0_diagonal,gamma_1,main_isgmr,18.0,25.0,0.921503843940711,19.715133799598988,426.1035355515025,21.613017688988222,18.0,nan,1.0,nan,nan,1490.9010286262353,28.580269740918226,0.0,True,fm^4 / MeV,IS E0 double-commutator EWSR in Sky3D F00 convention,sly5_n24_e0,SLy5,e0,18000.0,0.06888011021996635,0.00860905721558295,8,1.5560108531536548e-20,True
e0_diagonal,gamma_1,experiment_range,9.0,25.0,3.127089147295619,53.32583293680895,949.3778026485536,17.803337526364853,16.847924970895832,1.737028966949163,1.0,0.737028966949163,nan,1490.9010286262353,63.6781237935922,0.0,True,fm^4 / MeV,IS E0 double-commutator EWSR in Sky3D F00 convention,sly5_n24_e0,SLy5,e0,18000.0,0.06888011021996635,0.00860905721558295,8,1.5560108531536548e-20,True
e0_diagonal,gamma_0p5,mqc,9.0,18.0,2.3043989610063074,35.53663856033364,558.8581585307336,15.72625271188527,16.85653402811142,0.5677825818801097,0.5,0.06778258188010966,nan,1490.9010286262353,37.484591384693296,0.0,True,fm^4 / MeV,IS E0 double-commutator EWSR in Sky3D F00 convention,sly5_n24_e0,SLy5,e0,18000.0,0.06888011021996635,0.00860905721558295,8,1.247401640672985e-10,True
e0_diagonal,gamma_0p5,main_isgmr,18.0,25.0,0.8783308638179156,18.970483597371796,413.80253647762356,21.812967200000767,24.639121750998406,nan,0.5,nan,nan,1490.9010286262353,27.755198268185158,0.0,True,fm^4 / MeV,IS E0 double-commutator EWSR in Sky3D F00 convention,sly5_n24_e0,SLy5,e0,18000.0,0.06888011021996635,0.00860905721558295,8,1.247401640672985e-10,True
e0_diagonal,gamma_0p5,experiment_range,9.0,25.0,3.182729825986358,54.50712215770544,972.6606946433933,17.84465325153646,16.85653402811142,0.5677825818801097,0.5,0.06778258188010966,nan,1490.9010286262353,65.23978962839905,0.0,True,fm^4 / MeV,IS E0 double-commutator EWSR in Sky3D F00 convention,sly5_n24_e0,SLy5,e0,18000.0,0.06888011021996635,0.00860905721558295,8,1.247401640672985e-10,True
e0_diagonal,gamma_0p2,mqc,9.0,18.0,2.377545835872834,36.95087246362732,584.9227067734747,15.829740078512213,16.85653402811142,0.2039738603733312,0.2,0.003973860373331195,nan,1490.9010286262353,39.23283273286366,0.0,True,fm^4 / MeV,IS E0 double-commutator EWSR in Sky3D F00 convention,sly5_n24_e0,SLy5,e0,18000.0,0.06888011021996635,0.00860905721558295,8,0.0001092452403177839,True
e0_diagonal,gamma_0p2,main_isgmr,18.0,25.0,0.8383591485483766,18.267600744256526,401.77639990465605,21.993933715185758,21.63456078275995,0.5242741815678791,0.2,0.32427418156787907,nan,1490.9010286262353,26.948562794598505,0.0,True,fm^4 / MeV,IS E0 double-commutator EWSR in Sky3D F00 convention,sly5_n24_e0,SLy5,e0,18000.0,0.06888011021996635,0.00860905721558295,8,0.0001092452403177839,True
e0_diagonal,gamma_0p2,experiment_range,9.0,25.0,3.215904990118754,55.218473207883854,986.6991048453137,17.869003750441205,16.85653402811142,0.2039738603733312,0.2,0.003973860373331195,nan,1490.9010286262353,66.18139540452866,0.0,True,fm^4 / MeV,IS E0 double-commutator EWSR in Sky3D F00 convention,sly5_n24_e0,SLy5,e0,18000.0,0.06888011021996635,0.00860905721558295,8,0.0001092452403177839,True
e0_diagonal,gamma_0p1,mqc,9.0,18.0,2.4097988775680843,37.566284003323965,596.2191924268917,15.871125085838585,16.85653402811142,0.10089172034223992,0.1,0.0008917203422399156,nan,1490.9010286262353,39.99052794109797,0.0,True,fm^4 / MeV,IS E0 double-commutator EWSR in Sky3D F00 convention,sly5_n24_e0,SLy5,e0,18000.0,0.06888011021996635,0.00860905721558295,8,0.01045204479122549,True
e0_diagonal,gamma_0p1,main_isgmr,18.0,25.0,0.8148922591655248,17.835183542152542,393.8210440579064,22.081132113226115,21.625951725544372,0.14331119991256003,0.1,0.04331119991256002,nan,1490.9010286262353,26.414968968180666,0.0,True,fm^4 / MeV,IS E0 double-commutator EWSR in Sky3D F00 convention,sly5_n24_e0,SLy5,e0,18000.0,0.06888011021996635,0.00860905721558295,8,0.01045204479122549,True
e0_diagonal,gamma_0p1,experiment_range,9.0,25.0,3.224691147460911,55.40146754547651,990.0402330211873,17.870288945117004,16.85653402811142,0.10089172034223992,0.1,0.0008917203422399156,nan,1490.9010286262353,66.40549667696202,0.0,True,fm^4 / MeV,IS E0 double-commutator EWSR in Sky3D F00 convention,sly5_n24_e0,SLy5,e0,18000.0,0.06888011021996635,0.00860905721558295,8,0.01045204479122549,True
e0_diagonal,gamma_0p07,mqc,9.0,18.0,2.421131842703818,37.7809979847388,600.1515658818099,15.88501092862169,16.85653402811142,0.07533871547123638,0.07,0.005338715471236377,nan,1490.9010286262353,40.25428612352687,1.395863606332639e-06,True,fm^4 / MeV,IS E0 double-commutator EWSR in Sky3D F00 convention,sly5_n24_e0,SLy5,e0,18000.0,0.06888011021996635,0.00860905721558295,8,0.04106207420869087,True
e0_diagonal,gamma_0p07,main_isgmr,18.0,25.0,0.8054858691429286,17.657986295801138,390.45891018066595,22.112312448306323,21.625951725544372,0.11514049040123808,0.07,0.045140490401238076,nan,1490.9010286262353,26.189458769134227,0.0,True,fm^4 / MeV,IS E0 double-commutator EWSR in Sky3D F00 convention,sly5_n24_e0,SLy5,e0,18000.0,0.06888011021996635,0.00860905721558295,8,0.04106207420869087,True
e0_diagonal,gamma_0p07,experiment_range,9.0,25.0,3.2266177214547227,55.438984280539934,990.6104729590579,17.86848164364331,16.85653402811142,0.07533871547123638,0.07,0.005338715471236377,nan,1490.9010286262353,66.44374468450388,9.512650290413671e-07,True,fm^4 / MeV,IS E0 double-commutator EWSR in Sky3D F00 convention,sly5_n24_e0,SLy5,e0,18000.0,0.06888011021996635,0.00860905721558295,8,0.04106207420869087,True
q20_from_e0,gamma_1,mqc,9.0,18.0,9.824540564566425,148.73104870947734,2309.3539873204777,nan,16.87597106038636,nan,1.0,nan,nan,nan,nan,0.0,False,fm^4 / MeV,,sly5_n24_e0,SLy5,e0,2000.0,0.6199209919796971,0.07741271128617595,8,0.00629669291410834,True
q20_from_e0,gamma_1,main_isgmr,18.0,25.0,0.10073180305540658,-1.5959326892434331,-110.23914600868056,nan,18.0,nan,1.0,nan,nan,nan,nan,0.5228824406957391,False,fm^4 / MeV,,sly5_n24_e0,SLy5,e0,2000.0,0.6199209919796971,0.07741271128617595,8,0.00629669291410834,True
q20_from_e0,gamma_1,experiment_range,9.0,25.0,9.925277088607661,147.1351160202339,2199.113386251621,nan,16.87597106038636,nan,1.0,nan,nan,nan,nan,0.09931283467325516,False,fm^4 / MeV,,sly5_n24_e0,SLy5,e0,2000.0,0.6199209919796971,0.07741271128617595,8,0.00629669291410834,True
q20_from_e0,gamma_0p5,mqc,9.0,18.0,10.381760343364684,159.30840025419224,2502.5656123137037,nan,16.87597106038636,nan,0.5,nan,nan,nan,nan,0.0,False,fm^4 / MeV,,sly5_n24_e0,SLy5,e0,2000.0,0.6199209919796971,0.07741271128617595,8,0.07935170391433533,False
q20_from_e0,gamma_0p5,main_isgmr,18.0,25.0,-0.288178063235998,-9.526796073919835,-273.34321804641917,nan,18.0,nan,0.5,nan,nan,nan,nan,0.6347092572034166,False,fm^4 / MeV,,sly5_n24_e0,SLy5,e0,2000.0,0.6199209919796971,0.07741271128617595,8,0.07935170391433533,False
q20_from_e0,gamma_0p5,experiment_range,9.0,25.0,10.093588560375958,149.78160418027244,2229.2204364923427,nan,16.87597106038636,nan,0.5,nan,nan,nan,nan,0.11529155614824328,False,fm^4 / MeV,,sly5_n24_e0,SLy5,e0,2000.0,0.6199209919796971,0.07741271128617595,8,0.07935170391433533,False
q20_from_e0,gamma_0p2,mqc,9.0,18.0,10.76806211038181,166.64122300397224,2636.6674329429216,nan,16.87597106038636,nan,0.2,nan,nan,nan,nan,0.0051934351099673605,False,fm^4 / MeV,,sly5_n24_e0,SLy5,e0,2000.0,0.6199209919796971,0.07741271128617595,8,0.36292969413815185,False
q20_from_e0,gamma_0p2,main_isgmr,18.0,25.0,-0.5782534862511582,-15.39082029005941,-392.99390952322995,nan,18.0,nan,0.2,nan,nan,nan,nan,0.6959007472183207,False,fm^4 / MeV,,sly5_n24_e0,SLy5,e0,2000.0,0.6199209919796971,0.07741271128617595,8,0.36292969413815185,False
q20_from_e0,gamma_0p2,experiment_range,9.0,25.0,10.189813727340075,151.25040271391282,2243.671947400891,nan,16.87597106038636,nan,0.2,nan,nan,nan,nan,0.13584385981730834,False,fm^4 / MeV,,sly5_n24_e0,SLy5,e0,2000.0,0.6199209919796971,0.07741271128617595,8,0.36292969413815185,False
q20_from_e0,gamma_0p1,mqc,9.0,18.0,10.90470166632061,169.23838113975506,2684.215104462559,nan,16.87597106038636,nan,0.1,nan,nan,nan,nan,0.055153937678225025,False,fm^4 / MeV,,sly5_n24_e0,SLy5,e0,2000.0,0.6199209919796971,0.07741271128617595,8,0.6024364648144664,False
q20_from_e0,gamma_0p1,main_isgmr,18.0,25.0,-0.6854102206429069,-17.558677047313154,-437.2956340452238,nan,18.0,nan,0.1,nan,nan,nan,nan,0.6889170040669681,False,fm^4 / MeV,,sly5_n24_e0,SLy5,e0,2000.0,0.6199209919796971,0.07741271128617595,8,0.6024364648144664,False
q20_from_e0,gamma_0p1,experiment_range,9.0,25.0,10.21929373078875,151.67970409244197,2246.9188055372992,nan,16.87597106038636,nan,0.1,nan,nan,nan,nan,0.17958587193653894,False,fm^4 / MeV,,sly5_n24_e0,SLy5,e0,2000.0,0.6199209919796971,0.07741271128617595,8,0.6024364648144664,False
q20_from_e0,gamma_0p07,mqc,9.0,18.0,10.946055648894827,170.02539651344864,2698.6330048745926,nan,16.87597106038636,nan,0.07,nan,nan,nan,nan,0.07856158767992209,False,fm^4 / MeV,,sly5_n24_e0,SLy5,e0,2000.0,0.6199209919796971,0.07741271128617595,8,0.7013549652802368,False
q20_from_e0,gamma_0p07,main_isgmr,18.0,25.0,-0.718367685668003,-18.22714089464367,-450.9961293015917,nan,18.0,nan,0.07,nan,nan,nan,nan,0.6833224837786257,False,fm^4 / MeV,,sly5_n24_e0,SLy5,e0,2000.0,0.6199209919796971,0.07741271128617595,8,0.7013549652802368,False
q20_from_e0,gamma_0p07,experiment_range,9.0,25.0,10.227688862544307,151.79825561880494,2247.6366586431777,nan,16.87597106038636,nan,0.07,nan,nan,nan,nan,0.1981345813430262,False,fm^4 / MeV,,sly5_n24_e0,SLy5,e0,2000.0,0.6199209919796971,0.07741271128617595,8,0.7013549652802368,False
q20_from_e0,gamma_1,mqc,9.0,18.0,9.825302589759247,148.74459955150212,2309.5907650278405,nan,16.845679129883074,nan,1.0,nan,nan,nan,nan,0.0,False,fm^4 / MeV,,sly5_n24_e0,SLy5,e0,4000.0,0.30996049598984854,0.03872569914915649,8,3.964834165458217e-05,True
q20_from_e0,gamma_1,main_isgmr,18.0,25.0,0.10005943462170042,-1.6069300866230023,-110.4115452603885,nan,18.0,nan,1.0,nan,nan,nan,nan,0.5230475143964274,False,fm^4 / MeV,,sly5_n24_e0,SLy5,e0,4000.0,0.30996049598984854,0.03872569914915649,8,3.964834165458217e-05,True
q20_from_e0,gamma_1,experiment_range,9.0,25.0,9.925362399815095,147.1376694648791,2199.1791041123024,nan,16.845679129883074,nan,1.0,nan,nan,nan,nan,0.09931104067440294,False,fm^4 / MeV,,sly5_n24_e0,SLy5,e0,4000.0,0.30996049598984854,0.03872569914915649,8,3.964834165458217e-05,True
q20_from_e0,gamma_0p5,mqc,9.0,18.0,10.3885628118348,159.43370116075153,2504.8448636133166,nan,16.845679129883074,nan,0.5,nan,nan,nan,nan,0.0,False,fm^4 / MeV,,sly5_n24_e0,SLy5,e0,4000.0,0.30996049598984854,0.03872569914915649,8,0.00629669291410834,True
q20_from_e0,gamma_0p5,main_isgmr,18.0,25.0,-0.2937484771611347,-9.61783196984991,-274.74704714165375,nan,18.0,nan,0.5,nan,nan,nan,nan,0.6364540380639281,False,fm^4 / MeV,,sly5_n24_e0,SLy5,e0,4000.0,0.30996049598984854,0.03872569914915649,8,0.00629669291410834,True
q20_from_e0,gamma_0p5,experiment_range,9.0,25.0,10.094815074921009,149.8158691909016,2230.097583437044,nan,16.845679129883074,nan,0.5,nan,nan,nan,nan,0.11521686413701472,False,fm^4 / MeV,,sly5_n24_e0,SLy5,e0,4000.0,0.30996049598984854,0.03872569914915649,8,0.00629669291410834,True
q20_from_e0,gamma_0p2,mqc,9.0,18.0,10.816019281013737,167.52202447810063,2652.6936898550275,nan,16.845679129883074,nan,0.2,nan,nan,nan,nan,0.0,False,fm^4 / MeV,,sly5_n24_e0,SLy5,e0,4000.0,0.30996049598984854,0.03872569914915649,8,0.13171796288721244,False
q20_from_e0,gamma_0p2,main_isgmr,18.0,25.0,-0.6207151481072772,-16.114096457819986,-404.95772528726565,nan,18.0,nan,0.2,nan,nan,nan,nan,0.7193364110859098,False,fm^4 / MeV,,sly5_n24_e0,SLy5,e0,4000.0,0.30996049598984854,0.03872569914915649,8,0.13171796288721244,False
q20_from_e0,gamma_0p2,experiment_range,9.0,25.0,10.195306912079753,151.40792802028065,2247.735073679617,nan,16.845679129883074,nan,0.2,nan,nan,nan,nan,0.1293668302797927,False,fm^4 / MeV,,sly5_n24_e0,SLy5,e0,4000.0,0.30996049598984854,0.03872569914915649,8,0.13171796288721244,False
q20_from_e0,gamma_0p1,mqc,9.0,18.0,11.001174120131662,171.00971020898297,2716.438530692406,nan,16.845679129883074,nan,0.1,nan,nan,nan,nan,0.02786879270524606,False,fm^4 / MeV,,sly5_n24_e0,SLy5,e0,4000.0,0.30996049598984854,0.03872569914915649,8,0.36292969413815185,False
q20_from_e0,gamma_0p1,main_isgmr,18.0,25.0,-0.7732702546851841,-19.07209811758395,-462.7846679329714,nan,18.0,nan,0.1,nan,nan,nan,nan,0.7324012586376306,False,fm^4 / MeV,,sly5_n24_e0,SLy5,e0,4000.0,0.30996049598984854,0.03872569914915649,8,0.36292969413815185,False
q20_from_e0,gamma_0p1,experiment_range,9.0,25.0,10.227909308062209,151.93761209139902,2253.6521112674627,nan,16.845679129883074,nan,0.1,nan,nan,nan,nan,0.15800875987899923,False,fm^4 / MeV,,sly5_n24_e0,SLy5,e0,4000.0,0.30996049598984854,0.03872569914915649,8,0.36292969413815185,False
q20_from_e0,gamma_0p07,mqc,9.0,18.0,11.065539050375952,172.21941074235917,2738.5458401603987,nan,16.845679129883074,nan,0.07,nan,nan,nan,nan,0.07080910180346964,False,fm^4 / MeV,,sly5_n24_e0,SLy5,e0,4000.0,0.30996049598984854,0.03872569914915649,8,0.49189878732324216,False
q20_from_e0,gamma_0p07,main_isgmr,18.0,25.0,-0.8280873971425916,-20.122767254840376,-483.07420322306507,nan,18.0,nan,0.07,nan,nan,nan,nan,0.7305583473372047,False,fm^4 / MeV,,sly5_n24_e0,SLy5,e0,4000.0,0.30996049598984854,0.03872569914915649,8,0.49189878732324216,False
q20_from_e0,gamma_0p07,experiment_range,9.0,25.0,10.23745843321732,152.0966434875188,2255.4694531133,nan,16.845679129883074,nan,0.07,nan,nan,nan,nan,0.18867341574946744,False,fm^4 / MeV,,sly5_n24_e0,SLy5,e0,4000.0,0.30996049598984854,0.03872569914915649,8,0.49189878732324216,False
q20_from_e0,gamma_1,mqc,9.0,18.0,9.825449626735292,148.7471090437116,2309.633276720182,nan,16.849889497073747,nan,1.0,nan,nan,nan,nan,0.0,False,fm^4 / MeV,,sly5_n24_e0,SLy5,e0,8000.0,0.15498024799492427,0.01936768907709626,8,1.5719909959584757e-09,True
q20_from_e0,gamma_1,main_isgmr,18.0,25.0,0.0999140390911879,-1.6094365385384446,-110.4545925641221,nan,18.0,nan,1.0,nan,nan,nan,nan,0.5230855411657925,False,fm^4 / MeV,,sly5_n24_e0,SLy5,e0,8000.0,0.15498024799492427,0.01936768907709626,8,1.5719909959584757e-09,True
q20_from_e0,gamma_1,experiment_range,9.0,25.0,9.925363737958712,147.13767250517316,2199.178661887545,nan,16.849889497073747,nan,1.0,nan,nan,nan,nan,0.0993096615211296,False,fm^4 / MeV,,sly5_n24_e0,SLy5,e0,8000.0,0.15498024799492427,0.01936768907709626,8,1.5719909959584757e-09,True
q20_from_e0,gamma_0p5,mqc,9.0,18.0,10.388982495044159,159.44078025241583,2504.966733594778,nan,16.849889497073747,nan,0.5,nan,nan,nan,nan,0.0,False,fm^4 / MeV,,sly5_n24_e0,SLy5,e0,8000.0,0.15498024799492427,0.01936768907709626,8,3.964834165458217e-05,True
q20_from_e0,gamma_0p5,main_isgmr,18.0,25.0,-0.29412630186872335,-9.62448166712031,-274.86364515571,nan,18.0,nan,0.5,nan,nan,nan,nan,0.6365584669430773,False,fm^4 / MeV,,sly5_n24_e0,SLy5,e0,8000.0,0.15498024799492427,0.01936768907709626,8,3.964834165458217e-05,True
q20_from_e0,gamma_0p5,experiment_range,9.0,25.0,10.094856347143354,149.81629858529553,2230.1030397799627,nan,16.849889497073747,nan,0.5,nan,nan,nan,nan,0.11522460863110298,False,fm^4 / MeV,,sly5_n24_e0,SLy5,e0,8000.0,0.15498024799492427,0.01936768907709626,8,3.964834165458217e-05,True
q20_from_e0,gamma_0p2,mqc,9.0,18.0,10.82498520953587,167.67524492742118,2655.3794255074677,nan,16.849889497073747,nan,0.2,nan,nan,nan,nan,0.0,False,fm^4 / MeV,,sly5_n24_e0,SLy5,e0,8000.0,0.15498024799492427,0.01936768907709626,8,0.017349621747157075,True
q20_from_e0,gamma_0p2,main_isgmr,18.0,25.0,-0.6284914592380412,-16.252047638381647,-407.39035544848946,nan,18.0,nan,0.2,nan,nan,nan,nan,0.7251212197856672,False,fm^4 / MeV,,sly5_n24_e0,SLy5,e0,8000.0,0.15498024799492427,0.01936768907709626,8,0.017349621747157075,True
q20_from_e0,gamma_0p2,experiment_range,9.0,25.0,10.19649459127723,151.42319728903956,2247.9887991383794,nan,16.849889497073747,nan,0.2,nan,nan,nan,nan,0.1284484643329528,False,fm^4 / MeV,,sly5_n24_e0,SLy5,e0,8000.0,0.15498024799492427,0.01936768907709626,8,0.017349621747157075,True
q20_from_e0,gamma_0p1,mqc,9.0,18.0,11.03664134061354,171.61848836244383,2727.135066869188,nan,16.849889497073747,nan,0.1,nan,nan,nan,nan,0.00010499050582039715,False,fm^4 / MeV,,sly5_n24_e0,SLy5,e0,8000.0,0.15498024799492427,0.01936768907709626,8,0.13171796288721244,False
q20_from_e0,gamma_0p1,main_isgmr,18.0,25.0,-0.8040960007451282,-19.61761981342172,-472.37048746058224,nan,18.0,nan,0.1,nan,nan,nan,nan,0.7527718161044945,False,fm^4 / MeV,,sly5_n24_e0,SLy5,e0,8000.0,0.15498024799492427,0.01936768907709626,8,0.13171796288721244,False
q20_from_e0,gamma_0p1,experiment_range,9.0,25.0,10.232547715558177,152.0008685490221,2254.763811270205,nan,16.849889497073747,nan,0.1,nan,nan,nan,nan,0.1388833808192364,False,fm^4 / MeV,,sly5_n24_e0,SLy5,e0,8000.0,0.15498024799492427,0.01936768907709626,8,0.13171796288721244,False
q20_from_e0,gamma_0p07,mqc,9.0,18.0,11.120366402216018,173.160816559581,2755.088832211727,nan,16.849889497073747,nan,0.07,nan,nan,nan,nan,0.01104429159582958,False,fm^4 / MeV,,sly5_n24_e0,SLy5,e0,8000.0,0.15498024799492427,0.01936768907709626,8,0.24196441697007623,False
q20_from_e0,gamma_0p07,main_isgmr,18.0,25.0,-0.8756346283800014,-20.963116849295883,-497.81336744238047,nan,18.0,nan,0.07,nan,nan,nan,nan,0.7466472638358403,False,fm^4 / MeV,,sly5_n24_e0,SLy5,e0,8000.0,0.15498024799492427,0.01936768907709626,8,0.24196441697007623,False
q20_from_e0,gamma_0p07,experiment_range,9.0,25.0,10.244735208586228,152.19769971028512,2257.2743533936964,nan,16.849889497073747,nan,0.07,nan,nan,nan,nan,0.15341594262803368,False,fm^4 / MeV,,sly5_n24_e0,SLy5,e0,8000.0,0.15498024799492427,0.01936768907709626,8,0.24196441697007623,False
q20_from_e0,gamma_1,mqc,9.0,18.0,9.825476839002091,148.74757319092174,2309.641136951251,nan,16.85129342054459,nan,1.0,nan,nan,nan,nan,0.0,False,fm^4 / MeV,,sly5_n24_e0,SLy5,e0,12000.0,0.10332016532994952,0.012912868521490109,8,6.232683608568877e-14,True
q20_from_e0,gamma_1,main_isgmr,18.0,25.0,0.09988715475820209,-1.6099004180009473,-110.46256841278392,nan,18.0,nan,1.0,nan,nan,nan,nan,0.5230922715742506,False,fm^4 / MeV,,sly5_n24_e0,SLy5,e0,12000.0,0.10332016532994952,0.012912868521490109,8,6.232683608568877e-14,True
q20_from_e0,gamma_1,experiment_range,9.0,25.0,9.925363997357932,147.1376727729208,2199.1785674291687,nan,16.85129342054459,nan,1.0,nan,nan,nan,nan,0.09931042143196747,False,fm^4 / MeV,,sly5_n24_e0,SLy5,e0,12000.0,0.10332016532994952,0.012912868521490109,8,6.232683608568877e-14,True
q20_from_e0,gamma_0p5,mqc,9.0,18.0,10.389037137140269,159.4417347588899,2504.9833854444446,nan,16.85129342054459,nan,0.5,nan,nan,nan,nan,0.0,False,fm^4 / MeV,,sly5_n24_e0,SLy5,e0,12000.0,0.10332016532994952,0.012912868521490109,8,2.4965343195255453e-07,True
q20_from_e0,gamma_0p5,main_isgmr,18.0,25.0,-0.2941815532300104,-9.625458237148768,-274.88090792047996,nan,18.0,nan,0.5,nan,nan,nan,nan,0.6365764835968755,False,fm^4 / MeV,,sly5_n24_e0,SLy5,e0,12000.0,0.10332016532994952,0.012912868521490109,8,2.4965343195255453e-07,True
q20_from_e0,gamma_0p5,experiment_range,9.0,25.0,10.094855591364732,149.81627652174112,2230.102475172451,nan,16.85129342054459,nan,0.5,nan,nan,nan,nan,0.11522443016297776,False,fm^4 / MeV,,sly5_n24_e0,SLy5,e0,12000.0,0.10332016532994952,0.012912868521490109,8,2.4965343195255453e-07,True
q20_from_e0,gamma_0p2,mqc,9.0,18.0,10.82439037751955,167.6659069229184,2655.223005676283,nan,16.85129342054459,nan,0.2,nan,nan,nan,nan,0.0,False,fm^4 / MeV,,sly5_n24_e0,SLy5,e0,12000.0,0.10332016532994952,0.012912868521490109,8,0.0022852568333992076,True
q20_from_e0,gamma_0p2,main_isgmr,18.0,25.0,-0.6282107945296296,-16.248029457505865,-407.3441761176679,nan,18.0,nan,0.2,nan,nan,nan,nan,0.725014618335493,False,fm^4 / MeV,,sly5_n24_e0,SLy5,e0,12000.0,0.10332016532994952,0.012912868521490109,8,0.0022852568333992076,True
q20_from_e0,gamma_0p2,experiment_range,9.0,25.0,10.196179622603974,151.41787746541252,2247.8788168114925,nan,16.85129342054459,nan,0.2,nan,nan,nan,nan,0.12845939173165868,False,fm^4 / MeV,,sly5_n24_e0,SLy5,e0,12000.0,0.10332016532994952,0.012912868521490109,8,0.0022852568333992076,True
q20_from_e0,gamma_0p1,mqc,9.0,18.0,11.028769650774542,171.48398019330457,2724.775572043841,nan,16.85129342054459,nan,0.1,nan,nan,nan,nan,0.0,False,fm^4 / MeV,,sly5_n24_e0,SLy5,e0,12000.0,0.10332016532994952,0.012912868521490109,8,0.04780435998315643,True
q20_from_e0,gamma_0p1,main_isgmr,18.0,25.0,-0.7984499475663032,-19.525533155883277,-470.95304362715683,nan,18.0,nan,0.1,nan,nan,nan,nan,0.7549373851305061,False,fm^4 / MeV,,sly5_n24_e0,SLy5,e0,12000.0,0.10332016532994952,0.012912868521490109,8,0.04780435998315643,True
q20_from_e0,gamma_0p1,experiment_range,9.0,25.0,10.23031979349641,151.9584470374213,2253.8224992524392,nan,16.85129342054459,nan,0.1,nan,nan,nan,nan,0.13781257053398788,False,fm^4 / MeV,,sly5_n24_e0,SLy5,e0,12000.0,0.10332016532994952,0.012912868521490109,8,0.04780435998315643,True
q20_from_e0,gamma_0p07,mqc,9.0,18.0,11.103925161388657,172.8747830322786,2750.0240503930145,nan,16.85129342054459,nan,0.07,nan,nan,nan,nan,0.0006841041160197277,False,fm^4 / MeV,,sly5_n24_e0,SLy5,e0,12000.0,0.10332016532994952,0.012912868521490109,8,0.11902200328295581,False
q20_from_e0,gamma_0p07,main_isgmr,18.0,25.0,-0.8630849806643934,-20.7559398790319,-494.55499913736514,nan,21.61614190497444,nan,0.07,nan,nan,nan,nan,0.7585261071807563,False,fm^4 / MeV,,sly5_n24_e0,SLy5,e0,12000.0,0.10332016532994952,0.012912868521490109,8,0.11902200328295581,False
q20_from_e0,gamma_0p07,experiment_range,9.0,25.0,10.24084028686417,152.1188431532467,2255.469016939815,nan,16.85129342054459,nan,0.07,nan,nan,nan,nan,0.14333960940057597,False,fm^4 / MeV,,sly5_n24_e0,SLy5,e0,12000.0,0.10332016532994952,0.012912868521490109,8,0.11902200328295581,False
q20_from_e0,gamma_1,mqc,9.0,18.0,9.825488938749267,148.74777990147626,2309.64464294237,nan,16.85653402811142,nan,1.0,nan,nan,nan,nan,0.0,False,fm^4 / MeV,,sly5_n24_e0,SLy5,e0,18000.0,0.06888011021996635,0.00860905721558295,8,1.5560108531536548e-20,True
q20_from_e0,gamma_1,main_isgmr,18.0,25.0,0.09987517444669725,-1.6101067507337632,-110.46610844485235,nan,18.0,nan,1.0,nan,nan,nan,nan,0.523095394501942,False,fm^4 / MeV,,sly5_n24_e0,SLy5,e0,18000.0,0.06888011021996635,0.00860905721558295,8,1.5560108531536548e-20,True
q20_from_e0,gamma_1,experiment_range,9.0,25.0,9.925364117118773,147.1376731507425,2199.1785332873797,nan,16.85653402811142,nan,1.0,nan,nan,nan,nan,0.09931033360621305,False,fm^4 / MeV,,sly5_n24_e0,SLy5,e0,18000.0,0.06888011021996635,0.00860905721558295,8,1.5560108531536548e-20,True
q20_from_e0,gamma_0p5,mqc,9.0,18.0,10.38906239377256,159.44217522590495,2504.991072155865,nan,16.85653402811142,nan,0.5,nan,nan,nan,nan,0.0,False,fm^4 / MeV,,sly5_n24_e0,SLy5,e0,18000.0,0.06888011021996635,0.00860905721558295,8,1.247401640672985e-10,True
q20_from_e0,gamma_0p5,main_isgmr,18.0,25.0,-0.29420674400305913,-9.625901596602745,-274.8887006485706,nan,18.0,nan,0.5,nan,nan,nan,nan,0.6365844494208185,False,fm^4 / MeV,,sly5_n24_e0,SLy5,e0,18000.0,0.06888011021996635,0.00860905721558295,8,1.247401640672985e-10,True
q20_from_e0,gamma_0p5,experiment_range,9.0,25.0,10.094855658000181,149.81627362930223,2230.1023689089916,nan,16.85653402811142,nan,0.5,nan,nan,nan,nan,0.11522445406243255,False,fm^4 / MeV,,sly5_n24_e0,SLy5,e0,18000.0,0.06888011021996635,0.00860905721558295,8,1.247401640672985e-10,True
q20_from_e0,gamma_0p2,mqc,9.0,18.0,10.824484633453313,167.66778572730533,2655.2583316275714,nan,16.85653402811142,nan,0.2,nan,nan,nan,nan,0.0,False,fm^4 / MeV,,sly5_n24_e0,SLy5,e0,18000.0,0.06888011021996635,0.00860905721558295,8,0.0001092452403177839,True
q20_from_e0,gamma_0p2,main_isgmr,18.0,25.0,-0.6283319191879075,-16.250228171944876,-407.3842943061398,nan,18.0,nan,0.2,nan,nan,nan,nan,0.7250674445562002,False,fm^4 / MeV,,sly5_n24_e0,SLy5,e0,18000.0,0.06888011021996635,0.00860905721558295,8,0.0001092452403177839,True
q20_from_e0,gamma_0p2,experiment_range,9.0,25.0,10.19615275657699,151.41755755536047,2247.8740237031025,nan,16.85653402811142,nan,0.2,nan,nan,nan,nan,0.12845705735162408,False,fm^4 / MeV,,sly5_n24_e0,SLy5,e0,18000.0,0.06888011021996635,0.00860905721558295,8,0.0001092452403177839,True
q20_from_e0,gamma_0p1,mqc,9.0,18.0,11.027989657637887,171.47406410278495,2724.6341562425555,nan,16.85653402811142,nan,0.1,nan,nan,nan,nan,0.0,False,fm^4 / MeV,,sly5_n24_e0,SLy5,e0,18000.0,0.06888011021996635,0.00860905721558295,8,0.01045204479122549,True
q20_from_e0,gamma_0p1,main_isgmr,18.0,25.0,-0.7983139419687075,-19.52436477704936,-470.9640012984792,nan,18.0,nan,0.1,nan,nan,nan,nan,0.7557339965231166,False,fm^4 / MeV,,sly5_n24_e0,SLy5,e0,18000.0,0.06888011021996635,0.00860905721558295,8,0.01045204479122549,True
q20_from_e0,gamma_0p1,experiment_range,9.0,25.0,10.229675794268745,151.9496993257356,2253.670129563786,nan,16.85653402811142,nan,0.1,nan,nan,nan,nan,0.13760627316982335,False,fm^4 / MeV,,sly5_n24_e0,SLy5,e0,18000.0,0.06888011021996635,0.00860905721558295,8,0.01045204479122549,True
q20_from_e0,gamma_0p07,mqc,9.0,18.0,11.101336964833985,172.83830389226097,2749.4585560537453,nan,16.85653402811142,nan,0.07,nan,nan,nan,nan,7.868202921431338e-06,False,fm^4 / MeV,,sly5_n24_e0,SLy5,e0,18000.0,0.06888011021996635,0.00860905721558295,8,0.04106207420869087,True
q20_from_e0,gamma_0p07,main_isgmr,18.0,25.0,-0.8621440749409178,-20.74267840814232,-494.4079742593223,nan,21.608733611113205,nan,0.07,nan,nan,nan,nan,0.761969554606563,False,fm^4 / MeV,,sly5_n24_e0,SLy5,e0,18000.0,0.06888011021996635,0.00860905721558295,8,0.04106207420869087,True
q20_from_e0,gamma_0p07,experiment_range,9.0,25.0,10.2391929562714,152.09562548411864,2255.050560356968,nan,16.85653402811142,nan,0.07,nan,nan,nan,nan,0.1420115110937768,False,fm^4 / MeV,,sly5_n24_e0,SLy5,e0,18000.0,0.06888011021996635,0.00860905721558295,8,0.04106207420869087,True
e0_diagonal,gamma_1,mqc,9.0,18.0,2.318227478380914,34.834719715382164,534.9318275839535,15.356283384928187,16.48890750395548,1.7337964222102098,1.0,0.7337964222102098,nan,1486.12522589808,35.99507082323355,0.0,True,fm^4 / MeV,IS E0 double-commutator EWSR in Sky3D F00 convention,skms_n24_e0,SkM*,e0,2000.0,0.6199209919796971,0.07741271128617595,8,0.00629669291410834,True
e0_diagonal,gamma_1,main_isgmr,18.0,25.0,0.9406509975397342,20.284704147318664,441.3808039579921,21.75929216183989,23.843115076142197,nan,1.0,nan,nan,1486.12522589808,29.700108460998724,0.0,True,fm^4 / MeV,IS E0 double-commutator EWSR in Sky3D F00 convention,skms_n24_e0,SkM*,e0,2000.0,0.6199209919796971,0.07741271128617595,8,0.00629669291410834,True
e0_diagonal,gamma_1,experiment_range,9.0,25.0,3.258878978266286,55.11942386270082,976.3124796276273,17.712675699578487,16.48890750395548,1.7337964222102098,1.0,0.7337964222102098,nan,1486.12522589808,65.69516906205747,0.0,True,fm^4 / MeV,IS E0 double-commutator EWSR in Sky3D F00 convention,skms_n24_e0,SkM*,e0,2000.0,0.6199209919796971,0.07741271128617595,8,0.00629669291410834,True
e0_diagonal,gamma_0p5,mqc,9.0,18.0,2.4102975067839223,36.56109286893882,565.8300514431627,15.47628932952041,16.566320215241657,1.2507493435850368,0.5,0.7507493435850368,nan,1486.12522589808,38.07418389666497,0.0,True,fm^4 / MeV,IS E0 double-commutator EWSR in Sky3D F00 convention,skms_n24_e0,SkM*,e0,2000.0,0.6199209919796971,0.07741271128617595,8,0.07935170391433533,False
e0_diagonal,gamma_0p5,main_isgmr,18.0,25.0,0.9105765422866767,19.790948389948323,433.7713275658375,21.917662510107235,24.1527659212869,3.857989582543791,0.5,3.357989582543791,nan,1486.12522589808,29.188073791271876,0.0,True,fm^4 / MeV,IS E0 double-commutator EWSR in Sky3D F00 convention,skms_n24_e0,SkM*,e0,2000.0,0.6199209919796971,0.07741271128617595,8,0.07935170391433533,False
e0_diagonal,gamma_0p5,experiment_range,9.0,25.0,3.3208748753593023,56.35204125888715,999.6011210007503,17.738507757127707,16.566320215241657,1.2507493435850368,0.5,0.7507493435850368,nan,1486.12522589808,67.26224032679895,0.0,True,fm^4 / MeV,IS E0 double-commutator EWSR in Sky3D F00 convention,skms_n24_e0,SkM*,e0,2000.0,0.6199209919796971,0.07741271128617595,8,0.07935170391433533,False
e0_diagonal,gamma_0p2,mqc,9.0,18.0,2.4719907571425077,37.7276123637384,586.8005436700327,15.553609330285406,16.566320215241657,0.48450572699443484,0.2,0.2845057269944348,nan,1486.12522589808,39.48526903682853,0.0009194095583256465,True,fm^4 / MeV,IS E0 double-commutator EWSR in Sky3D F00 convention,skms_n24_e0,SkM*,e0,2000.0,0.6199209919796971,0.07741271128617595,8,0.36292969413815185,False
e0_diagonal,gamma_0p2,main_isgmr,18.0,25.0,0.8840416086702381,19.331650895656367,426.0167557131261,22.037267174571618,22.99157525199426,1.7498407816938908,0.2,1.5498407816938908,nan,1486.12522589808,28.666275781415393,0.0004949320668969029,True,fm^4 / MeV,IS E0 double-commutator EWSR in Sky3D F00 convention,skms_n24_e0,SkM*,e0,2000.0,0.6199209919796971,0.07741271128617595,8,0.36292969413815185,False
e0_diagonal,gamma_0p2,experiment_range,9.0,25.0,3.356034134404533,57.059263259394754,1012.8167377587944,17.750259640655894,16.566320215241657,0.48450572699443484,0.2,0.2845057269944348,nan,1486.12522589808,68.15150702705684,0.0007756776183844776,True,fm^4 / MeV,IS E0 double-commutator EWSR in Sky3D F00 convention,skms_n24_e0,SkM*,e0,2000.0,0.6199209919796971,0.07741271128617595,8,0.36292969413815185,False
e0_diagonal,gamma_0p1,mqc,9.0,18.0,2.4940472780312093,38.15201822720278,594.5001208728436,15.582402936916163,16.566320215241657,0.4307259549524147,0.1,0.33072595495241475,nan,1486.12522589808,40.00336650725926,0.026589712283468337,True,fm^4 / MeV,IS E0 double-commutator EWSR in Sky3D F00 convention,skms_n24_e0,SkM*,e0,2000.0,0.6199209919796971,0.07741271128617595,8,0.6024364648144664,False
e0_diagonal,gamma_0p1,main_isgmr,18.0,25.0,0.8722948233659439,19.12167756269246,422.29314883127887,22.08452409296965,22.99157525199426,0.4611083109237484,0.1,0.3611083109237484,nan,1486.12522589808,28.415717698088528,0.013505092860370226,True,fm^4 / MeV,IS E0 double-commutator EWSR in Sky3D F00 convention,skms_n24_e0,SkM*,e0,2000.0,0.6199209919796971,0.07741271128617595,8,0.6024364648144664,False
e0_diagonal,gamma_0p1,experiment_range,9.0,25.0,3.3663446068925738,57.27369578989526,1016.7924714383644,17.753219124681596,16.566320215241657,0.4307259549524147,0.1,0.33072595495241475,nan,1486.12522589808,68.41903049077891,0.02230019279406565,True,fm^4 / MeV,IS E0 double-commutator EWSR in Sky3D F00 convention,skms_n24_e0,SkM*,e0,2000.0,0.6199209919796971,0.07741271128617595,8,0.6024364648144664,False
e0_diagonal,gamma_0p07,mqc,9.0,18.0,2.500861374331681,38.28439628354916,596.9137928112958,15.591568648237775,16.566320215241657,0.4169853609438725,0.07,0.3469853609438725,nan,1486.12522589808,40.1657802726937,0.04198207587247616,True,fm^4 / MeV,IS E0 double-commutator EWSR in Sky3D F00 convention,skms_n24_e0,SkM*,e0,2000.0,0.6199209919796971,0.07741271128617595,8,0.7013549652802368,False
e0_diagonal,gamma_0p07,main_isgmr,18.0,25.0,0.8683292115564014,19.05000546915738,421.00180295618156,22.099825831430763,22.99157525199426,0.43330985173486525,0.07,0.36330985173486524,nan,1486.12522589808,28.328824221509734,0.02095055571222615,True,fm^4 / MeV,IS E0 double-commutator EWSR in Sky3D F00 convention,skms_n24_e0,SkM*,e0,2000.0,0.6199209919796971,0.07741271128617595,8,0.7013549652802368,False
e0_diagonal,gamma_0p07,experiment_range,9.0,25.0,3.369193390674732,57.334401752706526,1017.9147014589818,17.75399533860018,16.566320215241657,0.4169853609438725,0.07,0.3469853609438725,nan,1486.12522589808,68.49454431700705,0.03520200253261792,True,fm^4 / MeV,IS E0 double-commutator EWSR in Sky3D F00 convention,skms_n24_e0,SkM*,e0,2000.0,0.6199209919796971,0.07741271128617595,8,0.7013549652802368,False
e0_diagonal,gamma_1,mqc,9.0,18.0,2.318379056234403,34.83689754923952,534.9650685424581,15.356277572832724,16.53587353668982,1.7314251326308838,1.0,0.7314251326308838,nan,1486.12522589808,35.99730757676719,0.0,True,fm^4 / MeV,IS E0 double-commutator EWSR in Sky3D F00 convention,skms_n24_e0,SkM*,e0,4000.0,0.30996049598984854,0.03872569914915649,8,3.964834165458217e-05,True
e0_diagonal,gamma_1,main_isgmr,18.0,25.0,0.9405361777186101,20.282548028634217,441.3389562126292,21.7595420254675,23.855030675880396,nan,1.0,nan,nan,1486.12522589808,29.69729256469109,0.0,True,fm^4 / MeV,IS E0 double-commutator EWSR in Sky3D F00 convention,skms_n24_e0,SkM*,e0,4000.0,0.30996049598984854,0.03872569914915649,8,3.964834165458217e-05,True
e0_diagonal,gamma_1,experiment_range,9.0,25.0,3.25891527441723,55.119445577873734,976.3040124991018,17.712515107209526,16.53587353668982,1.7314251326308838,1.0,0.7314251326308838,nan,1486.12522589808,65.69459931676428,0.0,True,fm^4 / MeV,IS E0 double-commutator EWSR in Sky3D F00 convention,skms_n24_e0,SkM*,e0,4000.0,0.30996049598984854,0.03872569914915649,8,3.964834165458217e-05,True
e0_diagonal,gamma_0p5,mqc,9.0,18.0,2.411263842807319,36.573664693579225,566.0108515130285,15.475912962377976,16.574599235838978,1.192346603233009,0.5,0.692346603233009,nan,1486.12522589808,38.08634976712562,0.0,True,fm^4 / MeV,IS E0 double-commutator EWSR in Sky3D F00 convention,skms_n24_e0,SkM*,e0,4000.0,0.30996049598984854,0.03872569914915649,8,0.00629669291410834,True
e0_diagonal,gamma_0p5,main_isgmr,18.0,25.0,0.9098235116238925,19.775489924804255,433.44364441651845,21.918225341808256,23.89375637502955,3.9280007792147984,0.5,3.4280007792147984,nan,1486.12522589808,29.166024293449713,0.0,True,fm^4 / MeV,IS E0 double-commutator EWSR in Sky3D F00 convention,skms_n24_e0,SkM*,e0,4000.0,0.30996049598984854,0.03872569914915649,8,0.00629669291410834,True
e0_diagonal,gamma_0p5,experiment_range,9.0,25.0,3.321087429137066,56.34915461838348,999.4544724329348,17.73681396289964,16.574599235838978,1.192346603233009,0.5,0.692346603233009,nan,1486.12522589808,67.2523724795099,0.0,True,fm^4 / MeV,IS E0 double-commutator EWSR in Sky3D F00 convention,skms_n24_e0,SkM*,e0,4000.0,0.30996049598984854,0.03872569914915649,8,0.00629669291410834,True
e0_diagonal,gamma_0p2,mqc,9.0,18.0,2.4762161994647762,37.78278086575134,587.5984989059658,15.552018285626021,16.613324934988135,0.29716352822578784,0.2,0.09716352822578783,nan,1486.12522589808,39.538962710956895,0.0,True,fm^4 / MeV,IS E0 double-commutator EWSR in Sky3D F00 convention,skms_n24_e0,SkM*,e0,4000.0,0.30996049598984854,0.03872569914915649,8,0.13171796288721244,False
e0_diagonal,gamma_0p2,main_isgmr,18.0,25.0,0.8802964281753334,19.25283180718953,424.30595082388754,22.03862554211065,24.319739065670273,1.6669412099472218,0.2,1.4669412099472219,nan,1486.12522589808,28.55115729345589,0.0,True,fm^4 / MeV,IS E0 double-commutator EWSR in Sky3D F00 convention,skms_n24_e0,SkM*,e0,4000.0,0.30996049598984854,0.03872569914915649,8,0.13171796288721244,False
e0_diagonal,gamma_0p2,experiment_range,9.0,25.0,3.3565128723034166,57.03561267294087,1011.9043710778571,17.741623586660094,16.613324934988135,0.29716352822578784,0.2,0.09716352822578783,nan,1486.12522589808,68.09011471199229,0.0,True,fm^4 / MeV,IS E0 double-commutator EWSR in Sky3D F00 convention,skms_n24_e0,SkM*,e0,4000.0,0.30996049598984854,0.03872569914915649,8,0.13171796288721244,False
e0_diagonal,gamma_0p1,mqc,9.0,18.0,2.501620227039889,38.25452293320174,596.0297488832061,15.580634737596007,16.613324934988135,0.23699489635319537,0.1,0.13699489635319537,nan,1486.12522589808,40.10629376962628,0.02227834548886142,True,fm^4 / MeV,IS E0 double-commutator EWSR in Sky3D F00 convention,skms_n24_e0,SkM*,e0,4000.0,0.30996049598984854,0.03872569914915649,8,0.36292969413815185,False
e0_diagonal,gamma_0p1,main_isgmr,18.0,25.0,0.8649628334586521,18.967548851204768,418.95344827757145,22.087906643296225,24.319739065670273,0.2738955497281843,0.1,0.1738955497281843,nan,1486.12522589808,28.190992318591036,0.0018637038871087365,True,fm^4 / MeV,IS E0 double-commutator EWSR in Sky3D F00 convention,skms_n24_e0,SkM*,e0,4000.0,0.30996049598984854,0.03872569914915649,8,0.36292969413815185,False
e0_diagonal,gamma_0p1,experiment_range,9.0,25.0,3.366583536362377,57.222071784406495,1014.9830436088214,17.73761438475936,16.613324934988135,0.23699489635319537,0.1,0.13699489635319537,nan,1486.12522589808,68.29727575584738,0.0156994011489404,True,fm^4 / MeV,IS E0 double-commutator EWSR in Sky3D F00 convention,skms_n24_e0,SkM*,e0,4000.0,0.30996049598984854,0.03872569914915649,8,0.36292969413815185,False
e0_diagonal,gamma_0p07,mqc,9.0,18.0,2.5100106111840743,38.41007965010704,598.8122499803371,15.589976783051746,16.613324934988135,0.22292817781945473,0.07,0.15292817781945472,nan,1486.12522589808,40.2935257100201,0.05145992924424777,True,fm^4 / MeV,IS E0 double-commutator EWSR in Sky3D F00 convention,skms_n24_e0,SkM*,e0,4000.0,0.30996049598984854,0.03872569914915649,8,0.49189878732324216,False
e0_diagonal,gamma_0p07,main_isgmr,18.0,25.0,0.8592114492521041,18.85863614785816,416.86238444398447,22.104588114200876,24.319739065670273,0.24995898893499557,0.07,0.17995898893499557,nan,1486.12522589808,28.050286555903824,0.01258164857518921,True,fm^4 / MeV,IS E0 double-commutator EWSR in Sky3D F00 convention,skms_n24_e0,SkM*,e0,4000.0,0.30996049598984854,0.03872569914915649,8,0.49189878732324216,False
e0_diagonal,gamma_0p07,experiment_range,9.0,25.0,3.369222657248674,57.26871579796521,1015.6744417018199,17.735240393462906,16.613324934988135,0.22292817781945473,0.07,0.15292817781945472,nan,1486.12522589808,68.34379929780398,0.039360662996305015,True,fm^4 / MeV,IS E0 double-commutator EWSR in Sky3D F00 convention,skms_n24_e0,SkM*,e0,4000.0,0.30996049598984854,0.03872569914915649,8,0.49189878732324216,False
e0_diagonal,gamma_1,mqc,9.0,18.0,2.3183976944308187,34.83718523507941,534.9695960517823,15.356280722504902,16.52063878276311,1.7307510343220507,1.0,0.7307510343220507,nan,1486.12522589808,35.9976122287067,0.0,True,fm^4 / MeV,IS E0 double-commutator EWSR in Sky3D F00 convention,skms_n24_e0,SkM*,e0,8000.0,0.15498024799492427,0.01936768907709626,8,1.5719909959584757e-09,True
e0_diagonal,gamma_1,main_isgmr,18.0,25.0,0.9405220701105584,20.28230450201805,441.3346461170201,21.75959078383367,23.880360632059688,nan,1.0,nan,nan,1486.12522589808,29.697002542320565,0.0,True,fm^4 / MeV,IS E0 double-commutator EWSR in Sky3D F00 convention,skms_n24_e0,SkM*,e0,8000.0,0.15498024799492427,0.01936768907709626,8,1.5719909959584757e-09,True
e0_diagonal,gamma_1,experiment_range,9.0,25.0,3.258919772110186,55.11948973709746,976.3042398751302,17.71250504189703,16.52063878276311,1.7307510343220507,1.0,0.7307510343220507,nan,1486.12522589808,65.69461461668817,0.0,True,fm^4 / MeV,IS E0 double-commutator EWSR in Sky3D F00 convention,skms_n24_e0,SkM*,e0,8000.0,0.15498024799492427,0.01936768907709626,8,1.5719909959584757e-09,True
e0_diagonal,gamma_0p5,mqc,9.0,18.0,2.4112327038583836,36.573083293313246,566.0000054665153,15.475862423937293,16.598109539071498,1.191931870681957,0.5,0.691931870681957,nan,1486.12522589808,38.085619946628384,0.0,True,fm^4 / MeV,IS E0 double-commutator EWSR in Sky3D F00 convention,skms_n24_e0,SkM*,e0,8000.0,0.15498024799492427,0.01936768907709626,8,3.964834165458217e-05,True
e0_diagonal,gamma_0p5,main_isgmr,18.0,25.0,0.9098667614300299,19.77635087725554,433.4610397424617,21.918150746454355,23.899728321136788,3.9231850724337143,0.5,3.4231850724337143,nan,1486.12522589808,29.167194808937918,0.0,True,fm^4 / MeV,IS E0 double-commutator EWSR in Sky3D F00 convention,skms_n24_e0,SkM*,e0,8000.0,0.15498024799492427,0.01936768907709626,8,3.964834165458217e-05,True
e0_diagonal,gamma_0p5,experiment_range,9.0,25.0,3.3210994779417407,56.349434170568784,999.4610412365257,17.736842542396683,16.598109539071498,1.191931870681957,0.5,0.691931870681957,nan,1486.12522589808,67.25281448826371,0.0,True,fm^4 / MeV,IS E0 double-commutator EWSR in Sky3D F00 convention,skms_n24_e0,SkM*,e0,8000.0,0.15498024799492427,0.01936768907709626,8,3.964834165458217e-05,True
e0_diagonal,gamma_0p2,mqc,9.0,18.0,2.4747248757219977,37.756639472994266,587.1336896791626,15.550475303796954,16.598109539071498,0.24703587722224185,0.2,0.04703587722224184,nan,1486.12522589808,39.50768612546442,0.0,True,fm^4 / MeV,IS E0 double-commutator EWSR in Sky3D F00 convention,skms_n24_e0,SkM*,e0,8000.0,0.15498024799492427,0.01936768907709626,8,0.017349621747157075,True
e0_diagonal,gamma_0p2,main_isgmr,18.0,25.0,0.8821885264124103,19.290234917409613,425.06250163579705,22.035112763306696,24.325817480832907,1.0021600608273467,0.2,0.8021600608273467,nan,1486.12522589808,28.602064901961917,0.0,True,fm^4 / MeV,IS E0 double-commutator EWSR in Sky3D F00 convention,skms_n24_e0,SkM*,e0,8000.0,0.15498024799492427,0.01936768907709626,8,0.017349621747157075,True
e0_diagonal,gamma_0p2,experiment_range,9.0,25.0,3.3569134127042117,57.04687439040387,1012.1961879867926,17.743236571731597,16.598109539071498,0.24703587722224185,0.2,0.04703587722224184,nan,1486.12522589808,68.10975080347704,0.0,True,fm^4 / MeV,IS E0 double-commutator EWSR in Sky3D F00 convention,skms_n24_e0,SkM*,e0,8000.0,0.15498024799492427,0.01936768907709626,8,0.017349621747157075,True
e0_diagonal,gamma_0p1,mqc,9.0,18.0,2.4966397271895877,38.16967138544365,594.5443785016727,15.576355701307074,16.598109539071498,0.16695198090856422,0.1,0.06695198090856422,nan,1486.12522589808,40.00634456240952,0.0003715278273063215,True,fm^4 / MeV,IS E0 double-commutator EWSR in Sky3D F00 convention,skms_n24_e0,SkM*,e0,8000.0,0.15498024799492427,0.01936768907709626,8,0.13171796288721244,False
e0_diagonal,gamma_0p1,main_isgmr,18.0,25.0,0.8710981426117231,19.089717767120323,421.4452655699364,22.077082055965423,24.325817480832907,0.17678609717384575,0.1,0.07678609717384574,nan,1486.12522589808,28.358664413037797,0.0,True,fm^4 / MeV,IS E0 double-commutator EWSR in Sky3D F00 convention,skms_n24_e0,SkM*,e0,8000.0,0.15498024799492427,0.01936768907709626,8,0.13171796288721244,False
e0_diagonal,gamma_0p1,experiment_range,9.0,25.0,3.367737844116601,57.25938915256397,1015.9896524945156,17.743634145091495,16.598109539071498,0.16695198090856422,0.1,0.06695198090856422,nan,1486.12522589808,68.36500954221695,0.0002477254683615029,True,fm^4 / MeV,IS E0 double-commutator EWSR in Sky3D F00 convention,skms_n24_e0,SkM*,e0,8000.0,0.15498024799492427,0.01936768907709626,8,0.13171796288721244,False
e0_diagonal,gamma_0p07,mqc,9.0,18.0,2.5027336937566287,38.287786706590666,596.6876948234824,15.584282773931447,16.598109539071498,0.1488835432811797,0.07,0.07888354328117969,nan,1486.12522589808,40.15056634698453,0.005542082319760993,True,fm^4 / MeV,IS E0 double-commutator EWSR in Sky3D F00 convention,skms_n24_e0,SkM*,e0,8000.0,0.15498024799492427,0.01936768907709626,8,0.24196441697007623,False
e0_diagonal,gamma_0p07,main_isgmr,18.0,25.0,0.8680228388423222,19.034603267687316,420.4632354707009,22.089414187290636,24.325817480832907,0.1503419070738765,0.07,0.0803419070738765,nan,1486.12522589808,28.292584510609515,0.0003142568367926171,True,fm^4 / MeV,IS E0 double-commutator EWSR in Sky3D F00 convention,skms_n24_e0,SkM*,e0,8000.0,0.15498024799492427,0.01936768907709626,8,0.24196441697007623,False
e0_diagonal,gamma_0p07,experiment_range,9.0,25.0,3.3707564785008692,57.32238997427798,1017.1509479377766,17.744391823058983,16.598109539071498,0.1488835432811797,0.07,0.07888354328117969,nan,1486.12522589808,68.4431520448152,0.00381829209921575,True,fm^4 / MeV,IS E0 double-commutator EWSR in Sky3D F00 convention,skms_n24_e0,SkM*,e0,8000.0,0.15498024799492427,0.01936768907709626,8,0.24196441697007623,False
e0_diagonal,gamma_1,mqc,9.0,18.0,2.318401253065242,34.83724018903968,534.9704626617128,15.356281374723318,16.52847170750734,1.7306187779915678,1.0,0.7306187779915678,nan,1486.12522589808,35.997670542092095,0.0,True,fm^4 / MeV,IS E0 double-commutator EWSR in Sky3D F00 convention,skms_n24_e0,SkM*,e0,12000.0,0.10332016532994952,0.012912868521490109,8,6.232683608568877e-14,True
e0_diagonal,gamma_1,main_isgmr,18.0,25.0,0.9405193511597846,20.282257265472282,441.33380410222264,21.759599946182124,23.875893896235212,nan,1.0,nan,nan,1486.12522589808,29.696945883919053,0.0,True,fm^4 / MeV,IS E0 double-commutator EWSR in Sky3D F00 convention,skms_n24_e0,SkM*,e0,12000.0,0.10332016532994952,0.012912868521490109,8,6.232683608568877e-14,True
e0_diagonal,gamma_1,experiment_range,9.0,25.0,3.258920604608292,55.11949745451196,976.3042666478234,17.712503047647168,16.52847170750734,1.7306187779915678,1.0,0.7306187779915678,nan,1486.12522589808,65.69461641819808,0.0,True,fm^4 / MeV,IS E0 double-commutator EWSR in Sky3D F00 convention,skms_n24_e0,SkM*,e0,12000.0,0.10332016532994952,0.012912868521490109,8,6.232683608568877e-14,True
e0_diagonal,gamma_0p5,mqc,9.0,18.0,2.4112384304221894,36.573176060014106,566.0015516520284,15.47586544639323,16.59303605011479,1.191459700130622,0.5,0.691459700130622,nan,1486.12522589808,38.08572398802988,0.0,True,fm^4 / MeV,IS E0 double-commutator EWSR in Sky3D F00 convention,skms_n24_e0,SkM*,e0,12000.0,0.10332016532994952,0.012912868521490109,8,2.4965343195255453e-07,True
e0_diagonal,gamma_0p5,main_isgmr,18.0,25.0,0.9098605901308592,19.776231125844824,433.45864010823345,21.91816212856465,23.901719633278194,3.923045773844734,0.5,3.423045773844734,nan,1486.12522589808,29.167033339757094,0.0,True,fm^4 / MeV,IS E0 double-commutator EWSR in Sky3D F00 convention,skms_n24_e0,SkM*,e0,12000.0,0.10332016532994952,0.012912868521490109,8,2.4965343195255453e-07,True
e0_diagonal,gamma_0p5,experiment_range,9.0,25.0,3.321099021200249,56.34940718585893,999.4601915571366,17.736835957485535,16.59303605011479,1.191459700130622,0.5,0.691459700130622,nan,1486.12522589808,67.25275731411887,0.0,True,fm^4 / MeV,IS E0 double-commutator EWSR in Sky3D F00 convention,skms_n24_e0,SkM*,e0,12000.0,0.10332016532994952,0.012912868521490109,8,2.4965343195255453e-07,True
e0_diagonal,gamma_0p2,mqc,9.0,18.0,2.474859699060971,37.75839984549935,587.1593519782734,15.550429954151262,16.59303605011479,0.24580115733651908,0.2,0.04580115733651907,nan,1486.12522589808,39.50941291797582,0.0,True,fm^4 / MeV,IS E0 double-commutator EWSR in Sky3D F00 convention,skms_n24_e0,SkM*,e0,12000.0,0.10332016532994952,0.012912868521490109,8,0.0022852568333992076,True
e0_diagonal,gamma_0p2,main_isgmr,18.0,25.0,0.8820956276340752,19.28834186271159,425.0228799246332,22.035221220663427,24.314931425965874,0.9783911413194417,0.2,0.7783911413194418,nan,1486.12522589808,28.59939879344876,0.0,True,fm^4 / MeV,IS E0 double-commutator EWSR in Sky3D F00 convention,skms_n24_e0,SkM*,e0,12000.0,0.10332016532994952,0.012912868521490109,8,0.0022852568333992076,True
e0_diagonal,gamma_0p2,experiment_range,9.0,25.0,3.3569553273972845,57.04674170821093,1012.1822316803401,17.743033192983454,16.59303605011479,0.24580115733651908,0.2,0.04580115733651907,nan,1486.12522589808,68.1088116964483,0.0,True,fm^4 / MeV,IS E0 double-commutator EWSR in Sky3D F00 convention,skms_n24_e0,SkM*,e0,12000.0,0.10332016532994952,0.012912868521490109,8,0.0022852568333992076,True
e0_diagonal,gamma_0p1,mqc,9.0,18.0,2.497556158082425,38.18092069447085,594.6995663961097,15.57583095376301,16.580123181593297,0.16216553587353744,0.1,0.06216553587353743,nan,1486.12522589808,40.01678701313524,0.0,True,fm^4 / MeV,IS E0 double-commutator EWSR in Sky3D F00 convention,skms_n24_e0,SkM*,e0,12000.0,0.10332016532994952,0.012912868521490109,8,0.04780435998315643,True
e0_diagonal,gamma_0p1,main_isgmr,18.0,25.0,0.8704997922232633,19.077114863760695,421.17251661540547,22.077369645421278,24.314931425965874,0.14779796091727349,0.1,0.04779796091727348,nan,1486.12522589808,28.340311386672465,0.0,True,fm^4 / MeV,IS E0 double-commutator EWSR in Sky3D F00 convention,skms_n24_e0,SkM*,e0,12000.0,0.10332016532994952,0.012912868521490109,8,0.04780435998315643,True
e0_diagonal,gamma_0p1,experiment_range,9.0,25.0,3.368055949665139,57.25803555823154,1015.8720832230267,17.742000285529926,16.580123181593297,0.16216553587353744,0.1,0.06216553587353743,nan,1486.12522589808,68.35709841404012,0.0,True,fm^4 / MeV,IS E0 double-commutator EWSR in Sky3D F00 convention,skms_n24_e0,SkM*,e0,12000.0,0.10332016532994952,0.012912868521490109,8,0.04780435998315643,True
e0_diagonal,gamma_0p07,mqc,9.0,18.0,2.504353817389509,38.30703005563966,596.9446503799169,15.583161876889832,16.580123181593297,0.14114436122437723,0.07,0.07114436122437723,nan,1486.12522589808,40.16785665011354,0.0003369457664104773,True,fm^4 / MeV,IS E0 double-commutator EWSR in Sky3D F00 convention,skms_n24_e0,SkM*,e0,12000.0,0.10332016532994952,0.012912868521490109,8,0.11902200328295581,False
e0_diagonal,gamma_0p07,main_isgmr,18.0,25.0,0.8669902877307825,19.012457339008364,419.97545319845534,22.089488260772086,24.314931425965874,0.10624492060032154,0.07,0.03624492060032153,nan,1486.12522589808,28.259762090012305,1.4692537337557217e-05,True,fm^4 / MeV,IS E0 double-commutator EWSR in Sky3D F00 convention,skms_n24_e0,SkM*,e0,12000.0,0.10332016532994952,0.012912868521490109,8,0.11902200328295581,False
e0_diagonal,gamma_0p07,experiment_range,9.0,25.0,3.371344103128395,57.31948739464802,1016.9201042270499,17.741263058154995,16.580123181593297,0.14114436122437723,0.07,0.07114436122437723,nan,1486.12522589808,68.42761878377478,0.00023010276398584539,True,fm^4 / MeV,IS E0 double-commutator EWSR in Sky3D F00 convention,skms_n24_e0,SkM*,e0,12000.0,0.10332016532994952,0.012912868521490109,8,0.11902200328295581,False
e0_diagonal,gamma_1,mqc,9.0,18.0,2.3184028290340852,34.83726454282077,534.9708471032473,15.356281674919668,16.529389853919266,1.730620282123457,1.0,0.7306202821234571,nan,1486.12522589808,35.99769641080946,0.0,True,fm^4 / MeV,IS E0 double-commutator EWSR in Sky3D F00 convention,skms_n24_e0,SkM*,e0,18000.0,0.06888011021996635,0.00860905721558295,8,1.5560108531536548e-20,True
e0_diagonal,gamma_1,main_isgmr,18.0,25.0,0.9405181499689448,20.282236478666483,441.3334352569605,21.759604061473663,23.87291565881152,nan,1.0,nan,nan,1486.12522589808,29.696921064660508,0.0,True,fm^4 / MeV,IS E0 double-commutator EWSR in Sky3D F00 convention,skms_n24_e0,SkM*,e0,18000.0,0.06888011021996635,0.00860905721558295,8,1.5560108531536548e-20,True
e0_diagonal,gamma_1,experiment_range,9.0,25.0,3.2589209794185034,55.11950102148725,976.304282234323,17.712502184185773,16.529389853919266,1.730620282123457,1.0,0.7306202821234571,nan,1486.12522589808,65.6946174669993,0.0,True,fm^4 / MeV,IS E0 double-commutator EWSR in Sky3D F00 convention,skms_n24_e0,SkM*,e0,18000.0,0.06888011021996635,0.00860905721558295,8,1.5560108531536548e-20,True
e0_diagonal,gamma_0p5,mqc,9.0,18.0,2.4112408254925466,36.57321532867085,566.0022106439035,15.475866848387193,16.589653254428345,1.1912241099779113,0.5,0.6912241099779113,nan,1486.12522589808,38.085768330987236,0.0,True,fm^4 / MeV,IS E0 double-commutator EWSR in Sky3D F00 convention,skms_n24_e0,SkM*,e0,18000.0,0.06888011021996635,0.00860905721558295,8,1.247401640672985e-10,True
e0_diagonal,gamma_0p5,main_isgmr,18.0,25.0,0.9098579520049201,19.776180097387613,433.45762038308806,21.918167120673967,23.89874283045827,3.922909336017476,0.5,3.422909336017476,nan,1486.12522589808,29.166964723389672,0.0,True,fm^4 / MeV,IS E0 double-commutator EWSR in Sky3D F00 convention,skms_n24_e0,SkM*,e0,18000.0,0.06888011021996635,0.00860905721558295,8,1.247401640672985e-10,True
e0_diagonal,gamma_0p5,experiment_range,9.0,25.0,3.321098778196657,56.349395426058464,999.4598308075197,17.73683325704902,16.589653254428345,1.1912241099779113,0.5,0.6912241099779113,nan,1486.12522589808,67.25273303960884,0.0,True,fm^4 / MeV,IS E0 double-commutator EWSR in Sky3D F00 convention,skms_n24_e0,SkM*,e0,18000.0,0.06888011021996635,0.00860905721558295,8,1.247401640672985e-10,True
e0_diagonal,gamma_0p2,mqc,9.0,18.0,2.474861407372093,37.758450050294556,587.1604228109876,15.550437637903178,16.589653254428345,0.24601964986392133,0.2,0.04601964986392132,nan,1486.12522589808,39.509484973324554,0.0,True,fm^4 / MeV,IS E0 double-commutator EWSR in Sky3D F00 convention,skms_n24_e0,SkM*,e0,18000.0,0.06888011021996635,0.00860905721558295,8,0.0001092452403177839,True
e0_diagonal,gamma_0p2,main_isgmr,18.0,25.0,0.8820902508057668,19.288235275206272,425.0207080972375,22.035230389561505,24.311977576806253,0.9765687959936713,0.2,0.7765687959936713,nan,1486.12522589808,28.59925265318024,0.0,True,fm^4 / MeV,IS E0 double-commutator EWSR in Sky3D F00 convention,skms_n24_e0,SkM*,e0,18000.0,0.06888011021996635,0.00860905721558295,8,0.0001092452403177839,True
e0_diagonal,gamma_0p2,experiment_range,9.0,25.0,3.3569516589415294,57.04668532550083,1012.1811306661273,17.743031429271582,16.589653254428345,0.24601964986392133,0.2,0.04601964986392132,nan,1486.12522589808,68.10873761021426,0.0,True,fm^4 / MeV,IS E0 double-commutator EWSR in Sky3D F00 convention,skms_n24_e0,SkM*,e0,18000.0,0.06888011021996635,0.00860905721558295,8,0.0001092452403177839,True
e0_diagonal,gamma_0p1,mqc,9.0,18.0,2.497557140260824,38.18137359039431,594.7116486430509,15.575962641445377,16.581044197212762,0.15409349158769103,0.1,0.05409349158769103,nan,1486.12522589808,40.01760001642263,0.0,True,fm^4 / MeV,IS E0 double-commutator EWSR in Sky3D F00 convention,skms_n24_e0,SkM*,e0,18000.0,0.06888011021996635,0.00860905721558295,8,0.01045204479122549,True
e0_diagonal,gamma_0p1,main_isgmr,18.0,25.0,0.8704615379249889,19.076499659554706,421.1632893927666,22.07759792986035,24.320586634021836,0.14731058734749425,0.1,0.04731058734749424,nan,1486.12522589808,28.33969049534527,0.0,True,fm^4 / MeV,IS E0 double-commutator EWSR in Sky3D F00 convention,skms_n24_e0,SkM*,e0,18000.0,0.06888011021996635,0.00860905721558295,8,0.01045204479122549,True
e0_diagonal,gamma_0p1,experiment_range,9.0,25.0,3.368018677867682,57.25787324994902,1015.8749381437392,17.742100439342526,16.581044197212762,0.15409349158769103,0.1,0.05409349158769103,nan,1486.12522589808,68.35729051902985,0.0,True,fm^4 / MeV,IS E0 double-commutator EWSR in Sky3D F00 convention,skms_n24_e0,SkM*,e0,18000.0,0.06888011021996635,0.00860905721558295,8,0.01045204479122549,True
e0_diagonal,gamma_0p07,mqc,9.0,18.0,2.5043864254415458,38.30863447810478,596.9827275726487,15.583503189440307,16.581044197212762,0.13255319635498353,0.07,0.06255319635498352,nan,1486.12522589808,40.170418829401555,0.0,True,fm^4 / MeV,IS E0 double-commutator EWSR in Sky3D F00 convention,skms_n24_e0,SkM*,e0,18000.0,0.06888011021996635,0.00860905721558295,8,0.04106207420869087,True
e0_diagonal,gamma_0p07,main_isgmr,18.0,25.0,0.8668802342719266,19.01071438006112,419.95007050078624,22.090178312354197,24.320586634021836,0.08572839832656953,0.07,0.015728398326569526,nan,1486.12522589808,28.258054111624833,0.0,True,fm^4 / MeV,IS E0 double-commutator EWSR in Sky3D F00 convention,skms_n24_e0,SkM*,e0,18000.0,0.06888011021996635,0.00860905721558295,8,0.04106207420869087,True
e0_diagonal,gamma_0p07,experiment_range,9.0,25.0,3.371266659067989,57.3193488581659,1016.9327982874137,17.741527399478443,16.581044197212762,0.13255319635498353,0.07,0.06255319635498352,nan,1486.12522589808,68.42847295542481,0.0,True,fm^4 / MeV,IS E0 double-commutator EWSR in Sky3D F00 convention,skms_n24_e0,SkM*,e0,18000.0,0.06888011021996635,0.00860905721558295,8,0.04106207420869087,True
q20_from_e0,gamma_1,mqc,9.0,18.0,10.548166392820525,156.80577781137325,2393.825459876285,nan,16.566320215241657,nan,1.0,nan,nan,nan,nan,0.0,False,fm^4 / MeV,,skms_n24_e0,SkM*,e0,2000.0,0.6199209919796971,0.07741271128617595,8,0.00629669291410834,True
q20_from_e0,gamma_1,main_isgmr,18.0,25.0,-0.4851841158173814,-12.927507712854162,-330.6861053217225,nan,18.0,nan,1.0,nan,nan,nan,nan,0.7270447408713088,False,fm^4 / MeV,,skms_n24_e0,SkM*,e0,2000.0,0.6199209919796971,0.07741271128617595,8,0.00629669291410834,True
q20_from_e0,gamma_1,experiment_range,9.0,25.0,10.062985930638087,143.87827009851912,2063.138215050884,nan,16.566320215241657,nan,1.0,nan,nan,nan,nan,0.1117166804545716,False,fm^4 / MeV,,skms_n24_e0,SkM*,e0,2000.0,0.6199209919796971,0.07741271128617595,8,0.00629669291410834,True
q20_from_e0,gamma_0p5,mqc,9.0,18.0,11.134569304130084,167.32436963763655,2578.2675405264044,nan,16.566320215241657,nan,0.5,nan,nan,nan,nan,0.0,False,fm^4 / MeV,,skms_n24_e0,SkM*,e0,2000.0,0.6199209919796971,0.07741271128617595,8,0.07935170391433533,False
q20_from_e0,gamma_0p5,main_isgmr,18.0,25.0,-0.8654116904313889,-20.596769587712654,-486.7089702629447,nan,18.0,nan,0.5,nan,nan,nan,nan,0.8371114659108848,False,fm^4 / MeV,,skms_n24_e0,SkM*,e0,2000.0,0.6199209919796971,0.07741271128617595,8,0.07935170391433533,False
q20_from_e0,gamma_0p5,experiment_range,9.0,25.0,10.269164310432357,146.72760004992395,2091.556442209121,nan,16.566320215241657,nan,0.5,nan,nan,nan,nan,0.12923845250451332,False,fm^4 / MeV,,skms_n24_e0,SkM*,e0,2000.0,0.6199209919796971,0.07741271128617595,8,0.07935170391433533,False
q20_from_e0,gamma_0p2,mqc,9.0,18.0,11.541554769226826,174.69342273510105,2708.292817668979,nan,16.566320215241657,nan,0.2,nan,nan,nan,nan,0.003377244255372732,False,fm^4 / MeV,,skms_n24_e0,SkM*,e0,2000.0,0.6199209919796971,0.07741271128617595,8,0.36292969413815185,False
q20_from_e0,gamma_0p2,main_isgmr,18.0,25.0,-1.1426176468764746,-26.051667387075074,-594.7796576344792,nan,18.0,nan,0.2,nan,nan,nan,nan,0.8606473556560844,False,fm^4 / MeV,,skms_n24_e0,SkM*,e0,2000.0,0.6199209919796971,0.07741271128617595,8,0.36292969413815185,False
q20_from_e0,gamma_0p2,experiment_range,9.0,25.0,10.39895082897512,148.64175534802604,2113.5087677092542,nan,16.566320215241657,nan,0.2,nan,nan,nan,nan,0.1494287233893296,False,fm^4 / MeV,,skms_n24_e0,SkM*,e0,2000.0,0.6199209919796971,0.07741271128617595,8,0.36292969413815185,False
q20_from_e0,gamma_0p1,mqc,9.0,18.0,11.692470180428382,177.45672678360702,2757.39981540808,nan,16.566320215241657,nan,0.1,nan,nan,nan,nan,0.03676413746936619,False,fm^4 / MeV,,skms_n24_e0,SkM*,e0,2000.0,0.6199209919796971,0.07741271128617595,8,0.6024364648144664,False
q20_from_e0,gamma_0p1,main_isgmr,18.0,25.0,-1.248235626131427,-28.080835988743093,-633.892696320129,nan,18.0,nan,0.1,nan,nan,nan,nan,0.8334880808139029,False,fm^4 / MeV,,skms_n24_e0,SkM*,e0,2000.0,0.6199209919796971,0.07741271128617595,8,0.6024364648144664,False
q20_from_e0,gamma_0p1,experiment_range,9.0,25.0,10.44425318726466,149.37589079486398,2123.5011385614803,nan,16.566320215241657,nan,0.1,nan,nan,nan,nan,0.18033177336968986,False,fm^4 / MeV,,skms_n24_e0,SkM*,e0,2000.0,0.6199209919796971,0.07741271128617595,8,0.6024364648144664,False
q20_from_e0,gamma_0p07,mqc,9.0,18.0,11.73986196930961,178.32899419303635,2772.9523324905995,nan,16.566320215241657,nan,0.07,nan,nan,nan,nan,0.05174695734092075,False,fm^4 / MeV,,skms_n24_e0,SkM*,e0,2000.0,0.6199209919796971,0.07741271128617595,8,0.7013549652802368,False
q20_from_e0,gamma_0p07,main_isgmr,18.0,25.0,-1.2816747884739927,-28.716032996715285,-645.9710880081201,nan,18.0,nan,0.07,nan,nan,nan,nan,0.8213791714986207,False,fm^4 / MeV,,skms_n24_e0,SkM*,e0,2000.0,0.6199209919796971,0.07741271128617595,8,0.7013549652802368,False
q20_from_e0,gamma_0p07,experiment_range,9.0,25.0,10.45820774557173,149.61296119632107,2126.974641518429,nan,16.566320215241657,nan,0.07,nan,nan,nan,nan,0.19290229528057223,False,fm^4 / MeV,,skms_n24_e0,SkM*,e0,2000.0,0.6199209919796971,0.07741271128617595,8,0.7013549652802368,False
q20_from_e0,gamma_1,mqc,9.0,18.0,10.549024864289308,156.8188543071605,2394.0347248847465,nan,16.53587353668982,nan,1.0,nan,nan,nan,nan,0.0,False,fm^4 / MeV,,skms_n24_e0,SkM*,e0,4000.0,0.30996049598984854,0.03872569914915649,8,3.964834165458217e-05,True
q20_from_e0,gamma_1,main_isgmr,18.0,25.0,-0.4858952019136204,-12.940571424924814,-330.92962712768906,nan,18.0,nan,1.0,nan,nan,nan,nan,0.7274455682229787,False,fm^4 / MeV,,skms_n24_e0,SkM*,e0,4000.0,0.30996049598984854,0.03872569914915649,8,3.964834165458217e-05,True
q20_from_e0,gamma_1,experiment_range,9.0,25.0,10.063129953734649,143.87828288223568,2063.105006880665,nan,16.53587353668982,nan,1.0,nan,nan,nan,nan,0.11169909096160396,False,fm^4 / MeV,,skms_n24_e0,SkM*,e0,4000.0,0.30996049598984854,0.03872569914915649,8,3.964834165458217e-05,True
q20_from_e0,gamma_0p5,mqc,9.0,18.0,11.13893755613521,167.38295486911744,2579.130745587063,nan,16.613324934988135,nan,0.5,nan,nan,nan,nan,0.0,False,fm^4 / MeV,,skms_n24_e0,SkM*,e0,4000.0,0.30996049598984854,0.03872569914915649,8,0.00629669291410834,True
q20_from_e0,gamma_0p5,main_isgmr,18.0,25.0,-0.8687810010294612,-20.66355685139432,-488.0717918468676,nan,18.0,nan,0.5,nan,nan,nan,nan,0.8409422217633259,False,fm^4 / MeV,,skms_n24_e0,SkM*,e0,4000.0,0.30996049598984854,0.03872569914915649,8,0.00629669291410834,True
q20_from_e0,gamma_0p5,experiment_range,9.0,25.0,10.270157130576864,146.71939801772308,2091.0587702649395,nan,16.613324934988135,nan,0.5,nan,nan,nan,nan,0.12890902119483144,False,fm^4 / MeV,,skms_n24_e0,SkM*,e0,4000.0,0.30996049598984854,0.03872569914915649,8,0.00629669291410834,True
q20_from_e0,gamma_0p2,mqc,9.0,18.0,11.55776697708431,174.91517058338746,2711.615854072398,nan,16.613324934988135,nan,0.2,nan,nan,nan,nan,0.0,False,fm^4 / MeV,,skms_n24_e0,SkM*,e0,4000.0,0.30996049598984854,0.03872569914915649,8,0.13171796288721244,False
q20_from_e0,gamma_0p2,main_isgmr,18.0,25.0,-1.1566621799298806,-26.332889499218354,-600.5827572146053,nan,21.72511722267679,nan,0.2,nan,nan,nan,nan,0.8968806538857614,False,fm^4 / MeV,,skms_n24_e0,SkM*,e0,4000.0,0.30996049598984854,0.03872569914915649,8,0.13171796288721244,False
q20_from_e0,gamma_0p2,experiment_range,9.0,25.0,10.401106498832377,148.58228108416913,2111.0325475926197,nan,16.613324934988135,nan,0.2,nan,nan,nan,nan,0.14298551848597296,False,fm^4 / MeV,,skms_n24_e0,SkM*,e0,4000.0,0.30996049598984854,0.03872569914915649,8,0.13171796288721244,False
q20_from_e0,gamma_0p1,mqc,9.0,18.0,11.720843753941185,177.87380404226656,2764.0050697020843,nan,16.613324934988135,nan,0.1,nan,nan,nan,nan,0.02908013258016405,False,fm^4 / MeV,,skms_n24_e0,SkM*,e0,4000.0,0.30996049598984854,0.03872569914915649,8,0.36292969413815185,False
q20_from_e0,gamma_0p1,main_isgmr,18.0,25.0,-1.2757138399953072,-28.623440529671242,-644.9104242703725,nan,21.72511722267679,nan,0.1,nan,nan,nan,nan,0.8757669585556769,False,fm^4 / MeV,,skms_n24_e0,SkM*,e0,4000.0,0.30996049598984854,0.03872569914915649,8,0.36292969413815185,False
q20_from_e0,gamma_0p1,experiment_range,9.0,25.0,10.44513309442737,149.25036351259536,2119.0936166241,nan,16.613324934988135,nan,0.1,nan,nan,nan,nan,0.17119641632966104,False,fm^4 / MeV,,skms_n24_e0,SkM*,e0,4000.0,0.30996049598984854,0.03872569914915649,8,0.36292969413815185,False
q20_from_e0,gamma_0p07,mqc,9.0,18.0,11.774115439434286,178.84685274993484,2781.317716804479,nan,16.613324934988135,nan,0.07,nan,nan,nan,nan,0.061032997259478396,False,fm^4 / MeV,,skms_n24_e0,SkM*,e0,4000.0,0.30996049598984854,0.03872569914915649,8,0.49189878732324216,False
q20_from_e0,gamma_0p07,main_isgmr,18.0,25.0,-1.31614700719174,-29.39299478681169,-659.627327621849,nan,21.72511722267679,nan,0.07,nan,nan,nan,nan,0.8569607042622001,False,fm^4 / MeV,,skms_n24_e0,SkM*,e0,4000.0,0.30996049598984854,0.03872569914915649,8,0.49189878732324216,False
q20_from_e0,gamma_0p07,experiment_range,9.0,25.0,10.457972384648498,149.45385796312314,2121.689110178847,nan,16.613324934988135,nan,0.07,nan,nan,nan,nan,0.19492612473188045,False,fm^4 / MeV,,skms_n24_e0,SkM*,e0,4000.0,0.30996049598984854,0.03872569914915649,8,0.49189878732324216,False
q20_from_e0,gamma_1,mqc,9.0,18.0,10.549144501152163,156.82084714135607,2394.0681478899605,nan,16.559374160917304,nan,1.0,nan,nan,nan,nan,0.0,False,fm^4 / MeV,,skms_n24_e0,SkM*,e0,8000.0,0.15498024799492427,0.01936768907709626,8,1.5719909959584757e-09,True
q20_from_e0,gamma_1,main_isgmr,18.0,25.0,-0.48600100363222365,-12.942394419303287,-330.96078460143815,nan,18.0,nan,1.0,nan,nan,nan,nan,0.7274921132238079,False,fm^4 / MeV,,skms_n24_e0,SkM*,e0,8000.0,0.15498024799492427,0.01936768907709626,8,1.5719909959584757e-09,True
q20_from_e0,gamma_1,experiment_range,9.0,25.0,10.063143552238108,143.8784527220528,2063.10734620195,nan,16.559374160917304,nan,1.0,nan,nan,nan,nan,0.11169900808979846,False,fm^4 / MeV,,skms_n24_e0,SkM*,e0,8000.0,0.15498024799492427,0.01936768907709626,8,1.5719909959584757e-09,True
q20_from_e0,gamma_0p5,mqc,9.0,18.0,11.13886452311515,167.38107467476203,2579.090876360154,nan,16.598109539071498,nan,0.5,nan,nan,nan,nan,0.0,False,fm^4 / MeV,,skms_n24_e0,SkM*,e0,8000.0,0.15498024799492427,0.01936768907709626,8,3.964834165458217e-05,True
q20_from_e0,gamma_0p5,main_isgmr,18.0,25.0,-0.8686188278369446,-20.66034937999657,-488.00718806049275,nan,18.0,nan,0.5,nan,nan,nan,nan,0.8409347652843473,False,fm^4 / MeV,,skms_n24_e0,SkM*,e0,8000.0,0.15498024799492427,0.01936768907709626,8,3.964834165458217e-05,True
q20_from_e0,gamma_0p5,experiment_range,9.0,25.0,10.270245792727343,146.72072529476543,2091.083657234101,nan,16.598109539071498,nan,0.5,nan,nan,nan,nan,0.128894548326939,False,fm^4 / MeV,,skms_n24_e0,SkM*,e0,8000.0,0.15498024799492427,0.01936768907709626,8,3.964834165458217e-05,True
q20_from_e0,gamma_0p2,mqc,9.0,18.0,11.550857926582767,174.78286412093726,2709.1584830630536,nan,16.598109539071498,nan,0.2,nan,nan,nan,nan,0.0,False,fm^4 / MeV,,skms_n24_e0,SkM*,e0,8000.0,0.15498024799492427,0.01936768907709626,8,0.017349621747157075,True
q20_from_e0,gamma_0p2,main_isgmr,18.0,25.0,-1.1488223440471956,-26.191212856430088,-598.019745231157,nan,21.691811766347815,nan,0.2,nan,nan,nan,nan,0.8992006723678444,False,fm^4 / MeV,,skms_n24_e0,SkM*,e0,8000.0,0.15498024799492427,0.01936768907709626,8,0.017349621747157075,True
q20_from_e0,gamma_0p2,experiment_range,9.0,25.0,10.402035693176497,148.59165126450714,2111.1387021780724,nan,16.598109539071498,nan,0.2,nan,nan,nan,nan,0.14209863702859984,False,fm^4 / MeV,,skms_n24_e0,SkM*,e0,8000.0,0.15498024799492427,0.01936768907709626,8,0.017349621747157075,True
q20_from_e0,gamma_0p1,mqc,9.0,18.0,11.697054707342938,177.4420884507368,2756.191669152708,nan,16.598109539071498,nan,0.1,nan,nan,nan,nan,0.0009297318012645994,False,fm^4 / MeV,,skms_n24_e0,SkM*,e0,8000.0,0.15498024799492427,0.01936768907709626,8,0.13171796288721244,False
q20_from_e0,gamma_0p1,main_isgmr,18.0,25.0,-1.2521891109449923,-28.20422059613609,-637.4725612743268,nan,21.67244407727072,nan,0.1,nan,nan,nan,nan,0.9078171144834705,False,fm^4 / MeV,,skms_n24_e0,SkM*,e0,8000.0,0.15498024799492427,0.01936768907709626,8,0.13171796288721244,False
q20_from_e0,gamma_0p1,experiment_range,9.0,25.0,10.444865580762869,149.23786785460072,2118.719112928896,nan,16.598109539071498,nan,0.1,nan,nan,nan,nan,0.1486075830267466,False,fm^4 / MeV,,skms_n24_e0,SkM*,e0,8000.0,0.15498024799492427,0.01936768907709626,8,0.13171796288721244,False
q20_from_e0,gamma_0p07,mqc,9.0,18.0,11.739060878177744,178.22571094288423,2770.211275957371,nan,16.598109539071498,nan,0.07,nan,nan,nan,nan,0.009070120599390021,False,fm^4 / MeV,,skms_n24_e0,SkM*,e0,8000.0,0.15498024799492427,0.01936768907709626,8,0.24196441697007623,False
q20_from_e0,gamma_0p07,main_isgmr,18.0,25.0,-1.2835193777778948,-28.814663269061114,-649.4445057970554,nan,24.325817480832907,nan,0.07,nan,nan,nan,nan,0.8986639938102309,False,fm^4 / MeV,,skms_n24_e0,SkM*,e0,8000.0,0.15498024799492427,0.01936768907709626,8,0.24196441697007623,False
q20_from_e0,gamma_0p07,experiment_range,9.0,25.0,10.455541394760957,149.41104767382313,2120.7668043231706,nan,16.598109539071498,nan,0.07,nan,nan,nan,nan,0.15677492367325563,False,fm^4 / MeV,,skms_n24_e0,SkM*,e0,8000.0,0.15498024799492427,0.01936768907709626,8,0.24196441697007623,False
q20_from_e0,gamma_1,mqc,9.0,18.0,10.549167189839972,156.82122510078267,2394.0744927122187,nan,16.55429744455032,nan,1.0,nan,nan,nan,nan,0.0,False,fm^4 / MeV,,skms_n24_e0,SkM*,e0,12000.0,0.10332016532994952,0.012912868521490109,8,6.232683608568877e-14,True
q20_from_e0,gamma_1,main_isgmr,18.0,25.0,-0.486021052446193,-12.942740519448721,-330.9667134283927,nan,18.0,nan,1.0,nan,nan,nan,nan,0.7275009000889371,False,fm^4 / MeV,,skms_n24_e0,SkM*,e0,12000.0,0.10332016532994952,0.012912868521490109,8,6.232683608568877e-14,True
q20_from_e0,gamma_1,experiment_range,9.0,25.0,10.06314614015862,143.87848458133396,2063.107778421025,nan,16.55429744455032,nan,1.0,nan,nan,nan,nan,0.11169900582079112,False,fm^4 / MeV,,skms_n24_e0,SkM*,e0,12000.0,0.10332016532994952,0.012912868521490109,8,6.232683608568877e-14,True
q20_from_e0,gamma_0p5,mqc,9.0,18.0,11.138905285234735,167.38176752349082,2579.1028428624045,nan,16.59303605011479,nan,0.5,nan,nan,nan,nan,0.0,False,fm^4 / MeV,,skms_n24_e0,SkM*,e0,12000.0,0.10332016532994952,0.012912868521490109,8,2.4965343195255453e-07,True
q20_from_e0,gamma_0p5,main_isgmr,18.0,25.0,-0.8686525452547709,-20.66092183100821,-488.0166800073649,nan,18.0,nan,0.5,nan,nan,nan,nan,0.8409329291280111,False,fm^4 / MeV,,skms_n24_e0,SkM*,e0,12000.0,0.10332016532994952,0.012912868521490109,8,2.4965343195255453e-07,True
q20_from_e0,gamma_0p5,experiment_range,9.0,25.0,10.27025274504877,146.7208456924826,2091.0861612396784,nan,16.59303605011479,nan,0.5,nan,nan,nan,nan,0.12889742686394157,False,fm^4 / MeV,,skms_n24_e0,SkM*,e0,12000.0,0.10332016532994952,0.012912868521490109,8,2.4965343195255453e-07,True
q20_from_e0,gamma_0p2,mqc,9.0,18.0,11.55176074231169,174.79460574166401,2709.3291696855117,nan,16.59303605011479,nan,0.2,nan,nan,nan,nan,0.0,False,fm^4 / MeV,,skms_n24_e0,SkM*,e0,12000.0,0.10332016532994952,0.012912868521490109,8,0.0022852568333992076,True
q20_from_e0,gamma_0p2,main_isgmr,18.0,25.0,-1.1491471072006254,-26.19649762568354,-598.1009183951238,nan,21.68070624758189,nan,0.2,nan,nan,nan,nan,0.8993202630619821,False,fm^4 / MeV,,skms_n24_e0,SkM*,e0,12000.0,0.10332016532994952,0.012912868521490109,8,0.0022852568333992076,True
q20_from_e0,gamma_0p2,experiment_range,9.0,25.0,10.402613643162425,148.59810811598047,2111.228248692917,nan,16.59303605011479,nan,0.2,nan,nan,nan,nan,0.14209779896874367,False,fm^4 / MeV,,skms_n24_e0,SkM*,e0,12000.0,0.10332016532994952,0.012912868521490109,8,0.0022852568333992076,True
q20_from_e0,gamma_0p1,mqc,9.0,18.0,11.703450463595011,177.52146819971338,2757.2984295988053,nan,16.59303605011479,nan,0.1,nan,nan,nan,nan,0.00031700969665885093,False,fm^4 / MeV,,skms_n24_e0,SkM*,e0,12000.0,0.10332016532994952,0.012912868521490109,8,0.04780435998315643,True
q20_from_e0,gamma_0p1,main_isgmr,18.0,25.0,-1.253955365721993,-28.231256187088334,-637.8408941252095,nan,21.667793379060402,nan,0.1,nan,nan,nan,nan,0.9088775430821846,False,fm^4 / MeV,,skms_n24_e0,SkM*,e0,12000.0,0.10332016532994952,0.012912868521490109,8,0.04780435998315643,True
q20_from_e0,gamma_0p1,experiment_range,9.0,25.0,10.44949510874653,149.2902120126251,2119.4575319447135,nan,16.59303605011479,nan,0.1,nan,nan,nan,nan,0.14816094720680886,False,fm^4 / MeV,,skms_n24_e0,SkM*,e0,12000.0,0.10332016532994952,0.012912868521490109,8,0.04780435998315643,True
q20_from_e0,gamma_0p07,mqc,9.0,18.0,11.750632894251574,178.36646357816767,2772.1360794968623,nan,16.580123181593297,nan,0.07,nan,nan,nan,nan,0.0018524365334873045,False,fm^4 / MeV,,skms_n24_e0,SkM*,e0,12000.0,0.10332016532994952,0.012912868521490109,8,0.11902200328295581,False
q20_from_e0,gamma_0p07,main_isgmr,18.0,25.0,-1.2862845675611638,-28.855016698930385,-649.9366360603727,nan,21.667793379060402,nan,0.07,nan,nan,nan,nan,0.9022558278783136,False,fm^4 / MeV,,skms_n24_e0,SkM*,e0,12000.0,0.10332016532994952,0.012912868521490109,8,0.11902200328295581,False
q20_from_e0,gamma_0p07,experiment_range,9.0,25.0,10.464348340165975,149.5114468792373,2122.1994390541836,nan,16.580123181593297,nan,0.07,nan,nan,nan,nan,0.1521310861880761,False,fm^4 / MeV,,skms_n24_e0,SkM*,e0,12000.0,0.10332016532994952,0.012912868521490109,8,0.11902200328295581,False
q20_from_e0,gamma_1,mqc,9.0,18.0,10.54917724080179,156.8213927356811,2394.07731032933,nan,16.555217025566016,nan,1.0,nan,nan,nan,nan,0.0,False,fm^4 / MeV,,skms_n24_e0,SkM*,e0,18000.0,0.06888011021996635,0.00860905721558295,8,1.5560108531536548e-20,True
q20_from_e0,gamma_1,main_isgmr,18.0,25.0,-0.48602997140927223,-12.942894321175276,-330.96934556529163,nan,18.0,nan,1.0,nan,nan,nan,nan,0.7275045235898364,False,fm^4 / MeV,,skms_n24_e0,SkM*,e0,18000.0,0.06888011021996635,0.00860905721558295,8,1.5560108531536548e-20,True
q20_from_e0,gamma_1,experiment_range,9.0,25.0,10.063147272392223,143.8784984145058,2063.1079638277047,nan,16.555217025566016,nan,1.0,nan,nan,nan,nan,0.11169907872874932,False,fm^4 / MeV,,skms_n24_e0,SkM*,e0,18000.0,0.06888011021996635,0.00860905721558295,8,1.5560108531536548e-20,True
q20_from_e0,gamma_0p5,mqc,9.0,18.0,11.138922368171032,167.38206183363548,2579.1079641047395,nan,16.59826231164393,nan,0.5,nan,nan,nan,nan,0.0,False,fm^4 / MeV,,skms_n24_e0,SkM*,e0,18000.0,0.06888011021996635,0.00860905721558295,8,1.247401640672985e-10,True
q20_from_e0,gamma_0p5,main_isgmr,18.0,25.0,-0.8686671399451709,-20.661169382997674,-488.02078180703893,nan,18.0,nan,0.5,nan,nan,nan,nan,0.8409456204737161,False,fm^4 / MeV,,skms_n24_e0,SkM*,e0,18000.0,0.06888011021996635,0.00860905721558295,8,1.247401640672985e-10,True
q20_from_e0,gamma_0p5,experiment_range,9.0,25.0,10.270255233666685,146.7208924506378,2091.087180563545,nan,16.59826231164393,nan,0.5,nan,nan,nan,nan,0.12889642522964004,False,fm^4 / MeV,,skms_n24_e0,SkM*,e0,18000.0,0.06888011021996635,0.00860905721558295,8,1.247401640672985e-10,True
q20_from_e0,gamma_0p2,mqc,9.0,18.0,11.551788061961194,174.79523037834218,2709.3415928829977,nan,16.59826231164393,nan,0.2,nan,nan,nan,nan,0.0,False,fm^4 / MeV,,skms_n24_e0,SkM*,e0,18000.0,0.06888011021996635,0.00860905721558295,8,0.0001092452403177839,True
q20_from_e0,gamma_0p2,main_isgmr,18.0,25.0,-1.149188653522815,-26.197239206307582,-598.1141125575698,nan,21.68621512605345,nan,0.2,nan,nan,nan,nan,0.899345507491516,False,fm^4 / MeV,,skms_n24_e0,SkM*,e0,18000.0,0.06888011021996635,0.00860905721558295,8,0.0001092452403177839,True
q20_from_e0,gamma_0p2,experiment_range,9.0,25.0,10.402599416810567,148.5979911720346,2111.2274776240497,nan,16.59826231164393,nan,0.2,nan,nan,nan,nan,0.14209718345977393,False,fm^4 / MeV,,skms_n24_e0,SkM*,e0,18000.0,0.06888011021996635,0.00860905721558295,8,0.0001092452403177839,True
q20_from_e0,gamma_0p1,mqc,9.0,18.0,11.703814160469872,177.53062508165758,2757.4868594686664,nan,16.581044197212762,nan,0.1,nan,nan,nan,nan,0.00019141131800996073,False,fm^4 / MeV,,skms_n24_e0,SkM*,e0,18000.0,0.06888011021996635,0.00860905721558295,8,0.01045204479122549,True
q20_from_e0,gamma_0p1,main_isgmr,18.0,25.0,-1.254696810515263,-28.245231535150403,-638.1080875761645,nan,21.668997011622288,nan,0.1,nan,nan,nan,nan,0.908455985496761,False,fm^4 / MeV,,skms_n24_e0,SkM*,e0,18000.0,0.06888011021996635,0.00860905721558295,8,0.01045204479122549,True
q20_from_e0,gamma_0p1,experiment_range,9.0,25.0,10.449117367384964,149.28539354650715,2119.3787662390555,nan,16.581044197212762,nan,0.1,nan,nan,nan,nan,0.148200923590572,False,fm^4 / MeV,,skms_n24_e0,SkM*,e0,18000.0,0.06888011021996635,0.00860905721558295,8,0.01045204479122549,True
q20_from_e0,gamma_0p07,mqc,9.0,18.0,11.751882372838505,178.39475312935096,2772.6977310198395,nan,16.581044197212762,nan,0.07,nan,nan,nan,nan,0.0005329857223739947,False,fm^4 / MeV,,skms_n24_e0,SkM*,e0,18000.0,0.06888011021996635,0.00860905721558295,8,0.04106207420869087,True
q20_from_e0,gamma_0p07,main_isgmr,18.0,25.0,-1.2884152476322117,-28.895059690612634,-650.6994696119543,nan,21.6603879544067,nan,0.07,nan,nan,nan,nan,0.9029238564598362,False,fm^4 / MeV,,skms_n24_e0,SkM*,e0,18000.0,0.06888011021996635,0.00860905721558295,8,0.04106207420869087,True
q20_from_e0,gamma_0p07,experiment_range,9.0,25.0,10.463467161750183,149.49969343873832,2121.9982495521035,nan,16.581044197212762,nan,0.07,nan,nan,nan,nan,0.15142135919199134,False,fm^4 / MeV,,skms_n24_e0,SkM*,e0,18000.0,0.06888011021996635,0.00860905721558295,8,0.04106207420869087,True
e2k0_diagonal,gamma_1,mqc,9.0,18.0,53.20324934248584,793.9212262390027,12213.436991495248,15.383688693339588,16.87597106038636,1.8680234301391465,1.0,0.8680234301391465,nan,23414.50646787574,52.1618382529303,0.0,True,fm^4 / MeV,IS E2 K=0 double-commutator EWSR in Sky3D F20 convention,sly5_n24_e2,SLy5,e2,2000.0,0.6199209919796971,0.07741271128617595,8,0.00629669291410834,True
e2k0_diagonal,gamma_1,main_isgmr,18.0,25.0,16.293764787356817,329.44119031023473,6716.999077954061,20.38906874889768,18.0,nan,1.0,nan,nan,23414.50646787574,28.68733999228067,0.0,True,fm^4 / MeV,IS E2 K=0 double-commutator EWSR in Sky3D F20 convention,sly5_n24_e2,SLy5,e2,2000.0,0.6199209919796971,0.07741271128617595,8,0.00629669291410834,True
e2k0_diagonal,gamma_1,experiment_range,9.0,25.0,69.49704294215296,1123.3624165492374,18930.42724678305,16.85157609681641,16.87597106038636,1.8680234301391465,1.0,0.8680234301391465,nan,23414.50646787574,80.84914056486835,0.0,True,fm^4 / MeV,IS E2 K=0 double-commutator EWSR in Sky3D F20 convention,sly5_n24_e2,SLy5,e2,2000.0,0.6199209919796971,0.07741271128617595,8,0.00629669291410834,True
e2k0_diagonal,gamma_0p5,mqc,9.0,18.0,55.427335987910595,839.9776316340623,13097.641819913366,15.592845959997392,16.87597106038636,0.6540173145760697,0.5,0.1540173145760697,nan,23414.50646787574,55.938150299614826,0.0,True,fm^4 / MeV,IS E2 K=0 double-commutator EWSR in Sky3D F20 convention,sly5_n24_e2,SLy5,e2,2000.0,0.6199209919796971,0.07741271128617595,8,0.07935170391433533,False
e2k0_diagonal,gamma_0p5,main_isgmr,18.0,25.0,14.955577587196037,303.15921119832717,6197.097892146632,20.441727195590577,18.0,nan,0.5,nan,nan,23414.50646787574,26.466916570071348,0.0,True,fm^4 / MeV,IS E2 K=0 double-commutator EWSR in Sky3D F20 convention,sly5_n24_e2,SLy5,e2,2000.0,0.6199209919796971,0.07741271128617595,8,0.07935170391433533,False
e2k0_diagonal,gamma_0p5,experiment_range,9.0,25.0,70.38296652403601,1143.1368428323894,19294.723118088594,16.878751865158502,16.87597106038636,0.6540173145760697,0.5,0.1540173145760697,nan,23414.50646787574,82.40499599921351,0.0,True,fm^4 / MeV,IS E2 K=0 double-commutator EWSR in Sky3D F20 convention,sly5_n24_e2,SLy5,e2,2000.0,0.6199209919796971,0.07741271128617595,8,0.07935170391433533,False
e2k0_diagonal,gamma_0p2,mqc,9.0,18.0,57.16103566190001,875.4527217100969,13775.695452344595,15.735510451592804,16.87597106038636,0.4523039571968397,0.2,0.2523039571968397,nan,23414.50646787574,58.834020145778375,0.00730330159790503,True,fm^4 / MeV,IS E2 K=0 double-commutator EWSR in Sky3D F20 convention,sly5_n24_e2,SLy5,e2,2000.0,0.6199209919796971,0.07741271128617595,8,0.36292969413815185,False
e2k0_diagonal,gamma_0p2,main_isgmr,18.0,25.0,13.7150238533113,279.25814243506346,5733.562759732645,20.531407642181403,18.0,nan,0.2,nan,nan,23414.50646787574,24.487224480255367,0.0,True,fm^4 / MeV,IS E2 K=0 double-commutator EWSR in Sky3D F20 convention,sly5_n24_e2,SLy5,e2,2000.0,0.6199209919796971,0.07741271128617595,8,0.36292969413815185,False
e2k0_diagonal,gamma_0p2,experiment_range,9.0,25.0,70.87613737738621,1154.7108641451603,19509.233575647184,16.895340800391615,16.87597106038636,0.4523039571968397,0.2,0.2523039571968397,nan,23414.50646787574,83.32113940737331,0.005556681969390938,True,fm^4 / MeV,IS E2 K=0 double-commutator EWSR in Sky3D F20 convention,sly5_n24_e2,SLy5,e2,2000.0,0.6199209919796971,0.07741271128617595,8,0.36292969413815185,False
e2k0_diagonal,gamma_0p1,mqc,9.0,18.0,57.826342504059596,889.0835625003401,14036.436291732358,15.787533235074276,16.87597106038636,0.4115399999738045,0.1,0.31153999997380455,nan,23414.50646787574,59.94760688631248,0.05575405781095814,True,fm^4 / MeV,IS E2 K=0 double-commutator EWSR in Sky3D F20 convention,sly5_n24_e2,SLy5,e2,2000.0,0.6199209919796971,0.07741271128617595,8,0.6024364648144664,False
e2k0_diagonal,gamma_0p1,main_isgmr,18.0,25.0,13.188983640323187,269.18651940645134,5539.415375339098,20.57835358008771,18.0,nan,0.1,nan,nan,23414.50646787574,23.65804883796748,0.02646013761192751,True,fm^4 / MeV,IS E2 K=0 double-commutator EWSR in Sky3D F20 convention,sly5_n24_e2,SLy5,e2,2000.0,0.6199209919796971,0.07741271128617595,8,0.6024364648144664,False
e2k0_diagonal,gamma_0p1,experiment_range,9.0,25.0,71.0154094048959,1158.2700819067913,19575.825278797598,16.900915930221625,16.87597106038636,0.4115399999738045,0.1,0.31153999997380455,nan,23414.50646787574,83.60554302374581,0.04927402801402329,True,fm^4 / MeV,IS E2 K=0 double-commutator EWSR in Sky3D F20 convention,sly5_n24_e2,SLy5,e2,2000.0,0.6199209919796971,0.07741271128617595,8,0.6024364648144664,False
e2k0_diagonal,gamma_0p07,mqc,9.0,18.0,58.034181533174575,893.3596532139798,14118.384760519502,15.803696428114637,16.87597106038636,0.40087782458784105,0.07,0.33087782458784104,nan,23414.50646787574,60.29759704689765,0.07851690696796895,True,fm^4 / MeV,IS E2 K=0 double-commutator EWSR in Sky3D F20 convention,sly5_n24_e2,SLy5,e2,2000.0,0.6199209919796971,0.07741271128617595,8,0.7013549652802368,False
e2k0_diagonal,gamma_0p07,main_isgmr,18.0,25.0,13.0180070604893,265.91585375666904,5476.4043199952675,20.594501014620015,18.0,nan,0.07,nan,nan,23414.50646787574,23.388937654990897,0.04571565305938243,True,fm^4 / MeV,IS E2 K=0 double-commutator EWSR in Sky3D F20 convention,sly5_n24_e2,SLy5,e2,2000.0,0.6199209919796971,0.07741271128617595,8,0.7013549652802368,False
e2k0_diagonal,gamma_0p07,experiment_range,9.0,25.0,71.05227226777933,1159.275506970649,19594.76255436767,16.902593418514947,16.87597106038636,0.40087782458784105,0.07,0.33087782458784104,nan,23414.50646787574,83.68642141251755,0.07141862017537691,True,fm^4 / MeV,IS E2 K=0 double-commutator EWSR in Sky3D F20 convention,sly5_n24_e2,SLy5,e2,2000.0,0.6199209919796971,0.07741271128617595,8,0.7013549652802368,False
e2k0_diagonal,gamma_1,mqc,9.0,18.0,53.20739687121524,793.992982060709,12214.663030746,15.383842561233196,16.884404829032228,1.8592335567973954,1.0,0.8592335567973954,nan,23414.50646787574,52.16707449078325,0.0,True,fm^4 / MeV,IS E2 K=0 double-commutator EWSR in Sky3D F20 convention,sly5_n24_e2,SLy5,e2,4000.0,0.30996049598984854,0.03872569914915649,8,3.964834165458217e-05,True
e2k0_diagonal,gamma_1,main_isgmr,18.0,25.0,16.29018140121938,329.38186928635884,6716.040787377619,20.38983141946654,18.0,nan,1.0,nan,nan,23414.50646787574,28.68324727062644,0.0,True,fm^4 / MeV,IS E2 K=0 double-commutator EWSR in Sky3D F20 convention,sly5_n24_e2,SLy5,e2,4000.0,0.30996049598984854,0.03872569914915649,8,3.964834165458217e-05,True
e2k0_diagonal,gamma_1,experiment_range,9.0,25.0,69.49758053119817,1123.3748513470678,18930.70312730973,16.851635146193132,16.884404829032228,1.8592335567973954,1.0,0.8592335567973954,nan,23414.50646787574,80.85031881104263,0.0,True,fm^4 / MeV,IS E2 K=0 double-commutator EWSR in Sky3D F20 convention,sly5_n24_e2,SLy5,e2,4000.0,0.30996049598984854,0.03872569914915649,8,3.964834165458217e-05,True
e2k0_diagonal,gamma_0p5,mqc,9.0,18.0,55.465866865040105,840.6329682316443,13109.067047006127,15.594281383684443,16.845679129883074,0.561793396249886,0.5,0.061793396249886,nan,23414.50646787574,55.98694580640219,0.0,True,fm^4 / MeV,IS E2 K=0 double-commutator EWSR in Sky3D F20 convention,sly5_n24_e2,SLy5,e2,4000.0,0.30996049598984854,0.03872569914915649,8,0.00629669291410834,True
e2k0_diagonal,gamma_0p5,main_isgmr,18.0,25.0,14.92656156711697,302.6625856284727,6188.820713988239,20.447921242519218,18.0,nan,0.5,nan,nan,23414.50646787574,26.431565928921813,0.0,True,fm^4 / MeV,IS E2 K=0 double-commutator EWSR in Sky3D F20 convention,sly5_n24_e2,SLy5,e2,4000.0,0.30996049598984854,0.03872569914915649,8,0.00629669291410834,True
e2k0_diagonal,gamma_0p5,experiment_range,9.0,25.0,70.39243376053713,1143.295553860117,19297.886083914047,16.879175309270167,16.845679129883074,0.561793396249886,0.5,0.061793396249886,nan,23414.50646787574,82.41850457275441,0.0,True,fm^4 / MeV,IS E2 K=0 double-commutator EWSR in Sky3D F20 convention,sly5_n24_e2,SLy5,e2,4000.0,0.30996049598984854,0.03872569914915649,8,0.00629669291410834,True
e2k0_diagonal,gamma_0p2,mqc,9.0,18.0,57.44152085974447,880.3759150790875,13863.229877666416,15.746943595590107,16.845679129883074,0.27130566196552053,0.2,0.07130566196552052,nan,23414.50646787574,59.20786712582008,7.2506324465180105e-06,True,fm^4 / MeV,IS E2 K=0 double-commutator EWSR in Sky3D F20 convention,sly5_n24_e2,SLy5,e2,4000.0,0.30996049598984854,0.03872569914915649,8,0.13171796288721244,False
e2k0_diagonal,gamma_0p2,main_isgmr,18.0,25.0,13.475779993140986,275.0653529292515,5661.141515143055,20.58107811418596,18.0,nan,0.2,nan,nan,23414.50646787574,24.177923728223927,0.0,True,fm^4 / MeV,IS E2 K=0 double-commutator EWSR in Sky3D F20 convention,sly5_n24_e2,SLy5,e2,4000.0,0.30996049598984854,0.03872569914915649,8,0.13171796288721244,False
e2k0_diagonal,gamma_0p2,experiment_range,9.0,25.0,70.9173207130074,1155.4412680083387,19524.36503052587,16.8977563560461,16.845679129883074,0.27130566196552053,0.2,0.07130566196552052,nan,23414.50646787574,83.38576368164296,5.524559653600918e-06,True,fm^4 / MeV,IS E2 K=0 double-commutator EWSR in Sky3D F20 convention,sly5_n24_e2,SLy5,e2,4000.0,0.30996049598984854,0.03872569914915649,8,0.13171796288721244,False
e2k0_diagonal,gamma_0p1,mqc,9.0,18.0,58.400281662680754,899.3078907744355,14219.630939863582,15.811749330497259,16.845679129883074,0.22334761001236458,0.1,0.12334761001236458,nan,23414.50646787574,60.730004962405026,0.025638884913746728,True,fm^4 / MeV,IS E2 K=0 double-commutator EWSR in Sky3D F20 convention,sly5_n24_e2,SLy5,e2,4000.0,0.30996049598984854,0.03872569914915649,8,0.36292969413815185,False
e2k0_diagonal,gamma_0p1,main_isgmr,18.0,25.0,12.675169431116178,260.13837893996805,5381.9451596454055,20.68877795570254,18.0,nan,0.1,nan,nan,23414.50646787574,22.985516124498854,0.001063076356576472,True,fm^4 / MeV,IS E2 K=0 double-commutator EWSR in Sky3D F20 convention,sly5_n24_e2,SLy5,e2,4000.0,0.30996049598984854,0.03872569914915649,8,0.36292969413815185,False
e2k0_diagonal,gamma_0p1,experiment_range,9.0,25.0,71.07548955666911,1159.4462697144036,19601.563730560498,16.905969894912666,16.845679129883074,0.22334761001236458,0.1,0.12334761001236458,nan,23414.50646787574,83.7154682608983,0.020337964074885157,True,fm^4 / MeV,IS E2 K=0 double-commutator EWSR in Sky3D F20 convention,sly5_n24_e2,SLy5,e2,4000.0,0.30996049598984854,0.03872569914915649,8,0.36292969413815185,False
e2k0_diagonal,gamma_0p07,mqc,9.0,18.0,58.74888582129919,906.1517502476426,14348.133384405231,15.8341396796773,16.845679129883074,0.21199088619516004,0.07,0.14199088619516004,nan,23414.50646787574,61.278820478623366,0.06631475768890925,True,fm^4 / MeV,IS E2 K=0 double-commutator EWSR in Sky3D F20 convention,sly5_n24_e2,SLy5,e2,4000.0,0.30996049598984854,0.03872569914915649,8,0.49189878732324216,False
e2k0_diagonal,gamma_0p07,main_isgmr,18.0,25.0,12.368890857140006,254.47151838870684,5276.858047616754,20.736536965037953,18.0,nan,0.07,nan,nan,23414.50646787574,22.536704136200793,0.009476128116667272,True,fm^4 / MeV,IS E2 K=0 double-commutator EWSR in Sky3D F20 convention,sly5_n24_e2,SLy5,e2,4000.0,0.30996049598984854,0.03872569914915649,8,0.49189878732324216,False
e2k0_diagonal,gamma_0p07,experiment_range,9.0,25.0,71.11782447558895,1160.6232686363494,19624.976047729782,16.90899758608816,16.845679129883074,0.21199088619516004,0.07,0.14199088619516004,nan,23414.50646787574,83.81545891071792,0.05500945641148854,True,fm^4 / MeV,IS E2 K=0 double-commutator EWSR in Sky3D F20 convention,sly5_n24_e2,SLy5,e2,4000.0,0.30996049598984854,0.03872569914915649,8,0.49189878732324216,False
e2k0_diagonal,gamma_1,mqc,9.0,18.0,53.208242765362826,794.0077533704539,12214.915055985563,15.383873777220595,16.869257186150843,1.857768092146383,1.0,0.857768092146383,nan,23414.50646787574,52.16815085444656,0.0,True,fm^4 / MeV,IS E2 K=0 double-commutator EWSR in Sky3D F20 convention,sly5_n24_e2,SLy5,e2,8000.0,0.15498024799492427,0.01936768907709626,8,1.5719909959584757e-09,True
e2k0_diagonal,gamma_1,main_isgmr,18.0,25.0,16.289340221164966,329.3676312047503,6715.8009183729955,20.389984570761115,18.0,nan,1.0,nan,nan,23414.50646787574,28.68222282449962,0.0,True,fm^4 / MeV,IS E2 K=0 double-commutator EWSR in Sky3D F20 convention,sly5_n24_e2,SLy5,e2,8000.0,0.15498024799492427,0.01936768907709626,8,1.5719909959584757e-09,True
e2k0_diagonal,gamma_1,experiment_range,9.0,25.0,69.49758342377683,1123.3753845752044,18930.71584027588,16.85163846405125,16.869257186150843,1.857768092146383,1.0,0.857768092146383,nan,23414.50646787574,80.85037310629828,0.0,True,fm^4 / MeV,IS E2 K=0 double-commutator EWSR in Sky3D F20 convention,sly5_n24_e2,SLy5,e2,8000.0,0.15498024799492427,0.01936768907709626,8,1.5719909959584757e-09,True
e2k0_diagonal,gamma_0p5,mqc,9.0,18.0,55.46982420857953,840.6968035961473,13110.140066761269,15.594373632303112,16.849889497073747,0.5604346697558853,0.5,0.060434669755885295,nan,23414.50646787574,55.99152851992902,0.0,True,fm^4 / MeV,IS E2 K=0 double-commutator EWSR in Sky3D F20 convention,sly5_n24_e2,SLy5,e2,8000.0,0.15498024799492427,0.01936768907709626,8,3.964834165458217e-05,True
e2k0_diagonal,gamma_0p5,main_isgmr,18.0,25.0,14.923345425793944,302.60563350464247,6187.81222982944,20.44843699096074,18.0,nan,0.5,nan,nan,23414.50646787574,26.427258837673993,0.0,True,fm^4 / MeV,IS E2 K=0 double-commutator EWSR in Sky3D F20 convention,sly5_n24_e2,SLy5,e2,8000.0,0.15498024799492427,0.01936768907709626,8,3.964834165458217e-05,True
e2k0_diagonal,gamma_0p5,experiment_range,9.0,25.0,70.39317075608935,1143.3024371007896,19297.95194203052,16.879131291774968,16.849889497073747,0.5604346697558853,0.5,0.060434669755885295,nan,23414.50646787574,82.41878584332727,0.0,True,fm^4 / MeV,IS E2 K=0 double-commutator EWSR in Sky3D F20 convention,sly5_n24_e2,SLy5,e2,8000.0,0.15498024799492427,0.01936768907709626,8,3.964834165458217e-05,True
e2k0_diagonal,gamma_0p2,mqc,9.0,18.0,57.522700394887245,881.6964252313062,13885.733952555333,15.748883124838029,16.849889497073747,0.2075261920070659,0.2,0.0075261920070658905,nan,23414.50646787574,59.30397880308217,0.0,True,fm^4 / MeV,IS E2 K=0 double-commutator EWSR in Sky3D F20 convention,sly5_n24_e2,SLy5,e2,8000.0,0.15498024799492427,0.01936768907709626,8,0.017349621747157075,True
e2k0_diagonal,gamma_0p2,main_isgmr,18.0,25.0,13.410483277878793,273.8941391122065,5640.155825552697,20.592466285823253,18.0,nan,0.2,nan,nan,23414.50646787574,24.088296856868983,0.0,True,fm^4 / MeV,IS E2 K=0 double-commutator EWSR in Sky3D F20 convention,sly5_n24_e2,SLy5,e2,8000.0,0.15498024799492427,0.01936768907709626,8,0.017349621747157075,True
e2k0_diagonal,gamma_0p2,experiment_range,9.0,25.0,70.9331898794022,1155.5905643435128,19525.887778677996,16.89689097606174,16.849889497073747,0.2075261920070659,0.2,0.0075261920070658905,nan,23414.50646787574,83.39226712067216,0.0,True,fm^4 / MeV,IS E2 K=0 double-commutator EWSR in Sky3D F20 convention,sly5_n24_e2,SLy5,e2,8000.0,0.15498024799492427,0.01936768907709626,8,0.017349621747157075,True
e2k0_diagonal,gamma_0p1,mqc,9.0,18.0,58.695081074860184,904.1857445068674,14303.591461155633,15.819306539671944,16.849889497073747,0.13405102075537556,0.1,0.034051020755375555,nan,23414.50646787574,61.08858831075466,0.00062246121439943,True,fm^4 / MeV,IS E2 K=0 double-commutator EWSR in Sky3D F20 convention,sly5_n24_e2,SLy5,e2,8000.0,0.15498024799492427,0.01936768907709626,8,0.13171796288721244,False
e2k0_diagonal,gamma_0p1,main_isgmr,18.0,25.0,12.431615788412872,255.7858130576595,5304.369887562354,20.737545308529825,18.0,nan,0.1,nan,nan,23414.50646787574,22.654203260016818,0.0006595344717269669,True,fm^4 / MeV,IS E2 K=0 double-commutator EWSR in Sky3D F20 convention,sly5_n24_e2,SLy5,e2,8000.0,0.15498024799492427,0.01936768907709626,8,0.13171796288721244,False
e2k0_diagonal,gamma_0p1,experiment_range,9.0,25.0,71.12671400400265,1159.971557564527,19607.955806846963,16.90382464895585,16.849889497073747,0.13405102075537556,0.1,0.034051020755375555,nan,23414.50646787574,83.74276790223492,0.0006306367269748027,True,fm^4 / MeV,IS E2 K=0 double-commutator EWSR in Sky3D F20 convention,sly5_n24_e2,SLy5,e2,8000.0,0.15498024799492427,0.01936768907709626,8,0.13171796288721244,False
e2k0_diagonal,gamma_0p07,mqc,9.0,18.0,59.193270971351076,913.5367689648955,14475.560134287865,15.845623981495285,16.849889497073747,0.11902177599685615,0.07,0.04902177599685614,nan,23414.50646787574,61.82304185718396,0.01235406615512195,True,fm^4 / MeV,IS E2 K=0 double-commutator EWSR in Sky3D F20 convention,sly5_n24_e2,SLy5,e2,8000.0,0.15498024799492427,0.01936768907709626,8,0.24196441697007623,False
e2k0_diagonal,gamma_0p07,main_isgmr,18.0,25.0,11.999678091416214,247.88335541835585,5159.691463304926,20.814997661286498,19.27085063171078,0.14969265704910129,0.07,0.07969265704910128,nan,23414.50646787574,22.036302453711443,0.023366002538201956,True,fm^4 / MeV,IS E2 K=0 double-commutator EWSR in Sky3D F20 convention,sly5_n24_e2,SLy5,e2,8000.0,0.15498024799492427,0.01936768907709626,8,0.24196441697007623,False
e2k0_diagonal,gamma_0p07,experiment_range,9.0,25.0,71.1929735921158,1161.4201243832513,19635.243661013148,16.906236811971937,16.849889497073747,0.11902177599685615,0.07,0.04902177599685614,nan,23414.50646787574,83.85931041490167,0.014746858727779644,True,fm^4 / MeV,IS E2 K=0 double-commutator EWSR in Sky3D F20 convention,sly5_n24_e2,SLy5,e2,8000.0,0.15498024799492427,0.01936768907709626,8,0.24196441697007623,False
e2k0_diagonal,gamma_1,mqc,9.0,18.0,53.20839745647058,794.0104582238239,12214.961219336958,15.383879510430425,16.864206289066082,1.8580494404968704,1.0,0.8580494404968704,nan,23414.50646787574,52.168348011501564,0.0,True,fm^4 / MeV,IS E2 K=0 double-commutator EWSR in Sky3D F20 convention,sly5_n24_e2,SLy5,e2,12000.0,0.10332016532994952,0.012912868521490109,8,6.232683608568877e-14,True
e2k0_diagonal,gamma_1,main_isgmr,18.0,25.0,16.28918608408704,329.36502279963145,6715.756991587857,20.390012681077476,18.0,nan,1.0,nan,nan,23414.50646787574,28.682035219498424,0.0,True,fm^4 / MeV,IS E2 K=0 double-commutator EWSR in Sky3D F20 convention,sly5_n24_e2,SLy5,e2,12000.0,0.10332016532994952,0.012912868521490109,8,6.232683608568877e-14,True
e2k0_diagonal,gamma_1,experiment_range,9.0,25.0,69.49758356227899,1123.3754810234554,18930.7182042739,16.851639121611413,16.864206289066082,1.8580494404968704,1.0,0.8580494404968704,nan,23414.50646787574,80.85038320259488,0.0,True,fm^4 / MeV,IS E2 K=0 double-commutator EWSR in Sky3D F20 convention,sly5_n24_e2,SLy5,e2,12000.0,0.10332016532994952,0.012912868521490109,8,6.232683608568877e-14,True
e2k0_diagonal,gamma_0p5,mqc,9.0,18.0,55.470215757539236,840.7037103458205,13110.261194260738,15.594389596386911,16.85129342054459,0.5599505309477486,0.5,0.059950530947748604,nan,23414.50646787574,55.992045838112226,0.0,True,fm^4 / MeV,IS E2 K=0 double-commutator EWSR in Sky3D F20 convention,sly5_n24_e2,SLy5,e2,12000.0,0.10332016532994952,0.012912868521490109,8,2.4965343195255453e-07,True
e2k0_diagonal,gamma_0p5,main_isgmr,18.0,25.0,14.92295830250649,302.5988670310167,6187.694198321744,20.44850418322121,18.0,nan,0.5,nan,nan,23414.50646787574,26.42675474202774,0.0,True,fm^4 / MeV,IS E2 K=0 double-commutator EWSR in Sky3D F20 convention,sly5_n24_e2,SLy5,e2,12000.0,0.10332016532994952,0.012912868521490109,8,2.4965343195255453e-07,True
e2k0_diagonal,gamma_0p5,experiment_range,9.0,25.0,70.39317411435374,1143.3025773768372,19297.955375448037,16.879132223881406,16.85129342054459,0.5599505309477486,0.5,0.059950530947748604,nan,23414.50646787574,82.41880050696122,0.0,True,fm^4 / MeV,IS E2 K=0 double-commutator EWSR in Sky3D F20 convention,sly5_n24_e2,SLy5,e2,12000.0,0.10332016532994952,0.012912868521490109,8,2.4965343195255453e-07,True
e2k0_diagonal,gamma_0p2,mqc,9.0,18.0,57.51935223764262,881.6450234401772,13884.88350151831,15.748836699990118,16.85129342054459,0.2048807339980243,0.2,0.0048807339980243,nan,23414.50646787574,59.300346648638985,0.0,True,fm^4 / MeV,IS E2 K=0 double-commutator EWSR in Sky3D F20 convention,sly5_n24_e2,SLy5,e2,12000.0,0.10332016532994952,0.012912868521490109,8,0.0022852568333992076,True
e2k0_diagonal,gamma_0p2,main_isgmr,18.0,25.0,13.412652233504438,273.93246439200533,5640.8250780428225,20.592028369337918,18.0,nan,0.2,nan,nan,23414.50646787574,24.091155138298248,0.0,True,fm^4 / MeV,IS E2 K=0 double-commutator EWSR in Sky3D F20 convention,sly5_n24_e2,SLy5,e2,12000.0,0.10332016532994952,0.012912868521490109,8,0.0022852568333992076,True
e2k0_diagonal,gamma_0p2,experiment_range,9.0,25.0,70.9320047684069,1155.5774878321824,19525.708483899958,16.896927025230834,16.85129342054459,0.2048807339980243,0.2,0.0048807339980243,nan,23414.50646787574,83.39150137838207,0.0,True,fm^4 / MeV,IS E2 K=0 double-commutator EWSR in Sky3D F20 convention,sly5_n24_e2,SLy5,e2,12000.0,0.10332016532994952,0.012912868521490109,8,0.0022852568333992076,True
e2k0_diagonal,gamma_0p1,mqc,9.0,18.0,58.64709767619355,903.3613520929277,14289.082575279726,15.817681974300163,16.85129342054459,0.10954880641395093,0.1,0.009548806413950922,nan,23414.50646787574,61.026622939433196,2.0957855958180795e-06,True,fm^4 / MeV,IS E2 K=0 double-commutator EWSR in Sky3D F20 convention,sly5_n24_e2,SLy5,e2,12000.0,0.10332016532994952,0.012912868521490109,8,0.04780435998315643,True
e2k0_diagonal,gamma_0p1,main_isgmr,18.0,25.0,12.474419820163819,256.55356470557916,5318.1087099002025,20.72903846026565,19.27891270258473,0.1264621237482224,0.1,0.026462123748222405,nan,23414.50646787574,22.712879800377372,0.0,True,fm^4 / MeV,IS E2 K=0 double-commutator EWSR in Sky3D F20 convention,sly5_n24_e2,SLy5,e2,12000.0,0.10332016532994952,0.012912868521490109,8,0.04780435998315643,True
e2k0_diagonal,gamma_0p1,experiment_range,9.0,25.0,71.12151819898648,1159.9149167985067,19607.191058190907,16.903990779176215,16.85129342054459,0.10954880641395093,0.1,0.009548806413950922,nan,23414.50646787574,83.73950177037301,1.6322347763272253e-06,True,fm^4 / MeV,IS E2 K=0 double-commutator EWSR in Sky3D F20 convention,sly5_n24_e2,SLy5,e2,12000.0,0.10332016532994952,0.012912868521490109,8,0.04780435998315643,True
e2k0_diagonal,gamma_0p07,mqc,9.0,18.0,59.092668631303326,911.7696329515751,14444.102320080408,15.84183306623412,16.85129342054459,0.09051528389341357,0.07,0.02051528389341356,nan,23414.50646787574,61.688690043061314,0.0010071001525959577,True,fm^4 / MeV,IS E2 K=0 double-commutator EWSR in Sky3D F20 convention,sly5_n24_e2,SLy5,e2,12000.0,0.10332016532994952,0.012912868521490109,8,0.11902200328295581,False
e2k0_diagonal,gamma_0p07,main_isgmr,18.0,25.0,12.094427135803574,249.58729204931439,5190.30016234719,20.795530572612932,19.27891270258473,0.10032944694582824,0.07,0.03032944694582823,nan,23414.50646787574,22.16702781870796,0.0,True,fm^4 / MeV,IS E2 K=0 double-commutator EWSR in Sky3D F20 convention,sly5_n24_e2,SLy5,e2,12000.0,0.10332016532994952,0.012912868521490109,8,0.11902200328295581,False
e2k0_diagonal,gamma_0p07,experiment_range,9.0,25.0,71.18709663068492,1161.3569250008895,19634.402203174865,16.906432278052524,16.85129342054459,0.09051528389341357,0.07,0.02051528389341356,nan,23414.50646787574,83.85571666912088,0.0007910065980489221,True,fm^4 / MeV,IS E2 K=0 double-commutator EWSR in Sky3D F20 convention,sly5_n24_e2,SLy5,e2,12000.0,0.10332016532994952,0.012912868521490109,8,0.11902200328295581,False
e2k0_diagonal,gamma_1,mqc,9.0,18.0,53.20846632791822,794.0116647189561,12214.981845081664,15.38388211136068,16.873752142542582,1.8578629790197674,1.0,0.8578629790197674,nan,23414.50646787574,52.168436101099914,0.0,True,fm^4 / MeV,IS E2 K=0 double-commutator EWSR in Sky3D F20 convention,sly5_n24_e2,SLy5,e2,18000.0,0.06888011021996635,0.00860905721558295,8,1.5560108531536548e-20,True
e2k0_diagonal,gamma_1,main_isgmr,18.0,25.0,16.289117165519933,329.36385775087473,6715.737392091016,20.390025298922403,18.0,nan,1.0,nan,nan,23414.50646787574,28.68195151285755,0.0,True,fm^4 / MeV,IS E2 K=0 double-commutator EWSR in Sky3D F20 convention,sly5_n24_e2,SLy5,e2,18000.0,0.06888011021996635,0.00860905721558295,8,1.5560108531536548e-20,True
e2k0_diagonal,gamma_1,experiment_range,9.0,25.0,69.49758351716068,1123.375522469831,18930.719229904767,16.851639412868874,16.873752142542582,1.8578629790197674,1.0,0.8578629790197674,nan,23414.50646787574,80.85038758291726,0.0,True,fm^4 / MeV,IS E2 K=0 double-commutator EWSR in Sky3D F20 convention,sly5_n24_e2,SLy5,e2,18000.0,0.06888011021996635,0.00860905721558295,8,1.5560108531536548e-20,True
e2k0_diagonal,gamma_0p5,mqc,9.0,18.0,55.47039615927306,840.7068867295386,13110.316910185318,15.594396949912223,16.85653402811142,0.5595331599017683,0.5,0.05953315990176833,nan,23414.50646787574,55.992283792837675,0.0,True,fm^4 / MeV,IS E2 K=0 double-commutator EWSR in Sky3D F20 convention,sly5_n24_e2,SLy5,e2,18000.0,0.06888011021996635,0.00860905721558295,8,1.247401640672985e-10,True
e2k0_diagonal,gamma_0p5,main_isgmr,18.0,25.0,14.922780817565103,302.5957674649159,6187.640181802768,20.448535132006384,18.0,nan,0.5,nan,nan,23414.50646787574,26.426524045219974,0.0,True,fm^4 / MeV,IS E2 K=0 double-commutator EWSR in Sky3D F20 convention,sly5_n24_e2,SLy5,e2,18000.0,0.06888011021996635,0.00860905721558295,8,1.247401640672985e-10,True
e2k0_diagonal,gamma_0p5,experiment_range,9.0,25.0,70.39317703680508,1143.3026541944546,19297.957073054135,16.879132574612136,16.85653402811142,0.5595331599017683,0.5,0.05953315990176833,nan,23414.50646787574,82.41880775719345,0.0,True,fm^4 / MeV,IS E2 K=0 double-commutator EWSR in Sky3D F20 convention,sly5_n24_e2,SLy5,e2,18000.0,0.06888011021996635,0.00860905721558295,8,1.247401640672985e-10,True
e2k0_diagonal,gamma_0p2,mqc,9.0,18.0,57.51987888737986,881.6562021904085,13885.099057566245,15.748881506271674,16.85653402811142,0.20436821322028464,0.2,0.0043682132202846335,nan,23414.50646787574,59.30126725761373,0.0,True,fm^4 / MeV,IS E2 K=0 double-commutator EWSR in Sky3D F20 convention,sly5_n24_e2,SLy5,e2,18000.0,0.06888011021996635,0.00860905721558295,8,0.0001092452403177839,True
e2k0_diagonal,gamma_0p2,main_isgmr,18.0,25.0,13.411957652491562,273.92028427064656,5640.61312090371,20.592170221795296,18.0,nan,0.2,nan,nan,23414.50646787574,24.090249899747086,0.0,True,fm^4 / MeV,IS E2 K=0 double-commutator EWSR in Sky3D F20 convention,sly5_n24_e2,SLy5,e2,18000.0,0.06888011021996635,0.00860905721558295,8,0.0001092452403177839,True
e2k0_diagonal,gamma_0p2,experiment_range,9.0,25.0,70.93183685568229,1155.576486461055,19525.71207681865,16.896944776555646,16.85653402811142,0.20436821322028464,0.2,0.0043682132202846335,nan,23414.50646787574,83.39151672322267,0.0,True,fm^4 / MeV,IS E2 K=0 double-commutator EWSR in Sky3D F20 convention,sly5_n24_e2,SLy5,e2,18000.0,0.06888011021996635,0.00860905721558295,8,0.0001092452403177839,True
e2k0_diagonal,gamma_0p1,mqc,9.0,18.0,58.63760634988641,903.2274047860293,14287.003826674742,15.817726245871903,16.85653402811142,0.10091834569028535,0.1,0.0009183456902853437,nan,23414.50646787574,61.017744902188056,0.0,True,fm^4 / MeV,IS E2 K=0 double-commutator EWSR in Sky3D F20 convention,sly5_n24_e2,SLy5,e2,18000.0,0.06888011021996635,0.00860905721558295,8,0.01045204479122549,True
e2k0_diagonal,gamma_0p1,main_isgmr,18.0,25.0,12.480395370430243,256.6652486699,5320.222092792004,20.728252540469164,19.28428816290581,0.1258417348633145,0.1,0.02584173486331451,nan,23414.50646787574,22.72190575569572,0.0,True,fm^4 / MeV,IS E2 K=0 double-commutator EWSR in Sky3D F20 convention,sly5_n24_e2,SLy5,e2,18000.0,0.06888011021996635,0.00860905721558295,8,0.01045204479122549,True
e2k0_diagonal,gamma_0p1,experiment_range,9.0,25.0,71.11800229849162,1159.8926534559291,19607.22573277772,16.904345134316955,16.85653402811142,0.10091834569028535,0.1,0.0009183456902853437,nan,23414.50646787574,83.73964986056171,0.0,True,fm^4 / MeV,IS E2 K=0 double-commutator EWSR in Sky3D F20 convention,sly5_n24_e2,SLy5,e2,18000.0,0.06888011021996635,0.00860905721558295,8,0.01045204479122549,True
e2k0_diagonal,gamma_0p07,mqc,9.0,18.0,59.06406880228425,911.3444924410343,14437.259232714292,15.841714469622923,16.85653402811142,0.07538251563838472,0.07,0.005382515638384711,nan,23414.50646787574,61.65946419806857,4.001211108740628e-05,True,fm^4 / MeV,IS E2 K=0 double-commutator EWSR in Sky3D F20 convention,sly5_n24_e2,SLy5,e2,18000.0,0.06888011021996635,0.00860905721558295,8,0.04106207420869087,True
e2k0_diagonal,gamma_0p07,main_isgmr,18.0,25.0,12.11467793562186,249.9627892605795,5197.33529285082,20.79243597907182,19.28428816290581,0.0940029494451764,0.07,0.02400294944517639,nan,23414.50646787574,22.197073852406266,0.0,True,fm^4 / MeV,IS E2 K=0 double-commutator EWSR in Sky3D F20 convention,sly5_n24_e2,SLy5,e2,18000.0,0.06888011021996635,0.00860905721558295,8,0.04106207420869087,True
e2k0_diagonal,gamma_0p07,experiment_range,9.0,25.0,71.17874720257949,1161.3072817016139,19634.594375527457,16.907320469701805,16.85653402811142,0.07538251563838472,0.07,0.005382515638384711,nan,23414.50646787574,83.85653740968553,3.1400341450100735e-05,True,fm^4 / MeV,IS E2 K=0 double-commutator EWSR in Sky3D F20 convention,sly5_n24_e2,SLy5,e2,18000.0,0.06888011021996635,0.00860905721558295,8,0.04106207420869087,True
q00_from_e2k0,gamma_1,mqc,9.0,18.0,9.814154350625687,148.60966258216888,2307.8995958829987,nan,16.87597106038636,nan,1.0,nan,nan,nan,nan,0.0,False,fm^4 / MeV,,sly5_n24_e2,SLy5,e2,2000.0,0.6199209919796971,0.07741271128617595,8,0.00629669291410834,True
q00_from_e2k0,gamma_1,main_isgmr,18.0,25.0,0.1042939317724768,-1.521239832510908,-108.66567891562235,nan,18.0,nan,1.0,nan,nan,nan,nan,0.5218316135344417,False,fm^4 / MeV,,sly5_n24_e2,SLy5,e2,2000.0,0.6199209919796971,0.07741271128617595,8,0.00629669291410834,True
q00_from_e2k0,gamma_1,experiment_range,9.0,25.0,9.918453000388219,147.08842274965798,2199.232462908596,nan,16.87597106038636,nan,1.0,nan,nan,nan,nan,0.0991047845680118,False,fm^4 / MeV,,sly5_n24_e2,SLy5,e2,2000.0,0.6199209919796971,0.07741271128617595,8,0.00629669291410834,True
q00_from_e2k0,gamma_0p5,mqc,9.0,18.0,10.370852478001353,159.18069042169026,2501.0320458444658,nan,16.87597106038636,nan,0.5,nan,nan,nan,nan,0.0,False,fm^4 / MeV,,sly5_n24_e2,SLy5,e2,2000.0,0.6199209919796971,0.07741271128617595,8,0.07935170391433533,False
q00_from_e2k0,gamma_0p5,main_isgmr,18.0,25.0,-0.2842449053932252,-9.444764069797488,-271.6247883366967,nan,18.0,nan,0.5,nan,nan,nan,nan,0.6336922266144304,False,fm^4 / MeV,,sly5_n24_e2,SLy5,e2,2000.0,0.6199209919796971,0.07741271128617595,8,0.07935170391433533,False
q00_from_e2k0,gamma_0p5,experiment_range,9.0,25.0,10.086613844226093,149.7359263518928,2229.405302577389,nan,16.87597106038636,nan,0.5,nan,nan,nan,nan,0.11508162118575135,False,fm^4 / MeV,,sly5_n24_e2,SLy5,e2,2000.0,0.6199209919796971,0.07741271128617595,8,0.07935170391433533,False
q00_from_e2k0,gamma_0p2,mqc,9.0,18.0,10.756720599311013,166.50801221219,2635.0602096550465,nan,16.87597106038636,nan,0.2,nan,nan,nan,nan,0.005341878969722787,False,fm^4 / MeV,,sly5_n24_e2,SLy5,e2,2000.0,0.6199209919796971,0.07741271128617595,8,0.36292969413815185,False
q00_from_e2k0,gamma_0p2,main_isgmr,18.0,25.0,-0.573966842216144,-15.301668291207811,-391.1307782616589,nan,18.0,nan,0.2,nan,nan,nan,nan,0.6949926080010118,False,fm^4 / MeV,,sly5_n24_e2,SLy5,e2,2000.0,0.6199209919796971,0.07741271128617595,8,0.36292969413815185,False
q00_from_e2k0,gamma_0p2,experiment_range,9.0,25.0,10.182758846058796,151.20634392098222,2243.9278600819393,nan,16.87597106038636,nan,0.2,nan,nan,nan,nan,0.13572230639994678,False,fm^4 / MeV,,sly5_n24_e2,SLy5,e2,2000.0,0.6199209919796971,0.07741271128617595,8,0.36292969413815185,False
q00_from_e2k0,gamma_0p1,mqc,9.0,18.0,10.893170664497498,169.1027671577036,2682.5752588461055,nan,16.87597106038636,nan,0.1,nan,nan,nan,nan,0.05542092054998308,False,fm^4 / MeV,,sly5_n24_e2,SLy5,e2,2000.0,0.6199209919796971,0.07741271128617595,8,0.6024364648144664,False
q00_from_e2k0,gamma_0p1,main_isgmr,18.0,25.0,-0.6809529996869155,-17.46598688787411,-435.35794881276723,nan,18.0,nan,0.1,nan,nan,nan,nan,0.6881961002839785,False,fm^4 / MeV,,sly5_n24_e2,SLy5,e2,2000.0,0.6199209919796971,0.07741271128617595,8,0.6024364648144664,False
q00_from_e2k0,gamma_0p1,experiment_range,9.0,25.0,10.212219934151088,151.6367802698295,2247.2166503853964,nan,16.87597106038636,nan,0.1,nan,nan,nan,nan,0.17953231073151393,False,fm^4 / MeV,,sly5_n24_e2,SLy5,e2,2000.0,0.6199209919796971,0.07741271128617595,8,0.6024364648144664,False
q00_from_e2k0,gamma_0p07,mqc,9.0,18.0,10.934461086596343,169.8889828665382,2696.9823318149756,nan,16.87597106038636,nan,0.07,nan,nan,nan,nan,0.07885780818369646,False,fm^4 / MeV,,sly5_n24_e2,SLy5,e2,2000.0,0.6199209919796971,0.07741271128617595,8,0.7013549652802368,False
q00_from_e2k0,gamma_0p07,main_isgmr,18.0,25.0,-0.7138511217435541,-18.133203313293816,-449.0317602330552,nan,18.0,nan,0.07,nan,nan,nan,nan,0.6826415844281202,False,fm^4 / MeV,,sly5_n24_e2,SLy5,e2,2000.0,0.6199209919796971,0.07741271128617595,8,0.7013549652802368,False
q00_from_e2k0,gamma_0p07,experiment_range,9.0,25.0,10.220610848101792,151.75577955324442,2247.9503599926675,nan,16.87597106038636,nan,0.07,nan,nan,nan,nan,0.19810870516342916,False,fm^4 / MeV,,sly5_n24_e2,SLy5,e2,2000.0,0.6199209919796971,0.07741271128617595,8,0.7013549652802368,False
q00_from_e2k0,gamma_1,mqc,9.0,18.0,9.814916584196773,148.62321033437394,2308.136266153121,nan,16.845679129883074,nan,1.0,nan,nan,nan,nan,0.0,False,fm^4 / MeV,,sly5_n24_e2,SLy5,e2,4000.0,0.30996049598984854,0.03872569914915649,8,3.964834165458217e-05,True
q00_from_e2k0,gamma_1,main_isgmr,18.0,25.0,0.10362195366584315,-1.5322297022596345,-108.83793106827966,nan,18.0,nan,1.0,nan,nan,nan,nan,0.521997229437357,False,fm^4 / MeV,,sly5_n24_e2,SLy5,e2,4000.0,0.30996049598984854,0.03872569914915649,8,3.964834165458217e-05,True
q00_from_e2k0,gamma_1,experiment_range,9.0,25.0,9.91853891306328,147.0909806321143,2199.298219507635,nan,16.845679129883074,nan,1.0,nan,nan,nan,nan,0.09910008207364947,False,fm^4 / MeV,,sly5_n24_e2,SLy5,e2,4000.0,0.30996049598984854,0.03872569914915649,8,3.964834165458217e-05,True
q00_from_e2k0,gamma_0p5,mqc,9.0,18.0,10.377667668048925,159.30613135122985,2503.3130784325176,nan,16.845679129883074,nan,0.5,nan,nan,nan,nan,0.0,False,fm^4 / MeV,,sly5_n24_e2,SLy5,e2,4000.0,0.30996049598984854,0.03872569914915649,8,0.00629669291410834,True
q00_from_e2k0,gamma_0p5,main_isgmr,18.0,25.0,-0.2898146467783006,-9.5357552103034,-273.0270018852867,nan,18.0,nan,0.5,nan,nan,nan,nan,0.6354436118488329,False,fm^4 / MeV,,sly5_n24_e2,SLy5,e2,4000.0,0.30996049598984854,0.03872569914915649,8,0.00629669291410834,True
q00_from_e2k0,gamma_0p5,experiment_range,9.0,25.0,10.087853761130871,149.77037614092643,2230.2858436413603,nan,16.845679129883074,nan,0.5,nan,nan,nan,nan,0.1150021519324634,False,fm^4 / MeV,,sly5_n24_e2,SLy5,e2,4000.0,0.30996049598984854,0.03872569914915649,8,0.00629669291410834,True
q00_from_e2k0,gamma_0p2,mqc,9.0,18.0,10.80477921338204,167.39011166465843,2651.105355628464,nan,16.845679129883074,nan,0.2,nan,nan,nan,nan,0.0,False,fm^4 / MeV,,sly5_n24_e2,SLy5,e2,4000.0,0.30996049598984854,0.03872569914915649,8,0.13171796288721244,False
q00_from_e2k0,gamma_0p2,main_isgmr,18.0,25.0,-0.6164301284536823,-16.024650522367047,-403.08126178595114,nan,18.0,nan,0.2,nan,nan,nan,nan,0.7183609000453736,False,fm^4 / MeV,,sly5_n24_e2,SLy5,e2,4000.0,0.30996049598984854,0.03872569914915649,8,0.13171796288721244,False
q00_from_e2k0,gamma_0p2,experiment_range,9.0,25.0,10.188351865827855,151.3654611422914,2248.023202400369,nan,16.845679129883074,nan,0.2,nan,nan,nan,nan,0.1291573806190994,False,fm^4 / MeV,,sly5_n24_e2,SLy5,e2,4000.0,0.30996049598984854,0.03872569914915649,8,0.13171796288721244,False
q00_from_e2k0,gamma_0p1,mqc,9.0,18.0,10.989852059225461,170.8768120940283,2714.8386450713106,nan,16.845679129883074,nan,0.1,nan,nan,nan,nan,0.02802637436358062,False,fm^4 / MeV,,sly5_n24_e2,SLy5,e2,4000.0,0.30996049598984854,0.03872569914915649,8,0.36292969413815185,False
q00_from_e2k0,gamma_0p1,main_isgmr,18.0,25.0,-0.7688147735753288,-18.978740928431208,-460.81759232940794,nan,18.0,nan,0.1,nan,nan,nan,nan,0.7315934523080355,False,fm^4 / MeV,,sly5_n24_e2,SLy5,e2,4000.0,0.30996049598984854,0.03872569914915649,8,0.36292969413815185,False
q00_from_e2k0,gamma_0p1,experiment_range,9.0,25.0,10.221042733031636,151.89807116559712,2254.0192997119693,nan,16.845679129883074,nan,0.1,nan,nan,nan,nan,0.15788406474835878,False,fm^4 / MeV,,sly5_n24_e2,SLy5,e2,4000.0,0.30996049598984854,0.03872569914915649,8,0.36292969413815185,False
q00_from_e2k0,gamma_0p07,mqc,9.0,18.0,11.054205441470598,172.08639502924234,2736.9452063396066,nan,16.845679129883074,nan,0.07,nan,nan,nan,nan,0.07100309504974758,False,fm^4 / MeV,,sly5_n24_e2,SLy5,e2,4000.0,0.30996049598984854,0.03872569914915649,8,0.49189878732324216,False
q00_from_e2k0,gamma_0p07,main_isgmr,18.0,25.0,-0.8235718039572832,-20.027965662422556,-481.07233714320785,nan,18.0,nan,0.07,nan,nan,nan,nan,0.7298457719125835,False,fm^4 / MeV,,sly5_n24_e2,SLy5,e2,4000.0,0.30996049598984854,0.03872569914915649,8,0.49189878732324216,False
q00_from_e2k0,gamma_0p07,experiment_range,9.0,25.0,10.23064042374763,152.05842936681975,2255.8706833536107,nan,16.845679129883074,nan,0.07,nan,nan,nan,nan,0.18857921747549222,False,fm^4 / MeV,,sly5_n24_e2,SLy5,e2,4000.0,0.30996049598984854,0.03872569914915649,8,0.49189878732324216,False
q00_from_e2k0,gamma_1,mqc,9.0,18.0,9.815063534248305,148.62571801822222,2308.178744363491,nan,16.849889497073747,nan,1.0,nan,nan,nan,nan,0.0,False,fm^4 / MeV,,sly5_n24_e2,SLy5,e2,8000.0,0.15498024799492427,0.01936768907709626,8,1.5719909959584757e-09,True
q00_from_e2k0,gamma_1,main_isgmr,18.0,25.0,0.10347666019244461,-1.5347341314747958,-108.8809374470485,nan,18.0,nan,1.0,nan,nan,nan,nan,0.5220349071838205,False,fm^4 / MeV,,sly5_n24_e2,SLy5,e2,8000.0,0.15498024799492427,0.01936768907709626,8,1.5719909959584757e-09,True
q00_from_e2k0,gamma_1,experiment_range,9.0,25.0,9.918540266529781,147.09098388674744,2199.297784662383,nan,16.849889497073747,nan,1.0,nan,nan,nan,nan,0.09909960098889416,False,fm^4 / MeV,,sly5_n24_e2,SLy5,e2,8000.0,0.15498024799492427,0.01936768907709626,8,1.5719909959584757e-09,True
q00_from_e2k0,gamma_0p5,mqc,9.0,18.0,10.378086078176665,159.31319229189495,2503.4346638225975,nan,16.849889497073747,nan,0.5,nan,nan,nan,nan,0.0,False,fm^4 / MeV,,sly5_n24_e2,SLy5,e2,8000.0,0.15498024799492427,0.01936768907709626,8,3.964834165458217e-05,True
q00_from_e2k0,gamma_0p5,main_isgmr,18.0,25.0,-0.2901907850926789,-9.542367723002359,-273.14275997214554,nan,18.0,nan,0.5,nan,nan,nan,nan,0.6355483105185439,False,fm^4 / MeV,,sly5_n24_e2,SLy5,e2,8000.0,0.15498024799492427,0.01936768907709626,8,3.964834165458217e-05,True
q00_from_e2k0,gamma_0p5,experiment_range,9.0,25.0,10.08789544697045,149.77082456889258,2230.291855218404,nan,16.849889497073747,nan,0.5,nan,nan,nan,nan,0.1150094357608429,False,fm^4 / MeV,,sly5_n24_e2,SLy5,e2,8000.0,0.15498024799492427,0.01936768907709626,8,3.964834165458217e-05,True
q00_from_e2k0,gamma_0p2,mqc,9.0,18.0,10.813715900037298,167.54294025263204,2653.7852143171403,nan,16.849889497073747,nan,0.2,nan,nan,nan,nan,0.0,False,fm^4 / MeV,,sly5_n24_e2,SLy5,e2,8000.0,0.15498024799492427,0.01936768907709626,8,0.017349621747157075,True
q00_from_e2k0,gamma_0p2,main_isgmr,18.0,25.0,-0.6241690005480021,-16.16176628312617,-405.49481476585015,nan,18.0,nan,0.2,nan,nan,nan,nan,0.7241348756107511,False,fm^4 / MeV,,sly5_n24_e2,SLy5,e2,8000.0,0.15498024799492427,0.01936768907709626,8,0.017349621747157075,True
q00_from_e2k0,gamma_0p2,experiment_range,9.0,25.0,10.189547740379314,151.38117396950585,2248.2901286602314,nan,16.849889497073747,nan,0.2,nan,nan,nan,nan,0.12823256384645237,False,fm^4 / MeV,,sly5_n24_e2,SLy5,e2,8000.0,0.15498024799492427,0.01936768907709626,8,0.017349621747157075,True
q00_from_e2k0,gamma_0p1,mqc,9.0,18.0,11.025226630658072,171.4843620848124,2725.5169384543397,nan,16.849889497073747,nan,0.1,nan,nan,nan,nan,0.00012668151510726762,False,fm^4 / MeV,,sly5_n24_e2,SLy5,e2,8000.0,0.15498024799492427,0.01936768907709626,8,0.13171796288721244,False
q00_from_e2k0,gamma_0p1,main_isgmr,18.0,25.0,-0.79952035846478,-19.521564933957027,-470.34147706154147,nan,18.0,nan,0.1,nan,nan,nan,nan,0.7519459940008518,False,fm^4 / MeV,,sly5_n24_e2,SLy5,e2,8000.0,0.15498024799492427,0.01936768907709626,8,0.13171796288721244,False
q00_from_e2k0,gamma_0p1,experiment_range,9.0,25.0,10.225708647475038,151.9627971508554,2255.174693386194,nan,16.849889497073747,nan,0.1,nan,nan,nan,nan,0.13864735833650116,False,fm^4 / MeV,,sly5_n24_e2,SLy5,e2,8000.0,0.15498024799492427,0.01936768907709626,8,0.13171796288721244,False
q00_from_e2k0,gamma_0p07,mqc,9.0,18.0,11.10890029414226,173.02605562357388,2753.4624206099734,nan,16.849889497073747,nan,0.07,nan,nan,nan,nan,0.011229211061656535,False,fm^4 / MeV,,sly5_n24_e2,SLy5,e2,8000.0,0.15498024799492427,0.01936768907709626,8,0.24196441697007623,False
q00_from_e2k0,gamma_0p07,main_isgmr,18.0,25.0,-0.8709467002731373,-20.864435032990578,-495.72219249443833,nan,18.0,nan,0.07,nan,nan,nan,nan,0.7458942438476359,False,fm^4 / MeV,,sly5_n24_e2,SLy5,e2,8000.0,0.15498024799492427,0.01936768907709626,8,0.24196441697007623,False
q00_from_e2k0,gamma_0p07,experiment_range,9.0,25.0,10.237957027987363,152.16162059058325,2257.7391169435086,nan,16.849889497073747,nan,0.07,nan,nan,nan,nan,0.1532748387668207,False,fm^4 / MeV,,sly5_n24_e2,SLy5,e2,8000.0,0.15498024799492427,0.01936768907709626,8,0.24196441697007623,False
q00_from_e2k0,gamma_1,mqc,9.0,18.0,9.815090730895554,148.62618183779435,2308.1865985142504,nan,16.85129342054459,nan,1.0,nan,nan,nan,nan,0.0,False,fm^4 / MeV,,sly5_n24_e2,SLy5,e2,12000.0,0.10332016532994952,0.012912868521490109,8,6.232683608568877e-14,True
q00_from_e2k0,gamma_1,main_isgmr,18.0,25.0,0.10344979383653974,-1.5351976566931764,-108.8889061768117,nan,18.0,nan,1.0,nan,nan,nan,nan,0.5220417774127529,False,fm^4 / MeV,,sly5_n24_e2,SLy5,e2,12000.0,0.10332016532994952,0.012912868521490109,8,6.232683608568877e-14,True
q00_from_e2k0,gamma_1,experiment_range,9.0,25.0,9.91854052832753,147.09098418110116,2199.2976912288764,nan,16.85129342054459,nan,1.0,nan,nan,nan,nan,0.09909987083717221,False,fm^4 / MeV,,sly5_n24_e2,SLy5,e2,12000.0,0.10332016532994952,0.012912868521490109,8,6.232683608568877e-14,True
q00_from_e2k0,gamma_0p5,mqc,9.0,18.0,10.378140681321524,159.31414607225014,2503.4513025373503,nan,16.85129342054459,nan,0.5,nan,nan,nan,nan,0.0,False,fm^4 / MeV,,sly5_n24_e2,SLy5,e2,12000.0,0.10332016532994952,0.012912868521490109,8,2.4965343195255453e-07,True
q00_from_e2k0,gamma_0p5,main_isgmr,18.0,25.0,-0.29024594141330184,-9.543342150682149,-273.15997341217917,nan,18.0,nan,0.5,nan,nan,nan,nan,0.6355665347392511,False,fm^4 / MeV,,sly5_n24_e2,SLy5,e2,12000.0,0.10332016532994952,0.012912868521490109,8,2.4965343195255453e-07,True
q00_from_e2k0,gamma_0p5,experiment_range,9.0,25.0,10.087894747358542,149.770803921568,2230.2913267750364,nan,16.85129342054459,nan,0.5,nan,nan,nan,nan,0.11500912438691317,False,fm^4 / MeV,,sly5_n24_e2,SLy5,e2,12000.0,0.10332016532994952,0.012912868521490109,8,2.4965343195255453e-07,True
q00_from_e2k0,gamma_0p2,mqc,9.0,18.0,10.81311832408442,167.53354006164253,2653.627558961735,nan,16.85129342054459,nan,0.2,nan,nan,nan,nan,0.0,False,fm^4 / MeV,,sly5_n24_e2,SLy5,e2,12000.0,0.10332016532994952,0.012912868521490109,8,0.0022852568333992076,True
q00_from_e2k0,gamma_0p2,main_isgmr,18.0,25.0,-0.6238831898472688,-16.15764864770088,-405.4466741975944,nan,18.0,nan,0.2,nan,nan,nan,nan,0.7240387802560442,False,fm^4 / MeV,,sly5_n24_e2,SLy5,e2,12000.0,0.10332016532994952,0.012912868521490109,8,0.0022852568333992076,True
q00_from_e2k0,gamma_0p2,experiment_range,9.0,25.0,10.189235173832442,151.37589141394164,2248.1808720231234,nan,16.85129342054459,nan,0.2,nan,nan,nan,nan,0.128239829868831,False,fm^4 / MeV,,sly5_n24_e2,SLy5,e2,12000.0,0.10332016532994952,0.012912868521490109,8,0.0022852568333992076,True
q00_from_e2k0,gamma_0p1,mqc,9.0,18.0,11.01732293516939,171.34923373131198,2723.145877512093,nan,16.85129342054459,nan,0.1,nan,nan,nan,nan,0.0,False,fm^4 / MeV,,sly5_n24_e2,SLy5,e2,12000.0,0.10332016532994952,0.012912868521490109,8,0.04780435998315643,True
q00_from_e2k0,gamma_0p1,main_isgmr,18.0,25.0,-0.7938335688561005,-19.42871905317478,-468.9097130908151,nan,18.0,nan,0.1,nan,nan,nan,nan,0.7540945729516285,False,fm^4 / MeV,,sly5_n24_e2,SLy5,e2,12000.0,0.10332016532994952,0.012912868521490109,8,0.04780435998315643,True
q00_from_e2k0,gamma_0p1,experiment_range,9.0,25.0,10.223489456397793,151.92051467813718,2254.236135322993,nan,16.85129342054459,nan,0.1,nan,nan,nan,nan,0.1375604880761466,False,fm^4 / MeV,,sly5_n24_e2,SLy5,e2,12000.0,0.10332016532994952,0.012912868521490109,8,0.04780435998315643,True
q00_from_e2k0,gamma_0p07,mqc,9.0,18.0,11.09239097910102,172.7387669005687,2748.374767538393,nan,16.85129342054459,nan,0.07,nan,nan,nan,nan,0.0007421717038396278,False,fm^4 / MeV,,sly5_n24_e2,SLy5,e2,12000.0,0.10332016532994952,0.012912868521490109,8,0.11902200328295581,False
q00_from_e2k0,gamma_0p07,main_isgmr,18.0,25.0,-0.858320361685692,-20.65584233043512,-492.43744793184993,nan,21.61614190497444,nan,0.07,nan,nan,nan,nan,0.7577493421888942,False,fm^4 / MeV,,sly5_n24_e2,SLy5,e2,12000.0,0.10332016532994952,0.012912868521490109,8,0.11902200328295581,False
q00_from_e2k0,gamma_0p07,experiment_range,9.0,25.0,10.234070723137478,152.08292457013357,2255.937285426006,nan,16.85129342054459,nan,0.07,nan,nan,nan,nan,0.1431070476443319,False,fm^4 / MeV,,sly5_n24_e2,SLy5,e2,12000.0,0.10332016532994952,0.012912868521490109,8,0.11902200328295581,False
q00_from_e2k0,gamma_1,mqc,9.0,18.0,9.815102823766228,148.62638840351434,2308.190101812488,nan,16.85653402811142,nan,1.0,nan,nan,nan,nan,0.0,False,fm^4 / MeV,,sly5_n24_e2,SLy5,e2,18000.0,0.06888011021996635,0.00860905721558295,8,1.5560108531536548e-20,True
q00_from_e2k0,gamma_1,main_isgmr,18.0,25.0,0.10343782156141557,-1.5354038308359819,-108.89244301516504,nan,18.0,nan,1.0,nan,nan,nan,nan,0.5220449119166284,False,fm^4 / MeV,,sly5_n24_e2,SLy5,e2,18000.0,0.06888011021996635,0.00860905721558295,8,1.5560108531536548e-20,True
q00_from_e2k0,gamma_1,experiment_range,9.0,25.0,9.918540649248069,147.09098457267837,2199.297657587982,nan,16.85653402811142,nan,1.0,nan,nan,nan,nan,0.0990997193450688,False,fm^4 / MeV,,sly5_n24_e2,SLy5,e2,18000.0,0.06888011021996635,0.00860905721558295,8,1.5560108531536548e-20,True
q00_from_e2k0,gamma_0p5,mqc,9.0,18.0,10.378165921642623,159.3145862531622,2503.4589842359815,nan,16.85653402811142,nan,0.5,nan,nan,nan,nan,0.0,False,fm^4 / MeV,,sly5_n24_e2,SLy5,e2,18000.0,0.06888011021996635,0.00860905721558295,8,1.247401640672985e-10,True
q00_from_e2k0,gamma_0p5,main_isgmr,18.0,25.0,-0.2902710926111891,-9.543784602999448,-273.16774494906304,nan,18.0,nan,0.5,nan,nan,nan,nan,0.6355739780792371,False,fm^4 / MeV,,sly5_n24_e2,SLy5,e2,18000.0,0.06888011021996635,0.00860905721558295,8,1.247401640672985e-10,True
q00_from_e2k0,gamma_0p5,experiment_range,9.0,25.0,10.087894837257615,149.77080165016275,2230.2912366901087,nan,16.85653402811142,nan,0.5,nan,nan,nan,nan,0.11500940633238645,False,fm^4 / MeV,,sly5_n24_e2,SLy5,e2,18000.0,0.06888011021996635,0.00860905721558295,8,1.247401640672985e-10,True
q00_from_e2k0,gamma_0p2,mqc,9.0,18.0,10.81321295364859,167.535421963486,2653.6629080291204,nan,16.85653402811142,nan,0.2,nan,nan,nan,nan,0.0,False,fm^4 / MeV,,sly5_n24_e2,SLy5,e2,18000.0,0.06888011021996635,0.00860905721558295,8,0.0001092452403177839,True
q00_from_e2k0,gamma_0p2,main_isgmr,18.0,25.0,-0.6240041491547537,-16.15984341591143,-405.4866970933517,nan,18.0,nan,0.2,nan,nan,nan,nan,0.7240898680773604,False,fm^4 / MeV,,sly5_n24_e2,SLy5,e2,18000.0,0.06888011021996635,0.00860905721558295,8,0.0001092452403177839,True
q00_from_e2k0,gamma_0p2,experiment_range,9.0,25.0,10.18920884678366,151.37557854757458,2248.1761973245193,nan,16.85653402811142,nan,0.2,nan,nan,nan,nan,0.1282379652424956,False,fm^4 / MeV,,sly5_n24_e2,SLy5,e2,18000.0,0.06888011021996635,0.00860905721558295,8,0.0001092452403177839,True
q00_from_e2k0,gamma_0p1,mqc,9.0,18.0,11.0165562857064,171.33946894056692,2723.0063845066675,nan,16.85653402811142,nan,0.1,nan,nan,nan,nan,0.0,False,fm^4 / MeV,,sly5_n24_e2,SLy5,e2,18000.0,0.06888011021996635,0.00860905721558295,8,0.01045204479122549,True
q00_from_e2k0,gamma_0p1,main_isgmr,18.0,25.0,-0.7937039775727524,-19.427686980382106,-468.9236454579999,nan,18.0,nan,0.1,nan,nan,nan,nan,0.7548924941307258,False,fm^4 / MeV,,sly5_n24_e2,SLy5,e2,18000.0,0.06888011021996635,0.00860905721558295,8,0.01045204479122549,True
q00_from_e2k0,gamma_0p1,experiment_range,9.0,25.0,10.222852386583456,151.91178196018484,2254.0827137169135,nan,16.85653402811142,nan,0.1,nan,nan,nan,nan,0.13735383479747784,False,fm^4 / MeV,,sly5_n24_e2,SLy5,e2,18000.0,0.06888011021996635,0.00860905721558295,8,0.01045204479122549,True
q00_from_e2k0,gamma_0p07,mqc,9.0,18.0,11.089843332428027,172.70277172409487,2747.815769625027,nan,16.85653402811142,nan,0.07,nan,nan,nan,nan,1.1669209606943823e-05,False,fm^4 / MeV,,sly5_n24_e2,SLy5,e2,18000.0,0.06888011021996635,0.00860905721558295,8,0.04106207420869087,True
q00_from_e2k0,gamma_0p07,main_isgmr,18.0,25.0,-0.8574020573053666,-20.643053969899395,-492.3005961581317,nan,21.608733611113205,nan,0.07,nan,nan,nan,nan,0.7611663437753124,False,fm^4 / MeV,,sly5_n24_e2,SLy5,e2,18000.0,0.06888011021996635,0.00860905721558295,8,0.04106207420869087,True
q00_from_e2k0,gamma_0p07,experiment_range,9.0,25.0,10.232441341306497,152.05971775419547,2255.5151520925087,nan,16.85653402811142,nan,0.07,nan,nan,nan,nan,0.1417533587243522,False,fm^4 / MeV,,sly5_n24_e2,SLy5,e2,18000.0,0.06888011021996635,0.00860905721558295,8,0.04106207420869087,True
e2k0_diagonal,gamma_1,mqc,9.0,18.0,59.75312549572373,875.1981472647169,13246.387877588975,15.135301553126352,16.566320215241657,1.6324042540380201,1.0,0.6324042540380201,nan,23232.5746525657,57.0164438323503,0.0,True,fm^4 / MeV,IS E2 K=0 double-commutator EWSR in Sky3D F20 convention,skms_n24_e2,SkM*,e2,2000.0,0.6199209919796971,0.07741271128617595,8,0.00629669291410834,True
e2k0_diagonal,gamma_1,main_isgmr,18.0,25.0,13.626980531323868,276.72193490379334,5664.524359254302,20.470095228351383,18.0,nan,1.0,nan,nan,23232.5746525657,24.381819251482472,0.0,True,fm^4 / MeV,IS E2 K=0 double-commutator EWSR in Sky3D F20 convention,skms_n24_e2,SkM*,e2,2000.0,0.6199209919796971,0.07741271128617595,8,0.00629669291410834,True
e2k0_diagonal,gamma_1,experiment_range,9.0,25.0,73.38013154109969,1151.9200821685104,18910.90435360391,16.416854473101807,16.566320215241657,1.6324042540380201,1.0,0.6324042540380201,nan,23232.5746525657,81.39822915199575,0.0,True,fm^4 / MeV,IS E2 K=0 double-commutator EWSR in Sky3D F20 convention,skms_n24_e2,SkM*,e2,2000.0,0.6199209919796971,0.07741271128617595,8,0.00629669291410834,True
e2k0_diagonal,gamma_0p5,mqc,9.0,18.0,62.452164071994424,925.6747730515054,14160.783634979292,15.29779577799013,16.566320215241657,0.7050003458272833,0.5,0.20500034582728333,nan,23232.5746525657,60.95227862924542,0.0,True,fm^4 / MeV,IS E2 K=0 double-commutator EWSR in Sky3D F20 convention,skms_n24_e2,SkM*,e2,2000.0,0.6199209919796971,0.07741271128617595,8,0.07935170391433533,False
e2k0_diagonal,gamma_0p5,main_isgmr,18.0,25.0,12.196768579205084,248.90252944390983,5118.952412301752,20.56609237253777,18.0,nan,0.5,nan,nan,23232.5746525657,22.033513241014973,0.0,True,fm^4 / MeV,IS E2 K=0 double-commutator EWSR in Sky3D F20 convention,skms_n24_e2,SkM*,e2,2000.0,0.6199209919796971,0.07741271128617595,8,0.07935170391433533,False
e2k0_diagonal,gamma_0p5,experiment_range,9.0,25.0,74.64898920837898,1174.5773024954156,19279.71811650048,16.414175614955518,16.566320215241657,0.7050003458272833,0.5,0.20500034582728333,nan,23232.5746525657,82.98571469077929,0.0,True,fm^4 / MeV,IS E2 K=0 double-commutator EWSR in Sky3D F20 convention,skms_n24_e2,SkM*,e2,2000.0,0.6199209919796971,0.07741271128617595,8,0.07935170391433533,False
e2k0_diagonal,gamma_0p2,mqc,9.0,18.0,64.5386375403943,964.7643944131506,14870.560480429756,15.413670494623984,16.566320215241657,0.47852428769352073,0.2,0.2785242876935207,nan,23232.5746525657,64.00737198874133,0.004812939331596487,True,fm^4 / MeV,IS E2 K=0 double-commutator EWSR in Sky3D F20 convention,skms_n24_e2,SkM*,e2,2000.0,0.6199209919796971,0.07741271128617595,8,0.36292969413815185,False
e2k0_diagonal,gamma_0p2,main_isgmr,18.0,25.0,10.87296588514119,223.74415321292966,4637.779686427432,20.72804862084515,18.0,nan,0.2,nan,nan,23232.5746525657,19.96240087800711,0.001078830798509807,True,fm^4 / MeV,IS E2 K=0 double-commutator EWSR in Sky3D F20 convention,skms_n24_e2,SkM*,e2,2000.0,0.6199209919796971,0.07741271128617595,8,0.36292969413815185,False
e2k0_diagonal,gamma_0p2,experiment_range,9.0,25.0,75.41172038328227,1188.5085476260801,19508.302704483453,16.4141038307627,16.566320215241657,0.47852428769352073,0.2,0.2785242876935207,nan,23232.5746525657,83.96961161740653,0.004114246926827077,True,fm^4 / MeV,IS E2 K=0 double-commutator EWSR in Sky3D F20 convention,skms_n24_e2,SkM*,e2,2000.0,0.6199209919796971,0.07741271128617595,8,0.36292969413815185,False
e2k0_diagonal,gamma_0p1,mqc,9.0,18.0,65.38105523378502,980.5504261667206,15157.561328091515,15.45821706217311,16.566320215241657,0.4343315833369914,0.1,0.3343315833369914,nan,23232.5746525657,65.2427100946282,0.04325365956658703,True,fm^4 / MeV,IS E2 K=0 double-commutator EWSR in Sky3D F20 convention,skms_n24_e2,SkM*,e2,2000.0,0.6199209919796971,0.07741271128617595,8,0.6024364648144664,False
e2k0_diagonal,gamma_0p1,main_isgmr,18.0,25.0,10.28561658332793,212.74197535606947,4430.778361802232,20.827005833645998,18.0,nan,0.1,nan,nan,23232.5746525657,19.07140481872041,0.04598371674371248,True,fm^4 / MeV,IS E2 K=0 double-commutator EWSR in Sky3D F20 convention,skms_n24_e2,SkM*,e2,2000.0,0.6199209919796971,0.07741271128617595,8,0.6024364648144664,False
e2k0_diagonal,gamma_0p1,experiment_range,9.0,25.0,75.66682799025686,1193.29240152279,19588.2895544402,16.41533083546254,16.566320215241657,0.4343315833369914,0.1,0.3343315833369914,nan,23232.5746525657,84.3138991152535,0.04374278064098438,True,fm^4 / MeV,IS E2 K=0 double-commutator EWSR in Sky3D F20 convention,skms_n24_e2,SkM*,e2,2000.0,0.6199209919796971,0.07741271128617595,8,0.6024364648144664,False
e2k0_diagonal,gamma_0p07,mqc,9.0,18.0,65.6548516542462,985.677864414693,15250.79824551617,15.472395998841133,16.566320215241657,0.422738802411871,0.07,0.352738802411871,nan,23232.5746525657,65.64402987437269,0.059144920571333505,True,fm^4 / MeV,IS E2 K=0 double-commutator EWSR in Sky3D F20 convention,skms_n24_e2,SkM*,e2,2000.0,0.6199209919796971,0.07741271128617595,8,0.7013549652802368,False
e2k0_diagonal,gamma_0p07,main_isgmr,18.0,25.0,10.088977668201666,209.0786585507613,4362.295618525661,20.86437539231943,18.0,nan,0.07,nan,nan,23232.5746525657,18.776634461578748,0.07412450391055915,True,fm^4 / MeV,IS E2 K=0 double-commutator EWSR in Sky3D F20 convention,skms_n24_e2,SkM*,e2,2000.0,0.6199209919796971,0.07741271128617595,8,0.7013549652802368,False
e2k0_diagonal,gamma_0p07,experiment_range,9.0,25.0,75.7440004679629,1194.7565229654542,19613.038891233296,16.415929533954422,16.566320215241657,0.422738802411871,0.07,0.352738802411871,nan,23232.5746525657,84.42042771642325,0.061841903620307045,True,fm^4 / MeV,IS E2 K=0 double-commutator EWSR in Sky3D F20 convention,skms_n24_e2,SkM*,e2,2000.0,0.6199209919796971,0.07741271128617595,8,0.7013549652802368,False
e2k0_diagonal,gamma_1,mqc,9.0,18.0,59.757826957381454,875.2713856374148,13247.56807165182,15.135383481095182,16.574599235838978,1.612439142981426,1.0,0.612439142981426,nan,23232.5746525657,57.021523743124256,0.0,True,fm^4 / MeV,IS E2 K=0 double-commutator EWSR in Sky3D F20 convention,skms_n24_e2,SkM*,e2,4000.0,0.30996049598984854,0.03872569914915649,8,3.964834165458217e-05,True
e2k0_diagonal,gamma_1,main_isgmr,18.0,25.0,13.622861106674087,276.64688189534087,5663.13159167305,20.47061420997865,18.0,nan,1.0,nan,nan,23232.5746525657,24.375824360248593,0.0,True,fm^4 / MeV,IS E2 K=0 double-commutator EWSR in Sky3D F20 convention,skms_n24_e2,SkM*,e2,4000.0,0.30996049598984854,0.03872569914915649,8,3.964834165458217e-05,True
e2k0_diagonal,gamma_1,experiment_range,9.0,25.0,73.3806900697931,1151.9182675327556,18910.699043914996,16.416702101980736,16.574599235838978,1.612439142981426,1.0,0.612439142981426,nan,23232.5746525657,81.39734543724616,0.0,True,fm^4 / MeV,IS E2 K=0 double-commutator EWSR in Sky3D F20 convention,skms_n24_e2,SkM*,e2,4000.0,0.30996049598984854,0.03872569914915649,8,3.964834165458217e-05,True
e2k0_diagonal,gamma_0p5,mqc,9.0,18.0,62.4661391519128,925.8511449782291,14163.224291268867,15.297517714472242,16.613324934988135,0.6213234083994266,0.5,0.12132340839942657,nan,23232.5746525657,60.96278394915108,0.0,True,fm^4 / MeV,IS E2 K=0 double-commutator EWSR in Sky3D F20 convention,skms_n24_e2,SkM*,e2,4000.0,0.30996049598984854,0.03872569914915649,8,0.00629669291410834,True
e2k0_diagonal,gamma_0p5,main_isgmr,18.0,25.0,12.183327778847453,248.61961879004508,5112.788000709126,20.564700507512185,18.0,nan,0.5,nan,nan,23232.5746525657,22.006979756522565,0.0,True,fm^4 / MeV,IS E2 K=0 double-commutator EWSR in Sky3D F20 convention,skms_n24_e2,SkM*,e2,4000.0,0.30996049598984854,0.03872569914915649,8,0.00629669291410834,True
e2k0_diagonal,gamma_0p5,experiment_range,9.0,25.0,74.64947127671748,1174.470763768274,19276.010913975108,16.412508091838983,16.613324934988135,0.6213234083994266,0.5,0.12132340839942657,nan,23232.5746525657,82.96975777433411,0.0,True,fm^4 / MeV,IS E2 K=0 double-commutator EWSR in Sky3D F20 convention,skms_n24_e2,SkM*,e2,4000.0,0.30996049598984854,0.03872569914915649,8,0.00629669291410834,True
e2k0_diagonal,gamma_0p2,mqc,9.0,18.0,64.54681984168896,964.8000269905417,14870.071813117447,15.41259473167824,16.613324934988135,0.2869880687552424,0.2,0.0869880687552424,nan,23232.5746525657,64.0052686174206,3.482926853790938e-05,True,fm^4 / MeV,IS E2 K=0 double-commutator EWSR in Sky3D F20 convention,skms_n24_e2,SkM*,e2,4000.0,0.30996049598984854,0.03872569914915649,8,0.13171796288721244,False
e2k0_diagonal,gamma_0p2,main_isgmr,18.0,25.0,10.835548712217088,222.8325153624114,4615.25280233951,20.711756517370603,19.130495379683303,0.2992488262800812,0.2,0.09924882628008119,nan,23232.5746525657,19.865438382783037,0.0,True,fm^4 / MeV,IS E2 K=0 double-commutator EWSR in Sky3D F20 convention,skms_n24_e2,SkM*,e2,4000.0,0.30996049598984854,0.03872569914915649,8,0.13171796288721244,False
e2k0_diagonal,gamma_0p2,experiment_range,9.0,25.0,75.38237841127142,1187.6325423529531,19485.321450025527,16.406860502004225,16.613324934988135,0.2869880687552424,0.2,0.0869880687552424,nan,23232.5746525657,83.87069337523319,2.8294710041071265e-05,True,fm^4 / MeV,IS E2 K=0 double-commutator EWSR in Sky3D F20 convention,skms_n24_e2,SkM*,e2,4000.0,0.30996049598984854,0.03872569914915649,8,0.13171796288721244,False
e2k0_diagonal,gamma_0p1,mqc,9.0,18.0,65.37338412383733,980.4779063476614,15156.690361690862,15.458472101783952,16.613324934988135,0.23265674630669153,0.1,0.13265674630669153,nan,23232.5746525657,65.23896119286557,0.028732223945613016,True,fm^4 / MeV,IS E2 K=0 double-commutator EWSR in Sky3D F20 convention,skms_n24_e2,SkM*,e2,4000.0,0.30996049598984854,0.03872569914915649,8,0.36292969413815185,False
e2k0_diagonal,gamma_0p1,main_isgmr,18.0,25.0,10.208182568505357,210.8906273252797,4385.75574928883,20.796352141928995,20.71824904479872,0.19711728743137868,0.1,0.09711728743137868,nan,23232.5746525657,18.87761393162891,0.01177100975653116,True,fm^4 / MeV,IS E2 K=0 double-commutator EWSR in Sky3D F20 convention,skms_n24_e2,SkM*,e2,4000.0,0.30996049598984854,0.03872569914915649,8,0.36292969413815185,False
e2k0_diagonal,gamma_0p1,experiment_range,9.0,25.0,75.58158281829665,1191.3685336729413,19542.440915027255,16.403354933992336,16.613324934988135,0.23265674630669153,0.1,0.13265674630669153,nan,23232.5746525657,84.11655275954995,0.025816198952756362,True,fm^4 / MeV,IS E2 K=0 double-commutator EWSR in Sky3D F20 convention,skms_n24_e2,SkM*,e2,4000.0,0.30996049598984854,0.03872569914915649,8,0.36292969413815185,False
e2k0_diagonal,gamma_0p07,mqc,9.0,18.0,65.64021974300557,985.6060421309566,15251.068012841763,15.47379719778074,16.613324934988135,0.2194812927102383,0.07,0.1494812927102383,nan,23232.5746525657,65.6451910342081,0.06164745893776479,True,fm^4 / MeV,IS E2 K=0 double-commutator EWSR in Sky3D F20 convention,skms_n24_e2,SkM*,e2,4000.0,0.30996049598984854,0.03872569914915649,8,0.49189878732324216,False
e2k0_diagonal,gamma_0p07,main_isgmr,18.0,25.0,9.987553597950754,206.6908832381161,4304.963605750863,20.82802849505159,20.71824904479872,0.18350841912279492,0.07,0.11350841912279491,nan,23232.5746525657,18.529860207617766,0.03817176912234313,True,fm^4 / MeV,IS E2 K=0 double-commutator EWSR in Sky3D F20 convention,skms_n24_e2,SkM*,e2,4000.0,0.30996049598984854,0.03872569914915649,8,0.49189878732324216,False
e2k0_diagonal,gamma_0p07,experiment_range,9.0,25.0,75.62779272576665,1192.2969253690726,19556.025367544193,16.401975842964347,16.613324934988135,0.2194812927102383,0.07,0.1494812927102383,nan,23232.5746525657,84.17502433543031,0.057750352405221535,True,fm^4 / MeV,IS E2 K=0 double-commutator EWSR in Sky3D F20 convention,skms_n24_e2,SkM*,e2,4000.0,0.30996049598984854,0.03872569914915649,8,0.49189878732324216,False
e2k0_diagonal,gamma_1,mqc,9.0,18.0,59.75861058613671,875.2847307809884,13247.793385966152,15.135410135791552,16.578741849994397,1.611389051577813,1.0,0.6113890515778131,nan,23232.5746525657,57.02249356380794,0.0,True,fm^4 / MeV,IS E2 K=0 double-commutator EWSR in Sky3D F20 convention,skms_n24_e2,SkM*,e2,8000.0,0.15498024799492427,0.01936768907709626,8,1.5719909959584757e-09,True
e2k0_diagonal,gamma_1,main_isgmr,18.0,25.0,13.622133630423587,276.6344213687556,5662.918600174434,20.47076633542188,18.0,nan,1.0,nan,nan,23232.5746525657,24.37490758067594,0.0,True,fm^4 / MeV,IS E2 K=0 double-commutator EWSR in Sky3D F20 convention,skms_n24_e2,SkM*,e2,8000.0,0.15498024799492427,0.01936768907709626,8,1.5719909959584757e-09,True
e2k0_diagonal,gamma_1,experiment_range,9.0,25.0,73.38074459602103,1151.919152149744,18910.711868793423,16.41670062825305,16.578741849994397,1.611389051577813,1.0,0.6113890515778131,nan,23232.5746525657,81.39740063938635,0.0,True,fm^4 / MeV,IS E2 K=0 double-commutator EWSR in Sky3D F20 convention,skms_n24_e2,SkM*,e2,8000.0,0.15498024799492427,0.01936768907709626,8,1.5719909959584757e-09,True
e2k0_diagonal,gamma_0p5,mqc,9.0,18.0,62.46717293121816,925.8631832570788,14163.373741226107,15.297480229639339,16.598109539071498,0.6172400331356265,0.5,0.11724003313562648,nan,23232.5746525657,60.96342722678809,0.0,True,fm^4 / MeV,IS E2 K=0 double-commutator EWSR in Sky3D F20 convention,skms_n24_e2,SkM*,e2,8000.0,0.15498024799492427,0.01936768907709626,8,3.964834165458217e-05,True
e2k0_diagonal,gamma_0p5,main_isgmr,18.0,25.0,12.183342602685075,248.62300980691984,5112.922580941275,20.564961324022104,18.0,nan,0.5,nan,nan,23232.5746525657,22.007559030383344,0.0,True,fm^4 / MeV,IS E2 K=0 double-commutator EWSR in Sky3D F20 convention,skms_n24_e2,SkM*,e2,8000.0,0.15498024799492427,0.01936768907709626,8,3.964834165458217e-05,True
e2k0_diagonal,gamma_0p5,experiment_range,9.0,25.0,74.65051631314677,1174.4861930639988,19276.29607498058,16.412535276121545,16.598109539071498,0.6172400331356265,0.5,0.11724003313562648,nan,23232.5746525657,82.97098519320497,0.0,True,fm^4 / MeV,IS E2 K=0 double-commutator EWSR in Sky3D F20 convention,skms_n24_e2,SkM*,e2,8000.0,0.15498024799492427,0.01936768907709626,8,3.964834165458217e-05,True
e2k0_diagonal,gamma_0p2,mqc,9.0,18.0,64.52824793882948,964.3440060186608,14860.737607566993,15.41020373934841,16.598109539071498,0.24490256932830334,0.2,0.04490256932830333,nan,23232.5746525657,63.96509138484934,0.0,True,fm^4 / MeV,IS E2 K=0 double-commutator EWSR in Sky3D F20 convention,skms_n24_e2,SkM*,e2,8000.0,0.15498024799492427,0.01936768907709626,8,0.017349621747157075,True
e2k0_diagonal,gamma_0p2,main_isgmr,18.0,25.0,10.876533312839223,223.63328650926422,4631.2329482030345,20.709050161954227,19.135276808171106,0.2501632968280241,0.2,0.05016329682802406,nan,23232.5746525657,19.934221744517593,0.0,True,fm^4 / MeV,IS E2 K=0 double-commutator EWSR in Sky3D F20 convention,skms_n24_e2,SkM*,e2,8000.0,0.15498024799492427,0.01936768907709626,8,0.017349621747157075,True
e2k0_diagonal,gamma_0p2,experiment_range,9.0,25.0,75.40478220998489,1187.977292527925,19491.970249629405,16.407695982262403,16.598109539071498,0.24490256932830334,0.2,0.04490256932830333,nan,23232.5746525657,83.89931181164546,0.0,True,fm^4 / MeV,IS E2 K=0 double-commutator EWSR in Sky3D F20 convention,skms_n24_e2,SkM*,e2,8000.0,0.15498024799492427,0.01936768907709626,8,0.017349621747157075,True
e2k0_diagonal,gamma_0p1,mqc,9.0,18.0,65.28866555084961,978.7384359958445,15123.379411166743,15.451911210352174,16.598109539071498,0.16976847459443078,0.1,0.06976847459443078,nan,23232.5746525657,65.09558082705476,0.0012292805704953915,True,fm^4 / MeV,IS E2 K=0 double-commutator EWSR in Sky3D F20 convention,skms_n24_e2,SkM*,e2,8000.0,0.15498024799492427,0.01936768907709626,8,0.13171796288721244,False
e2k0_diagonal,gamma_0p1,main_isgmr,18.0,25.0,10.34315412521775,213.50442069686062,4437.395473727402,20.78362339872923,19.135276808171106,0.1392543338200234,0.1,0.039254333820023385,nan,23232.5746525657,19.09988686181777,0.0,True,fm^4 / MeV,IS E2 K=0 double-commutator EWSR in Sky3D F20 convention,skms_n24_e2,SkM*,e2,8000.0,0.15498024799492427,0.01936768907709626,8,0.13171796288721244,False
e2k0_diagonal,gamma_0p1,experiment_range,9.0,25.0,75.63181998977444,1192.2428566927051,19560.774787728642,16.40670328022803,16.598109539071498,0.16976847459443078,0.1,0.06976847459443078,nan,23232.5746525657,84.19546727064294,0.0010095880069718743,True,fm^4 / MeV,IS E2 K=0 double-commutator EWSR in Sky3D F20 convention,skms_n24_e2,SkM*,e2,8000.0,0.15498024799492427,0.01936768907709626,8,0.13171796288721244,False
e2k0_diagonal,gamma_0p07,mqc,9.0,18.0,65.50605153896113,982.9989324595701,15202.321287377425,15.465246996087336,16.598109539071498,0.15230781659731818,0.07,0.08230781659731817,nan,23232.5746525657,65.43537044310563,0.008621265093999964,True,fm^4 / MeV,IS E2 K=0 double-commutator EWSR in Sky3D F20 convention,skms_n24_e2,SkM*,e2,8000.0,0.15498024799492427,0.01936768907709626,8,0.24196441697007623,False
e2k0_diagonal,gamma_0p07,main_isgmr,18.0,25.0,10.1798988906879,210.40884452222633,4378.263175834059,20.808360911708565,19.135276808171106,0.12163619581863117,0.07,0.05163619581863116,nan,23232.5746525657,18.8453636383798,0.0015012308514218713,True,fm^4 / MeV,IS E2 K=0 double-commutator EWSR in Sky3D F20 convention,skms_n24_e2,SkM*,e2,8000.0,0.15498024799492427,0.01936768907709626,8,0.24196441697007623,False
e2k0_diagonal,gamma_0p07,experiment_range,9.0,25.0,75.68595033131471,1193.4077769817964,19580.584500091765,16.407287498672332,16.598109539071498,0.15230781659731818,0.07,0.08230781659731817,nan,23232.5746525657,84.28073424022926,0.007380742997050506,True,fm^4 / MeV,IS E2 K=0 double-commutator EWSR in Sky3D F20 convention,skms_n24_e2,SkM*,e2,8000.0,0.15498024799492427,0.01936768907709626,8,0.24196441697007623,False
e2k0_diagonal,gamma_1,mqc,9.0,18.0,59.7587572889568,875.2872300127182,13247.835612825467,15.135415162669485,16.580123181593297,1.6114510343358486,1.0,0.6114510343358486,nan,23232.5746525657,57.02267532093106,0.0,True,fm^4 / MeV,IS E2 K=0 double-commutator EWSR in Sky3D F20 convention,skms_n24_e2,SkM*,e2,12000.0,0.10332016532994952,0.012912868521490109,8,6.232683608568877e-14,True
e2k0_diagonal,gamma_1,main_isgmr,18.0,25.0,13.62199703275669,276.6320752803417,5662.878356515592,20.4707944687064,18.0,nan,1.0,nan,nan,23232.5746525657,24.374734359845085,0.0,True,fm^4 / MeV,IS E2 K=0 double-commutator EWSR in Sky3D F20 convention,skms_n24_e2,SkM*,e2,12000.0,0.10332016532994952,0.012912868521490109,8,6.232683608568877e-14,True
e2k0_diagonal,gamma_1,experiment_range,9.0,25.0,73.38075434081206,1151.91930529306,18910.71396343944,16.416700264111263,16.580123181593297,1.6114510343358486,1.0,0.6114510343358486,nan,23232.5746525657,81.3974096553738,0.0,True,fm^4 / MeV,IS E2 K=0 double-commutator EWSR in Sky3D F20 convention,skms_n24_e2,SkM*,e2,12000.0,0.10332016532994952,0.012912868521490109,8,6.232683608568877e-14,True
e2k0_diagonal,gamma_0p5,mqc,9.0,18.0,62.467479488833334,925.8684717984555,14163.465599929717,15.297492064307859,16.59303605011479,0.6172117679309324,0.5,0.11721176793093235,nan,23232.5746525657,60.9638226143204,0.0,True,fm^4 / MeV,IS E2 K=0 double-commutator EWSR in Sky3D F20 convention,skms_n24_e2,SkM*,e2,12000.0,0.10332016532994952,0.012912868521490109,8,2.4965343195255453e-07,True
e2k0_diagonal,gamma_0p5,main_isgmr,18.0,25.0,12.183047309968618,248.61775150121625,5112.828599611989,20.56501826092244,18.0,nan,0.5,nan,nan,23232.5746525657,22.0071545064307,0.0,True,fm^4 / MeV,IS E2 K=0 double-commutator EWSR in Sky3D F20 convention,skms_n24_e2,SkM*,e2,12000.0,0.10332016532994952,0.012912868521490109,8,2.4965343195255453e-07,True
e2k0_diagonal,gamma_0p5,experiment_range,9.0,25.0,74.65052683862956,1174.4862232996716,19276.294186914325,16.412533246033618,16.59303605011479,0.6172117679309324,0.5,0.11721176793093235,nan,23232.5746525657,82.97097706639904,0.0,True,fm^4 / MeV,IS E2 K=0 double-commutator EWSR in Sky3D F20 convention,skms_n24_e2,SkM*,e2,12000.0,0.10332016532994952,0.012912868521490109,8,2.4965343195255453e-07,True
e2k0_diagonal,gamma_0p2,mqc,9.0,18.0,64.53338846656347,964.405550130557,14861.565509850909,15.410078786708574,16.59303605011479,0.24453839525762788,0.2,0.04453839525762787,nan,23232.5746525657,63.968654925680674,0.0,True,fm^4 / MeV,IS E2 K=0 double-commutator EWSR in Sky3D F20 convention,skms_n24_e2,SkM*,e2,12000.0,0.10332016532994952,0.012912868521490109,8,0.0022852568333992076,True
e2k0_diagonal,gamma_0p2,main_isgmr,18.0,25.0,10.874696585109463,223.5995143711843,4630.606315718884,20.709375549143136,19.13687114884834,0.25152663238198514,0.2,0.05152663238198513,nan,23232.5746525657,19.931524529535945,0.0,True,fm^4 / MeV,IS E2 K=0 double-commutator EWSR in Sky3D F20 convention,skms_n24_e2,SkM*,e2,12000.0,0.10332016532994952,0.012912868521490109,8,0.0022852568333992076,True
e2k0_diagonal,gamma_0p2,experiment_range,9.0,25.0,75.40808510376011,1188.0050645017413,19492.171808922816,16.40748208181923,16.59303605011479,0.24453839525762788,0.2,0.04453839525762787,nan,23232.5746525657,83.90017938356303,0.0,True,fm^4 / MeV,IS E2 K=0 double-commutator EWSR in Sky3D F20 convention,skms_n24_e2,SkM*,e2,12000.0,0.10332016532994952,0.012912868521490109,8,0.0022852568333992076,True
e2k0_diagonal,gamma_0p1,mqc,9.0,18.0,65.32196871363598,979.0920970747252,15127.530680238231,15.450569691488056,16.59303605011479,0.16862115393815458,0.1,0.06862115393815457,nan,23232.5746525657,65.11344913968722,0.0,True,fm^4 / MeV,IS E2 K=0 double-commutator EWSR in Sky3D F20 convention,skms_n24_e2,SkM*,e2,12000.0,0.10332016532994952,0.012912868521490109,8,0.04780435998315643,True
e2k0_diagonal,gamma_0p1,main_isgmr,18.0,25.0,10.336205306838886,213.37391276788372,4434.906444066438,20.784670377633738,19.13687114884834,0.11616749702794493,0.1,0.016167497027944927,nan,23232.5746525657,19.089173328349414,0.0,True,fm^4 / MeV,IS E2 K=0 double-commutator EWSR in Sky3D F20 convention,skms_n24_e2,SkM*,e2,12000.0,0.10332016532994952,0.012912868521490109,8,0.04780435998315643,True
e2k0_diagonal,gamma_0p1,experiment_range,9.0,25.0,75.6581740276045,1192.4660098426089,19562.437122181043,16.405027028622015,16.59303605011479,0.16862115393815458,0.1,0.06862115393815457,nan,23232.5746525657,84.2026224588959,0.0,True,fm^4 / MeV,IS E2 K=0 double-commutator EWSR in Sky3D F20 convention,skms_n24_e2,SkM*,e2,12000.0,0.10332016532994952,0.012912868521490109,8,0.04780435998315643,True
e2k0_diagonal,gamma_0p07,mqc,9.0,18.0,65.564156336422,983.5807156476535,15208.611655137895,15.462494753288809,16.580123181593297,0.1528443696850701,0.07,0.08284436968507009,nan,23232.5746525657,65.46244608088809,0.0015955220436252703,True,fm^4 / MeV,IS E2 K=0 double-commutator EWSR in Sky3D F20 convention,skms_n24_e2,SkM*,e2,12000.0,0.10332016532994952,0.012912868521490109,8,0.11902200328295581,False
e2k0_diagonal,gamma_0p07,main_isgmr,18.0,25.0,10.17163973217647,210.25046647893015,4375.1617157832,20.809284226827856,19.13687114884834,0.09413333481680297,0.07,0.024133334816802965,nan,23232.5746525657,18.83201402002178,7.585644825580227e-06,True,fm^4 / MeV,IS E2 K=0 double-commutator EWSR in Sky3D F20 convention,skms_n24_e2,SkM*,e2,12000.0,0.10332016532994952,0.012912868521490109,8,0.11902200328295581,False
e2k0_diagonal,gamma_0p07,experiment_range,9.0,25.0,75.73579602187402,1193.8311821265838,19583.773386217188,16.404139613217684,16.580123181593297,0.1528443696850701,0.07,0.08284436968507009,nan,23232.5746525657,84.29446016674886,0.0013165962655904571,True,fm^4 / MeV,IS E2 K=0 double-commutator EWSR in Sky3D F20 convention,skms_n24_e2,SkM*,e2,12000.0,0.10332016532994952,0.012912868521490109,8,0.11902200328295581,False
e2k0_diagonal,gamma_1,mqc,9.0,18.0,59.758822344097,875.2883399568552,13247.854392507423,15.13541742502869,16.581044197212762,1.6114540932255217,1.0,0.6114540932255217,nan,23232.5746525657,57.02275615433948,0.0,True,fm^4 / MeV,IS E2 K=0 double-commutator EWSR in Sky3D F20 convention,skms_n24_e2,SkM*,e2,18000.0,0.06888011021996635,0.00860905721558295,8,1.5560108531536548e-20,True
e2k0_diagonal,gamma_1,main_isgmr,18.0,25.0,13.621936251528435,276.631032993244,5662.860507876583,20.470807076857803,18.0,nan,1.0,nan,nan,23232.5746525657,24.37465753392598,0.0,True,fm^4 / MeV,IS E2 K=0 double-commutator EWSR in Sky3D F20 convention,skms_n24_e2,SkM*,e2,18000.0,0.06888011021996635,0.00860905721558295,8,1.5560108531536548e-20,True
e2k0_diagonal,gamma_1,experiment_range,9.0,25.0,73.38075861637842,1151.9193729500992,18910.714893969198,16.416700107697906,16.581044197212762,1.6114540932255217,1.0,0.6114540932255217,nan,23232.5746525657,81.3974136606542,0.0,True,fm^4 / MeV,IS E2 K=0 double-commutator EWSR in Sky3D F20 convention,skms_n24_e2,SkM*,e2,18000.0,0.06888011021996635,0.00860905721558295,8,1.5560108531536548e-20,True
e2k0_diagonal,gamma_0p5,mqc,9.0,18.0,62.46760981381905,925.8707499061587,14163.505455555212,15.29749747142433,16.59826231164393,0.6168466336690592,0.5,0.11684663366905923,nan,23232.5746525657,60.96399416493883,0.0,True,fm^4 / MeV,IS E2 K=0 double-commutator EWSR in Sky3D F20 convention,skms_n24_e2,SkM*,e2,18000.0,0.06888011021996635,0.00860905721558295,8,1.247401640672985e-10,True
e2k0_diagonal,gamma_0p5,main_isgmr,18.0,25.0,12.182918285388563,248.61545849459043,5112.787701254818,20.56504342977557,18.0,nan,0.5,nan,nan,23232.5746525657,22.00697846758101,0.0,True,fm^4 / MeV,IS E2 K=0 double-commutator EWSR in Sky3D F20 convention,skms_n24_e2,SkM*,e2,18000.0,0.06888011021996635,0.00860905721558295,8,1.247401640672985e-10,True
e2k0_diagonal,gamma_0p5,experiment_range,9.0,25.0,74.6505281422362,1174.486208400749,19276.29314316495,16.41253256554856,16.59826231164393,0.6168466336690592,0.5,0.11684663366905923,nan,23232.5746525657,82.97097257378731,0.0,True,fm^4 / MeV,IS E2 K=0 double-commutator EWSR in Sky3D F20 convention,skms_n24_e2,SkM*,e2,18000.0,0.06888011021996635,0.00860905721558295,8,1.247401640672985e-10,True
e2k0_diagonal,gamma_0p2,mqc,9.0,18.0,64.53348896827882,964.4082187968172,14861.620939045255,15.410093619469993,16.59826231164393,0.24419009966470995,0.2,0.044190099664709936,nan,23232.5746525657,63.9688935096309,0.0,True,fm^4 / MeV,IS E2 K=0 double-commutator EWSR in Sky3D F20 convention,skms_n24_e2,SkM*,e2,18000.0,0.06888011021996635,0.00860905721558295,8,0.0001092452403177839,True
e2k0_diagonal,gamma_0p2,main_isgmr,18.0,25.0,10.874480991408781,223.5955551981415,4630.532827835849,20.709413582628933,19.137934190240898,0.2500692169947669,0.2,0.05006921699476691,nan,23232.5746525657,19.931208215549514,0.0,True,fm^4 / MeV,IS E2 K=0 double-commutator EWSR in Sky3D F20 convention,skms_n24_e2,SkM*,e2,18000.0,0.06888011021996635,0.00860905721558295,8,0.0001092452403177839,True
e2k0_diagonal,gamma_0p2,experiment_range,9.0,25.0,75.4079700156124,1188.0037739949587,19492.153749005087,16.407484703064423,16.59826231164393,0.24419009966470995,0.2,0.044190099664709936,nan,23232.5746525657,83.90010164823666,0.0,True,fm^4 / MeV,IS E2 K=0 double-commutator EWSR in Sky3D F20 convention,skms_n24_e2,SkM*,e2,18000.0,0.06888011021996635,0.00860905721558295,8,0.0001092452403177839,True
e2k0_diagonal,gamma_0p1,mqc,9.0,18.0,65.32143578738204,979.0982978568832,15127.785194911628,15.450731788651202,16.581044197212762,0.15951513731777212,0.1,0.05951513731777211,nan,23232.5746525657,65.11454464751277,0.0,True,fm^4 / MeV,IS E2 K=0 double-commutator EWSR in Sky3D F20 convention,skms_n24_e2,SkM*,e2,18000.0,0.06888011021996635,0.00860905721558295,8,0.01045204479122549,True
e2k0_diagonal,gamma_0p1,main_isgmr,18.0,25.0,10.334797843278464,213.34722810996573,4434.39277673776,20.784862386176105,19.137934190240898,0.10574889269732068,0.1,0.005748892697320679,nan,23232.5746525657,19.0869623494271,0.0,True,fm^4 / MeV,IS E2 K=0 double-commutator EWSR in Sky3D F20 convention,skms_n24_e2,SkM*,e2,18000.0,0.06888011021996635,0.00860905721558295,8,0.01045204479122549,True
e2k0_diagonal,gamma_0p1,experiment_range,9.0,25.0,75.65623364350972,1192.445525966849,19562.177967701366,16.40509150457009,16.581044197212762,0.15951513731777212,0.1,0.05951513731777211,nan,23232.5746525657,84.20150697994639,0.0,True,fm^4 / MeV,IS E2 K=0 double-commutator EWSR in Sky3D F20 convention,skms_n24_e2,SkM*,e2,18000.0,0.06888011021996635,0.00860905721558295,8,0.01045204479122549,True
e2k0_diagonal,gamma_0p07,mqc,9.0,18.0,65.56397023057852,983.6101388037014,15209.438502811741,15.462872842394605,16.581044197212762,0.13860572000142213,0.07,0.06860572000142212,nan,23232.5746525657,65.46600508235998,2.1363005830514493e-07,True,fm^4 / MeV,IS E2 K=0 double-commutator EWSR in Sky3D F20 convention,skms_n24_e2,SkM*,e2,18000.0,0.06888011021996635,0.00860905721558295,8,0.04106207420869087,True
e2k0_diagonal,gamma_0p07,main_isgmr,18.0,25.0,10.167736244851863,210.17686484091365,4373.754794271898,20.809877421963,19.137934190240898,0.07527744684647786,0.07,0.005277446846477851,nan,23232.5746525657,18.82595820600917,0.0,True,fm^4 / MeV,IS E2 K=0 double-commutator EWSR in Sky3D F20 convention,skms_n24_e2,SkM*,e2,18000.0,0.06888011021996635,0.00860905721558295,8,0.04106207420869087,True
e2k0_diagonal,gamma_0p07,experiment_range,9.0,25.0,75.7317064522001,1193.787003644615,19583.19330481695,16.404260764298602,16.581044197212762,0.13860572000142213,0.07,0.06860572000142212,nan,23232.5746525657,84.29196332165564,1.760185916475466e-07,True,fm^4 / MeV,IS E2 K=0 double-commutator EWSR in Sky3D F20 convention,skms_n24_e2,SkM*,e2,18000.0,0.06888011021996635,0.00860905721558295,8,0.04106207420869087,True
q00_from_e2k0,gamma_1,mqc,9.0,18.0,10.538032556890029,156.68988734863973,2392.482283674341,nan,16.566320215241657,nan,1.0,nan,nan,nan,nan,0.0,False,fm^4 / MeV,,skms_n24_e2,SkM*,e2,2000.0,0.6199209919796971,0.07741271128617595,8,0.00629669291410834,True
q00_from_e2k0,gamma_1,main_isgmr,18.0,25.0,-0.4821563369523406,-12.865715600191415,-329.4196946435375,nan,18.0,nan,1.0,nan,nan,nan,nan,0.7260667581670359,False,fm^4 / MeV,,skms_n24_e2,SkM*,e2,2000.0,0.6199209919796971,0.07741271128617595,8,0.00629669291410834,True
q00_from_e2k0,gamma_1,experiment_range,9.0,25.0,10.055879872011175,143.82417174844832,2063.06145007109,nan,16.566320215241657,nan,1.0,nan,nan,nan,nan,0.1115914047217849,False,fm^4 / MeV,,skms_n24_e2,SkM*,e2,2000.0,0.6199209919796971,0.07741271128617595,8,0.00629669291410834,True
q00_from_e2k0,gamma_0p5,mqc,9.0,18.0,11.123968340111878,167.20337713820157,2576.870266154707,nan,16.566320215241657,nan,0.5,nan,nan,nan,nan,0.0,False,fm^4 / MeV,,skms_n24_e2,SkM*,e2,2000.0,0.6199209919796971,0.07741271128617595,8,0.07935170391433533,False
q00_from_e2k0,gamma_0p5,main_isgmr,18.0,25.0,-0.8621455585747523,-20.530496651452047,-485.3592977850039,nan,18.0,nan,0.5,nan,nan,nan,nan,0.8363855924174216,False,fm^4 / MeV,,skms_n24_e2,SkM*,e2,2000.0,0.6199209919796971,0.07741271128617595,8,0.07935170391433533,False
q00_from_e2k0,gamma_0p5,experiment_range,9.0,25.0,10.261829472962779,146.67288048674953,2091.50884209559,nan,16.566320215241657,nan,0.5,nan,nan,nan,nan,0.12908883853389527,False,fm^4 / MeV,,skms_n24_e2,SkM*,e2,2000.0,0.6199209919796971,0.07741271128617595,8,0.07935170391433533,False
q00_from_e2k0,gamma_0p2,mqc,9.0,18.0,11.530700950982414,174.56924718797822,2706.8558209334774,nan,16.566320215241657,nan,0.2,nan,nan,nan,nan,0.0034154960093117515,False,fm^4 / MeV,,skms_n24_e2,SkM*,e2,2000.0,0.6199209919796971,0.07741271128617595,8,0.36292969413815185,False
q00_from_e2k0,gamma_0p2,main_isgmr,18.0,25.0,-1.1391441619721192,-25.981450445326868,-593.3549995252196,nan,18.0,nan,0.2,nan,nan,nan,nan,0.8600055980060733,False,fm^4 / MeV,,skms_n24_e2,SkM*,e2,2000.0,0.6199209919796971,0.07741271128617595,8,0.36292969413815185,False
q00_from_e2k0,gamma_0p2,experiment_range,9.0,25.0,10.391570484717883,148.58779674265134,2113.4964327424264,nan,16.566320215241657,nan,0.2,nan,nan,nan,nan,0.1493167607570705,False,fm^4 / MeV,,skms_n24_e2,SkM*,e2,2000.0,0.6199209919796971,0.07741271128617595,8,0.36292969413815185,False
q00_from_e2k0,gamma_0p1,mqc,9.0,18.0,11.681554063056039,177.3315761023215,2755.948371656731,nan,16.566320215241657,nan,0.1,nan,nan,nan,nan,0.036846931514212686,False,fm^4 / MeV,,skms_n24_e2,SkM*,e2,2000.0,0.6199209919796971,0.07741271128617595,8,0.6024364648144664,False
q00_from_e2k0,gamma_0p1,main_isgmr,18.0,25.0,-1.2446678878764847,-28.008789630705376,-632.4321968369862,nan,18.0,nan,0.1,nan,nan,nan,nan,0.8326404692022118,False,fm^4 / MeV,,skms_n24_e2,SkM*,e2,2000.0,0.6199209919796971,0.07741271128617595,8,0.6024364648144664,False
q00_from_e2k0,gamma_0p1,experiment_range,9.0,25.0,10.436904794300945,149.32278647161613,2123.5101989485884,nan,16.566320215241657,nan,0.1,nan,nan,nan,nan,0.18030601336358054,False,fm^4 / MeV,,skms_n24_e2,SkM*,e2,2000.0,0.6199209919796971,0.07741271128617595,8,0.6024364648144664,False
q00_from_e2k0,gamma_0p07,mqc,9.0,18.0,11.728931068066094,178.20357206994925,2771.4964881251,nan,16.566320215241657,nan,0.07,nan,nan,nan,nan,0.0518235863619054,False,fm^4 / MeV,,skms_n24_e2,SkM*,e2,2000.0,0.6199209919796971,0.07741271128617595,8,0.7013549652802368,False
q00_from_e2k0,gamma_0p07,main_isgmr,18.0,25.0,-1.2780748972096823,-28.643356308642247,-644.4980709798166,nan,18.0,nan,0.07,nan,nan,nan,nan,0.8204403988317079,False,fm^4 / MeV,,skms_n24_e2,SkM*,e2,2000.0,0.6199209919796971,0.07741271128617595,8,0.7013549652802368,False
q00_from_e2k0,gamma_0p07,experiment_range,9.0,25.0,10.450876720729578,149.56021576130695,2126.991819184661,nan,16.566320215241657,nan,0.07,nan,nan,nan,nan,0.19289907500443979,False,fm^4 / MeV,,skms_n24_e2,SkM*,e2,2000.0,0.6199209919796971,0.07741271128617595,8,0.7013549652802368,False
q00_from_e2k0,gamma_1,mqc,9.0,18.0,10.538889052966805,156.70294357275247,2392.6913300777487,nan,16.53587353668982,nan,1.0,nan,nan,nan,nan,0.0,False,fm^4 / MeV,,skms_n24_e2,SkM*,e2,4000.0,0.30996049598984854,0.03872569914915649,8,3.964834165458217e-05,True
q00_from_e2k0,gamma_1,main_isgmr,18.0,25.0,-0.482867591790599,-12.878783873628208,-329.66333889294407,nan,18.0,nan,1.0,nan,nan,nan,nan,0.726468578259985,False,fm^4 / MeV,,skms_n24_e2,SkM*,e2,4000.0,0.30996049598984854,0.03872569914915649,8,3.964834165458217e-05,True
q00_from_e2k0,gamma_1,experiment_range,9.0,25.0,10.05602175241214,143.82415969912424,2063.027900351168,nan,16.53587353668982,nan,1.0,nan,nan,nan,nan,0.11157343721909051,False,fm^4 / MeV,,skms_n24_e2,SkM*,e2,4000.0,0.30996049598984854,0.03872569914915649,8,3.964834165458217e-05,True
q00_from_e2k0,gamma_0p5,mqc,9.0,18.0,11.128316073286317,167.2617937987606,2577.7323058295588,nan,16.613324934988135,nan,0.5,nan,nan,nan,nan,0.0,False,fm^4 / MeV,,skms_n24_e2,SkM*,e2,4000.0,0.30996049598984854,0.03872569914915649,8,0.00629669291410834,True
q00_from_e2k0,gamma_0p5,main_isgmr,18.0,25.0,-0.8655207580349565,-20.597409455463005,-486.7248756602236,nan,18.0,nan,0.5,nan,nan,nan,nan,0.8401902352224145,False,fm^4 / MeV,,skms_n24_e2,SkM*,e2,4000.0,0.30996049598984854,0.03872569914915649,8,0.00629669291410834,True
q00_from_e2k0,gamma_0p5,experiment_range,9.0,25.0,10.262795890405538,146.66438434329763,2091.0072468009894,nan,16.613324934988135,nan,0.5,nan,nan,nan,nan,0.1287638569906112,False,fm^4 / MeV,,skms_n24_e2,SkM*,e2,4000.0,0.30996049598984854,0.03872569914915649,8,0.00629669291410834,True
q00_from_e2k0,gamma_0p2,mqc,9.0,18.0,11.546826816400074,174.7903843089174,2710.1766541896304,nan,16.613324934988135,nan,0.2,nan,nan,nan,nan,0.0,False,fm^4 / MeV,,skms_n24_e2,SkM*,e2,4000.0,0.30996049598984854,0.03872569914915649,8,0.13171796288721244,False
q00_from_e2k0,gamma_0p2,main_isgmr,18.0,25.0,-1.1532259590207328,-26.263434538889573,-599.1741248783982,nan,21.72511722267679,nan,0.2,nan,nan,nan,nan,0.8962341592064054,False,fm^4 / MeV,,skms_n24_e2,SkM*,e2,4000.0,0.30996049598984854,0.03872569914915649,8,0.13171796288721244,False
q00_from_e2k0,gamma_0p2,experiment_range,9.0,25.0,10.393602558710471,148.52694977002784,2111.0019801665735,nan,16.613324934988135,nan,0.2,nan,nan,nan,nan,0.14284676857748851,False,fm^4 / MeV,,skms_n24_e2,SkM*,e2,4000.0,0.30996049598984854,0.03872569914915649,8,0.13171796288721244,False
q00_from_e2k0,gamma_0p1,mqc,9.0,18.0,11.709776897982941,177.74761665584012,2762.5505727577533,nan,16.613324934988135,nan,0.1,nan,nan,nan,nan,0.02917092549123674,False,fm^4 / MeV,,skms_n24_e2,SkM*,e2,4000.0,0.30996049598984854,0.03872569914915649,8,0.36292969413815185,False
q00_from_e2k0,gamma_0p1,main_isgmr,18.0,25.0,-1.2722143266532027,-28.55278397684871,-643.4790305990858,nan,21.72511722267679,nan,0.1,nan,nan,nan,nan,0.87516209048199,False,fm^4 / MeV,,skms_n24_e2,SkM*,e2,4000.0,0.30996049598984854,0.03872569914915649,8,0.36292969413815185,False
q00_from_e2k0,gamma_0p1,experiment_range,9.0,25.0,10.437565751269462,149.19483267899142,2119.0705135384014,nan,16.613324934988135,nan,0.1,nan,nan,nan,nan,0.17112768170054268,False,fm^4 / MeV,,skms_n24_e2,SkM*,e2,4000.0,0.30996049598984854,0.03872569914915649,8,0.36292969413815185,False
q00_from_e2k0,gamma_0p07,mqc,9.0,18.0,11.76300322898161,178.72018463963659,2779.858215916998,nan,16.613324934988135,nan,0.07,nan,nan,nan,nan,0.06115334984555894,False,fm^4 / MeV,,skms_n24_e2,SkM*,e2,4000.0,0.30996049598984854,0.03872569914915649,8,0.49189878732324216,False
q00_from_e2k0,gamma_0p07,main_isgmr,18.0,25.0,-1.3126288846002692,-29.32198420522723,-658.1892086100328,nan,21.72511722267679,nan,0.07,nan,nan,nan,nan,0.8562948149943312,False,fm^4 / MeV,,skms_n24_e2,SkM*,e2,4000.0,0.30996049598984854,0.03872569914915649,8,0.49189878732324216,False
q00_from_e2k0,gamma_0p07,experiment_range,9.0,25.0,10.45037829607345,149.39820043440932,2121.66772854796,nan,16.613324934988135,nan,0.07,nan,nan,nan,nan,0.1949017777102577,False,fm^4 / MeV,,skms_n24_e2,SkM*,e2,4000.0,0.30996049598984854,0.03872569914915649,8,0.49189878732324216,False
q00_from_e2k0,gamma_1,mqc,9.0,18.0,10.539008645564554,156.7049353723916,2392.724733404638,nan,16.559374160917304,nan,1.0,nan,nan,nan,nan,0.0,False,fm^4 / MeV,,skms_n24_e2,SkM*,e2,8000.0,0.15498024799492427,0.01936768907709626,8,1.5719909959584757e-09,True
q00_from_e2k0,gamma_1,main_isgmr,18.0,25.0,-0.4829733474155915,-12.88060596178481,-329.6944785876705,nan,18.0,nan,1.0,nan,nan,nan,nan,0.7265157503254913,False,fm^4 / MeV,,skms_n24_e2,SkM*,e2,8000.0,0.15498024799492427,0.01936768907709626,8,1.5719909959584757e-09,True
q00_from_e2k0,gamma_1,experiment_range,9.0,25.0,10.05603535284534,143.82432941060682,2063.030237738017,nan,16.559374160917304,nan,1.0,nan,nan,nan,nan,0.11157317274553473,False,fm^4 / MeV,,skms_n24_e2,SkM*,e2,8000.0,0.15498024799492427,0.01936768907709626,8,1.5719909959584757e-09,True
q00_from_e2k0,gamma_0p5,mqc,9.0,18.0,11.128243189235215,167.2599106529931,2577.692332410381,nan,16.598109539071498,nan,0.5,nan,nan,nan,nan,0.0,False,fm^4 / MeV,,skms_n24_e2,SkM*,e2,8000.0,0.15498024799492427,0.01936768907709626,8,3.964834165458217e-05,True
q00_from_e2k0,gamma_0p5,main_isgmr,18.0,25.0,-0.8653579259214327,-20.594188570528903,-486.65999236024027,nan,18.0,nan,0.5,nan,nan,nan,nan,0.8401789932463505,False,fm^4 / MeV,,skms_n24_e2,SkM*,e2,8000.0,0.15498024799492427,0.01936768907709626,8,3.964834165458217e-05,True
q00_from_e2k0,gamma_0p5,experiment_range,9.0,25.0,10.262885360710754,146.6657220824642,2091.03230900231,nan,16.598109539071498,nan,0.5,nan,nan,nan,nan,0.1287499146312974,False,fm^4 / MeV,,skms_n24_e2,SkM*,e2,8000.0,0.15498024799492427,0.01936768907709626,8,3.964834165458217e-05,True
q00_from_e2k0,gamma_0p2,mqc,9.0,18.0,11.539929049139264,174.65816405303622,2707.719768461056,nan,16.598109539071498,nan,0.2,nan,nan,nan,nan,0.0,False,fm^4 / MeV,,skms_n24_e2,SkM*,e2,8000.0,0.15498024799492427,0.01936768907709626,8,0.017349621747157075,True
q00_from_e2k0,gamma_0p2,main_isgmr,18.0,25.0,-1.1453811389352824,-26.12164490569152,-596.6084995078587,nan,21.691811766347815,nan,0.2,nan,nan,nan,nan,0.8984721815016182,False,fm^4 / MeV,,skms_n24_e2,SkM*,e2,8000.0,0.15498024799492427,0.01936768907709626,8,0.017349621747157075,True
q00_from_e2k0,gamma_0p2,experiment_range,9.0,25.0,10.394548021160533,148.53651914734468,2111.11123319859,nan,16.598109539071498,nan,0.2,nan,nan,nan,nan,0.14196923757991767,False,fm^4 / MeV,,skms_n24_e2,SkM*,e2,8000.0,0.15498024799492427,0.01936768907709626,8,0.017349621747157075,True
q00_from_e2k0,gamma_0p1,mqc,9.0,18.0,11.686040000930465,177.31655373977924,2754.7463118093046,nan,16.598109539071498,nan,0.1,nan,nan,nan,nan,0.0009269638521591588,False,fm^4 / MeV,,skms_n24_e2,SkM*,e2,8000.0,0.15498024799492427,0.01936768907709626,8,0.13171796288721244,False
q00_from_e2k0,gamma_0p1,main_isgmr,18.0,25.0,-1.2487019943441051,-28.133730895376093,-636.0427678843092,nan,21.67244407727072,nan,0.1,nan,nan,nan,nan,0.907190333222435,False,fm^4 / MeV,,skms_n24_e2,SkM*,e2,8000.0,0.15498024799492427,0.01936768907709626,8,0.13171796288721244,False
q00_from_e2k0,gamma_0p1,experiment_range,9.0,25.0,10.437337993396465,149.18282284440312,2118.7035481849975,nan,16.598109539071498,nan,0.1,nan,nan,nan,nan,0.14847219041887436,False,fm^4 / MeV,,skms_n24_e2,SkM*,e2,8000.0,0.15498024799492427,0.01936768907709626,8,0.13171796288721244,False
q00_from_e2k0,gamma_0p07,mqc,9.0,18.0,11.728031938645177,178.10019111524775,2768.769244818589,nan,16.598109539071498,nan,0.07,nan,nan,nan,nan,0.009152855612439418,False,fm^4 / MeV,,skms_n24_e2,SkM*,e2,8000.0,0.15498024799492427,0.01936768907709626,8,0.24196441697007623,False
q00_from_e2k0,gamma_0p07,main_isgmr,18.0,25.0,-1.2800352483206825,-28.744191498779504,-648.0142644119904,nan,24.325817480832907,nan,0.07,nan,nan,nan,nan,0.8981197480802873,False,fm^4 / MeV,,skms_n24_e2,SkM*,e2,8000.0,0.15498024799492427,0.01936768907709626,8,0.24196441697007623,False
q00_from_e2k0,gamma_0p07,experiment_range,9.0,25.0,10.447996589013327,149.35599961646827,2120.755013168871,nan,16.598109539071498,nan,0.07,nan,nan,nan,nan,0.1566862866158232,False,fm^4 / MeV,,skms_n24_e2,SkM*,e2,8000.0,0.15498024799492427,0.01936768907709626,8,0.24196441697007623,False
q00_from_e2k0,gamma_1,mqc,9.0,18.0,10.539031325252662,156.70531313281174,2392.7310745133204,nan,16.55429744455032,nan,1.0,nan,nan,nan,nan,0.0,False,fm^4 / MeV,,skms_n24_e2,SkM*,e2,12000.0,0.10332016532994952,0.012912868521490109,8,6.232683608568877e-14,True
q00_from_e2k0,gamma_1,main_isgmr,18.0,25.0,-0.4829933879038245,-12.880951899404359,-329.7004042554791,nan,18.0,nan,1.0,nan,nan,nan,nan,0.726524755333515,False,fm^4 / MeV,,skms_n24_e2,SkM*,e2,12000.0,0.10332016532994952,0.012912868521490109,8,6.232683608568877e-14,True
q00_from_e2k0,gamma_1,experiment_range,9.0,25.0,10.056037940112539,143.8243612334074,2063.030669395438,nan,16.55429744455032,nan,1.0,nan,nan,nan,nan,0.11157311005105439,False,fm^4 / MeV,,skms_n24_e2,SkM*,e2,12000.0,0.10332016532994952,0.012912868521490109,8,6.232683608568877e-14,True
q00_from_e2k0,gamma_0p5,mqc,9.0,18.0,11.12828394030398,167.26060311674982,2577.7042903935517,nan,16.59303605011479,nan,0.5,nan,nan,nan,nan,0.0,False,fm^4 / MeV,,skms_n24_e2,SkM*,e2,12000.0,0.10332016532994952,0.012912868521490109,8,2.4965343195255453e-07,True
q00_from_e2k0,gamma_0p5,main_isgmr,18.0,25.0,-0.8653916102374655,-20.594760365275633,-486.66947109886155,nan,18.0,nan,0.5,nan,nan,nan,nan,0.8401831682117084,False,fm^4 / MeV,,skms_n24_e2,SkM*,e2,12000.0,0.10332016532994952,0.012912868521490109,8,2.4965343195255453e-07,True
q00_from_e2k0,gamma_0p5,experiment_range,9.0,25.0,10.262892335132289,146.66584275147417,2091.034817680352,nan,16.59303605011479,nan,0.5,nan,nan,nan,nan,0.12875179197828587,False,fm^4 / MeV,,skms_n24_e2,SkM*,e2,12000.0,0.10332016532994952,0.012912868521490109,8,2.4965343195255453e-07,True
q00_from_e2k0,gamma_0p2,mqc,9.0,18.0,11.540828364806663,174.66983694541545,2707.88916556609,nan,16.59303605011479,nan,0.2,nan,nan,nan,nan,0.0,False,fm^4 / MeV,,skms_n24_e2,SkM*,e2,12000.0,0.10332016532994952,0.012912868521490109,8,0.0022852568333992076,True
q00_from_e2k0,gamma_0p2,main_isgmr,18.0,25.0,-1.145701852803297,-26.12685732766432,-596.6883842613031,nan,21.68070624758189,nan,0.2,nan,nan,nan,nan,0.8985824201980389,False,fm^4 / MeV,,skms_n24_e2,SkM*,e2,12000.0,0.10332016532994952,0.012912868521490109,8,0.0022852568333992076,True
q00_from_e2k0,gamma_0p2,experiment_range,9.0,25.0,10.395126520048441,148.5429796177511,2111.200778709425,nan,16.59303605011479,nan,0.2,nan,nan,nan,nan,0.14196945147851808,False,fm^4 / MeV,,skms_n24_e2,SkM*,e2,12000.0,0.10332016532994952,0.012912868521490109,8,0.0022852568333992076,True
q00_from_e2k0,gamma_0p1,mqc,9.0,18.0,11.692392671855607,177.39516433276975,2755.839280590969,nan,16.59303605011479,nan,0.1,nan,nan,nan,nan,0.00031194838747809403,False,fm^4 / MeV,,skms_n24_e2,SkM*,e2,12000.0,0.10332016532994952,0.012912868521490109,8,0.04780435998315643,True
q00_from_e2k0,gamma_0p1,main_isgmr,18.0,25.0,-1.2504269103922168,-28.160029610797576,-636.398018365741,nan,21.667793379060402,nan,0.1,nan,nan,nan,nan,0.908244369313442,False,fm^4 / MeV,,skms_n24_e2,SkM*,e2,12000.0,0.10332016532994952,0.012912868521490109,8,0.04780435998315643,True
q00_from_e2k0,gamma_0p1,experiment_range,9.0,25.0,10.441965772217241,149.2351347219722,2119.4412587351894,nan,16.59303605011479,nan,0.1,nan,nan,nan,nan,0.14802219535305822,False,fm^4 / MeV,,skms_n24_e2,SkM*,e2,12000.0,0.10332016532994952,0.012912868521490109,8,0.04780435998315643,True
q00_from_e2k0,gamma_0p07,mqc,9.0,18.0,11.739509890661726,178.23931108665224,2770.665198962354,nan,16.580123181593297,nan,0.07,nan,nan,nan,nan,0.001867444341529593,False,fm^4 / MeV,,skms_n24_e2,SkM*,e2,12000.0,0.10332016532994952,0.012912868521490109,8,0.11902200328295581,False
q00_from_e2k0,gamma_0p07,main_isgmr,18.0,25.0,-1.2827153095665906,-28.7830281736371,-648.4794827967214,nan,21.667793379060402,nan,0.07,nan,nan,nan,nan,0.9016276038544362,False,fm^4 / MeV,,skms_n24_e2,SkM*,e2,12000.0,0.10332016532994952,0.012912868521490109,8,0.11902200328295581,False
q00_from_e2k0,gamma_0p07,experiment_range,9.0,25.0,10.456794594263387,149.45628291301514,2122.185711882948,nan,16.580123181593297,nan,0.07,nan,nan,nan,nan,0.1520072155948761,False,fm^4 / MeV,,skms_n24_e2,SkM*,e2,12000.0,0.10332016532994952,0.012912868521490109,8,0.11902200328295581,False
q00_from_e2k0,gamma_1,mqc,9.0,18.0,10.53904137232123,156.7054806805814,2392.733890497759,nan,16.555217025566016,nan,1.0,nan,nan,nan,nan,0.0,False,fm^4 / MeV,,skms_n24_e2,SkM*,e2,18000.0,0.06888011021996635,0.00860905721558295,8,1.5560108531536548e-20,True
q00_from_e2k0,gamma_1,main_isgmr,18.0,25.0,-0.48300230318398873,-12.881105629147712,-329.70303499074976,nan,18.0,nan,1.0,nan,nan,nan,nan,0.7265287579059536,False,fm^4 / MeV,,skms_n24_e2,SkM*,e2,18000.0,0.06888011021996635,0.00860905721558295,8,1.5560108531536548e-20,True
q00_from_e2k0,gamma_1,experiment_range,9.0,25.0,10.056039072135727,143.8243750514337,2063.0308545711023,nan,16.555217025566016,nan,1.0,nan,nan,nan,nan,0.11157308217465861,False,fm^4 / MeV,,skms_n24_e2,SkM*,e2,18000.0,0.06888011021996635,0.00860905721558295,8,1.5560108531536548e-20,True
q00_from_e2k0,gamma_0p5,mqc,9.0,18.0,11.128301020712543,167.2608973058068,2577.709408814187,nan,16.59826231164393,nan,0.5,nan,nan,nan,nan,0.0,False,fm^4 / MeV,,skms_n24_e2,SkM*,e2,18000.0,0.06888011021996635,0.00860905721558295,8,1.247401640672985e-10,True
q00_from_e2k0,gamma_0p5,main_isgmr,18.0,25.0,-0.8654061932390479,-20.595007678984324,-486.6735679620125,nan,18.0,nan,0.5,nan,nan,nan,nan,0.8401961531337996,False,fm^4 / MeV,,skms_n24_e2,SkM*,e2,18000.0,0.06888011021996635,0.00860905721558295,8,1.247401640672985e-10,True
q00_from_e2k0,gamma_0p5,experiment_range,9.0,25.0,10.262894832911183,146.66588962682243,2091.0358391190794,nan,16.59826231164393,nan,0.5,nan,nan,nan,nan,0.12875073791956773,False,fm^4 / MeV,,skms_n24_e2,SkM*,e2,18000.0,0.06888011021996635,0.00860905721558295,8,1.247401640672985e-10,True
q00_from_e2k0,gamma_0p2,mqc,9.0,18.0,11.54085646863431,174.67047164613723,2707.901733305512,nan,16.59826231164393,nan,0.2,nan,nan,nan,nan,0.0,False,fm^4 / MeV,,skms_n24_e2,SkM*,e2,18000.0,0.06888011021996635,0.00860905721558295,8,0.0001092452403177839,True
q00_from_e2k0,gamma_0p2,main_isgmr,18.0,25.0,-1.1457436932510865,-26.12760389166096,-596.7016604663565,nan,21.68621512605345,nan,0.2,nan,nan,nan,nan,0.8986077416790368,False,fm^4 / MeV,,skms_n24_e2,SkM*,e2,18000.0,0.06888011021996635,0.00860905721558295,8,0.0001092452403177839,True
q00_from_e2k0,gamma_0p2,experiment_range,9.0,25.0,10.395112783752396,148.54286775447625,2111.2000701388342,nan,16.59826231164393,nan,0.2,nan,nan,nan,nan,0.14196883943052324,False,fm^4 / MeV,,skms_n24_e2,SkM*,e2,18000.0,0.06888011021996635,0.00860905721558295,8,0.0001092452403177839,True
q00_from_e2k0,gamma_0p1,mqc,9.0,18.0,11.692771155048817,177.4045022253526,2756.0301996254584,nan,16.581044197212762,nan,0.1,nan,nan,nan,nan,0.00018842994984430425,False,fm^4 / MeV,,skms_n24_e2,SkM*,e2,18000.0,0.06888011021996635,0.00860905721558295,8,0.01045204479122549,True
q00_from_e2k0,gamma_0p1,main_isgmr,18.0,25.0,-1.2511728293756912,-28.17407942439157,-636.666401355305,nan,21.668997011622288,nan,0.1,nan,nan,nan,nan,0.9078065874740986,False,fm^4 / MeV,,skms_n24_e2,SkM*,e2,18000.0,0.06888011021996635,0.00860905721558295,8,0.01045204479122549,True
q00_from_e2k0,gamma_0p1,experiment_range,9.0,25.0,10.441598343016217,149.23042280096098,2119.3637926450533,nan,16.581044197212762,nan,0.1,nan,nan,nan,nan,0.14806605371069753,False,fm^4 / MeV,,skms_n24_e2,SkM*,e2,18000.0,0.06888011021996635,0.00860905721558295,8,0.01045204479122549,True
q00_from_e2k0,gamma_0p07,mqc,9.0,18.0,11.740793377746089,178.26799386102786,2771.2319508625624,nan,16.581044197212762,nan,0.07,nan,nan,nan,nan,0.000531813405173363,False,fm^4 / MeV,,skms_n24_e2,SkM*,e2,18000.0,0.06888011021996635,0.00860905721558295,8,0.04106207420869087,True
q00_from_e2k0,gamma_0p07,main_isgmr,18.0,25.0,-1.2848531573198758,-28.82318228872076,-649.243871623225,nan,21.6603879544067,nan,0.07,nan,nan,nan,nan,0.9022958883205396,False,fm^4 / MeV,,skms_n24_e2,SkM*,e2,18000.0,0.06888011021996635,0.00860905721558295,8,0.04106207420869087,True
q00_from_e2k0,gamma_0p07,experiment_range,9.0,25.0,10.455940256682133,149.4448115723071,2121.9880674768788,nan,16.581044197212762,nan,0.07,nan,nan,nan,nan,0.15128804161073575,False,fm^4 / MeV,,skms_n24_e2,SkM*,e2,18000.0,0.06888011021996635,0.00860905721558295,8,0.04106207420869087,True
e0_diagonal,gamma_1,mqc,9.0,18.0,2.2056893912997224,33.61119543816411,523.2677227619791,15.568256824564784,16.87597106038636,1.7515168976172646,1.0,0.7515168976172646,nan,1490.9010286262353,35.097415100996685,0.0,True,fm^4 / MeV,IS E0 double-commutator EWSR in Sky3D F00 convention,sly5_n24_e0_half,SLy5,e0,2000.0,0.6199209919796971,0.07741271128617595,8,0.00629669291410834,True
e0_diagonal,gamma_1,main_isgmr,18.0,25.0,0.9216258775596334,19.71715574570647,426.1370981286711,21.612503528632168,18.0,nan,1.0,nan,nan,1490.9010286262353,28.58252090156029,0.0,True,fm^4 / MeV,IS E0 double-commutator EWSR in Sky3D F00 convention,sly5_n24_e0_half,SLy5,e0,2000.0,0.6199209919796971,0.07741271128617595,8,0.00629669291410834,True
e0_diagonal,gamma_1,experiment_range,9.0,25.0,3.1273160387269026,53.32835118387059,949.4045864167895,17.802999067856824,16.87597106038636,1.7515168976172646,1.0,0.7515168976172646,nan,1490.9010286262353,63.67992027556664,0.0,True,fm^4 / MeV,IS E0 double-commutator EWSR in Sky3D F00 convention,sly5_n24_e0_half,SLy5,e0,2000.0,0.6199209919796971,0.07741271128617595,8,0.00629669291410834,True
e0_diagonal,gamma_0p5,mqc,9.0,18.0,2.3034591842930645,35.516459456369724,558.4611139610569,15.72400860077564,16.87597106038636,0.6567569121250934,0.5,0.15675691212509335,nan,1490.9010286262353,37.457960202471725,0.0,True,fm^4 / MeV,IS E0 double-commutator EWSR in Sky3D F00 convention,sly5_n24_e0_half,SLy5,e0,2000.0,0.6199209919796971,0.07741271128617595,8,0.07935170391433533,False
e0_diagonal,gamma_0p5,main_isgmr,18.0,25.0,0.8799914391048446,19.002589849742996,414.4360779351256,21.80945235423953,24.849480322862483,nan,0.5,nan,nan,1490.9010286262353,27.797692132320847,0.0,True,fm^4 / MeV,IS E0 double-commutator EWSR in Sky3D F00 convention,sly5_n24_e0_half,SLy5,e0,2000.0,0.6199209919796971,0.07741271128617595,8,0.07935170391433533,False
e0_diagonal,gamma_0p5,experiment_range,9.0,25.0,3.183451358352724,54.51904930611273,972.8969668232648,17.845083126095208,16.87597106038636,0.6567569121250934,0.5,0.15675691212509335,nan,1490.9010286262353,65.25563723835671,0.0,True,fm^4 / MeV,IS E0 double-commutator EWSR in Sky3D F00 convention,sly5_n24_e0_half,SLy5,e0,2000.0,0.6199209919796971,0.07741271128617595,8,0.07935170391433533,False
e0_diagonal,gamma_0p2,mqc,9.0,18.0,2.3689070188779846,36.78429921186862,581.8162346476806,15.816972108033392,16.87597106038636,0.4554070000542829,0.2,0.2554070000542829,nan,1490.9010286262353,39.02447067085231,0.002574735927303605,True,fm^4 / MeV,IS E0 double-commutator EWSR in Sky3D F00 convention,sly5_n24_e0_half,SLy5,e0,2000.0,0.6199209919796971,0.07741271128617595,8,0.36292969413815185,False
e0_diagonal,gamma_0p2,main_isgmr,18.0,25.0,0.850735077916055,18.50907077229899,406.5851581635641,21.966805528242226,21.830384582701623,0.6608663491462856,0.2,0.4608663491462856,nan,1490.9010286262353,27.27110320248453,0.0,True,fm^4 / MeV,IS E0 double-commutator EWSR in Sky3D F00 convention,sly5_n24_e0_half,SLy5,e0,2000.0,0.6199209919796971,0.07741271128617595,8,0.36292969413815185,False
e0_diagonal,gamma_0p2,experiment_range,9.0,25.0,3.2196418843790395,55.2933699841676,988.4014724408726,17.875587484067005,16.87597106038636,0.4554070000542829,0.2,0.2554070000542829,nan,1490.9010286262353,66.29557921437736,0.0017158186373871897,True,fm^4 / MeV,IS E0 double-commutator EWSR in Sky3D F00 convention,sly5_n24_e0_half,SLy5,e0,2000.0,0.6199209919796971,0.07741271128617595,8,0.36292969413815185,False
e0_diagonal,gamma_0p1,mqc,9.0,18.0,2.3911512905759977,37.21283989450871,589.6856075531055,15.846294161497791,16.87597106038636,0.4144280801496656,0.1,0.3144280801496656,nan,1490.9010286262353,39.55229731757989,0.046241238745545754,True,fm^4 / MeV,IS E0 double-commutator EWSR in Sky3D F00 convention,sly5_n24_e0_half,SLy5,e0,2000.0,0.6199209919796971,0.07741271128617595,8,0.6024364648144664,False
e0_diagonal,gamma_0p1,main_isgmr,18.0,25.0,0.8411326227960302,18.349106612348333,404.1015805236501,22.022956706333773,23.22381338585279,0.4718106468533598,0.1,0.37181064685335985,nan,1490.9010286262353,27.104520874601747,0.01877292165478457,True,fm^4 / MeV,IS E0 double-commutator EWSR in Sky3D F00 convention,sly5_n24_e0_half,SLy5,e0,2000.0,0.6199209919796971,0.07741271128617595,8,0.6024364648144664,False
e0_diagonal,gamma_0p1,experiment_range,9.0,25.0,3.2322826813470575,55.56194650685704,993.7875967295072,17.88611917343215,16.87597106038636,0.4144280801496656,0.1,0.3144280801496656,nan,1490.9010286262353,66.65684560196564,0.03752339182950895,True,fm^4 / MeV,IS E0 double-commutator EWSR in Sky3D F00 convention,sly5_n24_e0_half,SLy5,e0,2000.0,0.6199209919796971,0.07741271128617595,8,0.6024364648144664,False
e0_diagonal,gamma_0p07,mqc,9.0,18.0,2.397746232517146,37.33951203019753,592.0073933099619,15.854716923755955,16.87597106038636,0.4035171462717031,0.07,0.3335171462717031,nan,1490.9010286262353,39.70802769218402,0.0693809499436026,True,fm^4 / MeV,IS E0 double-commutator EWSR in Sky3D F00 convention,sly5_n24_e0_half,SLy5,e0,2000.0,0.6199209919796971,0.07741271128617595,8,0.7013549652802368,False
e0_diagonal,gamma_0p07,main_isgmr,18.0,25.0,0.8383943106009624,18.30371593682962,403.4046858852847,22.039496639782225,23.22381338585279,0.4500229944057743,0.07,0.3800229944057743,nan,1490.9010286262353,27.05777768877086,0.030878345952926243,True,fm^4 / MeV,IS E0 double-commutator EWSR in Sky3D F00 convention,sly5_n24_e0_half,SLy5,e0,2000.0,0.6199209919796971,0.07741271128617595,8,0.7013549652802368,False
e0_diagonal,gamma_0p07,experiment_range,9.0,25.0,3.2361388626728944,55.643227967027144,995.4126326296108,17.88919638557757,16.87597106038636,0.4035171462717031,0.07,0.3335171462717031,nan,1490.9010286262353,66.76584250175321,0.057432513478790304,True,fm^4 / MeV,IS E0 double-commutator EWSR in Sky3D F00 convention,sly5_n24_e0_half,SLy5,e0,2000.0,0.6199209919796971,0.07741271128617595,8,0.7013549652802368,False
e0_diagonal,gamma_1,mqc,9.0,18.0,2.2058243643196858,33.61360706182296,523.3099018523764,15.5683946947405,16.845679129883074,1.7372080963251495,1.0,0.7372080963251495,nan,1490.9010286262353,35.10024420162693,0.0,True,fm^4 / MeV,IS E0 double-commutator EWSR in Sky3D F00 convention,sly5_n24_e0_half,SLy5,e0,4000.0,0.30996049598984854,0.03872569914915649,8,3.964834165458217e-05,True
e0_diagonal,gamma_1,main_isgmr,18.0,25.0,0.9214858002285249,19.714645474787126,426.0912746693889,21.6129311183563,18.0,nan,1.0,nan,nan,1490.9010286262353,28.579447360231768,0.0,True,fm^4 / MeV,IS E0 double-commutator EWSR in Sky3D F00 convention,sly5_n24_e0_half,SLy5,e0,4000.0,0.30996049598984854,0.03872569914915649,8,3.964834165458217e-05,True
e0_diagonal,gamma_1,experiment_range,9.0,25.0,3.127310226895008,53.32825253661008,949.401157516754,17.802967702063476,16.845679129883074,1.7372080963251495,1.0,0.7372080963251495,nan,1490.9010286262353,63.67969028712544,0.0,True,fm^4 / MeV,IS E0 double-commutator EWSR in Sky3D F00 convention,sly5_n24_e0_half,SLy5,e0,4000.0,0.30996049598984854,0.03872569914915649,8,3.964834165458217e-05,True
e0_diagonal,gamma_0p5,mqc,9.0,18.0,2.3046277089252745,35.53924223706221,558.8869168482263,15.725909773770846,16.845679129883074,0.5688809862965236,0.5,0.06888098629652362,nan,1490.9010286262353,37.48652030666334,0.0,True,fm^4 / MeV,IS E0 double-commutator EWSR in Sky3D F00 convention,sly5_n24_e0_half,SLy5,e0,4000.0,0.30996049598984854,0.03872569914915649,8,0.00629669291410834,True
e0_diagonal,gamma_0p5,main_isgmr,18.0,25.0,0.8783582334596168,18.97097351127961,413.81190133409547,21.812897534649686,24.629544658863527,nan,0.5,nan,nan,1490.9010286262353,27.755826402198892,0.0,True,fm^4 / MeV,IS E0 double-commutator EWSR in Sky3D F00 convention,sly5_n24_e0_half,SLy5,e0,4000.0,0.30996049598984854,0.03872569914915649,8,0.00629669291410834,True
e0_diagonal,gamma_0p5,experiment_range,9.0,25.0,3.182986049171509,54.51021574834182,972.6987847269487,17.844339292613014,16.845679129883074,0.5688809862965236,0.5,0.06888098629652362,nan,1490.9010286262353,65.24234446489214,0.0,True,fm^4 / MeV,IS E0 double-commutator EWSR in Sky3D F00 convention,sly5_n24_e0_half,SLy5,e0,4000.0,0.30996049598984854,0.03872569914915649,8,0.00629669291410834,True
e0_diagonal,gamma_0p2,mqc,9.0,18.0,2.3770560455124894,36.939132414346,584.6798684063251,15.828197095913758,16.845679129883074,0.27269064439766666,0.2,0.07269064439766665,nan,1490.9010286262353,39.21654470552402,0.0,True,fm^4 / MeV,IS E0 double-commutator EWSR in Sky3D F00 convention,sly5_n24_e0_half,SLy5,e0,4000.0,0.30996049598984854,0.03872569914915649,8,0.13171796288721244,False
e0_diagonal,gamma_0p2,main_isgmr,18.0,25.0,0.8399609753398058,18.301389899871815,402.5088196941643,21.993347057044204,23.27414518864305,0.4400046288693602,0.2,0.2400046288693602,nan,1490.9010286262353,26.99768877784255,0.0,True,fm^4 / MeV,IS E0 double-commutator EWSR in Sky3D F00 convention,sly5_n24_e0_half,SLy5,e0,4000.0,0.30996049598984854,0.03872569914915649,8,0.13171796288721244,False
e0_diagonal,gamma_0p2,experiment_range,9.0,25.0,3.217017416411767,55.24052231421781,987.188561281275,17.87073184547338,16.845679129883074,0.27269064439766666,0.2,0.07269064439766665,nan,1490.9010286262353,66.21422497715376,0.0,True,fm^4 / MeV,IS E0 double-commutator EWSR in Sky3D F00 convention,sly5_n24_e0_half,SLy5,e0,4000.0,0.30996049598984854,0.03872569914915649,8,0.13171796288721244,False
e0_diagonal,gamma_0p1,mqc,9.0,18.0,2.4073961602277607,37.51777609519318,595.29277677612,15.8669526484111,16.845679129883074,0.2243636408015064,0.1,0.12436364080150639,nan,1490.9010286262353,39.928389969966155,0.026347269424598394,True,fm^4 / MeV,IS E0 double-commutator EWSR in Sky3D F00 convention,sly5_n24_e0_half,SLy5,e0,4000.0,0.30996049598984854,0.03872569914915649,8,0.36292969413815185,False
e0_diagonal,gamma_0p1,main_isgmr,18.0,25.0,0.8203167930039493,17.9493845699848,396.29059723544776,22.07822756765322,21.608940125229317,0.50622054783938,0.1,0.40622054783938,nan,1490.9010286262353,26.580610625817517,0.001999609036963438,True,fm^4 / MeV,IS E0 double-commutator EWSR in Sky3D F00 convention,sly5_n24_e0_half,SLy5,e0,4000.0,0.30996049598984854,0.03872569914915649,8,0.36292969413815185,False
e0_diagonal,gamma_0p1,experiment_range,9.0,25.0,3.2277137318197484,55.46716066517797,991.5831232773801,17.876940362297855,16.845679129883074,0.2243636408015064,0.1,0.12436364080150639,nan,1490.9010286262353,66.50898377815575,0.018733017409619745,True,fm^4 / MeV,IS E0 double-commutator EWSR in Sky3D F00 convention,sly5_n24_e0_half,SLy5,e0,4000.0,0.30996049598984854,0.03872569914915649,8,0.36292969413815185,False
e0_diagonal,gamma_0p07,mqc,9.0,18.0,2.417801349623305,37.714550009005464,598.8908442962244,15.87957019646851,16.845679129883074,0.2129501663214839,0.07,0.14295016632148388,nan,1490.9010286262353,40.169725072096966,0.06720636640684144,True,fm^4 / MeV,IS E0 double-commutator EWSR in Sky3D F00 convention,sly5_n24_e0_half,SLy5,e0,4000.0,0.30996049598984854,0.03872569914915649,8,0.49189878732324216,False
e0_diagonal,gamma_0p07,main_isgmr,18.0,25.0,0.8129522050273958,17.815770800224456,393.88369111723887,22.108708937380158,21.608940125229317,0.23782245175950223,0.07,0.16782245175950222,nan,1490.9010286262353,26.41917092780975,0.00960598174657438,True,fm^4 / MeV,IS E0 double-commutator EWSR in Sky3D F00 convention,sly5_n24_e0_half,SLy5,e0,4000.0,0.30996049598984854,0.03872569914915649,8,0.49189878732324216,False
e0_diagonal,gamma_0p07,experiment_range,9.0,25.0,3.2307545253169443,55.53032080922992,992.774222515786,17.878056673333194,16.845679129883074,0.2129501663214839,0.07,0.14295016632148388,nan,1490.9010286262353,66.5888750127539,0.0502583951300922,True,fm^4 / MeV,IS E0 double-commutator EWSR in Sky3D F00 convention,sly5_n24_e0_half,SLy5,e0,4000.0,0.30996049598984854,0.03872569914915649,8,0.49189878732324216,False
e0_diagonal,gamma_1,mqc,9.0,18.0,2.2058497188851796,33.614023754297065,523.3167688196784,15.568405991644482,16.849889497073747,1.7370948610530519,1.0,0.7370948610530519,nan,1490.9010286262353,35.1007047933879,0.0,True,fm^4 / MeV,IS E0 double-commutator EWSR in Sky3D F00 convention,sly5_n24_e0_half,SLy5,e0,8000.0,0.15498024799492427,0.01936768907709626,8,1.5719909959584757e-09,True
e0_diagonal,gamma_1,main_isgmr,18.0,25.0,0.9214667189662386,19.714339253036407,426.0864285899308,21.613021015873247,18.0,nan,1.0,nan,nan,1490.9010286262353,28.579122316559182,0.0,True,fm^4 / MeV,IS E0 double-commutator EWSR in Sky3D F00 convention,sly5_n24_e0_half,SLy5,e0,8000.0,0.15498024799492427,0.01936768907709626,8,1.5719909959584757e-09,True
e0_diagonal,gamma_1,experiment_range,9.0,25.0,3.12731644964335,53.32836300733348,949.4031938103908,17.80296900693976,16.849889497073747,1.7370948610530519,1.0,0.7370948610530519,nan,1490.9010286262353,63.67982686853478,0.0,True,fm^4 / MeV,IS E0 double-commutator EWSR in Sky3D F00 convention,sly5_n24_e0_half,SLy5,e0,8000.0,0.15498024799492427,0.01936768907709626,8,1.5719909959584757e-09,True
e0_diagonal,gamma_0p5,mqc,9.0,18.0,2.3046655092171244,35.539963427249575,558.9000533909567,15.725960285103472,16.849889497073747,0.5682553976348856,0.5,0.06825539763488564,nan,1490.9010286262353,37.487401421001465,0.0,True,fm^4 / MeV,IS E0 double-commutator EWSR in Sky3D F00 convention,sly5_n24_e0_half,SLy5,e0,8000.0,0.15498024799492427,0.01936768907709626,8,3.964834165458217e-05,True
e0_diagonal,gamma_0p5,main_isgmr,18.0,25.0,0.8782965733597006,18.9697449452256,413.78656691254565,21.81297471881347,24.635700506066442,nan,0.5,nan,nan,1490.9010286262353,27.754127133027875,0.0,True,fm^4 / MeV,IS E0 double-commutator EWSR in Sky3D F00 convention,sly5_n24_e0_half,SLy5,e0,8000.0,0.15498024799492427,0.01936768907709626,8,3.964834165458217e-05,True
e0_diagonal,gamma_0p5,experiment_range,9.0,25.0,3.1829621042338783,54.509708372475174,972.6866134947109,17.844282101972713,16.849889497073747,0.5682553976348856,0.5,0.06825539763488564,nan,1490.9010286262353,65.24152809733964,0.0,True,fm^4 / MeV,IS E0 double-commutator EWSR in Sky3D F00 convention,sly5_n24_e0_half,SLy5,e0,8000.0,0.15498024799492427,0.01936768907709626,8,3.964834165458217e-05,True
e0_diagonal,gamma_0p2,mqc,9.0,18.0,2.377932977634071,36.95603228458025,584.9944891542398,15.829472294251843,16.849889497073747,0.20702306374347046,0.2,0.007023063743470448,nan,1490.9010286262353,39.23764743078035,0.0,True,fm^4 / MeV,IS E0 double-commutator EWSR in Sky3D F00 convention,sly5_n24_e0_half,SLy5,e0,8000.0,0.15498024799492427,0.01936768907709626,8,0.017349621747157075,True
e0_diagonal,gamma_0p2,main_isgmr,18.0,25.0,0.838267831135022,18.266012959746742,401.74962407316775,21.994379668869893,21.633708699116525,0.5277378602687115,0.2,0.3277378602687115,nan,1490.9010286262353,26.946766844969776,0.0,True,fm^4 / MeV,IS E0 double-commutator EWSR in Sky3D F00 convention,sly5_n24_e0_half,SLy5,e0,8000.0,0.15498024799492427,0.01936768907709626,8,0.017349621747157075,True
e0_diagonal,gamma_0p2,experiment_range,9.0,25.0,3.216200924467101,55.222045244327006,986.7440759697006,17.86866226348379,16.849889497073747,0.20702306374347046,0.2,0.007023063743470448,nan,1490.9010286262353,66.18441177674407,0.0,True,fm^4 / MeV,IS E0 double-commutator EWSR in Sky3D F00 convention,sly5_n24_e0_half,SLy5,e0,8000.0,0.15498024799492427,0.01936768907709626,8,0.017349621747157075,True
e0_diagonal,gamma_0p1,mqc,9.0,18.0,2.41154407126411,37.59391698937202,596.6780159285728,15.87166392098106,16.849889497073747,0.1334646251147653,0.1,0.033464625114765306,nan,1490.9010286262353,40.02130285458125,5.6566971059709294e-05,True,fm^4 / MeV,IS E0 double-commutator EWSR in Sky3D F00 convention,sly5_n24_e0_half,SLy5,e0,8000.0,0.15498024799492427,0.01936768907709626,8,0.13171796288721244,False
e0_diagonal,gamma_0p1,main_isgmr,18.0,25.0,0.8136826743756944,17.81356630315863,393.436491017054,22.086340507082593,21.633708699116525,0.16525389660754186,0.1,0.06525389660754186,nan,1490.9010286262353,26.389175636935416,6.437980727272805e-05,True,fm^4 / MeV,IS E0 double-commutator EWSR in Sky3D F00 convention,sly5_n24_e0_half,SLy5,e0,8000.0,0.15498024799492427,0.01936768907709626,8,0.13171796288721244,False
e0_diagonal,gamma_0p1,experiment_range,9.0,25.0,3.2252270849843634,55.40748329253066,990.1143972262163,17.86968724059862,16.849889497073747,0.1334646251147653,0.1,0.033464625114765306,nan,1490.9010286262353,66.41047113224812,5.9078833056258754e-05,True,fm^4 / MeV,IS E0 double-commutator EWSR in Sky3D F00 convention,sly5_n24_e0_half,SLy5,e0,8000.0,0.15498024799492427,0.01936768907709626,8,0.13171796288721244,False
e0_diagonal,gamma_0p07,mqc,9.0,18.0,2.424521569334357,37.836383625035,601.093602621926,15.88665578028984,16.849889497073747,0.11847534015153727,0.07,0.04847534015153726,nan,1490.9010286262353,40.3174718563172,0.008090791949705816,True,fm^4 / MeV,IS E0 double-commutator EWSR in Sky3D F00 convention,sly5_n24_e0_half,SLy5,e0,8000.0,0.15498024799492427,0.01936768907709626,8,0.24196441697007623,False
e0_diagonal,gamma_0p07,main_isgmr,18.0,25.0,0.8027702019269793,17.608746324312985,389.5645932276168,22.123357679912278,21.633708699116525,0.1440959967700124,0.07,0.07409599677001238,nan,1490.9010286262353,26.1294737710775,0.007734272954513362,True,fm^4 / MeV,IS E0 double-commutator EWSR in Sky3D F00 convention,sly5_n24_e0_half,SLy5,e0,8000.0,0.15498024799492427,0.01936768907709626,8,0.24196441697007623,False
e0_diagonal,gamma_0p07,experiment_range,9.0,25.0,3.227292270391647,55.44512994934799,990.6580343481669,17.867358869087052,16.849889497073747,0.11847534015153727,0.07,0.04847534015153726,nan,1490.9010286262353,66.44693479492676,0.007977621520965306,True,fm^4 / MeV,IS E0 double-commutator EWSR in Sky3D F00 convention,sly5_n24_e0_half,SLy5,e0,8000.0,0.15498024799492427,0.01936768907709626,8,0.24196441697007623,False
e0_diagonal,gamma_1,mqc,9.0,18.0,2.205854477854726,33.614101840961816,523.3180551713727,15.568408093940576,16.85129342054459,1.7371463610025621,1.0,0.7371463610025621,nan,1490.9010286262353,35.10079107354128,0.0,True,fm^4 / MeV,IS E0 double-commutator EWSR in Sky3D F00 convention,sly5_n24_e0_half,SLy5,e0,12000.0,0.10332016532994952,0.012912868521490109,8,6.232683608568877e-14,True
e0_diagonal,gamma_1,main_isgmr,18.0,25.0,0.9214631713915051,19.714282416984414,426.08553234313956,21.613037864165666,18.0,nan,1.0,nan,nan,1490.9010286262353,28.57906220212006,0.0,True,fm^4 / MeV,IS E0 double-commutator EWSR in Sky3D F00 convention,sly5_n24_e0_half,SLy5,e0,12000.0,0.10332016532994952,0.012912868521490109,8,6.232683608568877e-14,True
e0_diagonal,gamma_1,experiment_range,9.0,25.0,3.1273176498395707,53.32838425794623,949.4035873335445,17.802969291950337,16.85129342054459,1.7371463610025621,1.0,0.7371463610025621,nan,1490.9010286262353,63.679853263523185,0.0,True,fm^4 / MeV,IS E0 double-commutator EWSR in Sky3D F00 convention,sly5_n24_e0_half,SLy5,e0,12000.0,0.10332016532994952,0.012912868521490109,8,6.232683608568877e-14,True
e0_diagonal,gamma_0p5,mqc,9.0,18.0,2.3046733782944937,35.54009855664329,558.90238190531,15.72596601032323,16.85129342054459,0.5680274473358864,0.5,0.06802744733588639,nan,1490.9010286262353,37.487557602686806,0.0,True,fm^4 / MeV,IS E0 double-commutator EWSR in Sky3D F00 convention,sly5_n24_e0_half,SLy5,e0,12000.0,0.10332016532994952,0.012912868521490109,8,2.4965343195255453e-07,True
e0_diagonal,gamma_0p5,main_isgmr,18.0,25.0,0.878289418069992,18.969619856668956,413.78435822135157,21.813002123808065,24.637753139003127,nan,0.5,nan,nan,1490.9010286262353,27.75397898830521,0.0,True,fm^4 / MeV,IS E0 double-commutator EWSR in Sky3D F00 convention,sly5_n24_e0_half,SLy5,e0,12000.0,0.10332016532994952,0.012912868521490109,8,2.4965343195255453e-07,True
e0_diagonal,gamma_0p5,experiment_range,9.0,25.0,3.18296279741977,54.50971841331224,972.6867397954991,17.844281132040333,16.85129342054459,0.5680274473358864,0.5,0.06802744733588639,nan,1490.9010286262353,65.24153656877976,0.0,True,fm^4 / MeV,IS E0 double-commutator EWSR in Sky3D F00 convention,sly5_n24_e0_half,SLy5,e0,12000.0,0.10332016532994952,0.012912868521490109,8,2.4965343195255453e-07,True
e0_diagonal,gamma_0p2,mqc,9.0,18.0,2.377810763553486,36.954118122960985,584.9625092678334,15.829426840100243,16.85129342054459,0.20439130816489381,0.2,0.0043913081648938035,nan,1490.9010286262353,39.235502426800046,0.0,True,fm^4 / MeV,IS E0 double-commutator EWSR in Sky3D F00 convention,sly5_n24_e0_half,SLy5,e0,12000.0,0.10332016532994952,0.012912868521490109,8,0.0022852568333992076,True
e0_diagonal,gamma_0p2,main_isgmr,18.0,25.0,0.8383357966867049,18.267088872820395,401.7652160717524,21.99393777897139,21.629054773495934,0.5237069502367824,0.2,0.32370695023678236,nan,1490.9010286262353,26.947812655408246,0.0,True,fm^4 / MeV,IS E0 double-commutator EWSR in Sky3D F00 convention,sly5_n24_e0_half,SLy5,e0,12000.0,0.10332016532994952,0.012912868521490109,8,0.0022852568333992076,True
e0_diagonal,gamma_0p2,experiment_range,9.0,25.0,3.2161465655402655,55.22120699578137,986.727723635091,17.868637382563406,16.85129342054459,0.20439130816489381,0.2,0.0043913081648938035,nan,1490.9010286262353,66.18331496788181,0.0,True,fm^4 / MeV,IS E0 double-commutator EWSR in Sky3D F00 convention,sly5_n24_e0_half,SLy5,e0,12000.0,0.10332016532994952,0.012912868521490109,8,0.0022852568333992076,True
e0_diagonal,gamma_0p1,mqc,9.0,18.0,2.4101029004183867,37.5697851201604,596.2594979396811,15.870718877753736,16.85129342054459,0.1096765799466013,0.1,0.009676579946601288,nan,1490.9010286262353,39.99323137425789,0.0,True,fm^4 / MeV,IS E0 double-commutator EWSR in Sky3D F00 convention,sly5_n24_e0_half,SLy5,e0,12000.0,0.10332016532994952,0.012912868521490109,8,0.04780435998315643,True
e0_diagonal,gamma_0p1,main_isgmr,18.0,25.0,0.8148353720715585,17.833759385687394,393.785724281456,22.080914952653867,21.629054773495934,0.14293995849312324,0.1,0.04293995849312324,nan,1490.9010286262353,26.41259994597381,0.0,True,fm^4 / MeV,IS E0 double-commutator EWSR in Sky3D F00 convention,sly5_n24_e0_half,SLy5,e0,12000.0,0.10332016532994952,0.012912868521490109,8,0.04780435998315643,True
e0_diagonal,gamma_0p1,experiment_range,9.0,25.0,3.224938283897341,55.40354450584779,990.0452185375459,17.869709011723025,16.85129342054459,0.1096765799466013,0.1,0.009676579946601288,nan,1490.9010286262353,66.40583107316021,0.0,True,fm^4 / MeV,IS E0 double-commutator EWSR in Sky3D F00 convention,sly5_n24_e0_half,SLy5,e0,12000.0,0.10332016532994952,0.012912868521490109,8,0.04780435998315643,True
e0_diagonal,gamma_0p07,mqc,9.0,18.0,2.421551870700498,37.78587843149835,600.2102964046986,15.884513509268126,16.85129342054459,0.09072174121059362,0.07,0.020721741210593614,nan,1490.9010286262353,40.25822538721781,0.0005304592906410578,True,fm^4 / MeV,IS E0 double-commutator EWSR in Sky3D F00 convention,sly5_n24_e0_half,SLy5,e0,12000.0,0.10332016532994952,0.012912868521490109,8,0.11902200328295581,False
e0_diagonal,gamma_0p07,main_isgmr,18.0,25.0,0.8052953824035669,17.653485662538344,390.3514154539349,22.111860678159545,21.629054773495934,0.11162147677393008,0.07,0.04162147677393008,nan,1490.9010286262353,26.182248717986155,0.0,True,fm^4 / MeV,IS E0 double-commutator EWSR in Sky3D F00 convention,sly5_n24_e0_half,SLy5,e0,12000.0,0.10332016532994952,0.012912868521490109,8,0.11902200328295581,False
e0_diagonal,gamma_0p07,experiment_range,9.0,25.0,3.2268472655813074,55.43936409403669,990.5617078261391,17.86747961513304,16.85129342054459,0.09072174121059362,0.07,0.020721741210593614,nan,1490.9010286262353,66.44047383473033,0.00036166799970462716,True,fm^4 / MeV,IS E0 double-commutator EWSR in Sky3D F00 convention,sly5_n24_e0_half,SLy5,e0,12000.0,0.10332016532994952,0.012912868521490109,8,0.11902200328295581,False
e0_diagonal,gamma_1,mqc,9.0,18.0,2.205856588590598,33.61413651648431,523.31862713826,15.568409049615942,16.847924970895832,1.7370633337222117,1.0,0.7370633337222117,nan,1490.9010286262353,35.10082943738142,0.0,True,fm^4 / MeV,IS E0 double-commutator EWSR in Sky3D F00 convention,sly5_n24_e0_half,SLy5,e0,18000.0,0.06888011021996635,0.00860905721558295,8,1.5560108531536548e-20,True
e0_diagonal,gamma_1,main_isgmr,18.0,25.0,0.9214615847387094,19.71425697833243,426.08513044037136,21.613045366542273,18.0,nan,1.0,nan,nan,1490.9010286262353,28.579035245081297,0.0,True,fm^4 / MeV,IS E0 double-commutator EWSR in Sky3D F00 convention,sly5_n24_e0_half,SLy5,e0,18000.0,0.06888011021996635,0.00860905721558295,8,1.5560108531536548e-20,True
e0_diagonal,gamma_1,experiment_range,9.0,25.0,3.1273181739740536,53.32839349481674,949.4037573819269,17.802969397047455,16.847924970895832,1.7370633337222117,1.0,0.7370633337222117,nan,1490.9010286262353,63.67986466926905,0.0,True,fm^4 / MeV,IS E0 double-commutator EWSR in Sky3D F00 convention,sly5_n24_e0_half,SLy5,e0,18000.0,0.06888011021996635,0.00860905721558295,8,1.5560108531536548e-20,True
e0_diagonal,gamma_0p5,mqc,9.0,18.0,2.3046770357479254,35.54016123105528,558.9034622029664,15.725968674407476,16.85653402811142,0.5677893988743641,0.5,0.06778939887436408,nan,1490.9010286262353,37.48763006206778,0.0,True,fm^4 / MeV,IS E0 double-commutator EWSR in Sky3D F00 convention,sly5_n24_e0_half,SLy5,e0,18000.0,0.06888011021996635,0.00860905721558295,8,1.247401640672985e-10,True
e0_diagonal,gamma_0p5,main_isgmr,18.0,25.0,0.8782860750426096,18.96956120491453,413.7833177435115,21.813014717299353,24.639121750998406,nan,0.5,nan,nan,1490.9010286262353,27.753909199780008,0.0,True,fm^4 / MeV,IS E0 double-commutator EWSR in Sky3D F00 convention,sly5_n24_e0_half,SLy5,e0,18000.0,0.06888011021996635,0.00860905721558295,8,1.247401640672985e-10,True
e0_diagonal,gamma_0p5,experiment_range,9.0,25.0,3.1829631119526134,54.509722435969806,972.686779581531,17.844280545073474,16.85653402811142,0.5677893988743641,0.5,0.06778939887436408,nan,1490.9010286262353,65.24153923736951,0.0,True,fm^4 / MeV,IS E0 double-commutator EWSR in Sky3D F00 convention,sly5_n24_e0_half,SLy5,e0,18000.0,0.06888011021996635,0.00860905721558295,8,1.247401640672985e-10,True
e0_diagonal,gamma_0p2,mqc,9.0,18.0,2.377827502945122,36.95443760844471,584.9684035865563,15.82944949087471,16.85653402811142,0.20397928493376938,0.2,0.003979284933769367,nan,1490.9010286262353,39.235897779584015,0.0,True,fm^4 / MeV,IS E0 double-commutator EWSR in Sky3D F00 convention,sly5_n24_e0_half,SLy5,e0,18000.0,0.06888011021996635,0.00860905721558295,8,0.0001092452403177839,True
e0_diagonal,gamma_0p2,main_isgmr,18.0,25.0,0.8383134983421718,18.266664632507137,401.7569807697157,21.99399774684393,21.63456078275995,0.5242572414261559,0.2,0.3242572414261559,nan,1490.9010286262353,26.9472602846017,0.0,True,fm^4 / MeV,IS E0 double-commutator EWSR in Sky3D F00 convention,sly5_n24_e0_half,SLy5,e0,18000.0,0.06888011021996635,0.00860905721558295,8,0.0001092452403177839,True
e0_diagonal,gamma_0p2,experiment_range,9.0,25.0,3.2161410069851253,55.22110224095185,986.7253825233611,17.868628884260257,16.85653402811142,0.20397928493376938,0.2,0.003979284933769367,nan,1490.9010286262353,66.1831579412459,0.0,True,fm^4 / MeV,IS E0 double-commutator EWSR in Sky3D F00 convention,sly5_n24_e0_half,SLy5,e0,18000.0,0.06888011021996635,0.00860905721558295,8,0.0001092452403177839,True
e0_diagonal,gamma_0p1,mqc,9.0,18.0,2.410081985939676,37.56986905090863,596.2651337141504,15.870833430539456,16.85653402811142,0.10089307979416873,0.1,0.0008930797941687219,nan,1490.9010286262353,39.993609385565215,0.0,True,fm^4 / MeV,IS E0 double-commutator EWSR in Sky3D F00 convention,sly5_n24_e0_half,SLy5,e0,18000.0,0.06888011021996635,0.00860905721558295,8,0.01045204479122549,True
e0_diagonal,gamma_0p1,main_isgmr,18.0,25.0,0.8148459370032717,17.834236093274377,393.8014401442326,22.081205950432743,21.625951725544372,0.14330630745083894,0.1,0.04330630745083894,nan,1490.9010286262353,26.413654064421298,0.0,True,fm^4 / MeV,IS E0 double-commutator EWSR in Sky3D F00 convention,sly5_n24_e0_half,SLy5,e0,18000.0,0.06888011021996635,0.00860905721558295,8,0.01045204479122549,True
e0_diagonal,gamma_0p1,experiment_range,9.0,25.0,3.2249279336729355,55.40410514418301,990.0665703939013,17.869913570797024,16.85653402811142,0.10089307979416873,0.1,0.0008930797941687219,nan,1490.9010286262353,66.40726321761149,0.0,True,fm^4 / MeV,IS E0 double-commutator EWSR in Sky3D F00 convention,sly5_n24_e0_half,SLy5,e0,18000.0,0.06888011021996635,0.00860905721558295,8,0.01045204479122549,True
e0_diagonal,gamma_0p07,mqc,9.0,18.0,2.4214155805043274,37.784593607678836,600.1976727939318,15.884719550667754,16.85653402811142,0.07533889628143697,0.07,0.005338896281436967,nan,1490.9010286262353,40.257378677038915,8.253062705510983e-07,True,fm^4 / MeV,IS E0 double-commutator EWSR in Sky3D F00 convention,sly5_n24_e0_half,SLy5,e0,18000.0,0.06888011021996635,0.00860905721558295,8,0.04106207420869087,True
e0_diagonal,gamma_0p07,main_isgmr,18.0,25.0,0.8054390109334211,17.657029295727867,390.4391368930882,22.1123910683863,21.625951725544372,0.11513197041779932,0.07,0.045131970417799316,nan,1490.9010286262353,26.188132504868648,0.0,True,fm^4 / MeV,IS E0 double-commutator EWSR in Sky3D F00 convention,sly5_n24_e0_half,SLy5,e0,18000.0,0.06888011021996635,0.00860905721558295,8,0.04106207420869087,True
e0_diagonal,gamma_0p07,experiment_range,9.0,25.0,3.2268546010493333,55.441622903406696,990.6368065824322,17.868106211615984,16.85653402811142,0.07533889628143697,0.07,0.005338896281436967,nan,1490.9010286262353,66.44551097367189,5.624633045449827e-07,True,fm^4 / MeV,IS E0 double-commutator EWSR in Sky3D F00 convention,sly5_n24_e0_half,SLy5,e0,18000.0,0.06888011021996635,0.00860905721558295,8,0.04106207420869087,True
q20_from_e0,gamma_1,mqc,9.0,18.0,9.825402969534228,148.74145289917848,2309.4806359704476,nan,16.87597106038636,nan,1.0,nan,nan,nan,nan,0.0,False,fm^4 / MeV,,sly5_n24_e0_half,SLy5,e0,2000.0,0.6199209919796971,0.07741271128617595,8,0.00629669291410834,True
q20_from_e0,gamma_1,main_isgmr,18.0,25.0,0.10030435205921277,-1.6045687037045533,-110.4147985466379,nan,18.0,nan,1.0,nan,nan,nan,nan,0.5230066311159772,False,fm^4 / MeV,,sly5_n24_e0_half,SLy5,e0,2000.0,0.6199209919796971,0.07741271128617595,8,0.00629669291410834,True
q20_from_e0,gamma_1,experiment_range,9.0,25.0,9.925712042584571,147.13688419547395,2199.064382354165,nan,16.87597106038636,nan,1.0,nan,nan,nan,nan,0.09932950859926795,False,fm^4 / MeV,,sly5_n24_e0_half,SLy5,e0,2000.0,0.6199209919796971,0.07741271128617595,8,0.00629669291410834,True
q20_from_e0,gamma_0p5,mqc,9.0,18.0,10.382686174661483,159.3195487474713,2502.700744097174,nan,16.87597106038636,nan,0.5,nan,nan,nan,nan,0.0,False,fm^4 / MeV,,sly5_n24_e0_half,SLy5,e0,2000.0,0.6199209919796971,0.07741271128617595,8,0.07935170391433533,False
q20_from_e0,gamma_0p5,main_isgmr,18.0,25.0,-0.2886385340199384,-9.536059936605922,-273.53081140108054,nan,18.0,nan,0.5,nan,nan,nan,nan,0.634841833115214,False,fm^4 / MeV,,sly5_n24_e0_half,SLy5,e0,2000.0,0.6199209919796971,0.07741271128617595,8,0.07935170391433533,False
q20_from_e0,gamma_0p5,experiment_range,9.0,25.0,10.09405392087169,149.78348881086538,2229.167974917845,nan,16.87597106038636,nan,0.5,nan,nan,nan,nan,0.11530792532986832,False,fm^4 / MeV,,sly5_n24_e0_half,SLy5,e0,2000.0,0.6199209919796971,0.07741271128617595,8,0.07935170391433533,False
q20_from_e0,gamma_0p2,mqc,9.0,18.0,10.769033094443754,166.65288192290984,2636.80814224394,nan,16.87597106038636,nan,0.2,nan,nan,nan,nan,0.005185500277209497,False,fm^4 / MeV,,sly5_n24_e0_half,SLy5,e0,2000.0,0.6199209919796971,0.07741271128617595,8,0.36292969413815185,False
q20_from_e0,gamma_0p2,main_isgmr,18.0,25.0,-0.5787343310261073,-15.400470127591072,-393.18881503855255,nan,18.0,nan,0.2,nan,nan,nan,nan,0.6960230366989444,False,fm^4 / MeV,,sly5_n24_e0_half,SLy5,e0,2000.0,0.6199209919796971,0.07741271128617595,8,0.36292969413815185,False
q20_from_e0,gamma_0p2,experiment_range,9.0,25.0,10.190303866421171,151.25241179531878,2243.6177512443064,nan,16.87597106038636,nan,0.2,nan,nan,nan,nan,0.1358551343979705,False,fm^4 / MeV,,sly5_n24_e0_half,SLy5,e0,2000.0,0.6199209919796971,0.07741271128617595,8,0.36292969413815185,False
q20_from_e0,gamma_0p1,mqc,9.0,18.0,10.905690653331698,169.25023502080285,2684.357850762421,nan,16.87597106038636,nan,0.1,nan,nan,nan,nan,0.05514008040841176,False,fm^4 / MeV,,sly5_n24_e0_half,SLy5,e0,2000.0,0.6199209919796971,0.07741271128617595,8,0.6024364648144664,False
q20_from_e0,gamma_0p1,main_isgmr,18.0,25.0,-0.6858977862325903,-17.568454251957377,-437.4929534255062,nan,18.0,nan,0.1,nan,nan,nan,nan,0.689018447530734,False,fm^4 / MeV,,sly5_n24_e0_half,SLy5,e0,2000.0,0.6199209919796971,0.07741271128617595,8,0.6024364648144664,False
q20_from_e0,gamma_0p1,experiment_range,9.0,25.0,10.219795151820406,151.68178076884544,2246.8642325744704,nan,16.87597106038636,nan,0.1,nan,nan,nan,nan,0.1795927478511077,False,fm^4 / MeV,,sly5_n24_e0_half,SLy5,e0,2000.0,0.6199209919796971,0.07741271128617595,8,0.6024364648144664,False
q20_from_e0,gamma_0p07,mqc,9.0,18.0,10.94705052652155,170.03731286055344,2698.776389079707,nan,16.87597106038636,nan,0.07,nan,nan,nan,nan,0.07854575990338977,False,fm^4 / MeV,,sly5_n24_e0_half,SLy5,e0,2000.0,0.6199209919796971,0.07741271128617595,8,0.7013549652802368,False
q20_from_e0,gamma_0p07,main_isgmr,18.0,25.0,-0.7188572339113122,-18.236955713381157,-451.1941623229777,nan,18.0,nan,0.07,nan,nan,nan,nan,0.6834191965663631,False,fm^4 / MeV,,sly5_n24_e0_half,SLy5,e0,2000.0,0.6199209919796971,0.07741271128617595,8,0.7013549652802368,False
q20_from_e0,gamma_0p07,experiment_range,9.0,25.0,10.228194191460666,151.8003571471723,2247.5820099697016,nan,16.87597106038636,nan,0.07,nan,nan,nan,nan,0.19813893101046787,False,fm^4 / MeV,,sly5_n24_e0_half,SLy5,e0,2000.0,0.6199209919796971,0.07741271128617595,8,0.7013549652802368,False
q20_from_e0,gamma_1,mqc,9.0,18.0,9.826164936928283,148.7550033612667,2309.7174128726324,nan,16.845679129883074,nan,1.0,nan,nan,nan,nan,0.0,False,fm^4 / MeV,,sly5_n24_e0_half,SLy5,e0,4000.0,0.30996049598984854,0.03872569914915649,8,3.964834165458217e-05,True
q20_from_e0,gamma_1,main_isgmr,18.0,25.0,0.0996319725636936,-1.6155663830055644,-110.58720458193886,nan,18.0,nan,1.0,nan,nan,nan,nan,0.5231716435231804,False,fm^4 / MeV,,sly5_n24_e0_half,SLy5,e0,4000.0,0.30996049598984854,0.03872569914915649,8,3.964834165458217e-05,True
q20_from_e0,gamma_1,experiment_range,9.0,25.0,9.925797284926437,147.13943697826113,2199.1300926348376,nan,16.845679129883074,nan,1.0,nan,nan,nan,nan,0.09932806943911367,False,fm^4 / MeV,,sly5_n24_e0_half,SLy5,e0,4000.0,0.30996049598984854,0.03872569914915649,8,3.964834165458217e-05,True
q20_from_e0,gamma_0p5,mqc,9.0,18.0,10.389487239293645,159.44483622739617,2504.9798589438797,nan,16.845679129883074,nan,0.5,nan,nan,nan,nan,0.0,False,fm^4 / MeV,,sly5_n24_e0_half,SLy5,e0,4000.0,0.30996049598984854,0.03872569914915649,8,0.00629669291410834,True
q20_from_e0,gamma_0p5,main_isgmr,18.0,25.0,-0.2942088620306924,-9.627094547910945,-274.9346235479778,nan,18.0,nan,0.5,nan,nan,nan,nan,0.6365863289517956,False,fm^4 / MeV,,sly5_n24_e0_half,SLy5,e0,4000.0,0.30996049598984854,0.03872569914915649,8,0.00629669291410834,True
q20_from_e0,gamma_0p5,experiment_range,9.0,25.0,10.095279117495993,149.81774167948524,2230.0450023652284,nan,16.845679129883074,nan,0.5,nan,nan,nan,nan,0.11523361549864518,False,fm^4 / MeV,,sly5_n24_e0_half,SLy5,e0,4000.0,0.30996049598984854,0.03872569914915649,8,0.00629669291410834,True
q20_from_e0,gamma_0p2,mqc,9.0,18.0,10.816981244276015,167.5335896914089,2652.83332348339,nan,16.845679129883074,nan,0.2,nan,nan,nan,nan,0.0,False,fm^4 / MeV,,sly5_n24_e0_half,SLy5,e0,4000.0,0.30996049598984854,0.03872569914915649,8,0.13171796288721244,False
q20_from_e0,gamma_0p2,main_isgmr,18.0,25.0,-0.6211946227538427,-16.12372276274882,-405.1522344939332,nan,18.0,nan,0.2,nan,nan,nan,nan,0.7194693686920469,False,fm^4 / MeV,,sly5_n24_e0_half,SLy5,e0,4000.0,0.30996049598984854,0.03872569914915649,8,0.13171796288721244,False
q20_from_e0,gamma_0p2,experiment_range,9.0,25.0,10.195789400546293,151.40986692866005,2247.680198149071,nan,16.845679129883074,nan,0.2,nan,nan,nan,nan,0.12938248283085865,False,fm^4 / MeV,,sly5_n24_e0_half,SLy5,e0,4000.0,0.30996049598984854,0.03872569914915649,8,0.13171796288721244,False
q20_from_e0,gamma_0p1,mqc,9.0,18.0,11.002145331509109,171.0213771046559,2716.57909646577,nan,16.845679129883074,nan,0.1,nan,nan,nan,nan,0.0278570566009543,False,fm^4 / MeV,,sly5_n24_e0_half,SLy5,e0,4000.0,0.30996049598984854,0.03872569914915649,8,0.36292969413815185,False
q20_from_e0,gamma_0p1,main_isgmr,18.0,25.0,-0.7737548798937657,-19.08182468715452,-462.9811309908966,nan,18.0,nan,0.1,nan,nan,nan,nan,0.7325244599966912,False,fm^4 / MeV,,sly5_n24_e0_half,SLy5,e0,4000.0,0.30996049598984854,0.03872569914915649,8,0.36292969413815185,False
q20_from_e0,gamma_0p1,experiment_range,9.0,25.0,10.228395893916781,151.93955241750135,2253.5962140844194,nan,16.845679129883074,nan,0.1,nan,nan,nan,nan,0.15801521196866977,False,fm^4 / MeV,,sly5_n24_e0_half,SLy5,e0,4000.0,0.30996049598984854,0.03872569914915649,8,0.36292969413815185,False
q20_from_e0,gamma_0p07,mqc,9.0,18.0,11.06651195370889,172.23109558706236,2738.6865201978244,nan,16.845679129883074,nan,0.07,nan,nan,nan,nan,0.0707965455595688,False,fm^4 / MeV,,sly5_n24_e0_half,SLy5,e0,4000.0,0.30996049598984854,0.03872569914915649,8,0.49189878732324216,False
q20_from_e0,gamma_0p07,main_isgmr,18.0,25.0,-0.8285732824013162,-20.132519038485974,-483.2711712145191,nan,18.0,nan,0.07,nan,nan,nan,nan,0.7306769969306008,False,fm^4 / MeV,,sly5_n24_e0_half,SLy5,e0,4000.0,0.30996049598984854,0.03872569914915649,8,0.49189878732324216,False
q20_from_e0,gamma_0p07,experiment_range,9.0,25.0,10.237945450899385,152.09857654857637,2255.4131652861556,nan,16.845679129883074,nan,0.07,nan,nan,nan,nan,0.18867765917698265,False,fm^4 / MeV,,sly5_n24_e0_half,SLy5,e0,4000.0,0.30996049598984854,0.03872569914915649,8,0.49189878732324216,False
q20_from_e0,gamma_1,mqc,9.0,18.0,9.82631198122058,148.7575129394814,2309.7599257592738,nan,16.849889497073747,nan,1.0,nan,nan,nan,nan,0.0,False,fm^4 / MeV,,sly5_n24_e0_half,SLy5,e0,8000.0,0.15498024799492427,0.01936768907709626,8,1.5719909959584757e-09,True
q20_from_e0,gamma_1,main_isgmr,18.0,25.0,0.09948657618715773,-1.6180728667266937,-110.63025277935253,nan,18.0,nan,1.0,nan,nan,nan,nan,0.5232097156081855,False,fm^4 / MeV,,sly5_n24_e0_half,SLy5,e0,8000.0,0.15498024799492427,0.01936768907709626,8,1.5719909959584757e-09,True
q20_from_e0,gamma_1,experiment_range,9.0,25.0,9.925798629540036,147.1394400727547,2199.12965071127,nan,16.849889497073747,nan,1.0,nan,nan,nan,nan,0.09932658147253794,False,fm^4 / MeV,,sly5_n24_e0_half,SLy5,e0,8000.0,0.15498024799492427,0.01936768907709626,8,1.5719909959584757e-09,True
q20_from_e0,gamma_0p5,mqc,9.0,18.0,10.389907018785099,159.45191624941242,2505.101738570075,nan,16.849889497073747,nan,0.5,nan,nan,nan,nan,0.0,False,fm^4 / MeV,,sly5_n24_e0_half,SLy5,e0,8000.0,0.15498024799492427,0.01936768907709626,8,3.964834165458217e-05,True
q20_from_e0,gamma_0p5,main_isgmr,18.0,25.0,-0.29458668387504605,-9.633744150904533,-275.05121868286267,nan,18.0,nan,0.5,nan,nan,nan,nan,0.6366907004658396,False,fm^4 / MeV,,sly5_n24_e0_half,SLy5,e0,8000.0,0.15498024799492427,0.01936768907709626,8,3.964834165458217e-05,True
q20_from_e0,gamma_0p5,experiment_range,9.0,25.0,10.095320488876391,149.8181720985079,2230.0504712284896,nan,16.849889497073747,nan,0.5,nan,nan,nan,nan,0.11524139224574849,False,fm^4 / MeV,,sly5_n24_e0_half,SLy5,e0,8000.0,0.15498024799492427,0.01936768907709626,8,3.964834165458217e-05,True
q20_from_e0,gamma_0p2,mqc,9.0,18.0,10.825949872498219,167.6868396914192,2655.5194207022764,nan,16.849889497073747,nan,0.2,nan,nan,nan,nan,0.0,False,fm^4 / MeV,,sly5_n24_e0_half,SLy5,e0,8000.0,0.15498024799492427,0.01936768907709626,8,0.017349621747157075,True
q20_from_e0,gamma_0p2,main_isgmr,18.0,25.0,-0.6289711880429041,-16.261676269780512,-407.5848498101685,nan,18.0,nan,0.2,nan,nan,nan,nan,0.7252532849350408,False,fm^4 / MeV,,sly5_n24_e0_half,SLy5,e0,8000.0,0.15498024799492427,0.01936768907709626,8,0.017349621747157075,True
q20_from_e0,gamma_0p2,experiment_range,9.0,25.0,10.196979525449482,151.4251634216387,2247.9342999666615,nan,16.849889497073747,nan,0.2,nan,nan,nan,nan,0.12846516318629383,False,fm^4 / MeV,,sly5_n24_e0_half,SLy5,e0,8000.0,0.15498024799492427,0.01936768907709626,8,0.017349621747157075,True
q20_from_e0,gamma_0p1,mqc,9.0,18.0,11.037621775345507,171.6302637086856,2727.277069645036,nan,16.849889497073747,nan,0.1,nan,nan,nan,nan,0.00010429820762813949,False,fm^4 / MeV,,sly5_n24_e0_half,SLy5,e0,8000.0,0.15498024799492427,0.01936768907709626,8,0.13171796288721244,False
q20_from_e0,gamma_0p1,main_isgmr,18.0,25.0,-0.8045822274582469,-19.627366895373108,-472.5671101078058,nan,18.0,nan,0.1,nan,nan,nan,nan,0.7528938460818293,False,fm^4 / MeV,,sly5_n24_e0_half,SLy5,e0,8000.0,0.15498024799492427,0.01936768907709626,8,0.13171796288721244,False
q20_from_e0,gamma_0p1,experiment_range,9.0,25.0,10.233041923704176,152.00289681331253,2254.709191357739,nan,16.849889497073747,nan,0.1,nan,nan,nan,nan,0.1388992997262763,False,fm^4 / MeV,,sly5_n24_e0_half,SLy5,e0,8000.0,0.15498024799492427,0.01936768907709626,8,0.13171796288721244,False
q20_from_e0,gamma_0p07,mqc,9.0,18.0,11.12135286189648,173.1726644688202,2755.2317230842614,nan,16.849889497073747,nan,0.07,nan,nan,nan,nan,0.011032404922788114,False,fm^4 / MeV,,sly5_n24_e0_half,SLy5,e0,8000.0,0.15498024799492427,0.01936768907709626,8,0.24196441697007623,False
q20_from_e0,gamma_0p07,main_isgmr,18.0,25.0,-0.8761232232592864,-20.972904874783218,-498.0106718251293,nan,18.0,nan,0.07,nan,nan,nan,nan,0.7467568563542621,False,fm^4 / MeV,,sly5_n24_e0_half,SLy5,e0,8000.0,0.15498024799492427,0.01936768907709626,8,0.24196441697007623,False
q20_from_e0,gamma_0p07,experiment_range,9.0,25.0,10.245233073609056,152.19975959403698,2257.219939811892,nan,16.849889497073747,nan,0.07,nan,nan,nan,nan,0.1534250949489131,False,fm^4 / MeV,,sly5_n24_e0_half,SLy5,e0,8000.0,0.15498024799492427,0.01936768907709626,8,0.24196441697007623,False
q20_from_e0,gamma_1,mqc,9.0,18.0,9.826339194778704,148.75797710197384,2309.767786204556,nan,16.85129342054459,nan,1.0,nan,nan,nan,nan,0.0,False,fm^4 / MeV,,sly5_n24_e0_half,SLy5,e0,12000.0,0.10332016532994952,0.012912868521490109,8,6.232683608568877e-14,True
q20_from_e0,gamma_1,main_isgmr,18.0,25.0,0.09945969169660596,-1.618536752148927,-110.63822879614315,nan,18.0,nan,1.0,nan,nan,nan,nan,0.5232164284881481,False,fm^4 / MeV,,sly5_n24_e0_half,SLy5,e0,12000.0,0.10332016532994952,0.012912868521490109,8,6.232683608568877e-14,True
q20_from_e0,gamma_1,experiment_range,9.0,25.0,9.925798890072954,147.13944034982492,2199.129556299107,nan,16.85129342054459,nan,1.0,nan,nan,nan,nan,0.09932740065700521,False,fm^4 / MeV,,sly5_n24_e0_half,SLy5,e0,12000.0,0.10332016532994952,0.012912868521490109,8,6.232683608568877e-14,True
q20_from_e0,gamma_0p5,mqc,9.0,18.0,10.389961662369654,159.45287077191284,2505.118390627305,nan,16.85129342054459,nan,0.5,nan,nan,nan,nan,0.0,False,fm^4 / MeV,,sly5_n24_e0_half,SLy5,e0,12000.0,0.10332016532994952,0.012912868521490109,8,2.4965343195255453e-07,True
q20_from_e0,gamma_0p5,main_isgmr,18.0,25.0,-0.29464193533896066,-9.634720726592123,-275.068481625682,nan,18.0,nan,0.5,nan,nan,nan,nan,0.6367086979217295,False,fm^4 / MeV,,sly5_n24_e0_half,SLy5,e0,12000.0,0.10332016532994952,0.012912868521490109,8,2.4965343195255453e-07,True
q20_from_e0,gamma_0p5,experiment_range,9.0,25.0,10.09531973448506,149.81815004532075,2230.0499066501384,nan,16.85129342054459,nan,0.5,nan,nan,nan,nan,0.11524122572975912,False,fm^4 / MeV,,sly5_n24_e0_half,SLy5,e0,12000.0,0.10332016532994952,0.012912868521490109,8,2.4965343195255453e-07,True
q20_from_e0,gamma_0p2,mqc,9.0,18.0,10.825355386306466,167.67750861479075,2655.3631319050173,nan,16.85129342054459,nan,0.2,nan,nan,nan,nan,0.0,False,fm^4 / MeV,,sly5_n24_e0_half,SLy5,e0,12000.0,0.10332016532994952,0.012912868521490109,8,0.0022852568333992076,True
q20_from_e0,gamma_0p2,main_isgmr,18.0,25.0,-0.6286909726923462,-16.25766634880305,-407.5388234709214,nan,18.0,nan,0.2,nan,nan,nan,nan,0.725145565914288,False,fm^4 / MeV,,sly5_n24_e0_half,SLy5,e0,12000.0,0.10332016532994952,0.012912868521490109,8,0.0022852568333992076,True
q20_from_e0,gamma_0p2,experiment_range,9.0,25.0,10.19666445323024,151.4198422659877,2247.8242956863014,nan,16.85129342054459,nan,0.2,nan,nan,nan,nan,0.12847645756494094,False,fm^4 / MeV,,sly5_n24_e0_half,SLy5,e0,12000.0,0.10332016532994952,0.012912868521490109,8,0.0022852568333992076,True
q20_from_e0,gamma_0p1,mqc,9.0,18.0,11.02975380324512,171.4958257421572,2724.918867729087,nan,16.85129342054459,nan,0.1,nan,nan,nan,nan,0.0,False,fm^4 / MeV,,sly5_n24_e0_half,SLy5,e0,12000.0,0.10332016532994952,0.012912868521490109,8,0.04780435998315643,True
q20_from_e0,gamma_0p1,main_isgmr,18.0,25.0,-0.798940528732049,-19.535360417540044,-471.1511549605542,nan,18.0,nan,0.1,nan,nan,nan,nan,0.7550706097264094,False,fm^4 / MeV,,sly5_n24_e0_half,SLy5,e0,12000.0,0.10332016532994952,0.012912868521490109,8,0.04780435998315643,True
q20_from_e0,gamma_0p1,experiment_range,9.0,25.0,10.230813364828792,151.96046532461716,2253.767683595366,nan,16.85129342054459,nan,0.1,nan,nan,nan,nan,0.13782693714186958,False,fm^4 / MeV,,sly5_n24_e0_half,SLy5,e0,12000.0,0.10332016532994952,0.012912868521490109,8,0.04780435998315643,True
q20_from_e0,gamma_0p07,mqc,9.0,18.0,11.104919300809751,172.88677321093405,2750.1695376791376,nan,16.85129342054459,nan,0.07,nan,nan,nan,nan,0.0006798248428293558,False,fm^4 / MeV,,sly5_n24_e0_half,SLy5,e0,12000.0,0.10332016532994952,0.012912868521490109,8,0.11902200328295581,False
q20_from_e0,gamma_0p07,main_isgmr,18.0,25.0,-0.8635822582237817,-20.76588785627702,-494.75527523948153,nan,21.61614190497444,nan,0.07,nan,nan,nan,nan,0.7586548369928369,False,fm^4 / MeV,,sly5_n24_e0_half,SLy5,e0,12000.0,0.10332016532994952,0.012912868521490109,8,0.11902200328295581,False
q20_from_e0,gamma_0p07,experiment_range,9.0,25.0,10.241337148783167,152.12088535465705,2255.414228105271,nan,16.85129342054459,nan,0.07,nan,nan,nan,nan,0.14335116810713594,False,fm^4 / MeV,,sly5_n24_e0_half,SLy5,e0,12000.0,0.10332016532994952,0.012912868521490109,8,0.11902200328295581,False
q20_from_e0,gamma_1,mqc,9.0,18.0,9.82635129510053,148.75818381931566,2309.771292290764,nan,16.85653402811142,nan,1.0,nan,nan,nan,nan,0.0,False,fm^4 / MeV,,sly5_n24_e0_half,SLy5,e0,18000.0,0.06888011021996635,0.00860905721558295,8,1.5560108531536548e-20,True
q20_from_e0,gamma_1,main_isgmr,18.0,25.0,0.09944771131530272,-1.6187430875245354,-110.64176890276184,nan,18.0,nan,1.0,nan,nan,nan,nan,0.5232195500239752,False,fm^4 / MeV,,sly5_n24_e0_half,SLy5,e0,18000.0,0.06888011021996635,0.00860905721558295,8,1.5560108531536548e-20,True
q20_from_e0,gamma_1,experiment_range,9.0,25.0,9.925799010338645,147.13944073179113,2199.129522177857,nan,16.85653402811142,nan,1.0,nan,nan,nan,nan,0.09932732052542544,False,fm^4 / MeV,,sly5_n24_e0_half,SLy5,e0,18000.0,0.06888011021996635,0.00860905721558295,8,1.5560108531536548e-20,True
q20_from_e0,gamma_0p5,mqc,9.0,18.0,10.389986919545752,159.45331124286463,2505.126077364133,nan,16.85653402811142,nan,0.5,nan,nan,nan,nan,0.0,False,fm^4 / MeV,,sly5_n24_e0_half,SLy5,e0,18000.0,0.06888011021996635,0.00860905721558295,8,1.247401640672985e-10,True
q20_from_e0,gamma_0p5,main_isgmr,18.0,25.0,-0.2946671259078245,-9.635164083965059,-275.07627434760565,nan,18.0,nan,0.5,nan,nan,nan,nan,0.636716714118095,False,fm^4 / MeV,,sly5_n24_e0_half,SLy5,e0,18000.0,0.06888011021996635,0.00860905721558295,8,1.247401640672985e-10,True
q20_from_e0,gamma_0p5,experiment_range,9.0,25.0,10.095319801868502,149.8181471588996,2230.0498004182514,nan,16.85653402811142,nan,0.5,nan,nan,nan,nan,0.11524122479578443,False,fm^4 / MeV,,sly5_n24_e0_half,SLy5,e0,18000.0,0.06888011021996635,0.00860905721558295,8,1.247401640672985e-10,True
q20_from_e0,gamma_0p2,mqc,9.0,18.0,10.825449624758313,167.6793872187224,2655.3984552818456,nan,16.85653402811142,nan,0.2,nan,nan,nan,nan,0.0,False,fm^4 / MeV,,sly5_n24_e0_half,SLy5,e0,18000.0,0.06888011021996635,0.00860905721558295,8,0.0001092452403177839,True
q20_from_e0,gamma_0p2,main_isgmr,18.0,25.0,-0.6288120931537419,-16.259864992113386,-407.57894048760187,nan,18.0,nan,0.2,nan,nan,nan,nan,0.725198288983643,False,fm^4 / MeV,,sly5_n24_e0_half,SLy5,e0,18000.0,0.06888011021996635,0.00860905721558295,8,0.0001092452403177839,True
q20_from_e0,gamma_0p2,experiment_range,9.0,25.0,10.196637573918569,151.41952222660905,2247.8195011751295,nan,16.85653402811142,nan,0.2,nan,nan,nan,nan,0.12847415691078315,False,fm^4 / MeV,,sly5_n24_e0_half,SLy5,e0,18000.0,0.06888011021996635,0.00860905721558295,8,0.0001092452403177839,True
q20_from_e0,gamma_0p1,mqc,9.0,18.0,11.028972767659535,171.48589455198967,2724.7772130756766,nan,16.85653402811142,nan,0.1,nan,nan,nan,nan,0.0,False,fm^4 / MeV,,sly5_n24_e0_half,SLy5,e0,18000.0,0.06888011021996635,0.00860905721558295,8,0.01045204479122549,True
q20_from_e0,gamma_0p1,main_isgmr,18.0,25.0,-0.7988039101087787,-19.534181135133952,-471.16191973622,nan,18.0,nan,0.1,nan,nan,nan,nan,0.7558683773176361,False,fm^4 / MeV,,sly5_n24_e0_half,SLy5,e0,18000.0,0.06888011021996635,0.00860905721558295,8,0.01045204479122549,True
q20_from_e0,gamma_0p1,experiment_range,9.0,25.0,10.230168936170017,151.9517134168557,2253.6152679527854,nan,16.85653402811142,nan,0.1,nan,nan,nan,nan,0.1376204220395042,False,fm^4 / MeV,,sly5_n24_e0_half,SLy5,e0,18000.0,0.06888011021996635,0.00860905721558295,8,0.01045204479122549,True
q20_from_e0,gamma_0p07,mqc,9.0,18.0,11.102327687036842,172.85024339995164,2749.6032286791983,nan,16.85653402811142,nan,0.07,nan,nan,nan,nan,7.722589309855444e-06,False,fm^4 / MeV,,sly5_n24_e0_half,SLy5,e0,18000.0,0.06888011021996635,0.00860905721558295,8,0.04106207420869087,True
q20_from_e0,gamma_0p07,main_isgmr,18.0,25.0,-0.862639188760276,-20.752587713392842,-494.6075614209883,nan,21.608733611113205,nan,0.07,nan,nan,nan,nan,0.7621008416496768,False,fm^4 / MeV,,sly5_n24_e0_half,SLy5,e0,18000.0,0.06888011021996635,0.00860905721558295,8,0.04106207420869087,True
q20_from_e0,gamma_0p07,experiment_range,9.0,25.0,10.239688564680884,152.09765568655882,2254.995645812331,nan,16.85653402811142,nan,0.07,nan,nan,nan,nan,0.1420252055410459,False,fm^4 / MeV,,sly5_n24_e0_half,SLy5,e0,18000.0,0.06888011021996635,0.00860905721558295,8,0.04106207420869087,True
e0_diagonal,gamma_1,mqc,9.0,18.0,2.31849171418178,34.83798025641566,534.9725975726953,15.356016440539097,16.48890750395548,1.7338378763147215,1.0,0.7338378763147215,nan,1486.12522589808,35.99781419828912,0.0,True,fm^4 / MeV,IS E0 double-commutator EWSR in Sky3D F00 convention,skms_n24_e0_half,SkM*,e0,2000.0,0.6199209919796971,0.07741271128617595,8,0.00629669291410834,True
e0_diagonal,gamma_1,main_isgmr,18.0,25.0,0.9406127001748881,20.283889342970294,441.3632494168591,21.75930079059619,23.843115076142197,nan,1.0,nan,nan,1486.12522589808,29.698927232066797,0.0,True,fm^4 / MeV,IS E0 double-commutator EWSR in Sky3D F00 convention,skms_n24_e0_half,SkM*,e0,2000.0,0.6199209919796971,0.07741271128617595,8,0.00629669291410834,True
e0_diagonal,gamma_1,experiment_range,9.0,25.0,3.259104916660788,55.12186959938596,976.3356950877633,17.71231096085027,16.48890750395548,1.7338378763147215,1.0,0.7338378763147215,nan,1486.12522589808,65.69673120902407,0.0,True,fm^4 / MeV,IS E0 double-commutator EWSR in Sky3D F00 convention,skms_n24_e0_half,SkM*,e0,2000.0,0.6199209919796971,0.07741271128617595,8,0.00629669291410834,True
e0_diagonal,gamma_0p5,mqc,9.0,18.0,2.410566443282222,36.56439844374557,565.8710298662555,15.47601092731909,16.566320215241657,1.2507947105304318,0.5,0.7507947105304318,nan,1486.12522589808,38.076941297076374,0.0,True,fm^4 / MeV,IS E0 double-commutator EWSR in Sky3D F00 convention,skms_n24_e0_half,SkM*,e0,2000.0,0.6199209919796971,0.07741271128617595,8,0.07935170391433533,False
e0_diagonal,gamma_0p5,main_isgmr,18.0,25.0,0.9105367436876032,19.79010056551984,433.75302881090704,21.917676839229006,24.1527659212869,3.8580284737215145,0.5,3.3580284737215145,nan,1486.12522589808,29.186842484877804,0.0,True,fm^4 / MeV,IS E0 double-commutator EWSR in Sky3D F00 convention,skms_n24_e0_half,SkM*,e0,2000.0,0.6199209919796971,0.07741271128617595,8,0.07935170391433533,False
e0_diagonal,gamma_0p5,experiment_range,9.0,25.0,3.3211040131673286,56.35449900926541,999.6238006971167,17.738136586624,16.566320215241657,1.2507947105304318,0.5,0.7507947105304318,nan,1486.12522589808,67.26376642271408,0.0,True,fm^4 / MeV,IS E0 double-commutator EWSR in Sky3D F00 convention,skms_n24_e0_half,SkM*,e0,2000.0,0.6199209919796971,0.07741271128617595,8,0.07935170391433533,False
e0_diagonal,gamma_0p2,mqc,9.0,18.0,2.472260242838019,37.730916627729655,586.8412383152513,15.553325780693145,16.566320215241657,0.484498804165586,0.2,0.284498804165586,nan,1486.12522589808,39.488007342087705,0.0009196138075577278,True,fm^4 / MeV,IS E0 double-commutator EWSR in Sky3D F00 convention,skms_n24_e0_half,SkM*,e0,2000.0,0.6199209919796971,0.07741271128617595,8,0.36292969413815185,False
e0_diagonal,gamma_0p2,main_isgmr,18.0,25.0,0.8840011253454746,19.330783741704394,425.9979302922263,22.037281880774177,22.99157525199426,1.7498570747229785,0.2,1.5498570747229785,nan,1486.12522589808,28.665009036152494,0.0004944395786342637,True,fm^4 / MeV,IS E0 double-commutator EWSR in Sky3D F00 convention,skms_n24_e0_half,SkM*,e0,2000.0,0.6199209919796971,0.07741271128617595,8,0.36292969413815185,False
e0_diagonal,gamma_0p2,experiment_range,9.0,25.0,3.356263136554782,57.06170036943404,1012.8386070521757,17.749884782520745,16.566320215241657,0.484498804165586,0.2,0.284498804165586,nan,1486.12522589808,68.15297859170026,0.0007756586889633355,True,fm^4 / MeV,IS E0 double-commutator EWSR in Sky3D F00 convention,skms_n24_e0_half,SkM*,e0,2000.0,0.6199209919796971,0.07741271128617595,8,0.36292969413815185,False
e0_diagonal,gamma_0p1,mqc,9.0,18.0,2.49431565819207,38.155307489885914,594.5405359581754,15.582118847181988,16.566320215241657,0.43071991024516976,0.1,0.3307199102451698,nan,1486.12522589808,40.006086001190695,0.026585628124062875,True,fm^4 / MeV,IS E0 double-commutator EWSR in Sky3D F00 convention,skms_n24_e0_half,SkM*,e0,2000.0,0.6199209919796971,0.07741271128617595,8,0.6024364648144664,False
e0_diagonal,gamma_0p1,main_isgmr,18.0,25.0,0.872254064733976,19.120801021805445,422.2740414665012,22.08453720034731,22.99157525199426,0.46112913975928294,0.1,0.36112913975928296,nan,1486.12522589808,28.41443198108133,0.013499016599206824,True,fm^4 / MeV,IS E0 double-commutator EWSR in Sky3D F00 convention,skms_n24_e0_half,SkM*,e0,2000.0,0.6199209919796971,0.07741271128617595,8,0.6024364648144664,False
e0_diagonal,gamma_0p1,experiment_range,9.0,25.0,3.366572228099603,57.27610851169137,1016.8137792600089,17.75284330031699,16.566320215241657,0.43071991024516976,0.1,0.3307199102451698,nan,1486.12522589808,68.42046427450542,0.02229584749816196,True,fm^4 / MeV,IS E0 double-commutator EWSR in Sky3D F00 convention,skms_n24_e0_half,SkM*,e0,2000.0,0.6199209919796971,0.07741271128617595,8,0.6024364648144664,False
e0_diagonal,gamma_0p07,mqc,9.0,18.0,2.5011291915521263,38.287678485153066,596.9540925149666,15.591284615139292,16.566320215241657,0.41697961419241736,0.07,0.34697961419241735,nan,1486.12522589808,40.16849200269926,0.04198149443648414,True,fm^4 / MeV,IS E0 double-commutator EWSR in Sky3D F00 convention,skms_n24_e0_half,SkM*,e0,2000.0,0.6199209919796971,0.07741271128617595,8,0.7013549652802368,False
e0_diagonal,gamma_0p07,main_isgmr,18.0,25.0,0.8682883538116077,19.049125420745654,420.9825885742518,22.099838143528427,22.99157525199426,0.43333403948349414,0.07,0.36333403948349413,nan,1486.12522589808,28.327531303416766,0.020943297409046532,True,fm^4 / MeV,IS E0 double-commutator EWSR in Sky3D F00 convention,skms_n24_e0_half,SkM*,e0,2000.0,0.6199209919796971,0.07741271128617595,8,0.7013549652802368,False
e0_diagonal,gamma_0p07,experiment_range,9.0,25.0,3.3694203497873074,57.33680390589871,1017.9357868948335,17.753619273328734,16.566320215241657,0.41697961419241736,0.07,0.34697961419241735,nan,1486.12522589808,68.49596313659806,0.03519993871659682,True,fm^4 / MeV,IS E0 double-commutator EWSR in Sky3D F00 convention,skms_n24_e0_half,SkM*,e0,2000.0,0.6199209919796971,0.07741271128617595,8,0.7013549652802368,False
e0_diagonal,gamma_1,mqc,9.0,18.0,2.318643314679532,34.84015832246999,535.005840975174,15.356010613480038,16.53587353668982,1.7314703212938216,1.0,0.7314703212938216,nan,1486.12522589808,36.00005111627553,0.0,True,fm^4 / MeV,IS E0 double-commutator EWSR in Sky3D F00 convention,skms_n24_e0_half,SkM*,e0,4000.0,0.30996049598984854,0.03872569914915649,8,3.964834165458217e-05,True
e0_diagonal,gamma_1,main_isgmr,18.0,25.0,0.9404978935818561,20.281733541289487,441.32140942479055,21.759550707356937,23.855030675880396,nan,1.0,nan,nan,1486.12522589808,29.69611185747121,0.0,True,fm^4 / MeV,IS E0 double-commutator EWSR in Sky3D F00 convention,skms_n24_e0_half,SkM*,e0,4000.0,0.30996049598984854,0.03872569914915649,8,3.964834165458217e-05,True
e0_diagonal,gamma_1,experiment_range,9.0,25.0,3.2591412487224583,55.12189186375948,976.3272381449265,17.712150384062273,16.53587353668982,1.7314703212938216,1.0,0.7314703212938216,nan,1486.12522589808,65.6961621491165,0.0,True,fm^4 / MeV,IS E0 double-commutator EWSR in Sky3D F00 convention,skms_n24_e0_half,SkM*,e0,4000.0,0.30996049598984854,0.03872569914915649,8,3.964834165458217e-05,True
e0_diagonal,gamma_0p5,mqc,9.0,18.0,2.4115331054753923,36.576973785228425,566.0518706456937,15.475634314894942,16.574599235838978,1.192416418384786,0.5,0.6924164183847861,nan,1486.12522589808,38.089109906846716,0.0,True,fm^4 / MeV,IS E0 double-commutator EWSR in Sky3D F00 convention,skms_n24_e0_half,SkM*,e0,4000.0,0.30996049598984854,0.03872569914915649,8,0.00629669291410834,True
e0_diagonal,gamma_0p5,main_isgmr,18.0,25.0,0.9097838377522569,19.774645403216844,433.42543185907374,21.918240404379954,23.89375637502955,3.9279753745490993,0.5,3.4279753745490993,nan,1486.12522589808,29.164798787205196,0.0,True,fm^4 / MeV,IS E0 double-commutator EWSR in Sky3D F00 convention,skms_n24_e0_half,SkM*,e0,4000.0,0.30996049598984854,0.03872569914915649,8,0.00629669291410834,True
e0_diagonal,gamma_0p5,experiment_range,9.0,25.0,3.3213170179277416,56.35161918844527,999.4772790099348,17.73644295237704,16.574599235838978,1.192416418384786,0.5,0.6924164183847861,nan,1486.12522589808,67.25390711310622,0.0,True,fm^4 / MeV,IS E0 double-commutator EWSR in Sky3D F00 convention,skms_n24_e0_half,SkM*,e0,4000.0,0.30996049598984854,0.03872569914915649,8,0.00629669291410834,True
e0_diagonal,gamma_0p2,mqc,9.0,18.0,2.4764874478242787,37.78610417644798,587.6394153934041,15.5517333210466,16.613324934988135,0.2971550553068809,0.2,0.0971550553068809,nan,1486.12522589808,39.541715943775046,0.0,True,fm^4 / MeV,IS E0 double-commutator EWSR in Sky3D F00 convention,skms_n24_e0_half,SkM*,e0,4000.0,0.30996049598984854,0.03872569914915649,8,0.13171796288721244,False
e0_diagonal,gamma_0p2,main_isgmr,18.0,25.0,0.8802565390718449,19.251980777423235,424.2875525158927,22.038644096998787,24.319739065670273,1.6669485593350153,0.2,1.4669485593350153,nan,1486.12522589808,28.54991928822765,0.0,True,fm^4 / MeV,IS E0 double-commutator EWSR in Sky3D F00 convention,skms_n24_e0_half,SkM*,e0,4000.0,0.30996049598984854,0.03872569914915649,8,0.13171796288721244,False
e0_diagonal,gamma_0p2,experiment_range,9.0,25.0,3.3567442315577973,57.03808495387122,1011.9268892577217,17.741249378833526,16.613324934988135,0.2971550553068809,0.2,0.0971550553068809,nan,1486.12522589808,68.09162993961053,0.0,True,fm^4 / MeV,IS E0 double-commutator EWSR in Sky3D F00 convention,skms_n24_e0_half,SkM*,e0,4000.0,0.30996049598984854,0.03872569914915649,8,0.13171796288721244,False
e0_diagonal,gamma_0p1,mqc,9.0,18.0,2.5018919236610526,38.257847966324135,596.0705803247456,15.580347876582794,16.613324934988135,0.23698710093218978,0.1,0.13698710093218977,nan,1486.12522589808,40.109041279784094,0.022268382191100847,True,fm^4 / MeV,IS E0 double-commutator EWSR in Sky3D F00 convention,skms_n24_e0_half,SkM*,e0,4000.0,0.30996049598984854,0.03872569914915649,8,0.36292969413815185,False
e0_diagonal,gamma_0p1,main_isgmr,18.0,25.0,0.8649231149964843,18.966700887090962,418.93510351084666,22.08792694126265,24.319739065670273,0.2738725352869871,0.1,0.17387253528698707,nan,1486.12522589808,28.189757916105627,0.0018637450220799592,True,fm^4 / MeV,IS E0 double-commutator EWSR in Sky3D F00 convention,skms_n24_e0_half,SkM*,e0,4000.0,0.30996049598984854,0.03872569914915649,8,0.36292969413815185,False
e0_diagonal,gamma_0p1,experiment_range,9.0,25.0,3.366815514535742,57.2245488534151,1015.0055302788438,17.737239534711847,16.613324934988135,0.23698710093218978,0.1,0.13698710093218977,nan,1486.12522589808,68.29878886319732,0.015693155201689464,True,fm^4 / MeV,IS E0 double-commutator EWSR in Sky3D F00 convention,skms_n24_e0_half,SkM*,e0,4000.0,0.30996049598984854,0.03872569914915649,8,0.36292969413815185,False
e0_diagonal,gamma_0p07,mqc,9.0,18.0,2.510282483433955,38.41340553967148,598.8530577814954,15.58968931205616,16.613324934988135,0.22292068918685715,0.07,0.15292068918685714,nan,1486.12522589808,40.2962716294384,0.051448854898627334,True,fm^4 / MeV,IS E0 double-commutator EWSR in Sky3D F00 convention,skms_n24_e0_half,SkM*,e0,4000.0,0.30996049598984854,0.03872569914915649,8,0.49189878732324216,False
e0_diagonal,gamma_0p07,main_isgmr,18.0,25.0,0.8591718297329642,18.85779026657636,416.8440841969183,22.104609198869646,24.319739065670273,0.24993480070931184,0.07,0.17993480070931184,nan,1486.12522589808,28.049055149105303,0.012583730220183494,True,fm^4 / MeV,IS E0 double-commutator EWSR in Sky3D F00 convention,skms_n24_e0_half,SkM*,e0,4000.0,0.30996049598984854,0.03872569914915649,8,0.49189878732324216,False
e0_diagonal,gamma_0p07,experiment_range,9.0,25.0,3.369454910003584,57.27119580624784,1015.6969492479275,17.73486540571103,16.613324934988135,0.22292068918685715,0.07,0.15292068918685714,nan,1486.12522589808,68.34531380988649,0.039354536659380664,True,fm^4 / MeV,IS E0 double-commutator EWSR in Sky3D F00 convention,skms_n24_e0_half,SkM*,e0,4000.0,0.30996049598984854,0.03872569914915649,8,0.49189878732324216,False
e0_diagonal,gamma_1,mqc,9.0,18.0,2.318661952227021,34.84044599646636,535.0103682575192,15.356013763767027,16.52063878276311,1.7307955632910517,1.0,0.7307955632910517,nan,1486.12522589808,36.00035575294183,0.0,True,fm^4 / MeV,IS E0 double-commutator EWSR in Sky3D F00 convention,skms_n24_e0_half,SkM*,e0,8000.0,0.15498024799492427,0.01936768907709626,8,1.5719909959584757e-09,True
e0_diagonal,gamma_1,main_isgmr,18.0,25.0,0.9404837869883819,20.28149003120749,441.31709959836564,21.75959946331868,23.880360632059688,nan,1.0,nan,nan,1486.12522589808,29.695821853213843,0.0,True,fm^4 / MeV,IS E0 double-commutator EWSR in Sky3D F00 convention,skms_n24_e0_half,SkM*,e0,8000.0,0.15498024799492427,0.01936768907709626,8,1.5719909959584757e-09,True
e0_diagonal,gamma_1,experiment_range,9.0,25.0,3.2591457467836116,55.12193602767385,976.3274655623935,17.71214031873319,16.52063878276311,1.7307955632910517,1.0,0.7307955632910517,nan,1486.12522589808,65.69617745182875,0.0,True,fm^4 / MeV,IS E0 double-commutator EWSR in Sky3D F00 convention,skms_n24_e0_half,SkM*,e0,8000.0,0.15498024799492427,0.01936768907709626,8,1.5719909959584757e-09,True
e0_diagonal,gamma_0p5,mqc,9.0,18.0,2.4115019474963773,36.576392237888484,566.0410237448054,15.47558381546606,16.598109539071498,1.192006538306682,0.5,0.692006538306682,nan,1486.12522589808,38.08838002885936,0.0,True,fm^4 / MeV,IS E0 double-commutator EWSR in Sky3D F00 convention,skms_n24_e0_half,SkM*,e0,8000.0,0.15498024799492427,0.01936768907709626,8,3.964834165458217e-05,True
e0_diagonal,gamma_0p5,main_isgmr,18.0,25.0,0.9098270784973832,19.775506145418852,433.44282224126204,21.918165788220414,23.899728321136788,3.923161712607069,0.5,3.423161712607069,nan,1486.12522589808,29.165968970032676,0.0,True,fm^4 / MeV,IS E0 double-commutator EWSR in Sky3D F00 convention,skms_n24_e0_half,SkM*,e0,8000.0,0.15498024799492427,0.01936768907709626,8,3.964834165458217e-05,True
e0_diagonal,gamma_0p5,experiment_range,9.0,25.0,3.3213290386460352,56.35189838330733,999.4838420139412,17.736471542013042,16.598109539071498,1.192006538306682,0.5,0.692006538306682,nan,1486.12522589808,67.25434873161132,0.0,True,fm^4 / MeV,IS E0 double-commutator EWSR in Sky3D F00 convention,skms_n24_e0_half,SkM*,e0,8000.0,0.15498024799492427,0.01936768907709626,8,3.964834165458217e-05,True
e0_diagonal,gamma_0p2,mqc,9.0,18.0,2.4749956722699835,37.75995808520298,587.1745532699978,15.55019081178732,16.598109539071498,0.24701744890024102,0.2,0.04701744890024101,nan,1486.12522589808,39.51043579891879,0.0,True,fm^4 / MeV,IS E0 double-commutator EWSR in Sky3D F00 convention,skms_n24_e0_half,SkM*,e0,8000.0,0.15498024799492427,0.01936768907709626,8,0.017349621747157075,True
e0_diagonal,gamma_0p2,main_isgmr,18.0,25.0,0.8821485639892171,19.289381601382722,425.04403805652265,22.03513035514079,24.325817480832907,1.0021488949047779,0.2,0.8021488949047779,nan,1486.12522589808,28.60082250468929,0.0,True,fm^4 / MeV,IS E0 double-commutator EWSR in Sky3D F00 convention,skms_n24_e0_half,SkM*,e0,8000.0,0.15498024799492427,0.01936768907709626,8,0.017349621747157075,True
e0_diagonal,gamma_0p2,experiment_range,9.0,25.0,3.357144246817812,57.04933968658571,1012.218588001961,17.742862468923,16.598109539071498,0.24701744890024102,0.2,0.04701744890024101,nan,1486.12522589808,68.11125807990153,0.0,True,fm^4 / MeV,IS E0 double-commutator EWSR in Sky3D F00 convention,skms_n24_e0_half,SkM*,e0,8000.0,0.15498024799492427,0.01936768907709626,8,0.017349621747157075,True
e0_diagonal,gamma_0p1,mqc,9.0,18.0,2.4969097235770215,38.17297354297651,594.5848697275419,15.576068997038883,16.598109539071498,0.16693033888819642,0.1,0.06693033888819641,nan,1486.12522589808,40.0090691797677,0.00036930523571546185,True,fm^4 / MeV,IS E0 double-commutator EWSR in Sky3D F00 convention,skms_n24_e0_half,SkM*,e0,8000.0,0.15498024799492427,0.01936768907709626,8,0.13171796288721244,False
e0_diagonal,gamma_0p1,main_isgmr,18.0,25.0,0.8710588312417915,19.08887420960124,421.4269271583805,22.07709697968532,24.325817480832907,0.17679531441845597,0.1,0.07679531441845597,nan,1486.12522589808,28.357430438185858,0.0,True,fm^4 / MeV,IS E0 double-commutator EWSR in Sky3D F00 convention,skms_n24_e0_half,SkM*,e0,8000.0,0.15498024799492427,0.01936768907709626,8,0.13171796288721244,False
e0_diagonal,gamma_0p1,experiment_range,9.0,25.0,3.3679685290620807,57.26184775257775,1016.0118053321426,17.743259171834964,16.598109539071498,0.16693033888819642,0.1,0.06693033888819641,nan,1486.12522589808,68.36650018629194,0.00024625385904456236,True,fm^4 / MeV,IS E0 double-commutator EWSR in Sky3D F00 convention,skms_n24_e0_half,SkM*,e0,8000.0,0.15498024799492427,0.01936768907709626,8,0.13171796288721244,False
e0_diagonal,gamma_0p07,mqc,9.0,18.0,2.5030029542647854,38.29107477899933,596.7279072681787,15.583994722327644,16.598109539071498,0.1488629530279475,0.07,0.07886295302794749,nan,1486.12522589808,40.15327220541393,0.005529832876050268,True,fm^4 / MeV,IS E0 double-commutator EWSR in Sky3D F00 convention,skms_n24_e0_half,SkM*,e0,8000.0,0.15498024799492427,0.01936768907709626,8,0.24196441697007623,False
e0_diagonal,gamma_0p07,main_isgmr,18.0,25.0,0.867984190845059,19.03377070788379,420.44507093605824,22.08942607267565,24.325817480832907,0.15035189273436345,0.07,0.08035189273436344,nan,1486.12522589808,28.291362235775196,0.0003165118797716652,True,fm^4 / MeV,IS E0 double-commutator EWSR in Sky3D F00 convention,skms_n24_e0_half,SkM*,e0,8000.0,0.15498024799492427,0.01936768907709626,8,0.24196441697007623,False
e0_diagonal,gamma_0p07,experiment_range,9.0,25.0,3.370987090884129,57.32484548688312,1017.1729958891619,17.744016355384822,16.598109539071498,0.1488629530279475,0.07,0.07886295302794749,nan,1486.12522589808,68.44463563119146,0.0038109408690702195,True,fm^4 / MeV,IS E0 double-commutator EWSR in Sky3D F00 convention,skms_n24_e0_half,SkM*,e0,8000.0,0.15498024799492427,0.01936768907709626,8,0.24196441697007623,False
e0_diagonal,gamma_1,mqc,9.0,18.0,2.318665510759291,34.8405009483517,535.0112348256507,15.356014416060283,16.52847170750734,1.7306632321563313,1.0,0.7306632321563313,nan,1486.12522589808,36.00041406351461,0.0,True,fm^4 / MeV,IS E0 double-commutator EWSR in Sky3D F00 convention,skms_n24_e0_half,SkM*,e0,12000.0,0.10332016532994952,0.012912868521490109,8,6.232683608568877e-14,True
e0_diagonal,gamma_1,main_isgmr,18.0,25.0,0.9404810682376306,20.281442797996117,441.3162576396502,21.759608625243068,23.875893896235212,nan,1.0,nan,nan,1486.12522589808,29.695765198586038,0.0,True,fm^4 / MeV,IS E0 double-commutator EWSR in Sky3D F00 convention,skms_n24_e0_half,SkM*,e0,12000.0,0.10332016532994952,0.012912868521490109,8,6.232683608568877e-14,True
e0_diagonal,gamma_1,experiment_range,9.0,25.0,3.2591465793801566,55.121943746347824,976.3274923491979,17.712138324474193,16.52847170750734,1.7306632321563313,1.0,0.7306632321563313,nan,1486.12522589808,65.69617925428818,0.0,True,fm^4 / MeV,IS E0 double-commutator EWSR in Sky3D F00 convention,skms_n24_e0_half,SkM*,e0,12000.0,0.10332016532994952,0.012912868521490109,8,6.232683608568877e-14,True
e0_diagonal,gamma_0p5,mqc,9.0,18.0,2.4115076732381704,36.57648499589286,566.0425698277646,15.47558683923086,16.59303605011479,1.1915382258327032,0.5,0.6915382258327032,nan,1486.12522589808,38.088484063360106,0.0,True,fm^4 / MeV,IS E0 double-commutator EWSR in Sky3D F00 convention,skms_n24_e0_half,SkM*,e0,12000.0,0.10332016532994952,0.012912868521490109,8,2.4965343195255453e-07,True
e0_diagonal,gamma_0p5,main_isgmr,18.0,25.0,0.9098209073836951,19.775386396859368,433.4404226492661,21.918177169883418,23.901719633278194,3.9230228006633148,0.5,3.4230228006633148,nan,1486.12522589808,29.165807503693628,0.0,True,fm^4 / MeV,IS E0 double-commutator EWSR in Sky3D F00 convention,skms_n24_e0_half,SkM*,e0,12000.0,0.10332016532994952,0.012912868521490109,8,2.4965343195255453e-07,True
e0_diagonal,gamma_0p5,experiment_range,9.0,25.0,3.3213285812690145,56.35187139275223,999.4829922739216,17.736464957976025,16.59303605011479,1.1915382258327032,0.5,0.6915382258327032,nan,1486.12522589808,67.25429155338671,0.0,True,fm^4 / MeV,IS E0 double-commutator EWSR in Sky3D F00 convention,skms_n24_e0_half,SkM*,e0,12000.0,0.10332016532994952,0.012912868521490109,8,2.4965343195255453e-07,True
e0_diagonal,gamma_0p2,mqc,9.0,18.0,2.475130541710168,37.76171960701222,587.2002391581691,15.55014563079188,16.59303605011479,0.24578314845227212,0.2,0.045783148452272104,nan,1486.12522589808,39.51216417871638,0.0,True,fm^4 / MeV,IS E0 double-commutator EWSR in Sky3D F00 convention,skms_n24_e0_half,SkM*,e0,12000.0,0.10332016532994952,0.012912868521490109,8,0.0022852568333992076,True
e0_diagonal,gamma_0p2,main_isgmr,18.0,25.0,0.8820555926497068,19.28748730364206,425.0043955501085,22.035239160979504,24.314931425965874,0.9783848433893816,0.2,0.7783848433893816,nan,1486.12522589808,28.598154996882858,0.0,True,fm^4 / MeV,IS E0 double-commutator EWSR in Sky3D F00 convention,skms_n24_e0_half,SkM*,e0,12000.0,0.10332016532994952,0.012912868521490109,8,0.0022852568333992076,True
e0_diagonal,gamma_0p2,experiment_range,9.0,25.0,3.3571861350620074,57.04920691065428,1012.2046344857445,17.742659176156035,16.59303605011479,0.24578314845227212,0.2,0.045783148452272104,nan,1486.12522589808,68.1103191606252,0.0,True,fm^4 / MeV,IS E0 double-commutator EWSR in Sky3D F00 convention,skms_n24_e0_half,SkM*,e0,12000.0,0.10332016532994952,0.012912868521490109,8,0.0022852568333992076,True
e0_diagonal,gamma_0p1,mqc,9.0,18.0,2.497826783114008,38.184235673054786,594.7403021110218,15.575545552446615,16.580123181593297,0.16212505404489264,0.1,0.06212505404489263,nan,1486.12522589808,40.01952808193632,0.0,True,fm^4 / MeV,IS E0 double-commutator EWSR in Sky3D F00 convention,skms_n24_e0_half,SkM*,e0,12000.0,0.10332016532994952,0.012912868521490109,8,0.04780435998315643,True
e0_diagonal,gamma_0p1,main_isgmr,18.0,25.0,0.8704597685371389,19.076259076130096,421.153972835892,22.077387980271094,24.314931425965874,0.14780985645843714,0.1,0.04780985645843713,nan,1486.12522589808,28.33906359279949,0.0,True,fm^4 / MeV,IS E0 double-commutator EWSR in Sky3D F00 convention,skms_n24_e0_half,SkM*,e0,12000.0,0.10332016532994952,0.012912868521490109,8,0.04780435998315643,True
e0_diagonal,gamma_0p1,experiment_range,9.0,25.0,3.3682865510119093,57.26049474918488,1015.8942751579989,17.741625873263356,16.580123181593297,0.16212505404489264,0.1,0.06212505404489263,nan,1486.12522589808,68.35859168893954,0.0,True,fm^4 / MeV,IS E0 double-commutator EWSR in Sky3D F00 convention,skms_n24_e0_half,SkM*,e0,12000.0,0.10332016532994952,0.012912868521490109,8,0.04780435998315643,True
e0_diagonal,gamma_0p07,mqc,9.0,18.0,2.504624488545515,38.31034540540588,596.9853710458603,15.582876236913831,16.580123181593297,0.14107415829668568,0.07,0.07107415829668567,nan,1486.12522589808,40.17059670628336,0.00033459368142600097,True,fm^4 / MeV,IS E0 double-commutator EWSR in Sky3D F00 convention,skms_n24_e0_half,SkM*,e0,12000.0,0.10332016532994952,0.012912868521490109,8,0.11902200328295581,False
e0_diagonal,gamma_0p07,main_isgmr,18.0,25.0,0.8669501880954199,19.01159984496701,419.9568696803811,22.089507095930035,24.314931425965874,0.10625516302595628,0.07,0.03625516302595627,nan,1486.12522589808,28.25851162216811,1.4785354307602517e-05,True,fm^4 / MeV,IS E0 double-commutator EWSR in Sky3D F00 convention,skms_n24_e0_half,SkM*,e0,12000.0,0.10332016532994952,0.012912868521490109,8,0.11902200328295581,False
e0_diagonal,gamma_0p07,experiment_range,9.0,25.0,3.3715746746531887,57.321945250372885,1016.9422413735726,17.74088853634913,16.580123181593297,0.14107415829668568,0.07,0.07107415829668567,nan,1486.12522589808,68.4291083720098,0.0002285702695333509,True,fm^4 / MeV,IS E0 double-commutator EWSR in Sky3D F00 convention,skms_n24_e0_half,SkM*,e0,12000.0,0.10332016532994952,0.012912868521490109,8,0.11902200328295581,False
e0_diagonal,gamma_1,mqc,9.0,18.0,2.318667086682322,34.84052530120383,535.0116192484809,15.356014716287724,16.529389853919266,1.7306661838928559,1.0,0.7306661838928559,nan,1486.12522589808,36.000439930973386,0.0,True,fm^4 / MeV,IS E0 double-commutator EWSR in Sky3D F00 convention,skms_n24_e0_half,SkM*,e0,18000.0,0.06888011021996635,0.00860905721558295,8,1.5560108531536548e-20,True
e0_diagonal,gamma_1,main_isgmr,18.0,25.0,0.940479867135932,20.281422012673936,441.31588881929684,21.759612740345176,23.87291565881152,nan,1.0,nan,nan,1486.12522589808,29.695740381003578,0.0,True,fm^4 / MeV,IS E0 double-commutator EWSR in Sky3D F00 convention,skms_n24_e0_half,SkM*,e0,18000.0,0.06888011021996635,0.00860905721558295,8,1.5560108531536548e-20,True
e0_diagonal,gamma_1,experiment_range,9.0,25.0,3.259146954233694,55.12194731387777,976.3275079419027,17.71213746100907,16.529389853919266,1.7306661838928559,1.0,0.7306661838928559,nan,1486.12522589808,65.69618030350695,0.0,True,fm^4 / MeV,IS E0 double-commutator EWSR in Sky3D F00 convention,skms_n24_e0_half,SkM*,e0,18000.0,0.06888011021996635,0.00860905721558295,8,1.5560108531536548e-20,True
e0_diagonal,gamma_0p5,mqc,9.0,18.0,2.411510067907632,36.576524259760845,566.0432287547706,15.475588241649717,16.589653254428345,1.191301182917826,0.5,0.6913011829178259,nan,1486.12522589808,38.08852840195247,0.0,True,fm^4 / MeV,IS E0 double-commutator EWSR in Sky3D F00 convention,skms_n24_e0_half,SkM*,e0,18000.0,0.06888011021996635,0.00860905721558295,8,1.247401640672985e-10,True
e0_diagonal,gamma_0p5,main_isgmr,18.0,25.0,0.9098182693976927,19.77533537062724,433.4394029582347,21.91818216150368,23.89874283045827,3.922885449713416,0.5,3.422885449713416,nan,1486.12522589808,29.165738889621704,0.0,True,fm^4 / MeV,IS E0 double-commutator EWSR in Sky3D F00 convention,skms_n24_e0_half,SkM*,e0,18000.0,0.06888011021996635,0.00860905721558295,8,1.247401640672985e-10,True
e0_diagonal,gamma_0p5,experiment_range,9.0,25.0,3.321328338004458,56.35185963038808,999.4826314935508,17.736462257841332,16.589653254428345,1.191301182917826,0.5,0.6913011829178259,nan,1486.12522589808,67.25426727680728,0.0,True,fm^4 / MeV,IS E0 double-commutator EWSR in Sky3D F00 convention,skms_n24_e0_half,SkM*,e0,18000.0,0.06888011021996635,0.00860905721558295,8,1.247401640672985e-10,True
e0_diagonal,gamma_0p2,mqc,9.0,18.0,2.4751322271068963,37.76176949653387,587.2013051918155,15.550153316986757,16.589653254428345,0.24599960105595997,0.2,0.04599960105595996,nan,1486.12522589808,39.512235911140266,0.0,True,fm^4 / MeV,IS E0 double-commutator EWSR in Sky3D F00 convention,skms_n24_e0_half,SkM*,e0,18000.0,0.06888011021996635,0.00860905721558295,8,0.0001092452403177839,True
e0_diagonal,gamma_0p2,main_isgmr,18.0,25.0,0.882050227083946,19.287380912475548,425.0022270989815,22.035248281122488,24.311977576806253,0.9765643143707479,0.2,0.7765643143707479,nan,1486.12522589808,28.598009083800356,0.0,True,fm^4 / MeV,IS E0 double-commutator EWSR in Sky3D F00 convention,skms_n24_e0_half,SkM*,e0,18000.0,0.06888011021996635,0.00860905721558295,8,0.0001092452403177839,True
e0_diagonal,gamma_0p2,experiment_range,9.0,25.0,3.3571824549542564,57.04915040900943,1012.2035320487807,17.742657424201177,16.589653254428345,0.24599960105595997,0.2,0.04599960105595996,nan,1486.12522589808,68.11024497865556,0.0,True,fm^4 / MeV,IS E0 double-commutator EWSR in Sky3D F00 convention,skms_n24_e0_half,SkM*,e0,18000.0,0.06888011021996635,0.00860905721558295,8,0.0001092452403177839,True
e0_diagonal,gamma_0p1,mqc,9.0,18.0,2.497827335765029,38.18468271431063,594.7522959041088,15.575677303748055,16.581044197212762,0.154060810059363,0.1,0.054060810059363,nan,1486.12522589808,40.02033513324519,0.0,True,fm^4 / MeV,IS E0 double-commutator EWSR in Sky3D F00 convention,skms_n24_e0_half,SkM*,e0,18000.0,0.06888011021996635,0.00860905721558295,8,0.01045204479122549,True
e0_diagonal,gamma_0p1,main_isgmr,18.0,25.0,0.8704217164583519,19.07564737925658,421.14480544113985,22.077615352604237,24.320586634021836,0.14732501235377526,0.1,0.04732501235377526,nan,1486.12522589808,28.33844672723578,0.0,True,fm^4 / MeV,IS E0 double-commutator EWSR in Sky3D F00 convention,skms_n24_e0_half,SkM*,e0,18000.0,0.06888011021996635,0.00860905721558295,8,0.01045204479122549,True
e0_diagonal,gamma_0p1,experiment_range,9.0,25.0,3.3682490519045407,57.260330093567205,1015.8971014533984,17.741726249103955,16.581044197212762,0.154060810059363,0.1,0.054060810059363,nan,1486.12522589808,68.35878186775827,0.0,True,fm^4 / MeV,IS E0 double-commutator EWSR in Sky3D F00 convention,skms_n24_e0_half,SkM*,e0,18000.0,0.06888011021996635,0.00860905721558295,8,0.01045204479122549,True
e0_diagonal,gamma_0p07,mqc,9.0,18.0,2.5046560737426766,38.31193625746186,597.023247649204,15.583217815907808,16.581044197212762,0.13251434198366496,0.07,0.06251434198366496,nan,1486.12522589808,40.173145388095875,0.0,True,fm^4 / MeV,IS E0 double-commutator EWSR in Sky3D F00 convention,skms_n24_e0_half,SkM*,e0,18000.0,0.06888011021996635,0.00860905721558295,8,0.04106207420869087,True
e0_diagonal,gamma_0p07,main_isgmr,18.0,25.0,0.8668405695129757,19.009864360073216,419.93161270300993,22.090195108651084,24.320586634021836,0.08573187285182726,0.07,0.015731872851827255,nan,1486.12522589808,28.256812103383897,0.0,True,fm^4 / MeV,IS E0 double-commutator EWSR in Sky3D F00 convention,skms_n24_e0_half,SkM*,e0,18000.0,0.06888011021996635,0.00860905721558295,8,0.04106207420869087,True
e0_diagonal,gamma_0p07,experiment_range,9.0,25.0,3.3714966426107265,57.321800617535075,1016.9548605660104,17.741153446162297,16.581044197212762,0.13251434198366496,0.07,0.06251434198366496,nan,1486.12522589808,68.42995750586594,0.0,True,fm^4 / MeV,IS E0 double-commutator EWSR in Sky3D F00 convention,skms_n24_e0_half,SkM*,e0,18000.0,0.06888011021996635,0.00860905721558295,8,0.04106207420869087,True
q20_from_e0,gamma_1,mqc,9.0,18.0,10.54896645642181,156.8148899744725,2393.9278514988255,nan,16.566320215241657,nan,1.0,nan,nan,nan,nan,0.0,False,fm^4 / MeV,,skms_n24_e0_half,SkM*,e0,2000.0,0.6199209919796971,0.07741271128617595,8,0.00629669291410834,True
q20_from_e0,gamma_1,main_isgmr,18.0,25.0,-0.4855646080724916,-12.935158005245032,-330.84089291511583,nan,18.0,nan,1.0,nan,nan,nan,nan,0.727180935979019,False,fm^4 / MeV,,skms_n24_e0_half,SkM*,e0,2000.0,0.6199209919796971,0.07741271128617595,8,0.00629669291410834,True
q20_from_e0,gamma_1,experiment_range,9.0,25.0,10.06340550185109,143.87973196922746,2063.085819114959,nan,16.566320215241657,nan,1.0,nan,nan,nan,nan,0.11173134954671868,False,fm^4 / MeV,,skms_n24_e0_half,SkM*,e0,2000.0,0.6199209919796971,0.07741271128617595,8,0.00629669291410834,True
q20_from_e0,gamma_0p5,mqc,9.0,18.0,11.135421917494046,167.33399498369914,2578.373979046874,nan,16.566320215241657,nan,0.5,nan,nan,nan,nan,0.0,False,fm^4 / MeV,,skms_n24_e0_half,SkM*,e0,2000.0,0.6199209919796971,0.07741271128617595,8,0.07935170391433533,False
q20_from_e0,gamma_0p5,main_isgmr,18.0,25.0,-0.8658119041904753,-20.604786301976475,-486.87050893200114,nan,18.0,nan,0.5,nan,nan,nan,nan,0.8372150364772069,False,fm^4 / MeV,,skms_n24_e0_half,SkM*,e0,2000.0,0.6199209919796971,0.07741271128617595,8,0.07935170391433533,False
q20_from_e0,gamma_0p5,experiment_range,9.0,25.0,10.269616709878203,146.7292086817227,2091.501342102465,nan,16.566320215241657,nan,0.5,nan,nan,nan,nan,0.12925711372606155,False,fm^4 / MeV,,skms_n24_e0_half,SkM*,e0,2000.0,0.6199209919796971,0.07741271128617595,8,0.07935170391433533,False
q20_from_e0,gamma_0p2,mqc,9.0,18.0,11.542439962572898,174.70335449285633,2708.4013821020653,nan,16.566320215241657,nan,0.2,nan,nan,nan,nan,0.0033758635495917738,False,fm^4 / MeV,,skms_n24_e0_half,SkM*,e0,2000.0,0.6199209919796971,0.07741271128617595,8,0.36292969413815185,False
q20_from_e0,gamma_0p2,main_isgmr,18.0,25.0,-1.1430284264283834,-26.059875157073392,-594.9445870936743,nan,18.0,nan,0.2,nan,nan,nan,nan,0.8607192176341151,False,fm^4 / MeV,,skms_n24_e0_half,SkM*,e0,2000.0,0.6199209919796971,0.07741271128617595,8,0.36292969413815185,False
q20_from_e0,gamma_0p2,experiment_range,9.0,25.0,10.399425242768512,148.64347933578298,2113.452402672731,nan,16.566320215241657,nan,0.2,nan,nan,nan,nan,0.14944729764814918,False,fm^4 / MeV,,skms_n24_e0_half,SkM*,e0,2000.0,0.6199209919796971,0.07741271128617595,8,0.36292969413815185,False
q20_from_e0,gamma_0p1,mqc,9.0,18.0,11.693366065303396,177.46675891696515,2757.5090496041594,nan,16.566320215241657,nan,0.1,nan,nan,nan,nan,0.03675633656303545,False,fm^4 / MeV,,skms_n24_e0_half,SkM*,e0,2000.0,0.6199209919796971,0.07741271128617595,8,0.6024364648144664,False
q20_from_e0,gamma_0p1,main_isgmr,18.0,25.0,-1.2486497469271574,-28.089102249246693,-634.0586159613853,nan,18.0,nan,0.1,nan,nan,nan,nan,0.8335527304342938,False,fm^4 / MeV,,skms_n24_e0_half,SkM*,e0,2000.0,0.6199209919796971,0.07741271128617595,8,0.6024364648144664,False
q20_from_e0,gamma_0p1,experiment_range,9.0,25.0,10.444734951517702,149.3776566677185,2123.444453048918,nan,16.566320215241657,nan,0.1,nan,nan,nan,nan,0.18034418451908113,False,fm^4 / MeV,,skms_n24_e0_half,SkM*,e0,2000.0,0.6199209919796971,0.07741271128617595,8,0.6024364648144664,False
q20_from_e0,gamma_0p07,mqc,9.0,18.0,11.740761014502855,178.3390562488233,2773.0617680312475,nan,16.566320215241657,nan,0.07,nan,nan,nan,nan,0.051742201451104336,False,fm^4 / MeV,,skms_n24_e0_half,SkM*,e0,2000.0,0.6199209919796971,0.07741271128617595,8,0.7013549652802368,False
q20_from_e0,gamma_0p07,main_isgmr,18.0,25.0,-1.282089905989373,-28.724316409254044,-646.1372904988526,nan,18.0,nan,0.07,nan,nan,nan,nan,0.8214431269512013,False,fm^4 / MeV,,skms_n24_e0_half,SkM*,e0,2000.0,0.6199209919796971,0.07741271128617595,8,0.7013549652802368,False
q20_from_e0,gamma_0p07,experiment_range,9.0,25.0,10.458691673499773,149.61473983956927,2126.917874476067,nan,16.566320215241657,nan,0.07,nan,nan,nan,nan,0.192915170138171,False,fm^4 / MeV,,skms_n24_e0_half,SkM*,e0,2000.0,0.6199209919796971,0.07741271128617595,8,0.7013549652802368,False
q20_from_e0,gamma_1,mqc,9.0,18.0,10.549824943347794,156.82796623837655,2394.1371079494984,nan,16.53587353668982,nan,1.0,nan,nan,nan,nan,0.0,False,fm^4 / MeV,,skms_n24_e0_half,SkM*,e0,4000.0,0.30996049598984854,0.03872569914915649,8,3.964834165458217e-05,True
q20_from_e0,gamma_1,main_isgmr,18.0,25.0,-0.48627564845984894,-12.948220973314772,-331.084402933107,nan,18.0,nan,1.0,nan,nan,nan,nan,0.7275816212203684,False,fm^4 / MeV,,skms_n24_e0_half,SkM*,e0,4000.0,0.30996049598984854,0.03872569914915649,8,3.964834165458217e-05,True
q20_from_e0,gamma_1,experiment_range,9.0,25.0,10.063549586235705,143.87974526506179,2063.0526141429823,nan,16.53587353668982,nan,1.0,nan,nan,nan,nan,0.11171382124783223,False,fm^4 / MeV,,skms_n24_e0_half,SkM*,e0,4000.0,0.30996049598984854,0.03872569914915649,8,3.964834165458217e-05,True
q20_from_e0,gamma_0p5,mqc,9.0,18.0,11.139790118839011,167.39257573771982,2579.2370723715544,nan,16.613324934988135,nan,0.5,nan,nan,nan,nan,0.0,False,fm^4 / MeV,,skms_n24_e0_half,SkM*,e0,4000.0,0.30996049598984854,0.03872569914915649,8,0.00629669291410834,True
q20_from_e0,gamma_0p5,main_isgmr,18.0,25.0,-0.8691808201974135,-20.671566882313673,-488.23322025585406,nan,18.0,nan,0.5,nan,nan,nan,nan,0.8410507286963452,False,fm^4 / MeV,,skms_n24_e0_half,SkM*,e0,4000.0,0.30996049598984854,0.03872569914915649,8,0.00629669291410834,True
q20_from_e0,gamma_0p5,experiment_range,9.0,25.0,10.270609874091708,146.72100885540613,2091.003668646504,nan,16.613324934988135,nan,0.5,nan,nan,nan,nan,0.1289269515750595,False,fm^4 / MeV,,skms_n24_e0_half,SkM*,e0,4000.0,0.30996049598984854,0.03872569914915649,8,0.00629669291410834,True
q20_from_e0,gamma_0p2,mqc,9.0,18.0,11.558652672241845,174.92509790139687,2711.7242219824566,nan,16.613324934988135,nan,0.2,nan,nan,nan,nan,0.0,False,fm^4 / MeV,,skms_n24_e0_half,SkM*,e0,4000.0,0.30996049598984854,0.03872569914915649,8,0.13171796288721244,False
q20_from_e0,gamma_0p2,main_isgmr,18.0,25.0,-1.157072265510375,-26.34108685957233,-600.7475499911698,nan,21.72511722267679,nan,0.2,nan,nan,nan,nan,0.8969700410244704,False,fm^4 / MeV,,skms_n24_e0_half,SkM*,e0,4000.0,0.30996049598984854,0.03872569914915649,8,0.13171796288721244,False
q20_from_e0,gamma_0p2,experiment_range,9.0,25.0,10.401582108458607,148.58401104182454,2110.976122709524,nan,16.613324934988135,nan,0.2,nan,nan,nan,nan,0.14300329061514858,False,fm^4 / MeV,,skms_n24_e0_half,SkM*,e0,4000.0,0.30996049598984854,0.03872569914915649,8,0.13171796288721244,False
q20_from_e0,gamma_0p1,mqc,9.0,18.0,11.721741838229685,177.88385434823738,2764.114447002498,nan,16.613324934988135,nan,0.1,nan,nan,nan,nan,0.029076809808646364,False,fm^4 / MeV,,skms_n24_e0_half,SkM*,e0,4000.0,0.30996049598984854,0.03872569914915649,8,0.36292969413815185,False
q20_from_e0,gamma_0p1,main_isgmr,18.0,25.0,-1.2761283354190884,-28.63171744239015,-645.0766306701069,nan,21.72511722267679,nan,0.1,nan,nan,nan,nan,0.8758386142413528,False,fm^4 / MeV,,skms_n24_e0_half,SkM*,e0,4000.0,0.30996049598984854,0.03872569914915649,8,0.36292969413815185,False
q20_from_e0,gamma_0p1,experiment_range,9.0,25.0,10.445616683514697,149.25213690584718,2119.036787452255,nan,16.613324934988135,nan,0.1,nan,nan,nan,nan,0.17121156462163567,False,fm^4 / MeV,,skms_n24_e0_half,SkM*,e0,4000.0,0.30996049598984854,0.03872569914915649,8,0.36292969413815185,False
q20_from_e0,gamma_0p07,mqc,9.0,18.0,11.775017724326116,178.8569483819612,2781.4275447439372,nan,16.613324934988135,nan,0.07,nan,nan,nan,nan,0.0610285873541484,False,fm^4 / MeV,,skms_n24_e0_half,SkM*,e0,4000.0,0.30996049598984854,0.03872569914915649,8,0.49189878732324216,False
q20_from_e0,gamma_0p07,main_isgmr,18.0,25.0,-1.3165632884770146,-29.401303926440633,-659.7941092951016,nan,21.72511722267679,nan,0.07,nan,nan,nan,nan,0.8570260347348926,False,fm^4 / MeV,,skms_n24_e0_half,SkM*,e0,4000.0,0.30996049598984854,0.03872569914915649,8,0.49189878732324216,False
q20_from_e0,gamma_0p07,experiment_range,9.0,25.0,10.458458388578887,149.45564445552057,2121.6321563398706,nan,16.613324934988135,nan,0.07,nan,nan,nan,nan,0.19493935233613555,False,fm^4 / MeV,,skms_n24_e0_half,SkM*,e0,4000.0,0.30996049598984854,0.03872569914915649,8,0.49189878732324216,False
q20_from_e0,gamma_1,mqc,9.0,18.0,10.549944584152389,156.8299590919127,2394.170530881947,nan,16.559374160917304,nan,1.0,nan,nan,nan,nan,0.0,False,fm^4 / MeV,,skms_n24_e0_half,SkM*,e0,8000.0,0.15498024799492427,0.01936768907709626,8,1.5719909959584757e-09,True
q20_from_e0,gamma_1,main_isgmr,18.0,25.0,-0.4863814459355603,-12.950043903931832,-331.11555947848495,nan,18.0,nan,1.0,nan,nan,nan,nan,0.7276280583397421,False,fm^4 / MeV,,skms_n24_e0_half,SkM*,e0,8000.0,0.15498024799492427,0.01936768907709626,8,1.5719909959584757e-09,True
q20_from_e0,gamma_1,experiment_range,9.0,25.0,10.063563192932827,143.87991518798086,2063.05495431747,nan,16.559374160917304,nan,1.0,nan,nan,nan,nan,0.11171376849959003,False,fm^4 / MeV,,skms_n24_e0_half,SkM*,e0,8000.0,0.15498024799492427,0.01936768907709626,8,1.5719909959584757e-09,True
q20_from_e0,gamma_0p5,mqc,9.0,18.0,11.139717088513382,167.39069574416786,2579.1972081970002,nan,16.598109539071498,nan,0.5,nan,nan,nan,nan,0.0,False,fm^4 / MeV,,skms_n24_e0_half,SkM*,e0,8000.0,0.15498024799492427,0.01936768907709626,8,3.964834165458217e-05,True
q20_from_e0,gamma_0p5,main_isgmr,18.0,25.0,-0.8690186587145103,-20.668359595497922,-488.1686190391193,nan,18.0,nan,0.5,nan,nan,nan,nan,0.8410432907247284,False,fm^4 / MeV,,skms_n24_e0_half,SkM*,e0,8000.0,0.15498024799492427,0.01936768907709626,8,3.964834165458217e-05,True
q20_from_e0,gamma_0p5,experiment_range,9.0,25.0,10.270698527245008,146.7223361486699,2091.0285580931522,nan,16.598109539071498,nan,0.5,nan,nan,nan,nan,0.12891248035939043,False,fm^4 / MeV,,skms_n24_e0_half,SkM*,e0,8000.0,0.15498024799492427,0.01936768907709626,8,3.964834165458217e-05,True
q20_from_e0,gamma_0p2,mqc,9.0,18.0,11.55174313670975,174.79278919134947,2709.266868547962,nan,16.598109539071498,nan,0.2,nan,nan,nan,nan,0.0,False,fm^4 / MeV,,skms_n24_e0_half,SkM*,e0,8000.0,0.15498024799492427,0.01936768907709626,8,0.017349621747157075,True
q20_from_e0,gamma_0p2,main_isgmr,18.0,25.0,-1.149232577610038,-26.1994121891402,-598.1845565268088,nan,21.691811766347815,nan,0.2,nan,nan,nan,nan,0.8993065447255368,False,fm^4 / MeV,,skms_n24_e0_half,SkM*,e0,8000.0,0.15498024799492427,0.01936768907709626,8,0.017349621747157075,True
q20_from_e0,gamma_0p2,experiment_range,9.0,25.0,10.402510669733374,148.59337700220925,2111.0822763695296,nan,16.598109539071498,nan,0.2,nan,nan,nan,nan,0.14211429667539283,False,fm^4 / MeV,,skms_n24_e0_half,SkM*,e0,8000.0,0.15498024799492427,0.01936768907709626,8,0.017349621747157075,True
q20_from_e0,gamma_0p1,mqc,9.0,18.0,11.697948439964922,177.45208641595605,2756.300337129708,nan,16.598109539071498,nan,0.1,nan,nan,nan,nan,0.0009297641403711508,False,fm^4 / MeV,,skms_n24_e0_half,SkM*,e0,8000.0,0.15498024799492427,0.01936768907709626,8,0.13171796288721244,False
q20_from_e0,gamma_0p1,main_isgmr,18.0,25.0,-1.2526019778961412,-28.21246671246148,-637.6381774049165,nan,21.67244407727072,nan,0.1,nan,nan,nan,nan,0.9079101400626138,False,fm^4 / MeV,,skms_n24_e0_half,SkM*,e0,8000.0,0.15498024799492427,0.01936768907709626,8,0.13171796288721244,False
q20_from_e0,gamma_0p1,experiment_range,9.0,25.0,10.445346446276796,149.23961970349453,2118.6621648260007,nan,16.598109539071498,nan,0.1,nan,nan,nan,nan,0.14862372786606792,False,fm^4 / MeV,,skms_n24_e0_half,SkM*,e0,8000.0,0.15498024799492427,0.01936768907709626,8,0.13171796288721244,False
q20_from_e0,gamma_0p07,mqc,9.0,18.0,11.739955115544882,178.23570246295117,2770.3195951114894,nan,16.598109539071498,nan,0.07,nan,nan,nan,nan,0.009064220562305424,False,fm^4 / MeV,,skms_n24_e0_half,SkM*,e0,8000.0,0.15498024799492427,0.01936768907709626,8,0.24196441697007623,False
q20_from_e0,gamma_0p07,main_isgmr,18.0,25.0,-1.2839319670706129,-28.822904276556912,-649.610020807462,nan,24.325817480832907,nan,0.07,nan,nan,nan,nan,0.8987411021813154,False,fm^4 / MeV,,skms_n24_e0_half,SkM*,e0,8000.0,0.15498024799492427,0.01936768907709626,8,0.24196441697007623,False
q20_from_e0,gamma_0p07,experiment_range,9.0,25.0,10.456023042522268,149.4127981863943,2120.7096085682115,nan,16.598109539071498,nan,0.07,nan,nan,nan,nan,0.1567887833944613,False,fm^4 / MeV,,skms_n24_e0_half,SkM*,e0,8000.0,0.15498024799492427,0.01936768907709626,8,0.24196441697007623,False
q20_from_e0,gamma_1,mqc,9.0,18.0,10.549967273615994,156.83033705529448,2394.1768756936212,nan,16.55429744455032,nan,1.0,nan,nan,nan,nan,0.0,False,fm^4 / MeV,,skms_n24_e0_half,SkM*,e0,12000.0,0.10332016532994952,0.012912868521490109,8,6.232683608568877e-14,True
q20_from_e0,gamma_1,main_isgmr,18.0,25.0,-0.486401493969292,-12.950389992406166,-331.12148813699787,nan,18.0,nan,1.0,nan,nan,nan,nan,0.727636808151139,False,fm^4 / MeV,,skms_n24_e0_half,SkM*,e0,12000.0,0.10332016532994952,0.012912868521490109,8,6.232683608568877e-14,True
q20_from_e0,gamma_1,experiment_range,9.0,25.0,10.063565782411438,143.8799470628883,2063.0553866938512,nan,16.55429744455032,nan,1.0,nan,nan,nan,nan,0.11171377628161207,False,fm^4 / MeV,,skms_n24_e0_half,SkM*,e0,12000.0,0.10332016532994952,0.012912868521490109,8,6.232683608568877e-14,True
q20_from_e0,gamma_0p5,mqc,9.0,18.0,11.139757851709934,167.39138860190542,2579.2091747831455,nan,16.59303605011479,nan,0.5,nan,nan,nan,nan,0.0,False,fm^4 / MeV,,skms_n24_e0_half,SkM*,e0,12000.0,0.10332016532994952,0.012912868521490109,8,2.4965343195255453e-07,True
q20_from_e0,gamma_0p5,main_isgmr,18.0,25.0,-0.8690523754545093,-20.668932035984934,-488.17811081815194,nan,18.0,nan,0.5,nan,nan,nan,nan,0.8410413177827712,False,fm^4 / MeV,,skms_n24_e0_half,SkM*,e0,12000.0,0.10332016532994952,0.012912868521490109,8,2.4965343195255453e-07,True
q20_from_e0,gamma_0p5,experiment_range,9.0,25.0,10.270705481324075,146.72245656592045,2091.031062349676,nan,16.59303605011479,nan,0.5,nan,nan,nan,nan,0.12891538074633863,False,fm^4 / MeV,,skms_n24_e0_half,SkM*,e0,12000.0,0.10332016532994952,0.012912868521490109,8,2.4965343195255453e-07,True
q20_from_e0,gamma_0p2,mqc,9.0,18.0,11.552646450547595,174.80453916637515,2709.4377000883514,nan,16.59303605011479,nan,0.2,nan,nan,nan,nan,0.0,False,fm^4 / MeV,,skms_n24_e0_half,SkM*,e0,12000.0,0.10332016532994952,0.012912868521490109,8,0.0022852568333992076,True
q20_from_e0,gamma_0p2,main_isgmr,18.0,25.0,-1.149557753879466,-26.204704283141886,-598.2658587223013,nan,21.68070624758189,nan,0.2,nan,nan,nan,nan,0.8994269242108864,False,fm^4 / MeV,,skms_n24_e0_half,SkM*,e0,12000.0,0.10332016532994952,0.012912868521490109,8,0.0022852568333992076,True
q20_from_e0,gamma_0p2,experiment_range,9.0,25.0,10.40308870472144,148.59983488323326,2111.17183876794,nan,16.59303605011479,nan,0.2,nan,nan,nan,nan,0.1421133747312554,False,fm^4 / MeV,,skms_n24_e0_half,SkM*,e0,12000.0,0.10332016532994952,0.012912868521490109,8,0.0022852568333992076,True
q20_from_e0,gamma_0p1,mqc,9.0,18.0,11.704349581491176,177.53155694378236,2757.408676335181,nan,16.59303605011479,nan,0.1,nan,nan,nan,nan,0.0003172671443922617,False,fm^4 / MeV,,skms_n24_e0_half,SkM*,e0,12000.0,0.10332016532994952,0.012912868521490109,8,0.04780435998315643,True
q20_from_e0,gamma_0p1,main_isgmr,18.0,25.0,-1.2543727724950917,-28.239582891602566,-638.0079326012935,nan,21.667793379060402,nan,0.1,nan,nan,nan,nan,0.9089730442166286,False,fm^4 / MeV,,skms_n24_e0_half,SkM*,e0,12000.0,0.10332016532994952,0.012912868521490109,8,0.04780435998315643,True
q20_from_e0,gamma_0p1,experiment_range,9.0,25.0,10.44997681989087,149.2919740521798,2119.4007401981085,nan,16.59303605011479,nan,0.1,nan,nan,nan,nan,0.14817720023605419,False,fm^4 / MeV,,skms_n24_e0_half,SkM*,e0,12000.0,0.10332016532994952,0.012912868521490109,8,0.04780435998315643,True
q20_from_e0,gamma_0p07,mqc,9.0,18.0,11.75153850060671,178.37664674558127,2772.247731508825,nan,16.580123181593297,nan,0.07,nan,nan,nan,nan,0.0018507595263662514,False,fm^4 / MeV,,skms_n24_e0_half,SkM*,e0,12000.0,0.10332016532994952,0.012912868521490109,8,0.11902200328295581,False
q20_from_e0,gamma_0p07,main_isgmr,18.0,25.0,-1.2867067472378249,-28.863427965975795,-650.1051565972746,nan,21.667793379060402,nan,0.07,nan,nan,nan,nan,0.9023502908033582,False,fm^4 / MeV,,skms_n24_e0_half,SkM*,e0,12000.0,0.10332016532994952,0.012912868521490109,8,0.11902200328295581,False
q20_from_e0,gamma_0p07,experiment_range,9.0,25.0,10.464831766893521,149.51321877960547,2122.1425705133465,nan,16.580123181593297,nan,0.07,nan,nan,nan,nan,0.15214582194435047,False,fm^4 / MeV,,skms_n24_e0_half,SkM*,e0,12000.0,0.10332016532994952,0.012912868521490109,8,0.11902200328295581,False
q20_from_e0,gamma_1,mqc,9.0,18.0,10.54997732492075,156.83050469190246,2394.179693305114,nan,16.555217025566016,nan,1.0,nan,nan,nan,nan,0.0,False,fm^4 / MeV,,skms_n24_e0_half,SkM*,e0,18000.0,0.06888011021996635,0.00860905721558295,8,1.5560108531536548e-20,True
q20_from_e0,gamma_1,main_isgmr,18.0,25.0,-0.48641041258354756,-12.950543788916654,-331.124120198618,nan,18.0,nan,1.0,nan,nan,nan,nan,0.7276401946655667,False,fm^4 / MeV,,skms_n24_e0_half,SkM*,e0,18000.0,0.06888011021996635,0.00860905721558295,8,1.5560108531536548e-20,True
q20_from_e0,gamma_1,experiment_range,9.0,25.0,10.063566915336791,143.87996090298583,2063.055572170194,nan,16.555217025566016,nan,1.0,nan,nan,nan,nan,0.11171391135341645,False,fm^4 / MeV,,skms_n24_e0_half,SkM*,e0,18000.0,0.06888011021996635,0.00860905721558295,8,1.5560108531536548e-20,True
q20_from_e0,gamma_0p5,mqc,9.0,18.0,11.139774934790672,167.39168291077044,2579.214295974286,nan,16.59826231164393,nan,0.5,nan,nan,nan,nan,0.0,False,fm^4 / MeV,,skms_n24_e0_half,SkM*,e0,18000.0,0.06888011021996635,0.00860905721558295,8,1.247401640672985e-10,True
q20_from_e0,gamma_0p5,main_isgmr,18.0,25.0,-0.8690669696012665,-20.66917957900626,-488.182212467686,nan,18.0,nan,0.5,nan,nan,nan,nan,0.8410537468329895,False,fm^4 / MeV,,skms_n24_e0_half,SkM*,e0,18000.0,0.06888011021996635,0.00860905721558295,8,1.247401640672985e-10,True
q20_from_e0,gamma_0p5,experiment_range,9.0,25.0,10.270707970630063,146.72250333176416,2091.0320817724896,nan,16.59826231164393,nan,0.5,nan,nan,nan,nan,0.12891442322044167,False,fm^4 / MeV,,skms_n24_e0_half,SkM*,e0,18000.0,0.06888011021996635,0.00860905721558295,8,1.247401640672985e-10,True
q20_from_e0,gamma_0p2,mqc,9.0,18.0,11.552673690314142,174.80516257991275,2709.4501032139656,nan,16.59826231164393,nan,0.2,nan,nan,nan,nan,0.0,False,fm^4 / MeV,,skms_n24_e0_half,SkM*,e0,18000.0,0.06888011021996635,0.00860905721558295,8,0.0001092452403177839,True
q20_from_e0,gamma_0p2,main_isgmr,18.0,25.0,-1.1495992469190286,-26.205444927525214,-598.2790365909594,nan,21.68621512605345,nan,0.2,nan,nan,nan,nan,0.8994518209215845,False,fm^4 / MeV,,skms_n24_e0_half,SkM*,e0,18000.0,0.06888011021996635,0.00860905721558295,8,0.0001092452403177839,True
q20_from_e0,gamma_0p2,experiment_range,9.0,25.0,10.403074451768806,148.5997176523875,2111.1710639211333,nan,16.59826231164393,nan,0.2,nan,nan,nan,nan,0.14211280544226373,False,fm^4 / MeV,,skms_n24_e0_half,SkM*,e0,18000.0,0.06888011021996635,0.00860905721558295,8,0.0001092452403177839,True
q20_from_e0,gamma_0p1,mqc,9.0,18.0,11.70471184814282,177.54069168411064,2757.5967402257356,nan,16.581044197212762,nan,0.1,nan,nan,nan,nan,0.00019158885415790212,False,fm^4 / MeV,,skms_n24_e0_half,SkM*,e0,18000.0,0.06888011021996635,0.00860905721558295,8,0.01045204479122549,True
q20_from_e0,gamma_0p1,main_isgmr,18.0,25.0,-1.2551132723652743,-28.253541859217215,-638.274846799768,nan,21.668997011622288,nan,0.1,nan,nan,nan,nan,0.9085534879923807,False,fm^4 / MeV,,skms_n24_e0_half,SkM*,e0,18000.0,0.06888011021996635,0.00860905721558295,8,0.01045204479122549,True
q20_from_e0,gamma_0p1,experiment_range,9.0,25.0,10.449598593221603,149.28714982489342,2119.3218877680765,nan,16.581044197212762,nan,0.1,nan,nan,nan,nan,0.14821676760801206,False,fm^4 / MeV,,skms_n24_e0_half,SkM*,e0,18000.0,0.06888011021996635,0.00860905721558295,8,0.01045204479122549,True
q20_from_e0,gamma_0p07,mqc,9.0,18.0,11.752784971483859,178.40489040444658,2772.8086316329086,nan,16.581044197212762,nan,0.07,nan,nan,nan,nan,0.0005328113665344362,False,fm^4 / MeV,,skms_n24_e0_half,SkM*,e0,18000.0,0.06888011021996635,0.00860905721558295,8,0.04106207420869087,True
q20_from_e0,gamma_0p07,main_isgmr,18.0,25.0,-1.2888355847725363,-28.90343962457587,-650.8674716565533,nan,21.6603879544067,nan,0.07,nan,nan,nan,nan,0.9030132136165135,False,fm^4 / MeV,,skms_n24_e0_half,SkM*,e0,18000.0,0.06888011021996635,0.00860905721558295,8,0.04106207420869087,True
q20_from_e0,gamma_0p07,experiment_range,9.0,25.0,10.46394942329354,149.50145077987065,2121.9411481081584,nan,16.581044197212762,nan,0.07,nan,nan,nan,nan,0.15143763189163076,False,fm^4 / MeV,,skms_n24_e0_half,SkM*,e0,18000.0,0.06888011021996635,0.00860905721558295,8,0.04106207420869087,True
e0_diagonal,gamma_1,mqc,9.0,18.0,2.2213311681015067,33.883791646909835,527.9601554629307,15.581495747719254,16.721145637814008,1.3968046472102458,1.0,0.3968046472102458,nan,1490.892524026152,35.41235514664568,0.0,True,fm^4 / MeV,IS E0 double-commutator EWSR in Sky3D F00 convention,sly5_n32_e0,SLy5,e0,2000.0,0.6199209919796971,0.07741271128617595,8,0.00629669291410834,True
e0_diagonal,gamma_1,main_isgmr,18.0,25.0,0.9132686056461062,19.633356270539693,426.2869632151959,21.712383626168357,18.0,nan,1.0,nan,nan,1490.892524026152,28.592735985019825,0.0,True,fm^4 / MeV,IS E0 double-commutator EWSR in Sky3D F00 convention,sly5_n32_e0,SLy5,e0,2000.0,0.6199209919796971,0.07741271128617595,8,0.00629669291410834,True
e0_diagonal,gamma_1,experiment_range,9.0,25.0,3.1346003299163234,53.51714791744953,954.24695230399,17.83067651093666,16.721145637814008,1.3968046472102458,1.0,0.3968046472102458,nan,1490.892524026152,64.00507997230065,0.0,True,fm^4 / MeV,IS E0 double-commutator EWSR in Sky3D F00 convention,sly5_n32_e0,SLy5,e0,2000.0,0.6199209919796971,0.07741271128617595,8,0.00629669291410834,True
e0_diagonal,gamma_0p5,mqc,9.0,18.0,2.315628251290611,35.717128121805885,561.7291648318391,15.727164930959113,16.721145637814008,0.7371525526725371,0.5,0.2371525526725371,nan,1490.892524026152,37.67737484623578,0.0,True,fm^4 / MeV,IS E0 double-commutator EWSR in Sky3D F00 convention,sly5_n32_e0,SLy5,e0,2000.0,0.6199209919796971,0.07741271128617595,8,0.07935170391433533,False
e0_diagonal,gamma_0p5,main_isgmr,18.0,25.0,0.8745895512321545,18.967716128920504,415.3377518846881,21.897088139747794,25.0,nan,0.5,nan,nan,1490.892524026152,27.858329503395016,0.0,True,fm^4 / MeV,IS E0 double-commutator EWSR in Sky3D F00 convention,sly5_n32_e0,SLy5,e0,2000.0,0.6199209919796971,0.07741271128617595,8,0.07935170391433533,False
e0_diagonal,gamma_0p5,experiment_range,9.0,25.0,3.1902174594208956,54.6848442507264,977.0670390621982,17.867236387881263,16.721145637814008,0.7371525526725371,0.5,0.2371525526725371,nan,1490.892524026152,65.53571255583405,0.0,True,fm^4 / MeV,IS E0 double-commutator EWSR in Sky3D F00 convention,sly5_n32_e0,SLy5,e0,2000.0,0.6199209919796971,0.07741271128617595,8,0.07935170391433533,False
e0_diagonal,gamma_0p2,mqc,9.0,18.0,2.371333668745159,36.789878266394666,581.3607226334403,15.802192070977258,16.721145637814008,0.512819814536595,0.2,0.31281981453659496,nan,1490.892524026152,38.99414030620242,0.0039831737623721546,True,fm^4 / MeV,IS E0 double-commutator EWSR in Sky3D F00 convention,sly5_n32_e0,SLy5,e0,2000.0,0.6199209919796971,0.07741271128617595,8,0.36292969413815185,False
e0_diagonal,gamma_0p2,main_isgmr,18.0,25.0,0.8522388219161687,18.56872179327551,408.42471439009347,21.995305812487356,25.0,nan,0.2,nan,nan,1490.892524026152,27.394645006814002,0.0,True,fm^4 / MeV,IS E0 double-commutator EWSR in Sky3D F00 convention,sly5_n32_e0,SLy5,e0,2000.0,0.6199209919796971,0.07741271128617595,8,0.36292969413815185,False
e0_diagonal,gamma_0p2,experiment_range,9.0,25.0,3.223569265077356,55.358600059670195,989.7864910546023,17.87954337695907,16.721145637814008,0.512819814536595,0.2,0.31281981453659496,nan,1490.892524026152,66.38885601100782,0.0026542055025338155,True,fm^4 / MeV,IS E0 double-commutator EWSR in Sky3D F00 convention,sly5_n32_e0,SLy5,e0,2000.0,0.6199209919796971,0.07741271128617595,8,0.36292969413815185,False
e0_diagonal,gamma_0p1,mqc,9.0,18.0,2.387419189937881,37.09278309744123,586.823317623199,15.820417575074863,16.721145637814008,0.4627792757394644,0.1,0.36277927573946445,nan,1490.892524026152,39.360537943974926,0.023458863753640993,True,fm^4 / MeV,IS E0 double-commutator EWSR in Sky3D F00 convention,sly5_n32_e0,SLy5,e0,2000.0,0.6199209919796971,0.07741271128617595,8,0.6024364648144664,False
e0_diagonal,gamma_0p1,main_isgmr,18.0,25.0,0.8473073347406664,18.47303440048184,406.59598254565975,22.01024334881628,25.0,nan,0.1,nan,nan,1490.892524026152,27.27198480059771,0.0,True,fm^4 / MeV,IS E0 double-commutator EWSR in Sky3D F00 convention,sly5_n32_e0,SLy5,e0,2000.0,0.6199209919796971,0.07741271128617595,8,0.6024364648144664,False
e0_diagonal,gamma_0p1,experiment_range,9.0,25.0,3.2347210716072086,55.565817497923064,993.421075298326,17.87827697010771,16.721145637814008,0.4627792757394644,0.1,0.36277927573946445,nan,1490.892524026152,66.6326418094575,0.015908021706021683,True,fm^4 / MeV,IS E0 double-commutator EWSR in Sky3D F00 convention,sly5_n32_e0,SLy5,e0,2000.0,0.6199209919796971,0.07741271128617595,8,0.6024364648144664,False
e0_diagonal,gamma_0p07,mqc,9.0,18.0,2.3917512433524695,37.17277003518217,588.2475201600641,15.824688867773837,16.721145637814008,0.44931878064980424,0.07,0.37931878064980423,nan,1490.892524026152,39.45606478537454,0.038220442362813196,True,fm^4 / MeV,IS E0 double-commutator EWSR in Sky3D F00 convention,sly5_n32_e0,SLy5,e0,2000.0,0.6199209919796971,0.07741271128617595,8,0.7013549652802368,False
e0_diagonal,gamma_0p07,main_isgmr,18.0,25.0,0.8463520455518532,18.452406133908728,406.1593864488842,22.011188324243136,25.0,nan,0.07,nan,nan,1490.892524026152,27.242700590653694,0.00018360383041510987,True,fm^4 / MeV,IS E0 double-commutator EWSR in Sky3D F00 convention,sly5_n32_e0,SLy5,e0,2000.0,0.6199209919796971,0.07741271128617595,8,0.7013549652802368,False
e0_diagonal,gamma_0p07,experiment_range,9.0,25.0,3.2380969442109726,55.62517616909089,994.4089705005531,17.876958582166502,16.721145637814008,0.44931878064980424,0.07,0.37931878064980423,nan,1490.892524026152,66.69890380932047,0.02626089466960125,True,fm^4 / MeV,IS E0 double-commutator EWSR in Sky3D F00 convention,sly5_n32_e0,SLy5,e0,2000.0,0.6199209919796971,0.07741271128617595,8,0.7013549652802368,False
e0_diagonal,gamma_1,mqc,9.0,18.0,2.221458245625299,33.88638333554486,528.0084116456187,15.581728106456504,16.690776333286447,1.382187009250888,1.0,0.3821870092508881,nan,1490.892524026152,35.415591877792316,0.0,True,fm^4 / MeV,IS E0 double-commutator EWSR in Sky3D F00 convention,sly5_n32_e0,SLy5,e0,4000.0,0.30996049598984854,0.03872569914915649,8,3.964834165458217e-05,True
e0_diagonal,gamma_1,main_isgmr,18.0,25.0,0.9130828665802572,19.62991155155281,426.2214612576396,21.71285693969027,18.0,nan,1.0,nan,nan,1490.892524026152,28.588342512217412,0.0,True,fm^4 / MeV,IS E0 double-commutator EWSR in Sky3D F00 convention,sly5_n32_e0,SLy5,e0,4000.0,0.30996049598984854,0.03872569914915649,8,3.964834165458217e-05,True
e0_diagonal,gamma_1,experiment_range,9.0,25.0,3.1345411593077,53.51629488709767,954.229858735798,17.830641316797415,16.690776333286447,1.382187009250888,1.0,0.3821870092508881,nan,1490.892524026152,64.00393343974268,0.0,True,fm^4 / MeV,IS E0 double-commutator EWSR in Sky3D F00 convention,sly5_n32_e0,SLy5,e0,4000.0,0.30996049598984854,0.03872569914915649,8,3.964834165458217e-05,True
e0_diagonal,gamma_0p5,mqc,9.0,18.0,2.3163381445818754,35.73607695812641,562.1238286968228,15.72986954766996,16.690776333286447,0.6754941093511917,0.5,0.1754941093511917,nan,1490.892524026152,37.70384649718469,0.0,True,fm^4 / MeV,IS E0 double-commutator EWSR in Sky3D F00 convention,sly5_n32_e0,SLy5,e0,4000.0,0.30996049598984854,0.03872569914915649,8,0.00629669291410834,True
e0_diagonal,gamma_0p5,main_isgmr,18.0,25.0,0.8727874748936667,18.932408888424334,414.6293583475122,21.900507261969455,25.0,nan,0.5,nan,nan,1490.892524026152,27.810814774750266,0.0,True,fm^4 / MeV,IS E0 double-commutator EWSR in Sky3D F00 convention,sly5_n32_e0,SLy5,e0,4000.0,0.30996049598984854,0.03872569914915649,8,0.00629669291410834,True
e0_diagonal,gamma_0p5,experiment_range,9.0,25.0,3.189125635253795,54.66848584655074,976.7531827987289,17.866841703653225,16.690776333286447,0.6754941093511917,0.5,0.1754941093511917,nan,1490.892524026152,65.51466098716553,0.0,True,fm^4 / MeV,IS E0 double-commutator EWSR in Sky3D F00 convention,sly5_n32_e0,SLy5,e0,4000.0,0.30996049598984854,0.03872569914915649,8,0.00629669291410834,True
e0_diagonal,gamma_0p2,mqc,9.0,18.0,2.374589750093905,36.883247694903936,583.3478473357013,15.81606511880734,16.690776333286447,0.28349117114310474,0.2,0.08349117114310473,nan,1490.892524026152,39.12742454166795,0.00021884588956170117,True,fm^4 / MeV,IS E0 double-commutator EWSR in Sky3D F00 convention,sly5_n32_e0,SLy5,e0,4000.0,0.30996049598984854,0.03872569914915649,8,0.13171796288721244,False
e0_diagonal,gamma_0p2,main_isgmr,18.0,25.0,0.842956704916058,18.386153138396605,404.7490891893772,22.0137995230836,23.003065294598954,0.49772190890997337,0.2,0.29772190890997335,nan,1490.892524026152,27.148106430660285,0.0,True,fm^4 / MeV,IS E0 double-commutator EWSR in Sky3D F00 convention,sly5_n32_e0,SLy5,e0,4000.0,0.30996049598984854,0.03872569914915649,8,0.13171796288721244,False
e0_diagonal,gamma_0p2,experiment_range,9.0,25.0,3.2175464259857818,55.26940083330055,988.0969466324608,17.87782989746325,16.690776333286447,0.28349117114310474,0.2,0.08349117114310473,nan,1490.892524026152,66.27553165026994,0.00014606495607101143,True,fm^4 / MeV,IS E0 double-commutator EWSR in Sky3D F00 convention,sly5_n32_e0,SLy5,e0,4000.0,0.30996049598984854,0.03872569914915649,8,0.13171796288721244,False
e0_diagonal,gamma_0p1,mqc,9.0,18.0,2.392815596180758,37.25550660113683,590.3323316655749,15.845505417112252,16.690776333286447,0.22599270463273768,0.1,0.12599270463273768,nan,1490.892524026152,39.59590125728069,0.01232493875432723,True,fm^4 / MeV,IS E0 double-commutator EWSR in Sky3D F00 convention,sly5_n32_e0,SLy5,e0,4000.0,0.30996049598984854,0.03872569914915649,8,0.36292969413815185,False
e0_diagonal,gamma_0p1,main_isgmr,18.0,25.0,0.8307922107313617,18.1482121843668,400.057520136874,22.043908020950454,22.964339595449797,0.3792245287339284,0.1,0.27922452873392845,nan,1490.892524026152,26.833424521877646,0.0038583432225262775,True,fm^4 / MeV,IS E0 double-commutator EWSR in Sky3D F00 convention,sly5_n32_e0,SLy5,e0,4000.0,0.30996049598984854,0.03872569914915649,8,0.36292969413815185,False
e0_diagonal,gamma_0p1,experiment_range,9.0,25.0,3.223607773483468,55.40371878550363,990.3898634121296,17.875873409264088,16.690776333286447,0.22599270463273768,0.1,0.12599270463273768,nan,1490.892524026152,66.42932655786508,0.009583597894098045,True,fm^4 / MeV,IS E0 double-commutator EWSR in Sky3D F00 convention,sly5_n32_e0,SLy5,e0,4000.0,0.30996049598984854,0.03872569914915649,8,0.36292969413815185,False
e0_diagonal,gamma_0p07,mqc,9.0,18.0,2.397992581802188,37.36520918635983,592.4203396990055,15.854864795331283,16.690776333286447,0.21295525535893134,0.07,0.14295525535893133,nan,1490.892524026152,39.735952132832196,0.036314511205795,True,fm^4 / MeV,IS E0 double-commutator EWSR in Sky3D F00 convention,sly5_n32_e0,SLy5,e0,4000.0,0.30996049598984854,0.03872569914915649,8,0.49189878732324216,False
e0_diagonal,gamma_0p07,main_isgmr,18.0,25.0,0.8266533848260968,18.06499345628897,398.3618491196381,22.051591110925994,18.27852999840186,0.17832282868604565,0.07,0.10832282868604565,nan,1490.892524026152,26.719689226414715,0.010133885848331168,True,fm^4 / MeV,IS E0 double-commutator EWSR in Sky3D F00 convention,sly5_n32_e0,SLy5,e0,4000.0,0.30996049598984854,0.03872569914915649,8,0.49189878732324216,False
e0_diagonal,gamma_0p07,experiment_range,9.0,25.0,3.2246459362484154,55.430202642648794,990.782199511451,17.874410560951638,16.690776333286447,0.21295525535893134,0.07,0.14295525535893133,nan,1490.892524026152,66.45564207645538,0.028094950949060067,True,fm^4 / MeV,IS E0 double-commutator EWSR in Sky3D F00 convention,sly5_n32_e0,SLy5,e0,4000.0,0.30996049598984854,0.03872569914915649,8,0.49189878732324216,False
e0_diagonal,gamma_1,mqc,9.0,18.0,2.221478080148011,33.88670028962255,528.0134984773542,15.581732478067593,16.694947984456977,1.381866624230394,1.0,0.3818666242303941,nan,1490.892524026152,35.41593307151712,0.0,True,fm^4 / MeV,IS E0 double-commutator EWSR in Sky3D F00 convention,sly5_n32_e0,SLy5,e0,8000.0,0.15498024799492427,0.01936768907709626,8,1.5719909959584757e-09,True
e0_diagonal,gamma_1,main_isgmr,18.0,25.0,0.9130667008992911,19.629636499572904,426.2166608676879,21.712916633833817,18.0,nan,1.0,nan,nan,1490.892524026152,28.58802053126477,0.0,True,fm^4 / MeV,IS E0 double-commutator EWSR in Sky3D F00 convention,sly5_n32_e0,SLy5,e0,8000.0,0.15498024799492427,0.01936768907709626,8,1.5719909959584757e-09,True
e0_diagonal,gamma_1,experiment_range,9.0,25.0,3.1345447897327317,53.51633678919546,954.230156734445,17.830632924170864,16.694947984456977,1.381866624230394,1.0,0.3818666242303941,nan,1490.892524026152,64.00395342767892,0.0,True,fm^4 / MeV,IS E0 double-commutator EWSR in Sky3D F00 convention,sly5_n32_e0,SLy5,e0,8000.0,0.15498024799492427,0.01936768907709626,8,1.5719909959584757e-09,True
e0_diagonal,gamma_0p5,mqc,9.0,18.0,2.3164059614435466,35.736976021275375,562.1369237673207,15.72984024816936,16.694947984456977,0.6705816574582926,0.5,0.17058165745829257,nan,1490.892524026152,37.70472483484397,0.0,True,fm^4 / MeV,IS E0 double-commutator EWSR in Sky3D F00 convention,sly5_n32_e0,SLy5,e0,8000.0,0.15498024799492427,0.01936768907709626,8,3.964834165458217e-05,True
e0_diagonal,gamma_0p5,main_isgmr,18.0,25.0,0.8727531231159764,18.931795956898668,414.61821477516685,21.900627691060745,25.0,nan,0.5,nan,nan,1490.892524026152,27.810067331714247,0.0,True,fm^4 / MeV,IS E0 double-commutator EWSR in Sky3D F00 convention,sly5_n32_e0,SLy5,e0,8000.0,0.15498024799492427,0.01936768907709626,8,3.964834165458217e-05,True
e0_diagonal,gamma_0p5,experiment_range,9.0,25.0,3.1891590876014893,54.66877197817404,976.7551377192462,17.86678394951337,16.694947984456977,0.6705816574582926,0.5,0.17058165745829257,nan,1490.892524026152,65.5147921113402,0.0,True,fm^4 / MeV,IS E0 double-commutator EWSR in Sky3D F00 convention,sly5_n32_e0,SLy5,e0,8000.0,0.15498024799492427,0.01936768907709626,8,3.964834165458217e-05,True
e0_diagonal,gamma_0p2,mqc,9.0,18.0,2.3756218500937885,36.8953465587076,583.5071885835257,15.815197389596365,16.694947984456977,0.2154176185945964,0.2,0.015417618594596394,nan,1490.892524026152,39.138112183148245,0.0,True,fm^4 / MeV,IS E0 double-commutator EWSR in Sky3D F00 convention,sly5_n32_e0,SLy5,e0,8000.0,0.15498024799492427,0.01936768907709626,8,0.017349621747157075,True
e0_diagonal,gamma_0p2,main_isgmr,18.0,25.0,0.8429386993414134,18.388057164819806,404.83858890245875,22.016387336286922,25.0,nan,0.2,nan,nan,1490.892524026152,27.15410952690225,0.0,True,fm^4 / MeV,IS E0 double-commutator EWSR in Sky3D F00 convention,sly5_n32_e0,SLy5,e0,8000.0,0.15498024799492427,0.01936768907709626,8,0.017349621747157075,True
e0_diagonal,gamma_0p2,experiment_range,9.0,25.0,3.218560552250009,55.283403723527414,988.3457766936885,17.8778025614416,16.694947984456977,0.2154176185945964,0.2,0.015417618594596394,nan,1490.892524026152,66.2922216569081,0.0,True,fm^4 / MeV,IS E0 double-commutator EWSR in Sky3D F00 convention,sly5_n32_e0,SLy5,e0,8000.0,0.15498024799492427,0.01936768907709626,8,0.017349621747157075,True
e0_diagonal,gamma_0p1,mqc,9.0,18.0,2.395519475188074,37.28585314200129,590.7136422084682,15.842835618076517,16.694947984456977,0.13491433741066317,0.1,0.03491433741066316,nan,1490.892524026152,39.621477248624686,1.1245266409487083e-05,True,fm^4 / MeV,IS E0 double-commutator EWSR in Sky3D F00 convention,sly5_n32_e0,SLy5,e0,8000.0,0.15498024799492427,0.01936768907709626,8,0.13171796288721244,False
e0_diagonal,gamma_0p1,main_isgmr,18.0,25.0,0.8311929541570122,18.163347574604963,400.52715931910507,22.051395409021467,18.263730799701776,0.1411293375138989,0.1,0.041129337513898884,nan,1490.892524026152,26.864925060961628,0.0,True,fm^4 / MeV,IS E0 double-commutator EWSR in Sky3D F00 convention,sly5_n32_e0,SLy5,e0,8000.0,0.15498024799492427,0.01936768907709626,8,0.13171796288721244,False
e0_diagonal,gamma_0p1,experiment_range,9.0,25.0,3.226712456420634,55.44920071660625,991.240792867258,17.8765569215932,16.694947984456977,0.13491433741066317,0.1,0.03491433741066316,nan,1490.892524026152,66.48640172870506,7.561740033476988e-06,True,fm^4 / MeV,IS E0 double-commutator EWSR in Sky3D F00 convention,sly5_n32_e0,SLy5,e0,8000.0,0.15498024799492427,0.01936768907709626,8,0.13171796288721244,False
e0_diagonal,gamma_0p07,mqc,9.0,18.0,2.4016624369343407,37.406207647931645,592.932852257339,15.85118860051361,16.694947984456977,0.11974381370474063,0.07,0.049743813704740625,nan,1490.892524026152,39.77032835714577,0.0031363347281651785,True,fm^4 / MeV,IS E0 double-commutator EWSR in Sky3D F00 convention,sly5_n32_e0,SLy5,e0,8000.0,0.15498024799492427,0.01936768907709626,8,0.24196441697007623,False
e0_diagonal,gamma_0p07,main_isgmr,18.0,25.0,0.8273327615229227,18.088764575437917,399.07726028316256,22.06216232285179,18.28309848877887,0.11722914969702458,0.07,0.047229149697024575,nan,1490.892524026152,26.767674654740055,0.0016118525195493935,True,fm^4 / MeV,IS E0 double-commutator EWSR in Sky3D F00 convention,sly5_n32_e0,SLy5,e0,8000.0,0.15498024799492427,0.01936768907709626,8,0.24196441697007623,False
e0_diagonal,gamma_0p07,experiment_range,9.0,25.0,3.2289952494603544,55.49497222336956,992.0100961317753,17.87567515375796,16.694947984456977,0.11974381370474063,0.07,0.049743813704740625,nan,1490.892524026152,66.5380019112883,0.002640450399026409,True,fm^4 / MeV,IS E0 double-commutator EWSR in Sky3D F00 convention,sly5_n32_e0,SLy5,e0,8000.0,0.15498024799492427,0.01936768907709626,8,0.24196441697007623,False
q20_from_e0,gamma_1,mqc,9.0,18.0,9.794095636899803,148.17458949013675,2298.963642665646,nan,16.721145637814008,nan,1.0,nan,nan,nan,nan,0.0,False,fm^4 / MeV,,sly5_n32_e0,SLy5,e0,2000.0,0.6199209919796971,0.07741271128617595,8,0.00629669291410834,True
q20_from_e0,gamma_1,main_isgmr,18.0,25.0,0.12490491641905886,-1.1651400143207353,-102.54228178647017,nan,18.0,nan,1.0,nan,nan,nan,nan,0.51606321708794,False,fm^4 / MeV,,sly5_n32_e0,SLy5,e0,2000.0,0.6199209919796971,0.07741271128617595,8,0.00629669291410834,True
q20_from_e0,gamma_1,experiment_range,9.0,25.0,9.919003291712308,147.00944947581596,2196.4205408913094,nan,16.721145637814008,nan,1.0,nan,nan,nan,nan,0.10147495407141698,False,fm^4 / MeV,,sly5_n32_e0,SLy5,e0,2000.0,0.6199209919796971,0.07741271128617595,8,0.00629669291410834,True
q20_from_e0,gamma_0p5,mqc,9.0,18.0,10.283468549062341,157.49480136187137,2469.0578632364727,nan,16.721145637814008,nan,0.5,nan,nan,nan,nan,0.0,False,fm^4 / MeV,,sly5_n32_e0,SLy5,e0,2000.0,0.6199209919796971,0.07741271128617595,8,0.07935170391433533,False
q20_from_e0,gamma_0p5,main_isgmr,18.0,25.0,-0.1933166040991346,-7.797435081400689,-241.7247794123564,nan,18.19198715225135,nan,0.5,nan,nan,nan,nan,0.6005807220910757,False,fm^4 / MeV,,sly5_n32_e0,SLy5,e0,2000.0,0.6199209919796971,0.07741271128617595,8,0.07935170391433533,False
q20_from_e0,gamma_0p5,experiment_range,9.0,25.0,10.090149416882234,149.69736628047065,2227.333960220386,nan,16.721145637814008,nan,0.5,nan,nan,nan,nan,0.11861880027940204,False,fm^4 / MeV,,sly5_n32_e0,SLy5,e0,2000.0,0.6199209919796971,0.07741271128617595,8,0.07935170391433533,False
q20_from_e0,gamma_0p2,mqc,9.0,18.0,10.559974920764896,162.76718180617098,2565.137916817764,nan,16.721145637814008,nan,0.2,nan,nan,nan,nan,0.005219014589309649,False,fm^4 / MeV,,sly5_n32_e0,SLy5,e0,2000.0,0.6199209919796971,0.07741271128617595,8,0.36292969413815185,False
q20_from_e0,gamma_0p2,main_isgmr,18.0,25.0,-0.35674104339771273,-11.291053326769815,-316.57585006789316,nan,18.19198715225135,nan,0.2,nan,nan,nan,nan,0.634264384157396,False,fm^4 / MeV,,sly5_n32_e0,SLy5,e0,2000.0,0.6199209919796971,0.07741271128617595,8,0.36292969413815185,False
q20_from_e0,gamma_0p2,experiment_range,9.0,25.0,10.20321458628306,151.47612847940115,2248.568359030178,nan,16.721145637814008,nan,0.2,nan,nan,nan,nan,0.13328637398933404,False,fm^4 / MeV,,sly5_n32_e0,SLy5,e0,2000.0,0.6199209919796971,0.07741271128617595,8,0.36292969413815185,False
q20_from_e0,gamma_0p1,mqc,9.0,18.0,10.63282012759724,164.1527782605832,2590.228883338196,nan,16.721145637814008,nan,0.1,nan,nan,nan,nan,0.03331847682263484,False,fm^4 / MeV,,sly5_n32_e0,SLy5,e0,2000.0,0.6199209919796971,0.07741271128617595,8,0.6024364648144664,False
q20_from_e0,gamma_0p1,main_isgmr,18.0,25.0,-0.38623161325348965,-11.995239025716904,-332.95529838130903,nan,18.19198715225135,nan,0.1,nan,nan,nan,nan,0.6356744016459122,False,fm^4 / MeV,,sly5_n32_e0,SLy5,e0,2000.0,0.6199209919796971,0.07741271128617595,8,0.6024364648144664,False
q20_from_e0,gamma_0p1,experiment_range,9.0,25.0,10.246556398252988,152.1575392348663,2257.2840248971124,nan,16.721145637814008,nan,0.1,nan,nan,nan,nan,0.15431053127037392,False,fm^4 / MeV,,sly5_n32_e0,SLy5,e0,2000.0,0.6199209919796971,0.07741271128617595,8,0.6024364648144664,False
q20_from_e0,gamma_0p07,mqc,9.0,18.0,10.650972806030124,164.49674727511308,2596.417147372278,nan,16.721145637814008,nan,0.07,nan,nan,nan,nan,0.05086788012616186,False,fm^4 / MeV,,sly5_n32_e0,SLy5,e0,2000.0,0.6199209919796971,0.07741271128617595,8,0.7013549652802368,False
q20_from_e0,gamma_0p07,main_isgmr,18.0,25.0,-0.390360752442438,-12.119226453037015,-336.23839813746014,nan,18.19198715225135,nan,0.07,nan,nan,nan,nan,0.6339994380831335,False,fm^4 / MeV,,sly5_n32_e0,SLy5,e0,2000.0,0.6199209919796971,0.07741271128617595,8,0.7013549652802368,False
q20_from_e0,gamma_0p07,experiment_range,9.0,25.0,10.260574824830885,152.37752082207606,2260.190843130581,nan,16.721145637814008,nan,0.07,nan,nan,nan,nan,0.16634880430094764,False,fm^4 / MeV,,sly5_n32_e0,SLy5,e0,2000.0,0.6199209919796971,0.07741271128617595,8,0.7013549652802368,False
q20_from_e0,gamma_1,mqc,9.0,18.0,9.794639795645667,148.18547436228945,2299.16349802915,nan,16.690776333286447,nan,1.0,nan,nan,nan,nan,0.0,False,fm^4 / MeV,,sly5_n32_e0,SLy5,e0,4000.0,0.30996049598984854,0.03872569914915649,8,3.964834165458217e-05,True
q20_from_e0,gamma_1,main_isgmr,18.0,25.0,0.12422906119165578,-1.176722142135464,-102.73856012163662,nan,18.0,nan,1.0,nan,nan,nan,nan,0.5162284148656678,False,fm^4 / MeV,,sly5_n32_e0,SLy5,e0,4000.0,0.30996049598984854,0.03872569914915649,8,3.964834165458217e-05,True
q20_from_e0,gamma_1,experiment_range,9.0,25.0,9.918869085999312,147.008752220154,2196.4248689777196,nan,16.690776333286447,nan,1.0,nan,nan,nan,nan,0.101473705471901,False,fm^4 / MeV,,sly5_n32_e0,SLy5,e0,4000.0,0.30996049598984854,0.03872569914915649,8,3.964834165458217e-05,True
q20_from_e0,gamma_0p5,mqc,9.0,18.0,10.286767871540816,157.57423013552153,2470.6558454092014,nan,16.690776333286447,nan,0.5,nan,nan,nan,nan,0.0,False,fm^4 / MeV,,sly5_n32_e0,SLy5,e0,4000.0,0.30996049598984854,0.03872569914915649,8,0.00629669291410834,True
q20_from_e0,gamma_0p5,main_isgmr,18.0,25.0,-0.19846656831473874,-7.887372371642355,-243.27800224907944,nan,18.239804299252707,nan,0.5,nan,nan,nan,nan,0.6021883781138622,False,fm^4 / MeV,,sly5_n32_e0,SLy5,e0,4000.0,0.30996049598984854,0.03872569914915649,8,0.00629669291410834,True
q20_from_e0,gamma_0p5,experiment_range,9.0,25.0,10.088301320181117,149.68685776387915,2227.3778420611134,nan,16.690776333286447,nan,0.5,nan,nan,nan,nan,0.11846996680376236,False,fm^4 / MeV,,sly5_n32_e0,SLy5,e0,4000.0,0.30996049598984854,0.03872569914915649,8,0.00629669291410834,True
q20_from_e0,gamma_0p2,mqc,9.0,18.0,10.580113473199349,163.25092525980378,2574.8938866814747,nan,16.690776333286447,nan,0.2,nan,nan,nan,nan,0.00035203779475812035,False,fm^4 / MeV,,sly5_n32_e0,SLy5,e0,4000.0,0.30996049598984854,0.03872569914915649,8,0.13171796288721244,False
q20_from_e0,gamma_0p2,main_isgmr,18.0,25.0,-0.3888617398997152,-11.860593551021108,-326.620798423255,nan,18.27852999840186,nan,0.2,nan,nan,nan,nan,0.6444784315091627,False,fm^4 / MeV,,sly5_n32_e0,SLy5,e0,4000.0,0.30996049598984854,0.03872569914915649,8,0.13171796288721244,False
q20_from_e0,gamma_0p2,experiment_range,9.0,25.0,10.191251733057772,151.39033170878264,2248.273091483525,nan,16.690776333286447,nan,0.2,nan,nan,nan,nan,0.12969348427582286,False,fm^4 / MeV,,sly5_n32_e0,SLy5,e0,4000.0,0.30996049598984854,0.03872569914915649,8,0.13171796288721244,False
q20_from_e0,gamma_0p1,mqc,9.0,18.0,10.671275872272446,165.08670507188154,2609.144388690835,nan,16.690776333286447,nan,0.1,nan,nan,nan,nan,0.01880170894118073,False,fm^4 / MeV,,sly5_n32_e0,SLy5,e0,4000.0,0.30996049598984854,0.03872569914915649,8,0.36292969413815185,False
q20_from_e0,gamma_0p1,main_isgmr,18.0,25.0,-0.4495324701809274,-13.124324039182897,-353.03360235660307,nan,18.27852999840186,nan,0.1,nan,nan,nan,nan,0.6493828607305789,False,fm^4 / MeV,,sly5_n32_e0,SLy5,e0,4000.0,0.30996049598984854,0.03872569914915649,8,0.36292969413815185,False
q20_from_e0,gamma_0p1,experiment_range,9.0,25.0,10.221743950561804,151.96238103269863,2256.110611710352,nan,16.690776333286447,nan,0.1,nan,nan,nan,nan,0.14736272260224229,False,fm^4 / MeV,,sly5_n32_e0,SLy5,e0,4000.0,0.30996049598984854,0.03872569914915649,8,0.36292969413815185,False
q20_from_e0,gamma_0p07,mqc,9.0,18.0,10.697739993728616,165.6394756393292,2619.6118844789485,nan,16.690776333286447,nan,0.07,nan,nan,nan,nan,0.049535688131683936,False,fm^4 / MeV,,sly5_n32_e0,SLy5,e0,4000.0,0.30996049598984854,0.03872569914915649,8,0.49189878732324216,False
q20_from_e0,gamma_0p07,main_isgmr,18.0,25.0,-0.4684396482393692,-13.514477376365765,-361.1130450473954,nan,18.27852999840186,nan,0.07,nan,nan,nan,nan,0.6444454720036753,False,fm^4 / MeV,,sly5_n32_e0,SLy5,e0,4000.0,0.30996049598984854,0.03872569914915649,8,0.49189878732324216,False
q20_from_e0,gamma_0p07,experiment_range,9.0,25.0,10.229301237093217,152.12499826296346,2258.4985537993252,nan,16.690776333286447,nan,0.07,nan,nan,nan,nan,0.17020359217677372,False,fm^4 / MeV,,sly5_n32_e0,SLy5,e0,4000.0,0.30996049598984854,0.03872569914915649,8,0.49189878732324216,False
q20_from_e0,gamma_1,mqc,9.0,18.0,9.794729439643197,148.18695518918418,2299.1876565981433,nan,16.694947984456977,nan,1.0,nan,nan,nan,nan,0.0,False,fm^4 / MeV,,sly5_n32_e0,SLy5,e0,8000.0,0.15498024799492427,0.01936768907709626,8,1.5719909959584757e-09,True
q20_from_e0,gamma_1,main_isgmr,18.0,25.0,0.1241441989010521,-1.1781354705512221,-102.76176461218245,nan,18.0,nan,1.0,nan,nan,nan,nan,0.516248499437054,False,fm^4 / MeV,,sly5_n32_e0,SLy5,e0,8000.0,0.15498024799492427,0.01936768907709626,8,1.5719909959584757e-09,True
q20_from_e0,gamma_1,experiment_range,9.0,25.0,9.918873680636228,147.008819718633,2196.42587933775,nan,16.694947984456977,nan,1.0,nan,nan,nan,nan,0.10147386284304247,False,fm^4 / MeV,,sly5_n32_e0,SLy5,e0,8000.0,0.15498024799492427,0.01936768907709626,8,1.5719909959584757e-09,True
q20_from_e0,gamma_0p5,mqc,9.0,18.0,10.287063664694706,157.57768679535405,2470.7003014689876,nan,16.694947984456977,nan,0.5,nan,nan,nan,nan,0.0,False,fm^4 / MeV,,sly5_n32_e0,SLy5,e0,8000.0,0.15498024799492427,0.01936768907709626,8,3.964834165458217e-05,True
q20_from_e0,gamma_0p5,main_isgmr,18.0,25.0,-0.19853742599343738,-7.8883252293794115,-243.28762865655682,nan,18.224995421547582,nan,0.5,nan,nan,nan,nan,0.602225008699746,False,fm^4 / MeV,,sly5_n32_e0,SLy5,e0,8000.0,0.15498024799492427,0.01936768907709626,8,3.964834165458217e-05,True
q20_from_e0,gamma_0p5,experiment_range,9.0,25.0,10.088526238220208,149.68936156597465,2227.41267379939,nan,16.694947984456977,nan,0.5,nan,nan,nan,nan,0.11845247571768107,False,fm^4 / MeV,,sly5_n32_e0,SLy5,e0,8000.0,0.15498024799492427,0.01936768907709626,8,3.964834165458217e-05,True
q20_from_e0,gamma_0p2,mqc,9.0,18.0,10.585003404158872,163.3011844463526,2575.4594696361983,nan,16.694947984456977,nan,0.2,nan,nan,nan,nan,0.0,False,fm^4 / MeV,,sly5_n32_e0,SLy5,e0,8000.0,0.15498024799492427,0.01936768907709626,8,0.017349621747157075,True
q20_from_e0,gamma_0p2,main_isgmr,18.0,25.0,-0.3893532259611934,-11.86730616610613,-326.6894337280096,nan,18.263730799701776,nan,0.2,nan,nan,nan,nan,0.6446324603880019,False,fm^4 / MeV,,sly5_n32_e0,SLy5,e0,8000.0,0.15498024799492427,0.01936768907709626,8,0.017349621747157075,True
q20_from_e0,gamma_0p2,experiment_range,9.0,25.0,10.195650192031604,151.43387828024646,2248.7700319885694,nan,16.694947984456977,nan,0.2,nan,nan,nan,nan,0.12943238652692204,False,fm^4 / MeV,,sly5_n32_e0,SLy5,e0,8000.0,0.15498024799492427,0.01936768907709626,8,0.017349621747157075,True
q20_from_e0,gamma_0p1,mqc,9.0,18.0,10.684568196992746,165.21918033923376,2610.5722040565424,nan,16.694947984456977,nan,0.1,nan,nan,nan,nan,5.2637378963460484e-05,False,fm^4 / MeV,,sly5_n32_e0,SLy5,e0,8000.0,0.15498024799492427,0.01936768907709626,8,0.13171796288721244,False
q20_from_e0,gamma_0p1,main_isgmr,18.0,25.0,-0.45032256124505937,-13.13249402305891,-353.0313763752266,nan,18.263730799701776,nan,0.1,nan,nan,nan,nan,0.6555257910867643,False,fm^4 / MeV,,sly5_n32_e0,SLy5,e0,8000.0,0.15498024799492427,0.01936768907709626,8,0.13171796288721244,False
q20_from_e0,gamma_0p1,experiment_range,9.0,25.0,10.234245869510078,152.08668631617482,2257.54075242711,nan,16.694947984456977,nan,0.1,nan,nan,nan,nan,0.1334487579471695,False,fm^4 / MeV,,sly5_n32_e0,SLy5,e0,8000.0,0.15498024799492427,0.01936768907709626,8,0.13171796288721244,False
q20_from_e0,gamma_0p07,mqc,9.0,18.0,10.716132876302026,165.82406198854693,2621.622726754921,nan,16.694947984456977,nan,0.07,nan,nan,nan,nan,0.0051505556064137415,False,fm^4 / MeV,,sly5_n32_e0,SLy5,e0,8000.0,0.15498024799492427,0.01936768907709626,8,0.24196441697007623,False
q20_from_e0,gamma_0p07,main_isgmr,18.0,25.0,-0.4695338670826499,-13.524966881348213,-361.0739935878826,nan,18.263730799701776,nan,0.07,nan,nan,nan,nan,0.6545650486701213,False,fm^4 / MeV,,sly5_n32_e0,SLy5,e0,8000.0,0.15498024799492427,0.01936768907709626,8,0.24196441697007623,False
q20_from_e0,gamma_0p07,experiment_range,9.0,25.0,10.246599432753065,152.29909510719872,2260.5485964375703,nan,16.694947984456977,nan,0.07,nan,nan,nan,nan,0.13961698736144412,False,fm^4 / MeV,,sly5_n32_e0,SLy5,e0,8000.0,0.15498024799492427,0.01936768907709626,8,0.24196441697007623,False
