channel,window,energy_mev,response_real,response_imag,signed_strength,dB_dE,photoabsorption_mb,strength_units
e0_diagonal,gamma_1,0,-8.39230484588,0,0,nan,nan,fm^4 / MeV
e0_diagonal,gamma_1,0.0774127112862,-8.39508364083,-0.0213516269196,-0.00679643393461,nan,nan,fm^4 / MeV
e0_diagonal,gamma_1,0.154825422572,-8.40388829483,-0.0423189007202,-0.0134705244717,nan,nan,fm^4 / MeV
e0_diagonal,gamma_1,0.232238133859,-8.41958132166,-0.061485896189,-0.0195715686178,nan,nan,fm^4 / MeV
e0_diagonal,gamma_1,0.309650845145,-8.44217937509,-0.0762260114463,-0.0242634930277,nan,nan,fm^4 / MeV
e0_diagonal,gamma_1,0.387063556431,-8.4698246612,-0.0836526183138,-0.0266274554144,nan,nan,fm^4 / MeV
e0_diagonal,gamma_1,0.464476267717,-8.49880410727,-0.0821927680323,-0.0261627706375,nan,nan,fm^4 / MeV
e0_diagonal,gamma_1,0.541888979003,-8.52481422475,-0.0727894571,-0.0231696038049,nan,nan,fm^4 / MeV
e0_diagonal,gamma_1,0.619301690289,-8.54485745632,-0.0588742398585,-0.0187402525885,nan,nan,fm^4 / MeV
e0_diagonal,gamma_1,0.696714401576,-8.55868314928,-0.0449538170025,-0.0143092443736,nan,nan,fm^4 / MeV
e0_diagonal,gamma_1,0.774127112862,-8.56886985217,-0.0345043273728,-0.0109830685189,nan,nan,fm^4 / MeV
e0_diagonal,gamma_1,0.851539824148,-8.57940274492,-0.0283400711912,-0.00902092483531,nan,nan,fm^4 / MeV
e0_diagonal,gamma_1,0.928952535434,-8.59348868588,-0.0244088459408,-0.00776957697331,nan,nan,fm^4 / MeV
e0_diagonal,gamma_1,1.00636524672,-8.61183270428,-0.0191662820381,-0.00610081705412,nan,nan,fm^4 / MeV
e0_diagonal,gamma_1,1.08377795801,-8.63236618318,-0.00976053191682,-0.00310687380354,nan,nan,fm^4 / MeV
e0_diagonal,gamma_1,1.16119066929,-8.65158651971,0.00423156051549,0.00134694754607,nan,nan,fm^4 / MeV
e0_diagonal,gamma_1,1.23860338058,-8.66672361604,0.0205287655584,0.00653450902838,nan,nan,fm^4 / MeV
e0_diagonal,gamma_1,1.31601609186,-8.67745376746,0.0354893043425,0.011296596426,nan,nan,fm^4 / MeV
e0_diagonal,gamma_1,1.39342880315,-8.68614148658,0.0462734970164,0.0147293115686,nan,nan,fm^4 / MeV
e0_diagonal,gamma_1,1.47084151444,-8.6964614887,0.0525310858487,0.0167211639576,nan,nan,fm^4 / MeV
e0_diagonal,gamma_1,1.54825422572,-8.71122290517,0.0565950000958,0.0180147480391,nan,nan,fm^4 / MeV
e0_diagonal,gamma_1,1.62566693701,-8.73070465216,0.0620536744683,0.0197522980573,nan,nan,fm^4 / MeV
e0_diagonal,gamma_1,1.7030796483,-8.75251522533,0.07155156203,0.022775569566,nan,nan,fm^4 / MeV
e0_diagonal,gamma_1,1.78049235958,-8.77307941563,0.0851442720936,0.0271022635593,nan,nan,fm^4 / MeV
e0_diagonal,gamma_1,1.85790507087,-8.78986957224,0.10021590525,0.031899713394,nan,nan,fm^4 / MeV
e0_diagonal,gamma_1,1.93531778215,-8.80303428639,0.113032582603,0.0359793885035,nan,nan,fm^4 / MeV
e0_diagonal,gamma_1,2.01273049344,-8.81542210075,0.12101325982,0.0385197169602,nan,nan,fm^4 / MeV
e0_diagonal,gamma_1,2.09014320473,-8.83095652461,0.124347175748,0.0395809353596,nan,nan,fm^4 / MeV
e0_diagonal,gamma_1,2.16755591601,-8.85232063348,0.125959917335,0.0400942869507,nan,nan,fm^4 / MeV
e0_diagonal,gamma_1,2.2449686273,-8.87934774723,0.129815916771,0.0413216896924,nan,nan,fm^4 / MeV
e0_diagonal,gamma_1,2.32238133859,-8.9091124583,0.13855737142,0.0441041811268,nan,nan,fm^4 / MeV
e0_diagonal,gamma_1,2.39979404987,-8.93770138915,0.151903859652,0.0483525002766,nan,nan,fm^4 / MeV
e0_diagonal,gamma_1,2.47720676116,-8.96261968027,0.166803480541,0.0530951969062,nan,nan,fm^4 / MeV
e0_diagonal,gamma_1,2.55461947244,-8.98437933467,0.179280488321,0.0570667518326,nan,nan,fm^4 / MeV
e0_diagonal,gamma_1,2.63203218373,-9.00628198381,0.186888793183,0.0594885504872,nan,nan,fm^4 / MeV
e0_diagonal,gamma_1,2.70944489502,-9.0324875344,0.190285821737,0.0605698582596,nan,nan,fm^4 / MeV
e0_diagonal,gamma_1,2.7868576063,-9.06550908007,0.192942672798,0.0614155602182,nan,nan,fm^4 / MeV
e0_diagonal,gamma_1,2.86427031759,-9.10465366014,0.199120786304,0.0633821148253,nan,nan,fm^4 / MeV
e0_diagonal,gamma_1,2.94168302887,-9.14638971876,0.211308861725,0.0672616997252,nan,nan,fm^4 / MeV
e0_diagonal,gamma_1,3.01909574016,-9.18646976385,0.228676534469,0.0727900016596,nan,nan,fm^4 / MeV
e0_diagonal,gamma_1,3.09650845145,-9.22255713334,0.247522727053,0.0787889310762,nan,nan,fm^4 / MeV
e0_diagonal,gamma_1,3.17392116273,-9.25576023931,0.263503103103,0.0838756427579,nan,nan,fm^4 / MeV
e0_diagonal,gamma_1,3.25133387402,-9.29009902949,0.274323670562,0.0873199363541,nan,nan,fm^4 / MeV
e0_diagonal,gamma_1,3.32874658531,-9.33016653727,0.281260167198,0.0895278918087,nan,nan,fm^4 / MeV
e0_diagonal,gamma_1,3.40615929659,-9.37836556735,0.288530331899,0.0918420571073,nan,nan,fm^4 / MeV
e0_diagonal,gamma_1,3.48357200788,-9.43340887524,0.300832996059,0.0957581167359,nan,nan,fm^4 / MeV
e0_diagonal,gamma_1,3.56098471916,-9.49105381209,0.320507271205,0.102020633018,nan,nan,fm^4 / MeV
e0_diagonal,gamma_1,3.63839743045,-9.54670215123,0.346053261183,0.110152174181,nan,nan,fm^4 / MeV
e0_diagonal,gamma_1,3.71581014174,-9.59833145904,0.372984045299,0.118724509008,nan,nan,fm^4 / MeV
e0_diagonal,gamma_1,3.79322285302,-9.64795747936,0.396579474451,0.126235167375,nan,nan,fm^4 / MeV
e0_diagonal,gamma_1,3.87063556431,-9.70065798081,0.414919515169,0.132072983649,nan,nan,fm^4 / MeV
e0_diagonal,gamma_1,3.94804827559,-9.7616531105,0.430330342126,0.136978402223,nan,nan,fm^4 / MeV
e0_diagonal,gamma_1,4.02546098688,-9.83316268243,0.448272334338,0.142689515722,nan,nan,fm^4 / MeV
e0_diagonal,gamma_1,4.10287369817,-9.91298188665,0.474236555396,0.150954183972,nan,nan,fm^4 / MeV
e0_diagonal,gamma_1,4.18028640945,-9.99574948906,0.510479068174,0.16249053409,nan,nan,fm^4 / MeV
e0_diagonal,gamma_1,4.25769912074,-10.0762637329,0.554618681434,0.176540609363,nan,nan,fm^4 / MeV
e0_diagonal,gamma_1,4.33511183203,-10.1528955042,0.60107712559,0.191328791434,nan,nan,fm^4 / MeV
e0_diagonal,gamma_1,4.41252454331,-10.2289787878,0.644630078079,0.205192126784,nan,nan,fm^4 / MeV
e0_diagonal,gamma_1,4.4899372546,-10.311193951,0.683982403668,0.217718361063,nan,nan,fm^4 / MeV
e0_diagonal,gamma_1,4.56734996588,-10.4057746989,0.723140733087,0.230182844444,nan,nan,fm^4 / MeV
e0_diagonal,gamma_1,4.64476267717,-10.514782547,0.769593380782,0.244969181444,nan,nan,fm^4 / MeV
e0_diagonal,gamma_1,4.72217538846,-10.6348008263,0.830244572843,0.264275055486,nan,nan,fm^4 / MeV
e0_diagonal,gamma_1,4.79958809974,-10.7590465889,0.907532617404,0.288876604154,nan,nan,fm^4 / MeV
e0_diagonal,gamma_1,4.87700081103,-10.8818186,0.998235358818,0.31774818345,nan,nan,fm^4 / MeV
e0_diagonal,gamma_1,4.95441352232,-11.0026319172,1.0959770948,0.348860344305,nan,nan,fm^4 / MeV
e0_diagonal,gamma_1,5.0318262336,-11.1273531752,1.19620056096,0.380762464413,nan,nan,fm^4 / MeV
e0_diagonal,gamma_1,5.10923894489,-11.2653003694,1.30069548973,0.414024233297,nan,nan,fm^4 / MeV
e0_diagonal,gamma_1,5.18665165617,-11.4237295756,1.41878174739,0.451612256531,nan,nan,fm^4 / MeV
e0_diagonal,gamma_1,5.26406436746,-11.6029360097,1.56409344089,0.49786640515,nan,nan,fm^4 / MeV
e0_diagonal,gamma_1,5.34147707875,-11.7951410069,1.74863784037,0.556608711944,nan,nan,fm^4 / MeV
e0_diagonal,gamma_1,5.41888979003,-11.9882321914,1.97779526985,0.629551787239,nan,nan,fm^4 / MeV
e0_diagonal,gamma_1,5.49630250132,-12.1723266703,2.24983055545,0.716143308038,nan,nan,fm^4 / MeV
e0_diagonal,gamma_1,5.5737152126,-12.3448367306,2.56105992987,0.815210694787,nan,nan,fm^4 / MeV
e0_diagonal,gamma_1,5.65112792389,-12.5097870953,2.9142024051,0.927619435885,nan,nan,fm^4 / MeV
e0_diagonal,gamma_1,5.72854063518,-12.6699158893,3.32466080548,1.05827240259,nan,nan,fm^4 / MeV
e0_diagonal,gamma_1,5.80595334646,-12.8143869087,3.81934582849,1.21573553596,nan,nan,fm^4 / MeV
e0_diagonal,gamma_1,5.88336605775,-12.9084931026,4.42572379885,1.40875163869,nan,nan,fm^4 / MeV
e0_diagonal,gamma_1,5.96077876904,-12.8923817609,5.15384253231,1.64051902987,nan,nan,fm^4 / MeV
e0_diagonal,gamma_1,6.03819148032,-12.6927333116,5.97869655906,1.90307822124,nan,nan,fm^4 / MeV
e0_diagonal,gamma_1,6.11560419161,-12.2455519427,6.83188759029,2.17465736128,nan,nan,fm^4 / MeV
e0_diagonal,gamma_1,6.19301690289,-11.5223972869,7.60885903457,2.42197505328,nan,nan,fm^4 / MeV
e0_diagonal,gamma_1,6.27042961418,-10.5494355102,8.19184555102,2.60754542498,nan,nan,fm^4 / MeV
e0_diagonal,gamma_1,6.34784232547,-9.41037285738,8.48171632723,2.69981415876,nan,nan,fm^4 / MeV
e0_diagonal,gamma_1,6.42525503675,-8.23025942959,8.42735828412,2.68251145625,nan,nan,fm^4 / MeV
e0_diagonal,gamma_1,6.50266774804,-7.14483681795,8.04142514057,2.55966512125,nan,nan,fm^4 / MeV
e0_diagonal,gamma_1,6.58008045932,-6.2661134615,7.39631127901,2.3543190014,nan,nan,fm^4 / MeV
e0_diagonal,gamma_1,6.65749317061,-5.65643297023,6.60195715435,2.10146823039,nan,nan,fm^4 / MeV
e0_diagonal,gamma_1,6.7349058819,-5.31972207333,5.77412480576,1.83796100973,nan,nan,fm^4 / MeV
e0_diagonal,gamma_1,6.81231859318,-5.2115164658,5.0050069078,1.59314317917,nan,nan,fm^4 / MeV
e0_diagonal,gamma_1,6.88973130447,-5.2619920379,4.34616380557,1.38342690629,nan,nan,fm^4 / MeV
e0_diagonal,gamma_1,6.96714401576,-5.40181968048,3.80790608905,1.21209415381,nan,nan,fm^4 / MeV
e0_diagonal,gamma_1,7.04455672704,-5.58094224251,3.37221905278,1.07341066288,nan,nan,fm^4 / MeV
e0_diagonal,gamma_1,7.12196943833,-5.77480916765,3.01136426906,0.958547017744,nan,nan,fm^4 / MeV
e0_diagonal,gamma_1,7.19938214961,-5.97878812759,2.70339842561,0.860518445165,nan,nan,fm^4 / MeV
e0_diagonal,gamma_1,7.2767948609,-6.19639532761,2.43895384493,0.776343120787,nan,nan,fm^4 / MeV
e0_diagonal,gamma_1,7.35420757219,-6.42853290188,2.21878304739,0.706260579281,nan,nan,fm^4 / MeV
e0_diagonal,gamma_1,7.43162028347,-6.66882258596,2.04606276302,0.651282005221,nan,nan,fm^4 / MeV
e0_diagonal,gamma_1,7.50903299476,-6.90591591285,1.91919667926,0.61089927654,nan,nan,fm^4 / MeV
e0_diagonal,gamma_1,7.58644570605,-7.12974511617,1.82937787093,0.582309061884,nan,nan,fm^4 / MeV
e0_diagonal,gamma_1,7.66385841733,-7.33702353103,1.76368821129,0.5613993938,nan,nan,fm^4 / MeV
e0_diagonal,gamma_1,7.74127112862,-7.53247546495,1.71113551704,0.544671351675,nan,nan,fm^4 / MeV
e0_diagonal,gamma_1,7.8186838399,-7.72528068366,1.66757682122,0.530806188165,nan,nan,fm^4 / MeV
e0_diagonal,gamma_1,7.89609655119,-7.92318162679,1.63653527119,0.52092535591,nan,nan,fm^4 / MeV
e0_diagonal,gamma_1,7.97350926248,-8.12795050911,1.62564191248,0.517457892138,nan,nan,fm^4 / MeV
e0_diagonal,gamma_1,8.05092197376,-8.3348734291,1.64112211333,0.522385393108,nan,nan,fm^4 / MeV
e0_diagonal,gamma_1,8.12833468505,-8.53633307668,1.68384536382,0.53598462611,nan,nan,fm^4 / MeV
e0_diagonal,gamma_1,8.20574739633,-8.72703538756,1.74940758787,0.556853730185,nan,nan,fm^4 / MeV
e0_diagonal,gamma_1,8.28316010762,-8.90740097095,1.83220316634,0.583208381344,nan,nan,fm^4 / MeV
e0_diagonal,gamma_1,8.36057281891,-9.082687641,1.93095391943,0.61464172232,nan,nan,fm^4 / MeV
e0_diagonal,gamma_1,8.43798553019,-9.25790444987,2.05211784356,0.65320939722,nan,nan,fm^4 / MeV
e0_diagonal,gamma_1,8.51539824148,-9.43111146148,2.20858430234,0.703014217905,nan,nan,fm^4 / MeV
e0_diagonal,gamma_1,8.59281095277,-9.58887634594,2.41353393547,0.768251712301,nan,nan,fm^4 / MeV
e0_diagonal,gamma_1,8.67022366405,-9.70684491463,2.67197377166,0.850515667144,nan,nan,fm^4 / MeV
e0_diagonal,gamma_1,8.74763637534,-9.75600965944,2.97387616808,0.946614184586,nan,nan,fm^4 / MeV
e0_diagonal,gamma_1,8.82504908662,-9.7125471442,3.29235191635,1.04798816377,nan,nan,fm^4 / MeV
e0_diagonal,gamma_1,8.90246179791,-9.56737661415,3.58816489912,1.14214836065,nan,nan,fm^4 / MeV
e0_diagonal,gamma_1,8.9798745092,-9.33163791614,3.81921838467,1.21569496934,nan,nan,fm^4 / MeV
e0_diagonal,gamma_1,9.05728722048,-9.03596596729,3.9516657196,1.25785426544,nan,nan,fm^4 / MeV
e0_diagonal,gamma_1,9.13469993177,-8.72387300341,3.96882984279,1.26331777554,nan,nan,fm^4 / MeV
e0_diagonal,gamma_1,9.21211264305,-8.44162148896,3.87518501347,1.23350970058,nan,nan,fm^4 / MeV
e0_diagonal,gamma_1,9.28952535434,-8.22788509972,3.69460375174,1.17602889971,nan,nan,fm^4 / MeV
e0_diagonal,gamma_1,9.36693806563,-8.10609767204,3.46397996835,1.10261906947,nan,nan,fm^4 / MeV
e0_diagonal,gamma_1,9.44435077691,-8.08111249417,3.22449543756,1.02638877573,nan,nan,fm^4 / MeV
e0_diagonal,gamma_1,9.5217634882,-8.14032297224,3.01298090386,0.959061608583,nan,nan,fm^4 / MeV
e0_diagonal,gamma_1,9.59917619949,-8.25828646184,2.85527421113,0.908862009167,nan,nan,fm^4 / MeV
e0_diagonal,gamma_1,9.67658891077,-8.40335386067,2.76263597509,0.879374342798,nan,nan,fm^4 / MeV
e0_diagonal,gamma_1,9.75400162206,-8.54473103093,2.73150023662,0.86946352943,nan,nan,fm^4 / MeV
e0_diagonal,gamma_1,9.83141433334,-8.65856433243,2.74623412649,0.874153472238,nan,nan,fm^4 / MeV
e0_diagonal,gamma_1,9.90882704463,-8.7319209361,2.78410473378,0.886208060934,nan,nan,fm^4 / MeV
e0_diagonal,gamma_1,9.98623975592,-8.76394465051,2.82124853143,0.898031298935,nan,nan,fm^4 / MeV
e0_diagonal,gamma_1,10.0636524672,-8.764078216,2.83818144088,0.903421211416,nan,nan,fm^4 / MeV
e0_diagonal,gamma_1,10.1410651785,-8.74800997365,2.82345691965,0.898734250738,nan,nan,fm^4 / MeV
e0_diagonal,gamma_1,10.2184778898,-8.73269466221,2.77461042828,0.883185929629,nan,nan,fm^4 / MeV
e0_diagonal,gamma_1,10.2958906011,-8.73208287217,2.69644122187,0.858303898434,nan,nan,fm^4 / MeV
e0_diagonal,gamma_1,10.3733033123,-8.75484863734,2.59763898732,0.826854170401,nan,nan,fm^4 / MeV
e0_diagonal,gamma_1,10.4507160236,-8.80450483045,2.48731236166,0.791736114744,nan,nan,fm^4 / MeV
e0_diagonal,gamma_1,10.5281287349,-8.88123793233,2.37281380543,0.755290092341,nan,nan,fm^4 / MeV
e0_diagonal,gamma_1,10.6055414462,-8.98410907471,2.25943357789,0.719200045018,nan,nan,fm^4 / MeV
e0_diagonal,gamma_1,10.6829541575,-9.11232270247,2.15147988985,0.684837318864,nan,nan,fm^4 / MeV
e0_diagonal,gamma_1,10.7603668688,-9.26502379032,2.05355296396,0.653666210232,nan,nan,fm^4 / MeV
e0_diagonal,gamma_1,10.8377795801,-9.44010651987,1.97085859697,0.627343775687,nan,nan,fm^4 / MeV
e0_diagonal,gamma_1,10.9151922914,-9.63319179104,1.90816239792,0.607386955701,nan,nan,fm^4 / MeV
e0_diagonal,gamma_1,10.9926050026,-9.83784190876,1.8679956756,0.594601490891,nan,nan,fm^4 / MeV
e0_diagonal,gamma_1,11.0700177139,-10.0472697391,1.84935406039,0.588667680475,nan,nan,fm^4 / MeV
e0_diagonal,gamma_1,11.1474304252,-10.2567611687,1.84796010388,0.588223970338,nan,nan,fm^4 / MeV
e0_diagonal,gamma_1,11.2248431365,-10.4654253965,1.85825741089,0.591501704961,nan,nan,fm^4 / MeV
e0_diagonal,gamma_1,11.3022558478,-10.6761394629,1.87620351426,0.597214127082,nan,nan,fm^4 / MeV
e0_diagonal,gamma_1,11.3796685591,-10.8935635145,1.90132890767,0.605211788198,nan,nan,fm^4 / MeV
e0_diagonal,gamma_1,11.4570812704,-11.1212820976,1.93685694497,0.616520713708,nan,nan,fm^4 / MeV
e0_diagonal,gamma_1,11.5344939816,-11.3597321696,1.98780077287,0.632736637769,nan,nan,fm^4 / MeV
e0_diagonal,gamma_1,11.6119066929,-11.6061738754,2.05821927149,0.655151542049,nan,nan,fm^4 / MeV
e0_diagonal,gamma_1,11.6893194042,-11.8567138637,2.14942708121,0.684183889582,nan,nan,fm^4 / MeV
e0_diagonal,gamma_1,11.7667321155,-12.109020285,2.2604593889,0.719526570803,nan,nan,fm^4 / MeV
e0_diagonal,gamma_1,11.8441448268,-12.3637372916,2.39069202331,0.760980905841,nan,nan,fm^4 / MeV
e0_diagonal,gamma_1,11.9215575381,-12.6231995895,2.5430023084,0.809462775352,nan,nan,fm^4 / MeV
e0_diagonal,gamma_1,11.9989702494,-12.8876359021,2.72516957188,0.867448416256,nan,nan,fm^4 / MeV
e0_diagonal,gamma_1,12.0763829606,-13.1507674541,2.94788728463,0.938341666053,nan,nan,fm^4 / MeV
e0_diagonal,gamma_1,12.1537956719,-13.3975180716,3.21954982723,1.02481453907,nan,nan,fm^4 / MeV
e0_diagonal,gamma_1,12.2312083832,-13.6058594196,3.53994834009,1.12680055323,nan,nan,fm^4 / MeV
e0_diagonal,gamma_1,12.3086210945,-13.752852625,3.8960274016,1.24014403877,nan,nan,fm^4 / MeV
e0_diagonal,gamma_1,12.3860338058,-13.8227096158,4.26223739338,1.35671229957,nan,nan,fm^4 / MeV
e0_diagonal,gamma_1,12.4634465171,-13.8134135356,4.60596956414,1.46612564773,nan,nan,fm^4 / MeV
e0_diagonal,gamma_1,12.5408592284,-13.7388797739,4.8961081936,1.55847964185,nan,nan,fm^4 / MeV
e0_diagonal,gamma_1,12.6182719396,-13.6256553339,5.11118510008,1.62694074747,nan,nan,fm^4 / MeV
e0_diagonal,gamma_1,12.6956846509,-13.5057114438,5.24383563095,1.66916472285,nan,nan,fm^4 / MeV
e0_diagonal,gamma_1,12.7730973622,-13.4086210944,5.30013918641,1.68708670118,nan,nan,fm^4 / MeV
e0_diagonal,gamma_1,12.8505100735,-13.356401706,5.29496058509,1.68543830119,nan,nan,fm^4 / MeV
e0_diagonal,gamma_1,12.9279227848,-13.3625858779,5.24620273876,1.66991819667,nan,nan,fm^4 / MeV
e0_diagonal,gamma_1,13.0053354961,-13.4346644574,5.17096790241,1.64597020448,nan,nan,fm^4 / MeV
e0_diagonal,gamma_1,13.0827482074,-13.5773250063,5.08502015498,1.61861218678,nan,nan,fm^4 / MeV
e0_diagonal,gamma_1,13.1601609186,-13.7938671953,5.00464849811,1.59302909382,nan,nan,fm^4 / MeV
e0_diagonal,gamma_1,13.2375736299,-14.0847931914,4.94845888177,1.57514338344,nan,nan,fm^4 / MeV
e0_diagonal,gamma_1,13.3149863412,-14.4448134974,4.93675579745,1.571418176,nan,nan,fm^4 / MeV
e0_diagonal,gamma_1,13.3923990525,-14.860932524,4.98795302992,1.58771476125,nan,nan,fm^4 / MeV
e0_diagonal,gamma_1,13.4698117638,-15.3138982042,5.11377776806,1.62776601932,nan,nan,fm^4 / MeV
e0_diagonal,gamma_1,13.5472244751,-15.7832250656,5.31638522631,1.6922579763,nan,nan,fm^4 / MeV
e0_diagonal,gamma_1,13.6246371864,-16.2534373843,5.58986607049,1.77930963268,nan,nan,fm^4 / MeV
e0_diagonal,gamma_1,13.7020498977,-16.7177681207,5.92616353446,1.88635644016,nan,nan,fm^4 / MeV
e0_diagonal,gamma_1,13.7794626089,-17.1763846669,6.32245947539,2.01250135601,nan,nan,fm^4 / MeV
e0_diagonal,gamma_1,13.8568753202,-17.6291166932,6.78545126725,2.15987622058,nan,nan,fm^4 / MeV
e0_diagonal,gamma_1,13.9342880315,-18.0661611139,7.32885921942,2.33284834399,nan,nan,fm^4 / MeV
e0_diagonal,gamma_1,14.0117007428,-18.4623091269,7.96383359621,2.5349669656,nan,nan,fm^4 / MeV
e0_diagonal,gamma_1,14.0891134541,-18.77943742,8.6860879599,2.7648676699,nan,nan,fm^4 / MeV
e0_diagonal,gamma_1,14.1665261654,-18.9783638934,9.46631662856,3.01322216862,nan,nan,fm^4 / MeV
e0_diagonal,gamma_1,14.2439388767,-19.0363221949,10.2500483476,3.26269172289,nan,nan,fm^4 / MeV
e0_diagonal,gamma_1,14.3213515879,-18.962724307,10.9693832165,3.49166312316,nan,nan,fm^4 / MeV
e0_diagonal,gamma_1,14.3987642992,-18.8055657061,11.5636521914,3.68082481292,nan,nan,fm^4 / MeV
e0_diagonal,gamma_1,14.4761770105,-18.64422082,12.0015414585,3.82020929568,nan,nan,fm^4 / MeV
e0_diagonal,gamma_1,14.5535897218,-18.5700236862,12.2959331198,3.91391707187,nan,nan,fm^4 / MeV
e0_diagonal,gamma_1,14.6310024331,-18.6612696601,12.50538655,3.98058816941,nan,nan,fm^4 / MeV
e0_diagonal,gamma_1,14.7084151444,-18.96159391,12.7216045239,4.04941248807,nan,nan,fm^4 / MeV
e0_diagonal,gamma_1,14.7858278557,-19.4690140232,13.0478071681,4.15324601462,nan,nan,fm^4 / MeV
e0_diagonal,gamma_1,14.8632405669,-20.1381947714,13.5760530273,4.32139189396,nan,nan,fm^4 / MeV
e0_diagonal,gamma_1,14.9406532782,-20.8931136426,14.3708966727,4.57439848425,nan,nan,fm^4 / MeV
e0_diagonal,gamma_1,15.0180659895,-21.6438747416,15.4630072456,4.92202807641,nan,nan,fm^4 / MeV
e0_diagonal,gamma_1,15.0954787008,-22.3013523096,16.8516720583,5.36405381489,nan,nan,fm^4 / MeV
e0_diagonal,gamma_1,15.1728914121,-22.7861854679,18.5119391944,5.89253325801,nan,nan,fm^4 / MeV
e0_diagonal,gamma_1,15.2503041234,-23.0324236687,20.4019016321,6.49412698643,nan,nan,fm^4 / MeV
e0_diagonal,gamma_1,15.3277168347,-22.9885580431,22.4678914979,7.1517519855,nan,nan,fm^4 / MeV
e0_diagonal,gamma_1,15.4051295459,-22.6185223041,24.6482818688,7.84579179627,nan,nan,fm^4 / MeV
e0_diagonal,gamma_1,15.4825422572,-21.9030064975,26.8780633065,8.55555327192,nan,nan,fm^4 / MeV
e0_diagonal,gamma_1,15.5599549685,-20.8389913786,29.0953259999,9.26132990749,nan,nan,fm^4 / MeV
e0_diagonal,gamma_1,15.6373676798,-19.4348544905,31.2479611068,9.94653494338,nan,nan,fm^4 / MeV
e0_diagonal,gamma_1,15.7147803911,-17.700600857,33.2964049856,10.5985748813,nan,nan,fm^4 / MeV
e0_diagonal,gamma_1,15.7921931024,-15.6367128173,35.2082891757,11.2071465203,nan,nan,fm^4 / MeV
e0_diagonal,gamma_1,15.8696058137,-13.228315505,36.9442619388,11.7597238129,nan,nan,fm^4 / MeV
e0_diagonal,gamma_1,15.947018525,-10.4512784689,38.4397257321,12.2357447227,nan,nan,fm^4 / MeV
e0_diagonal,gamma_1,16.0244312362,-7.29252796442,39.5918444527,12.6024755015,nan,nan,fm^4 / MeV
e0_diagonal,gamma_1,16.1018439475,-3.77965604648,40.2618414422,12.815742167,nan,nan,fm^4 / MeV
e0_diagonal,gamma_1,16.1792566588,-0.00828556945637,40.2979331523,12.8272305152,nan,nan,fm^4 / MeV
e0_diagonal,gamma_1,16.2566693701,3.84667191107,39.5755607886,12.5972922503,nan,nan,fm^4 / MeV
e0_diagonal,gamma_1,16.3340820814,7.54568528808,38.0426250615,12.1093436534,nan,nan,fm^4 / MeV
e0_diagonal,gamma_1,16.4114947927,10.8255606531,35.7526332185,11.3804166105,nan,nan,fm^4 / MeV
e0_diagonal,gamma_1,16.488907504,13.4559773908,32.8709364589,10.463144043,nan,nan,fm^4 / MeV
e0_diagonal,gamma_1,16.5663202152,15.2932217667,29.6483112257,9.43735057181,nan,nan,fm^4 / MeV
e0_diagonal,gamma_1,16.6437329265,16.3122604819,26.3684722294,8.3933453942,nan,nan,fm^4 / MeV
e0_diagonal,gamma_1,16.7211456378,16.6056805696,23.2863886314,7.41228771488,nan,nan,fm^4 / MeV
e0_diagonal,gamma_1,16.7985583491,16.3503188625,20.5779127138,6.55015305382,nan,nan,fm^4 / MeV
e0_diagonal,gamma_1,16.8759710604,15.7543514839,18.3165522382,5.83033965821,nan,nan,fm^4 / MeV
e0_diagonal,gamma_1,16.9533837717,15.0040803098,16.4823078781,5.24648154471,nan,nan,fm^4 / MeV
e0_diagonal,gamma_1,17.030796483,14.2280418305,14.9952150492,4.77312519561,nan,nan,fm^4 / MeV
e0_diagonal,gamma_1,17.1082091942,13.4874815277,13.7578997068,4.3792754898,nan,nan,fm^4 / MeV
e0_diagonal,gamma_1,17.1856219055,12.7908684989,12.690376644,4.03947234519,nan,nan,fm^4 / MeV
e0_diagonal,gamma_1,17.2630346168,12.1211480447,11.7463056276,3.7389652074,nan,nan,fm^4 / MeV
e0_diagonal,gamma_1,17.3404473281,11.4615349807,10.9095952977,3.47263203752,nan,nan,fm^4 / MeV
e0_diagonal,gamma_1,17.4178600394,10.8094006791,10.1788346387,3.24002369534,nan,nan,fm^4 / MeV
e0_diagonal,gamma_1,17.4952727507,10.1756085261,9.55074939991,3.04009795445,nan,nan,fm^4 / MeV
e0_diagonal,gamma_1,17.572685462,9.57427001684,9.01166397894,2.86850173546,nan,nan,fm^4 / MeV
e0_diagonal,gamma_1,17.6500981732,9.01166603402,8.53973300971,2.71828144236,nan,nan,fm^4 / MeV
e0_diagonal,gamma_1,17.7275108845,8.48167904577,8.11418000397,2.58282371354,nan,nan,fm^4 / MeV
e0_diagonal,gamma_1,17.8049235958,7.96996343912,7.72435612319,2.45873891842,nan,nan,fm^4 / MeV
e0_diagonal,gamma_1,17.8823363071,7.46345894484,7.37252443336,2.34674741327,nan,nan,fm^4 / MeV
e0_diagonal,gamma_1,17.9597490184,6.95886250874,7.06874961914,2.25005288673,nan,nan,fm^4 / MeV
e0_diagonal,gamma_1,18.0371617297,6.46471855501,6.82127862063,2.17128042136,nan,nan,fm^4 / MeV
e0_diagonal,gamma_1,18.114574441,5.99592548442,6.6284434602,2.10989908339,nan,nan,fm^4 / MeV
e0_diagonal,gamma_1,18.1919871523,5.56409759447,6.47705074351,2.06170928497,nan,nan,fm^4 / MeV
e0_diagonal,gamma_1,18.2693998635,5.16966657287,6.34826386989,2.02071514989,nan,nan,fm^4 / MeV
e0_diagonal,gamma_1,18.3468125748,4.80054699219,6.2275380986,1.98228694337,nan,nan,fm^4 / MeV
e0_diagonal,gamma_1,18.4242252861,4.43835879823,6.11279745957,1.94576386362,nan,nan,fm^4 / MeV
e0_diagonal,gamma_1,18.5016379974,4.06886012685,6.01603032993,1.9149619296,nan,nan,fm^4 / MeV
e0_diagonal,gamma_1,18.5790507087,3.690858084,5.95717575124,1.89622793535,nan,nan,fm^4 / MeV
e0_diagonal,gamma_1,18.65646342,3.31871390903,5.95343263982,1.89503646599,nan,nan,fm^4 / MeV
e0_diagonal,gamma_1,18.7338761313,2.9770759129,6.00956735073,1.91290469943,nan,nan,fm^4 / MeV
e0_diagonal,gamma_1,18.8112888425,2.6906322698,6.11413354516,1.94618915287,nan,nan,fm^4 / MeV
e0_diagonal,gamma_1,18.8887015538,2.47417048227,6.24322989515,1.98728179735,nan,nan,fm^4 / MeV
e0_diagonal,gamma_1,18.9661142651,2.32776572983,6.36941598334,2.02744807671,nan,nan,fm^4 / MeV
e0_diagonal,gamma_1,19.0435269764,2.23888997209,6.47091132785,2.05975504827,nan,nan,fm^4 / MeV
e0_diagonal,gamma_1,19.1209396877,2.18943458061,6.53651053302,2.0806359238,nan,nan,fm^4 / MeV
e0_diagonal,gamma_1,19.198352399,2.16321569965,6.56443691328,2.08952516673,nan,nan,fm^4 / MeV
e0_diagonal,gamma_1,19.2757651103,2.14976383387,6.55693236101,2.08713639355,nan,nan,fm^4 / MeV
e0_diagonal,gamma_1,19.3531778215,2.14281801062,6.5146766912,2.0736859961,nan,nan,fm^4 / MeV
e0_diagonal,gamma_1,19.4305905328,2.13533705032,6.434885193,2.04828757339,nan,nan,fm^4 / MeV
e0_diagonal,gamma_1,19.5080032441,2.11500380521,6.31438243594,2.0099303545,nan,nan,fm^4 / MeV
e0_diagonal,gamma_1,19.5854159554,2.06388925261,6.15564819252,1.95940367555,nan,nan,fm^4 / MeV
e0_diagonal,gamma_1,19.6628286667,1.96336904231,5.97173898735,1.90086355738,nan,nan,fm^4 / MeV
e0_diagonal,gamma_1,19.740241378,1.80206101492,5.78634922572,1.84185216346,nan,nan,fm^4 / MeV
e0_diagonal,gamma_1,19.8176540893,1.58242396399,5.62791357991,1.79142053107,nan,nan,fm^4 / MeV
e0_diagonal,gamma_1,19.8950668005,1.32199253244,5.5200828448,1.75709694205,nan,nan,fm^4 / MeV
e0_diagonal,gamma_1,19.9724795118,1.04789435425,5.47317983483,1.74216725029,nan,nan,fm^4 / MeV
e0_diagonal,gamma_1,20.0498922231,0.786856425723,5.48104360358,1.74467036562,nan,nan,fm^4 / MeV
e0_diagonal,gamma_1,20.1273049344,0.555399295596,5.52505085975,1.75867831033,nan,nan,fm^4 / MeV
e0_diagonal,gamma_1,20.2047176457,0.354955861786,5.5834532808,1.77726837832,nan,nan,fm^4 / MeV
e0_diagonal,gamma_1,20.282130357,0.174187966919,5.64144976982,1.79572923414,nan,nan,fm^4 / MeV
e0_diagonal,gamma_1,20.3595430683,-0.00288306407964,5.6970813901,1.81343732886,nan,nan,fm^4 / MeV
e0_diagonal,gamma_1,20.4369557796,-0.187221153786,5.76025995219,1.83354768977,nan,nan,fm^4 / MeV
e0_diagonal,gamma_1,20.5143684908,-0.378513134656,5.84581698173,1.86078133811,nan,nan,fm^4 / MeV
e0_diagonal,gamma_1,20.5917812021,-0.565277270827,5.96448211432,1.89855362295,nan,nan,fm^4 / MeV
e0_diagonal,gamma_1,20.6691939134,-0.730890686808,6.11659092411,1.94697136089,nan,nan,fm^4 / MeV
e0_diagonal,gamma_1,20.7466066247,-0.86200916914,6.29166760453,2.00269999911,nan,nan,fm^4 / MeV
e0_diagonal,gamma_1,20.824019336,-0.954747055205,6.47377237196,2.0606657469,nan,nan,fm^4 / MeV
e0_diagonal,gamma_1,20.9014320473,-1.01537780331,6.64941605848,2.11657486876,nan,nan,fm^4 / MeV
e0_diagonal,gamma_1,20.9788447586,-1.0553998005,6.81355959156,2.1688233781,nan,nan,fm^4 / MeV
e0_diagonal,gamma_1,21.0562574698,-1.08390468458,6.97037215949,2.21873836875,nan,nan,fm^4 / MeV
e0_diagonal,gamma_1,21.1336701811,-1.10164173678,7.12835061757,2.26902447376,nan,nan,fm^4 / MeV
e0_diagonal,gamma_1,21.2110828924,-1.10024865085,7.29251701795,2.32128026198,nan,nan,fm^4 / MeV
e0_diagonal,gamma_1,21.2884956037,-1.06733953007,7.4580627833,2.3739751157,nan,nan,fm^4 / MeV
e0_diagonal,gamma_1,21.365908315,-0.994985709774,7.60914886296,2.42206730853,nan,nan,fm^4 / MeV
e0_diagonal,gamma_1,21.4433210263,-0.887235629751,7.7239686703,2.45861558833,nan,nan,fm^4 / MeV
e0_diagonal,gamma_1,21.5207337376,-0.762650071861,7.78399000106,2.47772097129,nan,nan,fm^4 / MeV
e0_diagonal,gamma_1,21.5981464488,-0.650181803569,7.78313150817,2.47744770452,nan,nan,fm^4 / MeV
e0_diagonal,gamma_1,21.6755591601,-0.579900097174,7.73255242427,2.46134788208,nan,nan,fm^4 / MeV
e0_diagonal,gamma_1,21.7529718714,-0.57248433092,7.65872812024,2.43784887627,nan,nan,fm^4 / MeV
e0_diagonal,gamma_1,21.8303845827,-0.631949751052,7.59552687415,2.41773129482,nan,nan,fm^4 / MeV
e0_diagonal,gamma_1,21.907797294,-0.744546941663,7.57361851193,2.41075764653,nan,nan,fm^4 / MeV
e0_diagonal,gamma_1,21.9852100053,-0.884006299695,7.61154387412,2.42282966425,nan,nan,fm^4 / MeV
e0_diagonal,gamma_1,22.0626227166,-1.02062257424,7.71180111533,2.45474253529,nan,nan,fm^4 / MeV
e0_diagonal,gamma_1,22.1400354278,-1.13029073548,7.86294417116,2.50285286419,nan,nan,fm^4 / MeV
e0_diagonal,gamma_1,22.2174481391,-1.20002012216,8.0461083676,2.56115583871,nan,nan,fm^4 / MeV
e0_diagonal,gamma_1,22.2948608504,-1.22831631734,8.24273611437,2.62374439441,nan,nan,fm^4 / MeV
e0_diagonal,gamma_1,22.3722735617,-1.22116729212,8.44019305436,2.6865968905,nan,nan,fm^4 / MeV
e0_diagonal,gamma_1,22.449686273,-1.1861319356,8.63330735692,2.74806708217,nan,nan,fm^4 / MeV
e0_diagonal,gamma_1,22.5270989843,-1.12751464943,8.82189339678,2.80809588305,nan,nan,fm^4 / MeV
e0_diagonal,gamma_1,22.6045116956,-1.04475960117,9.00609371202,2.86672866443,nan,nan,fm^4 / MeV
e0_diagonal,gamma_1,22.6819244068,-0.934521539725,9.18217443144,2.92277689819,nan,nan,fm^4 / MeV
e0_diagonal,gamma_1,22.7593371181,-0.795149234954,9.34101456808,2.97333728401,nan,nan,fm^4 / MeV
e0_diagonal,gamma_1,22.8367498294,-0.631251418765,9.47021916808,3.01446438553,nan,nan,fm^4 / MeV
e0_diagonal,gamma_1,22.9141625407,-0.455962474878,9.55915630985,3.042773957,nan,nan,fm^4 / MeV
e0_diagonal,gamma_1,22.991575252,-0.289429704577,9.60490945972,3.05733763693,nan,nan,fm^4 / MeV
e0_diagonal,gamma_1,23.0689879633,-0.153521980281,9.61660831578,3.06106149847,nan,nan,fm^4 / MeV
e0_diagonal,gamma_1,23.1464006746,-0.0642728681443,9.6160119933,3.06087168313,nan,nan,fm^4 / MeV
e0_diagonal,gamma_1,23.2238133859,-0.0246051761957,9.63342168049,3.06641335868,nan,nan,fm^4 / MeV
e0_diagonal,gamma_1,23.3012260971,-0.0200836943383,9.69961233317,3.0874824978,nan,nan,fm^4 / MeV
e0_diagonal,gamma_1,23.3786388084,-0.0196998940848,9.83598201832,3.13089031676,nan,nan,fm^4 / MeV
e0_diagonal,gamma_1,23.4560515197,0.0178187204387,10.0460119663,3.19774492559,nan,nan,fm^4 / MeV
e0_diagonal,gamma_1,23.533464231,0.133522908234,10.3110464537,3.28210802313,nan,nan,fm^4 / MeV
e0_diagonal,gamma_1,23.6108769423,0.356494811831,10.5922610909,3.37162142226,nan,nan,fm^4 / MeV
e0_diagonal,gamma_1,23.6882896536,0.69445827496,10.8387777436,3.45009010992,nan,nan,fm^4 / MeV
e0_diagonal,gamma_1,23.7657023649,1.12985365051,10.9998169002,3.50135046554,nan,nan,fm^4 / MeV
e0_diagonal,gamma_1,23.8431150761,1.62282972985,11.0373073811,3.51328405626,nan,nan,fm^4 / MeV
e0_diagonal,gamma_1,23.9205277874,2.12033847602,10.9351049233,3.48075200356,nan,nan,fm^4 / MeV
e0_diagonal,gamma_1,23.9979404987,2.5684705953,10.7020856034,3.40657965035,nan,nan,fm^4 / MeV
e0_diagonal,gamma_1,24.07535321,2.92414911141,10.3685028951,3.30039697644,nan,nan,fm^4 / MeV
e0_diagonal,gamma_1,24.1527659213,3.16272968339,9.97731032,3.17587651238,nan,nan,fm^4 / MeV
e0_diagonal,gamma_1,24.2301786326,3.27976546619,9.57372487346,3.04741127483,nan,nan,fm^4 / MeV
e0_diagonal,gamma_1,24.3075913439,3.28745085074,9.19651163738,2.92734057258,nan,nan,fm^4 / MeV
e0_diagonal,gamma_1,24.3850040551,3.20809105955,8.87328082489,2.82445300945,nan,nan,fm^4 / MeV
e0_diagonal,gamma_1,24.4624167664,3.06758737785,8.62010595594,2.74386494573,nan,nan,fm^4 / MeV
e0_diagonal,gamma_1,24.5398294777,2.89118484162,8.44394577172,2.68779141754,nan,nan,fm^4 / MeV
e0_diagonal,gamma_1,24.617242189,2.70206887588,8.34552330867,2.65646257453,nan,nan,fm^4 / MeV
e0_diagonal,gamma_1,24.6946549003,2.52171750035,8.32080154363,2.64859339231,nan,nan,fm^4 / MeV
e0_diagonal,gamma_1,24.7720676116,2.37008856111,8.36063727011,2.66127349787,nan,nan,fm^4 / MeV
e0_diagonal,gamma_1,24.8494803229,2.26414674047,8.44974672965,2.6896379198,nan,nan,fm^4 / MeV
e0_diagonal,gamma_1,24.9268930341,2.21463276154,8.56688748252,2.72692497951,nan,nan,fm^4 / MeV
e0_diagonal,gamma_1,25.0043057454,2.22253287089,8.68768897632,2.76537728925,nan,nan,fm^4 / MeV
e0_diagonal,gamma_1,25.0817184567,2.27750107781,8.79006960703,2.79796605616,nan,nan,fm^4 / MeV
e0_diagonal,gamma_1,25.159131168,2.35998910619,8.86046120899,2.82037239897,nan,nan,fm^4 / MeV
e0_diagonal,gamma_1,25.2365438793,2.44720697038,8.89809080727,2.83235027211,nan,nan,fm^4 / MeV
e0_diagonal,gamma_1,25.3139565906,2.52105939603,8.91496664539,2.83772201823,nan,nan,fm^4 / MeV
e0_diagonal,gamma_1,25.3913693019,2.57490915822,8.93091140866,2.84279739401,nan,nan,fm^4 / MeV
e0_diagonal,gamma_1,25.4687820132,2.61614790917,8.96522295941,2.85371909982,nan,nan,fm^4 / MeV
e0_diagonal,gamma_1,25.5461947244,2.6631630721,9.02823788401,2.8737773733,nan,nan,fm^4 / MeV
e0_diagonal,gamma_1,25.6236074357,2.73768920202,9.11635428342,2.90182569437,nan,nan,fm^4 / MeV
e0_diagonal,gamma_1,25.701020147,2.85561394145,9.21272376328,2.93250105253,nan,nan,fm^4 / MeV
e0_diagonal,gamma_1,25.7784328583,3.02007632536,9.29341725651,2.95818658918,nan,nan,fm^4 / MeV
e0_diagonal,gamma_1,25.8558455696,3.21975550001,9.3364952435,2.97189873831,nan,nan,fm^4 / MeV
e0_diagonal,gamma_1,25.9332582809,3.43300812767,9.33016237585,2.96988292393,nan,nan,fm^4 / MeV
e0_diagonal,gamma_1,26.0106709922,3.63598994115,9.27663243993,2.95284381612,nan,nan,fm^4 / MeV
e0_diagonal,gamma_1,26.0880837034,3.81123497535,9.19025651687,2.92534950588,nan,nan,fm^4 / MeV
e0_diagonal,gamma_1,26.1654964147,3.9530975986,9.09098117989,2.89374918467,nan,nan,fm^4 / MeV
e0_diagonal,gamma_1,26.242909126,4.06797557177,8.9961615404,2.86356715602,nan,nan,fm^4 / MeV
e0_diagonal,gamma_1,26.3203218373,4.1695953116,8.9142994511,2.83750964369,nan,nan,fm^4 / MeV
e0_diagonal,gamma_1,26.3977345486,4.271762682,8.84322546057,2.81488608985,nan,nan,fm^4 / MeV
e0_diagonal,gamma_1,26.4751472599,4.38192853061,8.77313971397,2.79257710383,nan,nan,fm^4 / MeV
e0_diagonal,gamma_1,26.5525599712,4.49832803571,8.69276591562,2.76699332922,nan,nan,fm^4 / MeV
e0_diagonal,gamma_1,26.6299726824,4.61167789153,8.595621322,2.73607124468,nan,nan,fm^4 / MeV
e0_diagonal,gamma_1,26.7073853937,4.71031968574,8.48356783283,2.7004035113,nan,nan,fm^4 / MeV
e0_diagonal,gamma_1,26.784798105,4.78623776637,8.36622259689,2.66305136261,nan,nan,fm^4 / MeV
e0_diagonal,gamma_1,26.8622108163,4.83916611929,8.25675778491,2.62820763076,nan,nan,fm^4 / MeV
e0_diagonal,gamma_1,26.9396235276,4.87704329749,8.16620039306,2.59938231767,nan,nan,fm^4 / MeV
e0_diagonal,gamma_1,27.0170362389,4.91282494205,8.09887282118,2.57795128593,nan,nan,fm^4 / MeV
e0_diagonal,gamma_1,27.0944489502,4.95928951812,8.05092906611,2.56269031471,nan,nan,fm^4 / MeV
e0_diagonal,gamma_1,27.1718616614,5.02425716874,8.01242983611,2.55043562919,nan,nan,fm^4 / MeV
e0_diagonal,gamma_1,27.2492743727,5.10829228136,7.97179421995,2.53750091083,nan,nan,fm^4 / MeV
e0_diagonal,gamma_1,27.326687084,5.20571136958,7.9204882467,2.52116971233,nan,nan,fm^4 / MeV
e0_diagonal,gamma_1,27.4040997953,5.30818755262,7.85585424532,2.5005960707,nan,nan,fm^4 / MeV
e0_diagonal,gamma_1,27.4815125066,5.40913220487,7.7809604735,2.47675664272,nan,nan,fm^4 / MeV
e0_diagonal,gamma_1,27.5589252179,5.50680968413,7.70176062077,2.45154654661,nan,nan,fm^4 / MeV
e0_diagonal,gamma_1,27.6363379292,5.60484326253,7.62304030124,2.42648909066,nan,nan,fm^4 / MeV
e0_diagonal,gamma_1,27.7137506405,5.71002500708,7.54507814102,2.40167296431,nan,nan,fm^4 / MeV
e0_diagonal,gamma_1,27.7911633517,5.82855324742,7.46251041832,2.3753908419,nan,nan,fm^4 / MeV
e0_diagonal,gamma_1,27.868576063,5.96245042808,7.36581543897,2.34461187403,nan,nan,fm^4 / MeV
e0_diagonal,gamma_1,27.9459887743,6.10771886203,7.24464996537,2.30604370592,nan,nan,fm^4 / MeV
e0_diagonal,gamma_1,28.0234014856,6.25491640303,7.09151504244,2.25729934603,nan,nan,fm^4 / MeV
e0_diagonal,gamma_1,28.1008141969,6.39172216815,6.90421399504,2.19767957095,nan,nan,fm^4 / MeV
e0_diagonal,gamma_1,28.1782269082,6.50623871915,6.68624449768,2.12829772505,nan,nan,fm^4 / MeV
e0_diagonal,gamma_1,28.2556396195,6.58960080867,6.44527451208,2.05159459636,nan,nan,fm^4 / MeV
e0_diagonal,gamma_1,28.3330523307,6.63696627455,6.19069100448,1.97055814903,nan,nan,fm^4 / MeV
e0_diagonal,gamma_1,28.410465042,6.64685957338,5.9314916019,1.8880524167,nan,nan,fm^4 / MeV
e0_diagonal,gamma_1,28.4878777533,6.61965693282,5.67541437353,1.80654050328,nan,nan,fm^4 / MeV
e0_diagonal,gamma_1,28.5652904646,6.55633762739,5.42940003329,1.72823170664,nan,nan,fm^4 / MeV
e0_diagonal,gamma_1,28.6427031759,6.45833062749,5.20068993198,1.65543102033,nan,nan,fm^4 / MeV
e0_diagonal,gamma_1,28.7201158872,6.32853963247,4.99750057078,1.59075383789,nan,nan,fm^4 / MeV
e0_diagonal,gamma_1,28.7975285985,6.17284394463,4.82846898392,1.53694941271,nan,nan,fm^4 / MeV
e0_diagonal,gamma_1,28.8749413097,6.00097799379,4.70079493428,1.4963095005,nan,nan,fm^4 / MeV
e0_diagonal,gamma_1,28.952354021,5.82591332315,4.61782186564,1.46989835247,nan,nan,fm^4 / MeV
e0_diagonal,gamma_1,29.0297667323,5.66160263354,4.57725399624,1.45698519858,nan,nan,fm^4 / MeV
e0_diagonal,gamma_1,29.1071794436,5.51981749368,4.57103945146,1.45500704754,nan,nan,fm^4 / MeV
e0_diagonal,gamma_1,29.1845921549,5.40735805901,4.58722182591,1.4601580573,nan,nan,fm^4 / MeV
e0_diagonal,gamma_1,29.2620048662,5.32483311695,4.61313726854,1.4684071989,nan,nan,fm^4 / MeV
e0_diagonal,gamma_1,29.3394175775,5.26752442974,4.63868723613,1.47654000617,nan,nan,fm^4 / MeV
e0_diagonal,gamma_1,29.4168302887,5.22790236342,4.65838773996,1.48281087131,nan,nan,fm^4 / MeV
e0_diagonal,gamma_1,29.494243,5.19863540203,4.67150293492,1.48698556752,nan,nan,fm^4 / MeV
e0_diagonal,gamma_1,29.5716557113,5.17480590285,4.68049670926,1.48984837481,nan,nan,fm^4 / MeV
e0_diagonal,gamma_1,29.6490684226,5.1545644119,4.68879257623,1.49248903128,nan,nan,fm^4 / MeV
e0_diagonal,gamma_1,29.7264811339,5.13833090206,4.69902392575,1.49574577098,nan,nan,fm^4 / MeV
e0_diagonal,gamma_1,29.8038938452,5.12739584379,4.71249836282,1.50003481751,nan,nan,fm^4 / MeV
e0_diagonal,gamma_1,29.8813065565,5.12297391247,4.72976867778,1.5055321295,nan,nan,fm^4 / MeV
e0_diagonal,gamma_1,29.9587192678,5.12631352954,4.75148949898,1.51244608162,nan,nan,fm^4 / MeV
e0_diagonal,gamma_2,0,-8.44330919117,0,0,nan,nan,fm^4 / MeV
e0_diagonal,gamma_2,0.0774127112862,-8.44425280505,0.00141263745545,0.000449656467665,nan,nan,fm^4 / MeV
e0_diagonal,gamma_2,0.154825422572,-8.44704632058,0.00311024383216,0.000990021360218,nan,nan,fm^4 / MeV
e0_diagonal,gamma_2,0.232238133859,-8.45158038539,0.00535609554483,0.00170489816326,nan,nan,fm^4 / MeV
e0_diagonal,gamma_2,0.309650845145,-8.45768245302,0.00837020307125,0.00266431838695,nan,nan,fm^4 / MeV
e0_diagonal,gamma_2,0.387063556431,-8.46513359983,0.0123100154867,0.0039183996285,nan,nan,fm^4 / MeV
e0_diagonal,gamma_2,0.464476267717,-8.4736934628,0.0172579194904,0.00549336638875,nan,nan,fm^4 / MeV
e0_diagonal,gamma_2,0.541888979003,-8.48312979569,0.0232204622431,0.00739130269374,nan,nan,fm^4 / MeV
e0_diagonal,gamma_2,0.619301690289,-8.49324565662,0.0301414945551,0.00959433570124,nan,nan,fm^4 / MeV
e0_diagonal,gamma_2,0.696714401576,-8.50389641681,0.0379263933041,0.012072345936,nan,nan,fm^4 / MeV
e0_diagonal,gamma_2,0.774127112862,-8.51499181252,0.0464697466201,0.0147917797576,nan,nan,fm^4 / MeV
e0_diagonal,gamma_2,0.851539824148,-8.52648409255,0.0556771918735,0.0177226006083,nan,nan,fm^4 / MeV
e0_diagonal,gamma_2,0.928952535434,-8.53834905266,0.0654748014156,0.0208412765865,nan,nan,fm^4 / MeV
e0_diagonal,gamma_2,1.00636524672,-8.55056928828,0.0758053841404,0.0241296031978,nan,nan,fm^4 / MeV
e0_diagonal,gamma_2,1.08377795801,-8.56312685111,0.086617235108,0.0275711222488,nan,nan,fm^4 / MeV
e0_diagonal,gamma_2,1.16119066929,-8.5760067722,0.0978539044821,0.0311478651983,nan,nan,fm^4 / MeV
e0_diagonal,gamma_2,1.23860338058,-8.5892067686,0.109451844507,0.0348396041675,nan,nan,fm^4 / MeV
e0_diagonal,gamma_2,1.31601609186,-8.60274530573,0.121347386007,0.0386260726286,nan,nan,fm^4 / MeV
e0_diagonal,gamma_2,1.39342880315,-8.61666174634,0.133488565171,0.0424907299865,nan,nan,fm^4 / MeV
e0_diagonal,gamma_2,1.47084151444,-8.63100754685,0.145844321231,0.0464236892915,nan,nan,fm^4 / MeV
e0_diagonal,gamma_2,1.54825422572,-8.64583318966,0.158405225274,0.050421949228,nan,nan,fm^4 / MeV
e0_diagonal,gamma_2,1.62566693701,-8.66117831951,0.17117512782,0.0544867354539,nan,nan,fm^4 / MeV
e0_diagonal,gamma_2,1.7030796483,-8.67707071453,0.184158733211,0.0586195454081,nan,nan,fm^4 / MeV
e0_diagonal,gamma_2,1.78049235958,-8.69353438396,0.197352690392,0.0628193124169,nan,nan,fm^4 / MeV
e0_diagonal,gamma_2,1.85790507087,-8.7106014884,0.210745727692,0.0670824485955,nan,nan,fm^4 / MeV
e0_diagonal,gamma_2,1.93531778215,-8.72832035309,0.224327861898,0.0714057761886,nan,nan,fm^4 / MeV
e0_diagonal,gamma_2,2.01273049344,-8.74675412406,0.238103096211,0.075790569455,nan,nan,fm^4 / MeV
e0_diagonal,gamma_2,2.09014320473,-8.76597028709,0.252097724578,0.0802451980176,nan,nan,fm^4 / MeV
e0_diagonal,gamma_2,2.16755591601,-8.78602692334,0.266358848467,0.0847846547396,nan,nan,fm^4 / MeV
e0_diagonal,gamma_2,2.2449686273,-8.80696375764,0.280943558209,0.0894271120375,nan,nan,fm^4 / MeV
e0_diagonal,gamma_2,2.32238133859,-8.82880336243,0.29590493038,0.0941894647105,nan,nan,fm^4 / MeV
e0_diagonal,gamma_2,2.39979404987,-8.85156185927,0.311283063021,0.0990844763613,nan,nan,fm^4 / MeV
e0_diagonal,gamma_2,2.47720676116,-8.87526271717,0.327106474383,0.104121224631,nan,nan,fm^4 / MeV
e0_diagonal,gamma_2,2.55461947244,-8.8999452947,0.343402995382,0.109308568375,nan,nan,fm^4 / MeV
e0_diagonal,gamma_2,2.63203218373,-8.92566288173,0.360213507776,0.114659520662,nan,nan,fm^4 / MeV
e0_diagonal,gamma_2,2.70944489502,-8.95247137149,0.37760006133,0.120193832545,nan,nan,fm^4 / MeV
e0_diagonal,gamma_2,2.7868576063,-8.98041550338,0.395643243774,0.125937155895,nan,nan,fm^4 / MeV
e0_diagonal,gamma_2,2.86427031759,-9.00952128663,0.414430247308,0.131917244852,nan,nan,fm^4 / MeV
e0_diagonal,gamma_2,2.94168302887,-9.03979962073,0.434040920325,0.138159515948,nan,nan,fm^4 / MeV
e0_diagonal,gamma_2,3.01909574016,-9.0712593447,0.454540604102,0.144684767957,nan,nan,fm^4 / MeV
e0_diagonal,gamma_2,3.09650845145,-9.1039220606,0.475984688127,0.151510631903,nan,nan,fm^4 / MeV
e0_diagonal,gamma_2,3.17392116273,-9.13782973269,0.498432805324,0.158656089533,nan,nan,fm^4 / MeV
e0_diagonal,gamma_2,3.25133387402,-9.17304021849,0.521964657617,0.166146510758,nan,nan,fm^4 / MeV
e0_diagonal,gamma_2,3.32874658531,-9.20961314366,0.546688299642,0.174016290437,nan,nan,fm^4 / MeV
e0_diagonal,gamma_2,3.40615929659,-9.24759450596,0.572736176482,0.182307587149,nan,nan,fm^4 / MeV
e0_diagonal,gamma_2,3.48357200788,-9.28700935564,0.600251728767,0.191066059465,nan,nan,fm^4 / MeV
e0_diagonal,gamma_2,3.56098471916,-9.32786708855,0.629375396729,0.2003364109,nan,nan,fm^4 / MeV
e0_diagonal,gamma_2,3.63839743045,-9.37017608501,0.660239595151,0.210160790387,nan,nan,fm^4 / MeV
e0_diagonal,gamma_2,3.71581014174,-9.41395836383,0.692977044658,0.220581444213,nan,nan,fm^4 / MeV
e0_diagonal,gamma_2,3.79322285302,-9.45925442894,0.727738730926,0.231646432613,nan,nan,fm^4 / MeV
e0_diagonal,gamma_2,3.87063556431,-9.5061140927,0.764711657183,0.243415280561,nan,nan,fm^4 / MeV
e0_diagonal,gamma_2,3.94804827559,-9.55457752354,0.804126351016,0.255961367269,nan,nan,fm^4 / MeV
e0_diagonal,gamma_2,4.02546098688,-9.60465692481,0.846250178367,0.269369797959,nan,nan,fm^4 / MeV
e0_diagonal,gamma_2,4.10287369817,-9.65632913957,0.891371398895,0.28373232853,nan,nan,fm^4 / MeV
e0_diagonal,gamma_2,4.18028640945,-9.70954284056,0.939785154878,0.299142905687,nan,nan,fm^4 / MeV
e0_diagonal,gamma_2,4.25769912074,-9.76423460206,0.991792173124,0.315697253745,nan,nan,fm^4 / MeV
e0_diagonal,gamma_2,4.33511183203,-9.82034174761,1.04771377934,0.333497653855,nan,nan,fm^4 / MeV
e0_diagonal,gamma_2,4.41252454331,-9.87780055713,1.10791699505,0.352660932597,nan,nan,fm^4 / MeV
e0_diagonal,gamma_2,4.4899372546,-9.93652611146,1.17283699703,0.373325611036,nan,nan,fm^4 / MeV
e0_diagonal,gamma_2,4.56734996588,-9.99638026712,1.24298528522,0.395654504666,nan,nan,fm^4 / MeV
e0_diagonal,gamma_2,4.64476267717,-10.0571406528,1.31894022282,0.419831712208,nan,nan,fm^4 / MeV
e0_diagonal,gamma_2,4.72217538846,-10.1184818485,1.40132725953,0.446056320486,nan,nan,fm^4 / MeV
e0_diagonal,gamma_2,4.79958809974,-10.1799706027,1.49080238253,0.474537136705,nan,nan,fm^4 / MeV
e0_diagonal,gamma_2,4.87700081103,-10.2410654901,1.58804971545,0.505491924178,nan,nan,fm^4 / MeV
e0_diagonal,gamma_2,4.95441352232,-10.3011050195,1.69379353618,0.539151227721,nan,nan,fm^4 / MeV
e0_diagonal,gamma_2,5.0318262336,-10.359271462,1.80881228102,0.575762831298,nan,nan,fm^4 / MeV
e0_diagonal,gamma_2,5.10923894489,-10.4145294148,1.93393505366,0.615590646817,nan,nan,fm^4 / MeV
e0_diagonal,gamma_2,5.18665165617,-10.4655517619,2.07000441391,0.658902869392,nan,nan,fm^4 / MeV
e0_diagonal,gamma_2,5.26406436746,-10.5106530177,2.21780110635,0.705948017741,nan,nan,fm^4 / MeV
e0_diagonal,gamma_2,5.34147707875,-10.547746517,2.37793942208,0.756921626794,nan,nan,fm^4 / MeV
e0_diagonal,gamma_2,5.41888979003,-10.5743301762,2.55074718539,0.811928046265,nan,nan,fm^4 / MeV
e0_diagonal,gamma_2,5.49630250132,-10.5874946117,2.73613761772,0.870939653681,nan,nan,fm^4 / MeV
e0_diagonal,gamma_2,5.5737152126,-10.5839475159,2.93346573919,0.933751145566,nan,nan,fm^4 / MeV
e0_diagonal,gamma_2,5.65112792389,-10.5600637785,3.14135121159,0.999923146625,nan,nan,fm^4 / MeV
e0_diagonal,gamma_2,5.72854063518,-10.5119958903,3.35745565547,1.06871132756,nan,nan,fm^4 / MeV
e0_diagonal,gamma_2,5.80595334646,-10.4358980954,3.5782314658,1.13898645062,nan,nan,fm^4 / MeV
e0_diagonal,gamma_2,5.88336605775,-10.3283126108,3.7987038693,1.20916499628,nan,nan,fm^4 / MeV
e0_diagonal,gamma_2,5.96077876904,-10.1867268859,4.01238854122,1.27718293988,nan,nan,fm^4 / MeV
e0_diagonal,gamma_2,6.03819148032,-10.0102431389,4.21145872921,1.34054894876,nan,nan,fm^4 / MeV
e0_diagonal,gamma_2,6.11560419161,-9.8002281092,4.38724099239,1.39650218095,nan,nan,fm^4 / MeV
e0_diagonal,gamma_2,6.19301690289,-9.56076413187,4.53103789044,1.4422741552,nan,nan,fm^4 / MeV
e0_diagonal,gamma_2,6.27042961418,-9.29872971848,4.63517133765,1.47542086093,nan,nan,fm^4 / MeV
e0_diagonal,gamma_2,6.34784232547,-9.02340791229,4.69404894235,1.49416218458,nan,nan,fm^4 / MeV
e0_diagonal,gamma_2,6.42525503675,-8.74563768135,4.70501496662,1.49765277852,nan,nan,fm^4 / MeV
e0_diagonal,gamma_2,6.50266774804,-8.47665032968,4.66877908996,1.48611854074,nan,nan,fm^4 / MeV
e0_diagonal,gamma_2,6.58008045932,-8.22682496833,4.58931492988,1.46082431299,nan,nan,fm^4 / MeV
e0_diagonal,gamma_2,6.65749317061,-8.00462092656,4.47325516603,1.42388134277,nan,nan,fm^4 / MeV
e0_diagonal,gamma_2,6.7349058819,-7.81589185225,4.32893572179,1.3779430369,nan,nan,fm^4 / MeV
e0_diagonal,gamma_2,6.81231859318,-7.66367590299,4.16531612947,1.32586130309,nan,nan,fm^4 / MeV
e0_diagonal,gamma_2,6.88973130447,-7.54842876194,3.99100545942,1.27037649355,nan,nan,fm^4 / MeV
e0_diagonal,gamma_2,6.96714401576,-7.4685647108,3.81355924785,1.21389361014,nan,nan,fm^4 / MeV
e0_diagonal,gamma_2,7.04455672704,-7.42112547324,3.63911228128,1.15836541606,nan,nan,fm^4 / MeV
e0_diagonal,gamma_2,7.12196943833,-7.40241275596,3.47231404276,1.10527188775,nan,nan,fm^4 / MeV
e0_diagonal,gamma_2,7.19938214961,-7.40848060651,3.31647029253,1.05566528135,nan,nan,fm^4 / MeV
e0_diagonal,gamma_2,7.2767948609,-7.4354569827,3.17377903778,1.01024524429,nan,nan,fm^4 / MeV
e0_diagonal,gamma_2,7.35420757219,-7.47972090264,3.04557426753,0.969436398463,nan,nan,fm^4 / MeV
e0_diagonal,gamma_2,7.43162028347,-7.53798623838,2.93253444826,0.933454706454,nan,nan,fm^4 / MeV
e0_diagonal,gamma_2,7.50903299476,-7.60733716965,2.83485117165,0.902361153797,nan,nan,fm^4 / MeV
e0_diagonal,gamma_2,7.58644570605,-7.68523805853,2.75237185044,0.87610717045,nan,nan,fm^4 / MeV
e0_diagonal,gamma_2,7.66385841733,-7.76951980243,2.68472807861,0.854575489137,nan,nan,fm^4 / MeV
e0_diagonal,gamma_2,7.74127112862,-7.85833707477,2.63144824932,0.837615992739,nan,nan,fm^4 / MeV
e0_diagonal,gamma_2,7.8186838399,-7.95009699337,2.59204240546,0.825072723065,nan,nan,fm^4 / MeV
e0_diagonal,gamma_2,7.89609655119,-8.04337161376,2.56604733128,0.816798233962,nan,nan,fm^4 / MeV
e0_diagonal,gamma_2,7.97350926248,-8.13681390578,2.55303000222,0.81265468943,nan,nan,fm^4 / MeV
e0_diagonal,gamma_2,8.05092197376,-8.22909376759,2.55256005881,0.812505101798,nan,nan,fm^4 / MeV
e0_diagonal,gamma_2,8.12833468505,-8.31885919596,2.5641680374,0.816200036141,nan,nan,fm^4 / MeV
e0_diagonal,gamma_2,8.20574739633,-8.40471595348,2.58730150373,0.823563647176,nan,nan,fm^4 / MeV
e0_diagonal,gamma_2,8.28316010762,-8.48521542335,2.62127930521,0.834379117296,nan,nan,fm^4 / MeV
e0_diagonal,gamma_2,8.36057281891,-8.55884812047,2.66523364635,0.848370218623,nan,nan,fm^4 / MeV
e0_diagonal,gamma_2,8.43798553019,-8.62405518684,2.71802937935,0.865175622387,nan,nan,fm^4 / MeV
e0_diagonal,gamma_2,8.51539824148,-8.67928227484,2.77816297349,0.884316739892,nan,nan,fm^4 / MeV
e0_diagonal,gamma_2,8.59281095277,-8.72309962713,2.84366514413,0.905166728372,nan,nan,fm^4 / MeV
e0_diagonal,gamma_2,8.67022366405,-8.75439480171,2.91205002047,0.926934310576,nan,nan,fm^4 / MeV
e0_diagonal,gamma_2,8.74763637534,-8.77261496409,2.98035832438,0.948677519022,nan,nan,fm^4 / MeV
e0_diagonal,gamma_2,8.82504908662,-8.77800571914,3.04532610484,0.969357405823,nan,nan,fm^4 / MeV
e0_diagonal,gamma_2,8.90246179791,-8.7717767145,3.1036769253,0.987931048844,nan,nan,fm^4 / MeV
e0_diagonal,gamma_2,8.9798745092,-8.75612995841,3.15249510156,1.00347035697,nan,nan,fm^4 / MeV
e0_diagonal,gamma_2,9.05728722048,-8.73411553109,3.189605366,1.01528292102,nan,nan,fm^4 / MeV
e0_diagonal,gamma_2,9.13469993177,-8.70932269186,3.21387243813,1.02300736999,nan,nan,fm^4 / MeV
e0_diagonal,gamma_2,9.21211264305,-8.68545834061,3.22534732092,1.02665993862,nan,nan,fm^4 / MeV
e0_diagonal,gamma_2,9.28952535434,-8.66589543379,3.22522174288,1.02661996589,nan,nan,fm^4 / MeV
e0_diagonal,gamma_2,9.36693806563,-8.65328235711,3.21559722292,1.02355638604,nan,nan,fm^4 / MeV
e0_diagonal,gamma_2,9.44435077691,-8.64928906715,3.19911745494,1.01831071297,nan,nan,fm^4 / MeV
e0_diagonal,gamma_2,9.5217634882,-8.65453276157,3.17854090634,1.01176099413,nan,nan,fm^4 / MeV
e0_diagonal,gamma_2,9.59917619949,-8.66868495221,3.15633869295,1.00469381011,nan,nan,fm^4 / MeV
e0_diagonal,gamma_2,9.67658891077,-8.69072388169,3.13439094652,0.997707625443,nan,nan,fm^4 / MeV
e0_diagonal,gamma_2,9.75400162206,-8.71926981505,3.11382797751,0.991162229116,nan,nan,fm^4 / MeV
e0_diagonal,gamma_2,9.83141433334,-8.75293056424,3.09502834154,0.985178119132,nan,nan,fm^4 / MeV
e0_diagonal,gamma_2,9.90882704463,-8.79059113245,3.07775286036,0.979679162682,nan,nan,fm^4 / MeV
e0_diagonal,gamma_2,9.98623975592,-8.83160134362,3.06136894132,0.974463999278,nan,nan,fm^4 / MeV
e0_diagonal,gamma_2,10.0636524672,-8.87584281803,3.04510785714,0.969287935422,nan,nan,fm^4 / MeV
e0_diagonal,gamma_2,10.1410651785,-8.92368447624,3.02830027634,0.963937916291,nan,nan,fm^4 / MeV
e0_diagonal,gamma_2,10.2184778898,-8.97585715793,3.01054995924,0.958287814876,nan,nan,fm^4 / MeV
e0_diagonal,gamma_2,10.2958906011,-9.03328839322,2.99182686368,0.95232806846,nan,nan,fm^4 / MeV
e0_diagonal,gamma_2,10.3733033123,-9.09693683059,2.97248225036,0.946170486794,nan,nan,fm^4 / MeV
e0_diagonal,gamma_2,10.4507160236,-9.16765500622,2.95320382144,0.940033972281,nan,nan,fm^4 / MeV
e0_diagonal,gamma_2,10.5281287349,-9.24609432421,2.93493532677,0.934218929821,nan,nan,fm^4 / MeV
e0_diagonal,gamma_2,10.6055414462,-9.33265299465,2.91878298729,0.929077480479,nan,nan,fm^4 / MeV
e0_diagonal,gamma_2,10.6829541575,-9.42746001385,2.90592411066,0.924984372921,nan,nan,fm^4 / MeV
e0_diagonal,gamma_2,10.7603668688,-9.53038657799,2.89752603343,0.922311181915,nan,nan,fm^4 / MeV
e0_diagonal,gamma_2,10.8377795801,-9.64107817396,2.8946793218,0.921405045459,nan,nan,fm^4 / MeV
e0_diagonal,gamma_2,10.9151922914,-9.75900243562,2.89834850635,0.922572983177,nan,nan,fm^4 / MeV
e0_diagonal,gamma_2,10.9926050026,-9.88350726688,2.90934442571,0.926073093019,nan,nan,fm^4 / MeV
e0_diagonal,gamma_2,11.0700177139,-10.0138808446,2.9283215273,0.932113692064,nan,nan,fm^4 / MeV
e0_diagonal,gamma_2,11.1474304252,-10.149402357,2.95579952461,0.940860210262,nan,nan,fm^4 / MeV
e0_diagonal,gamma_2,11.2248431365,-10.2893726864,2.9922025276,0.952447646001,nan,nan,fm^4 / MeV
e0_diagonal,gamma_2,11.3022558478,-10.4331190681,3.03790320157,0.966994622329,nan,nan,fm^4 / MeV
e0_diagonal,gamma_2,11.3796685591,-10.5799756037,3.0932579783,0.98461459501,nan,nan,fm^4 / MeV
e0_diagonal,gamma_2,11.4570812704,-10.7292487516,3.15862315163,1.00542097589,nan,nan,fm^4 / MeV
e0_diagonal,gamma_2,11.5344939816,-10.8801799086,3.23434904757,1.02952527721,nan,nan,fm^4 / MeV
e0_diagonal,gamma_2,11.6119066929,-11.0319146499,3.32075632233,1.057029567,nan,nan,fm^4 / MeV
e0_diagonal,gamma_2,11.6893194042,-11.1834822376,3.41810094969,1.08801532426,nan,nan,fm^4 / MeV
e0_diagonal,gamma_2,11.7667321155,-11.3337841416,3.52653152084,1.12252984702,nan,nan,fm^4 / MeV
e0_diagonal,gamma_2,11.8441448268,-11.4815905723,3.6460368328,1.16056956927,nan,nan,fm^4 / MeV
e0_diagonal,gamma_2,11.9215575381,-11.6255501802,3.77637861743,1.2020586479,nan,nan,fm^4 / MeV
e0_diagonal,gamma_2,11.9989702494,-11.7642264842,3.91700820801,1.24682243687,nan,nan,fm^4 / MeV
e0_diagonal,gamma_2,12.0763829606,-11.896178779,4.06697757583,1.29455916927,nan,nan,fm^4 / MeV
e0_diagonal,gamma_2,12.1537956719,-12.0200995844,4.22486991124,1.34481786059,nan,nan,fm^4 / MeV
e0_diagonal,gamma_2,12.2312083832,-12.135004024,4.38878470765,1.39699356078,nan,nan,fm^4 / MeV
e0_diagonal,gamma_2,12.3086210945,-12.2404439261,4.55640969256,1.45035025065,nan,nan,fm^4 / MeV
e0_diagonal,gamma_2,12.3860338058,-12.3367004391,4.72519445258,1.5040761084,nan,nan,fm^4 / MeV
e0_diagonal,gamma_2,12.4634465171,-12.4249030584,4.89261282321,1.5573670309,nan,nan,fm^4 / MeV
e0_diagonal,gamma_2,12.5408592284,-12.5070347522,5.05647323493,1.6095254199,nan,nan,fm^4 / MeV
e0_diagonal,gamma_2,12.6182719396,-12.585809285,5.21521939236,1.66005589121,nan,nan,fm^4 / MeV
e0_diagonal,gamma_2,12.6956846509,-12.6644382232,5.36816469313,1.70873989249,nan,nan,fm^4 / MeV
e0_diagonal,gamma_2,12.7730973622,-12.7463297498,5.51562176803,1.75567693721,nan,nan,fm^4 / MeV
e0_diagonal,gamma_2,12.8505100735,-12.8347710599,5.65891543959,1.8012887295,nan,nan,fm^4 / MeV
e0_diagonal,gamma_2,12.9279227848,-12.932639681,5.80029231156,1.84629038553,nan,nan,fm^4 / MeV
e0_diagonal,gamma_2,13.0053354961,-13.0421724902,5.94275472605,1.89163758047,nan,nan,fm^4 / MeV
e0_diagonal,gamma_2,13.0827482074,-13.1648036725,6.08984890053,1.93845911041,nan,nan,fm^4 / MeV
e0_diagonal,gamma_2,13.1601609186,-13.3010715558,6.2454310279,1.98798243966,nan,nan,fm^4 / MeV
e0_diagonal,gamma_2,13.2375736299,-13.4505908174,6.41342820139,2.04145760083,nan,nan,fm^4 / MeV
e0_diagonal,gamma_2,13.3149863412,-13.6120870735,6.59760840842,2.10008398157,nan,nan,fm^4 / MeV
e0_diagonal,gamma_2,13.3923990525,-13.7834894726,6.80137548455,2.16494505638,nan,nan,fm^4 / MeV
e0_diagonal,gamma_2,13.4698117638,-13.9620704884,7.02760604863,2.23695648149,nan,nan,fm^4 / MeV
e0_diagonal,gamma_2,13.5472244751,-14.1446130613,7.27854043832,2.31683137851,nan,nan,fm^4 / MeV
e0_diagonal,gamma_2,13.6246371864,-14.3275803746,7.55572695205,2.40506258614,nan,nan,fm^4 / MeV
e0_diagonal,gamma_2,13.7020498977,-14.5072694397,7.86000326964,2.50191674616,nan,nan,fm^4 / MeV
e0_diagonal,gamma_2,13.7794626089,-14.6799471604,8.19149046501,2.60743239759,nan,nan,fm^4 / MeV
e0_diagonal,gamma_2,13.8568753202,-14.8419892488,8.54958225547,2.72141655466,nan,nan,fm^4 / MeV
e0_diagonal,gamma_2,13.9342880315,-14.9900550072,8.9329363407,2.8434419499,nan,nan,fm^4 / MeV
e0_diagonal,gamma_2,14.0117007428,-15.1213223578,9.33950657077,2.97285727355,nan,nan,fm^4 / MeV
e0_diagonal,gamma_2,14.0891134541,-15.2337742754,9.76667703236,3.10882985457,nan,nan,fm^4 / MeV
e0_diagonal,gamma_2,14.1665261654,-15.3264798622,10.2115548073,3.25043884848,nan,nan,fm^4 / MeV
e0_diagonal,gamma_2,14.2439388767,-15.3997714979,10.6714396175,3.39682473008,nan,nan,fm^4 / MeV
e0_diagonal,gamma_2,14.3213515879,-15.455206804,11.1444239739,3.54738032671,nan,nan,fm^4 / MeV
e0_diagonal,gamma_2,14.3987642992,-15.495234549,11.6300093911,3.70194696558,nan,nan,fm^4 / MeV
e0_diagonal,gamma_2,14.4761770105,-15.5225538805,12.1295810505,3.86096556363,nan,nan,fm^4 / MeV
e0_diagonal,gamma_2,14.5535897218,-15.5392453675,12.6465866092,4.02553354419,nan,nan,fm^4 / MeV
e0_diagonal,gamma_2,14.6310024331,-15.5458292252,13.1863192705,4.19733578619,nan,nan,fm^4 / MeV
e0_diagonal,gamma_2,14.7084151444,-15.5404425609,13.7552953785,4.37844650637,nan,nan,fm^4 / MeV
e0_diagonal,gamma_2,14.7858278557,-15.518310042,14.3603133026,4.57102969292,nan,nan,fm^4 / MeV
e0_diagonal,gamma_2,14.8632405669,-15.471617658,15.0073520288,4.7769885162,nan,nan,fm^4 / MeV
e0_diagonal,gamma_2,14.9406532782,-15.3898102756,15.7004941824,4.99762251624,nan,nan,fm^4 / MeV
e0_diagonal,gamma_2,15.0180659895,-15.2602495319,16.4410364785,5.23334445022,nan,nan,fm^4 / MeV
e0_diagonal,gamma_2,15.0954787008,-15.0691123568,17.2268946689,5.48349088137,nan,nan,fm^4 / MeV
e0_diagonal,gamma_2,15.1728914121,-14.8023914181,18.0523421309,5.74623896904,nan,nan,fm^4 / MeV
e0_diagonal,gamma_2,15.2503041234,-14.4468723343,18.9080615426,6.01862291757,nan,nan,fm^4 / MeV
e0_diagonal,gamma_2,15.3277168347,-13.9909957428,19.7814488518,6.29663073257,nan,nan,fm^4 / MeV
e0_diagonal,gamma_2,15.4051295459,-13.425552337,20.6570893544,6.57535576128,nan,nan,fm^4 / MeV
e0_diagonal,gamma_2,15.4825422572,-12.744198005,21.5173232813,6.84917672465,nan,nan,fm^4 / MeV
e0_diagonal,gamma_2,15.5599549685,-11.9438113773,22.3428295476,7.11194353033,nan,nan,fm^4 / MeV
e0_diagonal,gamma_2,15.6373676798,-11.0247450842,23.1131812351,7.35715408828,nan,nan,fm^4 / MeV
e0_diagonal,gamma_2,15.7147803911,-9.99103850105,23.8073657459,7.5781198809,nan,nan,fm^4 / MeV
e0_diagonal,gamma_2,15.7921931024,-8.85065312806,24.4043120484,7.76813379051,nan,nan,fm^4 / MeV
e0_diagonal,gamma_2,15.8696058137,-7.61575282534,24.883512989,7.92066818737,nan,nan,fm^4 / MeV
e0_diagonal,gamma_2,15.947018525,-6.30298096166,25.2258499139,8.02963741498,nan,nan,fm^4 / MeV
e0_diagonal,gamma_2,16.0244312362,-4.93360300184,25.4146979987,8.08974962735,nan,nan,fm^4 / MeV
e0_diagonal,gamma_2,16.1018439475,-3.53331930941,25.4373053982,8.09694578613,nan,nan,fm^4 / MeV
e0_diagonal,gamma_2,16.1792566588,-2.1315462196,25.2863130329,8.0488834235,nan,nan,fm^4 / MeV
e0_diagonal,gamma_2,16.2566693701,-0.760037696436,24.9611542969,7.94538218327,nan,nan,fm^4 / MeV
e0_diagonal,gamma_2,16.3340820814,0.549129623782,24.4689974523,7.78872379409,nan,nan,fm^4 / MeV
e0_diagonal,gamma_2,16.4114947927,1.76599686332,23.824911718,7.58370493729,nan,nan,fm^4 / MeV
e0_diagonal,gamma_2,16.488907504,2.86521341679,23.0510652526,7.33738195697,nan,nan,fm^4 / MeV
e0_diagonal,gamma_2,16.5663202152,3.82812490466,22.1749728921,7.05851309742,nan,nan,fm^4 / MeV
e0_diagonal,gamma_2,16.6437329265,4.64405353085,21.2270421548,6.7567773723,nan,nan,fm^4 / MeV
e0_diagonal,gamma_2,16.7211456378,5.31053322199,20.2378425911,6.44190537179,nan,nan,fm^4 / MeV
e0_diagonal,gamma_2,16.7985583491,5.83250024403,19.2355862224,6.12287726111,nan,nan,fm^4 / MeV
e0_diagonal,gamma_2,16.8759710604,6.22067383068,18.2442349331,5.80732034508,nan,nan,fm^4 / MeV
e0_diagonal,gamma_2,16.9533837717,6.48951757403,17.2824711031,5.5011814098,nan,nan,fm^4 / MeV
e0_diagonal,gamma_2,17.030796483,6.65520780424,16.3635436902,5.20867772959,nan,nan,fm^4 / MeV
e0_diagonal,gamma_2,17.1082091942,6.7339517691,15.4958074511,4.93246870608,nan,nan,fm^4 / MeV
e0_diagonal,gamma_2,17.1856219055,6.74083896206,14.6836640794,4.67395544189,nan,nan,fm^4 / MeV
e0_diagonal,gamma_2,17.2630346168,6.68923701099,13.928609433,4.43361408331,nan,nan,fm^4 / MeV
e0_diagonal,gamma_2,17.3404473281,6.59061656019,13.2301694586,4.21129373456,nan,nan,fm^4 / MeV
e0_diagonal,gamma_2,17.4178600394,6.45463750719,12.5866219393,4.00644619694,nan,nan,fm^4 / MeV
e0_diagonal,gamma_2,17.4952727507,6.28934716954,11.9955021042,3.81828690949,nan,nan,fm^4 / MeV
e0_diagonal,gamma_2,17.572685462,6.10139890253,11.4539458236,3.64590419147,nan,nan,fm^4 / MeV
e0_diagonal,gamma_2,17.6500981732,5.89625938987,10.958930409,3.48833589118,nan,nan,fm^4 / MeV
e0_diagonal,gamma_2,17.7275108845,5.67840740679,10.5074486728,3.34462479113,nan,nan,fm^4 / MeV
e0_diagonal,gamma_2,17.8049235958,5.45153036702,10.0966241105,3.21385527146,nan,nan,fm^4 / MeV
e0_diagonal,gamma_2,17.8823363071,5.21871013268,9.72376379211,3.09517014594,nan,nan,fm^4 / MeV
e0_diagonal,gamma_2,17.9597490184,4.98257640781,9.38635451605,2.98776943769,nan,nan,fm^4 / MeV
e0_diagonal,gamma_2,18.0371617297,4.74540864306,9.08202578463,2.89089859383,nan,nan,fm^4 / MeV
e0_diagonal,gamma_2,18.114574441,4.50918618847,8.80851366159,2.80383698107,nan,nan,fm^4 / MeV
e0_diagonal,gamma_2,18.1919871523,4.27560953046,8.56365203582,2.72589510484,nan,nan,fm^4 / MeV
e0_diagonal,gamma_2,18.2693998635,4.04612719838,8.34539432864,2.65642151891,nan,nan,fm^4 / MeV
e0_diagonal,gamma_2,18.3468125748,3.82199425053,8.15184238612,2.59481202211,nan,nan,fm^4 / MeV
e0_diagonal,gamma_2,18.4242252861,3.60436249363,7.98124613484,2.54050954878,nan,nan,fm^4 / MeV
e0_diagonal,gamma_2,18.5016379974,3.39437374377,7.83194654531,2.49298601344,nan,nan,fm^4 / MeV
e0_diagonal,gamma_2,18.5790507087,3.19321207639,7.7022620671,2.45170616194,nan,nan,fm^4 / MeV
e0_diagonal,gamma_2,18.65646342,3.00207878125,7.59035078847,2.41608369557,nan,nan,fm^4 / MeV
e0_diagonal,gamma_2,18.7338761313,2.82208187265,7.49410008884,2.38544614633,nan,nan,fm^4 / MeV
e0_diagonal,gamma_2,18.8112888425,2.6540668564,7.4110919351,2.35902383036,nan,nan,fm^4 / MeV
e0_diagonal,gamma_2,18.8887015538,2.49843999442,7.33866673139,2.33597017201,nan,nan,fm^4 / MeV
e0_diagonal,gamma_2,18.9661142651,2.3550382403,7.27407417587,2.31540972301,nan,nan,fm^4 / MeV
e0_diagonal,gamma_2,19.0435269764,2.22308143905,7.2146722099,2.29650148999,nan,nan,fm^4 / MeV
e0_diagonal,gamma_2,19.1209396877,2.10121300499,7.15812629409,2.27850236596,nan,nan,fm^4 / MeV
e0_diagonal,gamma_2,19.198352399,1.98760997877,7.10257185901,2.26081884005,nan,nan,fm^4 / MeV
e0_diagonal,gamma_2,19.2757651103,1.8801328344,7.04672379798,2.2430418501,nan,nan,fm^4 / MeV
e0_diagonal,gamma_2,19.3531778215,1.77649081195,6.98993520754,2.22496548034,nan,nan,fm^4 / MeV
e0_diagonal,gamma_2,19.4305905328,1.67441184154,6.9322139363,2.20659222907,nan,nan,fm^4 / MeV
e0_diagonal,gamma_2,19.5080032441,1.57181568804,6.87419947904,2.18812565378,nan,nan,fm^4 / MeV
e0_diagonal,gamma_2,19.5854159554,1.46698704944,6.81709243203,2.16994791614,nan,nan,fm^4 / MeV
e0_diagonal,gamma_2,19.6628286667,1.35873295043,6.76252514731,2.15257860996,nan,nan,fm^4 / MeV
e0_diagonal,gamma_2,19.740241378,1.24649497127,6.71237211816,2.13661440496,nan,nan,fm^4 / MeV
e0_diagonal,gamma_2,19.8176540893,1.13038324227,6.66851975116,2.12265576301,nan,nan,fm^4 / MeV
e0_diagonal,gamma_2,19.8950668005,1.01111251209,6.6326370178,2.11123393424,nan,nan,fm^4 / MeV
e0_diagonal,gamma_2,19.9724795118,0.889848209485,6.60599800667,2.10275447363,nan,nan,fm^4 / MeV
e0_diagonal,gamma_2,20.0498922231,0.768000625049,6.58939665217,2.09747009837,nan,nan,fm^4 / MeV
e0_diagonal,gamma_2,20.1273049344,0.647023481833,6.58316505585,2.09548651966,nan,nan,fm^4 / MeV
e0_diagonal,gamma_2,20.2047176457,0.528269437318,6.587271731,2.09679371496,nan,nan,fm^4 / MeV
e0_diagonal,gamma_2,20.282130357,0.412930064508,6.6014506278,2.10130699798,nan,nan,fm^4 / MeV
e0_diagonal,gamma_2,20.3595430683,0.302052714814,6.62530760319,2.1089009091,nan,nan,fm^4 / MeV
e0_diagonal,gamma_2,20.4369557796,0.196597526453,6.65836950971,2.11942484081,nan,nan,fm^4 / MeV
e0_diagonal,gamma_2,20.5143684908,0.0974877241453,6.70007270348,2.13269937967,nan,nan,fm^4 / MeV
e0_diagonal,gamma_2,20.5917812021,0.00561859596342,6.74971688983,2.14850161497,nan,nan,fm^4 / MeV
e0_diagonal,gamma_2,20.6691939134,-0.0781826537158,6.80642322557,2.16655180225,nan,nan,fm^4 / MeV
e0_diagonal,gamma_2,20.7466066247,-0.153227146309,6.86912772911,2.18651126563,nan,nan,fm^4 / MeV
e0_diagonal,gamma_2,20.824019336,-0.219032358001,6.93661849038,2.20799424217,nan,nan,fm^4 / MeV
e0_diagonal,gamma_2,20.9014320473,-0.275361462293,7.0076013196,2.23058877846,nan,nan,fm^4 / MeV
e0_diagonal,gamma_2,20.9788447586,-0.322227432789,7.08076654953,2.25387799447,nan,nan,fm^4 / MeV
e0_diagonal,gamma_2,21.0562574698,-0.359876839094,7.15483567143,2.27745492824,nan,nan,fm^4 / MeV
e0_diagonal,gamma_2,21.1336701811,-0.388778337682,7.2285860007,2.30093038715,nan,nan,fm^4 / MeV
e0_diagonal,gamma_2,21.2110828924,-0.409633205793,7.30087254312,2.32393990824,nan,nan,fm^4 / MeV
e0_diagonal,gamma_2,21.2884956037,-0.423403736761,7.37067550105,2.34615887984,nan,nan,fm^4 / MeV
e0_diagonal,gamma_2,21.365908315,-0.431331927283,7.43719241661,2.36733187166,nan,nan,fm^4 / MeV
e0_diagonal,gamma_2,21.4433210263,-0.434909493586,7.49996892043,2.38731425344,nan,nan,fm^4 / MeV
e0_diagonal,gamma_2,21.5207337376,-0.435769191952,7.55903336599,2.40611505039,nan,nan,fm^4 / MeV
e0_diagonal,gamma_2,21.5981464488,-0.435494949854,7.6149831021,2.42392440452,nan,nan,fm^4 / MeV
e0_diagonal,gamma_2,21.6755591601,-0.43538314332,7.66897405133,2.44111025743,nan,nan,fm^4 / MeV
e0_diagonal,gamma_2,21.7529718714,-0.436213928294,7.72259115159,2.45817711051,nan,nan,fm^4 / MeV
e0_diagonal,gamma_2,21.8303845827,-0.438097402094,7.77761540648,2.47569187482,nan,nan,fm^4 / MeV
e0_diagonal,gamma_2,21.907797294,-0.440441022014,7.83573832819,2.49419297541,nan,nan,fm^4 / MeV
e0_diagonal,gamma_2,21.9852100053,-0.442049097436,7.89829226854,2.51410451305,nan,nan,fm^4 / MeV
e0_diagonal,gamma_2,22.0626227166,-0.441326405952,7.9660588777,2.53567529469,nan,nan,fm^4 / MeV
e0_diagonal,gamma_2,22.1400354278,-0.436530908805,8.03919120214,2.55895403656,nan,nan,fm^4 / MeV
e0_diagonal,gamma_2,22.2174481391,-0.42601433578,8.1172493165,2.58380070606,nan,nan,fm^4 / MeV
e0_diagonal,gamma_2,22.2948608504,-0.40840408268,8.19931907657,2.60992432205,nan,nan,fm^4 / MeV
e0_diagonal,gamma_2,22.3722735617,-0.382707001874,8.28416918383,2.63693295003,nan,nan,fm^4 / MeV
e0_diagonal,gamma_2,22.449686273,-0.348342767752,8.37040612293,2.6643830203,nan,nan,fm^4 / MeV
e0_diagonal,gamma_2,22.5270989843,-0.305130693265,8.45660434475,2.69182076648,nan,nan,fm^4 / MeV
e0_diagonal,gamma_2,22.6045116956,-0.253254414507,8.5414099222,2.71881522018,nan,nan,fm^4 / MeV
e0_diagonal,gamma_2,22.6819244068,-0.193216585201,8.62362934508,2.74498647532,nan,nan,fm^4 / MeV
e0_diagonal,gamma_2,22.7593371181,-0.125779145306,8.70231522458,2.77003296867,nan,nan,fm^4 / MeV
e0_diagonal,gamma_2,22.8367498294,-0.0518738634331,8.77684837167,2.79375760624,nan,nan,fm^4 / MeV
e0_diagonal,gamma_2,22.9141625407,0.0275303046284,8.84699803631,2.81608693801,nan,nan,fm^4 / MeV
e0_diagonal,gamma_2,22.991575252,0.111601007976,8.91292896014,2.83707340287,nan,nan,fm^4 / MeV
e0_diagonal,gamma_2,23.0689879633,0.199831833944,8.97512380668,2.85687063739,nan,nan,fm^4 / MeV
e0_diagonal,gamma_2,23.1464006746,0.292199832368,9.03420592652,2.87567706023,nan,nan,fm^4 / MeV
e0_diagonal,gamma_2,23.2238133859,0.389234409917,9.0906769774,2.89365235401,nan,nan,fm^4 / MeV
e0_diagonal,gamma_2,23.3012260971,0.491950419215,9.14461743011,2.91082213337,nan,nan,fm^4 / MeV
e0_diagonal,gamma_2,23.3786388084,0.601627363161,9.19542337289,2.92699416724,nan,nan,fm^4 / MeV
e0_diagonal,gamma_2,23.4560515197,0.71945829608,9.24165958679,2.94171161122,nan,nan,fm^4 / MeV
e0_diagonal,gamma_2,23.533464231,0.846133958286,9.28109130472,2.95426311687,nan,nan,fm^4 / MeV
e0_diagonal,gamma_2,23.6108769423,0.981456141729,9.31091785865,2.96375720385,nan,nan,fm^4 / MeV
e0_diagonal,gamma_2,23.6882896536,1.12407864863,9.32818062009,2.96925211148,nan,nan,fm^4 / MeV
e0_diagonal,gamma_2,23.7657023649,1.27145098226,9.33026999125,2.96991717898,nan,nan,fm^4 / MeV
e0_diagonal,gamma_2,23.8431150761,1.41999440019,9.3154263793,2.96519231055,nan,nan,fm^4 / MeV
e0_diagonal,gamma_2,23.9205277874,1.56548489718,9.28312763933,2.9549113023,nan,nan,fm^4 / MeV
e0_diagonal,gamma_2,23.9979404987,1.70356912407,9.23428139456,2.93936305969,nan,nan,fm^4 / MeV
e0_diagonal,gamma_2,24.07535321,1.8303111124,9.17118689744,2.9192794575,nan,nan,fm^4 / MeV
e0_diagonal,gamma_2,24.1527659213,1.94266697905,9.09728345166,2.89575526008,nan,nan,fm^4 / MeV
e0_diagonal,gamma_2,24.2301786326,2.03880943481,9.0167455738,2.87011925734,nan,nan,fm^4 / MeV
e0_diagonal,gamma_2,24.3075913439,2.11826397555,8.93400806894,2.84378309159,nan,nan,fm^4 / MeV
e0_diagonal,gamma_2,24.3850040551,2.18186050719,8.85330390165,2.81809415728,nan,nan,fm^4 / MeV
e0_diagonal,gamma_2,24.4624167664,2.23153594459,8.77827909076,2.79421301827,nan,nan,fm^4 / MeV
e0_diagonal,gamma_2,24.5398294777,2.27003898634,8.71172179291,2.77302717237,nan,nan,fm^4 / MeV
e0_diagonal,gamma_2,24.617242189,2.30058889553,8.65541747473,2.75510495125,nan,nan,fm^4 / MeV
e0_diagonal,gamma_2,24.6946549003,2.32653195387,8.61012481317,2.74068784931,nan,nan,fm^4 / MeV
e0_diagonal,gamma_2,24.7720676116,2.35102964114,8.57565811016,2.729716757,nan,nan,fm^4 / MeV
e0_diagonal,gamma_2,24.8494803229,2.37680594825,8.5510574774,2.72188613238,nan,nan,fm^4 / MeV
e0_diagonal,gamma_2,24.9268930341,2.40597717323,8.53482280337,2.71671847514,nan,nan,fm^4 / MeV
e0_diagonal,gamma_2,25.0043057454,2.43998194947,8.52517930531,2.71364885437,nan,nan,fm^4 / MeV
e0_diagonal,gamma_2,25.0817184567,2.47961761533,8.52033366464,2.71210643904,nan,nan,fm^4 / MeV
e0_diagonal,gamma_2,25.159131168,2.52517019199,8.5186762422,2.71157886509,nan,nan,fm^4 / MeV
e0_diagonal,gamma_2,25.2365438793,2.57660327938,8.51889257721,2.71164772666,nan,nan,fm^4 / MeV
e0_diagonal,gamma_2,25.3139565906,2.63375431216,8.5199681823,2.7119901024,nan,nan,fm^4 / MeV
e0_diagonal,gamma_2,25.3913693019,2.69648337983,8.52110014479,2.71235041725,nan,nan,fm^4 / MeV
e0_diagonal,gamma_2,25.4687820132,2.76473448675,8.52155742144,2.71249597293,nan,nan,fm^4 / MeV
e0_diagonal,gamma_2,25.5461947244,2.8384987265,8.52054770418,2.71217456994,nan,nan,fm^4 / MeV
e0_diagonal,gamma_2,25.6236074357,2.91770344378,8.51714480709,2.71109139415,nan,nan,fm^4 / MeV
e0_diagonal,gamma_2,25.701020147,3.00207795009,8.51030681933,2.70891479505,nan,nan,fm^4 / MeV
e0_diagonal,gamma_2,25.7784328583,3.09105407166,8.49898021161,2.70530942384,nan,nan,fm^4 / MeV
e0_diagonal,gamma_2,25.8558455696,3.18374535879,8.4822522053,2.69998473405,nan,nan,fm^4 / MeV
e0_diagonal,gamma_2,25.9332582809,3.27901786068,8.45949597634,2.6927412014,nan,nan,fm^4 / MeV
e0_diagonal,gamma_2,26.0106709922,3.37563048027,8.43045746701,2.6834979568,nan,nan,fm^4 / MeV
e0_diagonal,gamma_2,26.0880837034,3.47239808828,8.39525640055,2.67229310934,nan,nan,fm^4 / MeV
e0_diagonal,gamma_2,26.1654964147,3.5683253256,8.35430716506,2.65925856285,nan,nan,fm^4 / MeV
e0_diagonal,gamma_2,26.242909126,3.6626744236,8.30819372135,2.64458019784,nan,nan,fm^4 / MeV
e0_diagonal,gamma_2,26.3203218373,3.75495883834,8.25754531022,2.62845830785,nan,nan,fm^4 / MeV
e0_diagonal,gamma_2,26.3977345486,3.84488338336,8.20295247641,2.61108086914,nan,nan,fm^4 / MeV
e0_diagonal,gamma_2,26.4751472599,3.93226882813,8.14494041988,2.59261505802,nan,nan,fm^4 / MeV
e0_diagonal,gamma_2,26.5525599712,4.01699833825,8.08398972628,2.57321384968,nan,nan,fm^4 / MeV
e0_diagonal,gamma_2,26.6299726824,4.09900652565,8.02057504106,2.55302832845,nan,nan,fm^4 / MeV
e0_diagonal,gamma_2,26.7073853937,4.17830790226,7.95518801949,2.53221499305,nan,nan,fm^4 / MeV
e0_diagonal,gamma_2,26.784798105,4.25504138817,7.88832243863,2.51093101762,nan,nan,fm^4 / MeV
e0_diagonal,gamma_2,26.8622108163,4.32949986868,7.8204202399,2.48931707647,nan,nan,fm^4 / MeV
e0_diagonal,gamma_2,26.9396235276,4.40212109361,7.75179738653,2.46747374383,nan,nan,fm^4 / MeV
e0_diagonal,gamma_2,27.0170362389,4.47343409836,7.68257876409,2.445440772,nan,nan,fm^4 / MeV
e0_diagonal,gamma_2,27.0944489502,4.54397502263,7.61266793387,2.42318746359,nan,nan,fm^4 / MeV
e0_diagonal,gamma_2,27.1718616614,4.61419874444,7.54176281748,2.40061766406,nan,nan,fm^4 / MeV
e0_diagonal,gamma_2,27.2492743727,4.68441299618,7.46940969035,2.37758694839,nan,nan,fm^4 / MeV
e0_diagonal,gamma_2,27.326687084,4.75475030708,7.39507381133,2.3539251032,nan,nan,fm^4 / MeV
e0_diagonal,gamma_2,27.4040997953,4.82517607849,7.31820156923,2.32945590857,nan,nan,fm^4 / MeV
e0_diagonal,gamma_2,27.4815125066,4.89551637672,7.23825699141,2.30400875911,nan,nan,fm^4 / MeV
e0_diagonal,gamma_2,27.5589252179,4.96548309097,7.15473047327,2.27742144262,nan,nan,fm^4 / MeV
e0_diagonal,gamma_2,27.6363379292,5.03467907584,7.0671324108,2.24953811333,nan,nan,fm^4 / MeV
e0_diagonal,gamma_2,27.7137506405,5.10257889698,6.974992346,2.22020901979,nan,nan,fm^4 / MeV
e0_diagonal,gamma_2,27.7911633517,5.16849554913,6.87788204093,2.18929784963,nan,nan,fm^4 / MeV
e0_diagonal,gamma_2,27.868576063,5.23155335785,6.77547002705,2.15669909315,nan,nan,fm^4 / MeV
e0_diagonal,gamma_2,27.9459887743,5.29068813443,6.66760077911,2.12236324512,nan,nan,fm^4 / MeV
e0_diagonal,gamma_2,28.0234014856,5.3446876288,6.55438004413,2.08632396585,nan,nan,fm^4 / MeV
e0_diagonal,gamma_2,28.1008141969,5.3922723136,6.43624361681,2.04871997312,nan,nan,fm^4 / MeV
e0_diagonal,gamma_2,28.1782269082,5.43220416284,6.31399102608,2.00980576488,nan,nan,fm^4 / MeV
e0_diagonal,gamma_2,28.2556396195,5.46340407482,6.18877555594,1.96994844283,nan,nan,fm^4 / MeV
e0_diagonal,gamma_2,28.3330523307,5.48505873382,6.06205305874,1.92961141917,nan,nan,fm^4 / MeV
e0_diagonal,gamma_2,28.410465042,5.49670344965,5.93549973268,1.88932824435,nan,nan,fm^4 / MeV
e0_diagonal,gamma_2,28.4878777533,5.49827511878,5.81091133971,1.84967052717,nan,nan,fm^4 / MeV
e0_diagonal,gamma_2,28.5652904646,5.49013511176,5.69009413982,1.81121321802,nan,nan,fm^4 / MeV
e0_diagonal,gamma_2,28.6427031759,5.47306368308,5.57475412305,1.77449935041,nan,nan,fm^4 / MeV
e0_diagonal,gamma_2,28.7201158872,5.44822617713,5.46638915698,1.74000571039,nan,nan,fm^4 / MeV
e0_diagonal,gamma_2,28.7975285985,5.41710960885,5.36618999195,1.70811132558,nan,nan,fm^4 / MeV
e0_diagonal,gamma_2,28.8749413097,5.38142909986,5.27495970409,1.67907182303,nan,nan,fm^4 / MeV
e0_diagonal,gamma_2,28.952354021,5.34300848854,5.19306417448,1.65300366632,nan,nan,fm^4 / MeV
e0_diagonal,gamma_2,29.0297667323,5.30364697023,5.12042541743,1.62988203184,nan,nan,fm^4 / MeV
e0_diagonal,gamma_2,29.1071794436,5.26499052934,5.05656344652,1.60955413514,nan,nan,fm^4 / MeV
e0_diagonal,gamma_2,29.1845921549,5.22842945947,5.00068209376,1.59176654811,nan,nan,fm^4 / MeV
e0_diagonal,gamma_2,29.2620048662,5.19503926925,4.95178333697,1.5762015904,nan,nan,fm^4 / MeV
e0_diagonal,gamma_2,29.3394175775,5.16557242002,4.90878753669,1.56251560211,nan,nan,fm^4 / MeV
e0_diagonal,gamma_2,29.4168302887,5.14049598369,4.87063648989,1.55037174674,nan,nan,fm^4 / MeV
e0_diagonal,gamma_2,29.494243,5.12005993113,4.83636253237,1.53946200722,nan,nan,fm^4 / MeV
e0_diagonal,gamma_2,29.5716557113,5.10437588465,4.80511738801,1.52951636888,nan,nan,fm^4 / MeV
e0_diagonal,gamma_2,29.6490684226,5.09348776282,4.77616491409,1.5203005102,nan,nan,fm^4 / MeV
e0_diagonal,gamma_2,29.7264811339,5.08742198098,4.74884874949,1.51160550496,nan,nan,fm^4 / MeV
e0_diagonal,gamma_2,29.8038938452,5.08621231047,4.72254776904,1.50323364286,nan,nan,fm^4 / MeV
e0_diagonal,gamma_2,29.8813065565,5.08990004205,4.69663038728,1.49498388402,nan,nan,fm^4 / MeV
e0_diagonal,gamma_2,29.9587192678,5.09851258362,4.67041584241,1.48663953523,nan,nan,fm^4 / MeV
e0_diagonal,cosine_6,0,-8.28787232682,0,0,nan,nan,fm^4 / MeV
e0_diagonal,cosine_6,0.0774127112862,-8.29426164668,-0.0504995860025,-0.0160745174728,nan,nan,fm^4 / MeV
e0_diagonal,cosine_6,0.154825422572,-8.3128538175,-0.0975756371599,-0.0310592899587,nan,nan,fm^4 / MeV
e0_diagonal,cosine_6,0.232238133859,-8.34200566117,-0.138219145105,-0.0439965203469,nan,nan,fm^4 / MeV
e0_diagonal,cosine_6,0.309650845145,-8.37924338416,-0.170180850633,-0.0541702471956,nan,nan,fm^4 / MeV
e0_diagonal,cosine_6,0.387063556431,-8.42160805529,-0.192192015225,-0.0611766184916,nan,nan,fm^4 / MeV
e0_diagonal,cosine_6,0.464476267717,-8.46604741055,-0.204030585842,-0.0649449525574,nan,nan,fm^4 / MeV
e0_diagonal,cosine_6,0.541888979003,-8.50978645482,-0.206432647223,-0.0657095524422,nan,nan,fm^4 / MeV
e0_diagonal,cosine_6,0.619301690289,-8.55061803351,-0.200877415477,-0.0639412672575,nan,nan,fm^4 / MeV
e0_diagonal,cosine_6,0.696714401576,-8.58707440157,-0.189294665898,-0.0602543635572,nan,nan,fm^4 / MeV
e0_diagonal,cosine_6,0.774127112862,-8.61846671602,-0.173752527504,-0.0553071472538,nan,nan,fm^4 / MeV
e0_diagonal,cosine_6,0.851539824148,-8.64480521289,-0.156180092404,-0.0497136674374,nan,nan,fm^4 / MeV
e0_diagonal,cosine_6,0.928952535434,-8.66663304643,-0.138165307317,-0.0439793832466,nan,nan,fm^4 / MeV
e0_diagonal,cosine_6,1.00636524672,-8.68481766212,-0.120848363635,-0.038467228874,nan,nan,fm^4 / MeV
e0_diagonal,cosine_6,1.08377795801,-8.70034399727,-0.104909463023,-0.0333937192346,nan,nan,fm^4 / MeV
e0_diagonal,cosine_6,1.16119066929,-8.71414515355,-0.0906321846354,-0.0288491203759,nan,nan,fm^4 / MeV
e0_diagonal,cosine_6,1.23860338058,-8.72699175454,-0.0780129862278,-0.024832304767,nan,nan,fm^4 / MeV
e0_diagonal,cosine_6,1.31601609186,-8.73944511761,-0.0668848081264,-0.0212900956621,nan,nan,fm^4 / MeV
e0_diagonal,cosine_6,1.39342880315,-8.7518654788,-0.0570274171833,-0.018152390673,nan,nan,fm^4 / MeV
e0_diagonal,cosine_6,1.47084151444,-8.76445747997,-0.0482466005451,-0.0153573699283,nan,nan,fm^4 / MeV
e0_diagonal,cosine_6,1.54825422572,-8.7773320012,-0.0404154887304,-0.0128646496178,nan,nan,fm^4 / MeV
e0_diagonal,cosine_6,1.62566693701,-8.79056564109,-0.0334812484106,-0.0106574123709,nan,nan,fm^4 / MeV
e0_diagonal,cosine_6,1.7030796483,-8.80424499714,-0.0274471120039,-0.00873668709803,nan,nan,fm^4 / MeV
e0_diagonal,cosine_6,1.78049235958,-8.81849015004,-0.0223423902655,-0.00711180370249,nan,nan,fm^4 / MeV
e0_diagonal,cosine_6,1.85790507087,-8.83345833503,-0.0181921024614,-0.00579072606395,nan,nan,fm^4 / MeV
e0_diagonal,cosine_6,1.93531778215,-8.84933326246,-0.0149943478873,-0.0047728491694,nan,nan,fm^4 / MeV
e0_diagonal,cosine_6,2.01273049344,-8.86630737236,-0.0127090716093,-0.00404542313746,nan,nan,fm^4 / MeV
e0_diagonal,cosine_6,2.09014320473,-8.88456374661,-0.0112578527996,-0.00358348584332,nan,nan,fm^4 / MeV
e0_diagonal,cosine_6,2.16755591601,-8.90426229159,-0.0105316928471,-0.00335234195148,nan,nan,fm^4 / MeV
e0_diagonal,cosine_6,2.2449686273,-8.92553218446,-0.0104028056503,-0.00331131588253,nan,nan,fm^4 / MeV
e0_diagonal,cosine_6,2.32238133859,-8.94847034493,-0.0107368547187,-0.00341764700347,nan,nan,fm^4 / MeV
e0_diagonal,cosine_6,2.39979404987,-8.97314437436,-0.0114033325251,-0.00362979347819,nan,nan,fm^4 / MeV
e0_diagonal,cosine_6,2.47720676116,-8.99959807122,-0.0122831571483,-0.00390985035384,nan,nan,fm^4 / MeV
e0_diagonal,cosine_6,2.55461947244,-9.02785800426,-0.0132735640885,-0.00422510667425,nan,nan,fm^4 / MeV
e0_diagonal,cosine_6,2.63203218373,-9.05794025543,-0.0142908035448,-0.00454890404982,nan,nan,fm^4 / MeV
e0_diagonal,cosine_6,2.70944489502,-9.08985694361,-0.0152711283481,-0.00486095112639,nan,nan,fm^4 / MeV
e0_diagonal,cosine_6,2.7868576063,-9.12362233275,-0.0161703644499,-0.00514718686759,nan,nan,fm^4 / MeV
e0_diagonal,cosine_6,2.86427031759,-9.15925828961,-0.0169622696993,-0.00539925813741,nan,nan,fm^4 / MeV
e0_diagonal,cosine_6,2.94168302887,-9.19679881789,-0.0176360084979,-0.00561371585769,nan,nan,fm^4 / MeV
e0_diagonal,cosine_6,3.01909574016,-9.23629356765,-0.0181932747096,-0.00579109920213,nan,nan,fm^4 / MeV
e0_diagonal,cosine_6,3.09650845145,-9.27781062104,-0.01864562092,-0.00593508547287,nan,nan,fm^4 / MeV
e0_diagonal,cosine_6,3.17392116273,-9.32143926136,-0.0190121916699,-0.00605176856654,nan,nan,fm^4 / MeV
e0_diagonal,cosine_6,3.25133387402,-9.36729347138,-0.0193173541704,-0.00614890480735,nan,nan,fm^4 / MeV
e0_diagonal,cosine_6,3.32874658531,-9.41551629943,-0.01958703977,-0.00623474839986,nan,nan,fm^4 / MeV
e0_diagonal,cosine_6,3.40615929659,-9.46628405016,-0.0198425196326,-0.00631607016585,nan,nan,fm^4 / MeV
e0_diagonal,cosine_6,3.48357200788,-9.51980804419,-0.0200912907518,-0.00639525647248,nan,nan,fm^4 / MeV
e0_diagonal,cosine_6,3.56098471916,-9.57633131599,-0.0203167112393,-0.0064670100422,nan,nan,fm^4 / MeV
e0_diagonal,cosine_6,3.63839743045,-9.63611886386,-0.0204702633145,-0.00651588718579,nan,nan,fm^4 / MeV
e0_diagonal,cosine_6,3.71581014174,-9.69944306995,-0.0204715348953,-0.00651629194252,nan,nan,fm^4 / MeV
e0_diagonal,cosine_6,3.79322285302,-9.76656978194,-0.020219864739,-0.00643618284373,nan,nan,fm^4 / MeV
e0_diagonal,cosine_6,3.87063556431,-9.83775341446,-0.0196175365382,-0.00624445582268,nan,nan,fm^4 / MeV
e0_diagonal,cosine_6,3.94804827559,-9.91324908991,-0.0185983624617,-0.00592004263839,nan,nan,fm^4 / MeV
e0_diagonal,cosine_6,4.02546098688,-9.99334492429,-0.0171500411241,-0.00545902763827,nan,nan,fm^4 / MeV
e0_diagonal,cosine_6,4.10287369817,-10.0784087379,-0.0153173221734,-0.00487565507765,nan,nan,fm^4 / MeV
e0_diagonal,cosine_6,4.18028640945,-10.1689340547,-0.0131786441863,-0.004194892731,nan,nan,fm^4 / MeV
e0_diagonal,cosine_6,4.25769912074,-10.2655656707,-0.0108018359056,-0.00343833115767,nan,nan,fm^4 / MeV
e0_diagonal,cosine_6,4.33511183203,-10.3690908984,-0.00820092308337,-0.00261043489327,nan,nan,fm^4 / MeV
e0_diagonal,cosine_6,4.41252454331,-10.4804016087,-0.0053282060881,-0.00169602067347,nan,nan,fm^4 / MeV
e0_diagonal,cosine_6,4.4899372546,-10.6004615191,-0.00213364834038,-0.000679161360383,nan,nan,fm^4 / MeV
e0_diagonal,cosine_6,4.56734996588,-10.7303428252,0.00130074626336,0.000414040395043,nan,nan,fm^4 / MeV
e0_diagonal,cosine_6,4.64476267717,-10.8714105876,0.00459168984538,0.00146158027207,nan,nan,fm^4 / MeV
e0_diagonal,cosine_6,4.72217538846,-11.0257154315,0.0069524392198,0.00221303013675,nan,nan,fm^4 / MeV
e0_diagonal,cosine_6,4.79958809974,-11.1965942273,0.00731469210218,0.00232833881051,nan,nan,fm^4 / MeV
e0_diagonal,cosine_6,4.87700081103,-11.3893768694,0.00485160403403,0.00154431352788,nan,nan,fm^4 / MeV
e0_diagonal,cosine_6,4.95441352232,-11.6119754419,3.6837291549e-05,1.17256740803e-05,nan,nan,fm^4 / MeV
e0_diagonal,cosine_6,5.0318262336,-11.8750275347,-0.0037446762804,-0.00119196748061,nan,nan,fm^4 / MeV
e0_diagonal,cosine_6,5.10923894489,-12.191225279,0.0017930171282,0.000570735078002,nan,nan,fm^4 / MeV
e0_diagonal,cosine_6,5.18665165617,-12.5735283213,0.0318114505236,0.0101258991955,nan,nan,fm^4 / MeV
e0_diagonal,cosine_6,5.26406436746,-13.0321536922,0.109719535275,0.0349248127855,nan,nan,fm^4 / MeV
e0_diagonal,cosine_6,5.34147707875,-13.5705440518,0.267262817405,0.0850723969894,nan,nan,fm^4 / MeV
e0_diagonal,cosine_6,5.41888979003,-14.1808823658,0.54272343144,0.172754233691,nan,nan,fm^4 / MeV
e0_diagonal,cosine_6,5.49630250132,-14.8400548839,0.976893927041,0.31095499473,nan,nan,fm^4 / MeV
e0_diagonal,cosine_6,5.5737152126,-15.5071591806,1.60693564577,0.511503502509,nan,nan,fm^4 / MeV
e0_diagonal,cosine_6,5.65112792389,-16.1236174799,2.45878060563,0.78265417473,nan,nan,fm^4 / MeV
e0_diagonal,cosine_6,5.72854063518,-16.6166397421,3.53926095054,1.12658175034,nan,nan,fm^4 / MeV
e0_diagonal,cosine_6,5.80595334646,-16.9062063427,4.82950767772,1.53728003922,nan,nan,fm^4 / MeV
e0_diagonal,cosine_6,5.88336605775,-16.9150019526,6.28122389362,1.99937566267,nan,nan,fm^4 / MeV
e0_diagonal,cosine_6,5.96077876904,-16.5799867069,7.81713712551,2.4882720287,nan,nan,fm^4 / MeV
e0_diagonal,cosine_6,6.03819148032,-15.8637209557,9.33628490924,2.97183178684,nan,nan,fm^4 / MeV
e0_diagonal,cosine_6,6.11560419161,-14.7633293129,10.7238951991,3.41352186027,nan,nan,fm^4 / MeV
e0_diagonal,cosine_6,6.19301690289,-13.3151957488,11.8646702955,3.77664185138,nan,nan,fm^4 / MeV
e0_diagonal,cosine_6,6.27042961418,-11.5941225664,12.6574867451,4.02900316519,nan,nan,fm^4 / MeV
e0_diagonal,cosine_6,6.34784232547,-9.70665303944,13.0290817701,4.14728553532,nan,nan,fm^4 / MeV
e0_diagonal,cosine_6,6.42525503675,-7.77935348182,12.9443352851,4.12030989133,nan,nan,fm^4 / MeV
e0_diagonal,cosine_6,6.50266774804,-5.94383603033,12.411293079,3.95063728737,nan,nan,fm^4 / MeV
e0_diagonal,cosine_6,6.58008045932,-4.3209549344,11.4800108697,3.65420095334,nan,nan,fm^4 / MeV
e0_diagonal,cosine_6,6.65749317061,-3.00677574399,10.235433388,3.25803963679,nan,nan,fm^4 / MeV
e0_diagonal,cosine_6,6.7349058819,-2.0625592771,8.78561051258,2.79654668232,nan,nan,fm^4 / MeV
e0_diagonal,cosine_6,6.81231859318,-1.51020358815,7.24735798172,2.30690569429,nan,nan,fm^4 / MeV
e0_diagonal,cosine_6,6.88973130447,-1.33353124561,5.73182667103,1.82449709528,nan,nan,fm^4 / MeV
e0_diagonal,cosine_6,6.96714401576,-1.48473386389,4.33229377576,1.37901193868,nan,nan,fm^4 / MeV
e0_diagonal,cosine_6,7.04455672704,-1.89442288178,3.11589269956,0.991819450557,nan,nan,fm^4 / MeV
e0_diagonal,cosine_6,7.12196943833,-2.48325464864,2.12011628034,0.674853971892,nan,nan,fm^4 / MeV
e0_diagonal,cosine_6,7.19938214961,-3.17306849081,1.35397473336,0.430983543272,nan,nan,fm^4 / MeV
e0_diagonal,cosine_6,7.2767948609,-3.89585790354,0.802878028899,0.255564013998,nan,nan,fm^4 / MeV
e0_diagonal,cosine_6,7.35420757219,-4.59955531501,0.435801111574,0.138719802224,nan,nan,fm^4 / MeV
e0_diagonal,cosine_6,7.43162028347,-5.25036755869,0.213150032741,0.0678477626619,nan,nan,fm^4 / MeV
e0_diagonal,cosine_6,7.50903299476,-5.8320699742,0.0939516410201,0.0299057361599,nan,nan,fm^4 / MeV
e0_diagonal,cosine_6,7.58644570605,-6.3431156269,0.0414336338786,0.0131887352841,nan,nan,fm^4 / MeV
e0_diagonal,cosine_6,7.66385841733,-6.79258133984,0.0265974497967,0.00846623121758,nan,nan,fm^4 / MeV
e0_diagonal,cosine_6,7.74127112862,-7.19587419368,0.0298668578848,0.00950691613397,nan,nan,fm^4 / MeV
e0_diagonal,cosine_6,7.8186838399,-7.57084583534,0.0412133701105,0.0131186231491,nan,nan,fm^4 / MeV
e0_diagonal,cosine_6,7.89609655119,-7.93462491185,0.0592723560208,0.0188669768988,nan,nan,fm^4 / MeV
e0_diagonal,cosine_6,7.97350926248,-8.30119282145,0.0898940731374,0.028614172189,nan,nan,fm^4 / MeV
e0_diagonal,cosine_6,8.05092197376,-8.67957057183,0.144395283655,0.0459624463059,nan,nan,fm^4 / MeV
e0_diagonal,cosine_6,8.12833468505,-9.07247617768,0.237584941769,0.0756256357735,nan,nan,fm^4 / MeV
e0_diagonal,cosine_6,8.20574739633,-9.47541963649,0.385516423016,0.122713688732,nan,nan,fm^4 / MeV
e0_diagonal,cosine_6,8.28316010762,-9.8763548898,0.602917385286,0.191914564289,nan,nan,fm^4 / MeV
e0_diagonal,cosine_6,8.36057281891,-10.2561223951,0.900365871676,0.286595358137,nan,nan,fm^4 / MeV
e0_diagonal,cosine_6,8.43798553019,-10.5899255478,1.28147078892,0.407904820968,nan,nan,fm^4 / MeV
e0_diagonal,cosine_6,8.51539824148,-10.8499608502,1.74050030683,0.554018454569,nan,nan,fm^4 / MeV
e0_diagonal,cosine_6,8.59281095277,-11.0090844028,2.26100292189,0.719699582727,nan,nan,fm^4 / MeV
e0_diagonal,cosine_6,8.67022366405,-11.045107014,2.81592469932,0.896336670542,nan,nan,fm^4 / MeV
e0_diagonal,cosine_6,8.74763637534,-10.9450522365,3.36952534112,1.07255322783,nan,nan,fm^4 / MeV
e0_diagonal,cosine_6,8.82504908662,-10.708570475,3.88106611541,1.23538171347,nan,nan,fm^4 / MeV
e0_diagonal,cosine_6,8.90246179791,-10.3497367266,4.30985662566,1.37186997198,nan,nan,fm^4 / MeV
e0_diagonal,cosine_6,8.9798745092,-9.89668438695,4.62090009168,1.47087818225,nan,nan,fm^4 / MeV
e0_diagonal,cosine_6,9.05728722048,-9.38890745909,4.79016111448,1.52475563915,nan,nan,fm^4 / MeV
e0_diagonal,cosine_6,9.13469993177,-8.87251994958,4.80846119237,1.53058073486,nan,nan,fm^4 / MeV
e0_diagonal,cosine_6,9.21211264305,-8.39419144333,4.68320513093,1.4907104922,nan,nan,fm^4 / MeV
e0_diagonal,cosine_6,9.28952535434,-7.99478031476,4.43752307223,1.41250746406,nan,nan,fm^4 / MeV
e0_diagonal,cosine_6,9.36693806563,-7.70378614079,4.10689963265,1.30726675464,nan,nan,fm^4 / MeV
e0_diagonal,cosine_6,9.44435077691,-7.5356119527,3.73384793535,1.18852071133,nan,nan,fm^4 / MeV
e0_diagonal,cosine_6,9.5217634882,-7.48828981664,3.36156488031,1.07001933445,nan,nan,fm^4 / MeV
e0_diagonal,cosine_6,9.59917619949,-7.54485237919,3.02769180517,0.963744233903,nan,nan,fm^4 / MeV
e0_diagonal,cosine_6,9.67658891077,-7.67703106411,2.75926273092,0.87830060583,nan,nan,fm^4 / MeV
e0_diagonal,cosine_6,9.75400162206,-7.85053650616,2.56966421269,0.817949523071,nan,nan,fm^4 / MeV
e0_diagonal,cosine_6,9.83141433334,-8.03091631525,2.45801810896,0.7824114645,nan,nan,fm^4 / MeV
e0_diagonal,cosine_6,9.90882704463,-8.18893710256,2.41092509282,0.767421291894,nan,nan,fm^4 / MeV
e0_diagonal,cosine_6,9.98623975592,-8.30460020397,2.40607505901,0.765877478182,nan,nan,fm^4 / MeV
e0_diagonal,cosine_6,10.0636524672,-8.3692256918,2.416927925,0.769332052722,nan,nan,fm^4 / MeV
e0_diagonal,cosine_6,10.1410651785,-8.3854467869,2.41754731674,0.769529211237,nan,nan,fm^4 / MeV
e0_diagonal,cosine_6,10.2184778898,-8.36535502343,2.38673879588,0.759722554466,nan,nan,fm^4 / MeV
e0_diagonal,cosine_6,10.2958906011,-8.3273445378,2.3108698751,0.735572726929,nan,nan,fm^4 / MeV
e0_diagonal,cosine_6,10.3733033123,-8.29236897855,2.18506691511,0.695528401054,nan,nan,fm^4 / MeV
e0_diagonal,cosine_6,10.4507160236,-8.28033138285,2.01281758583,0.640699736654,nan,nan,fm^4 / MeV
e0_diagonal,cosine_6,10.5281287349,-8.30719686375,1.80428713787,0.574322433499,nan,nan,fm^4 / MeV
e0_diagonal,cosine_6,10.6055414462,-8.38319762803,1.57383442069,0.500967055321,nan,nan,fm^4 / MeV
e0_diagonal,cosine_6,10.6829541575,-8.51224889411,1.33727129242,0.425666672888,nan,nan,fm^4 / MeV
e0_diagonal,cosine_6,10.7603668688,-8.69246789463,1.10935777924,0.353119548448,nan,nan,fm^4 / MeV
e0_diagonal,cosine_6,10.8377795801,-8.91752529348,0.901897333821,0.287082837678,nan,nan,fm^4 / MeV
e0_diagonal,cosine_6,10.9151922914,-9.1784757233,0.722633504955,0.230021388715,nan,nan,fm^4 / MeV
e0_diagonal,cosine_6,10.9926050026,-9.46570702665,0.574990232942,0.183025075605,nan,nan,fm^4 / MeV
e0_diagonal,cosine_6,11.0700177139,-9.77069637315,0.458570068777,0.1459673864,nan,nan,fm^4 / MeV
e0_diagonal,cosine_6,11.1474304252,-10.0873400631,0.37023952716,0.117850901751,nan,nan,fm^4 / MeV
e0_diagonal,cosine_6,11.2248431365,-10.4127098057,0.30558611905,0.0972710827741,nan,nan,fm^4 / MeV
e0_diagonal,cosine_6,11.3022558478,-10.74716766,0.260516455293,0.0829249632334,nan,nan,fm^4 / MeV
e0_diagonal,cosine_6,11.3796685591,-11.093841006,0.232766855882,0.0740919914031,nan,nan,fm^4 / MeV
e0_diagonal,cosine_6,11.4570812704,-11.4575217853,0.223109466364,0.0710179488448,nan,nan,fm^4 / MeV
e0_diagonal,cosine_6,11.5344939816,-11.843116897,0.236057898646,0.0751395628509,nan,nan,fm^4 / MeV
e0_diagonal,cosine_6,11.6119066929,-12.2538414733,0.279913463989,0.0890992228637,nan,nan,fm^4 / MeV
e0_diagonal,cosine_6,11.6893194042,-12.6894086046,0.366055118504,0.116518963108,nan,nan,fm^4 / MeV
e0_diagonal,cosine_6,11.7667321155,-13.1445145666,0.50746869662,0.161532303063,nan,nan,fm^4 / MeV
e0_diagonal,cosine_6,11.8441448268,-13.6079294493,0.71663032681,0.228110517763,nan,nan,fm^4 / MeV
e0_diagonal,cosine_6,11.9215575381,-14.0624622438,1.00298992978,0.319261610392,nan,nan,fm^4 / MeV
e0_diagonal,cosine_6,11.9989702494,-14.4859682439,1.37041786317,0.43621755405,nan,nan,fm^4 / MeV
e0_diagonal,cosine_6,12.0763829606,-14.8534105023,1.81505057593,0.577748542243,nan,nan,fm^4 / MeV
e0_diagonal,cosine_6,12.1537956719,-15.1397978476,2.32397227576,0.73974335059,nan,nan,fm^4 / MeV
e0_diagonal,cosine_6,12.2312083832,-15.3236352287,2.87508388005,0.915167622629,nan,nan,fm^4 / MeV
e0_diagonal,cosine_6,12.3086210945,-15.3903800962,3.43834159847,1.09445812287,nan,nan,fm^4 / MeV
e0_diagonal,cosine_6,12.3860338058,-15.3353395684,3.97832038071,1.26633870759,nan,nan,fm^4 / MeV
e0_diagonal,cosine_6,12.4634465171,-15.1654909636,4.45781516616,1.41896663817,nan,nan,fm^4 / MeV
e0_diagonal,cosine_6,12.5408592284,-14.8998635422,4.84198756476,1.54125251064,nan,nan,fm^4 / MeV
e0_diagonal,cosine_6,12.6182719396,-14.568356547,5.10244606313,1.62415902561,nan,nan,fm^4 / MeV
e0_diagonal,cosine_6,12.6956846509,-14.2091400618,5.22064632662,1.66178333803,nan,nan,fm^4 / MeV
e0_diagonal,cosine_6,12.7730973622,-13.8650310906,5.1901202694,1.65206659223,nan,nan,fm^4 / MeV
e0_diagonal,cosine_6,12.8505100735,-13.5794006015,5.01726347721,1.59704456638,nan,nan,fm^4 / MeV
e0_diagonal,cosine_6,12.9279227848,-13.3922093011,4.72067930202,1.50263889134,nan,nan,fm^4 / MeV
e0_diagonal,cosine_6,13.0053354961,-13.3366817818,4.32932929436,1.37806831494,nan,nan,fm^4 / MeV
e0_diagonal,cosine_6,13.0827482074,-13.4369359359,3.87991120554,1.23501409424,nan,nan,fm^4 / MeV
e0_diagonal,cosine_6,13.1601609186,-13.706641991,3.41393570245,1.08668948488,nan,nan,fm^4 / MeV
e0_diagonal,cosine_6,13.2375736299,-14.1485633252,2.97489313191,0.946937894227,nan,nan,fm^4 / MeV
e0_diagonal,cosine_6,13.3149863412,-14.7546952237,2.60572242673,0.82942720908,nan,nan,fm^4 / MeV
e0_diagonal,cosine_6,13.3923990525,-15.5067092819,2.34657770959,0.746938883662,nan,nan,fm^4 / MeV
e0_diagonal,cosine_6,13.4698117638,-16.37653253,2.23271167122,0.710694197946,nan,nan,fm^4 / MeV
e0_diagonal,cosine_6,13.5472244751,-17.3271005169,2.29222797854,0.729638826957,nan,nan,fm^4 / MeV
e0_diagonal,cosine_6,13.6246371864,-18.3135469475,2.54353670281,0.809632878377,nan,nan,fm^4 / MeV
e0_diagonal,cosine_6,13.7020498977,-19.2852391736,2.99256921345,0.95256436573,nan,nan,fm^4 / MeV
e0_diagonal,cosine_6,13.7794626089,-20.1890619551,3.63011418115,1.15550123183,nan,nan,fm^4 / MeV
e0_diagonal,cosine_6,13.8568753202,-20.9741539318,4.42992785211,1.41008983041,nan,nan,fm^4 / MeV
e0_diagonal,cosine_6,13.9342880315,-21.5979318164,5.34843981586,1.70246126905,nan,nan,fm^4 / MeV
e0_diagonal,cosine_6,14.0117007428,-22.0327757034,6.32682943976,2.01389235887,nan,nan,fm^4 / MeV
e0_diagonal,cosine_6,14.0891134541,-22.2723186843,7.29594745107,2.32237220275,nan,nan,fm^4 / MeV
e0_diagonal,cosine_6,14.1665261654,-22.3360222765,8.1840314019,2.60505810406,nan,nan,fm^4 / MeV
e0_diagonal,cosine_6,14.2439388767,-22.2707377695,8.92651436563,2.84139777174,nan,nan,fm^4 / MeV
e0_diagonal,cosine_6,14.3213515879,-22.148302415,9.47660708454,3.01649772249,nan,nan,fm^4 / MeV
e0_diagonal,cosine_6,14.3987642992,-22.0588636082,9.81491414769,3.12418420526,nan,nan,fm^4 / MeV
e0_diagonal,cosine_6,14.4761770105,-22.1004430939,9.956263043,3.16917695603,nan,nan,fm^4 / MeV
e0_diagonal,cosine_6,14.5535897218,-22.36606364,9.95224604449,3.1678983057,nan,nan,fm^4 / MeV
e0_diagonal,cosine_6,14.6310024331,-22.9303609284,9.8886639789,3.14765950563,nan,nan,fm^4 / MeV
e0_diagonal,cosine_6,14.7084151444,-23.8378274349,9.87798255989,3.14425950436,nan,nan,fm^4 / MeV
e0_diagonal,cosine_6,14.7858278557,-25.0946011496,10.0478580678,3.19833255796,nan,nan,fm^4 / MeV
e0_diagonal,cosine_6,14.8632405669,-26.6650528046,10.5275299165,3.35101684953,nan,nan,fm^4 / MeV
e0_diagonal,cosine_6,14.9406532782,-28.4734877151,11.4342233601,3.63962633634,nan,nan,fm^4 / MeV
e0_diagonal,cosine_6,15.0180659895,-30.4102908994,12.8615620004,4.09396233648,nan,nan,fm^4 / MeV
e0_diagonal,cosine_6,15.0954787008,-32.34105845,14.8713906027,4.73371065014,nan,nan,fm^4 / MeV
e0_diagonal,cosine_6,15.1728914121,-34.1168793952,17.4895139328,5.56708518936,nan,nan,fm^4 / MeV
e0_diagonal,cosine_6,15.2503041234,-35.5840582426,20.7049146465,6.59057902457,nan,nan,fm^4 / MeV
e0_diagonal,cosine_6,15.3277168347,-36.5921550892,24.4712916587,7.78945406265,nan,nan,fm^4 / MeV
e0_diagonal,cosine_6,15.4051295459,-37.0000870086,28.7094727438,9.13850900148,nan,nan,fm^4 / MeV
e0_diagonal,cosine_6,15.4825422572,-36.680909613,33.3094919556,10.6027405932,nan,nan,fm^4 / MeV
e0_diagonal,cosine_6,15.5599549685,-35.5264939753,38.1318176813,12.1377345461,nan,nan,fm^4 / MeV
e0_diagonal,cosine_6,15.6373676798,-33.4534142162,43.0081576464,13.6899217654,nan,nan,fm^4 / MeV
e0_diagonal,cosine_6,15.7147803911,-30.4108883498,47.7431470869,15.1971157153,nan,nan,fm^4 / MeV
e0_diagonal,cosine_6,15.7921931024,-26.3906671952,52.1187326757,16.589907866,nan,nan,fm^4 / MeV
e0_diagonal,cosine_6,15.8696058137,-21.4375996926,55.9029716679,17.794468549,nan,nan,fm^4 / MeV
e0_diagonal,cosine_6,15.947018525,-15.6585690334,58.8642090999,18.7370596989,nan,nan,fm^4 / MeV
e0_diagonal,cosine_6,16.0244312362,-9.22694222333,60.7903063189,19.3501554854,nan,nan,fm^4 / MeV
e0_diagonal,cosine_6,16.1018439475,-2.37985144352,61.5110748365,19.5795832302,nan,nan,fm^4 / MeV
e0_diagonal,cosine_6,16.1792566588,4.59340935088,60.9207228632,19.3916683608,nan,nan,fm^4 / MeV
e0_diagonal,cosine_6,16.2566693701,11.3719883269,58.9963429823,18.77911922,nan,nan,fm^4 / MeV
e0_diagonal,cosine_6,16.3340820814,17.6313009396,55.808535386,17.7644085468,nan,nan,fm^4 / MeV
e0_diagonal,cosine_6,16.4114947927,23.0745563949,51.5212476553,16.3997224772,nan,nan,fm^4 / MeV
e0_diagonal,cosine_6,16.488907504,27.4633194465,46.3796618866,14.7631048964,nan,nan,fm^4 / MeV
e0_diagonal,cosine_6,16.5663202152,30.6422063686,40.6871133519,12.9511104202,nan,nan,fm^4 / MeV
e0_diagonal,cosine_6,16.6437329265,32.5535944721,34.7741058756,11.0689416834,nan,nan,fm^4 / MeV
e0_diagonal,cosine_6,16.7211456378,33.2398824263,28.9640242856,9.21953527377,nan,nan,fm^4 / MeV
e0_diagonal,cosine_6,16.7985583491,32.833023736,23.5407821877,7.49326369886,nan,nan,fm^4 / MeV
e0_diagonal,cosine_6,16.8759710604,31.5332928015,18.7232421631,5.95979308193,nan,nan,fm^4 / MeV
e0_diagonal,cosine_6,16.9533837717,29.5810498831,14.6499061085,4.663209946,nan,nan,fm^4 / MeV
e0_diagonal,cosine_6,17.030796483,27.2262765691,11.3754093636,3.62090525983,nan,nan,fm^4 / MeV
e0_diagonal,cosine_6,17.1082091942,24.7006821977,8.87820681733,2.82602100154,nan,nan,fm^4 / MeV
e0_diagonal,cosine_6,17.1856219055,22.1962888207,7.07697323768,2.25267054581,nan,nan,fm^4 / MeV
e0_diagonal,cosine_6,17.2630346168,19.8528455659,5.85202121847,1.862756208,nan,nan,fm^4 / MeV
e0_diagonal,cosine_6,17.3404473281,17.7545882933,5.06766204306,1.61308692814,nan,nan,fm^4 / MeV
e0_diagonal,cosine_6,17.4178600394,15.9351590255,4.5918856431,1.46164259642,nan,nan,fm^4 / MeV
e0_diagonal,cosine_6,17.4952727507,14.3882701922,4.31082043289,1.37217676135,nan,nan,fm^4 / MeV
e0_diagonal,cosine_6,17.572685462,13.081134258,4.13683869825,1.3167966552,nan,nan,fm^4 / MeV
e0_diagonal,cosine_6,17.6500981732,11.9677988511,4.01055439112,1.27659911177,nan,nan,fm^4 / MeV
e0_diagonal,cosine_6,17.7275108845,11.0001937857,3.89802806446,1.24078086954,nan,nan,fm^4 / MeV
e0_diagonal,cosine_6,17.8049235958,10.1356697526,3.78507413995,1.20482651868,nan,nan,fm^4 / MeV
e0_diagonal,cosine_6,17.8823363071,9.34081899017,3.67062425689,1.16839598943,nan,nan,fm^4 / MeV
e0_diagonal,cosine_6,17.9597490184,8.59218470059,3.56072849156,1.13341508088,nan,nan,fm^4 / MeV
e0_diagonal,cosine_6,18.0371617297,7.87494472797,3.4641481857,1.10267261471,nan,nan,fm^4 / MeV
e0_diagonal,cosine_6,18.114574441,7.18075926632,3.38981097953,1.07901034708,nan,nan,fm^4 / MeV
e0_diagonal,cosine_6,18.1919871523,6.50576155714,3.34583457782,1.06501222365,nan,nan,fm^4 / MeV
e0_diagonal,cosine_6,18.2693998635,5.84926778745,3.33949091317,1.06299297248,nan,nan,fm^4 / MeV
e0_diagonal,cosine_6,18.3468125748,5.21333216229,3.37740839342,1.0750624813,nan,nan,fm^4 / MeV
e0_diagonal,cosine_6,18.4242252861,4.60290174813,3.46545785385,1.10308949503,nan,nan,fm^4 / MeV
e0_diagonal,cosine_6,18.5016379974,4.02611423881,3.60805169353,1.14847852391,nan,nan,fm^4 / MeV
e0_diagonal,cosine_6,18.5790507087,3.49425552488,3.80690277536,1.21177478914,nan,nan,fm^4 / MeV
e0_diagonal,cosine_6,18.65646342,3.02102738416,4.05954867149,1.29219447558,nan,nan,fm^4 / MeV
e0_diagonal,cosine_6,18.7338761313,2.62100865861,4.35808714166,1.38722222204,nan,nan,fm^4 / MeV
e0_diagonal,cosine_6,18.8112888425,2.30745188755,4.68856860454,1.49241773887,nan,nan,fm^4 / MeV
e0_diagonal,cosine_6,18.8887015538,2.08977288173,5.03136553936,1.60153339218,nan,nan,fm^4 / MeV
e0_diagonal,cosine_6,18.9661142651,1.97121395642,5.36262867551,1.70697772335,nan,nan,fm^4 / MeV
e0_diagonal,cosine_6,19.0435269764,1.94716982515,5.6567003903,1.80058365741,nan,nan,fm^4 / MeV
e0_diagonal,cosine_6,19.1209396877,2.00456279481,5.88914210355,1.8745721527,nan,nan,fm^4 / MeV
e0_diagonal,cosine_6,19.198352399,2.12246756108,6.0398893207,1.92255648223,nan,nan,fm^4 / MeV
e0_diagonal,cosine_6,19.2757651103,2.27395690568,6.09600245412,1.94041784735,nan,nan,fm^4 / MeV
e0_diagonal,cosine_6,19.3531778215,2.42891492108,6.05354003267,1.92690163881,nan,nan,fm^4 / MeV
e0_diagonal,cosine_6,19.4305905328,2.5573877864,5.91822954689,1.88383097348,nan,nan,fm^4 / MeV
e0_diagonal,cosine_6,19.5080032441,2.63294646897,5.70481959382,1.81590047561,nan,nan,fm^4 / MeV
e0_diagonal,cosine_6,19.5854159554,2.63553755365,5.43522446202,1.73008567989,nan,nan,fm^4 / MeV
e0_diagonal,cosine_6,19.6628286667,2.55339531944,5.13577559059,1.63476814371,nan,nan,fm^4 / MeV
e0_diagonal,cosine_6,19.740241378,2.38375975959,4.83403585155,1.53872140172,nan,nan,fm^4 / MeV
e0_diagonal,cosine_6,19.8176540893,2.13235725623,4.55568750732,1.45012037195,nan,nan,fm^4 / MeV
e0_diagonal,cosine_6,19.8950668005,1.81181200859,4.32196549556,1.37572434498,nan,nan,fm^4 / MeV
e0_diagonal,cosine_6,19.9724795118,1.4393274434,4.14798531587,1.32034473379,nan,nan,fm^4 / MeV
e0_diagonal,cosine_6,20.0498922231,1.03407734434,4.04213583256,1.2866517968,nan,nan,fm^4 / MeV
e0_diagonal,cosine_6,20.1273049344,0.614760923105,4.00650812399,1.27531114494,nan,nan,fm^4 / MeV
e0_diagonal,cosine_6,20.2047176457,0.19770641186,4.03815054157,1.28538323928,nan,nan,fm^4 / MeV
e0_diagonal,cosine_6,20.282130357,-0.204228173766,4.13081024486,1.31487773889,nan,nan,fm^4 / MeV
e0_diagonal,cosine_6,20.3595430683,-0.581881373977,4.27676392769,1.36133623906,nan,nan,fm^4 / MeV
e0_diagonal,cosine_6,20.4369557796,-0.92924151423,4.46836174685,1.42232371907,nan,nan,fm^4 / MeV
e0_diagonal,cosine_6,20.5143684908,-1.24237194268,4.69900025427,1.49573823612,nan,nan,fm^4 / MeV
e0_diagonal,cosine_6,20.5917812021,-1.51814309581,4.96338182613,1.57989350416,nan,nan,fm^4 / MeV
e0_diagonal,cosine_6,20.6691939134,-1.75312602649,5.25708128381,1.67338094511,nan,nan,fm^4 / MeV
e0_diagonal,cosine_6,20.7466066247,-1.94295053444,5.57559412486,1.77476673129,nan,nan,fm^4 / MeV
e0_diagonal,cosine_6,20.824019336,-2.08231925814,5.91315657748,1.88221619717,nan,nan,fm^4 / MeV
e0_diagonal,cosine_6,20.9014320473,-2.16571837439,6.26168408268,1.99315594768,nan,nan,fm^4 / MeV
e0_diagonal,cosine_6,20.9788447586,-2.18870415005,6.6101606671,2.1040794896,nan,nan,fm^4 / MeV
e0_diagonal,cosine_6,21.0562574698,-2.14950319488,6.9447282222,2.21057564999,nan,nan,fm^4 / MeV
e0_diagonal,cosine_6,21.1336701811,-2.05057095654,7.24958585587,2.30761484866,nan,nan,fm^4 / MeV
e0_diagonal,cosine_6,21.2110828924,-1.89972813621,7.50864013217,2.39007438587,nan,nan,fm^4 / MeV
e0_diagonal,cosine_6,21.2884956037,-1.71054656863,7.70767924477,2.45343050314,nan,nan,fm^4 / MeV
e0_diagonal,cosine_6,21.365908315,-1.501778359,7.83671155883,2.49450276435,nan,nan,fm^4 / MeV
e0_diagonal,cosine_6,21.4433210263,-1.29579387961,7.89203989634,2.51211432116,nan,nan,fm^4 / MeV
e0_diagonal,cosine_6,21.5207337376,-1.1161836453,7.87765433366,2.50753525434,nan,nan,fm^4 / MeV
e0_diagonal,cosine_6,21.5981464488,-0.984849190108,7.80561924992,2.48460577504,nan,nan,fm^4 / MeV
e0_diagonal,cosine_6,21.6755591601,-0.919024778455,7.69528932011,2.44948666764,nan,nan,fm^4 / MeV
e0_diagonal,cosine_6,21.7529718714,-0.928711382921,7.57138476538,2.41004662292,nan,nan,fm^4 / MeV
e0_diagonal,cosine_6,21.8303845827,-1.0149587225,7.46115176656,2.37495836961,nan,nan,fm^4 / MeV
e0_diagonal,cosine_6,21.907797294,-1.16930920107,7.39099358389,2.35262632647,nan,nan,fm^4 / MeV
e0_diagonal,cosine_6,21.9852100053,-1.37454256315,7.38305411864,2.35009911619,nan,nan,fm^4 / MeV
e0_diagonal,cosine_6,22.0626227166,-1.60666354584,7.45225448775,2.37212627781,nan,nan,fm^4 / MeV
e0_diagonal,cosine_6,22.1400354278,-1.8378892057,7.6042256272,2.42050019391,nan,nan,fm^4 / MeV
e0_diagonal,cosine_6,22.2174481391,-2.04024477249,7.83445934365,2.49378586199,nan,nan,fm^4 / MeV
e0_diagonal,cosine_6,22.2948608504,-2.18928421627,8.12883731945,2.58748928196,nan,nan,fm^4 / MeV
e0_diagonal,cosine_6,22.3722735617,-2.26742172287,8.46551497665,2.69465710871,nan,nan,fm^4 / MeV
e0_diagonal,cosine_6,22.449686273,-2.26639287651,8.81795543796,2.80684239183,nan,nan,fm^4 / MeV
e0_diagonal,cosine_6,22.5270989843,-2.18845518305,9.15874541944,2.91531921205,nan,nan,fm^4 / MeV
e0_diagonal,cosine_6,22.6045116956,-2.04608030616,9.46369496642,3.01238766764,nan,nan,fm^4 / MeV
e0_diagonal,cosine_6,22.6819244068,-1.86007672586,9.71564172533,3.09258481179,nan,nan,fm^4 / MeV
e0_diagonal,cosine_6,22.7593371181,-1.65629874685,9.9073641853,3.1536119662,nan,nan,fm^4 / MeV
e0_diagonal,cosine_6,22.8367498294,-1.46132532845,10.0430725312,3.19680927433,nan,nan,fm^4 / MeV
e0_diagonal,cosine_6,22.9141625407,-1.29769958109,10.1381001687,3.22705751081,nan,nan,fm^4 / MeV
e0_diagonal,cosine_6,22.991575252,-1.17946810761,10.2166606141,3.25206407726,nan,nan,fm^4 / MeV
e0_diagonal,cosine_6,23.0689879633,-1.10880783834,10.3078412919,3.28108778844,nan,nan,fm^4 / MeV
e0_diagonal,cosine_6,23.1464006746,-1.07444439432,10.4403345582,3.32326170493,nan,nan,fm^4 / MeV
e0_diagonal,cosine_6,23.2238133859,-1.05233867506,10.6366964407,3.3857656334,nan,nan,fm^4 / MeV
e0_diagonal,cosine_6,23.3012260971,-1.00876567278,10.9081084268,3.47215875181,nan,nan,fm^4 / MeV
e0_diagonal,cosine_6,23.3786388084,-0.905482726047,11.2506402059,3.58119000342,nan,nan,fm^4 / MeV
e0_diagonal,cosine_6,23.4560515197,-0.706261602759,11.6438413962,3.70634982956,nan,nan,fm^4 / MeV
e0_diagonal,cosine_6,23.533464231,-0.383729862623,12.0521371856,3.83631441582,nan,nan,fm^4 / MeV
e0_diagonal,cosine_6,23.6108769423,0.074687074264,12.4290190865,3.9562796508,nan,nan,fm^4 / MeV
e0_diagonal,cosine_6,23.6882896536,0.66285996693,12.723496348,4.0500146744,nan,nan,fm^4 / MeV
e0_diagonal,cosine_6,23.7657023649,1.35492028282,12.8878131609,4.10231834039,nan,nan,fm^4 / MeV
e0_diagonal,cosine_6,23.8431150761,2.1074430011,12.8851431262,4.10146844196,nan,nan,fm^4 / MeV
e0_diagonal,cosine_6,23.9205277874,2.86461536853,12.6959167813,4.04123582564,nan,nan,fm^4 / MeV
e0_diagonal,cosine_6,23.9979404987,3.56560173424,12.3216427627,3.92210070538,nan,nan,fm^4 / MeV
e0_diagonal,cosine_6,24.07535321,4.15289521398,11.7855148576,3.75144589293,nan,nan,fm^4 / MeV
e0_diagonal,cosine_6,24.1527659213,4.58025440341,11.129672162,3.54268467914,nan,nan,fm^4 / MeV
e0_diagonal,cosine_6,24.2301786326,4.81889886055,10.409582361,3.31347297654,nan,nan,fm^4 / MeV
e0_diagonal,cosine_6,24.3075913439,4.86096488121,9.68652712901,3.08331734795,nan,nan,fm^4 / MeV
e0_diagonal,cosine_6,24.3850040551,4.71973439178,9.01948296723,2.87099059674,nan,nan,fm^4 / MeV
e0_diagonal,cosine_6,24.4624167664,4.42673862732,8.45775215127,2.69218612464,nan,nan,fm^4 / MeV
e0_diagonal,cosine_6,24.5398294777,4.02638545834,8.03550267962,2.55777994338,nan,nan,fm^4 / MeV
e0_diagonal,cosine_6,24.617242189,3.56915839681,7.76897223713,2.47294066856,nan,nan,fm^4 / MeV
e0_diagonal,cosine_6,24.6946549003,3.10461503613,7.65656889476,2.43716157345,nan,nan,fm^4 / MeV
e0_diagonal,cosine_6,24.7720676116,2.67534999278,7.68156998354,2.44511966717,nan,nan,fm^4 / MeV
e0_diagonal,cosine_6,24.8494803229,2.31281011342,7.81668543513,2.48812825119,nan,nan,fm^4 / MeV
e0_diagonal,cosine_6,24.9268930341,2.03542763856,8.02949190206,2.55586665346,nan,nan,fm^4 / MeV
e0_diagonal,cosine_6,25.0043057454,1.84906491332,8.28769712911,2.63805592989,nan,nan,fm^4 / MeV
e0_diagonal,cosine_6,25.0817184567,1.74934031334,8.5633519361,2.72579958013,nan,nan,fm^4 / MeV
e0_diagonal,cosine_6,25.159131168,1.72511014155,8.8354398621,2.81240785689,nan,nan,fm^4 / MeV
e0_diagonal,cosine_6,25.2365438793,1.76226295379,9.0906639643,2.89364821181,nan,nan,fm^4 / MeV
e0_diagonal,cosine_6,25.3139565906,1.84704772979,9.32262889267,2.96748494176,nan,nan,fm^4 / MeV
e0_diagonal,cosine_6,25.3913693019,1.96837278437,9.52990657059,3.03346347583,nan,nan,fm^4 / MeV
e0_diagonal,cosine_6,25.4687820132,2.11881630427,9.71362405088,3.09194256607,nan,nan,fm^4 / MeV
e0_diagonal,cosine_6,25.5461947244,2.29440655238,9.87520618677,3.14337575735,nan,nan,fm^4 / MeV
e0_diagonal,cosine_6,25.6236074357,2.4934893337,10.0147635442,3.1877982439,nan,nan,fm^4 / MeV
e0_diagonal,cosine_6,25.701020147,2.71515174338,10.1303858966,3.22460198176,nan,nan,fm^4 / MeV
e0_diagonal,cosine_6,25.7784328583,2.95769410874,10.2183469244,3.2526008465,nan,nan,fm^4 / MeV
e0_diagonal,cosine_6,25.8558455696,3.2175481098,10.2740082326,3.27031839116,nan,nan,fm^4 / MeV
e0_diagonal,cosine_6,25.9332582809,3.48886623048,10.29307632,3.2763879519,nan,nan,fm^4 / MeV
e0_diagonal,cosine_6,26.0106709922,3.76380816589,10.2728349421,3.26994492121,nan,nan,fm^4 / MeV
e0_diagonal,cosine_6,26.0880837034,4.03337563239,10.213039889,3.25091156466,nan,nan,fm^4 / MeV
e0_diagonal,cosine_6,26.1654964147,4.28853697957,10.1162932867,3.22011616468,nan,nan,fm^4 / MeV
e0_diagonal,cosine_6,26.242909126,4.5213542825,9.98786761353,3.17923700328,nan,nan,fm^4 / MeV
e0_diagonal,cosine_6,26.3203218373,4.72587207554,9.83508359777,3.13060434062,nan,nan,fm^4 / MeV
e0_diagonal,cosine_6,26.3977345486,4.89862391116,9.66643038836,3.07692035672,nan,nan,fm^4 / MeV
e0_diagonal,cosine_6,26.4751472599,5.03872657047,9.49063832678,3.02096400561,nan,nan,fm^4 / MeV
e0_diagonal,cosine_6,26.5525599712,5.14762952696,9.31588050626,2.96533686365,nan,nan,fm^4 / MeV
e0_diagonal,cosine_6,26.6299726824,5.22864690899,9.14920932116,2.91228377769,nan,nan,fm^4 / MeV
e0_diagonal,cosine_6,26.7073853937,5.28641322924,8.99625450228,2.8635967467,nan,nan,fm^4 / MeV
e0_diagonal,cosine_6,26.784798105,5.32637928853,8.86114312446,2.8205894594,nan,nan,fm^4 / MeV
e0_diagonal,cosine_6,26.8622108163,5.35441713562,8.74656412757,2.78411783195,nan,nan,fm^4 / MeV
e0_diagonal,cosine_6,26.9396235276,5.37655163126,8.65389290885,2.75461966686,nan,nan,fm^4 / MeV
e0_diagonal,cosine_6,27.0170362389,5.39879612124,8.58330862279,2.7321519908,nan,nan,fm^4 / MeV
e0_diagonal,cosine_6,27.0944489502,5.42704842156,8.53386583256,2.71641386187,nan,nan,fm^4 / MeV
e0_diagonal,cosine_6,27.1718616614,5.46700009428,8.5035111149,2.70675165515,nan,nan,fm^4 / MeV
e0_diagonal,cosine_6,27.2492743727,5.52402060965,8.48905646023,2.70215059566,nan,nan,fm^4 / MeV
e0_diagonal,cosine_6,27.326687084,5.60299072338,8.48613305867,2.70122004805,nan,nan,fm^4 / MeV
e0_diagonal,cosine_6,27.4040997953,5.70807081942,8.48915426861,2.70218172904,nan,nan,fm^4 / MeV
e0_diagonal,cosine_6,27.4815125066,5.84239892558,8.491319867,2.70287106042,nan,nan,fm^4 / MeV
e0_diagonal,cosine_6,27.5589252179,6.00772228897,8.48469807081,2.70076327722,nan,nan,fm^4 / MeV
e0_diagonal,cosine_6,27.6363379292,6.20397990924,8.46042652099,2.69303740296,nan,nan,fm^4 / MeV
e0_diagonal,cosine_6,27.7137506405,6.42887364636,8.40907388998,2.67669135283,nan,nan,fm^4 / MeV
e0_diagonal,cosine_6,27.7911633517,6.67749066429,8.3211937833,2.64871824607,nan,nan,fm^4 / MeV
e0_diagonal,cosine_6,27.868576063,6.94206355675,8.18807749524,2.60634601557,nan,nan,fm^4 / MeV
e0_diagonal,cosine_6,27.9459887743,7.2119669879,8.00267187724,2.54732957441,nan,nan,fm^4 / MeV
e0_diagonal,cosine_6,28.0234014856,7.47404177901,7.7605790964,2.4702690489,nan,nan,fm^4 / MeV
e0_diagonal,cosine_6,28.1008141969,7.7133037706,7.46100774856,2.37491252726,nan,nan,fm^4 / MeV
e0_diagonal,cosine_6,28.1782269082,7.91403692008,7.10751346518,2.26239180215,nan,nan,fm^4 / MeV
e0_diagonal,cosine_6,28.2556396195,8.06119688008,6.70836404797,2.13533859659,nan,nan,fm^4 / MeV
e0_diagonal,cosine_6,28.3330523307,8.1419775433,6.27639599086,1.9978388935,nan,nan,fm^4 / MeV
e0_diagonal,cosine_6,28.410465042,8.14733588659,5.8282946567,1.85520380882,nan,nan,fm^4 / MeV
e0_diagonal,cosine_6,28.4878777533,8.07324503553,5.38331961935,1.71356385533,nan,nan,fm^4 / MeV
e0_diagonal,cosine_6,28.5652904646,7.92146097359,4.96159353572,1.57932427365,nan,nan,fm^4 / MeV
e0_diagonal,cosine_6,28.6427031759,7.69964550753,4.58215827003,1.45854627741,nan,nan,fm^4 / MeV
e0_diagonal,cosine_6,28.7201158872,7.42077895965,4.26105811339,1.3563369231,nan,nan,fm^4 / MeV
e0_diagonal,cosine_6,28.7975285985,7.10190541666,4.00972425912,1.27633487255,nan,nan,fm^4 / MeV
e0_diagonal,cosine_6,28.8749413097,6.76236197741,3.83390236257,1.22036902467,nan,nan,fm^4 / MeV
e0_diagonal,cosine_6,28.952354021,6.42173171284,3.73328978303,1.18834304593,nan,nan,fm^4 / MeV
e0_diagonal,cosine_6,29.0297667323,6.09781161533,3.70194255784,1.17836491425,nan,nan,fm^4 / MeV
e0_diagonal,cosine_6,29.1071794436,5.80489137006,3.72939166173,1.18710223538,nan,nan,fm^4 / MeV
e0_diagonal,cosine_6,29.1845921549,5.55259384667,3.802293918,1.21030774427,nan,nan,fm^4 / MeV
e0_diagonal,cosine_6,29.2620048662,5.34543968846,3.90635494765,1.24343139878,nan,nan,fm^4 / MeV
e0_diagonal,cosine_6,29.3394175775,5.1831799056,4.02821602799,1.28222098539,nan,nan,fm^4 / MeV
e0_diagonal,cosine_6,29.4168302887,5.06181151607,4.15700341047,1.32321528245,nan,nan,fm^4 / MeV
e0_diagonal,cosine_6,29.494243,4.97507459792,4.2852985497,1.36405289362,nan,nan,fm^4 / MeV
e0_diagonal,cosine_6,29.5716557113,4.9161464486,4.40939219186,1.40355312673,nan,nan,fm^4 / MeV
e0_diagonal,cosine_6,29.6490684226,4.87921681217,4.52881672715,1.44156713697,nan,nan,fm^4 / MeV
e0_diagonal,cosine_6,29.7264811339,4.86065551183,4.64528551536,1.47864030369,nan,nan,fm^4 / MeV
e0_diagonal,cosine_6,29.8038938452,4.85956716636,4.76127872802,1.51556209,nan,nan,fm^4 / MeV
e0_diagonal,cosine_6,29.8813065565,4.87765204639,4.878579484,1.55290008029,nan,nan,fm^4 / MeV
e0_diagonal,cosine_6,29.9587192678,4.91843302482,4.99706713052,1.59061586957,nan,nan,fm^4 / MeV
q20_from_e0,gamma_1,0,-31.5788828005,0,0,nan,nan,fm^4 / MeV
q20_from_e0,gamma_1,0.0774127112862,-31.5670263775,0.0640516992889,0.0203882891105,nan,nan,fm^4 / MeV
q20_from_e0,gamma_1,0.154825422572,-31.5399267316,0.108087519248,0.0344053259498,nan,nan,fm^4 / MeV
q20_from_e0,gamma_1,0.232238133859,-31.5178299326,0.124255592579,0.0395517835316,nan,nan,fm^4 / MeV
q20_from_e0,gamma_1,0.309650845145,-31.5204236109,0.121602669852,0.0387073320001,nan,nan,fm^4 / MeV
q20_from_e0,gamma_1,0.387063556431,-31.5548672529,0.120486049517,0.0383519007086,nan,nan,fm^4 / MeV
q20_from_e0,gamma_1,0.464476267717,-31.6115091709,0.140077789954,0.0445881453772,nan,nan,fm^4 / MeV
q20_from_e0,gamma_1,0.541888979003,-31.6699205577,0.186608568764,0.0593993522842,nan,nan,fm^4 / MeV
q20_from_e0,gamma_1,0.619301690289,-31.7115646663,0.249564928807,0.0794389840841,nan,nan,fm^4 / MeV
q20_from_e0,gamma_1,0.696714401576,-31.7313376358,0.308203074365,0.0981040855226,nan,nan,fm^4 / MeV
q20_from_e0,gamma_1,0.774127112862,-31.7408724336,0.344421592785,0.109632797999,nan,nan,fm^4 / MeV
q20_from_e0,gamma_1,0.851539824148,-31.7615137155,0.35410396393,0.112714792456,nan,nan,fm^4 / MeV
q20_from_e0,gamma_1,0.928952535434,-31.811206383,0.349921886899,0.111383595992,nan,nan,fm^4 / MeV
q20_from_e0,gamma_1,1.00636524672,-31.8933239438,0.353779706574,0.112611578134,nan,nan,fm^4 / MeV
q20_from_e0,gamma_1,1.08377795801,-31.9943538698,0.383436140318,0.122051514183,nan,nan,fm^4 / MeV
q20_from_e0,gamma_1,1.16119066929,-32.0919877864,0.441477263947,0.14052657764,nan,nan,fm^4 / MeV
q20_from_e0,gamma_1,1.23860338058,-32.1687805871,0.513474086821,0.163443878134,nan,nan,fm^4 / MeV
q20_from_e0,gamma_1,1.31601609186,-32.2230476714,0.576601895708,0.183538083796,nan,nan,fm^4 / MeV
q20_from_e0,gamma_1,1.39342880315,-32.2702446714,0.613580717277,0.195308808281,nan,nan,fm^4 / MeV
q20_from_e0,gamma_1,1.47084151444,-32.3338232447,0.623442248501,0.198447831162,nan,nan,fm^4 / MeV
q20_from_e0,gamma_1,1.54825422572,-32.4310138053,0.622441789262,0.198129375096,nan,nan,fm^4 / MeV
q20_from_e0,gamma_1,1.62566693701,-32.5621997981,0.63438241943,0.201930195726,nan,nan,fm^4 / MeV
q20_from_e0,gamma_1,1.7030796483,-32.7104920172,0.676120164228,0.215215732522,nan,nan,fm^4 / MeV
q20_from_e0,gamma_1,1.78049235958,-32.8519558668,0.747091525684,0.237806618509,nan,nan,fm^4 / MeV
q20_from_e0,gamma_1,1.85790507087,-32.9703940384,0.829398941649,0.264005882717,nan,nan,fm^4 / MeV
q20_from_e0,gamma_1,1.93531778215,-33.0676575252,0.898618227738,0.286039065794,nan,nan,fm^4 / MeV
q20_from_e0,gamma_1,2.01273049344,-33.1630221474,0.938887338933,0.298857121995,nan,nan,fm^4 / MeV
q20_from_e0,gamma_1,2.09014320473,-33.2817661186,0.953051951807,0.303365858307,nan,nan,fm^4 / MeV
q20_from_e0,gamma_1,2.16755591601,-33.439749664,0.96147644814,0.306047458776,nan,nan,fm^4 / MeV
q20_from_e0,gamma_1,2.2449686273,-33.6334329783,0.989966958474,0.315116269878,nan,nan,fm^4 / MeV
q20_from_e0,gamma_1,2.32238133859,-33.8416551453,1.05398707188,0.335494504888,nan,nan,fm^4 / MeV
q20_from_e0,gamma_1,2.39979404987,-34.0384042256,1.14883066047,0.365684156778,nan,nan,fm^4 / MeV
q20_from_e0,gamma_1,2.47720676116,-34.2089974539,1.25200902993,0.398526851819,nan,nan,fm^4 / MeV
q20_from_e0,gamma_1,2.55461947244,-34.3597610893,1.33674660653,0.425499660182,nan,nan,fm^4 / MeV
q20_from_e0,gamma_1,2.63203218373,-34.5150145843,1.38858094106,0.441999041304,nan,nan,fm^4 / MeV
q20_from_e0,gamma_1,2.70944489502,-34.7028152889,1.41489123977,0.450373869495,nan,nan,fm^4 / MeV
q20_from_e0,gamma_1,2.7868576063,-34.9379162801,1.44121860548,0.458754130277,nan,nan,fm^4 / MeV
q20_from_e0,gamma_1,2.86427031759,-35.2123996348,1.49620123703,0.476255645466,nan,nan,fm^4 / MeV
q20_from_e0,gamma_1,2.94168302887,-35.5000665619,1.59405397374,0.507403138952,nan,nan,fm^4 / MeV
q20_from_e0,gamma_1,3.01909574016,-35.7723747824,1.72536457426,0.549200601257,nan,nan,fm^4 / MeV
q20_from_e0,gamma_1,3.09650845145,-36.0164845183,1.86223558934,0.592767998489,nan,nan,fm^4 / MeV
q20_from_e0,gamma_1,3.17392116273,-36.2443040243,1.97515313935,0.628710770982,nan,nan,fm^4 / MeV
q20_from_e0,gamma_1,3.25133387402,-36.4865555841,2.05159712868,0.653043648524,nan,nan,fm^4 / MeV
q20_from_e0,gamma_1,3.32874658531,-36.7749163022,2.10491638781,0.67001569583,nan,nan,fm^4 / MeV
q20_from_e0,gamma_1,3.40615929659,-37.1228096597,2.16753610689,0.689948171485,nan,nan,fm^4 / MeV
q20_from_e0,gamma_1,3.48357200788,-37.5167276512,2.27201799608,0.723205789741,nan,nan,fm^4 / MeV
q20_from_e0,gamma_1,3.56098471916,-37.9239739776,2.43118987418,0.773871772142,nan,nan,fm^4 / MeV
q20_from_e0,gamma_1,3.63839743045,-38.3128069431,2.62966907222,0.837049663079,nan,nan,fm^4 / MeV
q20_from_e0,gamma_1,3.71581014174,-38.6730668065,2.83263254703,0.901654943646,nan,nan,fm^4 / MeV
q20_from_e0,gamma_1,3.79322285302,-39.0244712386,3.00727032705,0.957243875528,nan,nan,fm^4 / MeV
q20_from_e0,gamma_1,3.87063556431,-39.4067591389,3.14424018224,1.00084273454,nan,nan,fm^4 / MeV
q20_from_e0,gamma_1,3.94804827559,-39.8568377978,3.26575870762,1.03952328253,nan,nan,fm^4 / MeV
q20_from_e0,gamma_1,4.02546098688,-40.3864647406,3.41453612316,1.08688060473,nan,nan,fm^4 / MeV
q20_from_e0,gamma_1,4.10287369817,-40.9744468286,3.62935930493,1.15526094727,nan,nan,fm^4 / MeV
q20_from_e0,gamma_1,4.18028640945,-41.5791324716,3.92180105494,1.24834804743,nan,nan,fm^4 / MeV
q20_from_e0,gamma_1,4.25769912074,-42.1646770462,4.26873840413,1.35878163557,nan,nan,fm^4 / MeV
q20_from_e0,gamma_1,4.33511183203,-42.7255436981,4.62645074665,1.4726450106,nan,nan,fm^4 / MeV
q20_from_e0,gamma_1,4.41252454331,-43.2937618683,4.95898201171,1.57849299974,nan,nan,fm^4 / MeV
q20_from_e0,gamma_1,4.4899372546,-43.9231706226,5.26403036471,1.67559290626,nan,nan,fm^4 / MeV
q20_from_e0,gamma_1,4.56734996588,-44.6588675433,5.57997620495,1.77616159071,nan,nan,fm^4 / MeV
q20_from_e0,gamma_1,4.64476267717,-45.5099845023,5.96826583827,1.8997580197,nan,nan,fm^4 / MeV
q20_from_e0,gamma_1,4.72217538846,-46.4432554605,6.48041780584,2.0627810542,nan,nan,fm^4 / MeV
q20_from_e0,gamma_1,4.79958809974,-47.4032007686,7.12940350546,2.26935961838,nan,nan,fm^4 / MeV
q20_from_e0,gamma_1,4.87700081103,-48.348460542,7.8841708474,2.50960952509,nan,nan,fm^4 / MeV
q20_from_e0,gamma_1,4.95441352232,-49.2826071573,8.69324563476,2.76714602857,nan,nan,fm^4 / MeV
q20_from_e0,gamma_1,5.0318262336,-50.2590993816,9.52557845336,3.03208579332,nan,nan,fm^4 / MeV
q20_from_e0,gamma_1,5.10923894489,-51.354281468,10.4047184454,3.31192474414,nan,nan,fm^4 / MeV
q20_from_e0,gamma_1,5.18665165617,-52.6218946083,11.4141258158,3.63322908932,nan,nan,fm^4 / MeV
q20_from_e0,gamma_1,5.26406436746,-54.0557807481,12.6674113515,4.03216226553,nan,nan,fm^4 / MeV
q20_from_e0,gamma_1,5.34147707875,-55.5852717072,14.2591743565,4.53883616648,nan,nan,fm^4 / MeV
q20_from_e0,gamma_1,5.41888979003,-57.1095491302,16.2269155105,5.16518762928,nan,nan,fm^4 / MeV
q20_from_e0,gamma_1,5.49630250132,-58.5521858752,18.5519358888,5.90526460124,nan,nan,fm^4 / MeV
q20_from_e0,gamma_1,5.5737152126,-59.8997291603,21.2061176215,6.75011688651,nan,nan,fm^4 / MeV
q20_from_e0,gamma_1,5.65112792389,-61.190566331,24.2219405859,7.71008315105,nan,nan,fm^4 / MeV
q20_from_e0,gamma_1,5.72854063518,-62.444436352,27.7415081984,8.83039631721,nan,nan,fm^4 / MeV
q20_from_e0,gamma_1,5.80595334646,-63.5583683131,32.0010403027,10.1862474965,nan,nan,fm^4 / MeV
q20_from_e0,gamma_1,5.88336605775,-64.223015149,37.2339005058,11.8519186322,nan,nan,fm^4 / MeV
q20_from_e0,gamma_1,5.96077876904,-63.9170993802,43.5173673986,13.8520082637,nan,nan,fm^4 / MeV
q20_from_e0,gamma_1,6.03819148032,-62.0107719325,50.6256216445,16.1146358636,nan,nan,fm^4 / MeV
q20_from_e0,gamma_1,6.11560419161,-57.9604939559,57.9632736364,18.450283034,nan,nan,fm^4 / MeV
q20_from_e0,gamma_1,6.19301690289,-51.5302663813,64.6304420827,20.5725086634,nan,nan,fm^4 / MeV
q20_from_e0,gamma_1,6.27042961418,-42.9505178359,69.6190528834,22.1604327995,nan,nan,fm^4 / MeV
q20_from_e0,gamma_1,6.34784232547,-32.9407471644,72.0824888927,22.9445688353,nan,nan,fm^4 / MeV
q20_from_e0,gamma_1,6.42525503675,-22.5715227461,71.5836039436,22.7857688239,nan,nan,fm^4 / MeV
q20_from_e0,gamma_1,6.50266774804,-13.0051905756,68.2279481567,21.7176304123,nan,nan,fm^4 / MeV
q20_from_e0,gamma_1,6.58008045932,-5.20446011512,62.6308621445,19.9360226008,nan,nan,fm^4 / MeV
q20_from_e0,gamma_1,6.65749317061,0.288639002818,55.7313398264,17.739836437,nan,nan,fm^4 / MeV
q20_from_e0,gamma_1,6.7349058819,3.4301936203,48.5241276794,15.4457095588,nan,nan,fm^4 / MeV
q20_from_e0,gamma_1,6.81231859318,4.59350068174,41.8089851339,13.3082132994,nan,nan,fm^4 / MeV
q20_from_e0,gamma_1,6.88973130447,4.37649445634,36.0415262849,11.4723741296,nan,nan,fm^4 / MeV
q20_from_e0,gamma_1,6.96714401576,3.38179656811,31.3220785816,9.97012726834,nan,nan,fm^4 / MeV
q20_from_e0,gamma_1,7.04455672704,2.05287437547,27.5006951803,8.75374315281,nan,nan,fm^4 / MeV
q20_from_e0,gamma_1,7.12196943833,0.6142997303,24.3341675877,7.74580611523,nan,nan,fm^4 / MeV
q20_from_e0,gamma_1,7.19938214961,-0.886858276327,21.6215658393,6.88235816142,nan,nan,fm^4 / MeV
q20_from_e0,gamma_1,7.2767948609,-2.48332212995,19.2687601688,6.13343685624,nan,nan,fm^4 / MeV
q20_from_e0,gamma_1,7.35420757219,-4.19329794462,17.2743537357,5.49859757151,nan,nan,fm^4 / MeV
q20_from_e0,gamma_1,7.43162028347,-5.97410397948,15.6674699858,4.98711058798,nan,nan,fm^4 / MeV
q20_from_e0,gamma_1,7.50903299476,-7.73462935124,14.4443896907,4.59779203845,nan,nan,fm^4 / MeV
q20_from_e0,gamma_1,7.58644570605,-9.3846385725,13.5412653165,4.31031862169,nan,nan,fm^4 / MeV
q20_from_e0,gamma_1,7.66385841733,-10.8832269853,12.8529251578,4.09121314411,nan,nan,fm^4 / MeV
q20_from_e0,gamma_1,7.74127112862,-12.2557867099,12.279745381,3.90876435461,nan,nan,fm^4 / MeV
q20_from_e0,gamma_1,7.8186838399,-13.5717375714,11.7707115424,3.74673385137,nan,nan,fm^4 / MeV
q20_from_e0,gamma_1,7.89609655119,-14.8995115125,11.3368130242,3.60861966342,nan,nan,fm^4 / MeV
q20_from_e0,gamma_1,7.97350926248,-16.2672439298,11.0291466768,3.5106864234,nan,nan,fm^4 / MeV
q20_from_e0,gamma_1,8.05092197376,-17.6518375959,10.8976688027,3.46883571627,nan,nan,fm^4 / MeV
q20_from_e0,gamma_1,8.12833468505,-19.0004091472,10.9569999427,3.48772140466,nan,nan,fm^4 / MeV
q20_from_e0,gamma_1,8.20574739633,-20.2683014005,11.1798688555,3.55866278293,nan,nan,fm^4 / MeV
q20_from_e0,gamma_1,8.28316010762,-21.4483628468,11.5210458062,3.66726277929,nan,nan,fm^4 / MeV
q20_from_e0,gamma_1,8.36057281891,-22.5720141797,11.9557829726,3.80564391724,nan,nan,fm^4 / MeV
q20_from_e0,gamma_1,8.43798553019,-23.6798046071,12.5077037965,3.9813257719,nan,nan,fm^4 / MeV
q20_from_e0,gamma_1,8.51539824148,-24.7775915161,13.2466275257,4.21653250002,nan,nan,fm^4 / MeV
q20_from_e0,gamma_1,8.59281095277,-25.8037901775,14.2535094099,4.53703295797,nan,nan,fm^4 / MeV
q20_from_e0,gamma_1,8.67022366405,-26.6284149287,15.5680783877,4.95547325969,nan,nan,fm^4 / MeV
q20_from_e0,gamma_1,8.74763637534,-27.0887597482,17.1449134885,5.45739546114,nan,nan,fm^4 / MeV
q20_from_e0,gamma_1,8.82504908662,-27.048223812,18.8405410173,5.99713046687,nan,nan,fm^4 / MeV
q20_from_e0,gamma_1,8.90246179791,-26.4534495645,20.439831264,6.50620036326,nan,nan,fm^4 / MeV
q20_from_e0,gamma_1,8.9798745092,-25.3658342459,21.7122693942,6.91122999966,nan,nan,fm^4 / MeV
q20_from_e0,gamma_1,9.05728722048,-23.9552246736,22.4763799093,7.15445393077,nan,nan,fm^4 / MeV
q20_from_e0,gamma_1,9.13469993177,-22.4595905317,22.6489268492,7.20937732754,nan,nan,fm^4 / MeV
q20_from_e0,gamma_1,9.21211264305,-21.1268204845,22.2638730551,7.08681089817,nan,nan,fm^4 / MeV
q20_from_e0,gamma_1,9.28952535434,-20.1585566277,21.4590821297,6.8306379903,nan,nan,fm^4 / MeV
q20_from_e0,gamma_1,9.36693806563,-19.6712495246,20.4397244244,6.50616635516,nan,nan,fm^4 / MeV
q20_from_e0,gamma_1,9.44435077691,-19.6805580399,19.4320244917,6.18540550427,nan,nan,fm^4 / MeV
q20_from_e0,gamma_1,9.5217634882,-20.1071130609,18.6392544236,5.93305895412,nan,nan,fm^4 / MeV
q20_from_e0,gamma_1,9.59917619949,-20.7977706236,18.2069494287,5.79545200041,nan,nan,fm^4 / MeV
q20_from_e0,gamma_1,9.67658891077,-21.5566405917,18.200105089,5.79327337941,nan,nan,fm^4 / MeV
q20_from_e0,gamma_1,9.75400162206,-22.1817452196,18.5936195149,5.91853291153,nan,nan,fm^4 / MeV
q20_from_e0,gamma_1,9.83141433334,-22.5033784911,19.2776359509,6.13626210543,nan,nan,fm^4 / MeV
q20_from_e0,gamma_1,9.90882704463,-22.4183633358,20.0791733869,6.39139939545,nan,nan,fm^4 / MeV
q20_from_e0,gamma_1,9.98623975592,-21.9122071969,20.7985040011,6.62036944138,nan,nan,fm^4 / MeV
q20_from_e0,gamma_1,10.0636524672,-21.0615050672,21.2534839293,6.76519405055,nan,nan,fm^4 / MeV
q20_from_e0,gamma_1,10.1410651785,-20.0135207158,21.3202167569,6.78643576929,nan,nan,fm^4 / MeV
q20_from_e0,gamma_1,10.2184778898,-18.947625562,20.957472567,6.67097070751,nan,nan,fm^4 / MeV
q20_from_e0,gamma_1,10.2958906011,-18.0306207399,20.2069553084,6.43207364435,nan,nan,fm^4 / MeV
q20_from_e0,gamma_1,10.3733033123,-17.3808377914,19.1704010902,6.1021281891,nan,nan,fm^4 / MeV
q20_from_e0,gamma_1,10.4507160236,-17.0522588786,17.9735003738,5.72114285831,nan,nan,fm^4 / MeV
q20_from_e0,gamma_1,10.5281287349,-17.0411496085,16.7311977693,5.32570565765,nan,nan,fm^4 / MeV
q20_from_e0,gamma_1,10.6055414462,-17.3081709733,15.5266555295,4.94228795441,nan,nan,fm^4 / MeV
q20_from_e0,gamma_1,10.6829541575,-17.8034628309,14.4083545259,4.58632168923,nan,nan,fm^4 / MeV
q20_from_e0,gamma_1,10.7603668688,-18.4833667304,13.4007364248,4.26558688616,nan,nan,fm^4 / MeV
q20_from_e0,gamma_1,10.8377795801,-19.3141613764,12.5183116928,3.98470237014,nan,nan,fm^4 / MeV
q20_from_e0,gamma_1,10.9151922914,-20.2662802338,11.7738970447,3.74774782822,nan,nan,fm^4 / MeV
q20_from_e0,gamma_1,10.9926050026,-21.3072801718,11.1775495612,3.55792452862,nan,nan,fm^4 / MeV
q20_from_e0,gamma_1,11.0700177139,-22.4008621369,10.729840751,3.41541438821,nan,nan,fm^4 / MeV
q20_from_e0,gamma_1,11.1474304252,-23.5136472679,10.4169191484,3.31580834851,nan,nan,fm^4 / MeV
q20_from_e0,gamma_1,11.2248431365,-24.6251118168,10.2131658648,3.25095166399,nan,nan,fm^4 / MeV
q20_from_e0,gamma_1,11.3022558478,-25.7332824637,10.0915219988,3.21223121885,nan,nan,fm^4 / MeV
q20_from_e0,gamma_1,11.3796685591,-26.8513073669,10.0357387228,3.19447485061,nan,nan,fm^4 / MeV
q20_from_e0,gamma_1,11.4570812704,-27.9961350724,10.0468843251,3.19802260602,nan,nan,fm^4 / MeV
q20_from_e0,gamma_1,11.5344939816,-29.1761049855,10.1398757592,3.22762269882,nan,nan,fm^4 / MeV
q20_from_e0,gamma_1,11.6119066929,-30.3853711845,10.3324488996,3.28892063322,nan,nan,fm^4 / MeV
q20_from_e0,gamma_1,11.6893194042,-31.608671695,10.6344149994,3.38503942809,nan,nan,fm^4 / MeV
q20_from_e0,gamma_1,11.7667321155,-32.8326346168,11.0453742953,3.51585183478,nan,nan,fm^4 / MeV
q20_from_e0,gamma_1,11.8441448268,-34.0543915917,11.5635229106,3.68078366157,nan,nan,fm^4 / MeV
q20_from_e0,gamma_1,11.9215575381,-35.2787445513,12.1999318395,3.88335891527,nan,nan,fm^4 / MeV
q20_from_e0,gamma_1,11.9989702494,-36.5019947558,12.9869990976,4.13389020461,nan,nan,fm^4 / MeV
q20_from_e0,gamma_1,12.0763829606,-37.690128128,13.9709128082,4.44707966586,nan,nan,fm^4 / MeV
q20_from_e0,gamma_1,12.1537956719,-38.7654654547,15.1862629465,4.83393763005,nan,nan,fm^4 / MeV
q20_from_e0,gamma_1,12.2312083832,-39.6144971358,16.6222473375,5.29102565812,nan,nan,fm^4 / MeV
q20_from_e0,gamma_1,12.3086210945,-40.1200550097,18.1976890964,5.79250434508,nan,nan,fm^4 / MeV
q20_from_e0,gamma_1,12.3860338058,-40.2077591039,19.7611309938,6.29016335751,nan,nan,fm^4 / MeV
q20_from_e0,gamma_1,12.4634465171,-39.8869990346,21.1219905338,6.72333840279,nan,nan,fm^4 / MeV
q20_from_e0,gamma_1,12.5408592284,-39.2664155219,22.1038630254,7.03587812383,nan,nan,fm^4 / MeV
q20_from_e0,gamma_1,12.6182719396,-38.5339766906,22.5992616417,7.19356840099,nan,nan,fm^4 / MeV
q20_from_e0,gamma_1,12.6956846509,-37.9076357154,22.6029024241,7.19472729804,nan,nan,fm^4 / MeV
q20_from_e0,gamma_1,12.7730973622,-37.5761738708,22.2096891697,7.06956363179,nan,nan,fm^4 / MeV
q20_from_e0,gamma_1,12.8505100735,-37.6540925184,21.5794517967,6.8689528453,nan,nan,fm^4 / MeV
q20_from_e0,gamma_1,12.9279227848,-38.1671110001,20.8851383769,6.64794601969,nan,nan,fm^4 / MeV
q20_from_e0,gamma_1,13.0053354961,-39.0698912497,20.2671186398,6.45122422752,nan,nan,fm^4 / MeV
q20_from_e0,gamma_1,13.0827482074,-40.282971511,19.8108246341,6.30598133449,nan,nan,fm^4 / MeV
q20_from_e0,gamma_1,13.1601609186,-41.7290772575,19.5515965991,6.22346648816,nan,nan,fm^4 / MeV
q20_from_e0,gamma_1,13.2375736299,-43.3529688121,19.4969090944,6.20605891477,nan,nan,fm^4 / MeV
q20_from_e0,gamma_1,13.3149863412,-45.120687996,19.6494950786,6.25462854205,nan,nan,fm^4 / MeV
q20_from_e0,gamma_1,13.3923990525,-47.006261744,20.018264344,6.37201144493,nan,nan,fm^4 / MeV
q20_from_e0,gamma_1,13.4698117638,-48.9795538268,20.6143953051,6.56176582331,nan,nan,fm^4 / MeV
q20_from_e0,gamma_1,13.5472244751,-51.0052487826,21.4406205677,6.82476149261,nan,nan,fm^4 / MeV
q20_from_e0,gamma_1,13.6246371864,-53.0529306792,22.4858247363,7.15746031256,nan,nan,fm^4 / MeV
q20_from_e0,gamma_1,13.7020498977,-55.1087546473,23.7322324602,7.5542042133,nan,nan,fm^4 / MeV
q20_from_e0,gamma_1,13.7794626089,-57.1767404995,25.1720422759,8.01250991187,nan,nan,fm^4 / MeV
q20_from_e0,gamma_1,13.8568753202,-59.2642149874,26.8214024074,8.53751754758,nan,nan,fm^4 / MeV
q20_from_e0,gamma_1,13.9342880315,-61.3575443495,28.7184944414,9.141380697,nan,nan,fm^4 / MeV
q20_from_e0,gamma_1,14.0117007428,-63.4035805651,30.9008158751,9.8360351842,nan,nan,fm^4 / MeV
q20_from_e0,gamma_1,14.0891134541,-65.3126606017,33.3701478043,10.6220479495,nan,nan,fm^4 / MeV
q20_from_e0,gamma_1,14.1665261654,-66.9890819106,36.0641450486,11.4795739057,nan,nan,fm^4 / MeV
q20_from_e0,gamma_1,14.2439388767,-68.379569198,38.8540691901,12.3676343417,nan,nan,fm^4 / MeV
q20_from_e0,gamma_1,14.3213515879,-69.5179594652,41.5773594756,13.2344845625,nan,nan,fm^4 / MeV
q20_from_e0,gamma_1,14.3987642992,-70.542618868,44.0966055903,14.0363855066,nan,nan,fm^4 / MeV
q20_from_e0,gamma_1,14.4761770105,-71.6737934085,46.3621527023,14.7575315499,nan,nan,fm^4 / MeV
q20_from_e0,gamma_1,14.5535897218,-73.1560599014,48.4520138931,15.4227550277,nan,nan,fm^4 / MeV
q20_from_e0,gamma_1,14.6310024331,-75.1869176889,50.5722037788,16.0976324289,nan,nan,fm^4 / MeV
q20_from_e0,gamma_1,14.7084151444,-77.8580097035,53.0180884484,16.8761816997,nan,nan,fm^4 / MeV
q20_from_e0,gamma_1,14.7858278557,-81.1279594507,56.113511281,17.8614853892,nan,nan,fm^4 / MeV
q20_from_e0,gamma_1,14.8632405669,-84.8300882277,60.150918121,19.1466319009,nan,nan,fm^4 / MeV
q20_from_e0,gamma_1,14.9406532782,-88.7034908449,65.3499209264,20.8015258922,nan,nan,fm^4 / MeV
q20_from_e0,gamma_1,15.0180659895,-92.4301872258,71.8384021055,22.8668735978,nan,nan,fm^4 / MeV
q20_from_e0,gamma_1,15.0954787008,-95.6664600159,79.6483319038,25.352851463,nan,nan,fm^4 / MeV
q20_from_e0,gamma_1,15.1728914121,-98.0679294232,88.7155071496,28.2390229835,nan,nan,fm^4 / MeV
q20_from_e0,gamma_1,15.2503041234,-99.3163381321,98.8796502791,31.4743702262,nan,nan,fm^4 / MeV
q20_from_e0,gamma_1,15.3277168347,-99.1543698291,109.892576247,34.9798934377,nan,nan,fm^4 / MeV
q20_from_e0,gamma_1,15.4051295459,-97.4231245279,121.447634277,38.6579826439,nan,nan,fm^4 / MeV
q20_from_e0,gamma_1,15.4825422572,-94.083032525,133.236419125,42.4104694071,nan,nan,fm^4 / MeV
q20_from_e0,gamma_1,15.5599549685,-89.1944516822,145.020128479,46.1613405904,nan,nan,fm^4 / MeV
q20_from_e0,gamma_1,15.6373676798,-82.846613447,156.683149172,49.87379538,nan,nan,fm^4 / MeV
q20_from_e0,gamma_1,15.7147803911,-75.0507982782,168.229582603,53.5491392912,nan,nan,fm^4 / MeV
q20_from_e0,gamma_1,15.7921931024,-65.6428761737,179.699028249,57.1999772292,nan,nan,fm^4 / MeV
q20_from_e0,gamma_1,15.8696058137,-54.2539964457,191.013991999,60.8016420528,nan,nan,fm^4 / MeV
q20_from_e0,gamma_1,15.947018525,-40.3933872089,201.812863007,64.2390294541,nan,nan,fm^4 / MeV
q20_from_e0,gamma_1,16.0244312362,-23.6443515286,211.347828275,67.2741031634,nan,nan,fm^4 / MeV
q20_from_e0,gamma_1,16.1018439475,-3.91961031386,218.518880904,69.5567201094,nan,nan,fm^4 / MeV
q20_from_e0,gamma_1,16.1792566588,18.3193596437,222.07021206,70.6871439257,nan,nan,fm^4 / MeV
q20_from_e0,gamma_1,16.2566693701,41.9794534179,220.909058394,70.3175372342,nan,nan,fm^4 / MeV
q20_from_e0,gamma_1,16.3340820814,65.4504968835,214.447722291,68.2608300749,nan,nan,fm^4 / MeV
q20_from_e0,gamma_1,16.4114947927,86.9065228413,202.84542924,64.5677054944,nan,nan,fm^4 / MeV
q20_from_e0,gamma_1,16.488907504,104.708181914,187.052575817,59.5406841188,nan,nan,fm^4 / MeV
q20_from_e0,gamma_1,16.5663202152,117.775532718,168.628364432,53.6760754897,nan,nan,fm^4 / MeV
q20_from_e0,gamma_1,16.6437329265,125.806317028,149.386491489,47.5511971032,nan,nan,fm^4 / MeV
q20_from_e0,gamma_1,16.7211456378,129.270917124,130.987105039,41.6944904965,nan,nan,fm^4 / MeV
q20_from_e0,gamma_1,16.7985583491,129.198255058,114.609520988,36.4813435811,nan,nan,fm^4 / MeV
q20_from_e0,gamma_1,16.8759710604,126.841628137,100.802891398,32.086556888,nan,nan,fm^4 / MeV
q20_from_e0,gamma_1,16.9533837717,123.348774607,89.538600997,28.5010218924,nan,nan,fm^4 / MeV
q20_from_e0,gamma_1,17.030796483,119.543603632,80.4114470109,25.5957585459,nan,nan,fm^4 / MeV
q20_from_e0,gamma_1,17.1082091942,115.868945763,72.8893304028,23.2013944645,nan,nan,fm^4 / MeV
q20_from_e0,gamma_1,17.1856219055,112.468955793,66.5108185442,21.1710510808,nan,nan,fm^4 / MeV
q20_from_e0,gamma_1,17.2630346168,109.338479979,60.971683795,19.4078897292,nan,nan,fm^4 / MeV
q20_from_e0,gamma_1,17.3404473281,106.455185971,56.1018373227,17.8577694529,nan,nan,fm^4 / MeV
q20_from_e0,gamma_1,17.4178600394,103.838587993,51.7831669703,16.4830939846,nan,nan,fm^4 / MeV
q20_from_e0,gamma_1,17.4952727507,101.529607852,47.8752638622,15.239169791,nan,nan,fm^4 / MeV
q20_from_e0,gamma_1,17.572685462,99.5282232775,44.1964625952,14.0681709784,nan,nan,fm^4 / MeV
q20_from_e0,gamma_1,17.6500981732,97.7440013705,40.5666082683,12.9127524608,nan,nan,fm^4 / MeV
q20_from_e0,gamma_1,17.7275108845,95.9994397282,36.8792076664,11.7390163948,nan,nan,fm^4 / MeV
q20_from_e0,gamma_1,17.8049235958,94.0905016753,33.1542076854,10.5533120749,nan,nan,fm^4 / MeV
q20_from_e0,gamma_1,17.8823363071,91.8735629456,29.5351416714,9.40132758385,nan,nan,fm^4 / MeV
q20_from_e0,gamma_1,17.9597490184,89.3321323356,26.2266387158,8.3481983846,nan,nan,fm^4 / MeV
q20_from_e0,gamma_1,18.0371617297,86.5873732962,23.4014771643,7.44892153269,nan,nan,fm^4 / MeV
q20_from_e0,gamma_1,18.114574441,83.8462662152,21.1225838982,6.72352727654,nan,nan,fm^4 / MeV
q20_from_e0,gamma_1,18.1919871523,81.3132373169,19.3169766688,6.14878464485,nan,nan,fm^4 / MeV
q20_from_e0,gamma_1,18.2693998635,79.1082824967,17.8114630998,5.66956479208,nan,nan,fm^4 / MeV
q20_from_e0,gamma_1,18.3468125748,77.2289951146,16.4092414619,5.22322378209,nan,nan,fm^4 / MeV
q20_from_e0,gamma_1,18.4242252861,75.5699073971,14.9684232832,4.76459711163,nan,nan,fm^4 / MeV
q20_from_e0,gamma_1,18.5016379974,73.9838325725,13.4462286955,4.28006752566,nan,nan,fm^4 / MeV
q20_from_e0,gamma_1,18.5790507087,72.3514591983,11.8930411998,3.78567259069,nan,nan,fm^4 / MeV
q20_from_e0,gamma_1,18.65646342,70.6257047195,10.4066157349,3.31252867012,nan,nan,fm^4 / MeV
q20_from_e0,gamma_1,18.7338761313,68.8342476372,9.07465030758,2.88855090656,nan,nan,fm^4 / MeV
q20_from_e0,gamma_1,18.8112888425,67.0467537371,7.93539554574,2.52591485299,nan,nan,fm^4 / MeV
q20_from_e0,gamma_1,18.8887015538,65.329975767,6.97214781571,2.21930357767,nan,nan,fm^4 / MeV
q20_from_e0,gamma_1,18.9661142651,63.7162502368,6.13740254542,1.9535959057,nan,nan,fm^4 / MeV
q20_from_e0,gamma_1,19.0435269764,62.199495442,5.38748060936,1.71488833958,nan,nan,fm^4 / MeV
q20_from_e0,gamma_1,19.1209396877,60.7554650941,4.70591862477,1.49794042184,nan,nan,fm^4 / MeV
q20_from_e0,gamma_1,19.198352399,59.3698631237,4.10362889757,1.30622564733,nan,nan,fm^4 / MeV
q20_from_e0,gamma_1,19.2757651103,58.0556634169,3.5989477192,1.14558063888,nan,nan,fm^4 / MeV
q20_from_e0,gamma_1,19.3531778215,56.8495510554,3.19217369238,1.0161004447,nan,nan,fm^4 / MeV
q20_from_e0,gamma_1,19.4305905328,55.7907595728,2.85104327578,0.907515260618,nan,nan,fm^4 / MeV
q20_from_e0,gamma_1,19.5080032441,54.8956668382,2.51583115681,0.800813929181,nan,nan,fm^4 / MeV
q20_from_e0,gamma_1,19.5854159554,54.1429851772,2.12082033921,0.675078080789,nan,nan,fm^4 / MeV
q20_from_e0,gamma_1,19.6628286667,53.4773301411,1.61995845392,0.51564879109,nan,nan,fm^4 / MeV
q20_from_e0,gamma_1,19.740241378,52.8282859492,1.0033140323,0.319364775428,nan,nan,fm^4 / MeV
q20_from_e0,gamma_1,19.8176540893,52.1342289088,0.297269005956,0.0946236634519,nan,nan,fm^4 / MeV
q20_from_e0,gamma_1,19.8950668005,51.3592159207,-0.449247568933,-0.142999942535,nan,nan,fm^4 / MeV
q20_from_e0,gamma_1,19.9724795118,50.4968334685,-1.18347457767,-0.376711658118,nan,nan,fm^4 / MeV
q20_from_e0,gamma_1,20.0498922231,49.5629081718,-1.86290141169,-0.592979936325,nan,nan,fm^4 / MeV
q20_from_e0,gamma_1,20.1273049344,48.5843590118,-2.4601140971,-0.783078638246,nan,nan,fm^4 / MeV
q20_from_e0,gamma_1,20.2047176457,47.5913909255,-2.96046662275,-0.942345793737,nan,nan,fm^4 / MeV
q20_from_e0,gamma_1,20.282130357,46.615578133,-3.35855271523,-1.06906053253,nan,nan,fm^4 / MeV
q20_from_e0,gamma_1,20.3595430683,45.6908679843,-3.65842291992,-1.16451218325,nan,nan,fm^4 / MeV
q20_from_e0,gamma_1,20.4369557796,44.8520767874,-3.87778484575,-1.2343372529,nan,nan,fm^4 / MeV
q20_from_e0,gamma_1,20.5143684908,44.1276243624,-4.05170770977,-1.28969861995,nan,nan,fm^4 / MeV
q20_from_e0,gamma_1,20.5917812021,43.5283663552,-4.23014597568,-1.34649728406,nan,nan,fm^4 / MeV
q20_from_e0,gamma_1,20.6691939134,43.0386972177,-4.46692037506,-1.42186491618,nan,nan,fm^4 / MeV
q20_from_e0,gamma_1,20.7466066247,42.6163798752,-4.80350571446,-1.52900335725,nan,nan,fm^4 / MeV
q20_from_e0,gamma_1,20.824019336,42.2032669203,-5.25519419157,-1.67278026499,nan,nan,fm^4 / MeV
q20_from_e0,gamma_1,20.9014320473,41.7427802567,-5.80688663755,-1.84838942468,nan,nan,fm^4 / MeV
q20_from_e0,gamma_1,20.9788447586,41.1957732562,-6.42076402897,-2.04379266727,nan,nan,fm^4 / MeV
q20_from_e0,gamma_1,21.0562574698,40.5471340006,-7.05136648909,-2.24451966458,nan,nan,fm^4 / MeV
q20_from_e0,gamma_1,21.1336701811,39.8010112018,-7.65941383213,-2.43806714514,nan,nan,fm^4 / MeV
q20_from_e0,gamma_1,21.2110828924,38.9695303599,-8.21687798886,-2.61551349742,nan,nan,fm^4 / MeV
q20_from_e0,gamma_1,21.2884956037,38.0638530333,-8.70186569365,-2.76988987853,nan,nan,fm^4 / MeV
q20_from_e0,gamma_1,21.365908315,37.0946384246,-9.0890942037,-2.89314854149,nan,nan,fm^4 / MeV
q20_from_e0,gamma_1,21.4433210263,36.0821915089,-9.34543930868,-2.97474572268,nan,nan,fm^4 / MeV
q20_from_e0,gamma_1,21.5207337376,35.0689208047,-9.43744265205,-3.00403129644,nan,nan,fm^4 / MeV
q20_from_e0,gamma_1,21.5981464488,34.1231939601,-9.34986689371,-2.97615506677,nan,nan,fm^4 / MeV
q20_from_e0,gamma_1,21.6755591601,33.3270924557,-9.10591471771,-2.89850267739,nan,nan,fm^4 / MeV
q20_from_e0,gamma_1,21.7529718714,32.7496096895,-8.775993053,-2.79348534985,nan,nan,fm^4 / MeV
q20_from_e0,gamma_1,21.8303845827,32.4165252149,-8.46590829437,-2.69478230562,nan,nan,fm^4 / MeV
q20_from_e0,gamma_1,21.907797294,32.2926211615,-8.28566636644,-2.63740951806,nan,nan,fm^4 / MeV
q20_from_e0,gamma_1,21.9852100053,32.2877634979,-8.31121964186,-2.64554337825,nan,nan,fm^4 / MeV
q20_from_e0,gamma_1,22.0626227166,32.2870998695,-8.55710498916,-2.72381111516,nan,nan,fm^4 / MeV
q20_from_e0,gamma_1,22.1400354278,32.1929596965,-8.97417803865,-2.85656959007,nan,nan,fm^4 / MeV
q20_from_e0,gamma_1,22.2174481391,31.9589742446,-9.47484420505,-3.01593658052,nan,nan,fm^4 / MeV
q20_from_e0,gamma_1,22.2948608504,31.5997927717,-9.97424033985,-3.17489930735,nan,nan,fm^4 / MeV
q20_from_e0,gamma_1,22.3722735617,31.1716135149,-10.4272158756,-3.31908589858,nan,nan,fm^4 / MeV
q20_from_e0,gamma_1,22.449686273,30.7336246198,-10.8426270164,-3.45131537153,nan,nan,fm^4 / MeV
q20_from_e0,gamma_1,22.5270989843,30.3104895181,-11.2679162225,-3.5866891303,nan,nan,fm^4 / MeV
q20_from_e0,gamma_1,22.6045116956,29.8756910589,-11.7523891996,-3.74090166852,nan,nan,fm^4 / MeV
q20_from_e0,gamma_1,22.6819244068,29.3647851371,-12.3088981727,-3.9180439764,nan,nan,fm^4 / MeV
q20_from_e0,gamma_1,22.7593371181,28.7119310174,-12.8947242085,-4.10451819518,nan,nan,fm^4 / MeV
q20_from_e0,gamma_1,22.8367498294,27.8906939529,-13.4226257585,-4.27255447747,nan,nan,fm^4 / MeV
q20_from_e0,gamma_1,22.9141625407,26.9375902739,-13.7973877796,-4.39184493377,nan,nan,fm^4 / MeV
q20_from_e0,gamma_1,22.991575252,25.9454937074,-13.9599515175,-4.44359057865,nan,nan,fm^4 / MeV
q20_from_e0,gamma_1,23.0689879633,25.029272428,-13.9172180877,-4.4299881055,nan,nan,fm^4 / MeV
q20_from_e0,gamma_1,23.1464006746,24.2798963921,-13.7428380298,-4.3744812091,nan,nan,fm^4 / MeV
q20_from_e0,gamma_1,23.2238133859,23.7286400223,-13.5487640594,-4.31270554567,nan,nan,fm^4 / MeV
q20_from_e0,gamma_1,23.3012260971,23.3374209628,-13.4414282826,-4.27853950678,nan,nan,fm^4 / MeV
q20_from_e0,gamma_1,23.3786388084,23.018069342,-13.4829548512,-4.2917578241,nan,nan,fm^4 / MeV
q20_from_e0,gamma_1,23.4560515197,22.6695522411,-13.6739162938,-4.35254273917,nan,nan,fm^4 / MeV
q20_from_e0,gamma_1,23.533464231,22.2149094656,-13.9624594067,-4.4443888646,nan,nan,fm^4 / MeV
q20_from_e0,gamma_1,23.6108769423,21.6220812777,-14.2717257054,-4.54283138494,nan,nan,fm^4 / MeV
q20_from_e0,gamma_1,23.6882896536,20.9028059651,-14.5301034175,-4.62507556506,nan,nan,fm^4 / MeV
q20_from_e0,gamma_1,23.7657023649,20.0953738331,-14.6902551858,-4.67605345621,nan,nan,fm^4 / MeV
q20_from_e0,gamma_1,23.8431150761,19.2439251468,-14.7313594417,-4.68913734722,nan,nan,fm^4 / MeV
q20_from_e0,gamma_1,23.9205277874,18.3859738727,-14.6491696575,-4.66297552636,nan,nan,fm^4 / MeV
q20_from_e0,gamma_1,23.9979404987,17.552394777,-14.444474998,-4.59781919258,nan,nan,fm^4 / MeV
q20_from_e0,gamma_1,24.07535321,16.7752115777,-14.1193502921,-4.49432878447,nan,nan,fm^4 / MeV
q20_from_e0,gamma_1,24.1527659213,16.0935983575,-13.6836025257,-4.35562596255,nan,nan,fm^4 / MeV
q20_from_e0,gamma_1,24.2301786326,15.5502769168,-13.1657539497,-4.19078964125,nan,nan,fm^4 / MeV
q20_from_e0,gamma_1,24.3075913439,15.1775321235,-12.6188404638,-4.01670167179,nan,nan,fm^4 / MeV
q20_from_e0,gamma_1,24.3850040551,14.97982562,-12.1137227009,-3.85591769419,nan,nan,fm^4 / MeV
q20_from_e0,gamma_1,24.4624167664,14.9235942211,-11.7199955782,-3.73059045858,nan,nan,fm^4 / MeV
q20_from_e0,gamma_1,24.5398294777,14.9419727429,-11.4824504373,-3.65497749179,nan,nan,fm^4 / MeV
q20_from_e0,gamma_1,24.617242189,14.9544553133,-11.4046408778,-3.63020993977,nan,nan,fm^4 / MeV
q20_from_e0,gamma_1,24.6946549003,14.8933576326,-11.4482139505,-3.64407967958,nan,nan,fm^4 / MeV
q20_from_e0,gamma_1,24.7720676116,14.7250500643,-11.5488660636,-3.67611824225,nan,nan,fm^4 / MeV
q20_from_e0,gamma_1,24.8494803229,14.4564943113,-11.6414519076,-3.70558923172,nan,nan,fm^4 / MeV
q20_from_e0,gamma_1,24.9268930341,14.1251292423,-11.6825283378,-3.71866426555,nan,nan,fm^4 / MeV
q20_from_e0,gamma_1,25.0043057454,13.7783612826,-11.6606500318,-3.71170018444,nan,nan,fm^4 / MeV
q20_from_e0,gamma_1,25.0817184567,13.4533307362,-11.5916515021,-3.68973727032,nan,nan,fm^4 / MeV
q20_from_e0,gamma_1,25.159131168,13.1660845925,-11.5038858317,-3.66180058975,nan,nan,fm^4 / MeV
q20_from_e0,gamma_1,25.2365438793,12.913088893,-11.4226447688,-3.63594075628,nan,nan,fm^4 / MeV
q20_from_e0,gamma_1,25.3139565906,12.6810140043,-11.3616987607,-3.61654103939,nan,nan,fm^4 / MeV
q20_from_e0,gamma_1,25.3913693019,12.4569773618,-11.3243271955,-3.60464530071,nan,nan,fm^4 / MeV
q20_from_e0,gamma_1,25.4687820132,12.2328059207,-11.3100278039,-3.60009366299,nan,nan,fm^4 / MeV
q20_from_e0,gamma_1,25.5461947244,12.002082948,-11.3200895696,-3.60329642248,nan,nan,fm^4 / MeV
q20_from_e0,gamma_1,25.6236074357,11.7542184428,-11.3570179783,-3.61505110007,nan,nan,fm^4 / MeV
q20_from_e0,gamma_1,25.701020147,11.4719736979,-11.4179807319,-3.63445614723,nan,nan,fm^4 / MeV
q20_from_e0,gamma_1,25.7784328583,11.1364101996,-11.4874672439,-3.65657439096,nan,nan,fm^4 / MeV
q20_from_e0,gamma_1,25.8558455696,10.7377554984,-11.5358354961,-3.67197048381,nan,nan,fm^4 / MeV
q20_from_e0,gamma_1,25.9332582809,10.2857833258,-11.5272281735,-3.66923068792,nan,nan,fm^4 / MeV
q20_from_e0,gamma_1,26.0106709922,9.81230947887,-11.4343411813,-3.63966384001,nan,nan,fm^4 / MeV
q20_from_e0,gamma_1,26.0880837034,9.36225456861,-11.2524655732,-3.58177103591,nan,nan,fm^4 / MeV
q20_from_e0,gamma_1,26.1654964147,8.97633444125,-11.0044351325,-3.50282049456,nan,nan,fm^4 / MeV
q20_from_e0,gamma_1,26.242909126,8.67387956671,-10.7324416779,-3.41624228897,nan,nan,fm^4 / MeV
q20_from_e0,gamma_1,26.3203218373,8.44512410309,-10.479866427,-3.33584508959,nan,nan,fm^4 / MeV
q20_from_e0,gamma_1,26.3977345486,8.25771465117,-10.2721978789,-3.2697421377,nan,nan,fm^4 / MeV
q20_from_e0,gamma_1,26.4751472599,8.07454333111,-10.1071880195,-3.21721786812,nan,nan,fm^4 / MeV
q20_from_e0,gamma_1,26.5525599712,7.87359778712,-9.95975330678,-3.1702879415,nan,nan,fm^4 / MeV
q20_from_e0,gamma_1,26.6299726824,7.65908426083,-9.79917343714,-3.11917378147,nan,nan,fm^4 / MeV
q20_from_e0,gamma_1,26.7073853937,7.45761581314,-9.6092914294,-3.0587324612,nan,nan,fm^4 / MeV
q20_from_e0,gamma_1,26.784798105,7.30136999606,-9.40057657731,-2.99229646038,nan,nan,fm^4 / MeV
q20_from_e0,gamma_1,26.8622108163,7.20732579386,-9.20721767138,-2.93074840905,nan,nan,fm^4 / MeV
q20_from_e0,gamma_1,26.9396235276,7.16394703692,-9.0705484786,-2.88724525385,nan,nan,fm^4 / MeV
q20_from_e0,gamma_1,27.0170362389,7.13269276881,-9.01757225943,-2.87038239955,nan,nan,fm^4 / MeV
q20_from_e0,gamma_1,27.0944489502,7.0637061459,-9.04600422698,-2.87943257591,nan,nan,fm^4 / MeV
q20_from_e0,gamma_1,27.1718616614,6.91742458862,-9.12364513945,-2.90414644592,nan,nan,fm^4 / MeV
q20_from_e0,gamma_1,27.2492743727,6.68086474822,-9.20209677445,-2.92911837693,nan,nan,fm^4 / MeV
q20_from_e0,gamma_1,27.326687084,6.3705381218,-9.23721330933,-2.94029631715,nan,nan,fm^4 / MeV
q20_from_e0,gamma_1,27.4040997953,6.02143197275,-9.20546074213,-2.9301891611,nan,nan,fm^4 / MeV
q20_from_e0,gamma_1,27.4815125066,5.668972779,-9.10819218519,-2.89922761781,nan,nan,fm^4 / MeV
q20_from_e0,gamma_1,27.5589252179,5.33420036411,-8.96295831204,-2.85299824018,nan,nan,fm^4 / MeV
q20_from_e0,gamma_1,27.6363379292,5.01980876606,-8.78820786544,-2.79737344541,nan,nan,fm^4 / MeV
q20_from_e0,gamma_1,27.7137506405,4.71793266562,-8.59098255262,-2.73459467853,nan,nan,fm^4 / MeV
q20_from_e0,gamma_1,27.7911633517,4.42361467291,-8.36475433798,-2.66258400128,nan,nan,fm^4 / MeV
q20_from_e0,gamma_1,27.868576063,4.14481152961,-8.09800306184,-2.57767443293,nan,nan,fm^4 / MeV
q20_from_e0,gamma_1,27.9459887743,3.90228485152,-7.78744023824,-2.4788192159,nan,nan,fm^4 / MeV
q20_from_e0,gamma_1,28.0234014856,3.71919163248,-7.44691334663,-2.37042613979,nan,nan,fm^4 / MeV
q20_from_e0,gamma_1,28.1008141969,3.60674186427,-7.10564079991,-2.26179571428,nan,nan,fm^4 / MeV
q20_from_e0,gamma_1,28.1782269082,3.55500811919,-6.79595219747,-2.16321877049,nan,nan,fm^4 / MeV
q20_from_e0,gamma_1,28.2556396195,3.53521007755,-6.53726119188,-2.08087486594,nan,nan,fm^4 / MeV
q20_from_e0,gamma_1,28.3330523307,3.51313773628,-6.3256745977,-2.01352476123,nan,nan,fm^4 / MeV
q20_from_e0,gamma_1,28.410465042,3.46670276949,-6.13579347231,-1.95308372182,nan,nan,fm^4 / MeV
q20_from_e0,gamma_1,28.4878777533,3.39784075959,-5.93446289976,-1.88899821019,nan,nan,fm^4 / MeV
q20_from_e0,gamma_1,28.5652904646,3.33181064409,-5.69936534397,-1.81416433396,nan,nan,fm^4 / MeV
q20_from_e0,gamma_1,28.6427031759,3.30381363255,-5.432386553,-1.72918234539,nan,nan,fm^4 / MeV
q20_from_e0,gamma_1,28.7201158872,3.33990179368,-5.1603597018,-1.64259350935,nan,nan,fm^4 / MeV
q20_from_e0,gamma_1,28.7975285985,3.44236945639,-4.92264126483,-1.56692538073,nan,nan,fm^4 / MeV
q20_from_e0,gamma_1,28.8749413097,3.58739105143,-4.75214516726,-1.51265478732,nan,nan,fm^4 / MeV
q20_from_e0,gamma_1,28.952354021,3.73596416974,-4.65993912633,-1.48330469293,nan,nan,fm^4 / MeV
q20_from_e0,gamma_1,29.0297667323,3.85201704335,-4.63137890755,-1.47421369294,nan,nan,fm^4 / MeV
q20_from_e0,gamma_1,29.1071794436,3.9178647628,-4.63528860006,-1.47545818671,nan,nan,fm^4 / MeV
q20_from_e0,gamma_1,29.1845921549,3.93902734796,-4.64057661613,-1.47714141451,nan,nan,fm^4 / MeV
q20_from_e0,gamma_1,29.2620048662,3.9366023051,-4.63089677982,-1.47406022691,nan,nan,fm^4 / MeV
q20_from_e0,gamma_1,29.3394175775,3.93233391073,-4.60954659039,-1.46726425055,nan,nan,fm^4 / MeV
q20_from_e0,gamma_1,29.4168302887,3.93530753418,-4.59268928906,-1.46189840488,nan,nan,fm^4 / MeV
q20_from_e0,gamma_1,29.494243,3.93777472145,-4.59572260625,-1.46286393973,nan,nan,fm^4 / MeV
q20_from_e0,gamma_1,29.5716557113,3.92195310193,-4.62133090356,-1.47101531393,nan,nan,fm^4 / MeV
q20_from_e0,gamma_1,29.6490684226,3.87311391052,-4.65640466481,-1.48217963888,nan,nan,fm^4 / MeV
q20_from_e0,gamma_1,29.7264811339,3.790662186,-4.67950161694,-1.48953162709,nan,nan,fm^4 / MeV
q20_from_e0,gamma_1,29.8038938452,3.69026300417,-4.67414323061,-1.48782599974,nan,nan,fm^4 / MeV
q20_from_e0,gamma_1,29.8813065565,3.59550540553,-4.63972087394,-1.47686902331,nan,nan,fm^4 / MeV
q20_from_e0,gamma_1,29.9587192678,3.52390366633,-4.59314980009,-1.46204499009,nan,nan,fm^4 / MeV
q20_from_e0,gamma_2,0,-31.2453628361,0,0,nan,nan,fm^4 / MeV
q20_from_e0,gamma_2,0.0774127112862,-31.2473239626,0.0581471663122,0.0185088178908,nan,nan,fm^4 / MeV
q20_from_e0,gamma_2,0.154825422572,-31.2532610329,0.116229980909,0.0369971519942,nan,nan,fm^4 / MeV
q20_from_e0,gamma_2,0.232238133859,-31.2633059778,0.174254732675,0.0554670041248,nan,nan,fm^4 / MeV
q20_from_e0,gamma_2,0.309650845145,-31.2775991532,0.232327401989,0.0739521088844,nan,nan,fm^4 / MeV
q20_from_e0,gamma_2,0.387063556431,-31.296220909,0.290624862232,0.0925087668193,nan,nan,fm^4 / MeV
q20_from_e0,gamma_2,0.464476267717,-31.3191653433,0.34932712662,0.111194277915,nan,nan,fm^4 / MeV
q20_from_e0,gamma_2,0.541888979003,-31.3463708784,0.408552988364,0.130046455226,nan,nan,fm^4 / MeV
q20_from_e0,gamma_2,0.619301690289,-31.3777872881,0.468338790731,0.149076867173,nan,nan,fm^4 / MeV
q20_from_e0,gamma_2,0.696714401576,-31.4134364733,0.528673004783,0.168281843981,nan,nan,fm^4 / MeV
q20_from_e0,gamma_2,0.774127112862,-31.4534283939,0.589564435217,0.187664188272,nan,nan,fm^4 / MeV
q20_from_e0,gamma_2,0.851539824148,-31.4979216454,0.651100726214,0.207251798055,nan,nan,fm^4 / MeV
q20_from_e0,gamma_2,0.928952535434,-31.5470529725,0.713459562074,0.227101232,nan,nan,fm^4 / MeV
q20_from_e0,gamma_2,1.00636524672,-31.6008799991,0.776864212961,0.247283559208,nan,nan,fm^4 / MeV
q20_from_e0,gamma_2,1.08377795801,-31.6593740723,0.84150995256,0.267860937222,nan,nan,fm^4 / MeV
q20_from_e0,gamma_2,1.16119066929,-31.7224695967,0.90750679413,0.288868384351,nan,nan,fm^4 / MeV
q20_from_e0,gamma_2,1.23860338058,-31.7901411653,0.974874980031,0.310312343937,nan,nan,fm^4 / MeV
q20_from_e0,gamma_2,1.31601609186,-31.8624618494,1.0435978491,0.332187512569,nan,nan,fm^4 / MeV
q20_from_e0,gamma_2,1.39342880315,-31.9396065738,1.11370139695,0.354502164905,nan,nan,fm^4 / MeV
q20_from_e0,gamma_2,1.47084151444,-32.0217975772,1.18531280479,0.377296783985,nan,nan,fm^4 / MeV
q20_from_e0,gamma_2,1.54825422572,-32.109224485,1.25866229289,0.400644651193,nan,nan,fm^4 / MeV
q20_from_e0,gamma_2,1.62566693701,-32.2019876506,1.33402691945,0.424633956898,nan,nan,fm^4 / MeV
q20_from_e0,gamma_2,1.7030796483,-32.3000998321,1.41165065117,0.449342358105,nan,nan,fm^4 / MeV
q20_from_e0,gamma_2,1.78049235958,-32.4035458337,1.49169017062,0.474819728433,nan,nan,fm^4 / MeV
q20_from_e0,gamma_2,1.85790507087,-32.5123639268,1.57422073786,0.501090023895,nan,nan,fm^4 / MeV
q20_from_e0,gamma_2,1.93531778215,-32.6266988064,1.6592997801,0.528171524147,nan,nan,fm^4 / MeV
q20_from_e0,gamma_2,2.01273049344,-32.7467926581,1.74704999349,0.556103284586,nan,nan,fm^4 / MeV
q20_from_e0,gamma_2,2.09014320473,-32.8729188371,1.83771085068,0.58496153172,nan,nan,fm^4 / MeV
q20_from_e0,gamma_2,2.16755591601,-33.0052986444,1.93162602443,0.614855659987,nan,nan,fm^4 / MeV
q20_from_e0,gamma_2,2.2449686273,-33.1440533444,2.02917355591,0.645906003629,nan,nan,fm^4 / MeV
q20_from_e0,gamma_2,2.32238133859,-33.2892230459,2.13068172086,0.678217056061,nan,nan,fm^4 / MeV
q20_from_e0,gamma_2,2.39979404987,-33.4408432489,2.23638394396,0.711863118666,nan,nan,fm^4 / MeV
q20_from_e0,gamma_2,2.47720676116,-33.5990335444,2.34644359102,0.746896192393,nan,nan,fm^4 / MeV
q20_from_e0,gamma_2,2.55461947244,-33.7640438458,2.46103705615,0.783372425237,nan,nan,fm^4 / MeV
q20_from_e0,gamma_2,2.63203218373,-33.9362281428,2.5804470138,0.821381795266,nan,nan,fm^4 / MeV
q20_from_e0,gamma_2,2.70944489502,-34.1159598581,2.70510993558,0.861063235711,nan,nan,fm^4 / MeV
q20_from_e0,gamma_2,2.7868576063,-34.3035397004,2.83558876431,0.902595936833,nan,nan,fm^4 / MeV
q20_from_e0,gamma_2,2.86427031759,-34.4991532834,2.97248750958,0.946172160856,nan,nan,fm^4 / MeV
q20_from_e0,gamma_2,2.94168302887,-34.7029066954,3.1163616208,0.991968712826,nan,nan,fm^4 / MeV
q20_from_e0,gamma_2,3.01909574016,-34.9149204637,3.26768291227,1.04013577589,nan,nan,fm^4 / MeV
q20_from_e0,gamma_2,3.09650845145,-35.1354249792,3.42688630454,1.09081178956,nan,nan,fm^4 / MeV
q20_from_e0,gamma_2,3.17392116273,-35.3647971044,3.59447593757,1.14415722658,nan,nan,fm^4 / MeV
q20_from_e0,gamma_2,3.25133387402,-35.6035117985,3.77113055881,1.20038813896,nan,nan,fm^4 / MeV
q20_from_e0,gamma_2,3.32874658531,-35.852034425,3.95774646951,1.25978982826,nan,nan,fm^4 / MeV
q20_from_e0,gamma_2,3.40615929659,-36.1107173549,4.15539326573,1.32270275746,nan,nan,fm^4 / MeV
q20_from_e0,gamma_2,3.48357200788,-36.3797642436,4.36521176742,1.38949006085,nan,nan,fm^4 / MeV
q20_from_e0,gamma_2,3.56098471916,-36.6592853383,4.58832185082,1.46050820611,nan,nan,fm^4 / MeV
q20_from_e0,gamma_2,3.63839743045,-36.9494104981,4.82580570916,1.53610166603,nan,nan,fm^4 / MeV
q20_from_e0,gamma_2,3.71581014174,-37.250387892,5.07878879245,1.61662868248,nan,nan,fm^4 / MeV
q20_from_e0,gamma_2,3.79322285302,-37.5626006584,5.34858136867,1.70250632671,nan,nan,fm^4 / MeV
q20_from_e0,gamma_2,3.87063556431,-37.8864806167,5.63680463605,1.79425064214,nan,nan,fm^4 / MeV
q20_from_e0,gamma_2,3.94804827559,-38.2223602688,5.9454321345,1.89248982605,nan,nan,fm^4 / MeV
q20_from_e0,gamma_2,4.02546098688,-38.5703435615,6.27672808471,1.99794460225,nan,nan,fm^4 / MeV
q20_from_e0,gamma_2,4.10287369817,-38.9302661794,6.63312974913,2.11139077549,nan,nan,fm^4 / MeV
q20_from_e0,gamma_2,4.18028640945,-39.301760574,7.01716061968,2.23363159818,nan,nan,fm^4 / MeV
q20_from_e0,gamma_2,4.25769912074,-39.6843715739,7.4314485749,2.36550355006,nan,nan,fm^4 / MeV
q20_from_e0,gamma_2,4.33511183203,-40.0776278968,7.87886271362,2.50791989363,nan,nan,fm^4 / MeV
q20_from_e0,gamma_2,4.41252454331,-40.4809904299,8.36270925915,2.66193303247,nan,nan,fm^4 / MeV
q20_from_e0,gamma_2,4.4899372546,-40.8936634035,8.88688599104,2.82878366833,nan,nan,fm^4 / MeV
q20_from_e0,gamma_2,4.56734996588,-41.3143313619,9.45591393671,3.00991088896,nan,nan,fm^4 / MeV
q20_from_e0,gamma_2,4.64476267717,-41.7409248722,10.0748361481,3.20691994761,nan,nan,fm^4 / MeV
q20_from_e0,gamma_2,4.72217538846,-42.1704925789,10.7490542122,3.42153022288,nan,nan,fm^4 / MeV
q20_from_e0,gamma_2,4.79958809974,-42.5991772474,11.4842118393,3.65553816348,nan,nan,fm^4 / MeV
q20_from_e0,gamma_2,4.87700081103,-43.0222053435,12.2862017658,3.91081948571,nan,nan,fm^4 / MeV
q20_from_e0,gamma_2,4.95441352232,-43.4337594693,13.1612804804,4.18936569175,nan,nan,fm^4 / MeV
q20_from_e0,gamma_2,5.0318262336,-43.8266414615,14.1161762812,4.4933184654,nan,nan,fm^4 / MeV
q20_from_e0,gamma_2,5.10923894489,-44.1917351135,15.1580301707,4.82495085842,nan,nan,fm^4 / MeV
q20_from_e0,gamma_2,5.18665165617,-44.5173844871,16.2940474799,5.18655639881,nan,nan,fm^4 / MeV
q20_from_e0,gamma_2,5.26406436746,-44.7888520785,17.5308402923,5.58023977816,nan,nan,fm^4 / MeV
q20_from_e0,gamma_2,5.34147707875,-44.9879803599,18.8735422321,6.0076350798,nan,nan,fm^4 / MeV
q20_from_e0,gamma_2,5.41888979003,-45.0930793732,20.3248076493,6.46958720957,nan,nan,fm^4 / MeV
q20_from_e0,gamma_2,5.49630250132,-45.0789799678,21.8837384668,6.96581030063,nan,nan,fm^4 / MeV
q20_from_e0,gamma_2,5.5737152126,-44.9172088948,23.5446564354,7.49449691018,nan,nan,fm^4 / MeV
q20_from_e0,gamma_2,5.65112792389,-44.5763875972,25.2955571776,8.05182592616,nan,nan,fm^4 / MeV
q20_from_e0,gamma_2,5.72854063518,-44.0231725193,27.1161514086,8.63133906862,nan,nan,fm^4 / MeV
q20_from_e0,gamma_2,5.80595334646,-43.2242066718,28.9756604901,9.22323919271,nan,nan,fm^4 / MeV
q20_from_e0,gamma_2,5.88336605775,-42.1494913367,30.8309196708,9.81378653134,nan,nan,fm^4 / MeV
q20_from_e0,gamma_2,5.96077876904,-40.7772351781,32.6256812213,10.3850768762,nan,nan,fm^4 / MeV
q20_from_e0,gamma_2,6.03819148032,-39.0996527761,34.2920934969,10.915512378,nan,nan,fm^4 / MeV
q20_from_e0,gamma_2,6.11560419161,-37.1285630111,35.7550189503,11.3811760126,nan,nan,fm^4 / MeV
q20_from_e0,gamma_2,6.19301690289,-34.8992500476,36.9391559587,11.7580985289,nan,nan,fm^4 / MeV
q20_from_e0,gamma_2,6.27042961418,-32.4711231788,37.7780372129,12.0251227255,nan,nan,fm^4 / MeV
q20_from_e0,gamma_2,6.34784232547,-29.9243177889,38.223205006,12.166824035,nan,nan,fm^4 / MeV
q20_from_e0,gamma_2,6.42525503675,-27.3523786636,38.2515249584,12.1758385559,nan,nan,fm^4 / MeV
q20_from_e0,gamma_2,6.50266774804,-24.8522441183,37.8688729966,12.0540366534,nan,nan,fm^4 / MeV
q20_from_e0,gamma_2,6.58008045932,-22.5135316804,37.1092717562,11.8122480691,nan,nan,fm^4 / MeV
q20_from_e0,gamma_2,6.65749317061,-20.4093310984,36.0297000484,11.4686097216,nan,nan,fm^4 / MeV
q20_from_e0,gamma_2,6.7349058819,-18.5902635611,34.7018705972,11.0459484802,nan,nan,fm^4 / MeV
q20_from_e0,gamma_2,6.81231859318,-17.0826311332,33.2029151846,10.5688161534,nan,nan,fm^4 / MeV
q20_from_e0,gamma_2,6.88973130447,-15.8903916875,31.6069480821,10.0608040466,nan,nan,fm^4 / MeV
q20_from_e0,gamma_2,6.96714401576,-14.999819311,29.9789452235,9.54259464202,nan,nan,fm^4 / MeV
q20_from_e0,gamma_2,7.04455672704,-14.3853045714,28.3715225915,9.03093612695,nan,nan,fm^4 / MeV
q20_from_e0,gamma_2,7.12196943833,-14.0148695594,26.8243522508,8.53845651191,nan,nan,fm^4 / MeV
q20_from_e0,gamma_2,7.19938214961,-13.8544770047,25.3653949109,8.07405596709,nan,nan,fm^4 / MeV
q20_from_e0,gamma_2,7.2767948609,-13.8708433253,24.0129762739,7.64356774468,nan,nan,fm^4 / MeV
q20_from_e0,gamma_2,7.35420757219,-14.0329703063,22.7779350162,7.25044190252,nan,nan,fm^4 / MeV
q20_from_e0,gamma_2,7.43162028347,-14.3128444741,21.6654441238,6.89632505316,nan,nan,fm^4 / MeV
q20_from_e0,gamma_2,7.50903299476,-14.6857186148,20.6764519078,6.58151905344,nan,nan,fm^4 / MeV
q20_from_e0,gamma_2,7.58644570605,-15.1302014677,19.8088710192,6.30535947957,nan,nan,fm^4 / MeV
q20_from_e0,gamma_2,7.66385841733,-15.6281899688,19.0586432549,6.06655456528,nan,nan,fm^4 / MeV
q20_from_e0,gamma_2,7.74127112862,-16.1645894342,18.4207006389,5.86349112381,nan,nan,fm^4 / MeV
q20_from_e0,gamma_2,7.8186838399,-16.7267996565,17.8897393659,5.69448090141,nan,nan,fm^4 / MeV
q20_from_e0,gamma_2,7.89609655119,-17.3040412038,17.4607004926,5.5579135865,nan,nan,fm^4 / MeV
q20_from_e0,gamma_2,7.97350926248,-17.8866710195,17.1289181125,5.45230397484,nan,nan,fm^4 / MeV
q20_from_e0,gamma_2,8.05092197376,-18.465633107,16.8899989586,5.37625364617,nan,nan,fm^4 / MeV
q20_from_e0,gamma_2,8.12833468505,-19.0321116987,16.7395645892,5.32836889917,nan,nan,fm^4 / MeV
q20_from_e0,gamma_2,8.20574739633,-19.5773552092,16.67297536,5.30717288918,nan,nan,fm^4 / MeV
q20_from_e0,gamma_2,8.28316010762,-20.0925863247,16.6850764694,5.31102479195,nan,nan,fm^4 / MeV
q20_from_e0,gamma_2,8.36057281891,-20.5689422127,16.7699183203,5.33803079184,nan,nan,fm^4 / MeV
q20_from_e0,gamma_2,8.43798553019,-20.9974800766,16.92037239,5.38592180966,nan,nan,fm^4 / MeV
q20_from_e0,gamma_2,8.51539824148,-21.3693743404,17.1276222653,5.45189149388,nan,nan,fm^4 / MeV
q20_from_e0,gamma_2,8.59281095277,-21.6764528595,17.380634489,5.532427786,nan,nan,fm^4 / MeV
q20_from_e0,gamma_2,8.67022366405,-21.9121354663,17.6658372263,5.62321063684,nan,nan,fm^4 / MeV
q20_from_e0,gamma_2,8.74763637534,-22.0726708258,17.9672792202,5.7191626036,nan,nan,fm^4 / MeV
q20_from_e0,gamma_2,8.82504908662,-22.1583879231,18.2674625107,5.81471391264,nan,nan,fm^4 / MeV
q20_from_e0,gamma_2,8.90246179791,-22.1745722651,18.5488530727,5.9042833104,nan,nan,fm^4 / MeV
q20_from_e0,gamma_2,8.9798745092,-22.1316029419,18.7958404358,5.98290182985,nan,nan,fm^4 / MeV
q20_from_e0,gamma_2,9.05728722048,-22.0441492647,18.9967302777,6.04684705256,nan,nan,fm^4 / MeV
q20_from_e0,gamma_2,9.13469993177,-21.9294731059,19.1452860965,6.09413383832,nan,nan,fm^4 / MeV
q20_from_e0,gamma_2,9.21211264305,-21.8051316515,19.2414140893,6.12473232879,nan,nan,fm^4 / MeV
q20_from_e0,gamma_2,9.28952535434,-21.6865448462,19.290782482,6.14044677624,nan,nan,fm^4 / MeV
q20_from_e0,gamma_2,9.36693806563,-21.5849351419,19.303418331,6.14446889191,nan,nan,fm^4 / MeV
q20_from_e0,gamma_2,9.44435077691,-21.506061706,19.2915573741,6.14069343205,nan,nan,fm^4 / MeV
q20_from_e0,gamma_2,9.5217634882,-21.4499915204,19.2671784239,6.1329333712,nan,nan,fm^4 / MeV
q20_from_e0,gamma_2,9.59917619949,-21.4119284763,19.2397055639,6.12418848824,nan,nan,fm^4 / MeV
q20_from_e0,gamma_2,9.67658891077,-21.3839104121,19.2143104711,6.11610497917,nan,nan,fm^4 / MeV
q20_from_e0,gamma_2,9.75400162206,-21.3570226644,19.1911146044,6.10872150546,nan,nan,fm^4 / MeV
q20_from_e0,gamma_2,9.83141433334,-21.3236899527,19.1654073812,6.10053864216,nan,nan,fm^4 / MeV
q20_from_e0,gamma_2,9.90882704463,-21.279608176,19.1287964654,6.08888502572,nan,nan,fm^4 / MeV
q20_from_e0,gamma_2,9.98623975592,-21.2249635183,19.0710265352,6.07049628582,nan,nan,fm^4 / MeV
q20_from_e0,gamma_2,10.0636524672,-21.1647431781,18.9820795528,6.04218358197,nan,nan,fm^4 / MeV
q20_from_e0,gamma_2,10.1410651785,-21.1081383809,18.8541315275,6.00145646061,nan,nan,fm^4 / MeV
q20_from_e0,gamma_2,10.2184778898,-21.0672306199,18.6829996088,5.94698347904,nan,nan,fm^4 / MeV
q20_from_e0,gamma_2,10.2958906011,-21.0552877966,18.4688549514,5.87881911753,nan,nan,fm^4 / MeV
q20_from_e0,gamma_2,10.3733033123,-21.0850428603,18.2161614218,5.79838426888,nan,nan,fm^4 / MeV
q20_from_e0,gamma_2,10.4507160236,-21.1672759833,17.9329738492,5.70824286489,nan,nan,fm^4 / MeV
q20_from_e0,gamma_2,10.5281287349,-21.3098966386,17.6298432541,5.61175339966,nan,nan,fm^4 / MeV
q20_from_e0,gamma_2,10.6055414462,-21.5175712775,17.3186051496,5.51268323404,nan,nan,fm^4 / MeV
q20_from_e0,gamma_2,10.6829541575,-21.7918160868,17.0112779083,5.41485793485,nan,nan,fm^4 / MeV
q20_from_e0,gamma_2,10.7603668688,-22.1314058107,16.7192050805,5.32188826626,nan,nan,fm^4 / MeV
q20_from_e0,gamma_2,10.8377795801,-22.5329436191,16.452481181,5.23698741216,nan,nan,fm^4 / MeV
q20_from_e0,gamma_2,10.9151922914,-22.9914727713,16.2196366429,5.16287069374,nan,nan,fm^4 / MeV
q20_from_e0,gamma_2,10.9926050026,-23.5010569869,16.0275332978,5.10172229983,nan,nan,fm^4 / MeV
q20_from_e0,gamma_2,11.0700177139,-24.055288723,15.8814243425,5.0552143749,nan,nan,fm^4 / MeV
q20_from_e0,gamma_2,11.1474304252,-24.6476966749,15.785140807,5.02456637368,nan,nan,fm^4 / MeV
q20_from_e0,gamma_2,11.2248431365,-25.272025984,15.7413648365,5.01063204949,nan,nan,fm^4 / MeV
q20_from_e0,gamma_2,11.3022558478,-25.9223724428,15.7519383308,5.01399769724,nan,nan,fm^4 / MeV
q20_from_e0,gamma_2,11.3796685591,-26.5931733251,15.818145607,5.03507212779,nan,nan,fm^4 / MeV
q20_from_e0,gamma_2,11.4570812704,-27.2790865733,15.9409139853,5.07415051633,nan,nan,fm^4 / MeV
q20_from_e0,gamma_2,11.5344939816,-27.9748120311,16.1208996505,5.13144173292,nan,nan,fm^4 / MeV
q20_from_e0,gamma_2,11.6119066929,-28.674910902,16.3584572825,5.20705867572,nan,nan,fm^4 / MeV
q20_from_e0,gamma_2,11.6893194042,-29.3736632043,16.6535135635,5.30097800696,nan,nan,fm^4 / MeV
q20_from_e0,gamma_2,11.7667321155,-30.0649823289,17.0053658036,5.41297605345,nan,nan,fm^4 / MeV
q20_from_e0,gamma_2,11.8441448268,-30.7423999882,17.4124126749,5.54254309673,nan,nan,fm^4 / MeV
q20_from_e0,gamma_2,11.9215575381,-31.3991526096,17.8718145357,5.68877525075,nan,nan,fm^4 / MeV
q20_from_e0,gamma_2,11.9989702494,-32.0284301654,18.3790984847,5.85024874681,nan,nan,fm^4 / MeV
q20_from_e0,gamma_2,12.0763829606,-32.6238619922,18.9277754989,6.02489806477,nan,nan,fm^4 / MeV
q20_from_e0,gamma_2,12.1537956719,-33.1802817712,19.5091053781,6.20994111244,nan,nan,fm^4 / MeV
q20_from_e0,gamma_2,12.2312083832,-33.6947258344,20.1121900496,6.40190892559,nan,nan,fm^4 / MeV
q20_from_e0,gamma_2,12.3086210945,-34.1674983026,20.7245556475,6.59683094935,nan,nan,fm^4 / MeV
q20_from_e0,gamma_2,12.3860338058,-34.6030341787,21.3332806179,6.79059412541,nan,nan,fm^4 / MeV
q20_from_e0,gamma_2,12.4634465171,-35.0102639157,21.92656261,6.97944164879,nan,nan,fm^4 / MeV
q20_from_e0,gamma_2,12.5408592284,-35.4022625971,22.4954491346,7.16052385369,nan,nan,fm^4 / MeV
q20_from_e0,gamma_2,12.6182719396,-35.7951411967,23.0353565882,7.33238173379,nan,nan,fm^4 / MeV
q20_from_e0,gamma_2,12.6956846509,-36.2063490653,23.5470191746,7.49524899342,nan,nan,fm^4 / MeV
q20_from_e0,gamma_2,12.7730973622,-36.6527267946,24.0366468162,7.65110231232,nan,nan,fm^4 / MeV
q20_from_e0,gamma_2,12.8505100735,-37.1487116559,24.5152816669,7.80345651717,nan,nan,fm^4 / MeV
q20_from_e0,gamma_2,12.9279227848,-37.7050324014,24.9975481161,7.9569666957,nan,nan,fm^4 / MeV
q20_from_e0,gamma_2,13.0053354961,-38.3280678323,25.5001177825,8.11693958901,nan,nan,fm^4 / MeV
q20_from_e0,gamma_2,13.0827482074,-39.0198523305,26.0402226065,8.28886029407,nan,nan,fm^4 / MeV
q20_from_e0,gamma_2,13.1601609186,-39.7785633606,26.6344597093,8.47801183864,nan,nan,fm^4 / MeV
q20_from_e0,gamma_2,13.2375736299,-40.5992640397,27.297993577,8.68922122854,nan,nan,fm^4 / MeV
q20_from_e0,gamma_2,13.3149863412,-41.4746976066,28.0441359465,8.92672572125,nan,nan,fm^4 / MeV
q20_from_e0,gamma_2,13.3923990525,-42.396003878,28.8842122991,9.19413032944,nan,nan,fm^4 / MeV
q20_from_e0,gamma_2,13.4698117638,-43.3533039386,29.8276110544,9.49442347986,nan,nan,fm^4 / MeV
q20_from_e0,gamma_2,13.5472244751,-44.3361478043,30.8819332003,9.83002464212,nan,nan,fm^4 / MeV
q20_from_e0,gamma_2,13.6246371864,-45.3338385309,32.0531847571,10.2028455919,nan,nan,fm^4 / MeV
q20_from_e0,gamma_2,13.7020498977,-46.3356544085,33.3459659598,10.6143506293,nan,nan,fm^4 / MeV
q20_from_e0,gamma_2,13.7794626089,-47.331008323,34.7636170951,11.0656030009,nan,nan,fm^4 / MeV
q20_from_e0,gamma_2,13.8568753202,-48.3096112247,36.3083031994,11.5572918589,nan,nan,fm^4 / MeV
q20_from_e0,gamma_2,13.9342880315,-49.261722899,37.9810723923,12.0897508303,nan,nan,fm^4 / MeV
q20_from_e0,gamma_2,14.0117007428,-50.1785468173,39.7819940365,12.6630019939,nan,nan,fm^4 / MeV
q20_from_e0,gamma_2,14.0891134541,-51.0527412221,41.7105350236,13.276875656,nan,nan,fm^4 / MeV
q20_from_e0,gamma_2,14.1665261654,-51.8788945454,43.7663192648,13.9312521039,nan,nan,fm^4 / MeV
q20_from_e0,gamma_2,14.2439388767,-52.6537024253,45.9503118714,14.6264385419,nan,nan,fm^4 / MeV
q20_from_e0,gamma_2,14.3213515879,-53.3755500152,48.2662935152,15.3636383953,nan,nan,fm^4 / MeV
q20_from_e0,gamma_2,14.3987642992,-54.0432886396,50.722303224,16.1454105662,nan,nan,fm^4 / MeV
q20_from_e0,gamma_2,14.4761770105,-54.6541930155,53.3316096064,16.9759785838,nan,nan,fm^4 / MeV
q20_from_e0,gamma_2,14.5535897218,-55.2013349318,56.1127829816,17.8612535643,nan,nan,fm^4 / MeV
q20_from_e0,gamma_2,14.6310024331,-55.6708233148,59.0885963771,18.8084843876,nan,nan,fm^4 / MeV
q20_from_e0,gamma_2,14.7084151444,-56.0394606918,62.2837367685,19.8255291619,nan,nan,fm^4 / MeV
q20_from_e0,gamma_2,14.7858278557,-56.2733178728,65.7215767209,20.9198276059,nan,nan,fm^4 / MeV
q20_from_e0,gamma_2,14.8632405669,-56.32755383,69.4204575306,22.0972179354,nan,nan,fm^4 / MeV
q20_from_e0,gamma_2,14.9406532782,-56.1475687464,73.3900181182,23.3607683142,nan,nan,fm^4 / MeV
q20_from_e0,gamma_2,15.0180659895,-55.6713463205,77.6280664499,24.7097809963,nan,nan,fm^4 / MeV
q20_from_e0,gamma_2,15.0954787008,-54.832666943,82.1183651832,26.1390874751,nan,nan,fm^4 / MeV
q20_from_e0,gamma_2,15.1728914121,-53.5647742414,86.8295335384,27.638698938,nan,nan,fm^4 / MeV
q20_from_e0,gamma_2,15.2503041234,-51.804049922,91.7150838592,29.1938179046,nan,nan,fm^4 / MeV
q20_from_e0,gamma_2,15.3277168347,-49.4932913716,96.7144287982,30.7851588231,nan,nan,fm^4 / MeV
q20_from_e0,gamma_2,15.4051295459,-46.5843008446,101.754528077,32.389472251,nan,nan,fm^4 / MeV
q20_from_e0,gamma_2,15.4825422572,-43.0396955037,106.751727131,33.9801301131,nan,nan,fm^4 / MeV
q20_from_e0,gamma_2,15.5599549685,-38.8341214688,111.613333523,35.5276274903,nan,nan,fm^4 / MeV
q20_from_e0,gamma_2,15.6373676798,-33.9553384851,116.238642268,36.9999089905,nan,nan,fm^4 / MeV
q20_from_e0,gamma_2,15.7147803911,-28.4058177376,120.519475095,38.3625404004,nan,nan,fm^4 / MeV
q20_from_e0,gamma_2,15.7921931024,-22.2054308099,124.340770665,39.5788965585,nan,nan,fm^4 / MeV
q20_from_e0,gamma_2,15.8696058137,-15.3954229651,127.582186394,40.6106712303,nan,nan,fm^4 / MeV
q20_from_e0,gamma_2,15.947018525,-8.04320017368,130.121830876,41.4190651762,nan,nan,fm^4 / MeV
q20_from_e0,gamma_2,16.0244312362,-0.246705972893,131.842963261,41.9669186296,nan,nan,fm^4 / MeV
q20_from_e0,gamma_2,16.1018439475,7.86338392511,132.643737652,42.2218130349,nan,nan,fm^4 / MeV
q20_from_e0,gamma_2,16.1792566588,16.1254718775,132.449000743,42.1598263516,nan,nan,fm^4 / MeV
q20_from_e0,gamma_2,16.2566693701,24.3540717504,131.222107913,41.7692942345,nan,nan,fm^4 / MeV
q20_from_e0,gamma_2,16.3340820814,32.3521008977,128.974108728,41.0537338697,nan,nan,fm^4 / MeV
q20_from_e0,gamma_2,16.4114947927,39.9270231279,125.767773323,40.033125612,nan,nan,fm^4 / MeV
q20_from_e0,gamma_2,16.488907504,46.9081980655,121.714856202,38.7430420247,nan,nan,fm^4 / MeV
q20_from_e0,gamma_2,16.5663202152,53.1622031954,116.966501213,37.2315936883,nan,nan,fm^4 / MeV
q20_from_e0,gamma_2,16.6437329265,58.6031956694,111.698328811,35.5546823308,nan,nan,fm^4 / MeV
q20_from_e0,gamma_2,16.7211456378,63.1965082857,106.092994113,33.7704488812,nan,nan,fm^4 / MeV
q20_from_e0,gamma_2,16.7985583491,66.9552742144,100.323469585,31.9339521851,nan,nan,fm^4 / MeV
q20_from_e0,gamma_2,16.8759710604,69.9314364768,94.5398737773,30.0929764619,nan,nan,fm^4 / MeV
q20_from_e0,gamma_2,16.9533837717,72.2035464163,88.8615338843,28.2855047368,nan,nan,fm^4 / MeV
q20_from_e0,gamma_2,17.030796483,73.8640275405,83.3745553243,26.5389452159,nan,nan,fm^4 / MeV
q20_from_e0,gamma_2,17.1082091942,75.0081073207,78.1339462662,24.8708075431,nan,nan,fm^4 / MeV
q20_from_e0,gamma_2,17.1856219055,75.7256814775,73.1686483716,23.2903041354,nan,nan,fm^4 / MeV
q20_from_e0,gamma_2,17.2630346168,76.0963675782,68.4877542513,21.8003292607,nan,nan,fm^4 / MeV
q20_from_e0,gamma_2,17.3404473281,76.1872660459,64.0866020193,20.3993989947,nan,nan,fm^4 / MeV
q20_from_e0,gamma_2,17.4178600394,76.0526362167,59.9520403248,19.0833271323,nan,nan,fm^4 / MeV
q20_from_e0,gamma_2,17.4952727507,75.7347635667,56.0666688831,17.8465749909,nan,nan,fm^4 / MeV
q20_from_e0,gamma_2,17.572685462,75.265550179,52.4121188695,16.683295592,nan,nan,fm^4 / MeV
q20_from_e0,gamma_2,17.6500981732,74.6685893203,48.9714512029,15.5880970587,nan,nan,fm^4 / MeV
q20_from_e0,gamma_2,17.7275108845,73.9615577623,45.7306503205,14.5565180986,nan,nan,fm^4 / MeV
q20_from_e0,gamma_2,17.8049235958,73.1586807654,42.6791367427,13.585191159,nan,nan,fm^4 / MeV
q20_from_e0,gamma_2,17.8823363071,72.2729038049,39.8093070978,12.6716960114,nan,nan,fm^4 / MeV
q20_from_e0,gamma_2,17.9597490184,71.317375926,37.1153164242,11.8141721467,nan,nan,fm^4 / MeV
q20_from_e0,gamma_2,18.0371617297,70.3059859887,34.5915348644,11.0108275256,nan,nan,fm^4 / MeV
q20_from_e0,gamma_2,18.114574441,69.2529662318,32.2312093679,10.2595125855,nan,nan,fm^4 / MeV
q20_from_e0,gamma_2,18.1919871523,68.1718737167,30.0257675262,9.55749864385,nan,nan,fm^4 / MeV
q20_from_e0,gamma_2,18.2693998635,67.0744442667,27.9649403857,8.90151699131,nan,nan,fm^4 / MeV
q20_from_e0,gamma_2,18.3468125748,65.9698020093,26.037564002,8.28801403397,nan,nan,fm^4 / MeV
q20_from_e0,gamma_2,18.4242252861,64.864310769,24.2326823983,7.71350237612,nan,nan,fm^4 / MeV
q20_from_e0,gamma_2,18.5016379974,63.7620669508,22.5405119207,7.174867784,nan,nan,fm^4 / MeV
q20_from_e0,gamma_2,18.5790507087,62.6657867909,20.9529473791,6.66953029546,nan,nan,fm^4 / MeV
q20_from_e0,gamma_2,18.65646342,61.5777328909,19.4635192026,6.19543058212,nan,nan,fm^4 / MeV
q20_from_e0,gamma_2,18.7338761313,60.5003801184,18.0669338718,5.75088366441,nan,nan,fm^4 / MeV
q20_from_e0,gamma_2,18.8112888425,59.4366861678,16.7584520889,5.33438097702,nan,nan,fm^4 / MeV
q20_from_e0,gamma_2,18.8887015538,58.3900125243,15.5333474663,4.94441806406,nan,nan,fm^4 / MeV
q20_from_e0,gamma_2,18.9661142651,57.3638527351,14.386578597,4.57939019578,nan,nan,fm^4 / MeV
q20_from_e0,gamma_2,19.0435269764,56.3615323244,13.3126749754,4.23755605623,nan,nan,fm^4 / MeV
q20_from_e0,gamma_2,19.1209396877,55.3859728149,12.3057533709,3.9170429549,nan,nan,fm^4 / MeV
q20_from_e0,gamma_2,19.198352399,54.4395214884,11.3595763839,3.61586546586,nan,nan,fm^4 / MeV
q20_from_e0,gamma_2,19.2757651103,53.5237966704,10.4676198865,3.33194689469,nan,nan,fm^4 / MeV
q20_from_e0,gamma_2,19.3531778215,52.6395096088,9.62318093427,3.06315362791,nan,nan,fm^4 / MeV
q20_from_e0,gamma_2,19.4305905328,51.7862804542,8.81958480862,2.80736103662,nan,nan,fm^4 / MeV
q20_from_e0,gamma_2,19.5080032441,50.9625235226,8.05052077009,2.56256035005,nan,nan,fm^4 / MeV
q20_from_e0,gamma_2,19.5854159554,50.1654947113,7.3104691195,2.32699459338,nan,nan,fm^4 / MeV
q20_from_e0,gamma_2,19.6628286667,49.3915568407,6.5951177541,2.09929118167,nan,nan,fm^4 / MeV
q20_from_e0,gamma_2,19.740241378,48.636644409,5.90164206542,1.87855101414,nan,nan,fm^4 / MeV
q20_from_e0,gamma_2,19.8176540893,47.8968349778,5.22875159693,1.6643633257,nan,nan,fm^4 / MeV
q20_from_e0,gamma_2,19.8950668005,47.1688947935,4.57647546708,1.45673738505,nan,nan,fm^4 / MeV
q20_from_e0,gamma_2,19.9724795118,46.4506754218,3.94573387451,1.25596610051,nan,nan,fm^4 / MeV
q20_from_e0,gamma_2,20.0498922231,45.7412856073,3.33779453095,1.06245299725,nan,nan,fm^4 / MeV
q20_from_e0,gamma_2,20.1273049344,45.0410229562,2.75372696999,0.876538518399,nan,nan,fm^4 / MeV
q20_from_e0,gamma_2,20.2047176457,44.351099471,2.19395058401,0.69835616069,nan,nan,fm^4 / MeV
q20_from_e0,gamma_2,20.282130357,43.6732228294,1.65794127472,0.527739098456,nan,nan,fm^4 / MeV
q20_from_e0,gamma_2,20.3595430683,43.009105642,1.14413197894,0.364188519994,nan,nan,fm^4 / MeV
q20_from_e0,gamma_2,20.4369557796,42.359978165,0.650018559653,0.20690733374,nan,nan,fm^4 / MeV
q20_from_e0,gamma_2,20.5143684908,41.7261822095,0.172459392655,0.0548955296474,nan,nan,fm^4 / MeV
q20_from_e0,gamma_2,20.5917812021,41.1069217117,-0.291872080402,-0.0929057686929,nan,nan,fm^4 / MeV
q20_from_e0,gamma_2,20.6691939134,40.5002290386,-0.745956319422,-0.237445271133,nan,nan,fm^4 / MeV
q20_from_e0,gamma_2,20.7466066247,39.9031693497,-1.19191973247,-0.379399834384,nan,nan,fm^4 / MeV
q20_from_e0,gamma_2,20.824019336,39.3122534238,-1.63065637705,-0.519054045782,nan,nan,fm^4 / MeV
q20_from_e0,gamma_2,20.9014320473,38.7239791904,-2.06166026538,-0.656246844422,nan,nan,fm^4 / MeV
q20_from_e0,gamma_2,20.9788447586,38.1353939865,-2.48309888046,-0.790394922021,nan,nan,fm^4 / MeV
q20_from_e0,gamma_2,21.0562574698,37.5445746372,-2.892102688,-0.920584877448,nan,nan,fm^4 / MeV
q20_from_e0,gamma_2,21.1336701811,36.9509557486,-3.28520646252,-1.04571369517,nan,nan,fm^4 / MeV
q20_from_e0,gamma_2,21.2110828924,36.355478844,-3.6588684342,-1.16465399485,nan,nan,fm^4 / MeV
q20_from_e0,gamma_2,21.2884956037,35.7605644629,-4.01000738472,-1.27642499423,nan,nan,fm^4 / MeV
q20_from_e0,gamma_2,21.365908315,35.1699157658,-4.33651669285,-1.38035613494,nan,nan,fm^4 / MeV
q20_from_e0,gamma_2,21.4433210263,34.588153695,-4.63771791243,-1.47623146086,nan,nan,fm^4 / MeV
q20_from_e0,gamma_2,21.5207337376,34.0202818604,-4.91469853094,-1.56439713001,nan,nan,fm^4 / MeV
q20_from_e0,gamma_2,21.5981464488,33.4710039837,-5.17045322184,-1.64580637656,nan,nan,fm^4 / MeV
q20_from_e0,gamma_2,21.6755591601,32.9439703457,-5.40974270426,-1.72197458448,nan,nan,fm^4 / MeV
q20_from_e0,gamma_2,21.7529718714,32.44109082,-5.63862276806,-1.79482937154,nan,nan,fm^4 / MeV
q20_from_e0,gamma_2,21.8303845827,31.9620842286,-5.86367965463,-1.86646720348,nan,nan,fm^4 / MeV
q20_from_e0,gamma_2,21.907797294,31.5044056488,-6.09110946565,-1.93886036075,nan,nan,fm^4 / MeV
q20_from_e0,gamma_2,21.9852100053,31.0635997719,-6.32585244824,-2.01358137281,nan,nan,fm^4 / MeV
q20_from_e0,gamma_2,22.0626227166,30.6339989198,-6.57099614622,-2.09161303542,nan,nan,fm^4 / MeV
q20_from_e0,gamma_2,22.1400354278,30.2095726107,-6.82758151071,-2.17328669358,nan,nan,fm^4 / MeV
q20_from_e0,gamma_2,22.2174481391,29.7846939694,-7.09481013038,-2.2583482051,nan,nan,fm^4 / MeV
q20_from_e0,gamma_2,22.2948608504,29.3546399504,-7.37051623566,-2.34610818409,nan,nan,fm^4 / MeV
q20_from_e0,gamma_2,22.3722735617,28.9157664,-7.65169492556,-2.43561014087,nan,nan,fm^4 / MeV
q20_from_e0,gamma_2,22.449686273,28.4654382082,-7.9349013908,-2.52575755858,nan,nan,fm^4 / MeV
q20_from_e0,gamma_2,22.5270989843,28.0018828619,-8.21644184928,-2.61537466988,nan,nan,fm^4 / MeV
q20_from_e0,gamma_2,22.6045116956,27.5241308,-8.49241118385,-2.70321843736,nan,nan,fm^4 / MeV
q20_from_e0,gamma_2,22.6819244068,27.0321128712,-8.75872578249,-2.78798900694,nan,nan,fm^4 / MeV
q20_from_e0,gamma_2,22.7593371181,26.5268539041,-9.01130406916,-2.86838717262,nan,nan,fm^4 / MeV
q20_from_e0,gamma_2,22.8367498294,26.0106022244,-9.24645868913,-2.94323921294,nan,nan,fm^4 / MeV
q20_from_e0,gamma_2,22.9141625407,25.4867226172,-9.46142827786,-3.01166615826,nan,nan,fm^4 / MeV
q20_from_e0,gamma_2,22.991575252,24.9592656729,-9.65486369023,-3.07323856236,nan,nan,fm^4 / MeV
q20_from_e0,gamma_2,23.0689879633,24.4322708181,-9.82705379889,-3.12804837625,nan,nan,fm^4 / MeV
q20_from_e0,gamma_2,23.1464006746,23.9089944114,-9.97974912867,-3.17665280929,nan,nan,fm^4 / MeV
q20_from_e0,gamma_2,23.2238133859,23.3913130894,-10.1155870246,-3.21989135448,nan,nan,fm^4 / MeV
q20_from_e0,gamma_2,23.3012260971,22.879507158,-10.2372745302,-3.25862569053,nan,nan,fm^4 / MeV
q20_from_e0,gamma_2,23.3786388084,22.3724994039,-10.3467773489,-3.29348152029,nan,nan,fm^4 / MeV
q20_from_e0,gamma_2,23.4560515197,21.8684688381,-10.4447579012,-3.32466969876,nan,nan,fm^4 / MeV
q20_from_e0,gamma_2,23.533464231,21.3656421893,-10.530411056,-3.3519339447,nan,nan,fm^4 / MeV
q20_from_e0,gamma_2,23.6108769423,20.8630309166,-10.6017091715,-3.37462883974,nan,nan,fm^4 / MeV
q20_from_e0,gamma_2,23.6882896536,20.3609301649,-10.6559477352,-3.39189351077,nan,nan,fm^4 / MeV
q20_from_e0,gamma_2,23.7657023649,19.8610943425,-10.6904217753,-3.40286693856,nan,nan,fm^4 / MeV
q20_from_e0,gamma_2,23.8431150761,19.366603171,-10.7030701285,-3.40689303443,nan,nan,fm^4 / MeV
q20_from_e0,gamma_2,23.9205277874,18.8814947158,-10.6929764626,-3.40368012076,nan,nan,fm^4 / MeV
q20_from_e0,gamma_2,23.9979404987,18.4102580798,-10.6606757105,-3.39339847206,nan,nan,fm^4 / MeV
q20_from_e0,gamma_2,24.07535321,17.9572645318,-10.6082539147,-3.37671209621,nan,nan,fm^4 / MeV
q20_from_e0,gamma_2,24.1527659213,17.5261990033,-10.539242647,-3.35474512742,nan,nan,fm^4 / MeV
q20_from_e0,gamma_2,24.2301786326,17.1195525684,-10.4583114613,-3.32898393092,nan,nan,fm^4 / MeV
q20_from_e0,gamma_2,24.3075913439,16.7382489477,-10.3707751049,-3.30112024327,nan,nan,fm^4 / MeV
q20_from_e0,gamma_2,24.3850040551,16.3814851428,-10.2819673887,-3.27285186924,nan,nan,fm^4 / MeV
q20_from_e0,gamma_2,24.4624167664,16.0468461306,-10.1965812805,-3.24567262685,nan,nan,fm^4 / MeV
q20_from_e0,gamma_2,24.5398294777,15.7306981887,-10.1181095517,-3.22069429978,nan,nan,fm^4 / MeV
q20_from_e0,gamma_2,24.617242189,15.4287890912,-10.0485162159,-3.19854205299,nan,nan,fm^4 / MeV
q20_from_e0,gamma_2,24.6946549003,15.1369170594,-9.98821630979,-3.17934799675,nan,nan,fm^4 / MeV
q20_from_e0,gamma_2,24.7720676116,14.8515054489,-9.93635490712,-3.16283999957,nan,nan,fm^4 / MeV
q20_from_e0,gamma_2,24.8494803229,14.5699513143,-9.8912888912,-3.14849504117,nan,nan,fm^4 / MeV
q20_from_e0,gamma_2,24.9268930341,14.2906922433,-9.85112246667,-3.13570967115,nan,nan,fm^4 / MeV
q20_from_e0,gamma_2,25.0043057454,14.013025745,-9.81414955612,-3.1239408282,nan,nan,fm^4 / MeV
q20_from_e0,gamma_2,25.0817184567,13.7367828919,-9.77910793032,-3.11278673228,nan,nan,fm^4 / MeV
q20_from_e0,gamma_2,25.159131168,13.4619797569,-9.74522485135,-3.10200141327,nan,nan,fm^4 / MeV
q20_from_e0,gamma_2,25.2365438793,13.1885462299,-9.71209928587,-3.09145721829,nan,nan,fm^4 / MeV
q20_from_e0,gamma_2,25.3139565906,12.9161818396,-9.67949857249,-3.08108008892,nan,nan,fm^4 / MeV
q20_from_e0,gamma_2,25.3913693019,12.6443391792,-9.64714460382,-3.07078150084,nan,nan,fm^4 / MeV
q20_from_e0,gamma_2,25.4687820132,12.3723064677,-9.61454032035,-3.06040323508,nan,nan,fm^4 / MeV
q20_from_e0,gamma_2,25.5461947244,12.0993544257,-9.58086175505,-3.04968301479,nan,nan,fm^4 / MeV
q20_from_e0,gamma_2,25.6236074357,11.8249178568,-9.54492701439,-3.03824463158,nan,nan,fm^4 / MeV
q20_from_e0,gamma_2,25.701020147,11.5487846112,-9.50525062014,-3.02561524304,nan,nan,fm^4 / MeV
q20_from_e0,gamma_2,25.7784328583,11.2712575246,-9.46018828993,-3.01127145785,nan,nan,fm^4 / MeV
q20_from_e0,gamma_2,25.8558455696,10.9932448022,-9.40816223277,-2.99471104951,nan,nan,fm^4 / MeV
q20_from_e0,gamma_2,25.9332582809,10.7162353502,-9.34792938864,-2.97553833975,nan,nan,fm^4 / MeV
q20_from_e0,gamma_2,26.0106709922,10.4421386375,-9.27882700423,-2.95354236763,nan,nan,fm^4 / MeV
q20_from_e0,gamma_2,26.0880837034,10.1730115009,-9.20092032163,-2.92874390036,nan,nan,fm^4 / MeV
q20_from_e0,gamma_2,26.1654964147,9.91073963977,-9.11499891575,-2.90139426744,nan,nan,fm^4 / MeV
q20_from_e0,gamma_2,26.242909126,9.65676556677,-9.02241816675,-2.87192489976,nan,nan,fm^4 / MeV
q20_from_e0,gamma_2,26.3203218373,9.41194099493,-8.92484002674,-2.84086481312,nan,nan,fm^4 / MeV
q20_from_e0,gamma_2,26.3977345486,9.17653211299,-8.82396447233,-2.80875512688,nan,nan,fm^4 / MeV
q20_from_e0,gamma_2,26.4751472599,8.95034273764,-8.72133939482,-2.77608855014,nan,nan,fm^4 / MeV
q20_from_e0,gamma_2,26.5525599712,8.73287418038,-8.61829186375,-2.74328750225,nan,nan,fm^4 / MeV
q20_from_e0,gamma_2,26.6299726824,8.52343586356,-8.51595933735,-2.71071404742,nan,nan,fm^4 / MeV
q20_from_e0,gamma_2,26.7073853937,8.32116040895,-8.4153485257,-2.67868863141,nan,nan,fm^4 / MeV
q20_from_e0,gamma_2,26.784798105,8.12494064093,-8.3173391946,-2.64749129239,nan,nan,fm^4 / MeV
q20_from_e0,gamma_2,26.8622108163,7.93335989619,-8.22258625253,-2.61733049418,nan,nan,fm^4 / MeV
q20_from_e0,gamma_2,26.9396235276,7.74470201187,-8.13133728737,-2.58828504646,nan,nan,fm^4 / MeV
q20_from_e0,gamma_2,27.0170362389,7.5570945755,-8.04324055402,-2.5602429853,nan,nan,fm^4 / MeV
q20_from_e0,gamma_2,27.0944489502,7.36877494918,-7.95723942639,-2.53286797615,nan,nan,fm^4 / MeV
q20_from_e0,gamma_2,27.1718616614,7.17840618734,-7.87162207761,-2.50561512761,nan,nan,fm^4 / MeV
q20_from_e0,gamma_2,27.2492743727,6.98534099952,-7.78423348899,-2.47779847591,nan,nan,fm^4 / MeV
q20_from_e0,gamma_2,27.326687084,6.78975011489,-7.69279211537,-2.44869178268,nan,nan,fm^4 / MeV
q20_from_e0,gamma_2,27.4040997953,6.59258581901,-7.595217337,-2.41763276608,nan,nan,fm^4 / MeV
q20_from_e0,gamma_2,27.4815125066,6.3954132163,-7.48988150964,-2.38410333086,nan,nan,fm^4 / MeV
q20_from_e0,gamma_2,27.5589252179,6.20018047555,-7.37574367388,-2.34777212935,nan,nan,fm^4 / MeV
q20_from_e0,gamma_2,27.6363379292,6.00899927762,-7.25237485263,-2.3085026139,nan,nan,fm^4 / MeV
q20_from_e0,gamma_2,27.7137506405,5.82397443397,-7.11991914988,-2.26634065424,nan,nan,fm^4 / MeV
q20_from_e0,gamma_2,27.7911633517,5.64708052132,-6.97903589748,-2.2214961222,nan,nan,fm^4 / MeV
q20_from_e0,gamma_2,27.868576063,5.48005892375,-6.83084198689,-2.17432453539,nan,nan,fm^4 / MeV
q20_from_e0,gamma_2,27.9459887743,5.32431353165,-6.67684201076,-2.12530482051,nan,nan,fm^4 / MeV
q20_from_e0,gamma_2,28.0234014856,5.18081044902,-6.51882022126,-2.07500492268,nan,nan,fm^4 / MeV
q20_from_e0,gamma_2,28.1008141969,5.05001483891,-6.35868292476,-2.02403163806,nan,nan,fm^4 / MeV
q20_from_e0,gamma_2,28.1782269082,4.93190433363,-6.19827383613,-1.97297183931,nan,nan,fm^4 / MeV
q20_from_e0,gamma_2,28.2556396195,4.82607466566,-6.0392154191,-1.92234197269,nan,nan,fm^4 / MeV
q20_from_e0,gamma_2,28.3330523307,4.73191027008,-5.88283393657,-1.87256420079,nan,nan,fm^4 / MeV
q20_from_e0,gamma_2,28.410465042,4.64875511923,-5.73019685732,-1.82397830946,nan,nan,fm^4 / MeV
q20_from_e0,gamma_2,28.4878777533,4.57601078529,-5.58224070071,-1.77688240209,nan,nan,fm^4 / MeV
q20_from_e0,gamma_2,28.5652904646,4.51311831684,-5.43992174804,-1.73158087247,nan,nan,fm^4 / MeV
q20_from_e0,gamma_2,28.6427031759,4.45943541601,-5.30430710683,-1.68841339146,nan,nan,fm^4 / MeV
q20_from_e0,gamma_2,28.7201158872,4.41407301589,-5.17654968602,-1.64774694138,nan,nan,fm^4 / MeV
q20_from_e0,gamma_2,28.7975285985,4.37577797217,-5.05774608376,-1.60993058027,nan,nan,fm^4 / MeV
q20_from_e0,gamma_2,28.8749413097,4.34292873304,-4.94873342635,-1.57523077369,nan,nan,fm^4 / MeV
q20_from_e0,gamma_2,28.952354021,4.31365837348,-4.84991082858,-1.54377456385,nan,nan,fm^4 / MeV
q20_from_e0,gamma_2,29.0297667323,4.28606117147,-4.76115883102,-1.5155239256,nan,nan,fm^4 / MeV
q20_from_e0,gamma_2,29.1071794436,4.2584043114,-4.68188350325,-1.49028980505,nan,nan,fm^4 / MeV
q20_from_e0,gamma_2,29.1845921549,4.22927135381,-4.61115606672,-1.46777656277,nan,nan,fm^4 / MeV
q20_from_e0,gamma_2,29.2620048662,4.19760337238,-4.54788259164,-1.44763599012,nan,nan,fm^4 / MeV
q20_from_e0,gamma_2,29.3394175775,4.1626540635,-4.49093819612,-1.42951002607,nan,nan,fm^4 / MeV
q20_from_e0,gamma_2,29.4168302887,4.12390939079,-4.43923237674,-1.41305155258,nan,nan,fm^4 / MeV
q20_from_e0,gamma_2,29.494243,4.08102412936,-4.39171557772,-1.3979264857,nan,nan,fm^4 / MeV
q20_from_e0,gamma_2,29.5716557113,4.03380012075,-4.34736633853,-1.38380968442,nan,nan,fm^4 / MeV
q20_from_e0,gamma_2,29.6490684226,3.98219374568,-4.30519807801,-1.37038711021,nan,nan,fm^4 / MeV
q20_from_e0,gamma_2,29.7264811339,3.92631696974,-4.26429800667,-1.35736821316,nan,nan,fm^4 / MeV
q20_from_e0,gamma_2,29.8038938452,3.86640127772,-4.22387679614,-1.34450174223,nan,nan,fm^4 / MeV
q20_from_e0,gamma_2,29.8813065565,3.8027228965,-4.18328935712,-1.33158235914,nan,nan,fm^4 / MeV
q20_from_e0,gamma_2,29.9587192678,3.73552172507,-4.14199725767,-1.31843867566,nan,nan,fm^4 / MeV
q20_from_e0,cosine_6,0,-31.6917844232,0,0,nan,nan,fm^4 / MeV
q20_from_e0,cosine_6,0.0774127112862,-31.6934206012,0.0039963142062,0.00127206632013,nan,nan,fm^4 / MeV
q20_from_e0,cosine_6,0.154825422572,-31.6984270055,0.00748908821472,0.00238385081725,nan,nan,fm^4 / MeV
q20_from_e0,cosine_6,0.232238133859,-31.7070825212,0.0100465623252,0.00319792011027,nan,nan,fm^4 / MeV
q20_from_e0,cosine_6,0.309650845145,-31.7198054017,0.0113686739747,0.00361876131895,nan,nan,fm^4 / MeV
q20_from_e0,cosine_6,0.387063556431,-31.7370918514,0.0113253187837,0.00360496093303,nan,nan,fm^4 / MeV
q20_from_e0,cosine_6,0.464476267717,-31.75944536,0.00996696301709,0.00317258286357,nan,nan,fm^4 / MeV
q20_from_e0,cosine_6,0.541888979003,-31.7873088125,0.00750648741524,0.00238938915479,nan,nan,fm^4 / MeV
q20_from_e0,cosine_6,0.619301690289,-31.8210107247,0.00427621587919,0.0013611617898,nan,nan,fm^4 / MeV
q20_from_e0,cosine_6,0.696714401576,-31.8607341882,0.00066840183065,0.000212758910639,nan,nan,fm^4 / MeV
q20_from_e0,cosine_6,0.774127112862,-31.9065127652,-0.00292984053176,-0.000932597206202,nan,nan,fm^4 / MeV
q20_from_e0,cosine_6,0.851539824148,-31.9582525155,-0.00619561352336,-0.00197212503546,nan,nan,fm^4 / MeV
q20_from_e0,cosine_6,0.928952535434,-32.0157746069,-0.00891346782154,-0.00283724492778,nan,nan,fm^4 / MeV
q20_from_e0,cosine_6,1.00636524672,-32.0788695336,-0.0109964719021,-0.0035002857196,nan,nan,fm^4 / MeV
q20_from_e0,cosine_6,1.08377795801,-32.147352517,-0.0124833574017,-0.00397357607373,nan,nan,fm^4 / MeV
q20_from_e0,cosine_6,1.16119066929,-32.2211103728,-0.0135145193583,-0.00430180511877,nan,nan,fm^4 / MeV
q20_from_e0,cosine_6,1.23860338058,-32.300132649,-0.0142932146085,-0.00454967151524,nan,nan,fm^4 / MeV
q20_from_e0,cosine_6,1.31601609186,-32.3845234596,-0.015040251707,-0.00478746080901,nan,nan,fm^4 / MeV
q20_from_e0,cosine_6,1.39342880315,-32.4744942437,-0.0159506251862,-0.00507724168757,nan,nan,fm^4 / MeV
q20_from_e0,cosine_6,1.47084151444,-32.5703409117,-0.017159178819,-0.00546193625689,nan,nan,fm^4 / MeV
q20_from_e0,cosine_6,1.54825422572,-32.6724109964,-0.0187200274442,-0.00595876980513,nan,nan,fm^4 / MeV
q20_from_e0,cosine_6,1.62566693701,-32.7810673879,-0.0206017215944,-0.00655773165591,nan,nan,fm^4 / MeV
q20_from_e0,cosine_6,1.7030796483,-32.8966550958,-0.0226974776199,-0.00722483151785,nan,nan,fm^4 / MeV
q20_from_e0,cosine_6,1.78049235958,-33.0194764909,-0.0248475078957,-0.00790920741022,nan,nan,fm^4 / MeV
q20_from_e0,cosine_6,1.85790507087,-33.1497787984,-0.0268687377005,-0.00855258483933,nan,nan,fm^4 / MeV
q20_from_e0,cosine_6,1.93531778215,-33.2877554113,-0.0285861475489,-0.00909925337272,nan,nan,fm^4 / MeV
q20_from_e0,cosine_6,2.01273049344,-33.4335600444,-0.0298598520809,-0.00950468611734,nan,nan,fm^4 / MeV
q20_from_e0,cosine_6,2.09014320473,-33.5873302432,-0.030603037208,-0.00974124929055,nan,nan,fm^4 / MeV
q20_from_e0,cosine_6,2.16755591601,-33.7492148756,-0.0307880585224,-0.00980014340409,nan,nan,fm^4 / MeV
q20_from_e0,cosine_6,2.2449686273,-33.919399635,-0.0304410010443,-0.00968967157772,nan,nan,fm^4 / MeV
q20_from_e0,cosine_6,2.32238133859,-34.0981256931,-0.0296280085005,-0.00943088801366,nan,nan,fm^4 / MeV
q20_from_e0,cosine_6,2.39979404987,-34.2856993234,-0.0284386500698,-0.00905230346693,nan,nan,fm^4 / MeV
q20_from_e0,cosine_6,2.47720676116,-34.4824937144,-0.0269716294484,-0.0085853362999,nan,nan,fm^4 / MeV
q20_from_e0,cosine_6,2.55461947244,-34.6889469427,-0.0253260723554,-0.00806153920894,nan,nan,fm^4 / MeV
q20_from_e0,cosine_6,2.63203218373,-34.9055608713,-0.0235982523473,-0.0075115570188,nan,nan,fm^4 / MeV
q20_from_e0,cosine_6,2.70944489502,-35.1329040543,-0.0218805355659,-0.00696479078564,nan,nan,fm^4 / MeV
q20_from_e0,cosine_6,2.7868576063,-35.3716182611,-0.020258268467,-0.00644840713001,nan,nan,fm^4 / MeV
q20_from_e0,cosine_6,2.86427031759,-35.6224248768,-0.0188021951832,-0.00598492460878,nan,nan,fm^4 / MeV
q20_from_e0,cosine_6,2.94168302887,-35.8861263758,-0.0175581056945,-0.00558891862523,nan,nan,fm^4 / MeV
q20_from_e0,cosine_6,3.01909574016,-36.1636006517,-0.0165395342318,-0.00526469725885,nan,nan,fm^4 / MeV
q20_from_e0,cosine_6,3.09650845145,-36.4557915437,-0.0157305517781,-0.0050071901461,nan,nan,fm^4 / MeV
q20_from_e0,cosine_6,3.17392116273,-36.7637046287,-0.0151020984784,-0.0048071472478,nan,nan,fm^4 / MeV
q20_from_e0,cosine_6,3.25133387402,-37.0884193101,-0.0146374708321,-0.00465925167458,nan,nan,fm^4 / MeV
q20_from_e0,cosine_6,3.32874658531,-37.4311235155,-0.0143541409661,-0.00456906497717,nan,nan,fm^4 / MeV
q20_from_e0,cosine_6,3.40615929659,-37.7931662596,-0.0143055211254,-0.00455358880122,nan,nan,fm^4 / MeV
q20_from_e0,cosine_6,3.48357200788,-38.1761105815,-0.014552158081,-0.00463209578249,nan,nan,fm^4 / MeV
q20_from_e0,cosine_6,3.56098471916,-38.5817626871,-0.015107527785,-0.00480887544977,nan,nan,fm^4 / MeV
q20_from_e0,cosine_6,3.63839743045,-39.0121597804,-0.0158833148732,-0.00505581614951,nan,nan,fm^4 / MeV
q20_from_e0,cosine_6,3.71581014174,-39.4695210708,-0.0166718446427,-0.00530681297069,nan,nan,fm^4 / MeV
q20_from_e0,cosine_6,3.79322285302,-39.9561970402,-0.0171975994445,-0.00547416592183,nan,nan,fm^4 / MeV
q20_from_e0,cosine_6,3.87063556431,-40.4746759131,-0.0172401492654,-0.00548770995047,nan,nan,fm^4 / MeV
q20_from_e0,cosine_6,3.94804827559,-41.0277049986,-0.0167843945585,-0.00534263872158,nan,nan,fm^4 / MeV
q20_from_e0,cosine_6,4.02546098688,-41.6185463926,-0.0161117605468,-0.00512853266589,nan,nan,fm^4 / MeV
q20_from_e0,cosine_6,4.10287369817,-42.2513166272,-0.015737028813,-0.00500925185035,nan,nan,fm^4 / MeV
q20_from_e0,cosine_6,4.18028640945,-42.9312858006,-0.0161438888034,-0.00513875940756,nan,nan,fm^4 / MeV
q20_from_e0,cosine_6,4.25769912074,-43.6649788836,-0.017380381999,-0.00553234741595,nan,nan,fm^4 / MeV
q20_from_e0,cosine_6,4.33511183203,-44.4599769494,-0.0187111935004,-0.00595595787349,nan,nan,fm^4 / MeV
q20_from_e0,cosine_6,4.41252454331,-45.3244819372,-0.0186204945151,-0.00592708748978,nan,nan,fm^4 / MeV
q20_from_e0,cosine_6,4.4899372546,-46.2669597926,-0.0154326629594,-0.00491236919013,nan,nan,fm^4 / MeV
q20_from_e0,cosine_6,4.56734996588,-47.2964276509,-0.00860134670607,-0.00273789369104,nan,nan,fm^4 / MeV
q20_from_e0,cosine_6,4.64476267717,-48.4240667252,-0.000300912922297,-9.57835580477e-05,nan,nan,fm^4 / MeV
q20_from_e0,cosine_6,4.72217538846,-49.6666800712,0.00357956694012,0.0011394115453,nan,nan,fm^4 / MeV
q20_from_e0,cosine_6,4.79958809974,-51.0519810179,-0.00558831493431,-0.0017788158907,nan,nan,fm^4 / MeV
q20_from_e0,cosine_6,4.87700081103,-52.6248157888,-0.034688635579,-0.011041735643,nan,nan,fm^4 / MeV
q20_from_e0,cosine_6,4.95441352232,-54.4523695211,-0.0797018024967,-0.0253698716814,nan,nan,fm^4 / MeV
q20_from_e0,cosine_6,5.0318262336,-56.6255033222,-0.11173950857,-0.0355677902551,nan,nan,fm^4 / MeV
q20_from_e0,cosine_6,5.10923894489,-59.2530269235,-0.059777404927,-0.0190277389587,nan,nan,fm^4 / MeV
q20_from_e0,cosine_6,5.18665165617,-62.4462932175,0.206494457733,0.0657292273386,nan,nan,fm^4 / MeV
q20_from_e0,cosine_6,5.26406436746,-66.2931897676,0.888612100334,0.282854016519,nan,nan,fm^4 / MeV
q20_from_e0,cosine_6,5.34147707875,-70.8232737348,2.26018292447,0.719438569444,nan,nan,fm^4 / MeV
q20_from_e0,cosine_6,5.41888979003,-75.9689678828,4.65138468809,1.48058173066,nan,nan,fm^4 / MeV
q20_from_e0,cosine_6,5.49630250132,-81.5306215107,8.41420425412,2.67832439846,nan,nan,fm^4 / MeV
q20_from_e0,cosine_6,5.5737152126,-87.1549236756,13.8693737937,4.41475879373,nan,nan,fm^4 / MeV
q20_from_e0,cosine_6,5.65112792389,-92.3358379819,21.2407035938,6.76112594342,nan,nan,fm^4 / MeV
q20_from_e0,cosine_6,5.72854063518,-96.4444963239,30.587050174,9.7361604596,nan,nan,fm^4 / MeV
q20_from_e0,cosine_6,5.80595334646,-98.7895194865,41.7452491424,13.2879255032,nan,nan,fm^4 / MeV
q20_from_e0,cosine_6,5.88336605775,-98.7028503564,54.2978896172,17.2835550641,nan,nan,fm^4 / MeV
q20_from_e0,cosine_6,5.96077876904,-95.6397416291,67.5772056384,21.5104926354,nan,nan,fm^4 / MeV
q20_from_e0,cosine_6,6.03819148032,-89.2766165496,80.7107376495,25.691025715,nan,nan,fm^4 / MeV
q20_from_e0,cosine_6,6.11560419161,-79.5885306115,92.706701484,29.5094595979,nan,nan,fm^4 / MeV
q20_from_e0,cosine_6,6.19301690289,-66.8897450191,102.568768508,32.6486530297,nan,nan,fm^4 / MeV
q20_from_e0,cosine_6,6.27042961418,-51.826464173,109.423081974,34.8304487691,nan,nan,fm^4 / MeV
q20_from_e0,cosine_6,6.34784232547,-35.3191446141,112.636518962,35.8533175308,nan,nan,fm^4 / MeV
q20_from_e0,cosine_6,6.42525503675,-18.4612506262,111.905541894,35.6206403037,nan,nan,fm^4 / MeV
q20_from_e0,cosine_6,6.50266774804,-2.38984344147,107.299619162,34.1545295631,nan,nan,fm^4 / MeV
q20_from_e0,cosine_6,6.58008045932,11.8509826557,99.251262017,31.5926579162,nan,nan,fm^4 / MeV
q20_from_e0,cosine_6,6.65749317061,23.4313642438,88.4945209948,28.1686809057,nan,nan,fm^4 / MeV
q20_from_e0,cosine_6,6.7349058819,31.8222632207,75.9631791105,24.1798308968,nan,nan,fm^4 / MeV
q20_from_e0,cosine_6,6.81231859318,36.8349130869,62.6668378535,19.9474740246,nan,nan,fm^4 / MeV
q20_from_e0,cosine_6,6.88973130447,38.6097510794,49.5661791052,15.7774048295,nan,nan,fm^4 / MeV
q20_from_e0,cosine_6,6.96714401576,37.5607566429,37.4674002472,11.9262439083,nan,nan,fm^4 / MeV
q20_from_e0,cosine_6,7.04455672704,34.2885804042,26.9506856569,8.57866968401,nan,nan,fm^4 / MeV
q20_from_e0,cosine_6,7.12196943833,29.4800268657,18.3399707612,5.8377940056,nan,nan,fm^4 / MeV
q20_from_e0,cosine_6,7.19938214961,23.8117446548,11.7130164623,3.72836893697,nan,nan,fm^4 / MeV
q20_from_e0,cosine_6,7.2767948609,17.8727200002,6.94376943686,2.21027045913,nan,nan,fm^4 / MeV
q20_from_e0,cosine_6,7.35420757219,12.1144838505,3.76450719515,1.19827985682,nan,nan,fm^4 / MeV
q20_from_e0,cosine_6,7.43162028347,6.8313860721,1.83397685537,0.583772964098,nan,nan,fm^4 / MeV
q20_from_e0,cosine_6,7.50903299476,2.16742227438,0.799433062501,0.254467447136,nan,nan,fm^4 / MeV
q20_from_e0,cosine_6,7.58644570605,-1.85790059408,0.344287966252,0.109590263352,nan,nan,fm^4 / MeV
q20_from_e0,cosine_6,7.66385841733,-5.31375263645,0.217759521371,0.0693150084631,nan,nan,fm^4 / MeV
q20_from_e0,cosine_6,7.74127112862,-8.32060320318,0.247194925819,0.0786845887027,nan,nan,fm^4 / MeV
q20_from_e0,cosine_6,7.8186838399,-11.0173283575,0.336723384463,0.107182382184,nan,nan,fm^4 / MeV
q20_from_e0,cosine_6,7.89609655119,-13.5358737246,0.457139454057,0.145512007591,nan,nan,fm^4 / MeV
q20_from_e0,cosine_6,7.97350926248,-15.9838529872,0.631561104351,0.201032143244,nan,nan,fm^4 / MeV
q20_from_e0,cosine_6,8.05092197376,-18.4337332794,0.919991465697,0.292842378736,nan,nan,fm^4 / MeV
q20_from_e0,cosine_6,8.12833468505,-20.9167396901,1.40418289544,0.446965297628,nan,nan,fm^4 / MeV
q20_from_e0,cosine_6,8.20574739633,-23.4201246857,2.17284739575,0.691638807237,nan,nan,fm^4 / MeV
q20_from_e0,cosine_6,8.28316010762,-25.8875081267,3.30671645189,1.05256053744,nan,nan,fm^4 / MeV
q20_from_e0,cosine_6,8.36057281891,-28.2229974761,4.86330867111,1.54803922958,nan,nan,fm^4 / MeV
q20_from_e0,cosine_6,8.43798553019,-30.3002333637,6.8622569948,2.18432424298,nan,nan,fm^4 / MeV
q20_from_e0,cosine_6,8.51539824148,-31.9771085983,9.27319434626,2.95174943692,nan,nan,fm^4 / MeV
q20_from_e0,cosine_6,8.59281095277,-33.1157334444,12.0089594019,3.82257050039,nan,nan,fm^4 / MeV
q20_from_e0,cosine_6,8.67022366405,-33.6056103112,14.9268479151,4.75136326095,nan,nan,fm^4 / MeV
q20_from_e0,cosine_6,8.74763637534,-33.3864566136,17.8396389613,5.67853344733,nan,nan,fm^4 / MeV
q20_from_e0,cosine_6,8.82504908662,-32.4662103647,20.5363147707,6.53691201731,nan,nan,fm^4 / MeV
q20_from_e0,cosine_6,8.90246179791,-30.9298580783,22.8101812462,7.26070619632,nan,nan,fm^4 / MeV
q20_from_e0,cosine_6,8.9798745092,-28.9359638929,24.49005377,7.79542622817,nan,nan,fm^4 / MeV
q20_from_e0,cosine_6,9.05728722048,-26.6999687141,25.4688705866,8.10699329764,nan,nan,fm^4 / MeV
q20_from_e0,cosine_6,9.13469993177,-24.4660141457,25.7239501736,8.18818765196,nan,nan,fm^4 / MeV
q20_from_e0,cosine_6,9.21211264305,-22.4716129167,25.3242646081,8.0609637851,nan,nan,fm^4 / MeV
q20_from_e0,cosine_6,9.28952535434,-20.9113126698,24.4223842576,7.77388635339,nan,nan,fm^4 / MeV
q20_from_e0,cosine_6,9.36693806563,-19.9061101271,23.2317008133,7.39488004174,nan,nan,fm^4 / MeV
q20_from_e0,cosine_6,9.44435077691,-19.4845658294,21.9925161951,7.00043532697,nan,nan,fm^4 / MeV
q20_from_e0,cosine_6,9.5217634882,-19.5794711275,20.9329261617,6.66315734402,nan,nan,fm^4 / MeV
q20_from_e0,cosine_6,9.59917619949,-20.0409573529,20.2315933505,6.43991617671,nan,nan,fm^4 / MeV
q20_from_e0,cosine_6,9.67658891077,-20.6637455086,19.9892200315,6.36276635312,nan,nan,fm^4 / MeV
q20_from_e0,cosine_6,9.75400162206,-21.2235032339,20.2138488068,6.43426791301,nan,nan,fm^4 / MeV
q20_from_e0,cosine_6,9.83141433334,-21.5155886882,20.822407304,6.62797809902,nan,nan,fm^4 / MeV
q20_from_e0,cosine_6,9.90882704463,-21.3891621223,21.6577640903,6.89388042258,nan,nan,fm^4 / MeV
q20_from_e0,cosine_6,9.98623975592,-20.7707629118,22.5176553151,7.16759230048,nan,nan,fm^4 / MeV
q20_from_e0,cosine_6,10.0636524672,-19.6736962116,23.1897779801,7.38153558948,nan,nan,fm^4 / MeV
q20_from_e0,cosine_6,10.1410651785,-18.1924258957,23.4865181263,7.47599091163,nan,nan,fm^4 / MeV
q20_from_e0,cosine_6,10.2184778898,-16.4840001521,23.2732908742,7.40811856928,nan,nan,fm^4 / MeV
q20_from_e0,cosine_6,10.2958906011,-14.7407588269,22.4861159204,7.15755299934,nan,nan,fm^4 / MeV
q20_from_e0,cosine_6,10.3733033123,-13.1597789364,21.1364053197,6.72792677166,nan,nan,fm^4 / MeV
q20_from_e0,cosine_6,10.4507160236,-11.9145541422,19.3034524384,6.14447974861,nan,nan,fm^4 / MeV
q20_from_e0,cosine_6,10.5281287349,-11.1333909477,17.1172538142,5.44859111337,nan,nan,fm^4 / MeV
q20_from_e0,cosine_6,10.6055414462,-10.887268824,14.7356801618,4.69051267514,nan,nan,fm^4 / MeV
q20_from_e0,cosine_6,10.6829541575,-11.1878972706,12.3204621724,3.92172491182,nan,nan,fm^4 / MeV
q20_from_e0,cosine_6,10.7603668688,-11.9948507904,10.0160200763,3.1881982105,nan,nan,fm^4 / MeV
q20_from_e0,cosine_6,10.8377795801,-13.2293091447,7.93407388772,2.52549415617,nan,nan,fm^4 / MeV
q20_from_e0,cosine_6,10.9151922914,-14.7912454139,6.14555316527,1.95619032857,nan,nan,fm^4 / MeV
q20_from_e0,cosine_6,10.9926050026,-16.5768829583,4.6799137385,1.48966280945,nan,nan,fm^4 / MeV
q20_from_e0,cosine_6,11.0700177139,-18.4937403798,3.53082056388,1.12389509182,nan,nan,fm^4 / MeV
q20_from_e0,cosine_6,11.1474304252,-20.4713852852,2.66640629991,0.848743485843,nan,nan,fm^4 / MeV
q20_from_e0,cosine_6,11.2248431365,-22.4669080397,2.04197712071,0.649981504883,nan,nan,fm^4 / MeV
q20_from_e0,cosine_6,11.3022558478,-24.4649472218,1.61303451079,0.513444831542,nan,nan,fm^4 / MeV
q20_from_e0,cosine_6,11.3796685591,-26.4727714055,1.34670187523,0.428668520628,nan,nan,fm^4 / MeV
q20_from_e0,cosine_6,11.4570812704,-28.511440765,1.2299900099,0.391517980059,nan,nan,fm^4 / MeV
q20_from_e0,cosine_6,11.5344939816,-30.6044674877,1.27375395476,0.405448476367,nan,nan,fm^4 / MeV
q20_from_e0,cosine_6,11.6119066929,-32.7656917853,1.51168212408,0.481183364863,nan,nan,fm^4 / MeV
q20_from_e0,cosine_6,11.6893194042,-34.9882795069,1.99423815337,0.634785719623,nan,nan,fm^4 / MeV
q20_from_e0,cosine_6,11.7667321155,-37.2367725108,2.77815447131,0.884314033562,nan,nan,fm^4 / MeV
q20_from_e0,cosine_6,11.8441448268,-39.4439034836,3.91281357957,1.24548724517,nan,nan,fm^4 / MeV
q20_from_e0,cosine_6,11.9215575381,-41.5133568783,5.42554360347,1.7270041669,nan,nan,fm^4 / MeV
q20_from_e0,cosine_6,11.9989702494,-43.3288106451,7.30834275593,2.32631775083,nan,nan,fm^4 / MeV
q20_from_e0,cosine_6,12.0763829606,-44.7685140269,9.50866583171,3.02670233865,nan,nan,fm^4 / MeV
q20_from_e0,cosine_6,12.1537956719,-45.7235241397,11.9265327066,3.7963332684,nan,nan,fm^4 / MeV
q20_from_e0,cosine_6,12.2312083832,-46.1167818478,14.4193305079,4.5898154528,nan,nan,fm^4 / MeV
q20_from_e0,cosine_6,12.3086210945,-45.9197045716,16.8143837643,5.35218458225,nan,nan,fm^4 / MeV
q20_from_e0,cosine_6,12.3860338058,-45.1630931073,18.9278914748,6.02493498103,nan,nan,fm^4 / MeV
q20_from_e0,cosine_6,12.4634465171,-43.9399456259,20.5874886897,6.55320118163,nan,nan,fm^4 / MeV
q20_from_e0,cosine_6,12.5408592284,-42.3991373839,21.6548019029,6.89293752904,nan,nan,fm^4 / MeV
q20_from_e0,cosine_6,12.6182719396,-40.7305998164,22.0441735368,7.0168783695,nan,nan,fm^4 / MeV
q20_from_e0,cosine_6,12.6956846509,-39.1442594427,21.7343230492,6.91824989608,nan,nan,fm^4 / MeV
q20_from_e0,cosine_6,12.7730973622,-37.8462039399,20.7709970858,6.6116137183,nan,nan,fm^4 / MeV
q20_from_e0,cosine_6,12.8505100735,-37.0160403823,19.2603710463,6.13076651561,nan,nan,fm^4 / MeV
q20_from_e0,cosine_6,12.9279227848,-36.7890705801,17.3547170673,5.52417801443,nan,nan,fm^4 / MeV
q20_from_e0,cosine_6,13.0053354961,-37.245803582,15.2332446084,4.84889235752,nan,nan,fm^4 / MeV
q20_from_e0,cosine_6,13.0827482074,-38.409718447,13.0817265944,4.16404290335,nan,nan,fm^4 / MeV
q20_from_e0,cosine_6,13.1601609186,-40.2524719642,11.0743899472,3.52508780366,nan,nan,fm^4 / MeV
q20_from_e0,cosine_6,13.2375736299,-42.7043368386,9.36062884756,2.97958070307,nan,nan,fm^4 / MeV
q20_from_e0,cosine_6,13.3149863412,-45.6668982699,8.05764790464,2.56482898744,nan,nan,fm^4 / MeV
q20_from_e0,cosine_6,13.3923990525,-49.0251035226,7.24855470302,2.30728662252,nan,nan,fm^4 / MeV
q20_from_e0,cosine_6,13.4698117638,-52.6566038672,6.98412828864,2.22311708065,nan,nan,fm^4 / MeV
q20_from_e0,cosine_6,13.5472244751,-56.4376930428,7.28584649097,2.31915696729,nan,nan,fm^4 / MeV
q20_from_e0,cosine_6,13.6246371864,-60.2466241936,8.14794004734,2.5935698691,nan,nan,fm^4 / MeV
q20_from_e0,cosine_6,13.7020498977,-63.9662276522,9.53720415504,3.0357863691,nan,nan,fm^4 / MeV
q20_from_e0,cosine_6,13.7794626089,-67.488183271,11.3907595834,3.62579138655,nan,nan,fm^4 / MeV
q20_from_e0,cosine_6,13.8568753202,-70.7208385204,13.6134738038,4.33330329706,nan,nan,fm^4 / MeV
q20_from_e0,cosine_6,13.9342880315,-73.6011746612,16.077835235,5.11773390373,nan,nan,fm^4 / MeV
q20_from_e0,cosine_6,14.0117007428,-76.1097291332,18.6293131053,5.92989453423,nan,nan,fm^4 / MeV
q20_from_e0,cosine_6,14.0891134541,-78.2854900945,21.0994331943,6.71615817861,nan,nan,fm^4 / MeV
q20_from_e0,cosine_6,14.1665261654,-80.2365560959,23.3270452821,7.42522912876,nan,nan,fm^4 / MeV
q20_from_e0,cosine_6,14.2439388767,-82.1421712327,25.1859357843,8.01693235293,nan,nan,fm^4 / MeV
q20_from_e0,cosine_6,14.3213515879,-84.2428309175,26.6146527168,8.4717070771,nan,nan,fm^4 / MeV
q20_from_e0,cosine_6,14.3987642992,-86.8173921654,27.6428365415,8.79898815332,nan,nan,fm^4 / MeV
q20_from_e0,cosine_6,14.4761770105,-90.1490490203,28.4080521062,9.04256383264,nan,nan,fm^4 / MeV
q20_from_e0,cosine_6,14.5535897218,-94.4849186335,29.1583629403,9.28139518882,nan,nan,fm^4 / MeV
q20_from_e0,cosine_6,14.6310024331,-99.9960105784,30.2385367789,9.62522520046,nan,nan,fm^4 / MeV
q20_from_e0,cosine_6,14.7084151444,-106.744847494,32.061251579,10.205413341,nan,nan,fm^4 / MeV
q20_from_e0,cosine_6,14.7858278557,-114.666656188,35.0681000783,11.1625229446,nan,nan,fm^4 / MeV
q20_from_e0,cosine_6,14.8632405669,-123.567044864,39.6875887968,12.6329518728,nan,nan,fm^4 / MeV
q20_from_e0,cosine_6,14.9406532782,-133.135128078,46.2979008605,14.7370795535,nan,nan,fm^4 / MeV
q20_from_e0,cosine_6,15.0180659895,-142.967230469,55.200598435,17.5708962051,nan,nan,fm^4 / MeV
q20_from_e0,cosine_6,15.0954787008,-152.593761167,66.6079528629,21.2019698947,nan,nan,fm^4 / MeV
q20_from_e0,cosine_6,15.1728914121,-161.501519219,80.6420971832,25.669176776,nan,nan,fm^4 / MeV
q20_from_e0,cosine_6,15.2503041234,-169.145915238,97.340010629,30.9842877044,nan,nan,fm^4 / MeV
q20_from_e0,cosine_6,15.3277168347,-174.951971473,116.655860322,37.1327136218,nan,nan,fm^4 / MeV
q20_from_e0,cosine_6,15.4051295459,-178.308355352,138.452492755,44.0707972106,nan,nan,fm^4 / MeV
q20_from_e0,cosine_6,15.4825422572,-178.56349135,162.477224745,51.7181069161,nan,nan,fm^4 / MeV
q20_from_e0,cosine_6,15.5599549685,-175.035311985,188.322952456,59.9450575622,nan,nan,fm^4 / MeV
q20_from_e0,cosine_6,15.6373676798,-167.045231181,215.382534179,68.5583899405,nan,nan,fm^4 / MeV
q20_from_e0,cosine_6,15.7147803911,-153.982114112,242.810417731,77.2889564323,nan,nan,fm^4 / MeV
q20_from_e0,cosine_6,15.7921931024,-135.394138577,269.508562381,85.7872398171,nan,nan,fm^4 / MeV
q20_from_e0,cosine_6,15.8696058137,-111.097271573,294.152401331,93.6316173883,nan,nan,fm^4 / MeV
q20_from_e0,cosine_6,15.947018525,-81.2810224472,315.266514431,100.352448326,nan,nan,fm^4 / MeV
q20_from_e0,cosine_6,16.0244312362,-46.5875911645,331.349733075,105.471895822,nan,nan,fm^4 / MeV
q20_from_e0,cosine_6,16.1018439475,-8.14124922801,341.037656985,108.555657779,nan,nan,fm^4 / MeV
q20_from_e0,cosine_6,16.1792566588,32.4887011448,343.279819503,109.269360275,nan,nan,fm^4 / MeV
q20_from_e0,cosine_6,16.2566693701,73.3966849564,337.501808571,107.430162273,nan,nan,fm^4 / MeV
q20_from_e0,cosine_6,16.3340820814,112.512681029,323.721619737,103.043791934,nan,nan,fm^4 / MeV
q20_from_e0,cosine_6,16.4114947927,147.815026654,302.59514468,96.319026063,nan,nan,fm^4 / MeV
q20_from_e0,cosine_6,16.488907504,177.552322024,275.377149196,87.6552690182,nan,nan,fm^4 / MeV
q20_from_e0,cosine_6,16.5663202152,200.43884202,243.799084867,77.6036589558,nan,nan,fm^4 / MeV
q20_from_e0,cosine_6,16.6437329265,215.791277995,209.880406682,66.8070083631,nan,nan,fm^4 / MeV
q20_from_e0,cosine_6,16.7211456378,223.584583633,175.702390775,55.9278080098,nan,nan,fm^4 / MeV
q20_from_e0,cosine_6,16.7985583491,224.41908249,143.180094174,45.5756394802,nan,nan,fm^4 / MeV
q20_from_e0,cosine_6,16.8759710604,219.406715043,113.867718631,36.2452205573,nan,nan,fm^4 / MeV
q20_from_e0,cosine_6,16.9533837717,209.998034053,88.8254914666,28.2740320789,nan,nan,fm^4 / MeV
q20_from_e0,cosine_6,17.030796483,197.780536305,68.564012334,21.8246029623,nan,nan,fm^4 / MeV
q20_from_e0,cosine_6,17.1082091942,184.28156913,53.0676066986,16.8919438483,nan,nan,fm^4 / MeV
q20_from_e0,cosine_6,17.1856219055,170.805275699,41.884658224,13.3323007921,nan,nan,fm^4 / MeV
q20_from_e0,cosine_6,17.2630346168,158.324145573,34.2628268007,10.9061964993,nan,nan,fm^4 / MeV
q20_from_e0,cosine_6,17.3404473281,147.434000196,29.3021667881,9.32716937526,nan,nan,fm^4 / MeV
q20_from_e0,cosine_6,17.4178600394,138.369318952,26.0998348793,8.30783546984,nan,nan,fm^4 / MeV
q20_from_e0,cosine_6,17.4952727507,131.066081916,23.8654873099,7.59662054935,nan,nan,fm^4 / MeV
q20_from_e0,cosine_6,17.572685462,125.253381409,21.9948912124,7.00119131845,nan,nan,fm^4 / MeV
q20_from_e0,cosine_6,17.6500981732,120.553520752,20.0986080709,6.39758564749,nan,nan,fm^4 / MeV
q20_from_e0,cosine_6,17.7275108845,116.572755843,17.9908791593,5.72667469755,nan,nan,fm^4 / MeV
q20_from_e0,cosine_6,17.8049235958,112.97007256,15.649633075,4.98143292291,nan,nan,fm^4 / MeV
q20_from_e0,cosine_6,17.8823363071,109.49789375,13.1611883831,4.18933637626,nan,nan,fm^4 / MeV
q20_from_e0,cosine_6,17.9597490184,106.014872662,10.6628501115,3.39409060539,nan,nan,fm^4 / MeV
q20_from_e0,cosine_6,18.0371617297,102.475805567,8.29389846029,2.64002987492,nan,nan,fm^4 / MeV
q20_from_e0,cosine_6,18.114574441,98.9065590168,6.16146010064,1.96125366336,nan,nan,fm^4 / MeV
q20_from_e0,cosine_6,18.1919871523,95.3726699272,4.32348732788,1.37620875925,nan,nan,fm^4 / MeV
q20_from_e0,cosine_6,18.2693998635,91.9492837544,2.78740450064,0.887258409346,nan,nan,fm^4 / MeV
q20_from_e0,cosine_6,18.3468125748,88.6979465695,1.52044944915,0.483974091106,nan,nan,fm^4 / MeV
q20_from_e0,cosine_6,18.4242252861,85.6531293852,0.466528647734,0.148500680762,nan,nan,fm^4 / MeV
q20_from_e0,cosine_6,18.5016379974,82.8188269637,-0.435582708817,-0.138650282467,nan,nan,fm^4 / MeV
q20_from_e0,cosine_6,18.5790507087,80.17355984,-1.236923967,-0.393725127153,nan,nan,fm^4 / MeV
q20_from_e0,cosine_6,18.65646342,77.6808423731,-1.96865286069,-0.626641668023,nan,nan,fm^4 / MeV
q20_from_e0,cosine_6,18.7338761313,75.3017074776,-2.63904056625,-0.840032702278,nan,nan,fm^4 / MeV
q20_from_e0,cosine_6,18.8112888425,73.0061104036,-3.23669969401,-1.03027351121,nan,nan,fm^4 / MeV
q20_from_e0,cosine_6,18.8887015538,70.7807931553,-3.73841862436,-1.18997560683,nan,nan,fm^4 / MeV
q20_from_e0,cosine_6,18.9661142651,68.6322598718,-4.11929279557,-1.31121162091,nan,nan,fm^4 / MeV
q20_from_e0,cosine_6,19.0435269764,66.5846681611,-4.36267888306,-1.38868381872,nan,nan,fm^4 / MeV
q20_from_e0,cosine_6,19.1209396877,64.6734806348,-4.46780405118,-1.42214619902,nan,nan,fm^4 / MeV
q20_from_e0,cosine_6,19.198352399,62.9364869511,-4.45352934504,-1.41760241893,nan,nan,fm^4 / MeV
q20_from_e0,cosine_6,19.2757651103,61.4042010489,-4.35764134682,-1.38708032113,nan,nan,fm^4 / MeV
q20_from_e0,cosine_6,19.3531778215,60.0916304754,-4.23195936385,-1.34707450344,nan,nan,fm^4 / MeV
q20_from_e0,cosine_6,19.4305905328,58.9930421358,-4.1343355673,-1.31599988387,nan,nan,fm^4 / MeV
q20_from_e0,cosine_6,19.5080032441,58.0807061561,-4.11916548139,-1.31117109555,nan,nan,fm^4 / MeV
q20_from_e0,cosine_6,19.5854159554,57.3078193155,-4.22824136532,-1.34589102775,nan,nan,fm^4 / MeV
q20_from_e0,cosine_6,19.6628286667,56.6150366011,-4.48365772885,-1.42719258136,nan,nan,fm^4 / MeV
q20_from_e0,cosine_6,19.740241378,55.9394055864,-4.88406098997,-1.55464489783,nan,nan,fm^4 / MeV
q20_from_e0,cosine_6,19.8176540893,55.2241011221,-5.40491369911,-1.7204374644,nan,nan,fm^4 / MeV
q20_from_e0,cosine_6,19.8950668005,54.4272482628,-6.00273305806,-1.9107292765,nan,nan,fm^4 / MeV
q20_from_e0,cosine_6,19.9724795118,53.5283008974,-6.62258347841,-2.10803379325,nan,nan,fm^4 / MeV
q20_from_e0,cosine_6,20.0498922231,52.5308695307,-7.20755951368,-2.29423744846,nan,nan,fm^4 / MeV
q20_from_e0,cosine_6,20.1273049344,51.4614881372,-7.70866710103,-2.45374494756,nan,nan,fm^4 / MeV
q20_from_e0,cosine_6,20.2047176457,50.3644811614,-8.09344104487,-2.57622229783,nan,nan,fm^4 / MeV
q20_from_e0,cosine_6,20.282130357,49.2937353794,-8.35183087027,-2.65847033374,nan,nan,fm^4 / MeV
q20_from_e0,cosine_6,20.3595430683,48.3027012943,-8.49831514889,-2.7050977278,nan,nan,fm^4 / MeV
q20_from_e0,cosine_6,20.4369557796,47.4342658998,-8.56980377269,-2.7278532635,nan,nan,fm^4 / MeV
q20_from_e0,cosine_6,20.5143684908,46.712200585,-8.61957092814,-2.74369464109,nan,nan,fm^4 / MeV
q20_from_e0,cosine_6,20.5917812021,46.1356768974,-8.70812577121,-2.77188252311,nan,nan,fm^4 / MeV
q20_from_e0,cosine_6,20.6691939134,45.6778808364,-8.89246732124,-2.83056026092,nan,nan,fm^4 / MeV
q20_from_e0,cosine_6,20.7466066247,45.2891058851,-9.21549161243,-2.93338208628,nan,nan,fm^4 / MeV
q20_from_e0,cosine_6,20.824019336,44.903963824,-9.69735789945,-3.08676488926,nan,nan,fm^4 / MeV
q20_from_e0,cosine_6,20.9014320473,44.4516410865,-10.3303546022,-3.28825399766,nan,nan,fm^4 / MeV
q20_from_e0,cosine_6,20.9788447586,43.8675717251,-11.0782640317,-3.52632096304,nan,nan,fm^4 / MeV
q20_from_e0,cosine_6,21.0562574698,43.1046022693,-11.8804888029,-3.78167703865,nan,nan,fm^4 / MeV
q20_from_e0,cosine_6,21.1336701811,42.1417546196,-12.6603948005,-4.02992882798,nan,nan,fm^4 / MeV
q20_from_e0,cosine_6,21.2110828924,40.9890590485,-13.3365896288,-4.24516832682,nan,nan,fm^4 / MeV
q20_from_e0,cosine_6,21.2884956037,39.6875749131,-13.8353298874,-4.40392228177,nan,nan,fm^4 / MeV
q20_from_e0,cosine_6,21.365908315,38.3045291995,-14.1020390537,-4.48881844614,nan,nan,fm^4 / MeV
q20_from_e0,cosine_6,21.4433210263,36.9243326701,-14.1100654631,-4.4913733316,nan,nan,fm^4 / MeV
q20_from_e0,cosine_6,21.5207337376,35.6369232119,-13.8652911414,-4.41345924512,nan,nan,fm^4 / MeV
q20_from_e0,cosine_6,21.5981464488,34.5253054992,-13.4059233222,-4.26723792689,nan,nan,fm^4 / MeV
q20_from_e0,cosine_6,21.6755591601,33.6542305607,-12.7976186425,-4.07360853351,nan,nan,fm^4 / MeV
q20_from_e0,cosine_6,21.7529718714,33.0616863567,-12.1248449201,-3.85945800652,nan,nan,fm^4 / MeV
q20_from_e0,cosine_6,21.8303845827,32.7543217215,-11.4799355353,-3.65417697363,nan,nan,fm^4 / MeV
q20_from_e0,cosine_6,21.907797294,32.7072262869,-10.9515459845,-3.48598535587,nan,nan,fm^4 / MeV
q20_from_e0,cosine_6,21.9852100053,32.8677864787,-10.614160157,-3.37859211153,nan,nan,fm^4 / MeV
q20_from_e0,cosine_6,22.0626227166,33.1627667651,-10.5199645953,-3.348608733,nan,nan,fm^4 / MeV
q20_from_e0,cosine_6,22.1400354278,33.5074150914,-10.6939141344,-3.40397859099,nan,nan,fm^4 / MeV
q20_from_e0,cosine_6,22.2174481391,33.815288103,-11.1322747954,-3.54351312308,nan,nan,fm^4 / MeV
q20_from_e0,cosine_6,22.2948608504,34.0076002768,-11.8044590881,-3.75747602881,nan,nan,fm^4 / MeV
q20_from_e0,cosine_6,22.3722735617,34.0211443161,-12.6576332359,-4.02904979469,nan,nan,fm^4 / MeV
q20_from_e0,cosine_6,22.449686273,33.8141191017,-13.6233901565,-4.33645977014,nan,nan,fm^4 / MeV
q20_from_e0,cosine_6,22.5270989843,33.3694659605,-14.6257143603,-4.65550947338,nan,nan,fm^4 / MeV
q20_from_e0,cosine_6,22.6045116956,32.6955233551,-15.5894585567,-4.96227877887,nan,nan,fm^4 / MeV
q20_from_e0,cosine_6,22.6819244068,31.8239769123,-16.4485544948,-5.23573750912,nan,nan,fm^4 / MeV
q20_from_e0,cosine_6,22.7593371181,30.8052476206,-17.1531698659,-5.4600235477,nan,nan,fm^4 / MeV
q20_from_e0,cosine_6,22.8367498294,29.7016702596,-17.6750175401,-5.62613282147,nan,nan,fm^4 / MeV
q20_from_e0,cosine_6,22.9141625407,28.5790850771,-18.0100755812,-5.73278510842,nan,nan,fm^4 / MeV
q20_from_e0,cosine_6,22.991575252,27.4977720654,-18.17814941,-5.78628466973,nan,nan,fm^4 / MeV
q20_from_e0,cosine_6,23.0689879633,26.5039266786,-18.219042855,-5.79930145755,nan,nan,fm^4 / MeV
q20_from_e0,cosine_6,23.1464006746,25.6230091957,-18.1855951209,-5.78865471311,nan,nan,fm^4 / MeV
q20_from_e0,cosine_6,23.2238133859,24.8562043179,-18.1344163263,-5.77236399683,nan,nan,fm^4 / MeV
q20_from_e0,cosine_6,23.3012260971,24.1808539129,-18.1156924851,-5.76640401307,nan,nan,fm^4 / MeV
q20_from_e0,cosine_6,23.3786388084,23.5550966076,-18.163785619,-5.78171253304,nan,nan,fm^4 / MeV
q20_from_e0,cosine_6,23.4560515197,22.9261649645,-18.2903995637,-5.82201500336,nan,nan,fm^4 / MeV
q20_from_e0,cosine_6,23.533464231,22.2410179077,-18.4817523603,-5.88292449028,nan,nan,fm^4 / MeV
q20_from_e0,cosine_6,23.6108769423,21.4574094263,-18.7005174944,-5.95255959521,nan,nan,fm^4 / MeV
q20_from_e0,cosine_6,23.6882896536,20.5532736318,-18.8923883993,-6.01363400113,nan,nan,fm^4 / MeV
q20_from_e0,cosine_6,23.7657023649,19.5325263499,-18.9961741566,-6.04667003371,nan,nan,fm^4 / MeV
q20_from_e0,cosine_6,23.8431150761,18.4260269696,-18.955565411,-6.03374386852,nan,nan,fm^4 / MeV
q20_from_e0,cosine_6,23.9205277874,17.28738851,-18.730305029,-5.96204126198,nan,nan,fm^4 / MeV
q20_from_e0,cosine_6,23.9979404987,16.1843671608,-18.3045659505,-5.82652430434,nan,nan,fm^4 / MeV
q20_from_e0,cosine_6,24.07535321,15.1874724003,-17.6908780215,-5.63118136953,nan,nan,fm^4 / MeV
q20_from_e0,cosine_6,24.1527659213,14.358008893,-16.9288440357,-5.38861841821,nan,nan,fm^4 / MeV
q20_from_e0,cosine_6,24.2301786326,13.7378624365,-16.0789452768,-5.11808724101,nan,nan,fm^4 / MeV
q20_from_e0,cosine_6,24.3075913439,13.3429534171,-15.2127235294,-4.84236029517,nan,nan,fm^4 / MeV
q20_from_e0,cosine_6,24.3850040551,13.1614942343,-14.4013236422,-4.58408368945,nan,nan,fm^4 / MeV
q20_from_e0,cosine_6,24.4624167664,13.1571827345,-13.7046418158,-4.36232297658,nan,nan,fm^4 / MeV
q20_from_e0,cosine_6,24.5398294777,13.2764672202,-13.1631056048,-4.18994664688,nan,nan,fm^4 / MeV
q20_from_e0,cosine_6,24.617242189,13.4582464114,-12.7934773718,-4.07229032612,nan,nan,fm^4 / MeV
q20_from_e0,cosine_6,24.6946549003,13.6439776283,-12.5891791421,-4.00726017985,nan,nan,fm^4 / MeV
q20_from_e0,cosine_6,24.7720676116,13.7862240387,-12.5246900066,-3.98673265048,nan,nan,fm^4 / MeV
q20_from_e0,cosine_6,24.8494803229,13.8541398427,-12.5627754877,-3.99885563565,nan,nan,fm^4 / MeV
q20_from_e0,cosine_6,24.9268930341,13.8351443529,-12.6628339363,-4.03070522903,nan,nan,fm^4 / MeV
q20_from_e0,cosine_6,25.0043057454,13.7328899651,-12.7885704006,-4.07072838865,nan,nan,fm^4 / MeV
q20_from_e0,cosine_6,25.0817184567,13.5623915908,-12.9135217449,-4.11050163685,nan,nan,fm^4 / MeV
q20_from_e0,cosine_6,25.159131168,13.3436960203,-13.0235606226,-4.1455280995,nan,nan,fm^4 / MeV
q20_from_e0,cosine_6,25.2365438793,13.0956361459,-13.1162445167,-4.17503029927,nan,nan,fm^4 / MeV
q20_from_e0,cosine_6,25.3139565906,12.8310284804,-13.1975748098,-4.20091853561,nan,nan,fm^4 / MeV
q20_from_e0,cosine_6,25.3913693019,12.554204872,-13.2772374344,-4.22627593657,nan,nan,fm^4 / MeV
q20_from_e0,cosine_6,25.4687820132,12.261150891,-13.3636146962,-4.25377067295,nan,nan,fm^4 / MeV
q20_from_e0,cosine_6,25.5461947244,11.9419079029,-13.4597651727,-4.28437632019,nan,nan,fm^4 / MeV
q20_from_e0,cosine_6,25.6236074357,11.5844230063,-13.5612167157,-4.31666934929,nan,nan,fm^4 / MeV
q20_from_e0,cosine_6,25.701020147,11.1787943807,-13.6559137161,-4.3468123407,nan,nan,fm^4 / MeV
q20_from_e0,cosine_6,25.7784328583,10.7208881059,-13.7261364077,-4.36916491768,nan,nan,fm^4 / MeV
q20_from_e0,cosine_6,25.8558455696,10.2145592246,-13.751790574,-4.37733089245,nan,nan,fm^4 / MeV
q20_from_e0,cosine_6,25.9332582809,9.67210713581,-13.7142356157,-4.36537677794,nan,nan,fm^4 / MeV
q20_from_e0,cosine_6,26.0106709922,9.11302187277,-13.5998068409,-4.32895296766,nan,nan,fm^4 / MeV
q20_from_e0,cosine_6,26.0880837034,8.5614288063,-13.4023661216,-4.26610563476,nan,nan,fm^4 / MeV
q20_from_e0,cosine_6,26.1654964147,8.04284303536,-13.1245121621,-4.17766197252,nan,nan,fm^4 / MeV
q20_from_e0,cosine_6,26.242909126,7.58087711398,-12.777406301,-4.06717474541,nan,nan,fm^4 / MeV
q20_from_e0,cosine_6,26.3203218373,7.19443079156,-12.379437938,-3.94049748105,nan,nan,fm^4 / MeV
q20_from_e0,cosine_6,26.3977345486,6.89568813623,-11.9541104806,-3.80511154651,nan,nan,fm^4 / MeV
q20_from_e0,cosine_6,26.4751472599,6.68902825924,-11.5275598604,-3.66933626714,nan,nan,fm^4 / MeV
q20_from_e0,cosine_6,26.5525599712,6.57078372977,-11.1260476364,-3.54153095683,nan,nan,fm^4 / MeV
q20_from_e0,cosine_6,26.6299726824,6.52969130266,-10.7736495652,-3.42935916689,nan,nan,fm^4 / MeV
q20_from_e0,cosine_6,26.7073853937,6.54787396091,-10.4902442132,-3.33914844155,nan,nan,fm^4 / MeV
q20_from_e0,cosine_6,26.784798105,6.60224276416,-10.289837164,-3.27535689653,nan,nan,fm^4 / MeV
q20_from_e0,cosine_6,26.8622108163,6.66626686291,-10.17925045,-3.24015605217,nan,nan,fm^4 / MeV
q20_from_e0,cosine_6,26.9396235276,6.7120876789,-10.1572503027,-3.23315318779,nan,nan,fm^4 / MeV
q20_from_e0,cosine_6,27.0170362389,6.71292427133,-10.214243426,-3.2512946624,nan,nan,fm^4 / MeV
q20_from_e0,cosine_6,27.0944489502,6.64563393007,-10.3326998319,-3.28900050747,nan,nan,fm^4 / MeV
q20_from_e0,cosine_6,27.1718616614,6.49318360745,-10.4884256896,-3.33856958749,nan,nan,fm^4 / MeV
q20_from_e0,cosine_6,27.2492743727,6.24669808265,-10.6527024006,-3.39086048867,nan,nan,fm^4 / MeV
q20_from_e0,cosine_6,27.326687084,5.90672371845,-10.795146085,-3.43620172164,nan,nan,fm^4 / MeV
q20_from_e0,cosine_6,27.4040997953,5.48341011316,-10.8869662597,-3.46542899102,nan,nan,fm^4 / MeV
q20_from_e0,cosine_6,27.4815125066,4.99546661731,-10.9041660897,-3.47090386694,nan,nan,fm^4 / MeV
q20_from_e0,cosine_6,27.5589252179,4.46796801287,-10.8301759721,-3.44735208104,nan,nan,fm^4 / MeV
q20_from_e0,cosine_6,27.6363379292,3.92931283466,-10.6574733219,-3.39237912009,nan,nan,fm^4 / MeV
q20_from_e0,cosine_6,27.7137506405,3.40781998605,-10.3879101907,-3.30657451049,nan,nan,fm^4 / MeV
q20_from_e0,cosine_6,27.7911633517,2.92853449799,-10.0317124335,-3.19319324292,nan,nan,fm^4 / MeV
q20_from_e0,cosine_6,27.868576063,2.51077506023,-9.60537354422,-3.05748535961,nan,nan,fm^4 / MeV
q20_from_e0,cosine_6,27.9459887743,2.16679941167,-9.12888041871,-2.90581288707,nan,nan,fm^4 / MeV
q20_from_e0,cosine_6,28.0234014856,1.90172458819,-8.62282483894,-2.74473039307,nan,nan,fm^4 / MeV
q20_from_e0,cosine_6,28.1008141969,1.71457450873,-8.10594547316,-2.58020258097,nan,nan,fm^4 / MeV
q20_from_e0,cosine_6,28.1782269082,1.60010081946,-7.5935143367,-2.41709068425,nan,nan,fm^4 / MeV
q20_from_e0,cosine_6,28.2556396195,1.55088745021,-7.09676304611,-2.25896983748,nan,nan,fm^4 / MeV
q20_from_e0,cosine_6,28.3330523307,1.55923438229,-6.62329297887,-2.10825963427,nan,nan,fm^4 / MeV
q20_from_e0,cosine_6,28.410465042,1.61842045582,-6.17819132075,-1.96657937613,nan,nan,fm^4 / MeV
q20_from_e0,cosine_6,28.4878777533,1.72313799416,-5.76543437812,-1.8351947607,nan,nan,fm^4 / MeV
q20_from_e0,cosine_6,28.5652904646,1.86912219352,-5.38913075821,-1.71541359828,nan,nan,fm^4 / MeV
q20_from_e0,cosine_6,28.6427031759,2.05220712469,-5.05424147927,-1.60881503001,nan,nan,fm^4 / MeV
q20_from_e0,cosine_6,28.7201158872,2.2671771059,-4.76658506455,-1.51725114938,nan,nan,fm^4 / MeV
q20_from_e0,cosine_6,28.7975285985,2.5068164961,-4.53214619597,-1.44262693981,nan,nan,fm^4 / MeV
q20_from_e0,cosine_6,28.8749413097,2.7614888322,-4.3559017742,-1.38652659797,nan,nan,fm^4 / MeV
q20_from_e0,cosine_6,28.952354021,3.01942054964,-4.24050959886,-1.34979612777,nan,nan,fm^4 / MeV
q20_from_e0,cosine_6,29.0297667323,3.26766802777,-4.18524160663,-1.33220377946,nan,nan,fm^4 / MeV
q20_from_e0,cosine_6,29.1071794436,3.49356065776,-4.18547973693,-1.33227957869,nan,nan,fm^4 / MeV
q20_from_e0,cosine_6,29.1845921549,3.68628383748,-4.23294738503,-1.34738900035,nan,nan,fm^4 / MeV
q20_from_e0,cosine_6,29.2620048662,3.83822520302,-4.31666199544,-1.37403618846,nan,nan,fm^4 / MeV
q20_from_e0,cosine_6,29.3394175775,3.94576302493,-4.42441290101,-1.40833436695,nan,nan,fm^4 / MeV
q20_from_e0,cosine_6,29.4168302887,4.00931137984,-4.54443839841,-1.44653966937,nan,nan,fm^4 / MeV
q20_from_e0,cosine_6,29.494243,4.03261685043,-4.66692865711,-1.48552952967,nan,nan,fm^4 / MeV
q20_from_e0,cosine_6,29.5716557113,4.02148038096,-4.7850264417,-1.52312122204,nan,nan,fm^4 / MeV
q20_from_e0,cosine_6,29.6490684226,3.98221122835,-4.89512258522,-1.55816591296,nan,nan,fm^4 / MeV
q20_from_e0,cosine_6,29.7264811339,3.92017576367,-4.99641506534,-1.59040831077,nan,nan,fm^4 / MeV
q20_from_e0,cosine_6,29.8038938452,3.83877024755,-5.08987591855,-1.62015782432,nan,nan,fm^4 / MeV
q20_from_e0,cosine_6,29.8813065565,3.73903418131,-5.17690579035,-1.64786029291,nan,nan,fm^4 / MeV
q20_from_e0,cosine_6,29.9587192678,3.61995934143,-5.25801938056,-1.67367955058,nan,nan,fm^4 / MeV
