channel,window,time_fm_c,raw_signal,reference_signal,reference_delta,delta_signal,window_value,filtered_signal
e0_diagonal,gamma_1,0,62.3932241229,62.3932241229,0,0,1,0
e0_diagonal,gamma_1,2,62.3917592366,62.3932232281,-8.94895229919e-07,-0.00146399145775,0.994945088566,-0.00145659111059
e0_diagonal,gamma_1,4,62.3903822994,62.393220571,-3.55196807789e-06,-0.00283827157129,0.989915729261,-0.00280964967234
e0_diagonal,gamma_1,6,62.3891709686,62.3932162269,-7.89601014617e-06,-0.00404525832509,0.984911792922,-0.00398422262979
e0_diagonal,gamma_1,8,62.3881878417,62.3932103337,-1.3789293817e-05,-0.00502249191004,0.979933151038,-0.00492170632347
e0_diagonal,gamma_1,10,62.3874750655,62.3932030953,-2.10276713375e-05,-0.00572802981319,0.974979675748,-0.00558471264994
e0_diagonal,gamma_1,12,62.3870524033,62.3931947687,-2.93542806702e-05,-0.0061423653608,0.970051239837,-0.00595840913377
e0_diagonal,gamma_1,14,62.3869196273,62.3931856459,-3.84770854538e-05,-0.00626601853465,0.965147716732,-0.00604763348172
e0_diagonal,gamma_1,16,62.3870586065,62.3931760404,-4.80825165141e-05,-0.00611743391384,0.960268980503,-0.00587438202774
e0_diagonal,gamma_1,18,62.3874370145,62.3931662751,-5.78478290691e-05,-0.00572926057336,0.955414905854,-0.00547382095131
e0_diagonal,gamma_1,20,62.3880130352,62.3931566721,-6.74508313452e-05,-0.00514363688525,0.950585368121,-0.00488946596205
e0_diagonal,gamma_1,22,62.3887384158,62.3931475472,-7.65757992056e-05,-0.00440913133934,0.945780243275,-0.00417006931075
e0_diagonal,gamma_1,24,62.3895619874,62.3931392026,-8.49203522932e-05,-0.00357721519504,0.940999407908,-0.0033661573805
e0_diagonal,gamma_1,26,62.3904334202,62.393131921,-9.22019548071e-05,-0.00269850075637,0.936242739242,-0.00252645173999
e0_diagonal,gamma_1,28,62.3913055507,62.3931259597,-9.81632880368e-05,-0.0018204089824,0.931510115114,-0.00169572938075
e0_diagonal,gamma_1,30,62.3921367947,62.3931215441,-0.000102578885361,-0.000984749372179,0.926801413982,-0.000912667110553
e0_diagonal,gamma_1,32,62.392893295,62.3931188624,-0.000105260592072,-0.000225567386273,0.922116514917,-0.000207999412109
e0_diagonal,gamma_1,34,62.3935497044,62.3931180612,-0.000106061731927,0.000431643202646,0.917455297602,0.000396013342941
e0_diagonal,gamma_1,36,62.3940896501,62.3931192412,-0.000104881761551,0.00097040895556,0.912817642327,0.000885806414907
e0_diagonal,gamma_1,38,62.3945059553,62.3931224543,-0.00010166868006,0.0013835010415,0.908203429989,0.00125650039128
e0_diagonal,gamma_1,40,62.3947999797,62.3931277039,-9.64190200108e-05,0.00167227575764,0.903612542086,0.00151108934843
e0_diagonal,gamma_1,42,62.3949802956,62.3931349443,-8.91786287411e-05,0.00184535127752,0.899044860715,0.00165905358227
e0_diagonal,gamma_1,44,62.3950610755,62.3931440801,-8.00428760357e-05,0.00191699544791,0.894500268569,0.001714752943
e0_diagonal,gamma_1,46,62.3950605008,62.3931549696,-6.91533567903e-05,0.00190553118441,0.889978648933,0.001695882069
e0_diagonal,gamma_1,48,62.3949990401,62.3931674309,-5.66920856713e-05,0.00183160920071,0.885479885684,0.00162185310567
e0_diagonal,gamma_1,50,62.3948975261,62.3931812467,-4.28762049083e-05,0.00171627935936,0.881003863285,0.00151204874607
e0_diagonal,gamma_1,52,62.3947754758,62.3931961687,-2.7954256808e-05,0.0015793070868,0.876550466783,0.00138434236413
e0_diagonal,gamma_1,54,62.3946497611,62.3932119223,-1.22006517387e-05,0.00143783881094,0.872119581805,0.0012539673825
e0_diagonal,gamma_1,56,62.3945334298,62.3932282162,4.0932215768e-06,0.00130521360748,0.867711094559,0.00113254832798
e0_diagonal,gamma_1,58,62.3944350423,62.3932447506,2.0627655374e-05,0.00119029171892,0.863324891826,0.00102760846948
e0_diagonal,gamma_1,60,62.3943583609,62.3932612247,3.71017040592e-05,0.00109713628125,0.858960860958,0.000942397124727
e0_diagonal,gamma_1,62,62.3943024599,62.393277344,5.32210646753e-05,0.00102511590992,0.854618889881,0.000876083420933
e0_diagonal,gamma_1,64,62.3942622524,62.3932928297,6.87067964975e-05,0.000969422673393,0.850298867082,0.000824299000909
e0_diagonal,gamma_1,66,62.3942293723,62.3933074257,8.33027583553e-05,0.000921946596293,0.846000681616,0.000779967448877
e0_diagonal,gamma_1,68,62.394193335,62.3933209043,9.67813169837e-05,0.000872430700312,0.841724223097,0.000734346053426
e0_diagonal,gamma_1,70,62.394142983,62.3933330702,0.000108947297022,0.000809912704483,0.837469381697,0.000678277091852
e0_diagonal,gamma_1,72,62.3940677996,62.393343764,0.000119641094983,0.000724035592242,0.833236048144,0.000603292555595
e0_diagonal,gamma_1,74,62.3939591528,62.3933528637,0.000128740743349,0.000606289144017,0.829024113716,0.000502628320274
e0_diagonal,gamma_1,76,62.3938112445,62.3933602848,0.000136161879666,0.000450959679071,0.824833470245,0.000371966637029
e0_diagonal,gamma_1,78,62.393621614,62.3933659796,0.000141856622548,0.000255634428981,0.820664010104,0.000209789975609
e0_diagonal,gamma_1,80,62.3933914572,62.3933699348,0.00014581180357,2.15224260742e-05,0.816515626216,1.75733972037e-05
e0_diagonal,gamma_1,82,62.3931255152,62.3933721689,0.000148045937301,-0.000246653712701,0.812388212041,-0.000200378568654
e0_diagonal,gamma_1,84,62.3928316922,62.3933727288,0.000148605881321,-0.000541036662064,0.808281661578,-0.000437310012188
e0_diagonal,gamma_1,86,62.3925205876,62.3933716866,0.000147563638862,-0.000851098987155,0.804195869365,-0.000684450289891
e0_diagonal,gamma_1,88,62.3922050452,62.3933691367,0.000145013750981,-0.00116409149729,0.800130730469,-0.000931425380058
e0_diagonal,gamma_1,90,62.3918992525,62.3933651936,0.000141070665279,-0.00146594106591,0.796086140491,-0.00116701536535
e0_diagonal,gamma_1,92,62.3916179344,62.3933599873,0.00013586432965,-0.00174205292697,0.792061995557,-0.0013798139177
e0_diagonal,gamma_1,94,62.391375553,62.3933536597,0.00012953677151,-0.00197810670744,0.788058192319,-0.00155886319608
e0_diagonal,gamma_1,96,62.3911853424,62.3933463643,0.000122241343931,-0.00216102186268,0.784074627951,-0.00169440241298
e0_diagonal,gamma_1,98,62.3910584882,62.3933382635,0.000114140573274,-0.00227977536424,0.780111200149,-0.00177847829546
e0_diagonal,gamma_1,100,62.3910035068,62.3933295248,0.000105401864907,-0.00232601796508,0.776167807123,-0.00180538026329
e0_diagonal,gamma_1,102,62.3910256578,62.3933203166,9.61936563755e-05,-0.00229465885462,0.7722443476,-0.00177203733015
e0_diagonal,gamma_1,104,62.3911266464,62.3933108066,8.66836994859e-05,-0.00218416027412,0.768340720817,-0.0016781792794
e0_diagonal,gamma_1,106,62.3913045874,62.3933011628,7.70398400221e-05,-0.00199657535736,0.764456826522,-0.0015262956616
e0_diagonal,gamma_1,108,62.391554183,62.3932915527,6.74297209642e-05,-0.00173736968033,0.760592564968,-0.00132143046146
e0_diagonal,gamma_1,110,62.3918673378,62.3932821404,5.80174515505e-05,-0.0014148025745,0.756747836915,-0.00107064878792
e0_diagonal,gamma_1,112,62.3922336009,62.3932730837,4.89607271348e-05,-0.00103948274116,0.752922543621,-0.000782649989521
e0_diagonal,gamma_1,114,62.3926407202,62.3932645318,4.04088103636e-05,-0.000623811566157,0.749116586846,-0.000467307591275
e0_diagonal,gamma_1,116,62.393075245,62.3932566216,3.24986367275e-05,-0.000181376595457,0.745329868846,-0.000135185394103
e0_diagonal,gamma_1,118,62.3935230311,62.3932494735,2.53505071441e-05,0.000273557683443,0.741562292369,0.000202860062829
e0_diagonal,gamma_1,120,62.3939698542,62.3932431872,1.9064204885e-05,0.000726667045491,0.737813760658,0.00053614494558
e0_diagonal,gamma_1,122,62.3944019811,62.3932378379,1.37149433712e-05,0.00116414318471,0.734084177443,0.000854579092173
e0_diagonal,gamma_1,124,62.3948065465,62.393233473,9.35002159963e-06,0.00157307350158,0.730373446941,0.00114893111564
e0_diagonal,gamma_1,126,62.3951720228,62.3932301091,5.98610540692e-06,0.00194191372776,0.726681473852,0.00141115272978
e0_diagonal,gamma_1,128,62.3954885258,62.3932277299,3.60691957724e-06,0.00226079597923,0.723008163361,0.00163457394868
e0_diagonal,gamma_1,130,62.3957479142,62.3932262848,2.16184193391e-06,0.00252162940715,0.719353421129,0.00181394274085
e0_diagonal,gamma_1,132,62.3959439469,62.3932256876,1.56465742407e-06,0.00271825927616,0.715717153295,0.00194550479105
e0_diagonal,gamma_1,134,62.3960723444,62.393225817,1.69404680861e-06,0.00284652736396,0.712099266473,0.00202701004787
e0_diagonal,gamma_1,136,62.3961306287,62.3932265194,2.396429295e-06,0.00290410931026,0.708499667748,0.00205756048143
e0_diagonal,gamma_1,138,62.3961180509,62.3932276117,3.48877579626e-06,0.00289043915588,0.704918264677,0.00203752335392
e0_diagonal,gamma_1,140,62.3960355711,62.3932288845,4.76159456753e-06,0.0028066865878,0.70135496528,0.00196848357434
e0_diagonal,gamma_1,142,62.3958857466,62.393230107,5.98403701701e-06,0.00265563958916,0.697809678047,0.00185313100672
e0_diagonal,gamma_1,144,62.3956725501,62.3932310337,6.91075045012e-06,0.00244151642872,0.694282311926,0.00169510167074
e0_diagonal,gamma_1,146,62.3954013023,62.3932314137,7.2907966171e-06,0.00216988858246,0.690772776329,0.00149889996043
e0_diagonal,gamma_1,148,62.3950786828,62.3932310013,6.87831174417e-06,0.00184768158788,0.687280981123,0.00126987641452
e0_diagonal,gamma_1,150,62.3947128037,62.3932295658,5.44289918025e-06,0.00148323783118,0.683806836633,0.00101424816931
e0_diagonal,gamma_1,152,62.3943130757,62.3932269033,2.78036145573e-06,0.00108617243859,0.680350253636,0.000738977694087
e0_diagonal,gamma_1,154,62.3938899731,62.3932228467,-1.27625099822e-06,0.000667126352333,0.676911143359,0.000451585261923
e0_diagonal,gamma_1,156,62.3934548812,62.3932172762,-6.84676001583e-06,0.000237604969044,0.673489417481,0.000160024432192
e0_diagonal,gamma_1,158,62.3930197578,62.3932101277,-1.39952848173e-05,-0.000190369817922,0.670084988123,-0.000127563957181
e0_diagonal,gamma_1,160,62.3925967996,62.3932013993,-2.2723697704e-05,-0.00060459966712,0.666697767855,-0.000403085248515
e0_diagonal,gamma_1,162,62.3921980279,62.3931911552,-3.29677576048e-05,-0.000993127256606,0.663327669685,-0.000658768788825
e0_diagonal,gamma_1,164,62.3918347475,62.393179527,-4.459598496e-05,-0.00134477943239,0.659974607062,-0.000887520277475
e0_diagonal,gamma_1,166,62.3915171619,62.3931667116,-5.74113304026e-05,-0.0016495497151,0.656638493875,-0.00108315784049
e0_diagonal,gamma_1,168,62.3912539618,62.393152968,-7.11549393202e-05,-0.00189900624917,0.653319244444,-0.0012406573279
e0_diagonal,gamma_1,170,62.3910519113,62.3931386103,-8.55126933388e-05,-0.00208669893443,0.650016773525,-0.00135638930868
e0_diagonal,gamma_1,172,62.3909157533,62.3931239969,-0.000100126083126,-0.00220824358748,0.646730996304,-0.00142813957541
e0_diagonal,gamma_1,174,62.3908480439,62.3931095175,-0.000114605491653,-0.00226147351077,0.643461828395,-0.00145517188011
e0_diagonal,gamma_1,176,62.3908489302,62.3930955789,-0.000128544070584,-0.00224664872562,0.640209185842,-0.0014383251515
e0_diagonal,gamma_1,178,62.3909163581,62.393082591,-0.000141531952053,-0.0021662329161,0.636972985108,-0.001379831847
e0_diagonal,gamma_1,180,62.3910462421,62.3930709531,-0.000153169802715,-0.00202471105771,0.633753143082,-0.00128316699665
e0_diagonal,gamma_1,182,62.3912326708,62.3930610406,-0.000163082366328,-0.00182836979548,0.630549577072,-0.00115287780127
e0_diagonal,gamma_1,184,62.391468285,62.3930531913,-0.000170931614306,-0.00158490628868,0.627362204805,-0.000994310303679
e0_diagonal,gamma_1,186,62.3917446376,62.3930476955,-0.000176427418928,-0.001303057885,0.624190944423,-0.000813356931878
e0_diagonal,gamma_1,188,62.3920526157,62.3930447864,-0.000179336580686,-0.000992170679368,0.62103571448,-0.000616173426748
e0_diagonal,gamma_1,190,62.3923828153,62.3930446316,-0.000179491372478,-0.00066181631815,0.617896433946,-0.000408933942912
e0_diagonal,gamma_1,192,62.3927258188,62.3930473273,-0.000176795695907,-0.000321508464637,0.614773022197,-0.000197654730467
e0_diagonal,gamma_1,194,62.3930724532,62.3930528953,-0.000171227626346,1.95579037907e-05,0.611665399017,1.19628930261e-05
e0_diagonal,gamma_1,196,62.3934140056,62.393061283,-0.000162839904419,0.000352722553657,0.608573484598,0.000214657593575
e0_diagonal,gamma_1,198,62.3937423631,62.3930723644,-0.000151758568173,0.000669998713441,0.605497199532,0.000405682344679
e0_diagonal,gamma_1,200,62.3940501172,62.3930859435,-0.000138179460933,0.00096417373183,0.602436464814,0.000580853414471
e0_diagonal,gamma_1,202,62.394330573,62.3931017601,-0.000122362836819,0.00122881286833,0.59939120184,0.000736539621987
e0_diagonal,gamma_1,204,62.3945777744,62.3931194976,-0.000104625332014,0.00145827677748,0.5963613324,0.000869659882029
e0_diagonal,gamma_1,206,62.3947865196,62.3931387934,-8.53295406671e-05,0.00164772614809,0.593346778682,0.000977673002121
e0_diagonal,gamma_1,208,62.3949523118,62.39315925,-6.48729041401e-05,0.00179306174274,0.590347463266,0.0010585294513
e0_diagonal,gamma_1,210,62.3950713887,62.3931804469,-4.36760933837e-05,0.00189094188039,0.587363309123,0.00111066988023
e0_diagonal,gamma_1,212,62.3951408457,62.3932019524,-2.21705514747e-05,0.00193889327075,0.584394239616,0.00113307805865
e0_diagonal,gamma_1,214,62.3951586672,62.3932233367,-7.8620899302e-07,0.00193533045976,0.581440178492,0.00112527888796
e0_diagonal,gamma_1,216,62.3951237566,62.3932441828,2.00598928259e-05,0.00187957370861,0.578501049885,0.00108733536377
e0_diagonal,gamma_1,218,62.39503613,62.3932640979,3.9974983558e-05,0.00177203209436,0.575576778313,0.00101994052394
e0_diagonal,gamma_1,220,62.3948970189,62.3932827247,5.86017276518e-05,0.00161429421951,0.572667288675,0.000924453493814
e0_diagonal,gamma_1,222,62.3947089573,62.3932997501,7.56271706024e-05,0.00140920714604,0.56977250625,0.000802927487424
e0_diagonal,gamma_1,224,62.3944759167,62.393314912,9.07890183584e-05,0.00116100471654,0.566892356693,0.000658164699889
e0_diagonal,gamma_1,226,62.3942033273,62.3933280034,0.000103880462937,0.000875323907266,0.564026766037,0.00049370611265
e0_diagonal,gamma_1,228,62.3938979899,62.3933388768,0.000114753801242,0.000559113109794,0.561175660688,0.000313760668788
e0_diagonal,gamma_1,230,62.3935679543,62.393347445,0.000123322033595,0.000220509364546,0.558338967424,0.000123118970908
e0_diagonal,gamma_1,232,62.3932223554,62.3933536818,0.00012955886956,-0.000131326397224,0.555516613393,-7.29539954348e-05
e0_diagonal,gamma_1,234,62.3928711337,62.3933576203,0.000133497379451,-0.000486486657721,0.552708526112,-0.000268885323562
e0_diagonal,gamma_1,236,62.3925247227,62.39335935,0.000135227072661,-0.000834627352987,0.549914633464,-0.000458973794897
e0_diagonal,gamma_1,238,62.3921936856,62.3933590123,0.000134889387752,-0.00116532673543,0.547134863695,-0.000637590884551
e0_diagonal,gamma_1,240,62.3918882727,62.3933567945,0.000132671517022,-0.00146852180801,0.544369145417,-0.000799417961654
e0_diagonal,gamma_1,242,62.3916179911,62.3933529223,0.000128799315775,-0.00173493117158,0.541617407599,-0.000939668923512
e0_diagonal,gamma_1,244,62.3913912476,62.3933476529,0.000123529977131,-0.00195640531658,0.538879579572,-0.00105426687447
e0_diagonal,gamma_1,246,62.391214977,62.3933412668,0.000117143811451,-0.00212628974364,0.536155591024,-0.00114002213419
e0_diagonal,gamma_1,248,62.3910943036,62.3933340578,0.00010993484851,-0.00223975419702,0.533445371996,-0.00119478651081
e0_diagonal,gamma_1,250,62.3910323744,62.3933263241,0.000102201177754,-0.00229394971103,0.530748852885,-0.00121751117771
e0_diagonal,gamma_1,252,62.3910302591,62.3933183583,9.42353482003e-05,-0.0022880992299,0.52806596444,-0.00120826732657
e0_diagonal,gamma_1,254,62.3910868782,62.393310438,8.63150197858e-05,-0.00222355977532,0.525396637758,-0.00116825082981
e0_diagonal,gamma_1,256,62.3911990764,62.3933028173,7.86943424984e-05,-0.00210374089446,0.522740804287,-0.00109971120718
e0_diagonal,gamma_1,258,62.391361801,62.3932957191,7.15961209181e-05,-0.00193391809339,0.520098395818,-0.00100582769801
e0_diagonal,gamma_1,260,62.3915683937,62.3932893281,6.52051247982e-05,-0.00172093440426,0.51746934449,-0.000890530798083
e0_diagonal,gamma_1,262,62.391810954,62.393283786,5.96630608598e-05,-0.00147283196926,0.514853582783,-0.000758292816211
e0_diagonal,gamma_1,264,62.392080734,62.3932791882,5.50652245863e-05,-0.00119845422314,0.512251043521,-0.000613909426417
e0_diagonal,gamma_1,266,62.3923685981,62.3932755818,5.14588877536e-05,-0.000906983781817,0.509661659863,-0.00046225485971
e0_diagonal,gamma_1,268,62.3926654854,62.393272966,4.88430612364e-05,-0.000607480577159,0.507085365311,-0.000308044510388
e0_diagonal,gamma_1,270,62.3929628442,62.3932712925,4.71695435635e-05,-0.000308448291982,0.5045220937,-0.000155618978069
e0_diagonal,gamma_1,272,62.3932530377,62.3932704686,4.63456708104e-05,-1.74309455545e-05,0.5019717792,-8.74984275313e-06
e0_diagonal,gamma_1,274,62.393529603,62.3932703611,4.62381870037e-05,0.000259241843224,0.499434356313,0.0001294742831
e0_diagonal,gamma_1,276,62.3937873079,62.3932708012,4.66782307313e-05,0.000516506764328,0.496909759875,0.000256657252236
e0_diagonal,gamma_1,278,62.3940221467,62.3932715911,4.74681387175e-05,0.000750555569795,0.494397925048,0.000371073116339
e0_diagonal,gamma_1,280,62.3942312161,62.3932725125,4.83895438208e-05,0.000958703585326,0.491898787323,0.000471585131024
e0_diagonal,gamma_1,282,62.3944124349,62.3932733353,4.92123312839e-05,0.001139099619,0.489412282519,0.000557489344549
e0_diagonal,gamma_1,284,62.3945643071,62.3932738276,4.97046366874e-05,0.0012904794817,0.486938346776,0.000628383945365
e0_diagonal,gamma_1,286,62.3946856417,62.3932737663,4.96433376327e-05,0.00141187536286,0.484476916559,0.000684021022365
e0_diagonal,gamma_1,288,62.3947752871,62.3932729468,4.88238099692e-05,0.00150234034876,0.482027928653,0.000724170006447
e0_diagonal,gamma_1,290,62.3948320855,62.3932711913,4.70683735045e-05,0.00156089416297,0.479591320165,0.000748591292257
e0_diagonal,gamma_1,292,62.3948548783,62.3932683566,4.42336179276e-05,0.00158652171149,0.477167028517,0.000757035850748
e0_diagonal,gamma_1,294,62.3948424545,62.3932643391,4.02161093689e-05,0.00157811546688,0.474754991448,0.000749218194985
e0_diagonal,gamma_1,296,62.3947936609,62.393259079,3.49560969823e-05,0.00153458182112,0.472355147014,0.000724867621719
e0_diagonal,gamma_1,298,62.3947075963,62.3932525627,2.84397238062e-05,0.00145503361616,0.46996743358,0.000683818414359
e0_diagonal,gamma_1,300,62.3945837396,62.393244822,2.06990172416e-05,0.00133891764042,0.467591789826,0.000626066895916
e0_diagonal,gamma_1,302,62.3944221462,62.3932359328,1.18098056134e-05,0.00118621341502,0.465228154741,0.000551859878198
e0_diagonal,gamma_1,304,62.3942237371,62.3932260113,1.88836612125e-06,0.000997725757209,0.462876467622,0.000461823774152
e0_diagonal,gamma_1,306,62.3939906106,62.3932152104,-8.91253869639e-06,0.00077540021114,0.460536668073,0.000357100229662
e0_diagonal,gamma_1,308,62.3937263304,62.3932037147,-2.0408216443e-05,0.00052261562972,0.458208696004,0.000239467026205
e0_diagonal,gamma_1,310,62.3934362608,62.393191735,-3.23879494033e-05,0.000244525799893,0.455892491627,0.00011147747618
e0_diagonal,gamma_1,312,62.3931277757,62.3931795013,-4.46216897814e-05,-5.17255215371e-05,0.453587995458,-2.3462075628e-05
e0_diagonal,gamma_1,314,62.3928101984,62.3931672565,-5.68664749778e-05,-0.000357058044678,0.451295148313,-0.000161138563229
e0_diagonal,gamma_1,316,62.3924945156,62.3931552503,-6.88726366889e-05,-0.000660734711232,0.449013891308,-0.000296679063813
e0_diagonal,gamma_1,318,62.3921928394,62.3931437324,-8.03905728759e-05,-0.000950892931058,0.446744165855,-0.000424805869303
e0_diagonal,gamma_1,320,62.3919177774,62.3931329447,-9.11782227746e-05,-0.00121516735714,0.444485913662,-0.00054012477299
e0_diagonal,gamma_1,322,62.391681707,62.3931231155,-0.000101007447242,-0.00144140849224,0.442239076735,-0.000637447160806
e0_diagonal,gamma_1,324,62.3914957625,62.3931144543,-0.000109668605731,-0.00161869187615,0.440003597369,-0.00071223024854
e0_diagonal,gamma_1,326,62.391369108,62.3931071471,-0.000116975818045,-0.0017380391311,0.437779418154,-0.00076087775954
e0_diagonal,gamma_1,328,62.39130849,62.3931013501,-0.000122772887813,-0.00179286005859,0.435566481967,-0.000780909748381
e0_diagonal,gamma_1,330,62.3913176942,62.3930971854,-0.00012693750012,-0.00177949127778,0.433364731977,-0.000771168760651
e0_diagonal,gamma_1,332,62.3913972941,62.3930947397,-0.000129383286122,-0.00169744552279,0.431174111638,-0.000731894565345
e0_diagonal,gamma_1,334,62.3915448018,62.3930940631,-0.000130059880902,-0.00154926128604,0.428994564691,-0.000664624670999
e0_diagonal,gamma_1,336,62.3917549529,62.3930951713,-0.00012895163055,-0.00134021840777,0.426826035161,-0.000572040109237
e0_diagonal,gamma_1,338,62.3920201654,62.3930980472,-0.000126075780173,-0.00107788176933,0.424668467355,-0.000457742398973
e0_diagonal,gamma_1,340,62.3923310607,62.3931026431,-0.000121479859999,-0.000771582368074,0.422521805863,-0.000326010375531
e0_diagonal,gamma_1,342,62.3926769441,62.3931088846,-0.000115238322515,-0.000431940565257,0.420385995556,-0.000181581764546
e0_diagonal,gamma_1,344,62.3930462405,62.3931166743,-0.000107448674655,-7.04337297037e-05,0.41826098158,-2.94596809222e-05
e0_diagonal,gamma_1,346,62.3934269579,62.3931258958,-9.82271347638e-05,0.00030106210405,0.416146709362,0.000125286003914
e0_diagonal,gamma_1,348,62.3938069956,62.3931364189,-8.77040275782e-05,0.00067057671356,0.414043124602,0.000277647677768
e0_diagonal,gamma_1,350,62.3941744435,62.3931481029,-7.60200780121e-05,0.00102634060295,0.411950173277,0.000422801189226
e0_diagonal,gamma_1,352,62.3945181476,62.3931607988,-6.33241392478e-05,0.00135734882475,0.409867801636,0.000556333578852
e0_diagonal,gamma_1,354,62.3948279834,62.3931743508,-4.97721743642e-05,0.00165363262811,0.407795956199,0.00067434469878
e0_diagonal,gamma_1,356,62.3950951193,62.3931885964,-3.55265487073e-05,0.00190652291609,0.405734583757,0.000773542281782
e0_diagonal,gamma_1,358,62.3953123765,62.393203369,-2.07539120964e-05,0.00210900747796,0.40368363137,0.000851371797288
e0_diagonal,gamma_1,360,62.3954745591,62.3932185008,-5.62216695243e-06,0.00225605836374,0.401643046366,0.000906130153993
e0_diagonal,gamma_1,362,62.3955787669,62.393233824,9.70109461207e-06,0.00234494285724,0.399612776338,0.000937069125537
e0_diagonal,gamma_1,364,62.3956244516,62.393249171,2.50480541268e-05,0.0023752806399,0.397592769146,0.000944394407115
e0_diagonal,gamma_1,366,62.3956131354,62.393264373,4.02500794294e-05,0.00234876240031,0.395582972911,0.000929130412976
e0_diagonal,gamma_1,368,62.3955480962,62.3932792615,5.51385345204e-05,0.00226883471691,0.393583336018,0.000892975536754
e0_diagonal,gamma_1,370,62.3954340049,62.3932936679,6.95449013506e-05,0.00214033704224,0.391593807112,0.000838142730875
e0_diagonal,gamma_1,372,62.3952763661,62.3933074235,8.33005139569e-05,0.00196894259916,0.389614335099,0.000767128261618
e0_diagonal,gamma_1,374,62.3950809544,62.3933203595,9.62365065931e-05,0.0017605949008,0.387644869142,0.000682485579933
e0_diagonal,gamma_1,376,62.3948537226,62.3933323076,0.000108184698064,0.00152141498226,0.38568535866,0.000586787483105
e0_diagonal,gamma_1,378,62.394600492,62.3933431032,0.000118980279254,0.00125738876299,0.383735753331,0.000482505024197
e0_diagonal,gamma_1,380,62.3943268534,62.3933525871,0.000128464139138,0.00097426629786,0.381796003083,0.000371970978462
e0_diagonal,gamma_1,382,62.3940384539,62.3933606089,0.000136485983845,0.000677844963249,0.379866058102,0.000257490294194
e0_diagonal,gamma_1,384,62.3937408952,62.3933670316,0.000142908672679,0.000373863558245,0.377945868821,0.000141300187341
e0_diagonal,gamma_1,386,62.3934396954,62.3933717347,0.000147611790055,6.79606434772e-05,0.376035385927,2.55556067978e-05
e0_diagonal,gamma_1,388,62.3931402882,62.3933746192,0.000150496213635,-0.000234330931441,0.374134560355,-8.76713000123e-05
e0_diagonal,gamma_1,390,62.3928480955,62.3933756119,0.000151488903356,-0.000527516388388,0.372243343288,-0.000196364464053
e0_diagonal,gamma_1,392,62.3925684489,62.3933746679,0.000150544995378,-0.000806219031631,0.370361686156,-0.000298592639966
e0_diagonal,gamma_1,394,62.3923065165,62.3933717718,0.000147648854181,-0.00106525526061,0.368489540633,-0.000392535421641
e0_diagonal,gamma_1,396,62.3920673364,62.3933669387,0.00014281571778,-0.00129960227533,0.366626858641,-0.000476469099687
e0_diagonal,gamma_1,398,62.3918555927,62.3933602157,0.000136092786306,-0.00150462306062,0.364773592341,-0.000548846758941
e0_diagonal,gamma_1,400,62.39167564,62.3933516828,0.000127559898687,-0.00167604288248,0.362929694138,-0.000608285730701
e0_diagonal,gamma_1,402,62.3915312543,62.3933414517,0.000117328775147,-0.00181019740259,0.361095116677,-0.000653653442298
e0_diagonal,gamma_1,404,62.3914253879,62.3933296637,0.000105540797307,-0.00190427583444,0.359269812843,-0.000684148822641
e0_diagonal,gamma_1,406,62.3913602476,62.3933164884,9.23654086762e-05,-0.00195624080293,0.357453735758,-0.000699265583048
e0_diagonal,gamma_1,408,62.3913371609,62.393302121,7.79980019772e-05,-0.00196496006763,0.355646838782,-0.000698831836386
e0_diagonal,gamma_1,410,62.3913564438,62.3932867787,6.265578957e-05,-0.00193033494877,0.35384907551,-0.000683047237049
e0_diagonal,gamma_1,412,62.3914175566,62.3932706957,4.6572757995e-05,-0.0018531390654,0.352060399772,-0.000652416880199
e0_diagonal,gamma_1,414,62.3915192347,62.3932541184,2.99954060665e-05,-0.00173488367847,0.350280765632,-0.000607696383178
e0_diagonal,gamma_1,416,62.3916594275,62.3932373011,1.31781883539e-05,-0.00157787367768,0.348510127384,-0.000549904956406
e0_diagonal,gamma_1,418,62.3918352045,62.3932205004,-3.62254110087e-06,-0.0013852958917,0.346748439556,-0.000480349188771
e0_diagonal,gamma_1,420,62.3920426451,62.3932039686,-2.0154369814e-05,-0.00116132348675,0.344995656904,-0.000400651559189
e0_diagonal,gamma_1,422,62.3922765669,62.3931879488,-3.61741908605e-05,-0.000911381878922,0.343251734414,-0.000312833410653
e0_diagonal,gamma_1,424,62.3925303973,62.3931726692,-5.1453743481e-05,-0.000642271941587,0.341516627296,-0.000219346547298
e0_diagonal,gamma_1,426,62.3927963103,62.3931583384,-6.57845505287e-05,-0.000362028076694,0.339790290992,-0.000123013625527
e0_diagonal,gamma_1,428,62.3930653627,62.3931451408,-7.89821438474e-05,-7.97780586197e-05,0.338072681165,-2.69707821757e-05
e0_diagonal,gamma_1,430,62.3933278753,62.3931332325,-9.08904927286e-05,0.000194642795137,0.336363753703,6.54707812035e-05
e0_diagonal,gamma_1,432,62.3935741091,62.3931227377,-0.000101385266333,0.000451371383747,0.334663464718,0.000151057511159
e0_diagonal,gamma_1,434,62.3937948831,62.3931137473,-0.000110375638485,0.000681135765454,0.332971770544,0.000226798981804
e0_diagonal,gamma_1,436,62.3939821534,62.393106317,-0.00011780591911,0.000875836335389,0.331288627734,0.00029015461767
e0_diagonal,gamma_1,438,62.3941295698,62.3931004675,-0.000123655406277,0.0010291022086,0.329613993061,0.000339206488244
e0_diagonal,gamma_1,440,62.394232869,62.3930961866,-0.000127936301467,0.00113668239491,0.327947823519,0.000372772517442
e0_diagonal,gamma_1,442,62.3942900564,62.3930934297,-0.000130693279964,0.00119662669486,0.326290076316,0.000390447415586
e0_diagonal,gamma_1,444,62.394301362,62.3930921187,-0.000132004250261,0.00120924329863,0.324640708878,0.000392569601674
e0_diagonal,gamma_1,446,62.3942688899,62.3930921445,-0.000131978422985,0.00117674537469,0.322999678847,0.00038008837811
e0_diagonal,gamma_1,448,62.3941961026,62.393093371,-0.000130751997631,0.00110273163914,0.321366944077,0.000354381497008
e0_diagonal,gamma_1,450,62.3940874339,62.3930956399,-0.000128483076736,0.000991793996874,0.319742462637,0.000317118654989
e0_diagonal,gamma_1,452,62.3939478248,62.3930987773,-0.000125345639219,0.000849047531801,0.318126192806,0.000270104258803
e0_diagonal,gamma_1,454,62.3937824169,62.3931026004,-0.000121522506376,0.000679816464839,0.316518093077,0.000215174211093
e0_diagonal,gamma_1,456,62.3935963479,62.3931069254,-0.000117197573523,0.000489422522328,0.314918122149,0.000154128021669
e0_diagonal,gamma_1,458,62.3933944803,62.3931115755,-0.000112547476192,0.000282904830648,0.313326238932,8.86415065627e-05
e0_diagonal,gamma_1,460,62.3931813955,62.3931163897,-0.000107733275399,6.5005863874e-05,0.311742402544,2.02650841836e-05
e0_diagonal,gamma_1,462,62.392961587,62.3931212301,-0.000102892854514,-0.000159643098485,0.310166572309,-4.95159526498e-05
e0_diagonal,gamma_1,464,62.3927395743,62.3931259886,-9.81343897735e-05,-0.000386414275923,0.308598707756,-0.000119246946208
e0_diagonal,gamma_1,466,62.3925201378,62.3931305916,-9.35313720518e-05,-0.000610453778322,0.30703876862,-0.000187432976395
e0_diagonal,gamma_1,468,62.3923084483,62.3931350035,-8.91194164154e-05,-0.000826555257923,0.305486714837,-0.000252501650374
e0_diagonal,gamma_1,470,62.3921101098,62.393139228,-8.48949665624e-05,-0.00102911822925,0.303942506549,-0.000312792774133
e0_diagonal,gamma_1,472,62.391931127,62.3931433073,-8.08156623791e-05,-0.00121218032918,0.302406104098,-0.00036657073081
e0_diagonal,gamma_1,474,62.3917777146,62.3931473212,-7.68017730479e-05,-0.00136960660402,0.300877468024,-0.000412083767205
e0_diagonal,gamma_1,476,62.3916559323,62.3931513829,-7.27400827074e-05,-0.00149545055384,0.299356559071,-0.000447672932058
e0_diagonal,gamma_1,478,62.3915713109,62.3931556339,-6.84890862033e-05,-0.00158432291722,0.297843338177,-0.000471880026417
e0_diagonal,gamma_1,480,62.3915285658,62.3931602386,-6.38843167309e-05,-0.00163167280986,0.296337766482,-0.000483526276104
e0_diagonal,gamma_1,482,62.3915312327,62.393165377,-5.8745970037e-05,-0.00163414429284,0.294839805317,-0.00048181078516
e0_diagonal,gamma_1,484,62.3915813684,62.3931712342,-5.28887082183e-05,-0.00158986579198,0.293349416214,-0.000466386201935
e0_diagonal,gamma_1,486,62.3916794862,62.3931779919,-4.61310359938e-05,-0.00149850569235,0.291866560896,-0.000437363702908
e0_diagonal,gamma_1,488,62.3918245024,62.3931858183,-3.83046190962e-05,-0.00136131591113,0.29039120128,-0.000395314162755
e0_diagonal,gamma_1,490,62.392013799,62.3931948578,-2.92651432972e-05,-0.00118105885455,0.288923299476,-0.000341235421132
e0_diagonal,gamma_1,492,62.3922435456,62.3932052194,-1.89035839782e-05,-0.000961673732526,0.287462817786,-0.000276445440943
e0_diagonal,gamma_1,494,62.3925085489,62.3932169686,-7.1543307314e-06,-0.000708419724752,0.286009718701,-0.000202614926199
e0_diagonal,gamma_1,496,62.3928023273,62.3932301236,6.00061603961e-06,-0.000427796254129,0.284563964904,-0.000121735398246
e0_diagonal,gamma_1,498,62.3931173974,62.3932446519,2.05289549484e-05,-0.000127254552858,0.283125519264,-3.60290113566e-05
e0_diagonal,gamma_1,500,62.3934452167,62.3932604693,3.63463141184e-05,0.000184747441295,0.281694344839,5.20423094364e-05
e0_diagonal,gamma_1,502,62.3937766519,62.3932774403,5.33173926272e-05,0.000499211529558,0.280270404874,0.000139914217507
e0_diagonal,gamma_1,504,62.3941023512,62.3932953816,7.12586114346e-05,0.000806969672972,0.2788536628,0.000225026449077
e0_diagonal,gamma_1,506,62.3944129231,62.3933140637,8.99407824022e-05,0.00109885935301,0.277444082231,0.000304872024697
e0_diagonal,gamma_1,508,62.394699269,62.3933332167,0.000109093707337,0.00136605235666,0.276041626968,0.000377087315055
e0_diagonal,gamma_1,510,62.3949528305,62.3933525372,0.000128414202379,0.00160029334525,0.274646260991,0.000439514583762
e0_diagonal,gamma_1,512,62.3951658438,62.3933716989,0.00014757594483,0.00179414494442,0.273257948466,0.000490264366763
e0_diagonal,gamma_1,514,62.3953316558,62.3933903604,0.000166237480471,0.00194129539285,0.271876653738,0.000527792895326
e0_diagonal,gamma_1,516,62.3954448739,62.3934081726,0.000184049671212,0.00203670127092,0.270502341332,0.000550932462377
e0_diagonal,gamma_1,518,62.395501551,62.3934247886,0.000200665610137,0.00207676246987,0.269134975954,0.00055892941739
e0_diagonal,gamma_1,520,62.3954995322,62.3934398742,0.00021575123035,0.00205965806617,0.267774522487,0.000551523955153
e0_diagonal,gamma_1,522,62.39543876,62.3934531178,0.000228994801233,0.00198564229724,0.266420945991,0.000529016699229
e0_diagonal,gamma_1,524,62.3953215542,62.3934642383,0.000240115377466,0.00185731583868,0.265074211705,0.000492326531824
e0_diagonal,gamma_1,526,62.3951528752,62.3934729923,0.00024886934392,0.00167988286775,0.263734285041,0.000443042707078
e0_diagonal,gamma_1,528,62.3949401364,62.3934791779,0.000255054913424,0.0014609585788,0.262401131588,0.000383357184281
e0_diagonal,gamma_1,530,62.3946927543,62.3934826385,0.000258515579972,0.00121011578453,0.261074717108,0.000315930636114
e0_diagonal,gamma_1,532,62.3944215336,62.3934832659,0.000259142970023,0.000938267719874,0.259755007535,0.000243719738646
e0_diagonal,gamma_1,534,62.3941378809,62.3934810014,0.000256878456241,0.00065687946352,0.258441968977,0.000169765221933
e0_diagonal,gamma_1,536,62.3938529722,62.3934758361,0.000251713158782,0.000377136137381,0.257135567713,9.69751147905e-05
e0_diagonal,gamma_1,538,62.3935769088,62.3934678098,0.000243686846872,0.00010909898019,0.255835770191,2.79114216239e-05
e0_diagonal,gamma_1,540,62.3933183883,62.3934570104,0.000232887480145,-0.000138622081913,0.254542543031,-3.52852172504e-05
e0_diagonal,gamma_1,542,62.3930843748,62.3934435722,0.000219449243879,-0.000359197373719,0.25325585302,-9.09688372837e-05
e0_diagonal,gamma_1,544,62.3928801285,62.3934276715,0.000203548588907,-0.000547543003208,0.251975667113,-0.000137967513506
e0_diagonal,gamma_1,546,62.3927091866,62.3934095229,0.000185399944058,-0.000700336287288,0.250701952432,-0.000175575674582
e0_diagonal,gamma_1,548,62.3925733811,62.3933893745,0.000165251550378,-0.000815993374836,0.249434676266,-0.000203537043287
e0_diagonal,gamma_1,550,62.3924731671,62.3933675048,0.000143381891249,-0.000894337748178,0.248173806069,-0.000221951202876
e0_diagonal,gamma_1,552,62.3924077858,62.3933442163,0.000120093308055,-0.000936430417369,0.246919309459,-0.000231222752013
e0_diagonal,gamma_1,554,62.3923753595,62.3933198249,9.57019263694e-05,-0.000944465343053,0.245671154218,-0.000232027890947
e0_diagonal,gamma_1,556,62.3923730409,62.3932946528,7.05298777888e-05,-0.000921611956365,0.244429308291,-0.000225268973007
e0_diagonal,gamma_1,558,62.3923972914,62.393269023,4.49000115452e-05,-0.000871731514621,0.243193739786,-0.00021199964713
e0_diagonal,gamma_1,560,62.39244404,62.3932432521,1.91291737366e-05,-0.000799212155499,0.24196441697,-0.000193380903241
e0_diagonal,gamma_1,562,62.3925089327,62.3932176443,-6.4786184879e-06,-0.000708711614102,0.240741308272,-0.000170616161167
e0_diagonal,gamma_1,564,62.3925877131,62.3931924849,-3.16380555105e-05,-0.000604771840479,0.23952438228,-0.000144857601511
e0_diagonal,gamma_1,566,62.3926764848,62.3931680352,-5.60877639089e-05,-0.000491550428229,0.238313607741,-0.000117143155938
e0_diagonal,gamma_1,568,62.3927717382,62.3931445289,-7.95940815976e-05,-0.000372790640583,0.237108953561,-8.83919986858e-05
e0_diagonal,gamma_1,570,62.3928705808,62.3931221705,-0.00010195245342,-0.000251589730695,0.2359103888,-5.93526311863e-05
e0_diagonal,gamma_1,572,62.3929708436,62.3931011349,-0.000122988060106,-0.000130291298866,0.234717882678,-3.05816978013e-05
e0_diagonal,gamma_1,574,62.3930709395,62.393081566,-0.000142556958295,-1.0626499062e-05,0.233531404569,-2.48162125161e-06
e0_diagonal,gamma_1,576,62.3931699895,62.3930635766,-0.000160546303171,0.000106412852134,0.232350924002,2.47251245189e-05
e0_diagonal,gamma_1,578,62.3932676919,62.3930472492,-0.000176873759159,0.000220442726828,0.231176410659,5.09611583441e-05
e0_diagonal,gamma_1,580,62.3933638968,62.3930326359,-0.000191487027685,0.000331260917228,0.230007834378,7.61926061857e-05
e0_diagonal,gamma_1,582,62.3934585524,62.3930197604,-0.000204362569406,0.000438792002434,0.228845165146,0.000100415428262
e0_diagonal,gamma_1,584,62.393551403,62.3930086191,-0.000215503892683,0.000542783916124,0.227688373104,0.000123585586809
e0_diagonal,gamma_1,586,62.3936415358,62.3929991844,-0.000224938540256,0.000642351420126,0.226537428543,0.000145516638936
e0_diagonal,gamma_1,588,62.3937271896,62.3929914101,-0.000232712801562,0.000735779444014,0.225392301905,0.000165839022581
e0_diagonal,gamma_1,590,62.393805624,62.3929852366,-0.000238886345095,0.000820387366367,0.224252963781,0.000183974298356
e0_diagonal,gamma_1,592,62.3938731799,62.3929805953,-0.000243527666171,0.000892584655162,0.22311938491,0.00019915293924
e0_diagonal,gamma_1,594,62.3939254387,62.3929774137,-0.000246709246497,0.000948025001158,0.22199153618,0.000210453526344
e0_diagonal,gamma_1,596,62.3939575839,62.3929756204,-0.000248502573655,0.000981963504969,0.220869388626,0.000216885678995
e0_diagonal,gamma_1,598,62.3939649244,62.3929751486,-0.000248974305038,0.000989775752977,0.219752913428,0.000217506105357
e0_diagonal,gamma_1,600,62.393943279,62.3929759389,-0.000248184010104,0.000967340046969,0.218642081913,0.000211501241787
e0_diagonal,gamma_1,602,62.3938894964,62.3929779416,-0.000246181310303,0.000911554799288,0.217536865553,0.000198296773817
e0_diagonal,gamma_1,604,62.3938019047,62.3929811194,-0.000243003599216,0.000820785366095,0.216437235964,0.000177648515957
e0_diagonal,gamma_1,606,62.3936804659,62.3929854458,-0.000238677171303,0.000695020078609,0.215343164905,0.0001496678234
e0_diagonal,gamma_1,608,62.3935267497,62.3929909045,-0.000233218433102,0.000535845167789,0.214254624278,0.000114807305096
e0_diagonal,gamma_1,610,62.3933438573,62.3929974893,-0.000226633620535,0.000346367946626,0.213171586128,7.38358045663e-05
e0_diagonal,gamma_1,612,62.3931362299,62.3930052031,-0.000218919807523,0.000131026730678,0.21209402264,2.77899863828e-05
e0_diagonal,gamma_1,614,62.3929094172,62.3930140546,-0.000210068329146,-0.00010463740626,0.21102190614,-2.20807849224e-05
e0_diagonal,gamma_1,616,62.3926698995,62.3930240541,-0.000200068879892,-0.00035415456226,0.209955209093,-7.43565951706e-05
e0_diagonal,gamma_1,618,62.3924247371,62.3930352099,-0.000188913057229,-0.000610472769054,0.208893904106,-0.000127524040078
e0_diagonal,gamma_1,620,62.392181445,62.3930475256,-0.000176597373894,-0.000866080574966,0.207837963922,-0.000180004423293
e0_diagonal,gamma_1,622,62.3919479138,62.3930609967,-0.000163126287035,-0.00111308284096,0.206787361422,-0.000230171463726
e0_diagonal,gamma_1,624,62.3917322264,62.3930756072,-0.000148515769638,-0.00134338081671,0.205742069624,-0.000276389949524
e0_diagonal,gamma_1,626,62.3915424454,62.3930913272,-0.000132795759484,-0.00154888182189,0.204702061684,-0.000317059302245
e0_diagonal,gamma_1,628,62.3913862878,62.3931081114,-0.000116011588801,-0.00172182355013,0.203667310891,-0.000350679172285
e0_diagonal,gamma_1,630,62.3912707515,62.3931258979,-9.82250564903e-05,-0.00185514640329,0.202637790673,-0.000375922768536
e0_diagonal,gamma_1,632,62.3912016318,62.3931446086,-7.95143690624e-05,-0.00194297677366,0.201613474588,-0.000391730298381
e0_diagonal,gamma_1,634,62.3911831059,62.3931641501,-5.9972880166e-05,-0.00198104420939,0.20059433633,-0.000397386248423
e0_diagonal,gamma_1,636,62.3912174689,62.3931844155,-3.97074380203e-05,-0.0019669465763,0.199580349725,-0.000392563885588
e0_diagonal,gamma_1,638,62.3913049091,62.3932052864,-1.88365796276e-05,-0.00190037728599,0.198571488733,-0.000377360746834
e0_diagonal,gamma_1,640,62.3914434423,62.3932266348,2.51185586819e-06,-0.00178319246478,0.197567727444,-0.000352301282862
e0_diagonal,gamma_1,642,62.391629038,62.3932483264,2.42034768476e-05,-0.00161928843468,0.19656904008,-0.000318301973216
e0_diagonal,gamma_1,644,62.3918558795,62.3932702234,4.61004091648e-05,-0.00141434381207,0.195575400991,-0.000276610858186
e0_diagonal,gamma_1,646,62.3921166822,62.3932921864,6.8063474302e-05,-0.00117550424048,0.194586784661,-0.00022873759051
e0_diagonal,gamma_1,648,62.3924031,62.3933140765,8.99535059986e-05,-0.000910976417266,0.193603165698,-0.000176367918259
e0_diagonal,gamma_1,650,62.3927062393,62.3933357549,0.000111631941714,-0.000629515610221,0.192624518842,-0.000121260141522
e0_diagonal,gamma_1,652,62.3930170726,62.3933570828,0.000132959808454,-0.000340010142772,0.191650818959,-6.51632223165e-05
e0_diagonal,gamma_1,654,62.3933268096,62.3933779191,0.000153796150485,-5.11095149136e-05,0.190682041043,-9.74566662044e-06
e0_diagonal,gamma_1,656,62.3936272702,62.3933981205,0.000173997581925,0.000229149706101,0.189718160213,4.34738606549e-05
e0_diagonal,gamma_1,658,62.3939110319,62.3934175428,0.000193419867067,0.000493489098936,0.188759151716,9.31505836962e-05
e0_diagonal,gamma_1,660,62.3941716077,62.3934360429,0.000211919984579,0.000735564717914,0.187804990922,0.00013814272517
e0_diagonal,gamma_1,662,62.3944036745,62.3934534805,0.000229357570895,0.000950193972052,0.186855653325,0.000177549115434
e0_diagonal,gamma_1,664,62.3946031177,62.3934697186,0.00024559562678,0.0011333991054,0.185911114547,0.000210711490911
e0_diagonal,gamma_1,666,62.3947669784,62.393484623,0.000260500090313,0.00128235535733,0.184971350328,0.000237199002046
e0_diagonal,gamma_1,668,62.3948933366,62.3934980617,0.000273938771869,0.00139527492117,0.184036336534,0.000256781284951
e0_diagonal,gamma_1,670,62.3949811287,62.3935099035,0.000285780515703,0.00147122527344,0.183106049152,0.000269390247233
e0_diagonal,gamma_1,672,62.3950299985,62.3935200179,0.000295894927362,0.00150998065556,0.182180464291,0.000275088976901
e0_diagonal,gamma_1,674,62.3950402181,62.3935282753,0.000304152314413,0.00151194288276,0.181259558179,0.00027405409892
e0_diagonal,gamma_1,676,62.3950126537,62.393534547,0.00031042407624,0.00147810670075,0.180343307166,0.000266566650757
e0_diagonal,gamma_1,678,62.3949487455,62.3935387067,0.000314583703414,0.00141003881788,0.17943168772,0.000253005644843
e0_diagonal,gamma_1,680,62.3948505019,62.3935406309,0.000316507920161,0.00130987103877,0.17852467643,0.000233844303362
e0_diagonal,gamma_1,682,62.3947205037,62.3935402018,0.000316078830046,0.00118030187753,0.177622250002,0.000209647875169
e0_diagonal,gamma_1,684,62.3945618636,62.3935373106,0.000313187628386,0.00102455299052,0.176724385259,0.000181063497416
e0_diagonal,gamma_1,686,62.3943781642,62.393531862,0.000307739099583,0.000846302124543,0.175831059144,0.000148806198914
e0_diagonal,gamma_1,688,62.3941734085,62.3935237805,0.000299657516692,0.000649628030487,0.174942248712,0.00011364738848
e0_diagonal,gamma_1,690,62.3939520387,62.3935130161,0.000288893146553,0.000439022577858,0.174057931139,7.64153616252e-05
e0_diagonal,gamma_1,692,62.3937189136,62.3934995507,0.000275427779144,0.000219362905696,0.173178083712,3.79888476461e-05
e0_diagonal,gamma_1,694,62.3934792357,62.3934834027,0.000259279732482,-4.16697277217e-06,0.172302683837,-7.1798059212e-07
e0_diagonal,gamma_1,696,62.3932385251,62.3934646315,0.000240508517933,-0.000226106332306,0.17143170903,-3.87617949698e-05
e0_diagonal,gamma_1,698,62.3930025424,62.3934433416,0.000219218614504,-0.000440799145622,0.170565136924,-7.5184966629e-05
e0_diagonal,gamma_1,700,62.3927770837,62.3934196845,0.000195561600307,-0.00064260085631,0.169702945263,-0.000109051257944
e0_diagonal,gamma_1,702,62.3925678866,62.393393859,0.000169736041244,-0.000825972417182,0.168845111905,-0.000139461405209
e0_diagonal,gamma_1,704,62.3923804427,62.3933661085,0.000141985522831,-0.000985665750392,0.167991614818,-0.000165583581079
e0_diagonal,gamma_1,706,62.3922196984,62.3933367184,0.000112595460486,-0.00111701998448,0.167142432083,-0.000186701436892
e0_diagonal,gamma_1,708,62.3920898804,62.3933060116,8.18886791478e-05,-0.0012161312533,0.166297541892,-0.000202239638042
e0_diagonal,gamma_1,710,62.3919942866,62.3932743427,5.02197102108e-05,-0.00128005609356,0.165456922546,-0.000211794141926
e0_diagonal,gamma_1,712,62.3919351725,62.3932420912,1.79682443928e-05,-0.00130691865186,0.164620552456,-0.000215145670485
e0_diagonal,gamma_1,714,62.3919138321,62.3932096546,-1.44683517931e-05,-0.00129582249134,0.163788410143,-0.000212240705685
e0_diagonal,gamma_1,716,62.3919306017,62.3931774395,-4.66834787431e-05,-0.00124683780042,0.162960474236,-0.000203185279253
e0_diagonal,gamma_1,718,62.3919848484,62.3931458526,-7.82703204294e-05,-0.0011610042626,0.162136723472,-0.000188241427074
e0_diagonal,gamma_1,720,62.3920750585,62.3931152921,-0.00010883088823,-0.00104023359605,0.161317136694,-0.000167807505208
e0_diagonal,gamma_1,722,62.3921989155,62.3930861384,-0.000137984564574,-0.000887222916433,0.160501692855,-0.000142400780027
e0_diagonal,gamma_1,724,62.3923533393,62.3930587462,-0.000165376793973,-0.000705406864185,0.159690371013,-0.000112646683857
e0_diagonal,gamma_1,726,62.3925345505,62.3930334352,-0.00019068776075,-0.00049888468682,0.158883150331,-7.92643706936e-05
e0_diagonal,gamma_1,728,62.3927380714,62.3930104837,-0.000213639286017,-0.000272412219559,0.158080010077,-4.3062926413e-05
e0_diagonal,gamma_1,730,62.3929588097,62.3929901232,-0.000233999772547,-3.13135059002e-05,0.157280929627,-4.92501731786e-06
e0_diagonal,gamma_1,732,62.3931911658,62.3929725353,-0.000251587621577,0.000218630501024,0.156485888457,3.42125881966e-05
e0_diagonal,gamma_1,734,62.3934291399,62.3929578497,-0.000266273246822,0.00047129016162,0.15569486615,7.33774586314e-05
e0_diagonal,gamma_1,736,62.3936665316,62.3929461428,-0.000277980169756,0.000720388843234,0.154907842391,0.000111593881388
e0_diagonal,gamma_1,738,62.3938970837,62.392937438,-0.000286684940022,0.000959645642268,0.154124796967,0.000147905189775
e0_diagonal,gamma_1,740,62.3941146036,62.3929317073,-0.000292415615505,0.00118289630229,0.153345709769,0.000181392073057
e0_diagonal,gamma_1,742,62.3943131372,62.3929288738,-0.000295249159421,0.00138426345519,0.152570560787,0.000211197851636
e0_diagonal,gamma_1,744,62.3944871214,62.3929288156,-0.000295307299851,0.00155830572271,0.151799330115,0.000236549764821
e0_diagonal,gamma_1,746,62.3946314503,62.3929313722,-0.000292750706265,0.00170007810343,0.151031997945,0.000256766192623
e0_diagonal,gamma_1,748,62.394741612,62.3929363511,-0.000287771831772,0.00180526092905,0.150268544572,0.000271273932381
e0_diagonal,gamma_1,750,62.3948138739,62.3929435365,-0.000280586417603,0.00187033732666,0.149508950388,0.00027963217058
e0_diagonal,gamma_1,752,62.3948454613,62.3929526979,-0.000271425067297,0.00189276338142,0.148753195885,0.00028155460204
e0_diagonal,gamma_1,754,62.3948346975,62.3929635974,-0.000260525550658,0.0018711001288,0.148001261654,0.000276925179743
e0_diagonal,gamma_1,756,62.3947811748,62.3929759973,-0.000248125617404,0.00180517749455,0.147253128384,0.000265818033362
e0_diagonal,gamma_1,758,62.3946858493,62.3929896658,-0.000234457175722,0.00169618351723,0.146508776862,0.000248505772442
e0_diagonal,gamma_1,760,62.3945509373,62.3930043808,-0.000219742151955,0.00154655655095,0.14576818797,0.000225438746025
e0_diagonal,gamma_1,762,62.3943800253,62.3930199344,-0.0002041885447,0.0013600909224,0.14503134269,0.000197255812657
e0_diagonal,gamma_1,764,62.3941779793,62.3930361364,-0.000187986573415,0.00114184295703,0.144298222098,0.000164765908615
e0_diagonal,gamma_1,766,62.3939505885,62.3930528168,-0.000171306124244,0.000897771705489,0.143568807365,0.000128892013043
e0_diagonal,gamma_1,768,62.3937044449,62.3930698283,-0.000154294619009,0.000634616604763,0.142843079759,9.06505902905e-05
e0_diagonal,gamma_1,770,62.3934466241,62.3930870477,-0.000137075227187,0.000359576383246,0.142121020642,5.11033625856e-05
e0_diagonal,gamma_1,772,62.3931842433,62.3931043765,-0.00011974640033,7.98667564581e-05,0.141402611469,1.12933679328e-05
e0_diagonal,gamma_1,774,62.3929244611,62.3931217403,-0.000102382645061,-0.000197279205246,0.140687833792,-2.77547840382e-05
e0_diagonal,gamma_1,776,62.3926743179,62.3931390866,-8.50363509102e-05,-0.000464768716213,0.139976669252,-6.50567768681e-05
e0_diagonal,gamma_1,778,62.3924405705,62.3931563824,-6.77405561831e-05,-0.000715811912841,0.139269099586,-9.96904805743e-05
e0_diagonal,gamma_1,780,62.3922298273,62.3931736106,-5.05123501497e-05,-0.000943783303015,0.138565106622,-0.00013077543401
e0_diagonal,gamma_1,782,62.3920483134,62.3931907664,-3.33565872737e-05,-0.0011424529333,0.13786467228,-0.000157503899245
e0_diagonal,gamma_1,784,62.3919015727,62.3932078535,-1.62694051653e-05,-0.00130628079889,0.137167778572,-0.000179179635374
e0_diagonal,gamma_1,786,62.3917943826,62.3932248813,7.58310093829e-07,-0.00143049866774,0.1364744076,-0.000195226458253
e0_diagonal,gamma_1,788,62.3917303375,62.393241859,1.77360216611e-05,-0.00151152147767,0.135784541556,-0.000205241250898
e0_diagonal,gamma_1,790,62.3917115142,62.3932587912,3.46682186176e-05,-0.00154727699733,0.135098162724,-0.000209034279565
e0_diagonal,gamma_1,792,62.3917384298,62.3932756732,5.15502171226e-05,-0.00153724339376,0.134415253477,-0.000206628960428
e0_diagonal,gamma_1,794,62.391809846,62.393292487,6.83640272712e-05,-0.00148264100496,0.133735796275,-0.000198282175389
e0_diagonal,gamma_1,796,62.3919226671,62.3933091974,8.5074407167e-05,-0.00138653027101,0.133059773669,-0.000184491404046
e0_diagonal,gamma_1,798,62.3920721266,62.3933257493,0.000101626393125,-0.0012536227562,0.132387168298,-0.000165963566807
e0_diagonal,gamma_1,800,62.3922519668,62.393342068,0.000117945092029,-0.00109010127872,0.131717962887,-0.000143585919774
e0_diagonal,gamma_1,802,62.3924547684,62.3933580577,0.000133934735985,-0.000903289268045,0.13105214025,-0.000118377991843
e0_diagonal,gamma_1,804,62.3926723917,62.3933735992,0.000149476239145,-0.00070120745211,0.130389683288,-9.14302176e-05
e0_diagonal,gamma_1,806,62.3928963954,62.3933885505,0.000164427534301,-0.000492155090214,0.129730574987,-6.38475628364e-05
e0_diagonal,gamma_1,808,62.393118597,62.3934027503,0.000178627336496,-0.000284153305039,0.12907479842,-3.66770305683e-05
e0_diagonal,gamma_1,810,62.3933315248,62.3934160226,0.000191899699132,-8.44978364256e-05,0.128422336746,-1.08514096038e-05
e0_diagonal,gamma_1,812,62.3935287751,62.3934281812,0.000204058258582,0.000100593850284,0.127773173207,1.2853195456e-05
e0_diagonal,gamma_1,814,62.393705347,62.3934390335,0.000214910563983,0.000266313515638,0.127127291133,3.38557158353e-05
e0_diagonal,gamma_1,816,62.3938576727,62.3934483857,0.000224262783163,0.000409286932808,0.126484673936,5.17685242423e-05
e0_diagonal,gamma_1,818,62.3939833928,62.3934560488,0.000231925820543,0.000527344065361,0.125845305111,6.63637748039e-05
e0_diagonal,gamma_1,820,62.3940811122,62.3934618459,0.000237723000069,0.00061926622115,0.125209168239,7.7537808469e-05
e0_diagonal,gamma_1,822,62.3941501252,62.3934656208,0.000241497801696,0.000684504469668,0.124576246983,8.52729978743e-05
e0_diagonal,gamma_1,824,62.39419011,62.3934672426,0.00024311966763,0.000722867360857,0.123946525088,8.95968974775e-05
e0_diagonal,gamma_1,826,62.394200958,62.3934666109,0.000242487936809,0.000734347145801,0.123319986381,9.05596800191e-05
e0_diagonal,gamma_1,828,62.394182667,62.3934636581,0.000239535163139,0.000719008899104,0.122696614772,8.82199579107e-05
e0_diagonal,gamma_1,830,62.3941352611,62.3934583527,0.00023422971428,0.000676908405367,0.122076394251,8.26345373652e-05
e0_diagonal,gamma_1,832,62.3940589924,62.3934507006,0.000226577648604,0.000608291851698,0.121459308889,7.38827079103e-05
e0_diagonal,gamma_1,834,62.393954657,62.3934407473,0.000216624319279,0.000513909755057,0.12084534284,6.21036005387e-05
e0_diagonal,gamma_1,836,62.3938239063,62.3934285791,0.000204456114503,0.000395327238095,0.120234480335,4.75319650346e-05
e0_diagonal,gamma_1,838,62.3936697044,62.3934143252,0.000190202233682,0.000255379200937,0.119626705685,3.05501725086e-05
e0_diagonal,gamma_1,840,62.3934965106,62.3933981575,0.000174034569696,9.83530329677e-05,0.119022003283,1.17061750128e-05
e0_diagonal,gamma_1,842,62.3933102254,62.3933802867,0.000156163771578,-7.00613558138e-05,0.118420357598,-8.29669080924e-06
e0_diagonal,gamma_1,844,62.3931179767,62.3933609561,0.000136833159537,-0.000242979430084,0.117821753178,-2.86282624386e-05
e0_diagonal,gamma_1,846,62.3929275181,62.3933404346,0.000116311637179,-0.000412916461094,0.117226174651,-4.84046171844e-05
e0_diagonal,gamma_1,848,62.3927464135,62.3933190081,9.4885118358e-05,-0.000572594595276,0.11663360672,-6.67837728354e-05
e0_diagonal,gamma_1,850,62.3925814576,62.3932969703,7.28473757192e-05,-0.000715512739902,0.116044034168,-8.30309848366e-05
e0_diagonal,gamma_1,852,62.3924382244,62.3932746141,5.0491117193e-05,-0.000836389678717,0.115457441852,-9.65674126965e-05
e0_diagonal,gamma_1,854,62.3923206921,62.3932522229,2.80999239308e-05,-0.000931530784037,0.114873814709,-0.000107008494682
e0_diagonal,gamma_1,856,62.3922310874,62.3932300639,5.94094574069e-06,-0.000998976446205,0.11429313775,-0.000114176152575
e0_diagonal,gamma_1,858,62.3921699869,62.3932083812,-1.57417676832e-05,-0.00103839424448,0.113715396061,-0.000118081412779
e0_diagonal,gamma_1,860,62.3921364804,62.3931873916,-3.67313539087e-05,-0.00105091124484,0.113140574805,-0.00011890070231
e0_diagonal,gamma_1,862,62.3921285108,62.3931672836,-5.68393734568e-05,-0.00103877282195,0.11256865922,-0.000116933263801
e0_diagonal,gamma_1,864,62.3921433578,62.3931482172,-7.59057675026e-05,-0.00100485935185,0.111999634617,-0.000112543880249
e0_diagonal,gamma_1,866,62.392177705,62.3931303262,-9.37967725676e-05,-0.000952621173973,0.111433486384,-0.000106153898619
e0_diagonal,gamma_1,868,62.3922278314,62.393113721,-0.000110401958196,-0.000885889611503,0.110870199979,-9.82187583868e-05
e0_diagonal,gamma_1,870,62.3922902157,62.3930984892,-0.000125633726832,-0.000808273567834,0.110309760938,-8.916046404e-05
e0_diagonal,gamma_1,872,62.3923617357,62.393084696,-0.000139426976915,-0.000722960266899,0.109752154866,-7.93464471744e-05
e0_diagonal,gamma_1,874,62.3924393672,62.3930723874,-0.000151735550077,-0.000633020183095,0.109197367443,-6.91241375323e-05
e0_diagonal,gamma_1,876,62.3925206484,62.3930615958,-0.000162527177118,-0.000540947347751,0.108645384422,-5.87714325484e-05
e0_diagonal,gamma_1,878,62.3926040784,62.3930523436,-0.000171779330188,-0.000448265207474,0.108096191626,-4.84557617663e-05
e0_diagonal,gamma_1,880,62.3926891929,62.3930446465,-0.000179476473235,-0.00035545355319,0.107549774951,-3.82289496511e-05
e0_diagonal,gamma_1,882,62.3927766145,62.3930385148,-0.000185608192353,-0.00026190025541,0.107006120364,-2.80249302536e-05
e0_diagonal,gamma_1,884,62.3928677902,62.393033956,-0.000190166941756,-0.000166165758891,0.106465213902,-1.76908730636e-05
e0_diagonal,gamma_1,886,62.3929644535,62.3930309764,-0.000193146527039,-6.65229325989e-05,0.105927041675,-7.04657745375e-06
e0_diagonal,gamma_1,888,62.3930681796,62.3930295805,-0.0001945424046,3.85990493754e-05,0.105391589861,4.06801518079e-06
e0_diagonal,gamma_1,890,62.3931799163,62.393029772,-0.00019435091837,0.000150144283701,0.104858844708,1.57439561284e-05
e0_diagonal,gamma_1,892,62.3932995177,62.3930315547,-0.000192568249673,0.000267962985376,0.104328792535,2.79562547084e-05
e0_diagonal,gamma_1,894,62.3934258774,62.3930349317,-0.000189191270991,0.000390945770647,0.103801419729,4.05807260301e-05
e0_diagonal,gamma_1,896,62.393556927,62.3930399034,-0.0001842195827,0.000517023633556,0.103276712745,5.33965012853e-05
e0_diagonal,gamma_1,898,62.3936896078,62.3930464634,-0.000177659592339,0.000643144480883,0.102754658109,6.60860912479e-05
e0_diagonal,gamma_1,900,62.3938203722,62.3930545943,-0.000169528612687,0.000765777869191,0.102235242413,7.82894860912e-05
e0_diagonal,gamma_1,902,62.3939454031,62.3930642652,-0.00015985770699,0.000881137824742,0.101718452317,8.96279758107e-05
e0_diagonal,gamma_1,904,62.3940606392,62.3930754267,-0.000148696235215,0.000985212485304,0.101204274549,9.97077148521e-05
e0_diagonal,gamma_1,906,62.3941621047,62.3930880063,-0.000136116642921,0.00107409840926,0.100692695905,0.000108153864496
e0_diagonal,gamma_1,908,62.3942461564,62.3931019062,-0.000122216762989,0.00114425018194,0.100183703245,0.000114635220665
e0_diagonal,gamma_1,910,62.3943095007,62.3931170023,-0.000107120636514,0.0011924984326,0.0996772834977,0.000118865004337
e0_diagonal,gamma_1,912,62.3943491576,62.3931331443,-9.09786245273e-05,0.00121601332242,0.0991734236576,0.000120596204398
e0_diagonal,gamma_1,914,62.3943626573,62.3931501569,-7.39660132467e-05,0.00121250041137,0.0986721107844,0.000119639974917
e0_diagonal,gamma_1,916,62.3943482691,62.393167844,-5.62789347143e-05,0.00118042512992,0.0981733320033,0.000115886268185
e0_diagonal,gamma_1,918,62.3943051438,62.3931859951,-3.81278634194e-05,0.0011191487022,0.0976770745048,0.000109315171167
e0_diagonal,gamma_1,920,62.3942335446,62.3932043906,-1.97323332429e-05,0.00102915400559,0.097183325544,0.000100016608761
e0_diagonal,gamma_1,922,62.3941353382,62.3932228058,-1.31715070495e-06,0.000912532363586,0.0966920724405,8.82346454041e-05
e0_diagonal,gamma_1,924,62.3940141813,62.3932410159,1.68929684463e-05,0.000773165340028,0.0962033025779,7.43810591495e-05
e0_diagonal,gamma_1,926,62.3938752952,62.3932588019,3.46789765473e-05,0.00061649330825,0.0957170034037,5.90088920841e-05
e0_diagonal,gamma_1,928,62.3937253931,62.3932759558,5.18328977535e-05,0.000449437203059,0.0952331624287,4.28013261605e-05
e0_diagonal,gamma_1,930,62.3935723463,62.3932922867,6.81637969819e-05,0.000280059586963,0.094751767227,2.65361407936e-05
e0_diagonal,gamma_1,932,62.3934246975,62.3933076252,8.35022577874e-05,0.000117072253396,0.0942728054354,1.10367297663e-05
e0_diagonal,gamma_1,934,62.3932908437,62.3933218263,9.77033677145e-05,-3.09826567531e-05,0.0937962647533,-2.90605747557e-06
e0_diagonal,gamma_1,936,62.3931783182,62.3933347729,0.000110649994738,-0.000156454704424,0.0933221329421,-1.46006867257e-05
e0_diagonal,gamma_1,938,62.3930931314,62.3933463791,0.000122256140216,-0.000253247709772,0.0928503978252,-2.35141506006e-05
e0_diagonal,gamma_1,940,62.3930392451,62.3933565916,0.000132468622176,-0.00031734643818,0.0923810472875,-2.93167963121e-05
e0_diagonal,gamma_1,942,62.3930182726,62.3933653897,0.000141266793008,-0.000347117141573,0.0919140692753,-3.19049489971e-05
e0_diagonal,gamma_1,944,62.3930295562,62.3933727831,0.000148660182774,-0.000343226884112,0.0914494517955,-3.13879103936e-05
e0_diagonal,gamma_1,946,62.3930707344,62.3933788074,0.000154684487008,-0.00030807308196,0.090987182916,-2.80307018598e-05
e0_diagonal,gamma_1,948,62.3931380523,62.3933835189,0.000159395924783,-0.000245466581895,0.0905272507647,-2.22214148135e-05
e0_diagonal,gamma_1,950,62.3932265916,62.3933869874,0.000162864455419,-0.000160395755586,0.0900696435297,-1.44467885293e-05
e0_diagonal,gamma_1,952,62.3933308547,62.393389292,0.000165169020534,-5.84372429202e-05,0.0896143494587,-5.23681550845e-06
e0_diagonal,gamma_1,954,62.3934451052,62.3933905167,0.000166393771821,5.45885015839e-05,0.0891613568589,4.86718487012e-06
e0_diagonal,gamma_1,956,62.3935634833,62.3933907455,0.000166622571939,0.000172737798977,0.0887106540966,1.53236831344e-05
e0_diagonal,gamma_1,958,62.3936801395,62.3933900564,0.000165933490948,0.000290083073281,0.0882622295969,2.56033788161e-05
e0_diagonal,gamma_1,960,62.3937894148,62.3933885181,0.000164395141653,0.000400896686202,0.0878160718433,3.52051721972e-05
e0_diagonal,gamma_1,962,62.3938859972,62.393386187,0.000162064021808,0.000499810247192,0.0873721693776,4.36695055743e-05
e0_diagonal,gamma_1,964,62.3939650169,62.3933831044,0.0001589814349,0.000581912535409,0.0869305107995,5.05859539438e-05
e0_diagonal,gamma_1,966,62.3940222573,62.3933792932,0.000155170262346,0.000642964135906,0.0864910847665,5.56106655805e-05
e0_diagonal,gamma_1,968,62.3940542111,62.3933747571,0.000150634184081,0.000679454012143,0.0860538799931,5.84696540218e-05
e0_diagonal,gamma_1,970,62.3940582215,62.3933694825,0.000145359513255,0.000688739047078,0.0856188852512,5.89690694398e-05
e0_diagonal,gamma_1,972,62.3940326828,62.3933634388,0.000139315841849,0.000669244034356,0.0851860893691,5.70102821204e-05
e0_diagonal,gamma_1,974,62.3939771246,62.3933565799,0.000132456982485,0.000620544713399,0.0847554812319,5.25945658101e-05
e0_diagonal,gamma_1,976,62.3938923321,62.3933488478,0.000124724836553,0.000543484271965,0.0843270497807,4.5830425257e-05
e0_diagonal,gamma_1,978,62.3937803986,62.3933401775,0.000116054576473,0.000440221092099,0.0839007840126,3.69348947659e-05
e0_diagonal,gamma_1,980,62.3936448115,62.3933305029,0.000106379931289,0.000314308596565,0.0834766729801,2.62374359303e-05
e0_diagonal,gamma_1,982,62.3934904044,62.3933197607,9.56377419143e-05,0.000170643708046,0.0830547057913,1.41727629669e-05
e0_diagonal,gamma_1,984,62.393322924,62.3933078956,8.37726479546e-05,1.5028362867e-05,0.0826348716094,1.24186683602e-06
e0_diagonal,gamma_1,986,62.3931484835,62.3932948673,7.07443012686e-05,-0.00014638375022,0.082217159652,-1.20352561623e-05
e0_diagonal,gamma_1,988,62.3929731401,62.3932806573,5.65343853225e-05,-0.000307517231889,0.0818015591916,-2.51553890468e-05
e0_diagonal,gamma_1,990,62.3928023816,62.3932652739,4.11509764291e-05,-0.000462892304171,0.0813880595546,-3.76739064192e-05
e0_diagonal,gamma_1,992,62.3926408221,62.3932487556,2.46326023401e-05,-0.000607933490599,0.0809766501218,-4.92284175656e-05
e0_diagonal,gamma_1,994,62.3924922281,62.3932311747,7.05178138105e-06,-0.00073894661675,0.0805673203272,-5.95349487763e-05
e0_diagonal,gamma_1,996,62.3923596406,62.3932126386,-1.14843778363e-05,-0.000852997947945,0.0801600596584,-6.83763663957e-05
e0_diagonal,gamma_1,998,62.392245497,62.3931932876,-3.08353450293e-05,-0.000947790621304,0.0797548576563,-7.559090609e-05
e0_diagonal,gamma_1,1000,62.3921518898,62.3931732944,-5.082854139e-05,-0.00102140460332,0.0793517039143,-8.10501956595e-05
e0_diagonal,gamma_1,1002,62.3920805164,62.3931528619,-7.12610736926e-05,-0.00107234550698,0.0789505880789,-8.46623083995e-05
e0_diagonal,gamma_1,1004,62.3920325352,62.3931322202,-9.19027607722e-05,-0.00109968496926,0.0785514998484,-8.63819036963e-05
e0_diagonal,gamma_1,1006,62.3920083965,62.3931116233,-0.000112499692634,-0.00110322676183,0.0781544289737,-8.62220575997e-05
e0_diagonal,gamma_1,1008,62.3920076567,62.393091346,-0.000132776963078,-0.00108368923928,0.077759365257,-8.42669873823e-05
e0_diagonal,gamma_1,1010,62.3920289338,62.3930716806,-0.000152442336976,-0.00104274684139,0.0773662985524,-8.06734634452e-05
e0_diagonal,gamma_1,1012,62.3920700335,62.3930529297,-0.000171193259462,-0.000982896202032,0.0769752187652,-7.5658650175e-05
e0_diagonal,gamma_1,1014,62.3921281454,62.3930353988,-0.000188724191979,-0.000907253369085,0.0765861158517,-6.94830116317e-05
e0_diagonal,gamma_1,1016,62.3922000947,62.3930193897,-0.000204733201016,-0.000819295061135,0.076198979819,-6.24294478292e-05
e0_diagonal,gamma_1,1018,62.3922826096,62.3930051927,-0.000218930262697,-0.000722583104938,0.0758138007246,-5.47817715248e-05
e0_diagonal,gamma_1,1020,62.3923725516,62.3929930783,-0.000231044689762,-0.000620526662608,0.0754305686765,-4.68066790394e-05
e0_diagonal,gamma_1,1022,62.3924669264,62.3929832912,-0.000240831787579,-0.000516364779592,0.0750492738324,-3.8752801741e-05
e0_diagonal,gamma_1,1024,62.3925629815,62.3929760428,-0.000248080172341,-0.000413061295532,0.0746699063999,-3.08432482748e-05
e0_diagonal,gamma_1,1026,62.3926583157,62.3929715055,-0.000252617450471,-0.00031318983163,0.0742924566363,-2.32676419853e-05
e0_diagonal,gamma_1,1028,62.3927507719,62.3929698082,-0.000254314796443,-0.000219036263509,0.0739169148477,-1.61904848384e-05
e0_diagonal,gamma_1,1030,62.3928384297,62.3929710314,-0.000253091594274,-0.000132601645277,0.0735432713897,-9.75195878528e-06
e0_diagonal,gamma_1,1032,62.392919728,62.3929752049,-0.000248918079052,-5.54768862884e-05,0.0731715166662,-4.05932790964e-06
e0_diagonal,gamma_1,1034,62.3929934662,62.3929823065,-0.000241816463465,1.11597585928e-05,0.0728016411299,8.12448740168e-07
e0_diagonal,gamma_1,1036,62.393058694,62.3929922618,-0.000231861155171,6.64321595423e-05,0.0724336352817,4.81192281526e-06
e0_diagonal,gamma_1,1038,62.3931149581,62.3930049457,-0.000219177242982,0.000110012428692,0.0720674896705,7.9283195684e-06
e0_diagonal,gamma_1,1040,62.3931623152,62.3930201843,-0.000203938637206,0.000142130884235,0.0717031948929,1.01912384926e-05
e0_diagonal,gamma_1,1042,62.3932012488,62.3930377578,-0.00018636514379,0.000163491037071,0.0713407415932,1.16635718285e-05
e0_diagonal,gamma_1,1044,62.3932327251,62.3930574057,-0.000166717253379,0.000175319403219,0.0709801204628,1.24441923599e-05
e0_diagonal,gamma_1,1046,62.3932580278,62.3930788328,-0.000145290176825,0.000179194992874,0.0706213222402,1.26549873356e-05
e0_diagonal,gamma_1,1048,62.393278805,62.393101717,-0.000122405955352,0.000177088024387,0.0702643377109,1.24429727501e-05
e0_diagonal,gamma_1,1050,62.3932969284,62.3931257186,-9.84043654313e-05,0.000171209821971,0.0699091577068,1.19691344451e-05
e0_diagonal,gamma_1,1052,62.3933142123,62.3931504882,-7.36347424279e-05,0.000163724128051,0.0695557731061,1.13879583027e-05
e0_diagonal,gamma_1,1054,62.3933324141,62.3931756749,-4.84480422855e-05,0.000156739190764,0.0692041748333,1.08470063609e-05
e0_diagonal,gamma_1,1056,62.3933530984,62.3932009337,-2.31892704363e-05,0.000152164737727,0.0688543538586,1.04772046963e-05
e0_diagonal,gamma_1,1058,62.3933773785,62.3932259328,1.80988099885e-06,0.000151445677474,0.068506301198,1.03749831962e-05
e0_diagonal,gamma_1,1060,62.39340581,62.3932503611,2.62381471856e-05,0.000155448896514,0.0681600079128,1.05953980164e-05
e0_diagonal,gamma_1,1062,62.3934382934,62.3932739333,4.98103951685e-05,0.000164360041254,0.0678154651094,1.1146152643e-05
e0_diagonal,gamma_1,1064,62.39347391,62.3932963953,7.22723366806e-05,0.000177514734162,0.0674726639394,1.19773920024e-05
e0_diagonal,gamma_1,1066,62.3935109811,62.3933175284,9.34054389745e-05,0.000193452713049,0.0671315955989,1.29867892999e-05
e0_diagonal,gamma_1,1068,62.3935470569,62.3933371533,0.00011303031021,0.000209903685786,0.0667922513287,1.40199397358e-05
e0_diagonal,gamma_1,1070,62.3935791267,62.3933551316,0.000131008612655,0.00022399512757,0.0664546224138,1.48855116252e-05
e0_diagonal,gamma_1,1072,62.3936039923,62.3933713673,0.00014724435686,0.000232625028374,0.066118700183,1.53808645062e-05
e0_diagonal,gamma_1,1074,62.3936186332,62.393385806,0.000161683028907,0.000232827270594,0.0657844760095,1.53164199967e-05
e0_diagonal,gamma_1,1076,62.3936205802,62.3933984325,0.000174309506903,0.000222147724472,0.0654519413095,1.45399998242e-05
e0_diagonal,gamma_1,1078,62.3936083286,62.3934092684,0.000185145487322,0.000199060207663,0.0651210875429,1.29630172095e-05
e0_diagonal,gamma_1,1080,62.3935815502,62.3934183685,0.00019424554614,0.000163181693075,0.0647919062129,1.05728529534e-05
e0_diagonal,gamma_1,1082,62.3935411325,62.3934258151,0.000201692135889,0.000115317394133,0.0644643888653,7.43386533835e-06
e0_diagonal,gamma_1,1084,62.3934892191,62.393431713,0.000207590004145,5.75061431576e-05,0.0641385270889,3.68835932069e-06
e0_diagonal,gamma_1,1086,62.3934291091,62.3934361829,0.000212059902019,-7.07378536191e-06,0.063814312515,-4.51408749749e-07
e0_diagonal,gamma_1,1088,62.3933650605,62.3934393552,0.000215232209555,-7.42946128014e-05,0.063491736817,-4.7170940029e-06
e0_diagonal,gamma_1,1090,62.3933019703,62.3934413629,0.000217239942813,-0.000139392596729,0.0631707917105,-8.80554069397e-06
e0_diagonal,gamma_1,1092,62.3932450488,62.3934423349,0.000218211981561,-0.000197286171215,0.0628514689532,-1.2399725665e-05
e0_diagonal,gamma_1,1094,62.3931995365,62.3934423906,0.000218267663939,-0.000242854140112,0.0625337603441,-1.51865825963e-05
e0_diagonal,gamma_1,1096,62.3931703479,62.3934416342,0.00021751121087,-0.000271286276991,0.0622176577239,-1.6878796727e-05
e0_diagonal,gamma_1,1098,62.3931615599,62.3934401489,0.000216025953904,-0.000278588997773,0.0619031529745,-1.72455373461e-05
e0_diagonal,gamma_1,1100,62.3931760478,62.3934379934,0.000213870499223,-0.000261945654586,0.0615902380187,-1.61332952139e-05
e0_diagonal,gamma_1,1102,62.3932153259,62.3934351999,0.000211076905906,-0.00021987397303,0.0612789048203,-1.34736362658e-05
e0_diagonal,gamma_1,1104,62.3932793723,62.3934317738,0.000207650864482,-0.000152401465911,0.0609691453836,-9.29178713181e-06
e0_diagonal,gamma_1,1106,62.3933666635,62.3934276964,0.000203573402416,-6.10328716704e-05,0.0606609517535,-3.70231208377e-06
e0_diagonal,gamma_1,1108,62.3934743624,62.3934229253,0.000198802301398,5.14371695743e-05,0.0603543160148,3.1044551874e-06
e0_diagonal,gamma_1,1110,62.3935983903,62.3934173968,0.000193273821189,0.000180993497075,0.0600492302927,1.08685201873e-05
e0_diagonal,gamma_1,1112,62.3937336321,62.3934110296,0.000186906618204,0.00032260248615,0.0597456867519,1.92741070829e-05
e0_diagonal,gamma_1,1114,62.3938741282,62.393403731,0.00017960805453,0.000470397231759,0.0594436775967,2.79621413871e-05
e0_diagonal,gamma_1,1116,62.3940131291,62.3933954046,0.000171281634394,0.000617724560378,0.0591431950711,3.65342041747e-05
e0_diagonal,gamma_1,1118,62.3941434261,62.3933859564,0.000161833454214,0.000757469682426,0.0588442314581,4.45727213152e-05
e0_diagonal,gamma_1,1120,62.3942577202,62.3933753008,0.000151177811475,0.000882419401719,0.0585467790797,5.16628137681e-05
e0_diagonal,gamma_1,1122,62.3943488801,62.3933633656,0.000139242692228,0.000985514483745,0.0582508302967,5.74070369475e-05
e0_diagonal,gamma_1,1124,62.3944104043,62.3933500975,0.00012597454721,0.00106030679843,0.0579563775085,6.14515410846e-05
e0_diagonal,gamma_1,1126,62.3944368751,62.393335466,0.000111343062215,0.00110140910569,0.0576634131532,6.35110083118e-05
e0_diagonal,gamma_1,1128,62.3944243525,62.3933194685,9.53455351862e-05,0.00110488398367,0.0573719297067,6.33893262452e-05
e0_diagonal,gamma_1,1130,62.3943708377,62.3933021325,7.80095848114e-05,0.00106870513756,0.0570819196832,6.10037408269e-05
e0_diagonal,gamma_1,1132,62.3942765405,62.3932835182,5.93952514834e-05,0.000993022265611,0.0567933756347,5.63970865444e-05
e0_diagonal,gamma_1,1134,62.3941439499,62.3932637194,3.95964584357e-05,0.000880230460353,0.0565062901508,4.97385577923e-05
e0_diagonal,gamma_1,1136,62.3939777263,62.3932428642,1.87412193355e-05,0.000734862146039,0.0562206558586,4.1314431816e-05
e0_diagonal,gamma_1,1138,62.393784346,62.3932211142,-3.00873502823e-06,0.000563231771729,0.0559364654224,3.15051945241e-05
e0_diagonal,gamma_1,1140,62.3935716921,62.3931986632,-2.54597772056e-05,0.000373028879267,0.0556537115438,2.07604416442e-05
e0_diagonal,gamma_1,1142,62.3933485527,62.3931757327,-4.83902806252e-05,0.000172820080074,0.0553723869609,9.56946034848e-06
e0_diagonal,gamma_1,1144,62.3931239706,62.3931525675,-7.15554211723e-05,-2.85969695852e-05,0.0550924844489,-1.57547810216e-06
e0_diagonal,gamma_1,1146,62.3929067025,62.3931294306,-9.46923666874e-05,-0.000222728115119,0.0548139968193,-1.22086181937e-05
e0_diagonal,gamma_1,1148,62.3927048926,62.3931065977,-0.000117525244136,-0.000401705079135,0.05453691692,-2.19077565271e-05
e0_diagonal,gamma_1,1150,62.3925257044,62.3930843531,-0.000139769830817,-0.000558648761661,0.0542612376351,-3.03129732111e-05
e0_diagonal,gamma_1,1152,62.39237518,62.3930629838,-0.000161139157939,-0.000687803784587,0.0539869518845,-3.71324298245e-05
e0_diagonal,gamma_1,1154,62.3922581066,62.3930427733,-0.000181349654767,-0.000784666731839,0.0537140526241,-4.21476301264e-05
e0_diagonal,gamma_1,1156,62.3921778529,62.3930239954,-0.000200127595846,-0.000846142434391,0.0534425328454,-4.52199948418e-05
e0_diagonal,gamma_1,1158,62.3921363732,62.3930069064,-0.000217216541081,-0.0008705332394,0.053172385575,-4.62883290612e-05
e0_diagonal,gamma_1,1160,62.3921341306,62.3929917384,-0.000232384578339,-0.000857607736961,0.0529036038752,-4.53705399965e-05
e0_diagonal,gamma_1,1162,62.3921700026,62.3929786935,-0.000245429446565,-0.00080869085923,0.052636180843,-4.25663983125e-05
e0_diagonal,gamma_1,1164,62.3922413511,62.39296794,-0.000256182911528,-0.000726588959367,0.0523701096106,-3.80515434439e-05
e0_diagonal,gamma_1,1166,62.3923441304,62.3929596088,-0.000264514159568,-0.0006154784285,0.0521053833447,-3.20697394574e-05
e0_diagonal,gamma_1,1168,62.3924730551,62.3929537911,-0.00027033185026,-0.000480736038227,0.0518419952466,-2.49223154087e-05
e0_diagonal,gamma_1,1170,62.3926219334,62.3929505371,-0.000273585893837,-0.000328603644192,0.0515799385521,-1.69493557754e-05
e0_diagonal,gamma_1,1172,62.3927839138,62.3929498551,-0.000274267825588,-0.000165941278148,0.0513192065309,-8.51597472527e-06
e0_diagonal,gamma_1,1174,62.3929518128,62.3929517133,-0.000272409635755,9.94796209852e-08,0.051059792487,5.07940880419e-09
e0_diagonal,gamma_1,1176,62.3931185074,62.3929560416,-0.000268081379943,0.000162465780804,0.0508016897581,8.2535361927e-06
e0_diagonal,gamma_1,1178,62.3932772471,62.3929627352,-0.000261387709045,0.000314511852501,0.0505448917157,1.5896967528e-05
e0_diagonal,gamma_1,1180,62.3934220037,62.3929716595,-0.000252463490582,0.000450344243163,0.0502893917646,2.26475380733e-05
e0_diagonal,gamma_1,1182,62.3935477627,62.3929826538,-0.000241469187017,0.000565108898911,0.0500351833431,2.82753273659e-05
e0_diagonal,gamma_1,1184,62.3936506755,62.3929955371,-0.000228585844397,0.000655138426509,0.0497822599227,3.26142714339e-05
e0_diagonal,gamma_1,1186,62.3937281902,62.393010113,-0.00021400999178,0.00071807719381,0.0495306150078,3.55668050325e-05
e0_diagonal,gamma_1,1188,62.3937790943,62.3930261737,-0.000197949282764,0.000752920638178,0.0492802421357,3.71041113583e-05
e0_diagonal,gamma_1,1190,62.393803493,62.393043505,-0.000180617971367,0.000759988033991,0.0490311348762,3.72630757989e-05
e0_diagonal,gamma_1,1192,62.3938026374,62.39306189,-0.000162232968584,0.000740747448859,0.0487832868319,3.61360952677e-05
e0_diagonal,gamma_1,1194,62.3937785653,62.3930811116,-0.000143011355902,0.000697453693405,0.0485366916375,3.38520948482e-05
e0_diagonal,gamma_1,1196,62.3937339155,62.3931009545,-0.000123168415996,0.000632960953084,0.0482913429599,3.05665344656e-05
e0_diagonal,gamma_1,1198,62.3936717429,62.3931212083,-0.000102914671245,0.000550534608166,0.0480472344982,2.64516654179e-05
e0_diagonal,gamma_1,1200,62.3935951524,62.3931416707,-8.24522198144e-05,0.000453481682584,0.0478043599832,2.16784016e-05
e0_diagonal,gamma_1,1202,62.3935070905,62.39316215,-6.19729023867e-05,0.000344940428818,0.0475627131773,1.64063026791e-05
e0_diagonal,gamma_1,1204,62.3934103713,62.3931824665,-4.16564820043e-05,0.000227904856466,0.0473222878746,1.07849792257e-05
e0_diagonal,gamma_1,1206,62.3933076782,62.3932024562,-2.16667783235e-05,0.000105221994687,0.0470830779005,4.9541753727e-06
e0_diagonal,gamma_1,1208,62.3932015083,62.3932219732,-2.14971505841e-06,-2.04649749662e-05,0.0468450771116,-9.5868333038e-07
e0_diagonal,gamma_1,1210,62.3930941325,62.3932408891,1.67661100434e-05,-0.000146756605922,0.0466082793957,-6.84007289197e-06
e0_diagonal,gamma_1,1212,62.3929875533,62.3932590927,3.49697133259e-05,-0.000271539402817,0.0463726786713,-1.25920094734e-05
e0_diagonal,gamma_1,1214,62.3928834342,62.3932764914,5.23684445497e-05,-0.000393057182457,0.0461382688876,-1.81349779724e-05
e0_diagonal,gamma_1,1216,62.3927829276,62.3932930101,6.88871351784e-05,-0.000510082463308,0.0459050440246,-2.34153579343e-05
e0_diagonal,gamma_1,1218,62.3926867024,62.3933085897,8.44667937727e-05,-0.000621887325018,0.0456729980927,-2.84034586094e-05
e0_diagonal,gamma_1,1220,62.3925951867,62.3933231862,9.90632650044e-05,-0.000727999537553,0.0454421251324,-3.30818460818e-05
e0_diagonal,gamma_1,1222,62.3925086959,62.3933367684,0.000112645472569,-0.000828072570179,0.0452124192145,-3.74391641829e-05
e0_diagonal,gamma_1,1224,62.392427627,62.3933493169,0.000125193935148,-0.000921689842428,0.0449838744396,-4.14611801441e-05
e0_diagonal,gamma_1,1226,62.3923528174,62.3933608222,0.000136699269731,-0.0010080048357,0.0447564849383,-4.51147532466e-05
e0_diagonal,gamma_1,1228,62.3922857348,62.3933712837,0.000147160727366,-0.00108554889292,0.0445302448708,-4.83397580209e-05
e0_diagonal,gamma_1,1230,62.3922285121,62.3933807083,0.000156585385056,-0.00115219621483,0.0443051484269,-5.1048224315e-05
e0_diagonal,gamma_1,1232,62.3921839975,62.3933891092,0.000164986271855,-0.00120511170175,0.0440811898255,-5.31227576858e-05
e0_diagonal,gamma_1,1234,62.3921556056,62.3933965024,0.00017237947489,-0.00124089687426,0.043858363315,-5.44237059476e-05
e0_diagonal,gamma_1,1236,62.3921469192,62.3934029068,0.000178783838436,-0.00125598760675,0.0436366631728,-5.48071081448e-05
e0_diagonal,gamma_1,1238,62.3921613022,62.3934083445,0.000184221514729,-0.00124704226822,0.0434160837052,-5.41416915008e-05
e0_diagonal,gamma_1,1240,62.392201457,62.3934128395,0.000188716518494,-0.00121138243961,0.0431966192472,-5.23276260064e-05
e0_diagonal,gamma_1,1242,62.392269019,62.3934164167,0.00019229376322,-0.00114739766637,0.0429782641626,-4.93131600046e-05
e0_diagonal,gamma_1,1244,62.3923642795,62.3934191023,0.000194979336868,-0.00105482281765,0.0427610128437,-4.51052920534e-05
e0_diagonal,gamma_1,1246,62.3924859824,62.3934209221,0.00019679916732,-0.000934939700727,0.0425448597109,-3.97768784056e-05
e0_diagonal,gamma_1,1248,62.3926312958,62.3934218982,0.000197775235733,-0.00079060241876,0.0423297992131,-3.34660416435e-05
e0_diagonal,gamma_1,1250,62.3927960624,62.3934220455,0.000197922594083,-0.000625983155658,0.042115825827,-2.63637975543e-05
e0_diagonal,gamma_1,1252,62.3929751318,62.3934213721,0.00019724913507,-0.000446240248614,0.0419029340575,-1.86987757115e-05
e0_diagonal,gamma_1,1254,62.3931626829,62.3934198793,0.000195756393552,-0.00025719640589,0.041691118437,-1.07228058195e-05
e0_diagonal,gamma_1,1256,62.3933527145,62.3934175626,0.000193439674632,-6.48480828715e-05,0.0414803735257,-2.68992269994e-06
e0_diagonal,gamma_1,1258,62.3935395836,62.3934144103,0.000190287312407,0.000125173320086,0.0412706939112,5.16598977912e-06
e0_diagonal,gamma_1,1260,62.3937181973,62.3934104022,0.000186279250613,0.000307795086911,0.0410620742087,1.26387046998e-05
e0_diagonal,gamma_1,1262,62.3938840586,62.3934055094,0.000181386432658,0.000478549253202,0.0408545090603,1.95508948007e-05
e0_diagonal,gamma_1,1264,62.3940333884,62.3933996958,0.00017557284125,0.000633692614777,0.0406479931353,2.57583330553e-05
e0_diagonal,gamma_1,1266,62.3941629768,62.3933929218,0.000168798807245,0.000770055036448,0.04044252113,3.11429670828e-05
e0_diagonal,gamma_1,1268,62.3942701536,62.3933851486,0.000161025651408,0.000885004957951,0.0402380877675,3.56109071727e-05
e0_diagonal,gamma_1,1270,62.3943528778,62.3933763444,0.0001522214164,0.0009765334528,0.0400346877975,3.90952119067e-05
e0_diagonal,gamma_1,1272,62.3944095895,62.3933664878,0.000142364815126,0.00104310176442,0.0398323159964,4.15491590966e-05
e0_diagonal,gamma_1,1274,62.3944392162,62.3933555704,0.000131447490674,0.00108364578088,0.0396309671668,4.29459303625e-05
e0_diagonal,gamma_1,1276,62.3944412009,62.3933435988,0.000119475870754,0.00109760203912,0.0394306361377,4.32791466284e-05
e0_diagonal,gamma_1,1278,62.3944152623,62.3933305957,0.000106472790137,0.00108466657387,0.0392313177642,4.25528990276e-05
e0_diagonal,gamma_1,1280,62.3943614105,62.3933166028,9.24798220154e-05,0.00104480771194,0.0390330069275,4.07819866581e-05
e0_diagonal,gamma_1,1282,62.3942800111,62.3933016824,7.75594587878e-05,0.000978328732543,0.0388356985345,3.79940797247e-05
e0_diagonal,gamma_1,1284,62.3941718221,62.3932859188,6.17958795033e-05,0.000885903310291,0.0386393875179,3.42307613097e-05
e0_diagonal,gamma_1,1286,62.3940382735,62.3932694183,4.52953408256e-05,0.00076885519826,0.0384440688361,2.95579221669e-05
e0_diagonal,gamma_1,1288,62.3938816828,62.3932523084,2.81854997297e-05,0.00062937435564,0.0382497374729,2.40734038754e-05
e0_diagonal,gamma_1,1290,62.3937054486,62.3932347356,1.06126667134e-05,0.000470712952087,0.0380563884376,1.79136349472e-05
e0_diagonal,gamma_1,1292,62.3935142358,62.3932168613,-7.26166399545e-06,0.000297374493925,0.0378640167646,1.12597928233e-05
e0_diagonal,gamma_1,1294,62.3933138934,62.3931988597,-2.52632436712e-05,0.000115033658076,0.0376726175133,4.33361900187e-06
e0_diagonal,gamma_1,1296,62.3931112821,62.393180915,-4.32079269856e-05,-6.9632935201e-05,0.0374821857682,-2.60999461279e-06
e0_diagonal,gamma_1,1298,62.3929141769,62.3931632172,-6.09057888212e-05,-0.000249040290583,0.0372927166388,-9.28738898838e-06
e0_diagonal,gamma_1,1300,62.3927307111,62.3931459571,-7.81658675351e-05,-0.000415246009553,0.0371042052591,-1.54073731714e-05
e0_diagonal,gamma_1,1302,62.3925686877,62.3931293228,-9.48001374468e-05,-0.000560635091034,0.0369166467876,-2.06967676325e-05
e0_diagonal,gamma_1,1304,62.3924351848,62.3931134971,-0.00011062582324,-0.000678312327125,0.0367300364077,-2.49144364711e-05
e0_diagonal,gamma_1,1306,62.3923360712,62.3930986551,-0.000125467828639,-0.000762583939689,0.0365443693266,-2.78681491346e-05
e0_diagonal,gamma_1,1308,62.3922755979,62.3930849613,-0.000139161615934,-0.000809363472655,0.0363596407763,-2.94281651232e-05
e0_diagonal,gamma_1,1310,62.3922563165,62.3930725673,-0.000151555690827,-0.000816250752308,0.0361758460124,-2.9528561523e-05
e0_diagonal,gamma_1,1312,62.392279044,62.3930616093,-0.000162513641826,-0.000782565332528,0.0359929803147,-2.81668586087e-05
e0_diagonal,gamma_1,1314,62.39234293,62.3930522071,-0.00017191584638,-0.000709277088873,0.0358110389869,-2.53999494822e-05
e0_diagonal,gamma_1,1316,62.3924455913,62.3930444616,-0.000179661323003,-0.000598870374702,0.0356300173565,-2.13377618449e-05
e0_diagonal,gamma_1,1318,62.3925831857,62.3930384538,-0.00018566919762,-0.000455268028617,0.0354499107744,-1.61392109929e-05
e0_diagonal,gamma_1,1320,62.39275056,62.3930342428,-0.000189880120956,-0.000283682815322,0.035270714615,-1.00056956204e-05
e0_diagonal,gamma_1,1322,62.3929414934,62.3930318647,-0.00019225820725,-9.03713823135e-05,0.0350924242764,-3.17135089059e-06
e0_diagonal,gamma_1,1324,62.393148974,62.3930313306,-0.000192792376069,0.000117643463469,0.0349150351797,4.10752566567e-06
e0_diagonal,gamma_1,1326,62.3933655517,62.3930326262,-0.000191496760948,0.00033292555306,0.0347385427691,1.15653485639e-05
e0_diagonal,gamma_1,1328,62.3935837384,62.3930357121,-0.000188410840437,0.000548026267523,0.0345629425121,1.89414003795e-05
e0_diagonal,gamma_1,1330,62.393796382,62.3930405232,-0.000183599743167,0.000755858811949,0.0343882298988,2.59926465963e-05
e0_diagonal,gamma_1,1332,62.3939968495,62.3930469692,-0.000177153731968,0.000949880264329,0.0342144004422,3.24995837359e-05
e0_diagonal,gamma_1,1334,62.394179022,62.3930549367,-0.000169186255889,0.00112408531172,0.0340414496782,3.8265493573e-05
e0_diagonal,gamma_1,1336,62.3943373583,62.3930642929,-0.000159830057285,0.00127306543346,0.033869373165,4.31179282293e-05
e0_diagonal,gamma_1,1338,62.3944669406,62.3930748899,-0.000149233046969,0.00139205070474,0.0336981664833,4.69095564014e-05
e0_diagonal,gamma_1,1340,62.3945635461,62.393086568,-0.000137554924194,0.0014769780347,0.0335278252362,4.95198614253e-05
e0_diagonal,gamma_1,1342,62.3946239027,62.3930991596,-0.000124963363319,0.00152474309099,0.0333583450491,5.08629061404e-05
e0_diagonal,gamma_1,1344,62.3946461279,62.3931124925,-0.000111630438383,0.00153363538055,0.0331897215693,5.09009312693e-05
e0_diagonal,gamma_1,1346,62.3946299459,62.3931263935,-9.77294765789e-05,0.0015035523903,0.0330219504662,4.96502325557e-05
e0_diagonal,gamma_1,1348,62.3945769131,62.3931406923,-8.34306879938e-05,0.00143622079285,0.0328550274312,4.71870735465e-05
e0_diagonal,gamma_1,1350,62.3944903991,62.393155227,-6.88959270647e-05,0.00133517208305,0.0326889481774,4.36453710305e-05
e0_diagonal,gamma_1,1352,62.3943753001,62.3931698478,-5.42751106707e-05,0.0012054522937,0.0325237084394,3.92057789378e-05
e0_diagonal,gamma_1,1354,62.3942376073,62.3931844176,-3.97053962899e-05,0.00105318969975,0.0323593039738,3.40804856361e-05
e0_diagonal,gamma_1,1356,62.394083708,62.3931988116,-2.53113560902e-05,0.000884896400521,0.0321957305581,2.8489886083e-05
e0_diagonal,gamma_1,1358,62.3939197387,62.3932129185,-1.12044760954e-05,0.000706820233056,0.0320329839915,2.26415612104e-05
e0_diagonal,gamma_1,1360,62.3937511605,62.3932266399,2.51695493603e-06,0.000524520636525,0.0318710600945,1.67170287275e-05
e0_diagonal,gamma_1,1362,62.3935823629,62.3932398883,1.57653065145e-05,0.000342474620879,0.0317099547084,1.08598547169e-05
e0_diagonal,gamma_1,1364,62.3934165511,62.3932525824,2.84594320661e-05,0.000163968767787,0.0315496636958,5.17315948027e-06
e0_diagonal,gamma_1,1366,62.3932558724,62.3932646455,4.05225406723e-05,-8.77304754709e-06,0.03139018294,-2.75387567444e-07
e0_diagonal,gamma_1,1368,62.393101558,62.393276005,5.18820257369e-05,-0.000174446960095,0.0312315083453,-5.44824169002e-06
e0_diagonal,gamma_1,1370,62.3929542117,62.3932865913,6.24683405874e-05,-0.000332379619302,0.0310736358367,-1.03282432497e-05
e0_diagonal,gamma_1,1372,62.3928141201,62.3932963354,7.22124392212e-05,-0.000482215312886,0.0309165613596,-1.49084393094e-05
e0_diagonal,gamma_1,1374,62.392681538,62.3933051671,8.10441307664e-05,-0.000623629030365,0.03076028088,-1.9183004139e-05
e0_diagonal,gamma_1,1376,62.3925566844,62.3933130141,8.88911584696e-05,-0.000756329734344,0.0306047903845,-2.31473129812e-05
e0_diagonal,gamma_1,1378,62.3924396826,62.3933198028,9.56798565355e-05,-0.000880120225538,0.0304500858796,-2.6799736452e-05
e0_diagonal,gamma_1,1380,62.3923305792,62.3933254617,0.000101338774165,-0.000994882514995,0.0302961633923,-3.01411232305e-05
e0_diagonal,gamma_1,1382,62.3922293973,62.3933299249,0.000105801921684,-0.00110052756405,0.0301430189696,-3.31732232397e-05
e0_diagonal,gamma_1,1384,62.3921364949,62.3933331348,0.000109011812079,-0.00119663988205,0.0299906486783,-3.58880062969e-05
e0_diagonal,gamma_1,1386,62.392052785,62.3933350473,0.000110924388196,-0.0012822622963,0.0298390486054,-3.82614869842e-05
e0_diagonal,gamma_1,1388,62.3919798402,62.3933356364,0.000111513427029,-0.00135579621809,0.0296882148574,-4.02511694256e-05
e0_diagonal,gamma_1,1390,62.3919200956,62.3933348975,0.000110774531279,-0.00141480188044,0.0295381435607,-4.17906210542e-05
e0_diagonal,gamma_1,1392,62.3918767812,62.3933328527,0.000108729712039,-0.00145607150674,0.029388830861,-4.27922392331e-05
e0_diagonal,gamma_1,1394,62.3918536191,62.393329554,0.000105431038911,-0.0014759348643,0.0292402729239,-4.31567382498e-05
e0_diagonal,gamma_1,1396,62.3918544817,62.3933250852,0.000100962206815,-0.00147060347759,0.0290924659339,-4.2783481574e-05
e0_diagonal,gamma_1,1398,62.3918827975,62.393319561,9.54380764284e-05,-0.00143676353719,0.0289454060952,-4.15877040468e-05
e0_diagonal,gamma_1,1400,62.3919410286,62.3933131256,8.90026065719e-05,-0.00137209696789,0.028799089631,-3.95151435607e-05
e0_diagonal,gamma_1,1402,62.3920303402,62.3933059477,8.18247561796e-05,-0.0012756075083,0.0286535127835,-3.65506360459e-05
e0_diagonal,gamma_1,1404,62.3921502817,62.3932982154,7.40924599469e-05,-0.00114793375537,0.0285086718141,-3.27260666961e-05
e0_diagonal,gamma_1,1406,62.3922986576,62.3932901279,6.60049887671e-05,-0.000991470371481,0.028364563003,-2.81226238174e-05
e0_diagonal,gamma_1,1408,62.3924715761,62.3932818887,5.77657298138e-05,-0.000810312589401,0.0282211826491,-2.28679795884e-05
e0_diagonal,gamma_1,1410,62.3926633887,62.3932736983,4.95753976892e-05,-0.000610309656913,0.0280785270702,-1.71365962229e-05
e0_diagonal,gamma_1,1412,62.3928672385,62.3932657473,4.16243593975e-05,-0.000398508842927,0.0279365926027,-1.11329791934e-05
e0_diagonal,gamma_1,1414,62.3930756003,62.3932582079,3.40849550895e-05,-0.000182607584755,0.0277953756013,-5.0756464059e-06
e0_diagonal,gamma_1,1416,62.3932804017,62.3932512273,2.71043669287e-05,2.91743609395e-05,0.0276548724394,8.06813230282e-07
e0_diagonal,gamma_1,1418,62.3934737004,62.3932449224,2.07994394543e-05,0.000228778021857,0.0275150795084,6.29484546117e-06
e0_diagonal,gamma_1,1420,62.3936481175,62.3932393753,1.52523318064e-05,0.000408742237852,0.0273759932184,1.11897247315e-05
e0_diagonal,gamma_1,1422,62.3937971974,62.3932346301,1.05071831911e-05,0.000562567221316,0.0272376099973,1.53229865714e-05
e0_diagonal,gamma_1,1424,62.3939158135,62.3932306931,6.57010641447e-06,0.00068512042732,0.027099926291,1.85667130809e-05
e0_diagonal,gamma_1,1426,62.3940004276,62.3932275346,3.41160637873e-06,0.00077289300534,0.0269629385638,2.08394666194e-05
e0_diagonal,gamma_1,1428,62.3940492536,62.3932250922,9.69226213954e-07,0.000824161469815,0.0268266432973,2.21094857701e-05
e0_diagonal,gamma_1,1430,62.3940622835,62.3932232741,-8.48814515564e-07,0.000839009383604,0.0266910369914,2.23940304939e-05
e0_diagonal,gamma_1,1432,62.3940412448,62.3932219655,-2.15747522248e-06,0.000819279326159,0.0265561161633,2.17568769556e-05
e0_diagonal,gamma_1,1434,62.3939893327,62.3932210347,-3.08821555706e-06,0.000768297944354,0.026421877348,2.02998740525e-05
e0_diagonal,gamma_1,1436,62.3939108457,62.3932203399,-3.78305659865e-06,0.00069050580089,0.0262883170981,1.81522354519e-05
e0_diagonal,gamma_1,1438,62.3938108357,62.3932197353,-4.38767960986e-06,0.000591100439323,0.0261554319834,1.54604873361e-05
e0_diagonal,gamma_1,1440,62.3936946357,62.393219079,-5.04396305701e-06,0.000475556742771,0.0260232185912,1.23755170697e-05
e0_diagonal,gamma_1,1442,62.3935675258,62.3932182396,-5.88334382456e-06,0.000349286238169,0.025891673526,9.0436052458e-06
e0_diagonal,gamma_1,1444,62.39343446,62.3932171033,-7.0196644657e-06,0.000217356757069,0.0257607934094,5.59928251501e-06
e0_diagonal,gamma_1,1446,62.3932997538,62.3932155799,-8.54299982223e-06,8.4173816262e-05,0.0256305748803,2.15742330066e-06
e0_diagonal,gamma_1,1448,62.3931669453,62.393213608,-1.05149376566e-05,-4.66626781588e-05,0.0255010145942,-1.18994563673e-06
e0_diagonal,gamma_1,1450,62.3930388756,62.3932111582,-1.296470478e-05,-0.000172282652585,0.025372109224,-4.37117427878e-06
e0_diagonal,gamma_1,1452,62.392917851,62.3932082348,-1.58881027801e-05,-0.000290383864723,0.0252438554589,-7.33040830867e-06
e0_diagonal,gamma_1,1454,62.3928057883,62.3932048745,-1.92484062538e-05,-0.000399086265993,0.0251162500053,-1.00235504304e-05
e0_diagonal,gamma_1,1456,62.3927047217,62.3932011467,-2.29762697543e-05,-0.000496425028409,0.024989289586,-1.24053087926e-05
e0_diagonal,gamma_1,1458,62.3926168874,62.3931971519,-2.69710881184e-05,-0.000580264447933,0.0248629709403,-1.44270981067e-05
e0_diagonal,gamma_1,1460,62.3925448603,62.3931930167,-3.11062044176e-05,-0.00064815642309,0.0247372908242,-1.60336339376e-05
e0_diagonal,gamma_1,1462,62.3924916915,62.3931888878,-3.52351664787e-05,-0.000697196271446,0.02461224601,-1.71595661501e-05
e0_diagonal,gamma_1,1464,62.3924605245,62.3931849265,-3.91964554183e-05,-0.000724401965307,0.0244878332862,-1.77390345586e-05
e0_diagonal,gamma_1,1466,62.3924542134,62.3931813042,-4.28187074419e-05,-0.000727090803643,0.0243640494577,-1.77148763002e-05
e0_diagonal,gamma_1,1468,62.3924750133,62.3931781958,-4.59271515467e-05,-0.000703182501859,0.0242408913455,-1.70457706236e-05
e0_diagonal,gamma_1,1470,62.3925241322,62.3931757722,-4.83507719338e-05,-0.000651639948813,0.0241183557867,-1.57164841303e-05
e0_diagonal,gamma_1,1472,62.3926014751,62.3931741926,-4.99303810244e-05,-0.000572717514999,0.0239964396342,-1.37431812761e-05
e0_diagonal,gamma_1,1474,62.3927054719,62.3931735968,-5.05261559738e-05,-0.000468124921014,0.0238751397572,-1.1176547913e-05
e0_diagonal,gamma_1,1476,62.3928331103,62.3931740988,-5.00241754509e-05,-0.000340988495168,0.0237544530402,-8.09999519571e-06
e0_diagonal,gamma_1,1478,62.3929801972,62.3931757815,-4.8341444753e-05,-0.000195584342293,0.0236343763839,-4.62251396056e-06
e0_diagonal,gamma_1,1480,62.3931417021,62.3931786936,-4.54293630128e-05,-3.69915214975e-05,0.0235149067045,-8.6985217687e-07
e0_diagonal,gamma_1,1482,62.3933121018,62.3931828464,-4.12765912046e-05,0.000129255422252,0.0233960409337,3.0240651499e-06
e0_diagonal,gamma_1,1484,62.3934857824,62.3931882123,-3.59106115013e-05,0.00029757005268,0.0232777760189,6.92676903622e-06
e0_diagonal,gamma_1,1486,62.3936572193,62.393194725,-2.93979014927e-05,0.000462494216812,0.0231601089227,1.07114164375e-05
e0_diagonal,gamma_1,1488,62.3938210049,62.3932022796,-2.18433102717e-05,0.000618725260459,0.0230430366233,1.42573088365e-05
e0_diagonal,gamma_1,1490,62.393972014,62.3932107348,-1.33881863746e-05,0.000761279277143,0.022926556114,1.74535120658e-05
e0_diagonal,gamma_1,1492,62.3941055939,62.3932199155,-4.20740551732e-06,0.000885678309508,0.0228106644033,2.02029106875e-05
e0_diagonal,gamma_1,1494,62.394217562,62.3932296179,5.49490648183e-06,0.000987944172486,0.022695358515,2.24217471874e-05
e0_diagonal,gamma_1,1496,62.3943043724,62.3932396141,1.54911609798e-05,0.00106475825048,0.0225806354877,2.40429179366e-05
e0_diagonal,gamma_1,1498,62.3943634133,62.39324966,2.55370686162e-05,0.00111375327831,0.0224664923752,2.5022129535e-05
e0_diagonal,gamma_1,1500,62.3943933119,62.3932595032,3.53802636113e-05,0.00113380871798,0.022352926246,2.53439426501e-05
e0_diagonal,gamma_1,1502,62.39439415,62.3932688927,4.47697497918e-05,0.00112525734657,0.0222399341835,2.50256493273e-05
e0_diagonal,gamma_1,1504,62.3943675496,62.3932775868,5.34638207341e-05,0.00108996286801,0.0221275132859,2.4118167843e-05
e0_diagonal,gamma_1,1506,62.3943165568,62.3932853598,6.12368186665e-05,0.00103119702094,0.022015660666,2.27024836927e-05
e0_diagonal,gamma_1,1508,62.394245375,62.3932920096,6.7886622162e-05,0.000953365477983,0.0219043734512,2.08828734652e-05
e0_diagonal,gamma_1,1510,62.394158982,62.3932973647,7.32417154836e-05,0.00086161736202,0.0217936487834,1.87777861735e-05
e0_diagonal,gamma_1,1512,62.3940625909,62.3933012892,7.71662616401e-05,0.000761301663104,0.0216834838189,1.65076722932e-05
e0_diagonal,gamma_1,1514,62.3939610407,62.3933036869,7.9563947132e-05,0.000657353801721,0.0215738757286,1.41816692281e-05
e0_diagonal,gamma_1,1516,62.3938584247,62.3933045041,8.03811463541e-05,0.000553920593298,0.0214648216975,1.18898067697e-05
e0_diagonal,gamma_1,1518,62.3937578107,62.3933037321,7.96091205544e-05,0.000454078602296,0.0213563189249,9.6974474476e-06
e0_diagonal,gamma_1,1520,62.3936610295,62.3933014076,7.72846195787e-05,0.000359621904096,0.0212483646242,7.64137734506e-06
e0_diagonal,gamma_1,1522,62.3935687205,62.3932976106,7.34876244906e-05,0.000271109942595,0.0211409560229,5.73152337376e-06
e0_diagonal,gamma_1,1524,62.3934805491,62.3932924607,6.83377554083e-05,0.00018808839593,0.0210340903625,3.95626831614e-06
e0_diagonal,gamma_1,1526,62.3933954937,62.3932861139,6.19909357837e-05,0.000109379794601,0.0209277648986,2.28907462608e-06
e0_diagonal,gamma_1,1528,62.3933123624,62.3932787565,5.46335278031e-05,3.36059090884e-05,0.0208219769006,6.99741462761e-07
e0_diagonal,gamma_1,1530,62.3932301495,62.3932705962,4.64732190437e-05,-4.0446633335e-05,0.0207167236514,-8.37921725433e-07
e0_diagonal,gamma_1,1532,62.3931483375,62.3932618538,3.77308857651e-05,-0.000113516293176,0.0206120024482,-2.33979811285e-06
e0_diagonal,gamma_1,1534,62.3930671701,62.3932527567,2.86337693822e-05,-0.000185586635055,0.0205078106013,-3.80597556185e-06
e0_diagonal,gamma_1,1536,62.3929876474,62.3932435304,1.94074633413e-05,-0.000255882963778,0.020404145435,-5.22107320726e-06
e0_diagonal,gamma_1,1538,62.3929114879,62.3932343915,1.02685554708e-05,-0.000322903580987,0.0203010042869,-6.55526698188e-06
e0_diagonal,gamma_1,1540,62.3928409688,62.3932255414,1.41845377044e-06,-0.000384572563014,0.0201983845082,-7.76774449908e-06
e0_diagonal,gamma_1,1542,62.3927786662,62.3932171602,-6.96275559875e-06,-0.000438494013977,0.0200962834634,-8.8121000019e-06
e0_diagonal,gamma_1,1544,62.3927272907,62.393209401,-1.4721916699e-05,-0.000482110315367,0.0199946985304,-9.63965041415e-06
e0_diagonal,gamma_1,1546,62.3926894534,62.393202386,-2.1736987037e-05,-0.000512932584186,0.0198936271001,-1.02040895573e-05
e0_diagonal,gamma_1,1548,62.3926674286,62.3931962035,-2.79194752437e-05,-0.000528774869593,0.019793066577,-1.04660761981e-05
e0_diagonal,gamma_1,1550,62.3926630863,62.393190907,-3.32159170142e-05,-0.000527820733609,0.0196930143785,-1.03943812962e-05
e0_diagonal,gamma_1,1552,62.3926776272,62.3931865145,-3.76084827565e-05,-0.000508887306715,0.0195934679349,-9.9708671266e-06
e0_diagonal,gamma_1,1554,62.3927113932,62.3931830098,-4.11131452438e-05,-0.000471616558258,0.0194944246898,-9.19389347742e-06
e0_diagonal,gamma_1,1556,62.3927638156,62.393180348,-4.37749689155e-05,-0.00041653234436,0.0193958820995,-8.07901224185e-06
e0_diagonal,gamma_1,1558,62.3928332578,62.3931784601,-4.56628784846e-05,-0.000345202286283,0.0192978376333,-6.66165767134e-06
e0_diagonal,gamma_1,1560,62.3929170935,62.3931772582,-4.68647018508e-05,-0.000260164777579,0.0192002887732,-4.99523885814e-06
e0_diagonal,gamma_1,1562,62.3930117731,62.3931766411,-4.7481882703e-05,-0.00016486792623,0.019103233014,-3.1495104113e-06
e0_diagonal,gamma_1,1564,62.3931129423,62.3931764989,-4.76240786824e-05,-6.35565912859e-05,0.019006667863,-1.20799902107e-06
e0_diagonal,gamma_1,1566,62.3932157321,62.3931767189,-4.7404045759e-05,3.90132111505e-05,0.0189105908402,7.37762873432e-07
e0_diagonal,gamma_1,1568,62.3933150402,62.3931771895,-4.6933469882e-05,0.000137850670562,0.0188149994784,2.59366029472e-06
e0_diagonal,gamma_1,1570,62.3934057817,62.3931778039,-4.63190550875e-05,0.000227977763053,0.0187198913224,4.26771894828e-06
e0_diagonal,gamma_1,1572,62.3934832319,62.3931784644,-4.56585548108e-05,0.000304767523417,0.0186252639297,5.67637556084e-06
e0_diagonal,gamma_1,1574,62.3935434227,62.3931790863,-4.50366145586e-05,0.000364336405561,0.0185311148701,6.75155978279e-06
e0_diagonal,gamma_1,1576,62.3935834047,62.3931796013,-4.45216517591e-05,0.000403803368002,0.0184374417256,7.44510106614e-06
e0_diagonal,gamma_1,1578,62.3936014915,62.3931799582,-4.41647231355e-05,0.000421533272245,0.0183442420906,7.73270839532e-06
e0_diagonal,gamma_1,1580,62.3935973631,62.3931801241,-4.39988254897e-05,0.000417238934254,0.0182515135715,7.61524207111e-06
e0_diagonal,gamma_1,1582,62.3935719997,62.393180085,-4.40379977107e-05,0.000391914765331,0.0181592537869,7.11687968646e-06
e0_diagonal,gamma_1,1584,62.3935275805,62.3931798454,-4.42775740765e-05,0.00034773511527,0.0180674603673,6.28269041344e-06
e0_diagonal,gamma_1,1586,62.393467188,62.3931794279,-4.46950083912e-05,0.0002877600853,0.0179761309553,5.17281297705e-06
e0_diagonal,gamma_1,1588,62.3933944594,62.3931788721,-4.52508811009e-05,0.000215587309413,0.0178852632054,3.85583577258e-06
e0_diagonal,gamma_1,1590,62.3933132548,62.393178232,-4.58909243406e-05,0.000135022808593,0.0177948547839,2.40271127141e-06
e0_diagonal,gamma_1,1592,62.3932272009,62.3931775745,-4.65484111487e-05,4.96263791234e-05,0.0177049033689,8.78630246931e-07
e0_diagonal,gamma_1,1594,62.3931394753,62.3931769767,-4.71462663967e-05,-3.75014123506e-05,0.0176154066505,-6.60602628522e-07
e0_diagonal,gamma_1,1596,62.3930526621,62.3931765231,-4.75998872105e-05,-0.000123861007282,0.01752636233,-2.17083289218e-06
e0_diagonal,gamma_1,1598,62.3929685879,62.3931763022,-4.78207089003e-05,-0.000207714360862,0.0174377681206,-3.62207486003e-06
e0_diagonal,gamma_1,1600,62.3928883909,62.3931764021,-4.7720850084e-05,-0.000288011210628,0.0173496217472,-4.99688556334e-06
e0_diagonal,gamma_1,1602,62.3928126886,62.3931769042,-4.72187430063e-05,-0.000364215576184,0.0172619209458,-6.28706048332e-06
e0_diagonal,gamma_1,1604,62.3927417387,62.3931778792,-4.62437686508e-05,-0.000436140480424,0.0171746634642,-7.49056597442e-06
e0_diagonal,gamma_1,1606,62.3926756971,62.3931793844,-4.4738592976e-05,-0.000503687229532,0.0170878470615,-8.60693034508e-06
e0_diagonal,gamma_1,1608,62.392614878,62.3931814615,-4.2661413417e-05,-0.000566583563511,0.017001469508,-9.63275317878e-06
e0_diagonal,gamma_1,1610,62.3925598847,62.3931841344,-3.99885574751e-05,-0.000624249699825,0.0169155285854,-1.05595136418e-05
e0_diagonal,gamma_1,1612,62.3925116536,62.3931874073,-3.67156947689e-05,-0.000675753622687,0.0168300220865,-1.13729483949e-05
e0_diagonal,gamma_1,1614,62.3924713427,62.3931912651,-3.28578962012e-05,-0.000719922341844,0.0167449478154,-1.20550620453e-05
e0_diagonal,gamma_1,1616,62.3924401107,62.3931956751,-2.84478820589e-05,-0.000755564366571,0.0166603035873,-1.25879317268e-05
e0_diagonal,gamma_1,1618,62.3924190315,62.3932005897,-2.35332645389e-05,-0.000781558209084,0.0165760872282,-1.29551770477e-05
e0_diagonal,gamma_1,1620,62.3924090199,62.393205949,-1.81739911298e-05,-0.000796929027366,0.0164922965753,-1.31431898688e-05
e0_diagonal,gamma_1,1622,62.3924108479,62.3932116839,-1.24390987395e-05,-0.000800835911306,0.0164089294767,-1.31408599911e-05
e0_diagonal,gamma_1,1624,62.3924253201,62.3932177194,-6.40354848969e-06,-0.000792399251452,0.0163259837915,-1.29366973356e-05
e0_diagonal,gamma_1,1626,62.3924532993,62.3932239762,-1.46767177966e-07,-0.000770676893126,0.0162434573894,-1.25184572745e-05
e0_diagonal,gamma_1,1628,62.3924957692,62.3932303714,6.24847075414e-06,-0.000734602233294,0.0161613481509,-1.18721624447e-05
e0_diagonal,gamma_1,1630,62.3925537659,62.3932368215,1.2698515377e-05,-0.000683055515296,0.0160796539673,-1.09832963264e-05
e0_diagonal,gamma_1,1632,62.3926280949,62.3932432448,1.91218394576e-05,-0.000615149928912,0.0159983727406,-9.84139785409e-06
e0_diagonal,gamma_1,1634,62.3927190522,62.3932495639,2.54409816378e-05,-0.000530511761561,0.0159175023833,-8.44442222902e-06
e0_diagonal,gamma_1,1636,62.3928261706,62.3932557069,3.15839434251e-05,-0.00042953629935,0.0158370408185,-6.80258390584e-06
e0_diagonal,gamma_1,1638,62.3929479224,62.3932616086,3.74856945911e-05,-0.000313686286148,0.0157569859798,-4.94275041289e-06
e0_diagonal,gamma_1,1640,62.3930815686,62.3932672123,4.30893060468e-05,-0.000185643676517,0.0156773358112,-2.91039825797e-06
e0_diagonal,gamma_1,1642,62.3932232993,62.3932724703,4.83473900204e-05,-4.91710182473e-05,0.0155980882671,-7.66973882806e-07
e0_diagonal,gamma_1,1644,62.3933683698,62.3932773461,5.32231250503e-05,9.10237380012e-05,0.0155192413124,1.4126193552e-06
e0_diagonal,gamma_1,1646,62.3935113984,62.3932818128,5.76898193572e-05,0.000229585626656,0.015440792922,3.54498411907e-06
e0_diagonal,gamma_1,1648,62.3936467854,62.3932858528,6.1729814135e-05,0.000360932632276,0.0153627410813,5.54491457746e-06
e0_diagonal,gamma_1,1650,62.3937689109,62.3932894562,6.53332971865e-05,0.000479454603607,0.0152850837858,7.32850378761e-06
e0_diagonal,gamma_1,1652,62.3938723605,62.3932926199,6.8496966307e-05,0.000579740595441,0.015207819041,8.81659006618e-06
e0_diagonal,gamma_1,1654,62.3939521658,62.3932953455,7.12225307922e-05,0.00065682029593,0.0151309448626,9.93831168236e-06
e0_diagonal,gamma_1,1656,62.3940040378,62.3932976379,7.35149240825e-05,0.000706399932298,0.0150544592764,1.06344690136e-05
e0_diagonal,gamma_1,1658,62.3940247379,62.3932995033,7.53803216398e-05,0.000725234652563,0.0149783603181,1.08628259412e-05
e0_diagonal,gamma_1,1660,62.3940123379,62.3933009475,7.68245445641e-05,0.000711390406565,0.0149026460332,1.06015994205e-05
e0_diagonal,gamma_1,1662,62.3939665651,62.3933019756,7.78526425336e-05,0.000664589533912,0.0148273144774,9.8540780177e-06
e0_diagonal,gamma_1,1664,62.3938890036,62.3933025915,7.84685092015e-05,0.000586412112774,0.0147523637159,8.65096477506e-06
e0_diagonal,gamma_1,1666,62.3937830758,62.3933027967,7.86737854028e-05,0.000480279070651,0.0146777918239,7.04943621637e-06
e0_diagonal,gamma_1,1668,62.3936540911,62.3933025896,7.8466614525e-05,0.000351501526495,0.0146035968862,5.1331865978e-06
e0_diagonal,gamma_1,1670,62.3935089024,62.3933019629,7.78399921089e-05,0.000206939448866,0.0145297769973,3.00678404396e-06
e0_diagonal,gamma_1,1672,62.3933554378,62.393300903,7.67800776913e-05,5.45347830325e-05,0.0144563302614,7.88372834251e-07
e0_diagonal,gamma_1,1674,62.3932022799,62.3932993889,7.52659625007e-05,-9.71090188173e-05,0.0143832547923,-1.39674376028e-06
e0_diagonal,gamma_1,1676,62.3930581079,62.3932973943,7.32713600371e-05,-0.000239286426151,0.0143105487131,-3.42432005783e-06
e0_diagonal,gamma_1,1678,62.3929311471,62.393294891,7.07680202083e-05,-0.00036374391658,0.0142382101568,-5.17906232753e-06
e0_diagonal,gamma_1,1680,62.3928287635,62.3932918526,6.77296865206e-05,-0.000463089115186,0.0141662372655,-6.56023028079e-06
e0_diagonal,gamma_1,1682,62.3927569841,62.3932882581,6.41351343234e-05,-0.000531273951296,0.0140946281908,-7.48810881095e-06
e0_diagonal,gamma_1,1684,62.3927200951,62.3932840943,5.99713299607e-05,-0.000563999138365,0.0140233810935,-7.90917485372e-06
e0_diagonal,gamma_1,1686,62.3927204266,62.3932793599,5.52369778433e-05,-0.000558933307403,0.0139524941441,-7.79851369848e-06
e0_diagonal,gamma_1,1688,62.3927581958,62.3932740683,4.99453186507e-05,-0.00051587245315,0.0138819655219,-7.16132360833e-06
e0_diagonal,gamma_1,1690,62.3928315683,62.3932682488,4.41258114776e-05,-0.000436680447919,0.0138117934157,-6.03134013532e-06
e0_diagonal,gamma_1,1692,62.3929368069,62.3932619478,3.7824840561e-05,-0.000325140892869,0.0137419760232,-4.46807835397e-06
e0_diagonal,gamma_1,1694,62.393068481,62.3932552276,3.11046610761e-05,-0.000186746618823,0.0136725115515,-2.55329530306e-06
e0_diagonal,gamma_1,1696,62.3932198186,62.3932481647,2.40417963226e-05,-2.83461686408e-05,0.0136033982165,-3.85604219932e-07
e0_diagonal,gamma_1,1698,62.3933831156,62.3932408491,1.6726187738e-05,0.000142266468288,0.0135346342433,1.92552461336e-06
e0_diagonal,gamma_1,1700,62.3935501709,62.3932333828,9.25989206024e-06,0.000316788049346,0.0134662178659,4.26593688982e-06
e0_diagonal,gamma_1,1702,62.3937127184,62.3932258776,1.75465694241e-06,0.000486840748614,0.0133981473272,6.52276407484e-06
e0_diagonal,gamma_1,1704,62.3938628537,62.3932184527,-5.67023163711e-06,0.000644400979063,0.0133304208791,8.59013626582e-06
e0_diagonal,gamma_1,1706,62.3939934873,62.3932112339,-1.28890169933e-05,0.000782253382795,0.0132630367822,1.0375055389e-05
e0_diagonal,gamma_1,1708,62.3940988322,62.3932043528,-1.977012586e-05,0.000894479418491,0.0131959933059,1.18035444187e-05
e0_diagonal,gamma_1,1710,62.3941747809,62.3931979441,-2.61788153892e-05,0.000976836755143,0.0131292887285,1.28251717988e-05
e0_diagonal,gamma_1,1712,62.394219209,62.3931921412,-3.19817122403e-05,0.00102706772836,0.0130629213367,1.3416504943e-05
e0_diagonal,gamma_1,1714,62.3942320948,62.3931870721,-3.70508878831e-05,0.00104502273797,0.0129968894263,1.35820449734e-05
e0_diagonal,gamma_1,1716,62.3942153757,62.393182854,-4.12689439102e-05,0.00103252166982,0.0129311913013,1.33517352352e-05
e0_diagonal,gamma_1,1718,62.3941726623,62.3931795878,-4.45351254825e-05,0.00099307444146,0.0128658252746,1.27767222485e-05
e0_diagonal,gamma_1,1720,62.3941088739,62.3931773521,-4.67708424452e-05,0.000931521835923,0.0128007896673,1.19242150921e-05
e0_diagonal,gamma_1,1722,62.3940296919,62.393176197,-4.79259680617e-05,0.000853494884964,0.0127360828092,1.08701815321e-05
e0_diagonal,gamma_1,1724,62.3939408766,62.3931761383,-4.79846228956e-05,0.000764738247639,0.0126717030386,9.69053597633e-06
e0_diagonal,gamma_1,1726,62.3938477655,62.3931771537,-4.69692837228e-05,0.000670611819807,0.012607648702,8.45483823953e-06
e0_diagonal,gamma_1,1728,62.393754846,62.3931791805,-4.49424545366e-05,0.000575665543209,0.0125439181544,7.22110145834e-06
e0_diagonal,gamma_1,1730,62.3936653475,62.3931821185,-4.20044377165e-05,0.000483229022983,0.0124805097591,6.03094453722e-06
e0_diagonal,gamma_1,1732,62.3935812862,62.3931858338,-3.82891765156e-05,0.00039545242997,0.0124174218876,4.91049965942e-06
e0_diagonal,gamma_1,1734,62.3935035675,62.3931901638,-3.39591380225e-05,0.000313403734317,0.0123546529197,3.87199436124e-06
e0_diagonal,gamma_1,1736,62.3934322374,62.393194924,-2.91989124577e-05,0.00023731331521,0.0122922012434,2.91710302831e-06
e0_diagonal,gamma_1,1738,62.3933669517,62.3931999137,-2.42092130378e-05,0.000167037952487,0.0122300652548,2.04288505894e-06
e0_diagonal,gamma_1,1740,62.393307259,62.3932049221,-1.92008661628e-05,0.000102336887039,0.0121682433581,1.245260146e-06
e0_diagonal,gamma_1,1742,62.3932529121,62.393209736,-1.43869324916e-05,4.31760876864e-05,0.0121067339656,5.22721407296e-07
e0_diagonal,gamma_1,1744,62.393204164,62.3932141488,-9.97413388859e-06,-9.98484243553e-06,0.0120455354977,-1.20272773996e-07
e0_diagonal,gamma_1,1746,62.3931616326,62.3932179674,-6.15553203431e-06,-5.63347760121e-05,0.0119846463825,-6.75152369544e-07
e0_diagonal,gamma_1,1748,62.3931260293,62.3932210186,-3.10433009787e-06,-9.49893020916e-05,0.0119240650565,-1.13265861781e-06
e0_diagonal,gamma_1,1750,62.3930978613,62.3932231556,-9.67318243283e-07,-0.000125294308475,0.0118637899637,-1.4864653594e-06
e0_diagonal,gamma_1,1752,62.3930771076,62.3932242642,1.41245003249e-07,-0.000147156572616,0.0118038195562,-1.73700962967e-06
e0_diagonal,gamma_1,1754,62.3930629611,62.3932242679,1.44917429168e-07,-0.000161306745319,0.0117441522937,-1.89441098303e-06
e0_diagonal,gamma_1,1756,62.39305376,62.3932231317,-9.91211635437e-07,-0.000169371735836,0.011684786644,-1.97907259677e-06
e0_diagonal,gamma_1,1758,62.3930471389,62.3932208635,-3.25942308166e-06,-0.000173724624467,0.0116257210824,-2.0196740292e-06
e0_diagonal,gamma_1,1760,62.3930403119,62.3932175135,-6.60940979458e-06,-0.000177201680664,0.011566954092,-2.04968370526e-06
e0_diagonal,gamma_1,1762,62.3930304384,62.3932131735,-1.09494679634e-05,-0.000182735128149,0.0115084841635,-2.10300432841e-06
e0_diagonal,gamma_1,1764,62.3930148937,62.3932079723,-1.61506351475e-05,-0.000193078625067,0.0114503097953,-2.21081007186e-06
e0_diagonal,gamma_1,1766,62.3929914756,62.39320207,-2.20529865516e-05,-0.000210594331804,0.0113924294933,-2.39918107678e-06
e0_diagonal,gamma_1,1768,62.3929586963,62.393195651,-2.84719853312e-05,-0.000236954651413,0.0113348417712,-2.68584348073e-06
e0_diagonal,gamma_1,1770,62.3929160166,62.3931889181,-3.52048880075e-05,-0.000272901490789,0.01127754515,-3.07765888386e-06
e0_diagonal,gamma_1,1772,62.3928639247,62.3931820855,-4.20374776979e-05,-0.000318160767648,0.011220538158,-3.56993503378e-06
e0_diagonal,gamma_1,1774,62.3928041194,62.393175372,-4.87509115175e-05,-0.000371252595357,0.0111638193314,-4.14459690088e-06
e0_diagonal,gamma_1,1776,62.3927395439,62.393168995,-5.51279852488e-05,-0.000429451076613,0.0111073872134,-4.77007939715e-06
e0_diagonal,gamma_1,1778,62.392674195,62.393163164,-6.09589693781e-05,-0.000488969013929,0.0110512403548,-5.40371409897e-06
e0_diagonal,gamma_1,1780,62.3926128796,62.3931580744,-6.60485925295e-05,-0.000545194741989,0.0109953773135,-5.99462189752e-06
e0_diagonal,gamma_1,1782,62.3925609053,62.3931538989,-7.02240512425e-05,-0.000592993553568,0.010939796655,-6.48722889377e-06
e0_diagonal,gamma_1,1784,62.3925236127,62.3931507811,-7.33418875711e-05,-0.000627168373001,0.0108844969518,-6.82641224421e-06
e0_diagonal,gamma_1,1786,62.3925058,62.3931488294,-7.5293554076e-05,-0.000643029383042,0.0108294767837,-6.96367177491e-06
e0_diagonal,gamma_1,1788,62.3925113041,62.3931481133,-7.60096020258e-05,-0.000636809237207,0.0107747347377,-6.86145060943e-06
e0_diagonal,gamma_1,1790,62.3925425336,62.3931486608,-7.54621580086e-05,-0.000606127224316,0.0107202694079,-6.49784714012e-06
e0_diagonal,gamma_1,1792,62.3926001124,62.3931504574,-7.36655529394e-05,-0.000550345040551,0.0106660793955,-5.87002389742e-06
e0_diagonal,gamma_1,1794,62.3926825772,62.3931534486,-7.06743324912e-05,-0.000470871465239,0.0106121633088,-4.99696488656e-06
e0_diagonal,gamma_1,1796,62.3927862882,62.3931575428,-6.65801547726e-05,-0.000371254625165,0.0105585197631,-3.91989929695e-06
e0_diagonal,gamma_1,1798,62.392905638,62.3931626154,-6.15075936921e-05,-0.000256977382968,0.0105051473808,-2.69958528162e-06
e0_diagonal,gamma_1,1800,62.3930333192,62.3931685138,-5.56091589772e-05,-0.000135194588665,0.0104520447912,-1.41305989626e-06
e0_diagonal,gamma_1,1802,62.3931608,62.3931750621,-4.90608522199e-05,-1.42620576327e-05,0.0103992106305,-1.48314141346e-07
e0_diagonal,gamma_1,1804,62.3932788269,62.3931820677,-4.20551999483e-05,9.67591611314e-05,0.0103466435418,1.00113254963e-06
e0_diagonal,gamma_1,1806,62.3933781326,62.3931893311,-3.47918583898e-05,0.000188801536474,0.010294342175,1.94358761964e-06
e0_diagonal,gamma_1,1808,62.3934502711,62.3931966536,-2.74693589688e-05,0.000253617519988,0.0102423051871,2.5976280405e-06
e0_diagonal,gamma_1,1810,62.3934883521,62.3932038451,-2.02778402283e-05,0.000284506962593,0.0101905312415,2.89927709072e-06
e0_diagonal,gamma_1,1812,62.3934876827,62.393210731,-1.33919250302e-05,0.000276951674373,0.0101390190086,2.80801829091e-06
e0_diagonal,gamma_1,1814,62.3934462678,62.3932171582,-6.96470045369e-06,0.000229109537194,0.0100877671654,2.3112036666e-06
e0_diagonal,gamma_1,1816,62.3933650409,62.3932230011,-1.12182550538e-06,0.000142039739366,0.0100367743958,1.42562081926e-06
e0_diagonal,gamma_1,1818,62.3932477087,62.3932281659,4.04293849954e-06,1.95428476246e-05,0.00998603939019,1.95155646176e-07
e0_diagonal,gamma_1,1820,62.3931006055,62.3932325938,8.47081453514e-06,-0.000131988227544,0.00993556084549,-1.31137706565e-06
e0_diagonal,gamma_1,1822,62.3929322849,62.3932362645,1.2141545966e-05,-0.00030397960461,0.00988533746536,-3.00494097415e-06
e0_diagonal,gamma_1,1824,62.3927528539,62.3932391968,1.50738758435e-05,-0.000486342961139,0.00983536795998,-4.78336197755e-06
e0_diagonal,gamma_1,1826,62.3925734104,62.3932414458,1.73228690628e-05,-0.000668035432575,0.00978565104601,-6.53716162955e-06
e0_diagonal,gamma_1,1828,62.3924052552,62.3932431003,1.89773072705e-05,-0.000837845029203,0.00973618544665,-8.15741457987e-06
e0_diagonal,gamma_1,1830,62.3922591215,62.3932442785,2.01555556671e-05,-0.000985156968035,0.00968696989151,-9.54318588776e-06
e0_diagonal,gamma_1,1832,62.3921444854,62.3932451227,2.09997456864e-05,-0.00110063730267,0.00963800311664,-1.06079457534e-05
e0_diagonal,gamma_1,1834,62.3920689016,62.3932457933,2.16703447791e-05,-0.00117689166861,0.00958928386448,-1.1285548288e-05
e0_diagonal,gamma_1,1836,62.3920376076,62.3932464626,2.23396961729e-05,-0.00120885507354,0.00954081088382,-1.15334576426e-05
e0_diagonal,gamma_1,1838,62.3920532496,62.3932473074,2.31844022167e-05,-0.00119405772034,0.00949258292979,-1.13346919333e-05
e0_diagonal,gamma_1,1840,62.3921158426,62.3932485015,2.43785104743e-05,-0.00113265886905,0.0094445987638,-1.06975085545e-05
e0_diagonal,gamma_1,1842,62.3922228928,62.3932502087,2.60857331682e-05,-0.00102731588767,0.00939685715352,-9.65354064796e-06
e0_diagonal,gamma_1,1844,62.3923696468,62.3932525743,2.84513432973e-05,-0.000882927533134,0.00934935687284,-8.25480460013e-06
e0_diagonal,gamma_1,1846,62.3925495195,62.3932557192,3.1596259376e-05,-0.000706199676571,0.00930209670188,-6.5691376823e-06
e0_diagonal,gamma_1,1848,62.3927546249,62.3932597344,3.56114402749e-05,-0.000505109532732,0.0092550754269,-4.67482682428e-06
e0_diagonal,gamma_1,1850,62.392976215,62.3932646754,4.05524862899e-05,-0.000288460478082,0.0092082918403,-2.65622826657e-06
e0_diagonal,gamma_1,1852,62.3932051883,62.3932705595,4.64365972448e-05,-6.53712697485e-05,0.00916174474058,-5.98914886803e-07
e0_diagonal,gamma_1,1854,62.3934327129,62.3932773636,5.32406199341e-05,0.000155349377607,0.00911543293234,1.41607683266e-06
e0_diagonal,gamma_1,1856,62.3936506086,62.3932850224,6.08994466162e-05,0.00036558617969,0.00906935522618,3.31563092939e-06
e0_diagonal,gamma_1,1858,62.3938518014,62.3932934289,6.93059404142e-05,0.000558372481542,0.00902351043874,5.0384799159e-06
e0_diagonal,gamma_1,1860,62.3940307954,62.3933024352,7.83122947681e-05,0.000728360205294,0.00897789739265,6.53914318801e-06
e0_diagonal,gamma_1,1862,62.3941837465,62.3933118561,8.77331380025e-05,0.00087189044288,0.00893251491646,7.78817438655e-06
e0_diagonal,gamma_1,1864,62.3943085882,62.3933214739,9.73509253299e-05,0.000987114341527,0.00888736184467,8.77284233521e-06
e0_diagonal,gamma_1,1866,62.394405055,62.3933310459,0.000106922933398,0.00107400910852,0.00884243701766,9.49685789849e-06
e0_diagonal,gamma_1,1868,62.3944744032,62.3933403134,0.000116190455877,0.00113408980869,0.00879773928167,9.97742645889e-06
e0_diagonal,gamma_1,1870,62.3945190449,62.3933490121,0.000124889112335,0.00117003283393,0.00875326748878,1.02416103661e-05
e0_diagonal,gamma_1,1872,62.3945421599,62.3933568802,0.000132757276027,0.00118527968684,0.00870902049686,1.03226250872e-05
e0_diagonal,gamma_1,1874,62.3945471506,62.3933636667,0.000139543701231,0.00118348398558,0.00866499716957,1.02548853853e-05
e0_diagonal,gamma_1,1876,62.3945372191,62.3933691395,0.000145016547847,0.00116807960858,0.0086211963763,1.00702436887e-05
e0_diagonal,gamma_1,1878,62.394515022,62.3933730948,0.000148971811271,0.00114192728536,0.00857761699216,9.79501488671e-06
e0_diagonal,gamma_1,1880,62.3944823715,62.3933753621,0.000151239116526,0.00110700938547,0.00853425789794,9.44750359106e-06
e0_diagonal,gamma_1,1882,62.3944401129,62.3933758097,0.000151686730781,0.00106430318764,0.00849111798011,9.03712393286e-06
e0_diagonal,gamma_1,1884,62.3943881165,62.3933743493,0.000150226398617,0.00101376718656,0.00844819613074,8.564504023e-06
e0_diagonal,gamma_1,1886,62.3943253736,62.3933709386,0.000146815602051,0.000954435068024,0.00840549124752,8.02249561061e-06
e0_diagonal,gamma_1,1888,62.3942500936,62.3933655804,0.000141457440378,0.000884513259848,0.0083630022337,7.39718636785e-06
e0_diagonal,gamma_1,1890,62.3941600314,62.3933583235,0.000134200591098,0.000801707901473,0.00832072799809,6.67079338208e-06
e0_diagonal,gamma_1,1892,62.3940529018,62.3933492601,0.000125137138468,0.000703641707887,0.00827866745499,5.82521570705e-06
e0_diagonal,gamma_1,1894,62.3939270121,62.3933385216,0.000114398604538,0.000588490519938,0.00823681952421,4.84729020444e-06
e0_diagonal,gamma_1,1896,62.3937818292,62.3933262748,0.000102151838178,0.000455554451094,0.00819518313101,3.73335215286e-06
e0_diagonal,gamma_1,1898,62.3936184369,62.3933127167,8.8593743051e-05,0.000305720160853,0.00815375720609,2.4927679646e-06
e0_diagonal,gamma_1,1900,62.3934399147,62.3932980685,7.39455906711e-05,0.000141846165775,0.00811254068556,1.15073279094e-06
e0_diagonal,gamma_1,1902,62.3932514564,62.3932825694,5.84464689268e-05,-3.11130178403e-05,0.00807153251089,-2.5112973501e-07
e0_diagonal,gamma_1,1904,62.3930600911,62.393266469,4.23460089678e-05,-0.000206377877909,0.0080307316289,-1.65736535163e-06
e0_diagonal,gamma_1,1906,62.3928742411,62.393250021,2.58980357017e-05,-0.000375779849414,0.00799013699177,-3.00253247556e-06
e0_diagonal,gamma_1,1908,62.3927030492,62.3932334767,9.35374183797e-06,-0.000530427528382,0.00794974755692,-4.21676494788e-06
e0_diagonal,gamma_1,1910,62.3925554995,62.3932170758,-7.0471630238e-06,-0.000661576275533,0.0079095622871,-5.232778759e-06
e0_diagonal,gamma_1,1912,62.3924396255,62.3932010387,-2.30842732378e-05,-0.000761413159466,0.00786958015025,-5.99200188588e-06
e0_diagonal,gamma_1,1914,62.3923618017,62.3931855612,-3.85617548204e-05,-0.00082375946274,0.00782980011957,-6.44987193986e-06
e0_diagonal,gamma_1,1916,62.3923262551,62.3931708108,-5.33121279673e-05,-0.000844555729358,0.00779022117341,-6.57927592497e-06
e0_diagonal,gamma_1,1918,62.3923348228,62.3931569243,-6.71986582859e-05,-0.000822101526872,0.00775084229533,-6.37197928553e-06
e0_diagonal,gamma_1,1920,62.3923868854,62.3931440058,-8.01171305511e-05,-0.000757120425,0.00771166247398,-5.83865716976e-06
e0_diagonal,gamma_1,1922,62.3924795765,62.393132127,-9.19959032615e-05,-0.000652550513891,0.00767268070316,-5.00681173577e-06
e0_diagonal,gamma_1,1924,62.3926080105,62.3931213288,-0.000102794196195,-0.000513318301913,0.00763389598174,-3.91861852233e-06
e0_diagonal,gamma_1,1926,62.3927655407,62.393111623,-0.000112499989584,-0.000346082238096,0.00759530731366,-2.62860095414e-06
e0_diagonal,gamma_1,1928,62.3929441822,62.393102995,-0.000121127915833,-0.000158812851424,0.00755691370787,-1.20013501391e-06
e0_diagonal,gamma_1,1930,62.3931350488,62.3930954073,-0.000128715684511,3.96415203596e-05,0.00751871417836,2.9805326118e-07
e0_diagonal,gamma_1,1932,62.3933287875,62.3930888038,-0.000135319151482,0.000239983698108,0.00748070774409,1.79524790889e-06
e0_diagonal,gamma_1,1934,62.3935161271,62.3930831158,-0.000141007152408,0.000433011329676,0.00744289342897,3.22285718032e-06
e0_diagonal,gamma_1,1936,62.3936882838,62.3930782672,-0.00014585576335,0.000610016584048,0.00740527026188,4.5173376691e-06
e0_diagonal,gamma_1,1938,62.3938373645,62.3930741812,-0.000149941762807,0.000763183272134,0.00736783727655,5.62301016127e-06
e0_diagonal,gamma_1,1940,62.3939567702,62.3930707865,-0.000153336455519,0.000885983686651,0.00733059351166,6.4947862648e-06
e0_diagonal,gamma_1,1942,62.3940414014,62.3930680224,-0.000156100538462,0.000973379037347,0.00729353801069,7.09937700771e-06
e0_diagonal,gamma_1,1944,62.394087923,62.3930658433,-0.000158279641894,0.00102207970106,0.00725666982201,7.41689492236e-06
e0_diagonal,gamma_1,1946,62.3940949319,62.3930642223,-0.000159900643133,0.00103070962444,0.00721998799875,7.44171111868e-06
e0_diagonal,gamma_1,1948,62.3940630346,62.3930631531,-0.000160969840962,0.000999881498174,0.00718349159886,7.18264034199e-06
e0_diagonal,gamma_1,1950,62.3939947914,62.3930626496,-0.000161473313213,0.000932141807738,0.00714717968503,6.66218499183e-06
e0_diagonal,gamma_1,1952,62.3938946319,62.3930627441,-0.000161378845362,0.000831887806513,0.00711105132472,5.91559688852e-06
e0_diagonal,gamma_1,1954,62.3937685396,62.3930634851,-0.000160637870934,0.000705054507797,0.00707510559007,4.98833508942e-06
e0_diagonal,gamma_1,1956,62.3936235187,62.3930649352,-0.000159187795489,0.000558583522761,0.00703934155792,3.93206020534e-06
e0_diagonal,gamma_1,1958,62.3934670864,62.3930671674,-0.000156955598761,0.000399919070695,0.00700375830979,2.80093651462e-06
e0_diagonal,gamma_1,1960,62.3933067146,62.3930702613,-0.000153861602975,0.000236453235239,0.00696835493183,1.64769006792e-06
e0_diagonal,gamma_1,1962,62.3931492558,62.3930742988,-0.00014982416559,7.49570189669e-05,0.0069331305148,5.19686795498e-07
e0_diagonal,gamma_1,1964,62.3930003284,62.393079357,-0.000144765996076,-7.90285477592e-05,0.00689808415409,-5.45145573018e-07
e0_diagonal,gamma_1,1966,62.392863971,62.3930855033,-0.000138619697537,-0.000221532205742,0.00686321494962,-1.52042314627e-06
e0_diagonal,gamma_1,1968,62.3927425563,62.3930927905,-0.000131332442791,-0.000350234250604,0.0068285220059,-2.39158228747e-06
e0_diagonal,gamma_1,1970,62.3926367726,62.3931012518,-0.000122871160897,-0.000464479170574,0.00679400443193,-3.15567354342e-06
e0_diagonal,gamma_1,1972,62.3925459192,62.3931108957,-0.000113227213689,-0.00056497653113,0.00675966134124,-3.81905001619e-06
e0_diagonal,gamma_1,1974,62.3924683043,62.3931217031,-0.000102419890212,-0.000653398750273,0.00672549185183,-4.39442797096e-06
e0_diagonal,gamma_1,1976,62.3924016087,62.3931336241,-9.04988277668e-05,-0.000732015464102,0.00669149508617,-4.89827788104e-06
e0_diagonal,gamma_1,1978,62.3923433457,62.3931465773,-7.75456645385e-05,-0.000803231581557,0.00665767017115,-5.34765094105e-06
e0_diagonal,gamma_1,1980,62.3922912282,62.3931604493,-6.36736956068e-05,-0.000869221072101,0.00662401623807,-5.75773449607e-06
e0_diagonal,gamma_1,1982,62.3922433869,62.3931750974,-4.90255224221e-05,-0.000931710518181,0.00659053242265,-6.14046837859e-06
e0_diagonal,gamma_1,1984,62.3921986587,62.3931903533,-3.37696449719e-05,-0.000991694566174,0.00655721786495,-6.50275732589e-06
e0_diagonal,gamma_1,1986,62.3921568603,62.3932060271,-1.80958621741e-05,-0.00104916677786,0.00652407170938,-6.84483929387e-06
e0_diagonal,gamma_1,1988,62.3921188358,62.3932219131,-2.20987924138e-06,-0.00110307724343,0.0064910931047,-7.16017708877e-06
e0_diagonal,gamma_1,1990,62.3920865314,62.3932377967,1.36737492369e-05,-0.00115126528786,0.00645828120394,-7.43519496933e-06
e0_diagonal,gamma_1,1992,62.3920630591,62.3932534635,2.93405006246e-05,-0.00119040433069,0.00642563516444,-7.6491039272e-06
e0_diagonal,gamma_1,1994,62.3920523533,62.3932687072,4.45842778873e-05,-0.00121635396228,0.00639315414777,-7.77633837909e-06
e0_diagonal,gamma_1,1996,62.392058834,62.393283338,5.92150773429e-05,-0.00122450405588,0.00636083731977,-7.78887109687e-06
e0_diagonal,gamma_1,1998,62.3920870359,62.39329719,7.30670370501e-05,-0.001210154091,0.00632868385047,-7.65868265228e-06
e0_diagonal,gamma_1,2000,62.3921409418,62.3933101275,8.60045543192e-05,-0.00116918572789,0.00629669291411,-7.36200348808e-06
e0_diagonal,gamma_2,0,62.3932241229,62.3932241229,0,0,1,0
e0_diagonal,gamma_2,2,62.3917592366,62.3932232281,-8.94895229919e-07,-0.00146399145775,0.989915729261,-0.00144922817153
e0_diagonal,gamma_2,4,62.3903822994,62.393220571,-3.55196807789e-06,-0.00283827157129,0.979933151038,-0.00278131640436
e0_diagonal,gamma_2,6,62.3891709686,62.3932162269,-7.89601014617e-06,-0.00404525832509,0.970051239837,-0.00392410785371
e0_diagonal,gamma_2,8,62.3881878417,62.3932103337,-1.3789293817e-05,-0.00502249191004,0.960268980503,-0.00482294318604
e0_diagonal,gamma_2,10,62.3874750655,62.3932030953,-2.10276713375e-05,-0.00572802981319,0.950585368121,-0.00544498132858
e0_diagonal,gamma_2,12,62.3870524033,62.3931947687,-2.93542806702e-05,-0.0061423653608,0.940999407908,-0.00577996216767
e0_diagonal,gamma_2,14,62.3869196273,62.3931856459,-3.84770854538e-05,-0.00626601853465,0.931510115114,-0.00583685964651
e0_diagonal,gamma_2,16,62.3870586065,62.3931760404,-4.80825165141e-05,-0.00611743391384,0.922116514917,-0.00564098684086
e0_diagonal,gamma_2,18,62.3874370145,62.3931662751,-5.78478290691e-05,-0.00572926057336,0.912817642327,-0.00522977012885
e0_diagonal,gamma_2,20,62.3880130352,62.3931566721,-6.74508313452e-05,-0.00514363688525,0.903612542086,-0.00464785480145
e0_diagonal,gamma_2,22,62.3887384158,62.3931475472,-7.65757992056e-05,-0.00440913133934,0.894500268569,-0.0039439691672
e0_diagonal,gamma_2,24,62.3895619874,62.3931392026,-8.49203522932e-05,-0.00357721519504,0.885479885684,-0.00316755210198
e0_diagonal,gamma_2,26,62.3904334202,62.393131921,-9.22019548071e-05,-0.00269850075637,0.876550466783,-0.00236537209761
e0_diagonal,gamma_2,28,62.3913055507,62.3931259597,-9.81632880368e-05,-0.0018204089824,0.867711094559,-0.00157958907067
e0_diagonal,gamma_2,30,62.3921367947,62.3931215441,-0.000102578885361,-0.000984749372179,0.858960860958,-0.000845861168555
e0_diagonal,gamma_2,32,62.392893295,62.3931188624,-0.000105260592072,-0.000225567386273,0.850298867082,-0.000191799692999
e0_diagonal,gamma_2,34,62.3935497044,62.3931180612,-0.000106061731927,0.000431643202646,0.841724223097,0.000363324539402
e0_diagonal,gamma_2,36,62.3940896501,62.3931192412,-0.000104881761551,0.00097040895556,0.833236048144,0.000808579723214
e0_diagonal,gamma_2,38,62.3945059553,62.3931224543,-0.00010166868006,0.0013835010415,0.824833470245,0.00114115796514
e0_diagonal,gamma_2,40,62.3947999797,62.3931277039,-9.64190200108e-05,0.00167227575764,0.816515626216,0.00136543928746
e0_diagonal,gamma_2,42,62.3949802956,62.3931349443,-8.91786287411e-05,0.00184535127752,0.808281661578,0.00149156359679
e0_diagonal,gamma_2,44,62.3950610755,62.3931440801,-8.00428760357e-05,0.00191699544791,0.800130730469,0.00153384696805
e0_diagonal,gamma_2,46,62.3950605008,62.3931549696,-6.91533567903e-05,0.00190553118441,0.792061995557,0.00150929883252
e0_diagonal,gamma_2,48,62.3949990401,62.3931674309,-5.66920856713e-05,0.00183160920071,0.784074627951,0.0014361183026
e0_diagonal,gamma_2,50,62.3948975261,62.3931812467,-4.28762049083e-05,0.00171627935936,0.776167807123,0.00133212078676
e0_diagonal,gamma_2,52,62.3947754758,62.3931961687,-2.7954256808e-05,0.0015793070868,0.768340720817,0.00121344594546
e0_diagonal,gamma_2,54,62.3946497611,62.3932119223,-1.22006517387e-05,0.00143783881094,0.760592564968,0.00109360950923
e0_diagonal,gamma_2,56,62.3945334298,62.3932282162,4.0932215768e-06,0.00130521360748,0.752922543621,0.000982724749313
e0_diagonal,gamma_2,58,62.3944350423,62.3932447506,2.0627655374e-05,0.00119029171892,0.745329868846,0.000887159970751
e0_diagonal,gamma_2,60,62.3943583609,62.3932612247,3.71017040592e-05,0.00109713628125,0.737813760658,0.00080948224562
e0_diagonal,gamma_2,62,62.3943024599,62.393277344,5.32210646753e-05,0.00102511590992,0.730373446941,0.000748717440641
e0_diagonal,gamma_2,64,62.3942622524,62.3932928297,6.87067964975e-05,0.000969422673393,0.723008163361,0.00070090050661
e0_diagonal,gamma_2,66,62.3942293723,62.3933074257,8.33027583553e-05,0.000921946596293,0.715717153295,0.000659852993389
e0_diagonal,gamma_2,68,62.394193335,62.3933209043,9.67813169837e-05,0.000872430700312,0.708499667748,0.000618116861305
e0_diagonal,gamma_2,70,62.394142983,62.3933330702,0.000108947297022,0.000809912704483,0.70135496528,0.000568036296733
e0_diagonal,gamma_2,72,62.3940677996,62.393343764,0.000119641094983,0.000724035592242,0.694282311926,0.000502685104899
e0_diagonal,gamma_2,74,62.3939591528,62.3933528637,0.000128740743349,0.000606289144017,0.687280981123,0.000416690997744
e0_diagonal,gamma_2,76,62.3938112445,62.3933602848,0.000136161879666,0.000450959679071,0.680350253636,0.000306810532036
e0_diagonal,gamma_2,78,62.393621614,62.3933659796,0.000141856622548,0.000255634428981,0.673489417481,0.000172167082663
e0_diagonal,gamma_2,80,62.3933914572,62.3933699348,0.00014581180357,2.15224260742e-05,0.666697767855,1.43489534225e-05
e0_diagonal,gamma_2,82,62.3931255152,62.3933721689,0.000148045937301,-0.000246653712701,0.659974607062,-0.00016278518712
e0_diagonal,gamma_2,84,62.3928316922,62.3933727288,0.000148605881321,-0.000541036662064,0.653319244444,-0.000353469663276
e0_diagonal,gamma_2,86,62.3925205876,62.3933716866,0.000147563638862,-0.000851098987155,0.646730996304,-0.000550432095916
e0_diagonal,gamma_2,88,62.3922050452,62.3933691367,0.000145013750981,-0.00116409149729,0.640209185842,-0.000745262069723
e0_diagonal,gamma_2,90,62.3918992525,62.3933651936,0.000141070665279,-0.00146594106591,0.633753143082,-0.000929044758093
e0_diagonal,gamma_2,92,62.3916179344,62.3933599873,0.00013586432965,-0.00174205292697,0.627362204805,-0.00109289816515
e0_diagonal,gamma_2,94,62.391375553,62.3933536597,0.00012953677151,-0.00197810670744,0.62103571448,-0.00122847491237
e0_diagonal,gamma_2,96,62.3911853424,62.3933463643,0.000122241343931,-0.00216102186268,0.614773022197,-0.00132853794156
e0_diagonal,gamma_2,98,62.3910584882,62.3933382635,0.000114140573274,-0.00227977536424,0.608573484598,-0.00138741083751
e0_diagonal,gamma_2,100,62.3910035068,62.3933295248,0.000105401864907,-0.00232601796508,0.602436464814,-0.00140127803998
e0_diagonal,gamma_2,102,62.3910256578,62.3933203166,9.61936563755e-05,-0.00229465885462,0.5963613324,-0.00136844581194
e0_diagonal,gamma_2,104,62.3911266464,62.3933108066,8.66836994859e-05,-0.00218416027412,0.590347463266,-0.00128941347719
e0_diagonal,gamma_2,106,62.3913045874,62.3933011628,7.70398400221e-05,-0.00199657535736,0.584394239616,-0.0011667871378
e0_diagonal,gamma_2,108,62.391554183,62.3932915527,6.74297209642e-05,-0.00173736968033,0.578501049885,-0.00100507018411
e0_diagonal,gamma_2,110,62.3918673378,62.3932821404,5.80174515505e-05,-0.0014148025745,0.572667288675,-0.000810211154351
e0_diagonal,gamma_2,112,62.3922336009,62.3932730837,4.89607271348e-05,-0.00103948274116,0.566892356693,-0.000589274820875
e0_diagonal,gamma_2,114,62.3926407202,62.3932645318,4.04088103636e-05,-0.000623811566157,0.561175660688,-0.000350067867783
e0_diagonal,gamma_2,116,62.393075245,62.3932566216,3.24986367275e-05,-0.000181376595457,0.555516613393,-0.000100757712057
e0_diagonal,gamma_2,118,62.3935230311,62.3932494735,2.53505071441e-05,0.000273557683443,0.549914633464,0.000150433373222
e0_diagonal,gamma_2,120,62.3939698542,62.3932431872,1.9064204885e-05,0.000726667045491,0.544369145417,0.000395575118556
e0_diagonal,gamma_2,122,62.3944019811,62.3932378379,1.37149433712e-05,0.00116414318471,0.538879579572,0.000627332989938
e0_diagonal,gamma_2,124,62.3948065465,62.393233473,9.35002159963e-06,0.00157307350158,0.533445371996,0.000839148779228
e0_diagonal,gamma_2,126,62.3951720228,62.3932301091,5.98610540692e-06,0.00194191372776,0.52806596444,0.00102545854551
e0_diagonal,gamma_2,128,62.3954885258,62.3932277299,3.60691957724e-06,0.00226079597923,0.522740804287,0.00118181030851
e0_diagonal,gamma_2,130,62.3957479142,62.3932262848,2.16184193391e-06,0.00252162940715,0.51746934449,0.00130486591636
e0_diagonal,gamma_2,132,62.3959439469,62.3932256876,1.56465742407e-06,0.00271825927616,0.512251043521,0.00139243115078
e0_diagonal,gamma_2,134,62.3960723444,62.393225817,1.69404680861e-06,0.00284652736396,0.507085365311,0.00144343236822
e0_diagonal,gamma_2,136,62.3961306287,62.3932265194,2.396429295e-06,0.00290410931026,0.5019717792,0.00145778091746
e0_diagonal,gamma_2,138,62.3961180509,62.3932276117,3.48877579626e-06,0.00289043915588,0.496909759875,0.00143628742688
e0_diagonal,gamma_2,140,62.3960355711,62.3932288845,4.76159456753e-06,0.0028066865878,0.491898787323,0.00138060572894
e0_diagonal,gamma_2,142,62.3958857466,62.393230107,5.98403701701e-06,0.00265563958916,0.486938346776,0.00129313275118
e0_diagonal,gamma_2,144,62.3956725501,62.3932310337,6.91075045012e-06,0.00244151642872,0.482027928653,0.00117687910691
e0_diagonal,gamma_2,146,62.3954013023,62.3932314137,7.2907966171e-06,0.00216988858246,0.477167028517,0.00103539928711
e0_diagonal,gamma_2,148,62.3950786828,62.3932310013,6.87831174417e-06,0.00184768158788,0.472355147014,0.000872761908079
e0_diagonal,gamma_2,150,62.3947128037,62.3932295658,5.44289918025e-06,0.00148323783118,0.467591789826,0.00069354983222
e0_diagonal,gamma_2,152,62.3943130757,62.3932269033,2.78036145573e-06,0.00108617243859,0.462876467622,0.000502763661603
e0_diagonal,gamma_2,154,62.3938899731,62.3932228467,-1.27625099822e-06,0.000667126352333,0.458208696004,0.000305683095972
e0_diagonal,gamma_2,156,62.3934548812,62.3932172762,-6.84676001583e-06,0.000237604969044,0.453587995458,0.00010777476162
e0_diagonal,gamma_2,158,62.3930197578,62.3932101277,-1.39952848173e-05,-0.000190369817922,0.449013891308,-8.54786927327e-05
e0_diagonal,gamma_2,160,62.3925967996,62.3932013993,-2.2723697704e-05,-0.00060459966712,0.444485913662,-0.00026873603544
e0_diagonal,gamma_2,162,62.3921980279,62.3931911552,-3.29677576048e-05,-0.000993127256606,0.440003597369,-0.000436979565552
e0_diagonal,gamma_2,164,62.3918347475,62.393179527,-4.459598496e-05,-0.00134477943239,0.435566481967,-0.000585740846386
e0_diagonal,gamma_2,166,62.3915171619,62.3931667116,-5.74113304026e-05,-0.0016495497151,0.431174111638,-0.00071124313301
e0_diagonal,gamma_2,168,62.3912539618,62.393152968,-7.11549393202e-05,-0.00189900624917,0.426826035161,-0.000810545308078
e0_diagonal,gamma_2,170,62.3910519113,62.3931386103,-8.55126933388e-05,-0.00208669893443,0.422521805863,-0.000881675802071
e0_diagonal,gamma_2,172,62.3909157533,62.3931239969,-0.000100126083126,-0.00220824358748,0.41826098158,-0.000923622130465
e0_diagonal,gamma_2,174,62.3908480439,62.3931095175,-0.000114605491653,-0.00226147351077,0.414043124602,-0.000936347558604
e0_diagonal,gamma_2,176,62.3908489302,62.3930955789,-0.000128544070584,-0.00224664872562,0.409867801636,-0.00092082897422
e0_diagonal,gamma_2,178,62.3909163581,62.393082591,-0.000141531952053,-0.0021662329161,0.405734583757,-0.000878915610533
e0_diagonal,gamma_2,180,62.3910462421,62.3930709531,-0.000153169802715,-0.00202471105771,0.401643046366,-0.000813211117229
e0_diagonal,gamma_2,182,62.3912326708,62.3930610406,-0.000163082366328,-0.00182836979548,0.397592769146,-0.000726946610006
e0_diagonal,gamma_2,184,62.391468285,62.3930531913,-0.000170931614306,-0.00158490628868,0.393583336018,-0.000623792704376
e0_diagonal,gamma_2,186,62.3917446376,62.3930476955,-0.000176427418928,-0.001303057885,0.389614335099,-0.000507690031461
e0_diagonal,gamma_2,188,62.3920526157,62.3930447864,-0.000179336580686,-0.000992170679368,0.38568535866,-0.000382665704324
e0_diagonal,gamma_2,190,62.3923828153,62.3930446316,-0.000179491372478,-0.00066181631815,0.381796003083,-0.000252678825045
e0_diagonal,gamma_2,192,62.3927258188,62.3930473273,-0.000176795695907,-0.000321508464637,0.377945868821,-0.000121512796001
e0_diagonal,gamma_2,194,62.3930724532,62.3930528953,-0.000171227626346,1.95579037907e-05,0.374134560355,7.3172877362e-06
e0_diagonal,gamma_2,196,62.3934140056,62.393061283,-0.000162839904419,0.000352722553657,0.370361686156,0.000130634919718
e0_diagonal,gamma_2,198,62.3937423631,62.3930723644,-0.000151758568173,0.000669998713441,0.366626858641,0.000245639523602
e0_diagonal,gamma_2,200,62.3940501172,62.3930859435,-0.000138179460933,0.00096417373183,0.362929694138,0.000349927277589
e0_diagonal,gamma_2,202,62.394330573,62.3931017601,-0.000122362836819,0.00122881286833,0.359269812843,0.000441475369226
e0_diagonal,gamma_2,204,62.3945777744,62.3931194976,-0.000104625332014,0.00145827677748,0.355646838782,0.000518631525981
e0_diagonal,gamma_2,206,62.3947865196,62.3931387934,-8.53295406671e-05,0.00164772614809,0.352060399772,0.000580099126413
e0_diagonal,gamma_2,208,62.3949523118,62.39315925,-6.48729041401e-05,0.00179306174274,0.348510127384,0.00062490017637
e0_diagonal,gamma_2,210,62.3950713887,62.3931804469,-4.36760933837e-05,0.00189094188039,0.344995656904,0.000652366736193
e0_diagonal,gamma_2,212,62.3951408457,62.3932019524,-2.21705514747e-05,0.00193889327075,0.341516627296,0.000662164290513
e0_diagonal,gamma_2,214,62.3951586672,62.3932233367,-7.8620899302e-07,0.00193533045976,0.338072681165,0.000654282357471
e0_diagonal,gamma_2,216,62.3951237566,62.3932441828,2.00598928259e-05,0.00187957370861,0.334663464718,0.000629024649518
e0_diagonal,gamma_2,218,62.39503613,62.3932640979,3.9974983558e-05,0.00177203209436,0.331288627734,0.00058705408084
e0_diagonal,gamma_2,220,62.3948970189,62.3932827247,5.86017276518e-05,0.00161429421951,0.327947823519,0.000529404275809
e0_diagonal,gamma_2,222,62.3947089573,62.3932997501,7.56271706024e-05,0.00140920714604,0.324640708878,0.000457486006846
e0_diagonal,gamma_2,224,62.3944759167,62.393314912,9.07890183584e-05,0.00116100471654,0.321366944077,0.000373108537812
e0_diagonal,gamma_2,226,62.3942033273,62.3933280034,0.000103880462937,0.000875323907266,0.318126192806,0.000278463462091
e0_diagonal,gamma_2,228,62.3938979899,62.3933388768,0.000114753801242,0.000559113109794,0.314918122149,0.000176074850605
e0_diagonal,gamma_2,230,62.3935679543,62.393347445,0.000123322033595,0.000220509364546,0.311742402544,6.8742119087e-05
e0_diagonal,gamma_2,232,62.3932223554,62.3933536818,0.00012955886956,-0.000131326397224,0.308598707756,-4.05271564775e-05
e0_diagonal,gamma_2,234,62.3928711337,62.3933576203,0.000133497379451,-0.000486486657721,0.305486714837,-0.000148615210879
e0_diagonal,gamma_2,236,62.3925247227,62.39335935,0.000135227072661,-0.000834627352987,0.302406104098,-0.00025239640619
e0_diagonal,gamma_2,238,62.3921936856,62.3933590123,0.000134889387752,-0.00116532673543,0.299356559071,-0.000348848201712
e0_diagonal,gamma_2,240,62.3918882727,62.3933567945,0.000132671517022,-0.00146852180801,0.296337766482,-0.000435178472616
e0_diagonal,gamma_2,242,62.3916179911,62.3933529223,0.000128799315775,-0.00173493117158,0.293349416214,-0.000508941046354
e0_diagonal,gamma_2,244,62.3913912476,62.3933476529,0.000123529977131,-0.00195640531658,0.29039120128,-0.000568122890071
e0_diagonal,gamma_2,246,62.391214977,62.3933412668,0.000117143811451,-0.00212628974364,0.287462817786,-0.000611229241137
e0_diagonal,gamma_2,248,62.3910943036,62.3933340578,0.00010993484851,-0.00223975419702,0.284563964904,-0.000637353334714
e0_diagonal,gamma_2,250,62.3910323744,62.3933263241,0.000102201177754,-0.00229394971103,0.281694344839,-0.000646192660943
e0_diagonal,gamma_2,252,62.3910302591,62.3933183583,9.42353482003e-05,-0.0022880992299,0.2788536628,-0.000638044851108
e0_diagonal,gamma_2,254,62.3910868782,62.393310438,8.63150197858e-05,-0.00222355977532,0.276041626968,-0.000613795058038
e0_diagonal,gamma_2,256,62.3911990764,62.3933028173,7.86943424984e-05,-0.00210374089446,0.273257948466,-0.000574863920925
e0_diagonal,gamma_2,258,62.391361801,62.3932957191,7.15961209181e-05,-0.00193391809339,0.270502341332,-0.000523129372205
e0_diagonal,gamma_2,260,62.3915683937,62.3932893281,6.52051247982e-05,-0.00172093440426,0.267774522487,-0.000460822388332
e0_diagonal,gamma_2,262,62.391810954,62.393283786,5.96630608598e-05,-0.00147283196926,0.265074211705,-0.000390409773225
e0_diagonal,gamma_2,264,62.392080734,62.3932791882,5.50652245863e-05,-0.00119845422314,0.262401131588,-0.000314475744309
e0_diagonal,gamma_2,266,62.3923685981,62.3932755818,5.14588877536e-05,-0.000906983781817,0.259755007535,-0.00023559357908
e0_diagonal,gamma_2,268,62.3926654854,62.393272966,4.88430612364e-05,-0.000607480577159,0.257135567713,-0.000156204863082
e0_diagonal,gamma_2,270,62.3929628442,62.3932712925,4.71695435635e-05,-0.000308448291982,0.254542543031,-7.85132126347e-05
e0_diagonal,gamma_2,272,62.3932530377,62.3932704686,4.63456708104e-05,-1.74309455545e-05,0.251975667113,-4.39217413451e-06
e0_diagonal,gamma_2,274,62.393529603,62.3932703611,4.62381870037e-05,0.000259241843224,0.249434676266,6.46639052393e-05
e0_diagonal,gamma_2,276,62.3937873079,62.3932708012,4.66782307313e-05,0.000516506764328,0.246919309459,0.000127535493579
e0_diagonal,gamma_2,278,62.3940221467,62.3932715911,4.74681387175e-05,0.000750555569795,0.244429308291,0.000183457778759
e0_diagonal,gamma_2,280,62.3942312161,62.3932725125,4.83895438208e-05,0.000958703585326,0.24196441697,0.00023197215407
e0_diagonal,gamma_2,282,62.3944124349,62.3932733353,4.92123312839e-05,0.001139099619,0.23952438228,0.000272842132596
e0_diagonal,gamma_2,284,62.3945643071,62.3932738276,4.97046366874e-05,0.0012904794817,0.237108953561,0.000305984239496
e0_diagonal,gamma_2,286,62.3946856417,62.3932737663,4.96433376327e-05,0.00141187536286,0.234717882678,0.000331392395776
e0_diagonal,gamma_2,288,62.3947752871,62.3932729468,4.88238099692e-05,0.00150234034876,0.232350924002,0.000349070168201
e0_diagonal,gamma_2,290,62.3948320855,62.3932711913,4.70683735045e-05,0.00156089416297,0.230007834378,0.000359017886118
e0_diagonal,gamma_2,292,62.3948548783,62.3932683566,4.42336179276e-05,0.00158652171149,0.227688373104,0.000361232547382
e0_diagonal,gamma_2,294,62.3948424545,62.3932643391,4.02161093689e-05,0.00157811546688,0.225392301905,0.000355695077753
e0_diagonal,gamma_2,296,62.3947936609,62.393259079,3.49560969823e-05,0.00153458182112,0.22311938491,0.000342394952023
e0_diagonal,gamma_2,298,62.3947075963,62.3932525627,2.84397238062e-05,0.00145503361616,0.220869388626,0.000321372385231
e0_diagonal,gamma_2,300,62.3945837396,62.393244822,2.06990172416e-05,0.00133891764042,0.218642081913,0.000292743740412
e0_diagonal,gamma_2,302,62.3944221462,62.3932359328,1.18098056134e-05,0.00118621341502,0.216437235964,0.00025674075281
e0_diagonal,gamma_2,304,62.3942237371,62.3932260113,1.88836612125e-06,0.000997725757209,0.214254624278,0.000213767357244
e0_diagonal,gamma_2,306,62.3939906106,62.3932152104,-8.91253869639e-06,0.00077540021114,0.21209402264,0.000164457749936
e0_diagonal,gamma_2,308,62.3937263304,62.3932037147,-2.0408216443e-05,0.00052261562972,0.209955209093,0.000109725873813
e0_diagonal,gamma_2,310,62.3934362608,62.393191735,-3.23879494033e-05,0.000244525799893,0.207837963922,5.08217443761e-05
e0_diagonal,gamma_2,312,62.3931277757,62.3931795013,-4.46216897814e-05,-5.17255215371e-05,0.205742069624,-1.06421158534e-05
e0_diagonal,gamma_2,314,62.3928101984,62.3931672565,-5.68664749778e-05,-0.000357058044678,0.203667310891,-7.27210517916e-05
e0_diagonal,gamma_2,316,62.3924945156,62.3931552503,-6.88726366889e-05,-0.000660734711232,0.201613474588,-0.000133213020912
e0_diagonal,gamma_2,318,62.3921928394,62.3931437324,-8.03905728759e-05,-0.000950892931058,0.199580349725,-0.000189779543732
e0_diagonal,gamma_2,320,62.3919177774,62.3931329447,-9.11782227746e-05,-0.00121516735714,0.197567727444,-0.000240077853214
e0_diagonal,gamma_2,322,62.391681707,62.3931231155,-0.000101007447242,-0.00144140849224,0.195575400991,-0.000281904043862
e0_diagonal,gamma_2,324,62.3914957625,62.3931144543,-0.000109668605731,-0.00161869187615,0.193603165698,-0.000313383871513
e0_diagonal,gamma_2,326,62.391369108,62.3931071471,-0.000116975818045,-0.0017380391311,0.191650818959,-0.000333096622858
e0_diagonal,gamma_2,328,62.39130849,62.3931013501,-0.000122772887813,-0.00179286005859,0.189718160213,-0.000340138111836
e0_diagonal,gamma_2,330,62.3913176942,62.3930971854,-0.00012693750012,-0.00177949127778,0.187804990922,-0.000334197343268
e0_diagonal,gamma_2,332,62.3913972941,62.3930947397,-0.000129383286122,-0.00169744552279,0.185911114547,-0.000315573989025
e0_diagonal,gamma_2,334,62.3915448018,62.3930940631,-0.000130059880902,-0.00154926128604,0.184036336534,-0.000285120371418
e0_diagonal,gamma_2,336,62.3917549529,62.3930951713,-0.00012895163055,-0.00134021840777,0.182180464291,-0.000244161611779
e0_diagonal,gamma_2,338,62.3920201654,62.3930980472,-0.000126075780173,-0.00107788176933,0.180343307166,-0.000194388763015
e0_diagonal,gamma_2,340,62.3923310607,62.3931026431,-0.000121479859999,-0.000771582368074,0.17852467643,-0.0001377464926
e0_diagonal,gamma_2,342,62.3926769441,62.3931088846,-0.000115238322515,-0.000431940565257,0.176724385259,-7.63344308636e-05
e0_diagonal,gamma_2,344,62.3930462405,62.3931166743,-0.000107448674655,-7.04337297037e-05,0.174942248712,-1.23218350596e-05
e0_diagonal,gamma_2,346,62.3934269579,62.3931258958,-9.82271347638e-05,0.00030106210405,0.173178083712,5.21373582579e-05
e0_diagonal,gamma_2,348,62.3938069956,62.3931364189,-8.77040275782e-05,0.00067057671356,0.17143170903,0.000114958112041
e0_diagonal,gamma_2,350,62.3941744435,62.3931481029,-7.60200780121e-05,0.00102634060295,0.169702945263,0.000174173023163
e0_diagonal,gamma_2,352,62.3945181476,62.3931607988,-6.33241392478e-05,0.00135734882475,0.167991614818,0.00022802322094
e0_diagonal,gamma_2,354,62.3948279834,62.3931743508,-4.97721743642e-05,0.00165363262811,0.166297541892,0.000274995041247
e0_diagonal,gamma_2,356,62.3950951193,62.3931885964,-3.55265487073e-05,0.00190652291609,0.164620552456,0.000313852855717
e0_diagonal,gamma_2,358,62.3953123765,62.393203369,-2.07539120964e-05,0.00210900747796,0.162960474236,0.000343684858775
e0_diagonal,gamma_2,360,62.3954745591,62.3932185008,-5.62216695243e-06,0.00225605836374,0.161317136694,0.000363940875454
e0_diagonal,gamma_2,362,62.3955787669,62.393233824,9.70109461207e-06,0.00234494285724,0.159690371013,0.000374464794877
e0_diagonal,gamma_2,364,62.3956244516,62.393249171,2.50480541268e-05,0.0023752806399,0.158080010077,0.000375484387491
e0_diagonal,gamma_2,366,62.3956131354,62.393264373,4.02500794294e-05,0.00234876240031,0.156485888457,0.000367548170987
e0_diagonal,gamma_2,368,62.3955480962,62.3932792615,5.51385345204e-05,0.00226883471691,0.154907842391,0.000351460290738
e0_diagonal,gamma_2,370,62.3954340049,62.3932936679,6.95449013506e-05,0.00214033704224,0.153345709769,0.000328211502887
e0_diagonal,gamma_2,372,62.3952763661,62.3933074235,8.33005139569e-05,0.00196894259916,0.151799330115,0.000298884167586
e0_diagonal,gamma_2,374,62.3950809544,62.3933203595,9.62365065931e-05,0.0017605949008,0.150268544572,0.000264562033324
e0_diagonal,gamma_2,376,62.3948537226,62.3933323076,0.000108184698064,0.00152141498226,0.148753195885,0.000226315340879
e0_diagonal,gamma_2,378,62.394600492,62.3933431032,0.000118980279254,0.00125738876299,0.147253128384,0.000185154428946
e0_diagonal,gamma_2,380,62.3943268534,62.3933525871,0.000128464139138,0.00097426629786,0.14576818797,0.00014201703284
e0_diagonal,gamma_2,382,62.3940384539,62.3933606089,0.000136485983845,0.000677844963249,0.144298222098,9.78118230547e-05
e0_diagonal,gamma_2,384,62.3937408952,62.3933670316,0.000142908672679,0.000373863558245,0.142843079759,5.34038220693e-05
e0_diagonal,gamma_2,386,62.3934396954,62.3933717347,0.000147611790055,6.79606434772e-05,0.141402611469,9.60981246482e-06
e0_diagonal,gamma_2,388,62.3931402882,62.3933746192,0.000150496213635,-0.000234330931441,0.139976669252,-3.28008632859e-05
e0_diagonal,gamma_2,390,62.3928480955,62.3933756119,0.000151488903356,-0.000527516388388,0.138565106622,-7.30953646019e-05
e0_diagonal,gamma_2,392,62.3925684489,62.3933746679,0.000150544995378,-0.000806219031631,0.137167778572,-0.000110587273611
e0_diagonal,gamma_2,394,62.3923065165,62.3933717718,0.000147648854181,-0.00106525526061,0.135784541556,-0.000144645197203
e0_diagonal,gamma_2,396,62.3920673364,62.3933669387,0.00014281571778,-0.00129960227533,0.134415253477,-0.000174686369258
e0_diagonal,gamma_2,398,62.3918555927,62.3933602157,0.000136092786306,-0.00150462306062,0.133059773669,-0.000200204803904
e0_diagonal,gamma_2,400,62.39167564,62.3933516828,0.000127559898687,-0.00167604288248,0.131717962887,-0.000220764954192
e0_diagonal,gamma_2,402,62.3915312543,62.3933414517,0.000117328775147,-0.00181019740259,0.130389683288,-0.000236031066013
e0_diagonal,gamma_2,404,62.3914253879,62.3933296637,0.000105540797307,-0.00190427583444,0.12907479842,-0.000245794019467
e0_diagonal,gamma_2,406,62.3913602476,62.3933164884,9.23654086762e-05,-0.00195624080293,0.127773173207,-0.000249955094948
e0_diagonal,gamma_2,408,62.3913371609,62.393302121,7.79980019772e-05,-0.00196496006763,0.126484673936,-0.000248537333451
e0_diagonal,gamma_2,410,62.3913564438,62.3932867787,6.265578957e-05,-0.00193033494877,0.125209168239,-0.000241695633359
e0_diagonal,gamma_2,412,62.3914175566,62.3932706957,4.6572757995e-05,-0.0018531390654,0.123946525088,-0.000229690147661
e0_diagonal,gamma_2,414,62.3915192347,62.3932541184,2.99954060665e-05,-0.00173488367847,0.122696614772,-0.000212864354371
e0_diagonal,gamma_2,416,62.3916594275,62.3932373011,1.31781883539e-05,-0.00157787367768,0.121459308889,-0.000191647446406
e0_diagonal,gamma_2,418,62.3918352045,62.3932205004,-3.62254110087e-06,-0.0013852958917,0.120234480335,-0.000166560331649
e0_diagonal,gamma_2,420,62.3920426451,62.3932039686,-2.0154369814e-05,-0.00116132348675,0.119022003283,-0.000138223047852
e0_diagonal,gamma_2,422,62.3922765669,62.3931879488,-3.61741908605e-05,-0.000911381878922,0.117821753178,-0.000107380610789
e0_diagonal,gamma_2,424,62.3925303973,62.3931726692,-5.1453743481e-05,-0.000642271941587,0.11663360672,-7.49104930423e-05
e0_diagonal,gamma_2,426,62.3927963103,62.3931583384,-6.57845505287e-05,-0.000362028076694,0.115457441852,-4.17988356138e-05
e0_diagonal,gamma_2,428,62.3930653627,62.3931451408,-7.89821438474e-05,-7.97780586197e-05,0.11429313775,-9.11808464325e-06
e0_diagonal,gamma_2,430,62.3933278753,62.3931332325,-9.08904927286e-05,0.000194642795137,0.113140574805,2.20219977235e-05
e0_diagonal,gamma_2,432,62.3935741091,62.3931227377,-0.000101385266333,0.000451371383747,0.111999634617,5.05534300564e-05
e0_diagonal,gamma_2,434,62.3937948831,62.3931137473,-0.000110375638485,0.000681135765454,0.110870199979,7.55176585289e-05
e0_diagonal,gamma_2,436,62.3939821534,62.393106317,-0.00011780591911,0.000875836335389,0.109752154866,9.61249251186e-05
e0_diagonal,gamma_2,438,62.3941295698,62.3931004675,-0.000123655406277,0.0010291022086,0.108645384422,0.000111807205062
e0_diagonal,gamma_2,440,62.394232869,62.3930961866,-0.000127936301467,0.00113668239491,0.107549774951,0.000122249935763
e0_diagonal,gamma_2,442,62.3942900564,62.3930934297,-0.000130693279964,0.00119662669486,0.106465213902,0.000127399117029
e0_diagonal,gamma_2,444,62.394301362,62.3930921187,-0.000132004250261,0.00120924329863,0.105391589861,0.000127444073771
e0_diagonal,gamma_2,446,62.3942688899,62.3930921445,-0.000131978422985,0.00117674537469,0.104328792535,0.000122768424063
e0_diagonal,gamma_2,448,62.3941961026,62.393093371,-0.000130751997631,0.00110273163914,0.103276712745,0.000113886498731
e0_diagonal,gamma_2,450,62.3940874339,62.3930956399,-0.000128483076736,0.000991793996874,0.102235242413,0.000101396299694
e0_diagonal,gamma_2,452,62.3939478248,62.3930987773,-0.000125345639219,0.000849047531801,0.101204274549,8.59272395138e-05
e0_diagonal,gamma_2,454,62.3937824169,62.3931026004,-0.000121522506376,0.000679816464839,0.100183703245,6.81065309743e-05
e0_diagonal,gamma_2,456,62.3935963479,62.3931069254,-0.000117197573523,0.000489422522328,0.0991734236576,4.85377071544e-05
e0_diagonal,gamma_2,458,62.3933944803,62.3931115755,-0.000112547476192,0.000282904830648,0.0981733320033,2.77737098646e-05
e0_diagonal,gamma_2,460,62.3931813955,62.3931163897,-0.000107733275399,6.5005863874e-05,0.097183325544,6.31748603114e-06
e0_diagonal,gamma_2,462,62.392961587,62.3931212301,-0.000102892854514,-0.000159643098485,0.0962033025779,-1.5358193308e-05
e0_diagonal,gamma_2,464,62.3927395743,62.3931259886,-9.81343897735e-05,-0.000386414275923,0.0952331624287,-3.67994535037e-05
e0_diagonal,gamma_2,466,62.3925201378,62.3931305916,-9.35313720518e-05,-0.000610453778322,0.0942728054354,-5.7549190271e-05
e0_diagonal,gamma_2,468,62.3923084483,62.3931350035,-8.91194164154e-05,-0.000826555257923,0.0933221329421,-7.71358996639e-05
e0_diagonal,gamma_2,470,62.3921101098,62.393139228,-8.48949665624e-05,-0.00102911822925,0.0923810472875,-9.50710198006e-05
e0_diagonal,gamma_2,472,62.391931127,62.3931433073,-8.08156623791e-05,-0.00121218032918,0.0914494517955,-0.00011085322658
e0_diagonal,gamma_2,474,62.3917777146,62.3931473212,-7.68017730479e-05,-0.00136960660402,0.0905272507647,-0.000123986720491
e0_diagonal,gamma_2,476,62.3916559323,62.3931513829,-7.27400827074e-05,-0.00149545055384,0.0896143494587,-0.00013401382853
e0_diagonal,gamma_2,478,62.3915713109,62.3931556339,-6.84890862033e-05,-0.00158432291722,0.0887106540966,-0.000140546322287
e0_diagonal,gamma_2,480,62.3915285658,62.3931602386,-6.38843167309e-05,-0.00163167280986,0.0878160718433,-0.000143287096696
e0_diagonal,gamma_2,482,62.3915312327,62.393165377,-5.8745970037e-05,-0.00163414429284,0.0869305107995,-0.000142056998096
e0_diagonal,gamma_2,484,62.3915813684,62.3931712342,-5.28887082183e-05,-0.00158986579198,0.0860538799931,-0.000136814120068
e0_diagonal,gamma_2,486,62.3916794862,62.3931779919,-4.61310359938e-05,-0.00149850569235,0.0851860893691,-0.000127651839828
e0_diagonal,gamma_2,488,62.3918245024,62.3931858183,-3.83046190962e-05,-0.00136131591113,0.0843270497807,-0.000114795754605
e0_diagonal,gamma_2,490,62.392013799,62.3931948578,-2.92651432972e-05,-0.00118105885455,0.0834766729801,-9.85908637714e-05
e0_diagonal,gamma_2,492,62.3922435456,62.3932052194,-1.89035839782e-05,-0.000961673732526,0.0826348716094,-7.94677854174e-05
e0_diagonal,gamma_2,494,62.3925085489,62.3932169686,-7.1543307314e-06,-0.000708419724752,0.0818015591916,-5.79498380468e-05
e0_diagonal,gamma_2,496,62.3928023273,62.3932301236,6.00061603961e-06,-0.000427796254129,0.0809766501218,-3.46415075941e-05
e0_diagonal,gamma_2,498,62.3931173974,62.3932446519,2.05289549484e-05,-0.000127254552858,0.0801600596584,-1.02007325489e-05
e0_diagonal,gamma_2,500,62.3934452167,62.3932604693,3.63463141184e-05,0.000184747441295,0.0793517039143,1.46600242606e-05
e0_diagonal,gamma_2,502,62.3937766519,62.3932774403,5.33173926272e-05,0.000499211529558,0.0785514998484,3.92138143884e-05
e0_diagonal,gamma_2,504,62.3941023512,62.3932953816,7.12586114346e-05,0.000806969672972,0.077759365257,6.2749449552e-05
e0_diagonal,gamma_2,506,62.3944129231,62.3933140637,8.99407824022e-05,0.00109885935301,0.0769752187652,8.458493909e-05
e0_diagonal,gamma_2,508,62.394699269,62.3933332167,0.000109093707337,0.00136605235666,0.076198979819,0.000104091795957
e0_diagonal,gamma_2,510,62.3949528305,62.3933525372,0.000128414202379,0.00160029334525,0.0754305686765,0.000120711037081
e0_diagonal,gamma_2,512,62.3951658438,62.3933716989,0.00014757594483,0.00179414494442,0.0746699063999,0.000133968635068
e0_diagonal,gamma_2,514,62.3953316558,62.3933903604,0.000166237480471,0.00194129539285,0.0739169148477,0.000143494566248
e0_diagonal,gamma_2,516,62.3954448739,62.3934081726,0.000184049671212,0.00203670127092,0.0731715166662,0.000149028520989
e0_diagonal,gamma_2,518,62.395501551,62.3934247886,0.000200665610137,0.00207676246987,0.0724336352817,0.000150427455309
e0_diagonal,gamma_2,520,62.3954995322,62.3934398742,0.00021575123035,0.00205965806617,0.0717031948929,0.000147684063731
e0_diagonal,gamma_2,522,62.39543876,62.3934531178,0.000228994801233,0.00198564229724,0.0709801204628,0.000140941129454
e0_diagonal,gamma_2,524,62.3953215542,62.3934642383,0.000240115377466,0.00185731583868,0.0702643377109,0.000130503067325
e0_diagonal,gamma_2,526,62.3951528752,62.3934729923,0.00024886934392,0.00167988286775,0.0695557731061,0.000116845551594
e0_diagonal,gamma_2,528,62.3949401364,62.3934791779,0.000255054913424,0.0014609585788,0.0688543538586,0.000100593358958
e0_diagonal,gamma_2,530,62.3946927543,62.3934826385,0.000258515579972,0.00121011578453,0.0681600079128,8.2481501449e-05
e0_diagonal,gamma_2,532,62.3944215336,62.3934832659,0.000259142970023,0.000938267719874,0.0674726639394,6.33074225483e-05
e0_diagonal,gamma_2,534,62.3941378809,62.3934810014,0.000256878456241,0.00065687946352,0.0667922513287,4.38744582201e-05
e0_diagonal,gamma_2,536,62.3938529722,62.3934758361,0.000251713158782,0.000377136137381,0.066118700183,2.49357511957e-05
e0_diagonal,gamma_2,538,62.3935769088,62.3934678098,0.000243686846872,0.00010909898019,0.0654519413095,7.14074004829e-06
e0_diagonal,gamma_2,540,62.3933183883,62.3934570104,0.000232887480145,-0.000138622081913,0.0647919062129,-8.98158893033e-06
e0_diagonal,gamma_2,542,62.3930843748,62.3934435722,0.000219449243879,-0.000359197373719,0.0641385270889,-2.30383904845e-05
e0_diagonal,gamma_2,544,62.3928801285,62.3934276715,0.000203548588907,-0.000547543003208,0.063491736817,-3.47644562556e-05
e0_diagonal,gamma_2,546,62.3927091866,62.3934095229,0.000185399944058,-0.000700336287288,0.0628514689532,-4.40171644173e-05
e0_diagonal,gamma_2,548,62.3925733811,62.3933893745,0.000165251550378,-0.000815993374836,0.0622176577239,-5.07691965005e-05
e0_diagonal,gamma_2,550,62.3924731671,62.3933675048,0.000143381891249,-0.000894337748178,0.0615902380187,-5.50824747794e-05
e0_diagonal,gamma_2,552,62.3924077858,62.3933442163,0.000120093308055,-0.000936430417369,0.0609691453836,-5.70933622582e-05
e0_diagonal,gamma_2,554,62.3923753595,62.3933198249,9.57019263694e-05,-0.000944465343053,0.0603543160148,-5.70025597797e-05
e0_diagonal,gamma_2,556,62.3923730409,62.3932946528,7.05298777888e-05,-0.000921611956365,0.0597456867519,-5.50623392517e-05
e0_diagonal,gamma_2,558,62.3923972914,62.393269023,4.49000115452e-05,-0.000871731514621,0.0591431950711,-5.15569870189e-05
e0_diagonal,gamma_2,560,62.39244404,62.3932432521,1.91291737366e-05,-0.000799212155499,0.0585467790797,-4.67912975058e-05
e0_diagonal,gamma_2,562,62.3925089327,62.3932176443,-6.4786184879e-06,-0.000708711614102,0.0579563775085,-4.10743578516e-05
e0_diagonal,gamma_2,564,62.3925877131,62.3931924849,-3.16380555105e-05,-0.000604771840479,0.0573719297067,-3.46969275205e-05
e0_diagonal,gamma_2,566,62.3926764848,62.3931680352,-5.60877639089e-05,-0.000491550428229,0.0567933756347,-2.79168081138e-05
e0_diagonal,gamma_2,568,62.3927717382,62.3931445289,-7.95940815976e-05,-0.000372790640583,0.0562206558586,-2.09585343115e-05
e0_diagonal,gamma_2,570,62.3928705808,62.3931221705,-0.00010195245342,-0.000251589730695,0.0556537115438,-1.40019022995e-05
e0_diagonal,gamma_2,572,62.3929708436,62.3931011349,-0.000122988060106,-0.000130291298866,0.0550924844489,-7.17807135662e-06
e0_diagonal,gamma_2,574,62.3930709395,62.393081566,-0.000142556958295,-1.0626499062e-05,0.05453691692,-5.79536496497e-07
e0_diagonal,gamma_2,576,62.3931699895,62.3930635766,-0.000160546303171,0.000106412852134,0.0539869518845,5.74490552803e-06
e0_diagonal,gamma_2,578,62.3932676919,62.3930472492,-0.000176873759159,0.000220442726828,0.0534425328454,1.1781017669e-05
e0_diagonal,gamma_2,580,62.3933638968,62.3930326359,-0.000191487027685,0.000331260917228,0.0529036038752,1.75248963444e-05
e0_diagonal,gamma_2,582,62.3934585524,62.3930197604,-0.000204362569406,0.000438792002434,0.0523701096106,2.29795852637e-05
e0_diagonal,gamma_2,584,62.393551403,62.3930086191,-0.000215503892683,0.000542783916124,0.0518419952466,2.81390011997e-05
e0_diagonal,gamma_2,586,62.3936415358,62.3929991844,-0.000224938540256,0.000642351420126,0.0513192065309,3.29649651949e-05
e0_diagonal,gamma_2,588,62.3937271896,62.3929914101,-0.000232712801562,0.000735779444014,0.0508016897581,3.73788390452e-05
e0_diagonal,gamma_2,590,62.393805624,62.3929852366,-0.000238886345095,0.000820387366367,0.0502893917646,4.1256781666e-05
e0_diagonal,gamma_2,592,62.3938731799,62.3929805953,-0.000243527666171,0.000892584655162,0.0497822599227,4.44348813063e-05
e0_diagonal,gamma_2,594,62.3939254387,62.3929774137,-0.000246709246497,0.000948025001158,0.0492802421357,4.67189016077e-05
e0_diagonal,gamma_2,596,62.3939575839,62.3929756204,-0.000248502573655,0.000981963504969,0.0487832868319,4.79034073214e-05
e0_diagonal,gamma_2,598,62.3939649244,62.3929751486,-0.000248974305038,0.000989775752977,0.0482913429599,4.77976003404e-05
e0_diagonal,gamma_2,600,62.393943279,62.3929759389,-0.000248184010104,0.000967340046969,0.0478043599832,4.62430718314e-05
e0_diagonal,gamma_2,602,62.3938894964,62.3929779416,-0.000246181310303,0.000911554799288,0.0473222878746,4.31368586253e-05
e0_diagonal,gamma_2,604,62.3938019047,62.3929811194,-0.000243003599216,0.000820785366095,0.0468450771116,3.84497537668e-05
e0_diagonal,gamma_2,606,62.3936804659,62.3929854458,-0.000238677171303,0.000695020078609,0.0463726786713,3.22299427754e-05
e0_diagonal,gamma_2,608,62.3935267497,62.3929909045,-0.000233218433102,0.000535845167789,0.0459050440246,2.45979960178e-05
e0_diagonal,gamma_2,610,62.3933438573,62.3929974893,-0.000226633620535,0.000346367946626,0.0454421251324,1.57396955724e-05
e0_diagonal,gamma_2,612,62.3931362299,62.3930052031,-0.000218919807523,0.000131026730678,0.0449838744396,5.89409000104e-06
e0_diagonal,gamma_2,614,62.3929094172,62.3930140546,-0.000210068329146,-0.00010463740626,0.0445302448708,-4.65952932339e-06
e0_diagonal,gamma_2,616,62.3926698995,62.3930240541,-0.000200068879892,-0.00035415456226,0.0440811898255,-1.56115544865e-05
e0_diagonal,gamma_2,618,62.3924247371,62.3930352099,-0.000188913057229,-0.000610472769054,0.0436366631728,-2.66389945994e-05
e0_diagonal,gamma_2,620,62.392181445,62.3930475256,-0.000176597373894,-0.000866080574966,0.0431966192472,-3.74117528342e-05
e0_diagonal,gamma_2,622,62.3919479138,62.3930609967,-0.000163126287035,-0.00111308284096,0.0427610128437,-4.75965496583e-05
e0_diagonal,gamma_2,624,62.3917322264,62.3930756072,-0.000148515769638,-0.00134338081671,0.0423297992131,-5.68650402382e-05
e0_diagonal,gamma_2,626,62.3915424454,62.3930913272,-0.000132795759484,-0.00154888182189,0.0419029340575,-6.49026928455e-05
e0_diagonal,gamma_2,628,62.3913862878,62.3931081114,-0.000116011588801,-0.00172182355013,0.0414803735257,-7.14218840049e-05
e0_diagonal,gamma_2,630,62.3912707515,62.3931258979,-9.82250564903e-05,-0.00185514640329,0.0410620742087,-7.61761592797e-05
e0_diagonal,gamma_2,632,62.3912016318,62.3931446086,-7.95143690624e-05,-0.00194297677366,0.0406479931353,-7.89781065578e-05
e0_diagonal,gamma_2,634,62.3911831059,62.3931641501,-5.9972880166e-05,-0.00198104420939,0.0402380877675,-7.97134307689e-05
e0_diagonal,gamma_2,636,62.3912174689,62.3931844155,-3.97074380203e-05,-0.0019669465763,0.0398323159964,-7.83480375751e-05
e0_diagonal,gamma_2,638,62.3913049091,62.3932052864,-1.88365796276e-05,-0.00190037728599,0.0394306361377,-7.49330852883e-05
e0_diagonal,gamma_2,640,62.3914434423,62.3932266348,2.51185586819e-06,-0.00178319246478,0.0390330069275,-6.96033638307e-05
e0_diagonal,gamma_2,642,62.391629038,62.3932483264,2.42034768476e-05,-0.00161928843468,0.0386393875179,-6.25683133306e-05
e0_diagonal,gamma_2,644,62.3918558795,62.3932702234,4.61004091648e-05,-0.00141434381207,0.0382497374729,-5.40982795083e-05
e0_diagonal,gamma_2,646,62.3921166822,62.3932921864,6.8063474302e-05,-0.00117550424048,0.0378640167646,-4.45093122683e-05
e0_diagonal,gamma_2,648,62.3924031,62.3933140765,8.99535059986e-05,-0.000910976417266,0.0374821857682,-3.41453873025e-05
e0_diagonal,gamma_2,650,62.3927062393,62.3933357549,0.000111631941714,-0.000629515610221,0.0371042052591,-2.33576764154e-05
e0_diagonal,gamma_2,652,62.3930170726,62.3933570828,0.000132959808454,-0.000340010142772,0.0367300364077,-1.2488584923e-05
e0_diagonal,gamma_2,654,62.3933268096,62.3933779191,0.000153796150485,-5.11095149136e-05,0.0363596407763,-1.85832360251e-06
e0_diagonal,gamma_2,656,62.3936272702,62.3933981205,0.000173997581925,0.000229149706101,0.0359929803147,8.24778086081e-06
e0_diagonal,gamma_2,658,62.3939110319,62.3934175428,0.000193419867067,0.000493489098936,0.0356300173565,1.75830251603e-05
e0_diagonal,gamma_2,660,62.3941716077,62.3934360429,0.000211919984579,0.000735564717914,0.035270714615,2.59438932464e-05
e0_diagonal,gamma_2,662,62.3944036745,62.3934534805,0.000229357570895,0.000950193972052,0.0349150351797,3.31760559617e-05
e0_diagonal,gamma_2,664,62.3946031177,62.3934697186,0.00024559562678,0.0011333991054,0.0345629425121,3.91736081231e-05
e0_diagonal,gamma_2,666,62.3947669784,62.393484623,0.000260500090313,0.00128235535733,0.0342144004422,4.3875019705e-05
e0_diagonal,gamma_2,668,62.3948933366,62.3934980617,0.000273938771869,0.00139527492117,0.033869373165,4.72570869729e-05
e0_diagonal,gamma_2,670,62.3949811287,62.3935099035,0.000285780515703,0.00147122527344,0.0335278252362,4.93269838511e-05
e0_diagonal,gamma_2,672,62.3950299985,62.3935200179,0.000295894927362,0.00150998065556,0.0331897215693,5.01158375331e-05
e0_diagonal,gamma_2,674,62.3950402181,62.3935282753,0.000304152314413,0.00151194288276,0.0328550274312,4.96749248874e-05
e0_diagonal,gamma_2,676,62.3950126537,62.393534547,0.00031042407624,0.00147810670075,0.0325237084394,4.80735113776e-05
e0_diagonal,gamma_2,678,62.3949487455,62.3935387067,0.000314583703414,0.00141003881788,0.0321957305581,4.53972298569e-05
e0_diagonal,gamma_2,680,62.3948505019,62.3935406309,0.000316507920161,0.00130987103877,0.0318710600945,4.17469785927e-05
e0_diagonal,gamma_2,682,62.3947205037,62.3935402018,0.000316078830046,0.00118030187753,0.0315496636958,3.72381272956e-05
e0_diagonal,gamma_2,684,62.3945618636,62.3935373106,0.000313187628386,0.00102455299052,0.0312315083453,3.19983352737e-05
e0_diagonal,gamma_2,686,62.3943781642,62.393531862,0.000307739099583,0.000846302124543,0.0309165613596,2.61647515622e-05
e0_diagonal,gamma_2,688,62.3941734085,62.3935237805,0.000299657516692,0.000649628030487,0.0306047903845,1.9881729701e-05
e0_diagonal,gamma_2,690,62.3939520387,62.3935130161,0.000288893146553,0.000439022577858,0.0302961633923,1.33006997517e-05
e0_diagonal,gamma_2,692,62.3937189136,62.3934995507,0.000275427779144,0.000219362905696,0.0299906486783,6.57883583779e-06
e0_diagonal,gamma_2,694,62.3934792357,62.3934834027,0.000259279732482,-4.16697277217e-06,0.0296882148574,-1.23709982965e-07
e0_diagonal,gamma_2,696,62.3932385251,62.3934646315,0.000240508517933,-0.000226106332306,0.029388830861,-6.64500075675e-06
e0_diagonal,gamma_2,698,62.3930025424,62.3934433416,0.000219218614504,-0.000440799145622,0.0290924659339,-1.28239341277e-05
e0_diagonal,gamma_2,700,62.3927770837,62.3934196845,0.000195561600307,-0.00064260085631,0.028799089631,-1.85063196578e-05
e0_diagonal,gamma_2,702,62.3925678866,62.393393859,0.000169736041244,-0.000825972417182,0.0285086718141,-2.35473765689e-05
e0_diagonal,gamma_2,704,62.3923804427,62.3933661085,0.000141985522831,-0.000985665750392,0.0282211826491,-2.78166531728e-05
e0_diagonal,gamma_2,706,62.3922196984,62.3933367184,0.000112595460486,-0.00111701998448,0.0279365926027,-3.12057322356e-05
e0_diagonal,gamma_2,708,62.3920898804,62.3933060116,8.18886791478e-05,-0.0012161312533,0.0276548724394,-3.36319546795e-05
e0_diagonal,gamma_2,710,62.3919942866,62.3932743427,5.02197102108e-05,-0.00128005609356,0.0273759932184,-3.50428069364e-05
e0_diagonal,gamma_2,712,62.3919351725,62.3932420912,1.79682443928e-05,-0.00130691865186,0.027099926291,-3.54173991339e-05
e0_diagonal,gamma_2,714,62.3919138321,62.3932096546,-1.44683517931e-05,-0.00129582249134,0.0268266432973,-3.47625677519e-05
e0_diagonal,gamma_2,716,62.3919306017,62.3931774395,-4.66834787431e-05,-0.00124683780042,0.0265561161633,-3.31111694648e-05
e0_diagonal,gamma_2,718,62.3919848484,62.3931458526,-7.82703204294e-05,-0.0011610042626,0.0262883170981,-3.05208482075e-05
e0_diagonal,gamma_2,720,62.3920750585,62.3931152921,-0.00010883088823,-0.00104023359605,0.0260232185912,-2.7070226256e-05
e0_diagonal,gamma_2,722,62.3921989155,62.3930861384,-0.000137984564574,-0.000887222916433,0.0257607934094,-2.28555662583e-05
e0_diagonal,gamma_2,724,62.3923533393,62.3930587462,-0.000165376793973,-0.000705406864185,0.0255010145942,-1.79885907385e-05
e0_diagonal,gamma_2,726,62.3925345505,62.3930334352,-0.00019068776075,-0.00049888468682,0.0252438554589,-1.25937729248e-05
e0_diagonal,gamma_2,728,62.3927380714,62.3930104837,-0.000213639286017,-0.000272412219559,0.024989289586,-6.80738784132e-06
e0_diagonal,gamma_2,730,62.3929588097,62.3929901232,-0.000233999772547,-3.13135059002e-05,0.0247372908242,-7.74611302181e-07
e0_diagonal,gamma_2,732,62.3931911658,62.3929725353,-0.000251587621577,0.000218630501024,0.0244878332862,5.35378726036e-06
e0_diagonal,gamma_2,734,62.3934291399,62.3929578497,-0.000266273246822,0.00047129016162,0.0242408913455,1.14244936001e-05
e0_diagonal,gamma_2,736,62.3936665316,62.3929461428,-0.000277980169756,0.000720388843234,0.0239964396342,1.72867673899e-05
e0_diagonal,gamma_2,738,62.3938970837,62.392937438,-0.000286684940022,0.000959645642268,0.0237544530402,2.27958573445e-05
e0_diagonal,gamma_2,740,62.3941146036,62.3929317073,-0.000292415615505,0.00118289630229,0.0235149067045,2.78156961894e-05
e0_diagonal,gamma_2,742,62.3943131372,62.3929288738,-0.000295249159421,0.00138426345519,0.0232777760189,3.22225746611e-05
e0_diagonal,gamma_2,744,62.3944871214,62.3929288156,-0.000295307299851,0.00155830572271,0.0230430366233,3.59080958387e-05
e0_diagonal,gamma_2,746,62.3946314503,62.3929313722,-0.000292750706265,0.00170007810343,0.0228106644033,3.87799110767e-05
e0_diagonal,gamma_2,748,62.394741612,62.3929363511,-0.000287771831772,0.00180526092905,0.0225806354877,4.07639389992e-05
e0_diagonal,gamma_2,750,62.3948138739,62.3929435365,-0.000280586417603,0.00187033732666,0.022352926246,4.18075123181e-05
e0_diagonal,gamma_2,752,62.3948454613,62.3929526979,-0.000271425067297,0.00189276338142,0.0221275132859,4.18821468695e-05
e0_diagonal,gamma_2,754,62.3948346975,62.3929635974,-0.000260525550658,0.0018711001288,0.0219043734512,4.09852759857e-05
e0_diagonal,gamma_2,756,62.3947811748,62.3929759973,-0.000248125617404,0.00180517749455,0.0216834838189,3.91425369934e-05
e0_diagonal,gamma_2,758,62.3946858493,62.3929896658,-0.000234457175722,0.00169618351723,0.0214648216975,3.64082767635e-05
e0_diagonal,gamma_2,760,62.3945509373,62.3930043808,-0.000219742151955,0.00154655655095,0.0212483646242,3.28617975064e-05
e0_diagonal,gamma_2,762,62.3943800253,62.3930199344,-0.0002041885447,0.0013600909224,0.0210340903625,2.86082753631e-05
e0_diagonal,gamma_2,764,62.3941779793,62.3930361364,-0.000187986573415,0.00114184295703,0.0208219769006,2.37754276754e-05
e0_diagonal,gamma_2,766,62.3939505885,62.3930528168,-0.000171306124244,0.000897771705489,0.0206120024482,1.85048725914e-05
e0_diagonal,gamma_2,768,62.3937044449,62.3930698283,-0.000154294619009,0.000634616604763,0.020404145435,1.29488094991e-05
e0_diagonal,gamma_2,770,62.3934466241,62.3930870477,-0.000137075227187,0.000359576383246,0.0201983845082,7.26286204889e-06
e0_diagonal,gamma_2,772,62.3931842433,62.3931043765,-0.00011974640033,7.98667564581e-05,0.0199946985304,1.59691171798e-06
e0_diagonal,gamma_2,774,62.3929244611,62.3931217403,-0.000102382645061,-0.000197279205246,0.019793066577,-3.90476044369e-06
e0_diagonal,gamma_2,776,62.3926743179,62.3931390866,-8.50363509102e-05,-0.000464768716213,0.0195934679349,-9.10643093827e-06
e0_diagonal,gamma_2,778,62.3924405705,62.3931563824,-6.77405561831e-05,-0.000715811912841,0.0193958820995,-1.38838034669e-05
e0_diagonal,gamma_2,780,62.3922298273,62.3931736106,-5.05123501497e-05,-0.000943783303015,0.0192002887732,-1.81209119572e-05
e0_diagonal,gamma_2,782,62.3920483134,62.3931907664,-3.33565872737e-05,-0.0011424529333,0.019006667863,-2.17142234523e-05
e0_diagonal,gamma_2,784,62.3919015727,62.3932078535,-1.62694051653e-05,-0.00130628079889,0.0188149994784,-2.45776725496e-05
e0_diagonal,gamma_2,786,62.3917943826,62.3932248813,7.58310093829e-07,-0.00143049866774,0.0186252639297,-2.66434152378e-05
e0_diagonal,gamma_2,788,62.3917303375,62.393241859,1.77360216611e-05,-0.00151152147767,0.0184374417256,-2.78685891616e-05
e0_diagonal,gamma_2,790,62.3917115142,62.3932587912,3.46682186176e-05,-0.00154727699733,0.0182515135715,-2.82401471156e-05
e0_diagonal,gamma_2,792,62.3917384298,62.3932756732,5.15502171226e-05,-0.00153724339376,0.0180674603673,-2.77740840917e-05
e0_diagonal,gamma_2,794,62.391809846,62.393292487,6.83640272712e-05,-0.00148264100496,0.0178852632054,-2.65174246128e-05
e0_diagonal,gamma_2,796,62.3919226671,62.3933091974,8.5074407167e-05,-0.00138653027101,0.0177049033689,-2.45483844663e-05
e0_diagonal,gamma_2,798,62.3920721266,62.3933257493,0.000101626393125,-0.0012536227562,0.01752636233,-2.19714466502e-05
e0_diagonal,gamma_2,800,62.3922519668,62.393342068,0.000117945092029,-0.00109010127872,0.0173496217472,-1.89128448519e-05
e0_diagonal,gamma_2,802,62.3924547684,62.3933580577,0.000133934735985,-0.000903289268045,0.0171746634642,-1.55136891895e-05
e0_diagonal,gamma_2,804,62.3926723917,62.3933735992,0.000149476239145,-0.00070120745211,0.017001469508,-1.19215571158e-05
e0_diagonal,gamma_2,806,62.3928963954,62.3933885505,0.000164427534301,-0.000492155090214,0.0168300220865,-8.2829810383e-06
e0_diagonal,gamma_2,808,62.393118597,62.3934027503,0.000178627336496,-0.000284153305039,0.0166603035873,-4.73408032727e-06
e0_diagonal,gamma_2,810,62.3933315248,62.3934160226,0.000191899699132,-8.44978364256e-05,0.0164922965753,-1.3935633783e-06
e0_diagonal,gamma_2,812,62.3935287751,62.3934281812,0.000204058258582,0.000100593850284,0.0163259837915,1.64229356927e-06
e0_diagonal,gamma_2,814,62.393705347,62.3934390335,0.000214910563983,0.000266313515638,0.0161613481509,4.30398544351e-06
e0_diagonal,gamma_2,816,62.3938576727,62.3934483857,0.000224262783163,0.000409286932808,0.0159983727406,6.54792490892e-06
e0_diagonal,gamma_2,818,62.3939833928,62.3934560488,0.000231925820543,0.000527344065361,0.0158370408185,8.35156948852e-06
e0_diagonal,gamma_2,820,62.3940811122,62.3934618459,0.000237723000069,0.00061926622115,0.0156773358112,9.7084445055e-06
e0_diagonal,gamma_2,822,62.3941501252,62.3934656208,0.000241497801696,0.000684504469668,0.0155192413124,1.06229900442e-05
e0_diagonal,gamma_2,824,62.39419011,62.3934672426,0.00024311966763,0.000722867360857,0.0153627410813,1.1105224101e-05
e0_diagonal,gamma_2,826,62.394200958,62.3934666109,0.000242487936809,0.000734347145801,0.015207819041,1.11678185066e-05
e0_diagonal,gamma_2,828,62.394182667,62.3934636581,0.000239535163139,0.000719008899104,0.0150544592764,1.08242901909e-05
e0_diagonal,gamma_2,830,62.3941352611,62.3934583527,0.00023422971428,0.000676908405367,0.0149026460332,1.00877263621e-05
e0_diagonal,gamma_2,832,62.3940589924,62.3934507006,0.000226577648604,0.000608291851698,0.0147523637159,8.97374264167e-06
e0_diagonal,gamma_2,834,62.393954657,62.3934407473,0.000216624319279,0.000513909755057,0.0146035968862,7.50493089871e-06
e0_diagonal,gamma_2,836,62.3938239063,62.3934285791,0.000204456114503,0.000395327238095,0.0144563302614,5.71498111523e-06
e0_diagonal,gamma_2,838,62.3936697044,62.3934143252,0.000190202233682,0.000255379200937,0.0143105487131,3.65461649532e-06
e0_diagonal,gamma_2,840,62.3934965106,62.3933981575,0.000174034569696,9.83530329677e-05,0.0141662372655,1.3932924008e-06
e0_diagonal,gamma_2,842,62.3933102254,62.3933802867,0.000156163771578,-7.00613558138e-05,0.0140233810935,-9.82497092507e-07
e0_diagonal,gamma_2,844,62.3931179767,62.3933609561,0.000136833159537,-0.000242979430084,0.0138819655219,-3.37303207096e-06
e0_diagonal,gamma_2,846,62.3929275181,62.3933404346,0.000116311637179,-0.000412916461094,0.0137419760232,-5.67428810795e-06
e0_diagonal,gamma_2,848,62.3927464135,62.3933190081,9.4885118358e-05,-0.000572594595276,0.0136033982165,-7.78923229615e-06
e0_diagonal,gamma_2,850,62.3925814576,62.3932969703,7.28473757192e-05,-0.000715512739902,0.0134662178659,-9.63525044135e-06
e0_diagonal,gamma_2,852,62.3924382244,62.3932746141,5.0491117193e-05,-0.000836389678717,0.0133304208791,-1.11494264363e-05
e0_diagonal,gamma_2,854,62.3923206921,62.3932522229,2.80999239308e-05,-0.000931530784037,0.0131959933059,-1.22924739904e-05
e0_diagonal,gamma_2,856,62.3922310874,62.3932300639,5.94094574069e-06,-0.000998976446205,0.0130629213367,-1.3049550734e-05
e0_diagonal,gamma_2,858,62.3921699869,62.3932083812,-1.57417676832e-05,-0.00103839424448,0.0129311913013,-1.34276746216e-05
e0_diagonal,gamma_2,860,62.3921364804,62.3931873916,-3.67313539087e-05,-0.00105091124484,0.0128007896673,-1.34524938041e-05
e0_diagonal,gamma_2,862,62.3921285108,62.3931672836,-5.68393734568e-05,-0.00103877282195,0.0126717030386,-1.31630207243e-05
e0_diagonal,gamma_2,864,62.3921433578,62.3931482172,-7.59057675026e-05,-0.00100485935185,0.0125439181544,-1.26048734663e-05
e0_diagonal,gamma_2,866,62.392177705,62.3931303262,-9.37967725676e-05,-0.000952621173973,0.0124174218876,-1.18290990163e-05
e0_diagonal,gamma_2,868,62.3922278314,62.393113721,-0.000110401958196,-0.000885889611503,0.0122922012434,-1.08895333841e-05
e0_diagonal,gamma_2,870,62.3922902157,62.3930984892,-0.000125633726832,-0.000808273567834,0.0121682433581,-9.83526947333e-06
e0_diagonal,gamma_2,872,62.3923617357,62.393084696,-0.000139426976915,-0.000722960266899,0.0120455354977,-8.70844355832e-06
e0_diagonal,gamma_2,874,62.3924393672,62.3930723874,-0.000151735550077,-0.000633020183095,0.0119240650565,-7.5481738453e-06
e0_diagonal,gamma_2,876,62.3925206484,62.3930615958,-0.000162527177118,-0.000540947347751,0.0118038195562,-6.38524488224e-06
e0_diagonal,gamma_2,878,62.3926040784,62.3930523436,-0.000171779330188,-0.000448265207474,0.011684786644,-5.23788330926e-06
e0_diagonal,gamma_2,880,62.3926891929,62.3930446465,-0.000179476473235,-0.00035545355319,0.011566954092,-4.11151493158e-06
e0_diagonal,gamma_2,882,62.3927766145,62.3930385148,-0.000185608192353,-0.00026190025541,0.0114503097953,-2.9988390599e-06
e0_diagonal,gamma_2,884,62.3928677902,62.393033956,-0.000190166941756,-0.000166165758891,0.0113348417712,-1.88346258483e-06
e0_diagonal,gamma_2,886,62.3929644535,62.3930309764,-0.000193146527039,-6.65229325989e-05,0.011220538158,-7.4642310361e-07
e0_diagonal,gamma_2,888,62.3930681796,62.3930295805,-0.0001945424046,3.85990493754e-05,0.0111073872134,4.28734587482e-07
e0_diagonal,gamma_2,890,62.3931799163,62.393029772,-0.00019435091837,0.000150144283701,0.0109953773135,1.65089305076e-06
e0_diagonal,gamma_2,892,62.3932995177,62.3930315547,-0.000192568249673,0.000267962985376,0.0108844969518,2.91664229753e-06
e0_diagonal,gamma_2,894,62.3934258774,62.3930349317,-0.000189191270991,0.000390945770647,0.0107747347377,4.21233697555e-06
e0_diagonal,gamma_2,896,62.393556927,62.3930399034,-0.0001842195827,0.000517023633556,0.0106660793955,5.51461512484e-06
e0_diagonal,gamma_2,898,62.3936896078,62.3930464634,-0.000177659592339,0.000643144480883,0.0105585197631,6.79065371194e-06
e0_diagonal,gamma_2,900,62.3938203722,62.3930545943,-0.000169528612687,0.000765777869191,0.0104520447912,8.00394458891e-06
e0_diagonal,gamma_2,902,62.3939454031,62.3930642652,-0.00015985770699,0.000881137824742,0.0103466435418,9.11681898377e-06
e0_diagonal,gamma_2,904,62.3940606392,62.3930754267,-0.000148696235215,0.000985212485304,0.0102423051871,1.00908469486e-05
e0_diagonal,gamma_2,906,62.3941621047,62.3930880063,-0.000136116642921,0.00107409840926,0.0101390190086,1.08903041886e-05
e0_diagonal,gamma_2,908,62.3942461564,62.3931019062,-0.000122216762989,0.00114425018194,0.0100367743958,1.14845809285e-05
e0_diagonal,gamma_2,910,62.3943095007,62.3931170023,-0.000107120636514,0.0011924984326,0.00993556084549,1.18481407353e-05
e0_diagonal,gamma_2,912,62.3943491576,62.3931331443,-9.09786245273e-05,0.00121601332242,0.00983536795998,1.19599384702e-05
e0_diagonal,gamma_2,914,62.3943626573,62.3931501569,-7.39660132467e-05,0.00121250041137,0.00973618544665,1.18051288592e-05
e0_diagonal,gamma_2,916,62.3943482691,62.393167844,-5.62789347143e-05,0.00118042512992,0.00963800311664,1.13769410812e-05
e0_diagonal,gamma_2,918,62.3943051438,62.3931859951,-3.81278634194e-05,0.0011191487022,0.00954081088382,1.06775861186e-05
e0_diagonal,gamma_2,920,62.3942335446,62.3932043906,-1.97323332429e-05,0.00102915400559,0.0094445987638,9.71994664898e-06
e0_diagonal,gamma_2,922,62.3941353382,62.3932228058,-1.31715070495e-06,0.000912532363586,0.00934935687284,8.53159072518e-06
e0_diagonal,gamma_2,924,62.3940141813,62.3932410159,1.68929684463e-05,0.000773165340028,0.0092550754269,7.15570353943e-06
e0_diagonal,gamma_2,926,62.3938752952,62.3932588019,3.46789765473e-05,0.00061649330825,0.00916174474058,5.64815432447e-06
e0_diagonal,gamma_2,928,62.3937253931,62.3932759558,5.18328977535e-05,0.000449437203059,0.00906935522618,4.0761056464e-06
e0_diagonal,gamma_2,930,62.3935723463,62.3932922867,6.81637969819e-05,0.000280059586963,0.00897789739265,2.51434623558e-06
e0_diagonal,gamma_2,932,62.3934246975,62.3933076252,8.35022577874e-05,0.000117072253396,0.00888736184467,1.0404634779e-06
e0_diagonal,gamma_2,934,62.3932908437,62.3933218263,9.77033677145e-05,-3.09826567531e-05,0.00879773928167,-2.72577336367e-07
e0_diagonal,gamma_2,936,62.3931783182,62.3933347729,0.000110649994738,-0.000156454704424,0.00870902049686,-1.36256722766e-06
e0_diagonal,gamma_2,938,62.3930931314,62.3933463791,0.000122256140216,-0.000253247709772,0.0086211963763,-2.18329823779e-06
e0_diagonal,gamma_2,940,62.3930392451,62.3933565916,0.000132468622176,-0.00031734643818,0.00853425789794,-2.70831634642e-06
e0_diagonal,gamma_2,942,62.3930182726,62.3933653897,0.000141266793008,-0.000347117141573,0.00844819613074,-2.93251369235e-06
e0_diagonal,gamma_2,944,62.3930295562,62.3933727831,0.000148660182774,-0.000343226884112,0.0083630022337,-2.8704071985e-06
e0_diagonal,gamma_2,946,62.3930707344,62.3933788074,0.000154684487008,-0.00030807308196,0.00827866745499,-2.55043459738e-06
e0_diagonal,gamma_2,948,62.3931380523,62.3933835189,0.000159395924783,-0.000245466581895,0.00819518313101,-2.01164359117e-06
e0_diagonal,gamma_2,950,62.3932265916,62.3933869874,0.000162864455419,-0.000160395755586,0.00811254068556,-1.30121709298e-06
e0_diagonal,gamma_2,952,62.3933308547,62.393389292,0.000165169020534,-5.84372429202e-05,0.0080307316289,-4.69293815025e-07
e0_diagonal,gamma_2,954,62.3934451052,62.3933905167,0.000166393771821,5.45885015839e-05,0.00794974755692,4.33964807103e-07
e0_diagonal,gamma_2,956,62.3935634833,62.3933907455,0.000166622571939,0.000172737798977,0.00786958015025,1.35937395402e-06
e0_diagonal,gamma_2,958,62.3936801395,62.3933900564,0.000165933490948,0.000290083073281,0.00779022117341,2.25981129952e-06
e0_diagonal,gamma_2,960,62.3937894148,62.3933885181,0.000164395141653,0.000400896686202,0.00771166247398,3.09157993093e-06
e0_diagonal,gamma_2,962,62.3938859972,62.393386187,0.000162064021808,0.000499810247192,0.00763389598174,3.81549943767e-06
e0_diagonal,gamma_2,964,62.3939650169,62.3933831044,0.0001589814349,0.000581912535409,0.00755691370787,4.39746281562e-06
e0_diagonal,gamma_2,966,62.3940222573,62.3933792932,0.000155170262346,0.000642964135906,0.00748070774409,4.80982679064e-06
e0_diagonal,gamma_2,968,62.3940542111,62.3933747571,0.000150634184081,0.000679454012143,0.00740527026188,5.03154059044e-06
e0_diagonal,gamma_2,970,62.3940582215,62.3933694825,0.000145359513255,0.000688739047078,0.00733059351166,5.04886598974e-06
e0_diagonal,gamma_2,972,62.3940326828,62.3933634388,0.000139315841849,0.000669244034356,0.00725666982201,4.85648298767e-06
e0_diagonal,gamma_2,974,62.3939771246,62.3933565799,0.000132456982485,0.000620544713399,0.00718349159886,4.45767773542e-06
e0_diagonal,gamma_2,976,62.3938923321,62.3933488478,0.000124724836553,0.000543484271965,0.00711105132472,3.86474455212e-06
e0_diagonal,gamma_2,978,62.3937803986,62.3933401775,0.000116054576473,0.000440221092099,0.00703934155792,3.09886662828e-06
e0_diagonal,gamma_2,980,62.3936448115,62.3933305029,0.000106379931289,0.000314308596565,0.00696835493183,2.19021385899e-06
e0_diagonal,gamma_2,982,62.3934904044,62.3933197607,9.56377419143e-05,0.000170643708046,0.00689808415409,1.17711465847e-06
e0_diagonal,gamma_2,984,62.393322924,62.3933078956,8.37726479546e-05,1.5028362867e-05,0.0068285220059,1.0262150655e-07
e0_diagonal,gamma_2,986,62.3931484835,62.3932948673,7.07443012686e-05,-0.00014638375022,0.00675966134124,-9.89504577348e-07
e0_diagonal,gamma_2,988,62.3929731401,62.3932806573,5.65343853225e-05,-0.000307517231889,0.00669149508617,-2.0577500461e-06
e0_diagonal,gamma_2,990,62.3928023816,62.3932652739,4.11509764291e-05,-0.000462892304171,0.00662401623807,-3.0662061393e-06
e0_diagonal,gamma_2,992,62.3926408221,62.3932487556,2.46326023401e-05,-0.000607933490599,0.00655721786495,-3.98635234525e-06
e0_diagonal,gamma_2,994,62.3924922281,62.3932311747,7.05178138105e-06,-0.00073894661675,0.0064910931047,-4.79657128872e-06
e0_diagonal,gamma_2,996,62.3923596406,62.3932126386,-1.14843778363e-05,-0.000852997947945,0.00642563516444,-5.48105360951e-06
e0_diagonal,gamma_2,998,62.392245497,62.3931932876,-3.08353450293e-05,-0.000947790621304,0.00636083731977,-6.02874195531e-06
e0_diagonal,gamma_2,1000,62.3921518898,62.3931732944,-5.082854139e-05,-0.00102140460332,0.00629669291411,-6.43147112817e-06
e0_diagonal,gamma_2,1002,62.3920805164,62.3931528619,-7.12610736926e-05,-0.00107234550698,0.006233195358,-6.68413903626e-06
e0_diagonal,gamma_2,1004,62.3920325352,62.3931322202,-9.19027607722e-05,-0.00109968496926,0.00617033812844,-6.78542809511e-06
e0_diagonal,gamma_2,1006,62.3920083965,62.3931116233,-0.000112499692634,-0.00110322676183,0.0061081147682,-6.73863567664e-06
e0_diagonal,gamma_2,1008,62.3920076567,62.393091346,-0.000132776963078,-0.00108368923928,0.00604651888517,-6.55254745097e-06
e0_diagonal,gamma_2,1010,62.3920289338,62.3930716806,-0.000152442336976,-0.00104274684139,0.0059855441517,-6.24140725816e-06
e0_diagonal,gamma_2,1012,62.3920700335,62.3930529297,-0.000171193259462,-0.000982896202032,0.00592518430396,-5.8238411487e-06
e0_diagonal,gamma_2,1014,62.3921281454,62.3930353988,-0.000188724191979,-0.000907253369085,0.00586543314126,-5.32143397855e-06
e0_diagonal,gamma_2,1016,62.3922000947,62.3930193897,-0.000204733201016,-0.000819295061135,0.00580628452546,-4.75706023525e-06
e0_diagonal,gamma_2,1018,62.3922826096,62.3930051927,-0.000218930262697,-0.000722583104938,0.00574773238031,-4.15321430972e-06
e0_diagonal,gamma_2,1020,62.3923725516,62.3929930783,-0.000231044689762,-0.000620526662608,0.00568977069085,-3.5306544178e-06
e0_diagonal,gamma_2,1022,62.3924669264,62.3929832912,-0.000240831787579,-0.000516364779592,0.00563239350276,-2.90836962963e-06
e0_diagonal,gamma_2,1024,62.3925629815,62.3929760428,-0.000248080172341,-0.000413061295532,0.00557559492177,-2.30306246175e-06
e0_diagonal,gamma_2,1026,62.3926583157,62.3929715055,-0.000252617450471,-0.00031318983163,0.00551936911305,-1.72861028322e-06
e0_diagonal,gamma_2,1028,62.3927507719,62.3929698082,-0.000254314796443,-0.000219036263509,0.0054637103006,-1.19675068914e-06
e0_diagonal,gamma_2,1030,62.3928384297,62.3929710314,-0.000253091594274,-0.000132601645277,0.00540861276669,-7.17190951527e-07
e0_diagonal,gamma_2,1032,62.392919728,62.3929752049,-0.000248918079052,-5.54768862884e-05,0.00535407085123,-2.97027179794e-07
e0_diagonal,gamma_2,1034,62.3929934662,62.3929823065,-0.000241816463465,1.11597585928e-05,0.00530007895121,5.91476016182e-08
e0_diagonal,gamma_2,1036,62.393058694,62.3929922618,-0.000231861155171,6.64321595423e-05,0.00524663152013,3.48545062205e-07
e0_diagonal,gamma_2,1038,62.3931149581,62.3930049457,-0.000219177242982,0.000110012428692,0.00519372306741,5.713740886e-07
e0_diagonal,gamma_2,1040,62.3931623152,62.3930201843,-0.000203938637206,0.000142130884235,0.00514134815785,7.30744359837e-07
e0_diagonal,gamma_2,1042,62.3932012488,62.3930377578,-0.00018636514379,0.000163491037071,0.00508950141106,8.3208786387e-07
e0_diagonal,gamma_2,1044,62.3932327251,62.3930574057,-0.000166717253379,0.000175319403219,0.00503817750091,8.83290272771e-07
e0_diagonal,gamma_2,1046,62.3932580278,62.3930788328,-0.000145290176825,0.000179194992874,0.00498737115496,8.93711938575e-07
e0_diagonal,gamma_2,1048,62.393278805,62.393101717,-0.000122405955352,0.000177088024387,0.00493707715395,8.74297239438e-07
e0_diagonal,gamma_2,1050,62.3932969284,62.3931257186,-9.84043654313e-05,0.000171209821971,0.00488729033127,8.36752107539e-07
e0_diagonal,gamma_2,1052,62.3933142123,62.3931504882,-7.36347424279e-05,0.000163724128051,0.00483800557239,7.92098243843e-07
e0_diagonal,gamma_2,1054,62.3933324141,62.3931756749,-4.84480422855e-05,0.000156739190764,0.00478921781436,7.50658124616e-07
e0_diagonal,gamma_2,1056,62.3933530984,62.3932009337,-2.31892704363e-05,0.000152164737727,0.00474092204529,7.21401159608e-07
e0_diagonal,gamma_2,1058,62.3933773785,62.3932259328,1.80988099885e-06,0.000151445677474,0.00469311330383,7.10751723763e-07
e0_diagonal,gamma_2,1060,62.39340581,62.3932503611,2.62381471856e-05,0.000155448896514,0.00464578667867,7.22182412639e-07
e0_diagonal,gamma_2,1062,62.3934382934,62.3932739333,4.98103951685e-05,0.000164360041254,0.004598937308,7.55881525666e-07
e0_diagonal,gamma_2,1064,62.39347391,62.3932963953,7.22723366806e-05,0.000177514734162,0.00455256037908,8.08146545448e-07
e0_diagonal,gamma_2,1066,62.3935109811,62.3933175284,9.34054389745e-05,0.000193452713049,0.00450665112766,8.7182388741e-07
e0_diagonal,gamma_2,1068,62.3935470569,62.3933371533,0.00011303031021,0.000209903685786,0.00446120483756,9.36423338449e-07
e0_diagonal,gamma_2,1070,62.3935791267,62.3933551316,0.000131008612655,0.00022399512757,0.00441621684015,9.89211054486e-07
e0_diagonal,gamma_2,1072,62.3936039923,62.3933713673,0.00014724435686,0.000232625028374,0.0043716825139,1.01696276884e-06
e0_diagonal,gamma_2,1074,62.3936186332,62.393385806,0.000161683028907,0.000232827270594,0.00432759728384,1.00758266383e-06
e0_diagonal,gamma_2,1076,62.3936205802,62.3933984325,0.000174309506903,0.000222147724472,0.00428395662118,9.51671215131e-07
e0_diagonal,gamma_2,1078,62.3936083286,62.3934092684,0.000185145487322,0.000199060207663,0.00424075604278,8.44165778524e-07
e0_diagonal,gamma_2,1080,62.3935815502,62.3934183685,0.00019424554614,0.000163181693075,0.0041979911107,6.8503529696e-07
e0_diagonal,gamma_2,1082,62.3935411325,62.3934258151,0.000201692135889,0.000115317394133,0.00415565743178,4.79219585944e-07
e0_diagonal,gamma_2,1084,62.3934892191,62.393431713,0.000207590004145,5.75061431576e-05,0.00411375065714,2.36565934204e-07
e0_diagonal,gamma_2,1086,62.3934291091,62.3934361829,0.000212059902019,-7.07378536191e-06,0.00407226648176,-2.88063390285e-08
e0_diagonal,gamma_2,1088,62.3933650605,62.3934393552,0.000215232209555,-7.42946128014e-05,0.00403120064404,-2.99496490973e-07
e0_diagonal,gamma_2,1090,62.3933019703,62.3934413629,0.000217239942813,-0.000139392596729,0.00399054892534,-5.56252977078e-07
e0_diagonal,gamma_2,1092,62.3932450488,62.3934423349,0.000218211981561,-0.000197286171215,0.00395030714958,-7.79340972662e-07
e0_diagonal,gamma_2,1094,62.3931995365,62.3934423906,0.000218267663939,-0.000242854140112,0.00391047118278,-9.49674116524e-07
e0_diagonal,gamma_2,1096,62.3931703479,62.3934416342,0.00021751121087,-0.000271286276991,0.00387103693265,-1.05015919755e-06
e0_diagonal,gamma_2,1098,62.3931615599,62.3934401489,0.000216025953904,-0.000278588997773,0.00383200034818,-1.06755313647e-06
e0_diagonal,gamma_2,1100,62.3931760478,62.3934379934,0.000213870499223,-0.000261945654586,0.0037933574192,-9.9365349225e-07
e0_diagonal,gamma_2,1102,62.3932153259,62.3934351999,0.000211076905906,-0.00021987397303,0.00375510417597,-8.25649674314e-07
e0_diagonal,gamma_2,1104,62.3932793723,62.3934317738,0.000207650864482,-0.000152401465911,0.00371723668881,-5.66512320513e-07
e0_diagonal,gamma_2,1106,62.3933666635,62.3934276964,0.000203573402416,-6.10328716704e-05,0.00367975106764,-2.2458577469e-07
e0_diagonal,gamma_2,1108,62.3934743624,62.3934229253,0.000198802301398,5.14371695743e-05,0.00364264346162,1.87367269434e-07
e0_diagonal,gamma_2,1110,62.3935983903,62.3934173968,0.000193273821189,0.000180993497075,0.00360591005874,6.5264627167e-07
e0_diagonal,gamma_2,1112,62.3937336321,62.3934110296,0.000186906618204,0.00032260248615,0.00356954708545,1.1515447642e-06
e0_diagonal,gamma_2,1114,62.3938741282,62.393403731,0.00017960805453,0.000470397231759,0.00353355080622,1.66217251753e-06
e0_diagonal,gamma_2,1116,62.3940131291,62.3933954046,0.000171281634394,0.000617724560378,0.00349791752322,2.16074956427e-06
e0_diagonal,gamma_2,1118,62.3941434261,62.3933859564,0.000161833454214,0.000757469682426,0.0034626435759,2.62284752979e-06
e0_diagonal,gamma_2,1120,62.3942577202,62.3933753008,0.000151177811475,0.000882419401719,0.0034277253406,3.02469134431e-06
e0_diagonal,gamma_2,1122,62.3943488801,62.3933633656,0.000139242692228,0.000985514483745,0.00339315923025,3.34400756706e-06
e0_diagonal,gamma_2,1124,62.3944104043,62.3933500975,0.00012597454721,0.00106030679843,0.00335894169391,3.56150871358e-06
e0_diagonal,gamma_2,1126,62.3944368751,62.393335466,0.000111343062215,0.00110140910569,0.00332506921647,3.66226151206e-06
e0_diagonal,gamma_2,1128,62.3944243525,62.3933194685,9.53455351862e-05,0.00110488398367,0.00329153831827,3.63676796949e-06
e0_diagonal,gamma_2,1130,62.3943708377,62.3933021325,7.80095848114e-05,0.00106870513756,0.00325834555472,3.48221063426e-06
e0_diagonal,gamma_2,1132,62.3942765405,62.3932835182,5.93952514834e-05,0.000993022265611,0.00322548751598,3.20298092082e-06
e0_diagonal,gamma_2,1134,62.3941439499,62.3932637194,3.95964584357e-05,0.000880230460353,0.0031929608266,2.81054137829e-06
e0_diagonal,gamma_2,1136,62.3939777263,62.3932428642,1.87412193355e-05,0.000734862146039,0.00316076214517,2.32272445312e-06
e0_diagonal,gamma_2,1138,62.393784346,62.3932211142,-3.00873502823e-06,0.000563231771729,0.00312888816395,1.76228922412e-06
e0_diagonal,gamma_2,1140,62.3935716921,62.3931986632,-2.54597772056e-05,0.000373028879267,0.0030973356086,1.15539563079e-06
e0_diagonal,gamma_2,1142,62.3933485527,62.3931757327,-4.83902806252e-05,0.000172820080074,0.00306610123775,5.29883861423e-07
e0_diagonal,gamma_2,1144,62.3931239706,62.3931525675,-7.15554211723e-05,-2.85969695852e-05,0.00303518184275,-8.67970028429e-08
e0_diagonal,gamma_2,1146,62.3929067025,62.3931294306,-9.46923666874e-05,-0.000222728115119,0.00300457424731,-6.69203158839e-07
e0_diagonal,gamma_2,1148,62.3927048926,62.3931065977,-0.000117525244136,-0.000401705079135,0.00297427530714,-1.19478149762e-06
e0_diagonal,gamma_2,1150,62.3925257044,62.3930843531,-0.000139769830817,-0.000558648761661,0.00294428190969,-1.64481944283e-06
e0_diagonal,gamma_2,1152,62.39237518,62.3930629838,-0.000161139157939,-0.000687803784587,0.00291459097378,-2.00466670229e-06
e0_diagonal,gamma_2,1154,62.3922581066,62.3930427733,-0.000181349654767,-0.000784666731839,0.00288519944931,-2.26392002259e-06
e0_diagonal,gamma_2,1156,62.3921778529,62.3930239954,-0.000200127595846,-0.000846142434391,0.00285610431693,-2.4166710596e-06
e0_diagonal,gamma_2,1158,62.3921363732,62.3930069064,-0.000217216541081,-0.0008705332394,0.00282730258774,-2.46126088047e-06
e0_diagonal,gamma_2,1160,62.3921341306,62.3929917384,-0.000232384578339,-0.000857607736961,0.00279879130298,-2.40026507557e-06
e0_diagonal,gamma_2,1162,62.3921700026,62.3929786935,-0.000245429446565,-0.00080869085923,0.00277056753374,-2.24053263941e-06
e0_diagonal,gamma_2,1164,62.3922413511,62.39296794,-0.000256182911528,-0.000726588959367,0.00274262838063,-1.99276350101e-06
e0_diagonal,gamma_2,1166,62.3923441304,62.3929596088,-0.000264514159568,-0.0006154784285,0.0027149709735,-1.67100606819e-06
e0_diagonal,gamma_2,1168,62.3924730551,62.3929537911,-0.00027033185026,-0.000480736038227,0.00268759247115,-1.29202255695e-06
e0_diagonal,gamma_2,1170,62.3926219334,62.3929505371,-0.000273585893837,-0.000328603644192,0.00266049006104,-8.74246729394e-07
e0_diagonal,gamma_2,1172,62.3927839138,62.3929498551,-0.000274267825588,-0.000165941278148,0.00263366095896,-4.37033065738e-07
e0_diagonal,gamma_2,1174,62.3929518128,62.3929517133,-0.000272409635755,9.94796209852e-08,0.00260710240882,2.59353559499e-10
e0_diagonal,gamma_2,1176,62.3931185074,62.3929560416,-0.000268081379943,0.000162465780804,0.00258081168228,4.19293585069e-07
e0_diagonal,gamma_2,1178,62.3932772471,62.3929627352,-0.000261387709045,0.000314511852501,0.00255478607855,8.03510502309e-07
e0_diagonal,gamma_2,1180,62.3934220037,62.3929716595,-0.000252463490582,0.000450344243163,0.00252902292405,1.13893091467e-06
e0_diagonal,gamma_2,1182,62.3935477627,62.3929826538,-0.000241469187017,0.000565108898911,0.00250351957218,1.41476118884e-06
e0_diagonal,gamma_2,1184,62.3936506755,62.3929955371,-0.000228585844397,0.000655138426509,0.00247827340302,1.62361213771e-06
e0_diagonal,gamma_2,1186,62.3937281902,62.393010113,-0.00021400999178,0.00071807719381,0.00245328182305,1.76164572712e-06
e0_diagonal,gamma_2,1188,62.3937790943,62.3930261737,-0.000197949282764,0.000752920638178,0.00242854226495,1.82849959197e-06
e0_diagonal,gamma_2,1190,62.393803493,62.393043505,-0.000180617971367,0.000759988033991,0.00240405218725,1.8270508954e-06
e0_diagonal,gamma_2,1192,62.3938026374,62.39306189,-0.000162232968584,0.000740747448859,0.00237980907412,1.76283750043e-06
e0_diagonal,gamma_2,1194,62.3937785653,62.3930811116,-0.000143011355902,0.000697453693405,0.00235581043511,1.64306868893e-06
e0_diagonal,gamma_2,1196,62.3937339155,62.3931009545,-0.000123168415996,0.000632960953084,0.00233205380487,1.47609899897e-06
e0_diagonal,gamma_2,1198,62.3936717429,62.3931212083,-0.000102914671245,0.000550534608166,0.00230853674293,1.2709293712e-06
e0_diagonal,gamma_2,1200,62.3935951524,62.3931416707,-8.24522198144e-05,0.000453481682584,0.0022852568334,1.03632211395e-06
e0_diagonal,gamma_2,1202,62.3935070905,62.39316215,-6.19729023867e-05,0.000344940428818,0.00226221168478,7.80328268625e-07
e0_diagonal,gamma_2,1204,62.3934103713,62.3931824665,-4.16564820043e-05,0.000227904856466,0.00223939892968,5.1036989164e-07
e0_diagonal,gamma_2,1206,62.3933076782,62.3932024562,-2.16667783235e-05,0.000105221994687,0.00221681622458,2.33257825005e-07
e0_diagonal,gamma_2,1208,62.3932015083,62.3932219732,-2.14971505841e-06,-2.04649749662e-05,0.0021944612496,-4.49095945373e-08
e0_diagonal,gamma_2,1210,62.3930941325,62.3932408891,1.67661100434e-05,-0.000146756605922,0.00217233170823,-3.18804028436e-07
e0_diagonal,gamma_2,1212,62.3929875533,62.3932590927,3.49697133259e-05,-0.000271539402817,0.00215042532715,-5.83925209137e-07
e0_diagonal,gamma_2,1214,62.3928834342,62.3932764914,5.23684445497e-05,-0.000393057182457,0.00212873985594,-8.36716489961e-07
e0_diagonal,gamma_2,1216,62.3927829276,62.3932930101,6.88871351784e-05,-0.000510082463308,0.0021072730669,-1.07488303683e-06
e0_diagonal,gamma_2,1218,62.3926867024,62.3933085897,8.44667937727e-05,-0.000621887325018,0.00208602275478,-1.29727111089e-06
e0_diagonal,gamma_2,1220,62.3925951867,62.3933231862,9.90632650044e-05,-0.000727999537553,0.00206498673655,-1.50330938926e-06
e0_diagonal,gamma_2,1222,62.3925086959,62.3933367684,0.000112645472569,-0.000828072570179,0.00204416285122,-1.69271518608e-06
e0_diagonal,gamma_2,1224,62.392427627,62.3933493169,0.000125193935148,-0.000921689842428,0.0020235489596,-1.86508452172e-06
e0_diagonal,gamma_2,1226,62.3923528174,62.3933608222,0.000136699269731,-0.0010080048357,0.00200314294403,-2.01917777418e-06
e0_diagonal,gamma_2,1228,62.3922857348,62.3933712837,0.000147160727366,-0.00108554889292,0.00198294270826,-2.15258126167e-06
e0_diagonal,gamma_2,1230,62.3922285121,62.3933807083,0.000156585385056,-0.00115219621483,0.00196294617713,-2.26169915521e-06
e0_diagonal,gamma_2,1232,62.3921839975,62.3933891092,0.000164986271855,-0.00120511170175,0.00194315129643,-2.3417143656e-06
e0_diagonal,gamma_2,1234,62.3921556056,62.3933965024,0.00017237947489,-0.00124089687426,0.00192355603267,-2.3869346684e-06
e0_diagonal,gamma_2,1236,62.3921469192,62.3934029068,0.000178783838436,-0.00125598760675,0.00190415837285,-2.39159931759e-06
e0_diagonal,gamma_2,1238,62.3921613022,62.3934083445,0.000184221514729,-0.00124704226822,0.00188495632429,-2.35062021014e-06
e0_diagonal,gamma_2,1240,62.392201457,62.3934128395,0.000188716518494,-0.00121138243961,0.00186594791439,-2.26037653671e-06
e0_diagonal,gamma_2,1242,62.392269019,62.3934164167,0.00019229376322,-0.00114739766637,0.00184713119043,-2.11939401737e-06
e0_diagonal,gamma_2,1244,62.3923642795,62.3934191023,0.000194979336868,-0.00105482281765,0.00182850421942,-1.92874797281e-06
e0_diagonal,gamma_2,1246,62.3924859824,62.3934209221,0.00019679916732,-0.000934939700727,0.00181006508782,-1.6923017115e-06
e0_diagonal,gamma_2,1248,62.3926312958,62.3934218982,0.000197775235733,-0.00079060241876,0.00179181190142,-1.41661082323e-06
e0_diagonal,gamma_2,1250,62.3927960624,62.3934220455,0.000197922594083,-0.000625983155658,0.00177374278509,-1.11033310594e-06
e0_diagonal,gamma_2,1252,62.3929751318,62.3934213721,0.00019724913507,-0.000446240248614,0.00175585588263,-7.83533565594e-07
e0_diagonal,gamma_2,1254,62.3931626829,62.3934198793,0.000195756393552,-0.00025719640589,0.00173814935653,-4.47045767399e-07
e0_diagonal,gamma_2,1256,62.3933527145,62.3934175626,0.000193439674632,-6.48480828715e-05,0.00172062138783,-1.11578998349e-07
e0_diagonal,gamma_2,1258,62.3935395836,62.3934144103,0.000190287312407,0.000125173320086,0.00170327017592,2.13203982923e-07
e0_diagonal,gamma_2,1260,62.3937181973,62.3934104022,0.000186279250613,0.000307795086911,0.00168609393832,5.18971430286e-07
e0_diagonal,gamma_2,1262,62.3938840586,62.3934055094,0.000181386432658,0.000478549253202,0.00166909091055,7.98742208772e-07
e0_diagonal,gamma_2,1264,62.3940333884,62.3933996958,0.00017557284125,0.000633692614777,0.00165225934592,1.04702454521e-06
e0_diagonal,gamma_2,1266,62.3941629768,62.3933929218,0.000168798807245,0.000770055036448,0.00163559751535,1.2595001043e-06
e0_diagonal,gamma_2,1268,62.3942701536,62.3933851486,0.000161025651408,0.000885004957951,0.00161910370718,1.43291480829e-06
e0_diagonal,gamma_2,1270,62.3943528778,62.3933763444,0.0001522214164,0.0009765334528,0.00160277622705,1.56516460306e-06
e0_diagonal,gamma_2,1272,62.3944095895,62.3933664878,0.000142364815126,0.00104310176442,0.00158661339764,1.65499923452e-06
e0_diagonal,gamma_2,1274,62.3944392162,62.3933555704,0.000131447490674,0.00108364578088,0.00157061355858,1.70198875615e-06
e0_diagonal,gamma_2,1276,62.3944412009,62.3933435988,0.000119475870754,0.00109760203912,0.00155477506623,1.70652428306e-06
e0_diagonal,gamma_2,1278,62.3944152623,62.3933305957,0.000106472790137,0.00108466657387,0.00153909629352,1.66940630354e-06
e0_diagonal,gamma_2,1280,62.3943614105,62.3933166028,9.24798220154e-05,0.00104480771194,0.0015235756298,1.59184356774e-06
e0_diagonal,gamma_2,1282,62.3942800111,62.3933016824,7.75594587878e-05,0.000978328732543,0.00150821148066,1.47552662628e-06
e0_diagonal,gamma_2,1284,62.3941718221,62.3932859188,6.17958795033e-05,0.000885903310291,0.00149300226776,1.32265565128e-06
e0_diagonal,gamma_2,1286,62.3940382735,62.3932694183,4.52953408256e-05,0.00076885519826,0.00147794642867,1.13632679444e-06
e0_diagonal,gamma_2,1288,62.3938816828,62.3932523084,2.81854997297e-05,0.00062937435564,0.00146304241675,9.20801378315e-07
e0_diagonal,gamma_2,1290,62.3937054486,62.3932347356,1.06126667134e-05,0.000470712952087,0.00144828870092,6.81728249882e-07
e0_diagonal,gamma_2,1292,62.3935142358,62.3932168613,-7.26166399545e-06,0.000297374493925,0.00143368376555,4.26340984229e-07
e0_diagonal,gamma_2,1294,62.3933138934,62.3931988597,-2.52632436712e-05,0.000115033658076,0.0014192261103,1.63258771106e-07
e0_diagonal,gamma_2,1296,62.3931112821,62.393180915,-4.32079269856e-05,-6.9632935201e-05,0.00140491424996,-9.78283029308e-08
e0_diagonal,gamma_2,1298,62.3929141769,62.3931632172,-6.09057888212e-05,-0.000249040290583,0.0013907467143,-3.46351965858e-07
e0_diagonal,gamma_2,1300,62.3927307111,62.3931459571,-7.81658675351e-05,-0.000415246009553,0.00137672204791,-5.71678336656e-07
e0_diagonal,gamma_2,1302,62.3925686877,62.3931293228,-9.48001374468e-05,-0.000560635091034,0.00136283881004,-7.64055260333e-07
e0_diagonal,gamma_2,1304,62.3924351848,62.3931134971,-0.00011062582324,-0.000678312327125,0.00134909557451,-9.15108158658e-07
e0_diagonal,gamma_2,1306,62.3923360712,62.3930986551,-0.000125467828639,-0.000762583939689,0.00133549092948,-1.01842393442e-06
e0_diagonal,gamma_2,1308,62.3922755979,62.3930849613,-0.000139161615934,-0.000809363472655,0.00132202347738,-1.06999751258e-06
e0_diagonal,gamma_2,1310,62.3922563165,62.3930725673,-0.000151555690827,-0.000816250752308,0.00130869183471,-1.06822069462e-06
e0_diagonal,gamma_2,1312,62.392279044,62.3930616093,-0.000162513641826,-0.000782565332528,0.00129549463193,-1.01380918743e-06
e0_diagonal,gamma_2,1314,62.39234293,62.3930522071,-0.00017191584638,-0.000709277088873,0.00128243051332,-9.09598581173e-07
e0_diagonal,gamma_2,1316,62.3924455913,62.3930444616,-0.000179661323003,-0.000598870374702,0.00126949813682,-7.60264824884e-07
e0_diagonal,gamma_2,1318,62.3925831857,62.3930384538,-0.00018566919762,-0.000455268028617,0.00125669617391,-5.72133589666e-07
e0_diagonal,gamma_2,1320,62.39275056,62.3930342428,-0.000189880120956,-0.000283682815322,0.00124402330945,-3.52908034752e-07
e0_diagonal,gamma_2,1322,62.3929414934,62.3930318647,-0.00019225820725,-9.03713823135e-05,0.0012314782416,-1.11290390982e-07
e0_diagonal,gamma_2,1324,62.393148974,62.3930313306,-0.000192792376069,0.000117643463469,0.0012190596816,1.43414403118e-07
e0_diagonal,gamma_2,1326,62.3933655517,62.3930326262,-0.000191496760948,0.00033292555306,0.00120676635372,4.01763355727e-07
e0_diagonal,gamma_2,1328,62.3935837384,62.3930357121,-0.000188410840437,0.000548026267523,0.00119459699509,6.54670532415e-07
e0_diagonal,gamma_2,1330,62.393796382,62.3930405232,-0.000183599743167,0.000755858811949,0.00118255035557,8.93841106831e-07
e0_diagonal,gamma_2,1332,62.3939968495,62.3930469692,-0.000177153731968,0.000949880264329,0.00117062519762,1.11195377215e-06
e0_diagonal,gamma_2,1334,62.394179022,62.3930549367,-0.000169186255889,0.00112408531172,0.00115882029619,1.30261287388e-06
e0_diagonal,gamma_2,1336,62.3943373583,62.3930642929,-0.000159830057285,0.00127306543346,0.00114713443859,1.4603772013e-06
e0_diagonal,gamma_2,1338,62.3944669406,62.3930748899,-0.000149233046969,0.00139205070474,0.00113556642434,1.58076604127e-06
e0_diagonal,gamma_2,1340,62.3945635461,62.393086568,-0.000137554924194,0.0014769780347,0.00112411506507,1.66029325959e-06
e0_diagonal,gamma_2,1342,62.3946239027,62.3930991596,-0.000124963363319,0.00152474309099,0.00111277918441,1.69670237323e-06
e0_diagonal,gamma_2,1344,62.3946461279,62.3931124925,-0.000111630438383,0.00153363538055,0.00110155761784,1.68938773644e-06
e0_diagonal,gamma_2,1346,62.3946299459,62.3931263935,-9.77294765789e-05,0.0015035523903,0.00109044921259,1.63954752009e-06
e0_diagonal,gamma_2,1348,62.3945769131,62.3931406923,-8.34306879938e-05,0.00143622079285,0.0010794528275,1.55033259577e-06
e0_diagonal,gamma_2,1350,62.3944903991,62.393155227,-6.88959270647e-05,0.00133517208305,0.00106856733294,1.4267212718e-06
e0_diagonal,gamma_2,1352,62.3943753001,62.3931698478,-5.42751106707e-05,0.0012054522937,0.00105779161065,1.27511732331e-06
e0_diagonal,gamma_2,1354,62.3942376073,62.3931844176,-3.97053962899e-05,0.00105318969975,0.00104712455367,1.10282079427e-06
e0_diagonal,gamma_2,1356,62.394083708,62.3931988116,-2.53113560902e-05,0.000884896400521,0.00103656506617,9.17252695959e-07
e0_diagonal,gamma_2,1358,62.3939197387,62.3932129185,-1.12044760954e-05,0.000706820233056,0.0010261120634,7.25276767796e-07
e0_diagonal,gamma_2,1360,62.3937511605,62.3932266399,2.51695493603e-06,0.000524520636525,0.00101576447155,5.32789427175e-07
e0_diagonal,gamma_2,1362,62.3935823629,62.3932398883,1.57653065145e-05,0.000342474620879,0.00100552122761,3.44365501211e-07
e0_diagonal,gamma_2,1364,62.3934165511,62.3932525824,2.84594320661e-05,0.000163968767787,0.000995381279315,1.63211441847e-07
e0_diagonal,gamma_2,1366,62.3932558724,62.3932646455,4.05225406723e-05,-8.77304754709e-06,0.000985343585006,-8.64446612148e-09
e0_diagonal,gamma_2,1368,62.393101558,62.393276005,5.18820257369e-05,-0.000174446960095,0.000975407113523,-1.70156805809e-07
e0_diagonal,gamma_2,1370,62.3929542117,62.3932865913,6.24683405874e-05,-0.000332379619302,0.00096557084411,-3.20936069574e-07
e0_diagonal,gamma_2,1372,62.3928141201,62.3932963354,7.22124392212e-05,-0.000482215312886,0.0009558337663,-4.60917678683e-07
e0_diagonal,gamma_2,1374,62.392681538,62.3933051671,8.10441307664e-05,-0.000623629030365,0.000946194879819,-5.90074595437e-07
e0_diagonal,gamma_2,1376,62.3925566844,62.3933130141,8.88911584696e-05,-0.000756329734344,0.000936653194479,-7.08418661752e-07
e0_diagonal,gamma_2,1378,62.3924396826,62.3933198028,9.56798565355e-05,-0.000880120225538,0.000927207730077,-8.16054276516e-07
e0_diagonal,gamma_2,1380,62.3923305792,62.3933254617,0.000101338774165,-0.000994882514995,0.000917857516295,-9.13160394219e-07
e0_diagonal,gamma_2,1382,62.3922293973,62.3933299249,0.000105801921684,-0.00110052756405,0.000908601592601,-9.99941097396e-07
e0_diagonal,gamma_2,1384,62.3921364949,62.3933331348,0.000109011812079,-0.00119663988205,0.000899439008147,-1.07630458862e-06
e0_diagonal,gamma_2,1386,62.392052785,62.3933350473,0.000110924388196,-0.0012822622963,0.000890368821676,-1.14168636984e-06
e0_diagonal,gamma_2,1388,62.3919798402,62.3933356364,0.000111513427029,-0.00135579621809,0.00088139010142,-1.19498536617e-06
e0_diagonal,gamma_2,1390,62.3919200956,62.3933348975,0.000110774531279,-0.00141480188044,0.000872501925011,-1.23441736419e-06
e0_diagonal,gamma_2,1392,62.3918767812,62.3933328527,0.000108729712039,-0.00145607150674,0.000863703379378,-1.25761388099e-06
e0_diagonal,gamma_2,1394,62.3918536191,62.393329554,0.000105431038911,-0.0014759348643,0.000854993560662,-1.26191480493e-06
e0_diagonal,gamma_2,1396,62.3918544817,62.3933250852,0.000100962206815,-0.00147060347759,0.000846371574116,-1.24467698022e-06
e0_diagonal,gamma_2,1398,62.3918827975,62.393319561,9.54380764284e-05,-0.00143676353719,0.000837836534017,-1.2037729822e-06
e0_diagonal,gamma_2,1400,62.3919410286,62.3933131256,8.90026065719e-05,-0.00137209696789,0.000829387563573,-1.13800016118e-06
e0_diagonal,gamma_2,1402,62.3920303402,62.3933059477,8.18247561796e-05,-0.0012756075083,0.000821023794834,-1.04730411719e-06
e0_diagonal,gamma_2,1404,62.3921502817,62.3932982154,7.40924599469e-05,-0.00114793375537,0.000812744368603,-9.32976695206e-07
e0_diagonal,gamma_2,1406,62.3922986576,62.3932901279,6.60049887671e-05,-0.000991470371481,0.000804548434349,-7.97685935078e-07
e0_diagonal,gamma_2,1408,62.3924715761,62.3932818887,5.77657298138e-05,-0.000810312589401,0.000796435150114,-6.45361428779e-07
e0_diagonal,gamma_2,1410,62.3926633887,62.3932736983,4.95753976892e-05,-0.000610309656913,0.000788403682434,-4.81170380936e-07
e0_diagonal,gamma_2,1412,62.3928672385,62.3932657473,4.16243593975e-05,-0.000398508842927,0.000780453206249,-3.11017504181e-07
e0_diagonal,gamma_2,1414,62.3930756003,62.3932582079,3.40849550895e-05,-0.000182607584755,0.000772582904818,-1.41079498271e-07
e0_diagonal,gamma_2,1416,62.3932804017,62.3932512273,2.71043669287e-05,2.91743609395e-05,0.000764791969637,2.23123169658e-08
e0_diagonal,gamma_2,1418,62.3934737004,62.3932449224,2.07994394543e-05,0.000228778021857,0.000757079600356,1.73203173357e-07
e0_diagonal,gamma_2,1420,62.3936481175,62.3932393753,1.52523318064e-05,0.000408742237852,0.000749445004695,3.06329828366e-07
e0_diagonal,gamma_2,1422,62.3937971974,62.3932346301,1.05071831911e-05,0.000562567221316,0.000741887398363,4.17361532226e-07
e0_diagonal,gamma_2,1424,62.3939158135,62.3932306931,6.57010641447e-06,0.00068512042732,0.00073440600498,5.03156555959e-07
e0_diagonal,gamma_2,1426,62.3940004276,62.3932275346,3.41160637873e-06,0.00077289300534,0.000727000055993,5.61893258159e-07
e0_diagonal,gamma_2,1428,62.3940492536,62.3932250922,9.69226213954e-07,0.000824161469815,0.000719668790601,5.93123288242e-07
e0_diagonal,gamma_2,1430,62.3940622835,62.3932232741,-8.48814515564e-07,0.000839009383604,0.000712411455674,5.97719896298e-07
e0_diagonal,gamma_2,1432,62.3940412448,62.3932219655,-2.15747522248e-06,0.000819279326159,0.000705227305678,5.77778151784e-07
e0_diagonal,gamma_2,1434,62.3939893327,62.3932210347,-3.08821555706e-06,0.000768297944354,0.000698115602595,5.36360782395e-07
e0_diagonal,gamma_2,1436,62.3939108457,62.3932203399,-3.78305659865e-06,0.00069050580089,0.000691075615851,4.77191721598e-07
e0_diagonal,gamma_2,1438,62.3938108357,62.3932197353,-4.38767960986e-06,0.000591100439323,0.000684106622239,4.04375724949e-07
e0_diagonal,gamma_2,1440,62.3936946357,62.393219079,-5.04396305701e-06,0.000475556742771,0.000677207905846,3.22050785883e-07
e0_diagonal,gamma_2,1442,62.3935675258,62.3932182396,-5.88334382456e-06,0.000349286238169,0.000670378757977,2.34154074522e-07
e0_diagonal,gamma_2,1444,62.39343446,62.3932171033,-7.0196644657e-06,0.000217356757069,0.000663618477084,1.4424196011e-07
e0_diagonal,gamma_2,1446,62.3932997538,62.3932155799,-8.54299982223e-06,8.4173816262e-05,0.000656926368693,5.52959994561e-08
e0_diagonal,gamma_2,1448,62.3931669453,62.393213608,-1.05149376566e-05,-4.66626781588e-05,0.000650301745336,-3.03448210487e-08
e0_diagonal,gamma_2,1450,62.3930388756,62.3932111582,-1.296470478e-05,-0.000172282652585,0.000643743926473,-1.10905911238e-07
e0_diagonal,gamma_2,1452,62.392917851,62.3932082348,-1.58881027801e-05,-0.000290383864723,0.000637252238432,-1.85047767799e-07
e0_diagonal,gamma_2,1454,62.3928057883,62.3932048745,-1.92484062538e-05,-0.000399086265993,0.000630826014331,-2.51753998551e-07
e0_diagonal,gamma_2,1456,62.3927047217,62.3932011467,-2.29762697543e-05,-0.000496425028409,0.000624464594013,-3.09999853823e-07
e0_diagonal,gamma_2,1458,62.3926168874,62.3931971519,-2.69710881184e-05,-0.000580264447933,0.00061816732398,-3.58700520979e-07
e0_diagonal,gamma_2,1460,62.3925448603,62.3931930167,-3.11062044176e-05,-0.00064815642309,0.000611933557323,-3.96628665683e-07
e0_diagonal,gamma_2,1462,62.3924916915,62.3931888878,-3.52351664787e-05,-0.000697196271446,0.000605762653656,-4.2233546351e-07
e0_diagonal,gamma_2,1464,62.3924605245,62.3931849265,-3.91964554183e-05,-0.000724401965307,0.000599653979053,-4.3439052093e-07
e0_diagonal,gamma_2,1466,62.3924542134,62.3931813042,-4.28187074419e-05,-0.000727090803643,0.000593606905978,-4.31606122316e-07
e0_diagonal,gamma_2,1468,62.3924750133,62.3931781958,-4.59271515467e-05,-0.000703182501859,0.000587620813226,-4.13204673588e-07
e0_diagonal,gamma_2,1470,62.3925241322,62.3931757722,-4.83507719338e-05,-0.000651639948813,0.000581695085853,-3.79055755971e-07
e0_diagonal,gamma_2,1472,62.3926014751,62.3931741926,-4.99303810244e-05,-0.000572717514999,0.00057582911512,-3.29787419875e-07
e0_diagonal,gamma_2,1474,62.3927054719,62.3931735968,-5.05261559738e-05,-0.000468124921014,0.000570022298424,-2.66841643426e-07
e0_diagonal,gamma_2,1476,62.3928331103,62.3931740988,-5.00241754509e-05,-0.000340988495168,0.000564274039239,-1.92410955502e-07
e0_diagonal,gamma_2,1478,62.3929801972,62.3931757815,-4.8341444753e-05,-0.000195584342293,0.000558583747056,-1.09250234784e-07
e0_diagonal,gamma_2,1480,62.3931417021,62.3931786936,-4.54293630128e-05,-3.69915214975e-05,0.00055295083732,-2.04544927858e-08
e0_diagonal,gamma_2,1482,62.3933121018,62.3931828464,-4.12765912046e-05,0.000129255422252,0.000547374731371,7.07511520333e-08
e0_diagonal,gamma_2,1484,62.3934857824,62.3931882123,-3.59106115013e-05,0.00029757005268,0.000541854856384,1.61239778159e-07
e0_diagonal,gamma_2,1486,62.3936572193,62.393194725,-2.93979014927e-05,0.000462494216812,0.000536390645311,2.48077571409e-07
e0_diagonal,gamma_2,1488,62.3938210049,62.3932022796,-2.18433102717e-05,0.000618725260459,0.000530981536822,3.28531689669e-07
e0_diagonal,gamma_2,1490,62.393972014,62.3932107348,-1.33881863746e-05,0.000761279277143,0.000525626975247,4.00148923763e-07
e0_diagonal,gamma_2,1492,62.3941055939,62.3932199155,-4.20740551732e-06,0.000885678309508,0.000520326410521,4.60841815663e-07
e0_diagonal,gamma_2,1494,62.394217562,62.3932296179,5.49490648183e-06,0.000987944172486,0.000515079298124,5.0886959095e-07
e0_diagonal,gamma_2,1496,62.3943043724,62.3932396141,1.54911609798e-05,0.00106475825048,0.00050988509903,5.42904365988e-07
e0_diagonal,gamma_2,1498,62.3943634133,62.39324966,2.55370686162e-05,0.00111375327831,0.000504743279646,5.62159482411e-07
e0_diagonal,gamma_2,1500,62.3943933119,62.3932595032,3.53802636113e-05,0.00113380871798,0.00049965331176,5.66511280841e-07
e0_diagonal,gamma_2,1502,62.39439415,62.3932688927,4.47697497918e-05,0.00112525734657,0.000494614672488,5.5656879394e-07
e0_diagonal,gamma_2,1504,62.3943675496,62.3932775868,5.34638207341e-05,0.00108996286801,0.000489626844219,5.33675079379e-07
e0_diagonal,gamma_2,1506,62.3943165568,62.3932853598,6.12368186665e-05,0.00103119702094,0.000484689314561,4.99810177255e-07
e0_diagonal,gamma_2,1508,62.394245375,62.3932920096,6.7886622162e-05,0.000953365477983,0.000479801576289,4.57426259115e-07
e0_diagonal,gamma_2,1510,62.394158982,62.3932973647,7.32417154836e-05,0.00086161736202,0.000474963127292,4.09236476794e-07
e0_diagonal,gamma_2,1512,62.3940625909,62.3933012892,7.71662616401e-05,0.000761301663104,0.000470173470526,3.57943845058e-07
e0_diagonal,gamma_2,1514,62.3939610407,62.3933036869,7.9563947132e-05,0.000657353801721,0.000465432113954,3.05953569551e-07
e0_diagonal,gamma_2,1516,62.3938584247,62.3933045041,8.03811463541e-05,0.000553920593298,0.000460738570507,2.5521258233e-07
e0_diagonal,gamma_2,1518,62.3937578107,62.3933037321,7.96091205544e-05,0.000454078602296,0.000456092358022,2.07101780448e-07
e0_diagonal,gamma_2,1520,62.3936610295,62.3933014076,7.72846195787e-05,0.000359621904096,0.000451492999201,1.62366772059e-07
e0_diagonal,gamma_2,1522,62.3935687205,62.3932976106,7.34876244906e-05,0.000271109942595,0.00044694002156,1.21169883589e-07
e0_diagonal,gamma_2,1524,62.3934805491,62.3932924607,6.83377554083e-05,0.00018808839593,0.000442432957379,8.321650526e-08
e0_diagonal,gamma_2,1526,62.3933954937,62.3932861139,6.19909357837e-05,0.000109379794601,0.000437971343653,4.790521561e-08
e0_diagonal,gamma_2,1528,62.3933123624,62.3932787565,5.46335278031e-05,3.36059090884e-05,0.000433554722047,1.4570000574e-08
e0_diagonal,gamma_2,1530,62.3932301495,62.3932705962,4.64732190437e-05,-4.0446633335e-05,0.00042918263885,-1.73589928273e-08
e0_diagonal,gamma_2,1532,62.3931483375,62.3932618538,3.77308857651e-05,-0.000113516293176,0.000424854644923,-4.82279244303e-08
e0_diagonal,gamma_2,1534,62.3930671701,62.3932527567,2.86337693822e-05,-0.000185586635055,0.000420570295659,-7.80522259756e-08
e0_diagonal,gamma_2,1536,62.3929876474,62.3932435304,1.94074633413e-05,-0.000255882963778,0.000416329150933,-1.06531537048e-07
e0_diagonal,gamma_2,1538,62.3929114879,62.3932343915,1.02685554708e-05,-0.000322903580987,0.000412130775058,-1.33078503101e-07
e0_diagonal,gamma_2,1540,62.3928409688,62.3932255414,1.41845377044e-06,-0.000384572563014,0.000407974736742,-1.56895890154e-07
e0_diagonal,gamma_2,1542,62.3927786662,62.3932171602,-6.96275559875e-06,-0.000438494013977,0.000403860609042,-1.77090459546e-07
e0_diagonal,gamma_2,1544,62.3927272907,62.393209401,-1.4721916699e-05,-0.000482110315367,0.00039978796932,-1.92741903969e-07
e0_diagonal,gamma_2,1546,62.3926894534,62.393202386,-2.1736987037e-05,-0.000512932584186,0.000395756399199,-2.02996352549e-07
e0_diagonal,gamma_2,1548,62.3926674286,62.3931962035,-2.79194752437e-05,-0.000528774869593,0.000391765484523,-2.0715574299e-07
e0_diagonal,gamma_2,1550,62.3926630863,62.393190907,-3.32159170142e-05,-0.000527820733609,0.00038781481531,-2.04696700322e-07
e0_diagonal,gamma_2,1552,62.3926776272,62.3931865145,-3.76084827565e-05,-0.000508887306715,0.000383903985716,-1.95363865328e-07
e0_diagonal,gamma_2,1554,62.3927113932,62.3931830098,-4.11131452438e-05,-0.000471616558258,0.000380032593986,-1.79229664002e-07
e0_diagonal,gamma_2,1556,62.3927638156,62.393180348,-4.37749689155e-05,-0.00041653234436,0.000376200242419,-1.56699568924e-07
e0_diagonal,gamma_2,1558,62.3928332578,62.3931784601,-4.56628784846e-05,-0.000345202286283,0.000372406537322,-1.2855558811e-07
e0_diagonal,gamma_2,1560,62.3929170935,62.3931772582,-4.68647018508e-05,-0.000260164777579,0.000368651088975,-9.59100285674e-08
e0_diagonal,gamma_2,1562,62.3930117731,62.3931766411,-4.7481882703e-05,-0.00016486792623,0.000364933511585,-6.0165831267e-08
e0_diagonal,gamma_2,1564,62.3931129423,62.3931764989,-4.76240786824e-05,-6.35565912859e-05,0.000361253423253,-2.29600361723e-08
e0_diagonal,gamma_2,1566,62.3932157321,62.3931767189,-4.7404045759e-05,3.90132111505e-05,0.000357610445927,1.39515318366e-08
e0_diagonal,gamma_2,1568,62.3933150402,62.3931771895,-4.6933469882e-05,0.000137850670562,0.000354004205371,4.87997170922e-08
e0_diagonal,gamma_2,1570,62.3934057817,62.3931778039,-4.63190550875e-05,0.000227977763053,0.000350434331121,7.98912349062e-08
e0_diagonal,gamma_2,1572,62.3934832319,62.3931784644,-4.56585548108e-05,0.000304767523417,0.00034690045645,1.05723992985e-07
e0_diagonal,gamma_2,1574,62.3935434227,62.3931790863,-4.50366145586e-05,0.000364336405561,0.000343402218328,1.25113929887e-07
e0_diagonal,gamma_2,1576,62.3935834047,62.3931796013,-4.45216517591e-05,0.000403803368002,0.000339939257386,1.37268617048e-07
e0_diagonal,gamma_2,1578,62.3936014915,62.3931799582,-4.41647231355e-05,0.000421533272245,0.000336511217879,1.4185067482e-07
e0_diagonal,gamma_2,1580,62.3935973631,62.3931801241,-4.39988254897e-05,0.000417238934254,0.000333117747651,1.38989694011e-07
e0_diagonal,gamma_2,1582,62.3935719997,62.393180085,-4.40379977107e-05,0.000391914765331,0.000329758498096,1.29237224397e-07
e0_diagonal,gamma_2,1584,62.3935275805,62.3931798454,-4.42775740765e-05,0.00034773511527,0.000326433124123,1.13512260045e-07
e0_diagonal,gamma_2,1586,62.393467188,62.3931794279,-4.46950083912e-05,0.0002877600853,0.000323141284121,9.29871634825e-08
e0_diagonal,gamma_2,1588,62.3933944594,62.3931788721,-4.52508811009e-05,0.000215587309413,0.000319882639925,6.89626376692e-08
e0_diagonal,gamma_2,1590,62.3933132548,62.393178232,-4.58909243406e-05,0.000135022808593,0.000316656856779,4.27558981624e-08
e0_diagonal,gamma_2,1592,62.3932272009,62.3931775745,-4.65484111487e-05,4.96263791234e-05,0.000313463603304,1.5556063619e-08
e0_diagonal,gamma_2,1594,62.3931394753,62.3931769767,-4.71462663967e-05,-3.75014123506e-05,0.000310302551461,-1.16367839358e-08
e0_diagonal,gamma_2,1596,62.3930526621,62.3931765231,-4.75998872105e-05,-0.000123861007282,0.000307173376521,-3.80468038261e-08
e0_diagonal,gamma_2,1598,62.3929685879,62.3931763022,-4.78207089003e-05,-0.000207714360862,0.000304075757029,-6.31609015247e-08
e0_diagonal,gamma_2,1600,62.3928883909,62.3931764021,-4.7720850084e-05,-0.000288011210628,0.000301009374769,-8.66940744378e-08
e0_diagonal,gamma_2,1602,62.3928126886,62.3931769042,-4.72187430063e-05,-0.000364215576184,0.000297973914739,-1.08526741044e-07
e0_diagonal,gamma_2,1604,62.3927417387,62.3931778792,-4.62437686508e-05,-0.000436140480424,0.00029496906511,-1.28647949767e-07
e0_diagonal,gamma_2,1606,62.3926756971,62.3931793844,-4.4738592976e-05,-0.000503687229532,0.000291994517198,-1.47073909406e-07
e0_diagonal,gamma_2,1608,62.392614878,62.3931814615,-4.2661413417e-05,-0.000566583563511,0.000289049965432,-1.63770959447e-07
e0_diagonal,gamma_2,1610,62.3925598847,62.3931841344,-3.99885574751e-05,-0.000624249699825,0.000286135107323,-1.78619754856e-07
e0_diagonal,gamma_2,1612,62.3925116536,62.3931874073,-3.67156947689e-05,-0.000675753622687,0.000283249643433,-1.91406972675e-07
e0_diagonal,gamma_2,1614,62.3924713427,62.3931912651,-3.28578962012e-05,-0.000719922341844,0.000280393277342,-2.01861384861e-07
e0_diagonal,gamma_2,1616,62.3924401107,62.3931956751,-2.84478820589e-05,-0.000755564366571,0.00027756571562,-2.09718764104e-07
e0_diagonal,gamma_2,1618,62.3924190315,62.3932005897,-2.35332645389e-05,-0.000781558209084,0.000274766667795,-2.14746144798e-07
e0_diagonal,gamma_2,1620,62.3924090199,62.393205949,-1.81739911298e-05,-0.000796929027366,0.000271995846327,-2.16761385261e-07
e0_diagonal,gamma_2,1622,62.3924108479,62.3932116839,-1.24390987395e-05,-0.000800835911306,0.000269252966573,-2.15627444857e-07
e0_diagonal,gamma_2,1624,62.3924253201,62.3932177194,-6.40354848969e-06,-0.000792399251452,0.000266537746761,-2.11204311017e-07
e0_diagonal,gamma_2,1626,62.3924532993,62.3932239762,-1.46767177966e-07,-0.000770676893126,0.00026384990796,-2.03343027318e-07
e0_diagonal,gamma_2,1628,62.3924957692,62.3932303714,6.24847075414e-06,-0.000734602233294,0.000261189174054,-1.91870150572e-07
e0_diagonal,gamma_2,1630,62.3925537659,62.3932368215,1.2698515377e-05,-0.000683055515296,0.000258555271708,-1.76607604349e-07
e0_diagonal,gamma_2,1632,62.3926280949,62.3932432448,1.91218394576e-05,-0.000615149928912,0.000255947930348,-1.57446351158e-07
e0_diagonal,gamma_2,1634,62.3927190522,62.3932495639,2.54409816378e-05,-0.000530511761561,0.000253366882123,-1.34414110956e-07
e0_diagonal,gamma_2,1636,62.3928261706,62.3932557069,3.15839434251e-05,-0.00042953629935,0.000250811861887,-1.07732798988e-07
e0_diagonal,gamma_2,1638,62.3929479224,62.3932616086,3.74856945911e-05,-0.000313686286148,0.000248282607167,-7.78828489575e-08
e0_diagonal,gamma_2,1640,62.3930815686,62.3932672123,4.30893060468e-05,-0.000185643676517,0.000245778858137,-4.56272908346e-08
e0_diagonal,gamma_2,1642,62.3932232993,62.3932724703,4.83473900204e-05,-4.91710182473e-05,0.000243300357589,-1.19633263226e-08
e0_diagonal,gamma_2,1644,62.3933683698,62.3932773461,5.32231250503e-05,9.10237380012e-05,0.000240846850912,2.19227806559e-08
e0_diagonal,gamma_2,1646,62.3935113984,62.3932818128,5.76898193572e-05,0.000229585626656,0.000238418086061,5.47373656944e-08
e0_diagonal,gamma_2,1648,62.3936467854,62.3932858528,6.1729814135e-05,0.000360932632276,0.000236013813532,8.51850869717e-08
e0_diagonal,gamma_2,1650,62.3937689109,62.3932894562,6.53332971865e-05,0.000479454603607,0.000233633786338,1.12016794418e-07
e0_diagonal,gamma_2,1652,62.3938723605,62.3932926199,6.8496966307e-05,0.000579740595441,0.000231277759983,1.34081106285e-07
e0_diagonal,gamma_2,1654,62.3939521658,62.3932953455,7.12225307922e-05,0.00065682029593,0.000228945492435,1.50376046093e-07
e0_diagonal,gamma_2,1656,62.3940040378,62.3932976379,7.35149240825e-05,0.000706399932298,0.000226636744105,1.60096180692e-07
e0_diagonal,gamma_2,1658,62.3940247379,62.3932995033,7.53803216398e-05,0.000725234652563,0.000224351277818,1.62707321021e-07
e0_diagonal,gamma_2,1660,62.3940123379,62.3933009475,7.68245445641e-05,0.000711390406565,0.000222088858792,1.5799188355e-07
e0_diagonal,gamma_2,1662,62.3939665651,62.3933019756,7.78526425336e-05,0.000664589533912,0.000219849254612,1.46109513653e-07
e0_diagonal,gamma_2,1664,62.3938890036,62.3933025915,7.84685092015e-05,0.000586412112774,0.000217632235206,1.27622178855e-07
e0_diagonal,gamma_2,1666,62.3937830758,62.3933027967,7.86737854028e-05,0.000480279070651,0.000215437572825,1.0347015726e-07
e0_diagonal,gamma_2,1668,62.3936540911,62.3933025896,7.8466614525e-05,0.000351501526495,0.000213265042013,7.49629878157e-08
e0_diagonal,gamma_2,1670,62.3935089024,62.3933019629,7.78399921089e-05,0.000206939448866,0.00021111441959,4.36879016377e-08
e0_diagonal,gamma_2,1672,62.3933554378,62.393300903,7.67800776913e-05,5.45347830325e-05,0.000208985484626,1.1396978061e-08
e0_diagonal,gamma_2,1674,62.3932022799,62.3932993889,7.52659625007e-05,-9.71090188173e-05,0.000206878018419,-2.00897213835e-08
e0_diagonal,gamma_2,1676,62.3930581079,62.3932973943,7.32713600371e-05,-0.000239286426151,0.000204791804471,-4.90038989969e-08
e0_diagonal,gamma_2,1678,62.3929311471,62.393294891,7.07680202083e-05,-0.00036374391658,0.00020272662847,-7.37405778346e-08
e0_diagonal,gamma_2,1680,62.3928287635,62.3932918526,6.77296865206e-05,-0.000463089115186,0.000200682278262,-9.2933778674e-08
e0_diagonal,gamma_2,1682,62.3927569841,62.3932882581,6.41351343234e-05,-0.000531273951296,0.000198658543836,-1.05542109542e-07
e0_diagonal,gamma_2,1684,62.3927200951,62.3932840943,5.99713299607e-05,-0.000563999138365,0.000196655217295,-1.10913373109e-07
e0_diagonal,gamma_2,1686,62.3927204266,62.3932793599,5.52369778433e-05,-0.000558933307403,0.000194672092841,-1.08808716711e-07
e0_diagonal,gamma_2,1688,62.3927581958,62.3932740683,4.99453186507e-05,-0.00051587245315,0.000192708966752,-9.94132474222e-08
e0_diagonal,gamma_2,1690,62.3928315683,62.3932682488,4.41258114776e-05,-0.000436680447919,0.000190765637357,-8.33036239687e-08
e0_diagonal,gamma_2,1692,62.3929368069,62.3932619478,3.7824840561e-05,-0.000325140892869,0.000188841905022,-6.14002256101e-08
e0_diagonal,gamma_2,1694,62.393068481,62.3932552276,3.11046610761e-05,-0.000186746618823,0.000186937572125,-3.49099595254e-08
e0_diagonal,gamma_2,1696,62.3932198186,62.3932481647,2.40417963226e-05,-2.83461686408e-05,0.000185052443037,-5.2455277577e-09
e0_diagonal,gamma_2,1698,62.3933831156,62.3932408491,1.6726187738e-05,0.000142266468288,0.0001831863241,2.60612713683e-08
e0_diagonal,gamma_2,1700,62.3935501709,62.3932333828,9.25989206024e-06,0.000316788049346,0.000181339023612,5.74460355605e-08
e0_diagonal,gamma_2,1702,62.3937127184,62.3932258776,1.75465694241e-06,0.000486840748614,0.000179510351802,8.73929540555e-08
e0_diagonal,gamma_2,1704,62.3938628537,62.3932184527,-5.67023163711e-06,0.000644400979063,0.000177700120814,1.14510131832e-07
e0_diagonal,gamma_2,1706,62.3939934873,62.3932112339,-1.28890169933e-05,0.000782253382795,0.000175908144686,1.37604741242e-07
e0_diagonal,gamma_2,1708,62.3940988322,62.3932043528,-1.977012586e-05,0.000894479418491,0.000174134239329,1.55759493135e-07
e0_diagonal,gamma_2,1710,62.3941747809,62.3931979441,-2.61788153892e-05,0.000976836755143,0.000172378222515,1.68385383539e-07
e0_diagonal,gamma_2,1712,62.394219209,62.3931921412,-3.19817122403e-05,0.00102706772836,0.00017063991385,1.75258748685e-07
e0_diagonal,gamma_2,1714,62.3942320948,62.3931870721,-3.70508878831e-05,0.00104502273797,0.00016891913476,1.76524336702e-07
e0_diagonal,gamma_2,1716,62.3942153757,62.393182854,-4.12689439102e-05,0.00103252166982,0.000167215708472,1.72653842531e-07
e0_diagonal,gamma_2,1718,62.3941726623,62.3931795878,-4.45351254825e-05,0.00099307444146,0.000165529459996,1.6438307603e-07
e0_diagonal,gamma_2,1720,62.3941088739,62.3931773521,-4.67708424452e-05,0.000931521835923,0.000163860216106,1.52639369341e-07
e0_diagonal,gamma_2,1722,62.3940296919,62.393176197,-4.79259680617e-05,0.000853494884964,0.000162207805323,1.38443532144e-07
e0_diagonal,gamma_2,1724,62.3939408766,62.3931761383,-4.79846228956e-05,0.000764738247639,0.000160572057898,1.22795594177e-07
e0_diagonal,gamma_2,1726,62.3938477655,62.3931771537,-4.69692837228e-05,0.000670611819807,0.000158952805793,1.06595630356e-07
e0_diagonal,gamma_2,1728,62.393754846,62.3931791805,-4.49424545366e-05,0.000575665543209,0.000157349882665,9.05809056781e-08
e0_diagonal,gamma_2,1730,62.3936653475,62.3931821185,-4.20044377165e-05,0.000483229022983,0.000155763123847,7.52692621534e-08
e0_diagonal,gamma_2,1732,62.3935812862,62.3931858338,-3.82891765156e-05,0.00039545242997,0.000154192366335,6.09757459501e-08
e0_diagonal,gamma_2,1734,62.3935035675,62.3931901638,-3.39591380225e-05,0.000313403734317,0.000152637448767,4.78371464403e-08
e0_diagonal,gamma_2,1736,62.3934322374,62.393194924,-2.91989124577e-05,0.00023731331521,0.000151098211409,3.58576174718e-08
e0_diagonal,gamma_2,1738,62.3933669517,62.3931999137,-2.42092130378e-05,0.000167037952487,0.000149574496137,2.49846175789e-08
e0_diagonal,gamma_2,1740,62.393307259,62.3932049221,-1.92008661628e-05,0.000102336887039,0.000148066146422,1.51526285007e-08
e0_diagonal,gamma_2,1742,62.3932529121,62.393209736,-1.43869324916e-05,4.31760876864e-05,0.000146573007314,6.32844901626e-09
e0_diagonal,gamma_2,1744,62.393204164,62.3932141488,-9.97413388859e-06,-9.98484243553e-06,0.000145094925425,-1.44874996857e-09
e0_diagonal,gamma_2,1746,62.3931616326,62.3932179674,-6.15553203431e-06,-5.63347760121e-05,0.000143631748914,-8.09146240332e-09
e0_diagonal,gamma_2,1748,62.3931260293,62.3932210186,-3.10433009787e-06,-9.49893020916e-05,0.000142183327472,-1.35058950456e-08
e0_diagonal,gamma_2,1750,62.3930978613,62.3932231556,-9.67318243283e-07,-0.000125294308475,0.000140749512303,-1.76351128122e-08
e0_diagonal,gamma_2,1752,62.3930771076,62.3932242642,1.41245003249e-07,-0.000147156572616,0.000139330156114,-2.05033482359e-08
e0_diagonal,gamma_2,1754,62.3930629611,62.3932242679,1.44917429168e-07,-0.000161306745319,0.000137925113098,-2.22482510916e-08
e0_diagonal,gamma_2,1756,62.39305376,62.3932231317,-9.91211635437e-07,-0.000169371735836,0.000136534238916,-2.31250410463e-08
e0_diagonal,gamma_2,1758,62.3930471389,62.3932208635,-3.25942308166e-06,-0.000173724624467,0.000135157390685,-2.34801669408e-08
e0_diagonal,gamma_2,1760,62.3930403119,62.3932175135,-6.60940979458e-06,-0.000177201680664,0.000133794426965,-2.37085973217e-08
e0_diagonal,gamma_2,1762,62.3930304384,62.3932131735,-1.09494679634e-05,-0.000182735128149,0.00013244520774,-2.42023920092e-08
e0_diagonal,gamma_2,1764,62.3930148937,62.3932079723,-1.61506351475e-05,-0.000193078625067,0.000131109594407,-2.53144602213e-08
e0_diagonal,gamma_2,1766,62.3929914756,62.39320207,-2.20529865516e-05,-0.000210594331804,0.000129787449761,-2.7332501259e-08
e0_diagonal,gamma_2,1768,62.3929586963,62.393195651,-2.84719853312e-05,-0.000236954651413,0.000128478637979,-3.04436108764e-08
e0_diagonal,gamma_2,1770,62.3929160166,62.3931889181,-3.52048880075e-05,-0.000272901490789,0.000127183024609,-3.47084370189e-08
e0_diagonal,gamma_2,1772,62.3928639247,62.3931820855,-4.20374776979e-05,-0.000318160767648,0.000125900476556,-4.00565922683e-08
e0_diagonal,gamma_2,1774,62.3928041194,62.393175372,-4.87509115175e-05,-0.000371252595357,0.000124630862064,-4.62695310029e-08
e0_diagonal,gamma_2,1776,62.3927395439,62.393168995,-5.51279852488e-05,-0.000429451076613,0.000123374050709,-5.29831189029e-08
e0_diagonal,gamma_2,1778,62.392674195,62.393163164,-6.09589693781e-05,-0.000488969013929,0.000122129913379,-5.97177433162e-08
e0_diagonal,gamma_2,1780,62.3926128796,62.3931580744,-6.60485925295e-05,-0.000545194741989,0.000120898322267,-6.59131296153e-08
e0_diagonal,gamma_2,1782,62.3925609053,62.3931538989,-7.02240512425e-05,-0.000592993553568,0.000119679150853,-7.09689649526e-08
e0_diagonal,gamma_2,1784,62.3925236127,62.3931507811,-7.33418875711e-05,-0.000627168373001,0.000118472273894,-7.43020632641e-08
e0_diagonal,gamma_2,1786,62.3925058,62.3931488294,-7.5293554076e-05,-0.000643029383042,0.000117277567409,-7.54129218159e-08
e0_diagonal,gamma_2,1788,62.3925113041,62.3931481133,-7.60096020258e-05,-0.000636809237207,0.000116094908668,-7.39303102325e-08
e0_diagonal,gamma_2,1790,62.3925425336,62.3931486608,-7.54621580086e-05,-0.000606127224316,0.000114924176178,-6.96586719133e-08
e0_diagonal,gamma_2,1792,62.3926001124,62.3931504574,-7.36655529394e-05,-0.000550345040551,0.000113765249671,-6.26101409432e-08
e0_diagonal,gamma_2,1794,62.3926825772,62.3931534486,-7.06743324912e-05,-0.000470871465239,0.000112618010092,-5.30286074244e-08
e0_diagonal,gamma_2,1796,62.3927862882,62.3931575428,-6.65801547726e-05,-0.000371254625165,0.000111482339588,-4.13883341963e-08
e0_diagonal,gamma_2,1798,62.392905638,62.3931626154,-6.15075936921e-05,-0.000256977382968,0.000110358121493,-2.83595412506e-08
e0_diagonal,gamma_2,1800,62.3930333192,62.3931685138,-5.56091589772e-05,-0.000135194588665,0.000109245240318,-1.47693653284e-08
e0_diagonal,gamma_2,1802,62.3931608,62.3931750621,-4.90608522199e-05,-1.42620576327e-05,0.000108143581737,-1.54234999534e-09
e0_diagonal,gamma_2,1804,62.3932788269,62.3931820677,-4.20551999483e-05,9.67591611314e-05,0.000107053032581,1.03583616291e-08
e0_diagonal,gamma_2,1806,62.3933781326,62.3931893311,-3.47918583898e-05,0.000188801536474,0.000105973480817,2.00079560037e-08
e0_diagonal,gamma_2,1808,62.3934502711,62.3931966536,-2.74693589688e-05,0.000253617519988,0.000104904815545,2.66056991533e-08
e0_diagonal,gamma_2,1810,62.3934883521,62.3932038451,-2.02778402283e-05,0.000284506962593,0.000103846926983,2.95451737706e-08
e0_diagonal,gamma_2,1812,62.3934876827,62.393210731,-1.33919250302e-05,0.000276951674373,0.000102799706456,2.8470550828e-08
e0_diagonal,gamma_2,1814,62.3934462678,62.3932171582,-6.96470045369e-06,0.000229109537194,0.000101763046384,2.33148844605e-08
e0_diagonal,gamma_2,1816,62.3933650409,62.3932230011,-1.12182550538e-06,0.000142039739366,0.000100736840273,1.43086345369e-08
e0_diagonal,gamma_2,1818,62.3932477087,62.3932281659,4.04293849954e-06,1.95428476246e-05,9.97209827023e-05,1.94883196993e-09
e0_diagonal,gamma_2,1820,62.3931006055,62.3932325938,8.47081453514e-06,-0.000131988227544,9.87153693144e-05,-1.30292666271e-08
e0_diagonal,gamma_2,1822,62.3929322849,62.3932362645,1.2141545966e-05,-0.00030397960461,9.77198968041e-05,-2.9704855593e-08
e0_diagonal,gamma_2,1824,62.3927528539,62.3932391968,1.50738758435e-05,-0.000486342961139,9.67344629081e-05,-4.70461251349e-08
e0_diagonal,gamma_2,1826,62.3925734104,62.3932414458,1.73228690628e-05,-0.000668035432575,9.57589663944e-05,-6.39703825382e-08
e0_diagonal,gamma_2,1828,62.3924052552,62.3932431003,1.89773072705e-05,-0.000837845029203,9.47933070515e-05,-7.94221011148e-08
e0_diagonal,gamma_2,1830,62.3922591215,62.3932442785,2.01555556671e-05,-0.000985156968035,9.3837385679e-05,-9.24445543638e-08
e0_diagonal,gamma_2,1832,62.3921444854,62.3932451227,2.09997456864e-05,-0.00110063730267,9.28911040763e-05,-1.02239414233e-07
e0_diagonal,gamma_2,1834,62.3920689016,62.3932457933,2.16703447791e-05,-0.00117689166861,9.19543650335e-05,-1.082203261e-07
e0_diagonal,gamma_2,1836,62.3920376076,62.3932464626,2.23396961729e-05,-0.00120885507354,9.10270723209e-05,-1.10038538204e-07
e0_diagonal,gamma_2,1838,62.3920532496,62.3932473074,2.31844022167e-05,-0.00119405772034,9.0109130679e-05,-1.0759550316e-07
e0_diagonal,gamma_2,1840,62.3921158426,62.3932485015,2.43785104743e-05,-0.00113265886905,8.92004458092e-05,-1.01033676069e-07
e0_diagonal,gamma_2,1842,62.3922228928,62.3932502087,2.60857331682e-05,-0.00102731588767,8.83009243636e-05,-9.07129424945e-08
e0_diagonal,gamma_2,1844,62.3923696468,62.3932525743,2.84513432973e-05,-0.000882927533134,8.74104739358e-05,-7.71771141222e-08
e0_diagonal,gamma_2,1846,62.3925495195,62.3932557192,3.1596259376e-05,-0.000706199676571,8.65290030512e-05,-6.11067539688e-08
e0_diagonal,gamma_2,1848,62.3927546249,62.3932597344,3.56114402749e-05,-0.000505109532732,8.56564211576e-05,-4.32658748664e-08
e0_diagonal,gamma_2,1850,62.392976215,62.3932646754,4.05524862899e-05,-0.000288460478082,8.47926386161e-05,-2.4459325073e-08
e0_diagonal,gamma_2,1852,62.3932051883,62.3932705595,4.64365972448e-05,-6.53712697485e-05,8.39375666916e-05,-5.48710531423e-09
e0_diagonal,gamma_2,1854,62.3934327129,62.3932773636,5.32406199341e-05,0.000155349377607,8.30911175439e-05,1.29081533951e-08
e0_diagonal,gamma_2,1856,62.3936506086,62.3932850224,6.08994466162e-05,0.00036558617969,8.22532042186e-05,3.00706346975e-08
e0_diagonal,gamma_2,1858,62.3938518014,62.3932934289,6.93059404142e-05,0.000558372481542,8.14237406381e-05,4.54647761165e-08
e0_diagonal,gamma_2,1860,62.3940307954,62.3933024352,7.83122947681e-05,0.000728360205294,8.06026415929e-05,5.87077565778e-08
e0_diagonal,gamma_2,1862,62.3941837465,62.3933118561,8.77331380025e-05,0.00087189044288,7.97898227328e-05,6.95679838798e-08
e0_diagonal,gamma_2,1864,62.3943085882,62.3933214739,9.73509253299e-05,0.000987114341527,7.89852005581e-05,7.79674242393e-08
e0_diagonal,gamma_2,1866,62.394405055,62.3933310459,0.000106922933398,0.00107400910852,7.81886924113e-05,8.39753678331e-08
e0_diagonal,gamma_2,1868,62.3944744032,62.3933403134,0.000116190455877,0.00113408980869,7.74002164682e-05,8.77787966874e-08
e0_diagonal,gamma_2,1870,62.3945190449,62.3933490121,0.000124889112335,0.00117003283393,7.66196917301e-05,8.96475550501e-08
e0_diagonal,gamma_2,1872,62.3945421599,62.3933568802,0.000132757276027,0.00118527968684,7.58470380148e-05,8.98999534662e-08
e0_diagonal,gamma_2,1874,62.3945471506,62.3933636667,0.000139543701231,0.00118348398558,7.50821759486e-05,8.88585528376e-08
e0_diagonal,gamma_2,1876,62.3945372191,62.3933691395,0.000145016547847,0.00116807960858,7.43250269587e-05,8.68175483978e-08
e0_diagonal,gamma_2,1878,62.394515022,62.3933730948,0.000148971811271,0.00114192728536,7.35755132641e-05,8.40178861307e-08
e0_diagonal,gamma_2,1880,62.3944823715,62.3933753621,0.000151239116526,0.00110700938547,7.28335578686e-05,8.06274321378e-08
e0_diagonal,gamma_2,1882,62.3944401129,62.3933758097,0.000151686730781,0.00106430318764,7.20990845522e-05,7.67352855148e-08
e0_diagonal,gamma_2,1884,62.3943881165,62.3933743493,0.000150226398617,0.00101376718656,7.13720178635e-05,7.23546097488e-08
e0_diagonal,gamma_2,1886,62.3943253736,62.3933709386,0.000146815602051,0.000954435068024,7.06522831122e-05,6.74330166382e-08
e0_diagonal,gamma_2,1888,62.3942500936,62.3933655804,0.000141457440378,0.000884513259848,6.99398063609e-05,6.18626861174e-08
e0_diagonal,gamma_2,1890,62.3941600314,62.3933583235,0.000134200591098,0.000801707901473,6.92345144181e-05,5.55058572637e-08
e0_diagonal,gamma_2,1892,62.3940529018,62.3933492601,0.000125137138468,0.000703641707887,6.85363348302e-05,4.82250236922e-08
e0_diagonal,gamma_2,1894,62.3939270121,62.3933385216,0.000114398604538,0.000588490519938,6.78451958743e-05,3.99262545954e-08
e0_diagonal,gamma_2,1896,62.3937818292,62.3933262748,0.000102151838178,0.000455554451094,6.71610265508e-05,3.05955045852e-08
e0_diagonal,gamma_2,1898,62.3936184369,62.3933127167,8.8593743051e-05,0.000305720160853,6.64837565759e-05,2.03254247545e-08
e0_diagonal,gamma_2,1900,62.3934399147,62.3932980685,7.39455906711e-05,0.000141846165775,6.58133163749e-05,9.33536658471e-09
e0_diagonal,gamma_2,1902,62.3932514564,62.3932825694,5.84464689268e-05,-3.11130178403e-05,6.51496370743e-05,-2.02700182058e-09
e0_diagonal,gamma_2,1904,62.3930600911,62.393266469,4.23460089678e-05,-0.000206377877909,6.44926504955e-05,-1.330985635e-08
e0_diagonal,gamma_2,1906,62.3928742411,62.393250021,2.58980357017e-05,-0.000375779849414,6.38422891472e-05,-2.39906458019e-08
e0_diagonal,gamma_2,1908,62.3927030492,62.3932334767,9.35374183797e-06,-0.000530427528382,6.31984862188e-05,-3.35222168425e-08
e0_diagonal,gamma_2,1910,62.3925554995,62.3932170758,-7.0471630238e-06,-0.000661576275533,6.25611755735e-05,-4.13889895289e-08
e0_diagonal,gamma_2,1912,62.3924396255,62.3932010387,-2.30842732378e-05,-0.000761413159466,6.19302917412e-05,-4.71545391014e-08
e0_diagonal,gamma_2,1914,62.3923618017,62.3931855612,-3.85617548204e-05,-0.00082375946274,6.13057699124e-05,-5.05012080859e-08
e0_diagonal,gamma_2,1916,62.3923262551,62.3931708108,-5.33121279673e-05,-0.000844555729358,6.06875459307e-05,-5.12540146165e-08
e0_diagonal,gamma_2,1918,62.3923348228,62.3931569243,-6.71986582859e-05,-0.000822101526872,6.0075556287e-05,-4.93882065512e-08
e0_diagonal,gamma_2,1920,62.3923868854,62.3931440058,-8.01171305511e-05,-0.000757120425,5.94697381126e-05,-4.50257533945e-08
e0_diagonal,gamma_2,1922,62.3924795765,62.393132127,-9.19959032615e-05,-0.000652550513891,5.88700291727e-05,-3.84156677894e-08
e0_diagonal,gamma_2,1924,62.3926080105,62.3931213288,-0.000102794196195,-0.000513318301913,5.82763678601e-05,-2.99143261916e-08
e0_diagonal,gamma_2,1926,62.3927655407,62.393111623,-0.000112499989584,-0.000346082238096,5.76886931889e-05,-1.99650320516e-08
e0_diagonal,gamma_2,1928,62.3929441822,62.393102995,-0.000121127915833,-0.000158812851424,5.71069447882e-05,-9.06931673794e-09
e0_diagonal,gamma_2,1930,62.3931350488,62.3930954073,-0.000128715684511,3.96415203596e-05,5.65310628959e-05,2.24097728074e-09
e0_diagonal,gamma_2,1932,62.3933287875,62.3930888038,-0.000135319151482,0.000239983698108,5.59609883524e-05,1.34297249346e-08
e0_diagonal,gamma_2,1934,62.3935161271,62.3930831158,-0.000141007152408,0.000433011329676,5.53966625951e-05,2.39873825299e-08
e0_diagonal,gamma_2,1936,62.3936882838,62.3930782672,-0.00014585576335,0.000610016584048,5.48380276514e-05,3.34521063038e-08
e0_diagonal,gamma_2,1938,62.3938373645,62.3930741812,-0.000149941762807,0.000763183272134,5.42850261338e-05,4.14294238727e-08
e0_diagonal,gamma_2,1940,62.3939567702,62.3930707865,-0.000153336455519,0.000885983686651,5.37376012332e-05,4.76106380523e-08
e0_diagonal,gamma_2,1942,62.3940414014,62.3930680224,-0.000156100538462,0.000973379037347,5.31956967134e-05,5.1779576058e-08
e0_diagonal,gamma_2,1944,62.394087923,62.3930658433,-0.000158279641894,0.00102207970106,5.26592569056e-05,5.38219575561e-08
e0_diagonal,gamma_2,1946,62.3940949319,62.3930642223,-0.000159900643133,0.00103070962444,5.21282267021e-05,5.3729064967e-08
e0_diagonal,gamma_2,1948,62.3940630346,62.3930631531,-0.000160969840962,0.000999881498174,5.16025515508e-05,5.15964365543e-08
e0_diagonal,gamma_2,1950,62.3939947914,62.3930626496,-0.000161473313213,0.000932141807738,5.10821774502e-05,4.76158332316e-08
e0_diagonal,gamma_2,1952,62.3938946319,62.3930627441,-0.000161378845362,0.000831887806513,5.05670509428e-05,4.20661130906e-08
e0_diagonal,gamma_2,1954,62.3937685396,62.3930634851,-0.000160637870934,0.000705054507797,5.00571191106e-05,3.52929974763e-08
e0_diagonal,gamma_2,1956,62.3936235187,62.3930649352,-0.000159187795489,0.000558583522761,4.95523295691e-05,2.76791148117e-08
e0_diagonal,gamma_2,1958,62.3934670864,62.3930671674,-0.000156955598761,0.000399919070695,4.9052630462e-05,1.96170823895e-08
e0_diagonal,gamma_2,1960,62.3933067146,62.3930702613,-0.000153861602975,0.000236453235239,4.85579704559e-05,1.14816892109e-08
e0_diagonal,gamma_2,1962,62.3931492558,62.3930742988,-0.00014982416559,7.49570189669e-05,4.80682987353e-05,3.60305638001e-09
e0_diagonal,gamma_2,1964,62.3930003284,62.393079357,-0.000144765996076,-7.90285477592e-05,4.75835649969e-05,-3.76046003891e-09
e0_diagonal,gamma_2,1966,62.392863971,62.3930855033,-0.000138619697537,-0.000221532205742,4.71037194447e-05,-1.04349908673e-08
e0_diagonal,gamma_2,1968,62.3927425563,62.3930927905,-0.000131332442791,-0.000350234250604,4.6628712785e-05,-1.63309722789e-08
e0_diagonal,gamma_2,1970,62.3926367726,62.3931012518,-0.000122871160897,-0.000464479170574,4.61584962211e-05,-2.14396600397e-08
e0_diagonal,gamma_2,1972,62.3925459192,62.3931108957,-0.000113227213689,-0.00056497653113,4.56930214483e-05,-2.58154847547e-08
e0_diagonal,gamma_2,1974,62.3924683043,62.3931217031,-0.000102419890212,-0.000653398750273,4.52322406491e-05,-2.95546895122e-08
e0_diagonal,gamma_2,1976,62.3924016087,62.3931336241,-9.04988277668e-05,-0.000732015464102,4.47761064882e-05,-3.27768023717e-08
e0_diagonal,gamma_2,1978,62.3923433457,62.3931465773,-7.75456645385e-05,-0.000803231581557,4.43245721078e-05,-3.56028961559e-08
e0_diagonal,gamma_2,1980,62.3922912282,62.3931604493,-6.36736956068e-05,-0.000869221072101,4.38775911222e-05,-3.81393267965e-08
e0_diagonal,gamma_2,1982,62.3922433869,62.3931750974,-4.90255224221e-05,-0.000931710518181,4.3435117614e-05,-4.04689559394e-08
e0_diagonal,gamma_2,1984,62.3921986587,62.3931903533,-3.37696449719e-05,-0.000991694566174,4.29971061284e-05,-4.26399965087e-08
e0_diagonal,gamma_2,1986,62.3921568603,62.3932060271,-1.80958621741e-05,-0.00104916677786,4.25635116692e-05,-4.46562223924e-08
e0_diagonal,gamma_2,1988,62.3921188358,62.3932219131,-2.20987924138e-06,-0.00110307724343,4.21342896939e-05,-4.64773761293e-08
e0_diagonal,gamma_2,1990,62.3920865314,62.3932377967,1.36737492369e-05,-0.00115126528786,4.17093961092e-05,-4.80185799181e-08
e0_diagonal,gamma_2,1992,62.3920630591,62.3932534635,2.93405006246e-05,-0.00119040433069,4.12887872665e-05,-4.91503511711e-08
e0_diagonal,gamma_2,1994,62.3920523533,62.3932687072,4.45842778873e-05,-0.00121635396228,4.08724199572e-05,-4.97153299628e-08
e0_diagonal,gamma_2,1996,62.392058834,62.393283338,5.92150773429e-05,-0.00122450405588,4.04602514086e-05,-4.95437419519e-08
e0_diagonal,gamma_2,1998,62.3920870359,62.39329719,7.30670370501e-05,-0.001210154091,4.00522392792e-05,-4.84693812173e-08
e0_diagonal,gamma_2,2000,62.3921409418,62.3933101275,8.60045543192e-05,-0.00116918572789,3.96483416546e-05,-4.6356275197e-08
e0_diagonal,cosine_6,0,62.3932241229,62.3932241229,0,0,1,0
e0_diagonal,cosine_6,2,62.3917592366,62.3932232281,-8.94895229919e-07,-0.00146399145775,0.999992597821,-0.00146398062103
e0_diagonal,cosine_6,4,62.3903822994,62.393220571,-3.55196807789e-06,-0.00283827157129,0.999970391576,-0.00283818753455
e0_diagonal,cosine_6,6,62.3891709686,62.3932162269,-7.89601014617e-06,-0.00404525832509,0.999933382143,-0.00404498883864
e0_diagonal,cosine_6,8,62.3881878417,62.3932103337,-1.3789293817e-05,-0.00502249191004,0.999881570981,-0.00502189710125
e0_diagonal,cosine_6,10,62.3874750655,62.3932030953,-2.10276713375e-05,-0.00572802981319,0.999814960137,-0.00572696989934
e0_diagonal,cosine_6,12,62.3870524033,62.3931947687,-2.93542806702e-05,-0.0061423653608,0.99973355224,-0.00614072874131
e0_diagonal,cosine_6,14,62.3869196273,62.3931856459,-3.84770854538e-05,-0.00626601853465,0.999637350503,-0.00626374616617
e0_diagonal,cosine_6,16,62.3870586065,62.3931760404,-4.80825165141e-05,-0.00611743391384,0.999526358723,-0.00611453644463
e0_diagonal,cosine_6,18,62.3874370145,62.3931662751,-5.78478290691e-05,-0.00572926057336,0.999400581283,-0.00572582634734
e0_diagonal,cosine_6,20,62.3880130352,62.3931566721,-6.74508313452e-05,-0.00514363688525,0.999260023146,-0.00513983071301
e0_diagonal,cosine_6,22,62.3887384158,62.3931475472,-7.65757992056e-05,-0.00440913133934,0.999104689859,-0.00440518379934
e0_diagonal,cosine_6,24,62.3895619874,62.3931392026,-8.49203522932e-05,-0.00357721519504,0.998934587553,-0.00357340398545
e0_diagonal,cosine_6,26,62.3904334202,62.393131921,-9.22019548071e-05,-0.00269850075637,0.99874972294,-0.00269512688278
e0_diagonal,cosine_6,28,62.3913055507,62.3931259597,-9.81632880368e-05,-0.0018204089824,0.998550103316,-0.00181776957746
e0_diagonal,cosine_6,30,62.3921367947,62.3931215441,-0.000102578885361,-0.000984749372179,0.998335736555,-0.000983110489797
e0_diagonal,cosine_6,32,62.392893295,62.3931188624,-0.000105260592072,-0.000225567386273,0.998106631116,-0.000225140304003
e0_diagonal,cosine_6,34,62.3935497044,62.3931180612,-0.000106061731927,0.000431643202646,0.997862796037,0.000430720693082
e0_diagonal,cosine_6,36,62.3940896501,62.3931192412,-0.000104881761551,0.00097040895556,0.997604240934,0.000968084089507
e0_diagonal,cosine_6,38,62.3945059553,62.3931224543,-0.00010166868006,0.0013835010415,0.997330976008,0.00137980844402
e0_diagonal,cosine_6,40,62.3947999797,62.3931277039,-9.64190200108e-05,0.00167227575764,0.997043012032,0.00166733085835
e0_diagonal,cosine_6,42,62.3949802956,62.3931349443,-8.91786287411e-05,0.00184535127752,0.996740360364,0.00183933609736
e0_diagonal,cosine_6,44,62.3950610755,62.3931440801,-8.00428760357e-05,0.00191699544791,0.996423032935,0.00191013841833
e0_diagonal,cosine_6,46,62.3950605008,62.3931549696,-6.91533567903e-05,0.00190553118441,0.996091042255,0.00189808254352
e0_diagonal,cosine_6,48,62.3949990401,62.3931674309,-5.66920856713e-05,0.00183160920071,0.99574440141,0.00182381460718
e0_diagonal,cosine_6,50,62.3948975261,62.3931812467,-4.28762049083e-05,0.00171627935936,0.995383124061,0.00170835551048
e0_diagonal,cosine_6,52,62.3947754758,62.3931961687,-2.7954256808e-05,0.0015793070868,0.995007224445,0.00157142196098
e0_diagonal,cosine_6,54,62.3946497611,62.3932119223,-1.22006517387e-05,0.00143783881094,0.994616717372,0.00143009851825
e0_diagonal,cosine_6,56,62.3945334298,62.3932282162,4.0932215768e-06,0.00130521360748,0.994211618224,0.00129765853282
e0_diagonal,cosine_6,58,62.3944350423,62.3932447506,2.0627655374e-05,0.00119029171892,0.993791942957,0.00118290232003
e0_diagonal,cosine_6,60,62.3943583609,62.3932612247,3.71017040592e-05,0.00109713628125,0.993357708097,0.00108984878181
e0_diagonal,cosine_6,62,62.3943024599,62.393277344,5.32210646753e-05,0.00102511590992,0.992908930741,0.001017846742
e0_diagonal,cosine_6,64,62.3942622524,62.3932928297,6.87067964975e-05,0.000969422673393,0.992445628555,0.000962099294431
e0_diagonal,cosine_6,66,62.3942293723,62.3933074257,8.33027583553e-05,0.000921946596293,0.991967819774,0.000914541355073
e0_diagonal,cosine_6,68,62.394193335,62.3933209043,9.67813169837e-05,0.000872430700312,0.991475523199,0.000864993685046
e0_diagonal,cosine_6,70,62.394142983,62.3933330702,0.000108947297022,0.000809912704483,0.990968758196,0.000802598187009
e0_diagonal,cosine_6,72,62.3940677996,62.393343764,0.000119641094983,0.000724035592242,0.9904475447,0.000717119274612
e0_diagonal,cosine_6,74,62.3939591528,62.3933528637,0.000128740743349,0.000606289144017,0.989911903207,0.000600172840447
e0_diagonal,cosine_6,76,62.3938112445,62.3933602848,0.000136161879666,0.000450959679071,0.989361854774,0.000446162304514
e0_diagonal,cosine_6,78,62.393621614,62.3933659796,0.000141856622548,0.000255634428981,0.988797421024,0.000252770664102
e0_diagonal,cosine_6,80,62.3933914572,62.3933699348,0.00014581180357,2.15224260742e-05,0.988218624137,2.12688622832e-05
e0_diagonal,cosine_6,82,62.3931255152,62.3933721689,0.000148045937301,-0.000246653712701,0.987625486852,-0.00024360149309
e0_diagonal,cosine_6,84,62.3928316922,62.3933727288,0.000148605881321,-0.000541036662064,0.987018032466,-0.000534012941682
e0_diagonal,cosine_6,86,62.3925205876,62.3933716866,0.000147563638862,-0.000851098987155,0.986396284833,-0.000839520878955
e0_diagonal,cosine_6,88,62.3922050452,62.3933691367,0.000145013750981,-0.00116409149729,0.985760268362,-0.00114751514676
e0_diagonal,cosine_6,90,62.3918992525,62.3933651936,0.000141070665279,-0.00146594106591,0.985110008014,-0.00144411321519
e0_diagonal,cosine_6,92,62.3916179344,62.3933599873,0.00013586432965,-0.00174205292697,0.984445529303,-0.00171495621577
e0_diagonal,cosine_6,94,62.391375553,62.3933536597,0.00012953677151,-0.00197810670744,0.983766858293,-0.00194599582095
e0_diagonal,cosine_6,96,62.3911853424,62.3933463643,0.000122241343931,-0.00216102186268,0.983074021597,-0.00212444445331
e0_diagonal,cosine_6,98,62.3910584882,62.3933382635,0.000114140573274,-0.00227977536424,0.982367046378,-0.00223957619097
e0_diagonal,cosine_6,100,62.3910035068,62.3933295248,0.000105401864907,-0.00232601796508,0.98164596034,-0.0022833261391
e0_diagonal,cosine_6,102,62.3910256578,62.3933203166,9.61936563755e-05,-0.00229465885462,0.980910791736,-0.00225085563385
e0_diagonal,cosine_6,104,62.3911266464,62.3933108066,8.66836994859e-05,-0.00218416027412,0.98016156936,-0.00214082996201
e0_diagonal,cosine_6,106,62.3913045874,62.3933011628,7.70398400221e-05,-0.00199657535736,0.979398322546,-0.00195544255584
e0_diagonal,cosine_6,108,62.391554183,62.3932915527,6.74297209642e-05,-0.00173736968033,0.978621081169,-0.00170022659496
e0_diagonal,cosine_6,110,62.3918673378,62.3932821404,5.80174515505e-05,-0.0014148025745,0.97782987564,-0.00138343622548
e0_diagonal,cosine_6,112,62.3922336009,62.3932730837,4.89607271348e-05,-0.00103948274116,0.977024736908,-0.0010156003517
e0_diagonal,cosine_6,114,62.3926407202,62.3932645318,4.04088103636e-05,-0.000623811566157,0.976205696454,-0.000608968404397
e0_diagonal,cosine_6,116,62.393075245,62.3932566216,3.24986367275e-05,-0.000181376595457,0.975372786293,-0.000176909795279
e0_diagonal,cosine_6,118,62.3935230311,62.3932494735,2.53505071441e-05,0.000273557683443,0.974526038969,0.000266589085675
e0_diagonal,cosine_6,120,62.3939698542,62.3932431872,1.9064204885e-05,0.000726667045491,0.973665487555,0.000707530623138
e0_diagonal,cosine_6,122,62.3944019811,62.3932378379,1.37149433712e-05,0.00116414318471,0.972791165652,0.00113246820564
e0_diagonal,cosine_6,124,62.3948065465,62.393233473,9.35002159963e-06,0.00157307350158,0.971903107383,0.00152887502433
e0_diagonal,cosine_6,126,62.3951720228,62.3932301091,5.98610540692e-06,0.00194191372776,0.971001347397,0.00188560084619
e0_diagonal,cosine_6,128,62.3954885258,62.3932277299,3.60691957724e-06,0.00226079597923,0.970085920862,0.0021931663494
e0_diagonal,cosine_6,130,62.3957479142,62.3932262848,2.16184193391e-06,0.00252162940715,0.969156863464,0.00244385444705
e0_diagonal,cosine_6,132,62.3959439469,62.3932256876,1.56465742407e-06,0.00271825927616,0.968214211408,0.00263185726147
e0_diagonal,cosine_6,134,62.3960723444,62.393225817,1.69404680861e-06,0.00284652736396,0.96725800141,0.00275332636903
e0_diagonal,cosine_6,136,62.3961306287,62.3932265194,2.396429295e-06,0.00290410931026,0.966288270703,0.00280620676335
e0_diagonal,cosine_6,138,62.3961180509,62.3932276117,3.48877579626e-06,0.00289043915588,0.965305057028,0.00279015553421
e0_diagonal,cosine_6,140,62.3960355711,62.3932288845,4.76159456753e-06,0.0028066865878,0.964308398633,0.00270651144895
e0_diagonal,cosine_6,142,62.3958857466,62.393230107,5.98403701701e-06,0.00265563958916,0.963298334274,0.00255817319268
e0_diagonal,cosine_6,144,62.3956725501,62.3932310337,6.91075045012e-06,0.00244151642872,0.962274903211,0.00234940998513
e0_diagonal,cosine_6,146,62.3954013023,62.3932314137,7.2907966171e-06,0.00216988858246,0.961238145205,0.00208577967631
e0_diagonal,cosine_6,148,62.3950786828,62.3932310013,6.87831174417e-06,0.00184768158788,0.960188100514,0.00177412187422
e0_diagonal,cosine_6,150,62.3947128037,62.3932295658,5.44289918025e-06,0.00148323783118,0.959124809897,0.00142261020286
e0_diagonal,cosine_6,152,62.3943130757,62.3932269033,2.78036145573e-06,0.00108617243859,0.958048314604,0.00104060567416
e0_diagonal,cosine_6,154,62.3938899731,62.3932228467,-1.27625099822e-06,0.000667126352333,0.956958656381,0.000638412337765
e0_diagonal,cosine_6,156,62.3934548812,62.3932172762,-6.84676001583e-06,0.000237604969044,0.955855877459,0.000227116106174
e0_diagonal,cosine_6,158,62.3930197578,62.3932101277,-1.39952848173e-05,-0.000190369817922,0.954740020562,-0.000181753683877
e0_diagonal,cosine_6,160,62.3925967996,62.3932013993,-2.2723697704e-05,-0.00060459966712,0.953611128894,-0.000576552971092
e0_diagonal,cosine_6,162,62.3921980279,62.3931911552,-3.29677576048e-05,-0.000993127256606,0.952469246145,-0.000945923169426
e0_diagonal,cosine_6,164,62.3918347475,62.393179527,-4.459598496e-05,-0.00134477943239,0.951314416484,-0.00127930806102
e0_diagonal,cosine_6,166,62.3915171619,62.3931667116,-5.74113304026e-05,-0.0016495497151,0.950146684556,-0.00156731419281
e0_diagonal,cosine_6,168,62.3912539618,62.393152968,-7.11549393202e-05,-0.00189900624917,0.948966095483,-0.00180209254557
e0_diagonal,cosine_6,170,62.3910519113,62.3931386103,-8.55126933388e-05,-0.00208669893443,0.947772694859,-0.00197771627245
e0_diagonal,cosine_6,172,62.3909157533,62.3931239969,-0.000100126083126,-0.00220824358748,0.946566528747,-0.00209024946722
e0_diagonal,cosine_6,174,62.3908480439,62.3931095175,-0.000114605491653,-0.00226147351077,0.945347643678,-0.00213787865465
e0_diagonal,cosine_6,176,62.3908489302,62.3930955789,-0.000128544070584,-0.00224664872562,0.944116086646,-0.0021210972029
e0_diagonal,cosine_6,178,62.3909163581,62.393082591,-0.000141531952053,-0.0021662329161,0.94287190511,-0.00204248015651
e0_diagonal,cosine_6,180,62.3910462421,62.3930709531,-0.000153169802715,-0.00202471105771,0.941615146984,-0.0019064986002
e0_diagonal,cosine_6,182,62.3912326708,62.3930610406,-0.000163082366328,-0.00182836979548,0.940345860642,-0.0017192999689
e0_diagonal,cosine_6,184,62.391468285,62.3930531913,-0.000170931614306,-0.00158490628868,0.939064094909,-0.0014883285895
e0_diagonal,cosine_6,186,62.3917446376,62.3930476955,-0.000176427418928,-0.001303057885,0.937769899062,-0.00122196846129
e0_diagonal,cosine_6,188,62.3920526157,62.3930447864,-0.000179336580686,-0.000992170679368,0.936463322827,-0.000929131451212
e0_diagonal,cosine_6,190,62.3923828153,62.3930446316,-0.000179491372478,-0.00066181631815,0.935144416374,-0.000618893834583
e0_diagonal,cosine_6,192,62.3927258188,62.3930473273,-0.000176795695907,-0.000321508464637,0.933813230314,-0.000300228857936
e0_diagonal,cosine_6,194,62.3930724532,62.3930528953,-0.000171227626346,1.95579037907e-05,0.932469815701,1.82371549432e-05
e0_diagonal,cosine_6,196,62.3934140056,62.393061283,-0.000162839904419,0.000352722553657,0.931114224023,0.000328424986844
e0_diagonal,cosine_6,198,62.3937423631,62.3930723644,-0.000151758568173,0.000669998713441,0.929746507203,0.000622928963652
e0_diagonal,cosine_6,200,62.3940501172,62.3930859435,-0.000138179460933,0.00096417373183,0.928366717593,0.000895106802609
e0_diagonal,cosine_6,202,62.394330573,62.3931017601,-0.000122362836819,0.00122881286833,0.926974907974,0.00113907869554
e0_diagonal,cosine_6,204,62.3945777744,62.3931194976,-0.000104625332014,0.00145827677748,0.925571131552,0.00134973888705
e0_diagonal,cosine_6,206,62.3947865196,62.3931387934,-8.53295406671e-05,0.00164772614809,0.924155441955,0.00152275508661
e0_diagonal,cosine_6,208,62.3949523118,62.39315925,-6.48729041401e-05,0.00179306174274,0.922727893228,0.0016545080843
e0_diagonal,cosine_6,210,62.3950713887,62.3931804469,-4.36760933837e-05,0.00189094188039,0.921288539833,0.00174210308389
e0_diagonal,cosine_6,212,62.3951408457,62.3932019524,-2.21705514747e-05,0.00193889327075,0.919837436645,0.00178346661609
e0_diagonal,cosine_6,214,62.3951586672,62.3932233367,-7.8620899302e-07,0.00193533045976,0.918374638947,0.00177735841222
e0_diagonal,cosine_6,216,62.3951237566,62.3932441828,2.00598928259e-05,0.00187957370861,0.91690020243,0.00172338151391
e0_diagonal,cosine_6,218,62.39503613,62.3932640979,3.9974983558e-05,0.00177203209436,0.915414183186,0.00162214331224
e0_diagonal,cosine_6,220,62.3948970189,62.3932827247,5.86017276518e-05,0.00161429421951,0.91391663771,0.00147533034537
e0_diagonal,cosine_6,222,62.3947089573,62.3932997501,7.56271706024e-05,0.00140920714604,0.912407622891,0.00128577134228
e0_diagonal,cosine_6,224,62.3944759167,62.393314912,9.07890183584e-05,0.00116100471654,0.910887196013,0.0010575443308
e0_diagonal,cosine_6,226,62.3942033273,62.3933280034,0.000103880462937,0.000875323907266,0.909355414751,0.000795980534734
e0_diagonal,cosine_6,228,62.3938979899,62.3933388768,0.000114753801242,0.000559113109794,0.907812337166,0.000507569778943
e0_diagonal,cosine_6,230,62.3935679543,62.393347445,0.000123322033595,0.000220509364546,0.906258021703,0.00019983838048
e0_diagonal,cosine_6,232,62.3932223554,62.3933536818,0.00012955886956,-0.000131326397224,0.904692527188,-0.000118810010191
e0_diagonal,cosine_6,234,62.3928711337,62.3933576203,0.000133497379451,-0.000486486657721,0.903115912824,-0.000439353841964
e0_diagonal,cosine_6,236,62.3925247227,62.39335935,0.000135227072661,-0.000834627352987,0.901528238189,-0.000752440127083
e0_diagonal,cosine_6,238,62.3921936856,62.3933590123,0.000134889387752,-0.00116532673543,0.899929563231,-0.00104871198004
e0_diagonal,cosine_6,240,62.3918882727,62.3933567945,0.000132671517022,-0.00146852180801,0.898319948263,-0.0013192024346
e0_diagonal,cosine_6,242,62.3916179911,62.3933529223,0.000128799315775,-0.00173493117158,0.896699453966,-0.00155571183422
e0_diagonal,cosine_6,244,62.3913912476,62.3933476529,0.000123529977131,-0.00195640531658,0.895068141378,-0.00175111607049
e0_diagonal,cosine_6,246,62.391214977,62.3933412668,0.000117143811451,-0.00212628974364,0.893426071895,-0.00189968269337
e0_diagonal,cosine_6,248,62.3910943036,62.3933340578,0.00010993484851,-0.00223975419702,0.891773307269,-0.00199735300775
e0_diagonal,cosine_6,250,62.3910323744,62.3933263241,0.000102201177754,-0.00229394971103,0.890109909599,-0.00204186736991
e0_diagonal,cosine_6,252,62.3910302591,62.3933183583,9.42353482003e-05,-0.0022880992299,0.888435941331,-0.00203282959317
e0_diagonal,cosine_6,254,62.3910868782,62.393310438,8.63150197858e-05,-0.00222355977532,0.886751465255,-0.00197174488885
e0_diagonal,cosine_6,256,62.3911990764,62.3933028173,7.86943424984e-05,-0.00210374089446,0.885056544502,-0.00186192964658
e0_diagonal,cosine_6,258,62.391361801,62.3932957191,7.15961209181e-05,-0.00193391809339,0.883351242537,-0.00170832895076
e0_diagonal,cosine_6,260,62.3915683937,62.3932893281,6.52051247982e-05,-0.00172093440426,0.881635623159,-0.00151723707592
e0_diagonal,cosine_6,262,62.391810954,62.393283786,5.96630608598e-05,-0.00147283196926,0.879909750494,-0.00129595921059
e0_diagonal,cosine_6,264,62.392080734,62.3932791882,5.50652245863e-05,-0.00119845422314,0.878173688995,-0.00105245096623
e0_diagonal,cosine_6,266,62.3923685981,62.3932755818,5.14588877536e-05,-0.000906983781817,0.876427503438,-0.000794905531557
e0_diagonal,cosine_6,268,62.3926654854,62.393272966,4.88430612364e-05,-0.000607480577159,0.874671258915,-0.00053134580119
e0_diagonal,cosine_6,270,62.3929628442,62.3932712925,4.71695435635e-05,-0.000308448291982,0.872905020835,-0.000269246062739
e0_diagonal,cosine_6,272,62.3932530377,62.3932704686,4.63456708104e-05,-1.74309455545e-05,0.871128854914,-1.5184599641e-05
e0_diagonal,cosine_6,274,62.393529603,62.3932703611,4.62381870037e-05,0.000259241843224,0.869342827181,0.000225370036912
e0_diagonal,cosine_6,276,62.3937873079,62.3932708012,4.66782307313e-05,0.000516506764328,0.867547003964,0.00044809389592
e0_diagonal,cosine_6,278,62.3940221467,62.3932715911,4.74681387175e-05,0.000750555569795,0.865741451894,0.000649787068721
e0_diagonal,cosine_6,280,62.3942312161,62.3932725125,4.83895438208e-05,0.000958703585326,0.863926237895,0.000828249181727
e0_diagonal,cosine_6,282,62.3944124349,62.3932733353,4.92123312839e-05,0.001139099619,0.862101429188,0.000982019409524
e0_diagonal,cosine_6,284,62.3945643071,62.3932738276,4.97046366874e-05,0.0012904794817,0.860267093279,0.00111015703266
e0_diagonal,cosine_6,286,62.3946856417,62.3932737663,4.96433376327e-05,0.00141187536286,0.858423297962,0.0012119867053
e0_diagonal,cosine_6,288,62.3947752871,62.3932729468,4.88238099692e-05,0.00150234034876,0.856570111311,0.00128685983977
e0_diagonal,cosine_6,290,62.3948320855,62.3932711913,4.70683735045e-05,0.00156089416297,0.854707601678,0.00133410810651
e0_diagonal,cosine_6,292,62.3948548783,62.3932683566,4.42336179276e-05,0.00158652171149,0.852835837687,0.00135304257283
e0_diagonal,cosine_6,294,62.3948424545,62.3932643391,4.02161093689e-05,0.00157811546688,0.850954888237,0.00134290507075
e0_diagonal,cosine_6,296,62.3947936609,62.393259079,3.49560969823e-05,0.00153458182112,0.849064822487,0.00130295944154
e0_diagonal,cosine_6,298,62.3947075963,62.3932525627,2.84397238062e-05,0.00145503361616,0.847165709864,0.00123265458631
e0_diagonal,cosine_6,300,62.3945837396,62.393244822,2.06990172416e-05,0.00133891764042,0.845257620051,0.00113173033819
e0_diagonal,cosine_6,302,62.3944221462,62.3932359328,1.18098056134e-05,0.00118621341502,0.843340622985,0.00100038196041
e0_diagonal,cosine_6,304,62.3942237371,62.3932260113,1.88836612125e-06,0.000997725757209,0.841414788857,0.000839501207339
e0_diagonal,cosine_6,306,62.3939906106,62.3932152104,-8.91253869639e-06,0.00077540021114,0.839480188102,0.000650933115102
e0_diagonal,cosine_6,308,62.3937263304,62.3932037147,-2.0408216443e-05,0.00052261562972,0.837536891401,0.000437709869913
e0_diagonal,cosine_6,310,62.3934362608,62.393191735,-3.23879494033e-05,0.000244525799893,0.835584969673,0.000204322083088
e0_diagonal,cosine_6,312,62.3931277757,62.3931795013,-4.46216897814e-05,-5.17255215371e-05,0.833624494072,-4.3119661722e-05
e0_diagonal,cosine_6,314,62.3928101984,62.3931672565,-5.68664749778e-05,-0.000357058044678,0.831655535985,-0.000296949299524
e0_diagonal,cosine_6,316,62.3924945156,62.3931552503,-6.88726366889e-05,-0.000660734711232,0.829678167026,-0.000548197164106
e0_diagonal,cosine_6,318,62.3921928394,62.3931437324,-8.03905728759e-05,-0.000950892931058,0.827692459033,-0.000787046908385
e0_diagonal,cosine_6,320,62.3919177774,62.3931329447,-9.11782227746e-05,-0.00121516735714,0.825698484064,-0.00100336184467
e0_diagonal,cosine_6,322,62.391681707,62.3931231155,-0.000101007447242,-0.00144140849224,0.823696314394,-0.00118728286259
e0_diagonal,cosine_6,324,62.3914957625,62.3931144543,-0.000109668605731,-0.00161869187615,0.821686022507,-0.00133005648938
e0_diagonal,cosine_6,326,62.391369108,62.3931071471,-0.000116975818045,-0.0017380391311,0.819667681099,-0.00142461450425
e0_diagonal,cosine_6,328,62.39130849,62.3931013501,-0.000122772887813,-0.00179286005859,0.817641363068,-0.0014659165421
e0_diagonal,cosine_6,330,62.3913176942,62.3930971854,-0.00012693750012,-0.00177949127778,0.815607141512,-0.00145136579442
e0_diagonal,cosine_6,332,62.3913972941,62.3930947397,-0.000129383286122,-0.00169744552279,0.813565089726,-0.00138098241906
e0_diagonal,cosine_6,334,62.3915448018,62.3930940631,-0.000130059880902,-0.00154926128604,0.811515281198,-0.00125724920819
e0_diagonal,cosine_6,336,62.3917549529,62.3930951713,-0.00012895163055,-0.00134021840777,0.809457789603,-0.00108485022994
e0_diagonal,cosine_6,338,62.3920201654,62.3930980472,-0.000126075780173,-0.00107788176933,0.807392688801,-0.000870273859951
e0_diagonal,cosine_6,340,62.3923310607,62.3931026431,-0.000121479859999,-0.000771582368074,0.805320052831,-0.000621370753421
e0_diagonal,cosine_6,342,62.3926769441,62.3931088846,-0.000115238322515,-0.000431940565257,0.803239955911,-0.000346951920593
e0_diagonal,cosine_6,344,62.3930462405,62.3931166743,-0.000107448674655,-7.04337297037e-05,0.801152472429,-5.64281566945e-05
e0_diagonal,cosine_6,346,62.3934269579,62.3931258958,-9.82271347638e-05,0.00030106210405,0.799057676942,0.000240565985478
e0_diagonal,cosine_6,348,62.3938069956,62.3931364189,-8.77040275782e-05,0.00067057671356,0.796955644172,0.000534419896722
e0_diagonal,cosine_6,350,62.3941744435,62.3931481029,-7.60200780121e-05,0.00102634060295,0.794846449001,0.000815783183718
e0_diagonal,cosine_6,352,62.3945181476,62.3931607988,-6.33241392478e-05,0.00135734882475,0.792730166466,0.00107601135979
e0_diagonal,cosine_6,354,62.3948279834,62.3931743508,-4.97721743642e-05,0.00165363262811,0.790606871758,0.00130737331914
e0_diagonal,cosine_6,356,62.3950951193,62.3931885964,-3.55265487073e-05,0.00190652291609,0.788476640216,0.00150324878337
e0_diagonal,cosine_6,358,62.3953123765,62.393203369,-2.07539120964e-05,0.00210900747796,0.786339547322,0.00165839598551
e0_diagonal,cosine_6,360,62.3954745591,62.3932185008,-5.62216695243e-06,0.00225605836374,0.784195668699,0.00176919119718
e0_diagonal,cosine_6,362,62.3955787669,62.393233824,9.70109461207e-06,0.00234494285724,0.782045080106,0.00183385102463
e0_diagonal,cosine_6,364,62.3956244516,62.393249171,2.50480541268e-05,0.0023752806399,0.779887857434,0.00185245252905
e0_diagonal,cosine_6,366,62.3956131354,62.393264373,4.02500794294e-05,0.00234876240031,0.777724076702,0.00182668906917
e0_diagonal,cosine_6,368,62.3955480962,62.3932792615,5.51385345204e-05,0.00226883471691,0.775553814054,0.00175960341816
e0_diagonal,cosine_6,370,62.3954340049,62.3932936679,6.95449013506e-05,0.00214033704224,0.773377145752,0.00165528775268
e0_diagonal,cosine_6,372,62.3952763661,62.3933074235,8.33005139569e-05,0.00196894259916,0.771194148175,0.00151843701056
e0_diagonal,cosine_6,374,62.3950809544,62.3933203595,9.62365065931e-05,0.0017605949008,0.769004897814,0.00135390610178
e0_diagonal,cosine_6,376,62.3948537226,62.3933323076,0.000108184698064,0.00152141498226,0.766809471267,0.00116663541813
e0_diagonal,cosine_6,378,62.394600492,62.3933431032,0.000118980279254,0.00125738876299,0.764607945237,0.000961409438437
e0_diagonal,cosine_6,380,62.3943268534,62.3933525871,0.000128464139138,0.00097426629786,0.762400396526,0.00074278101181
e0_diagonal,cosine_6,382,62.3940384539,62.3933606089,0.000136485983845,0.000677844963249,0.76018690203,0.000515288862669
e0_diagonal,cosine_6,384,62.3937408952,62.3933670316,0.000142908672679,0.000373863558245,0.75796753874,0.000283376441068
e0_diagonal,cosine_6,386,62.3934396954,62.3933717347,0.000147611790055,6.79606434772e-05,0.755742383731,5.13607387014e-05
e0_diagonal,cosine_6,388,62.3931402882,62.3933746192,0.000150496213635,-0.000234330931441,0.753511514164,-0.000176571054966
e0_diagonal,cosine_6,390,62.3928480955,62.3933756119,0.000151488903356,-0.000527516388388,0.751275007278,-0.000396309878525
e0_diagonal,cosine_6,392,62.3925684489,62.3933746679,0.000150544995378,-0.000806219031631,0.749032940387,-0.000603884611858
e0_diagonal,cosine_6,394,62.3923065165,62.3933717718,0.000147648854181,-0.00106525526061,0.746785390878,-0.000795517066182
e0_diagonal,cosine_6,396,62.3920673364,62.3933669387,0.00014281571778,-0.00129960227533,0.744532436203,-0.000967596048148
e0_diagonal,cosine_6,398,62.3918555927,62.3933602157,0.000136092786306,-0.00150462306062,0.742274153881,-0.00111684280923
e0_diagonal,cosine_6,400,62.39167564,62.3933516828,0.000127559898687,-0.00167604288248,0.740010621484,-0.0012402895351
e0_diagonal,cosine_6,402,62.3915312543,62.3933414517,0.000117328775147,-0.00181019740259,0.737741916646,-0.00133545850129
e0_diagonal,cosine_6,404,62.3914253879,62.3933296637,0.000105540797307,-0.00190427583444,0.735468117046,-0.00140053416229
e0_diagonal,cosine_6,406,62.3913602476,62.3933164884,9.23654086762e-05,-0.00195624080293,0.733189300414,-0.00143429482574
e0_diagonal,cosine_6,408,62.3913371609,62.393302121,7.79980019772e-05,-0.00196496006763,0.730905544522,-0.0014362002082
e0_diagonal,cosine_6,410,62.3913564438,62.3932867787,6.265578957e-05,-0.00193033494877,0.72861692718,-0.0014064747188
e0_diagonal,cosine_6,412,62.3914175566,62.3932706957,4.6572757995e-05,-0.0018531390654,0.726323526234,-0.00134597850059
e0_diagonal,cosine_6,414,62.3915192347,62.3932541184,2.99954060665e-05,-0.00173488367847,0.724025419559,-0.00125609988319
e0_diagonal,cosine_6,416,62.3916594275,62.3932373011,1.31781883539e-05,-0.00157787367768,0.72172268506,-0.00113878722734
e0_diagonal,cosine_6,418,62.3918352045,62.3932205004,-3.62254110087e-06,-0.0013852958917,0.719415400663,-0.000996603198965
e0_diagonal,cosine_6,420,62.3920426451,62.3932039686,-2.0154369814e-05,-0.00116132348675,0.717103644312,-0.000832789304572
e0_diagonal,cosine_6,422,62.3922765669,62.3931879488,-3.61741908605e-05,-0.000911381878922,0.714787493968,-0.000651444369282
e0_diagonal,cosine_6,424,62.3925303973,62.3931726692,-5.1453743481e-05,-0.000642271941587,0.7124670276,-0.000457597581133
e0_diagonal,cosine_6,426,62.3927963103,62.3931583384,-6.57845505287e-05,-0.000362028076694,0.710142323187,-0.000257091459442
e0_diagonal,cosine_6,428,62.3930653627,62.3931451408,-7.89821438474e-05,-7.97780586197e-05,0.707813458708,-5.64679836006e-05
e0_diagonal,cosine_6,430,62.3933278753,62.3931332325,-9.08904927286e-05,0.000194642795137,0.705480512144,0.000137316698798
e0_diagonal,cosine_6,432,62.3935741091,62.3931227377,-0.000101385266333,0.000451371383747,0.703143561467,0.000317378882312
e0_diagonal,cosine_6,434,62.3937948831,62.3931137473,-0.000110375638485,0.000681135765454,0.700802684643,0.000477341773037
e0_diagonal,cosine_6,436,62.3939821534,62.393106317,-0.00011780591911,0.000875836335389,0.698457959625,0.000611734859781
e0_diagonal,cosine_6,438,62.3941295698,62.3931004675,-0.000123655406277,0.0010291022086,0.696109464346,0.000716367787184
e0_diagonal,cosine_6,440,62.394232869,62.3930961866,-0.000127936301467,0.00113668239491,0.69375727672,0.000788581682787
e0_diagonal,cosine_6,442,62.3942900564,62.3930934297,-0.000130693279964,0.00119662669486,0.691401474638,0.000827349461414
e0_diagonal,cosine_6,444,62.394301362,62.3930921187,-0.000132004250261,0.00120924329863,0.689042135958,0.000833219585382
e0_diagonal,cosine_6,446,62.3942688899,62.3930921445,-0.000131978422985,0.00117674537469,0.686679338508,0.000808046735487
e0_diagonal,cosine_6,448,62.3941961026,62.393093371,-0.000130751997631,0.00110273163914,0.68431316008,0.000754613772702
e0_diagonal,cosine_6,450,62.3940874339,62.3930956399,-0.000128483076736,0.000991793996874,0.681943678423,0.000676347646466
e0_diagonal,cosine_6,452,62.3939478248,62.3930987773,-0.000125345639219,0.000849047531801,0.679570971242,0.000576988055817
e0_diagonal,cosine_6,454,62.3937824169,62.3931026004,-0.000121522506376,0.000679816464839,0.677195116196,0.000460368389898
e0_diagonal,cosine_6,456,62.3935963479,62.3931069254,-0.000117197573523,0.000489422522328,0.674816190888,0.000330270242252
e0_diagonal,cosine_6,458,62.3933944803,62.3931115755,-0.000112547476192,0.000282904830648,0.672434272868,0.000190234904088
e0_diagonal,cosine_6,460,62.3931813955,62.3931163897,-0.000107733275399,6.5005863874e-05,0.670049439625,4.35571426611e-05
e0_diagonal,cosine_6,462,62.392961587,62.3931212301,-0.000102892854514,-0.000159643098485,0.667661768583,-0.000106587593476
e0_diagonal,cosine_6,464,62.3927395743,62.3931259886,-9.81343897735e-05,-0.000386414275923,0.665271337099,-0.000257070342017
e0_diagonal,cosine_6,466,62.3925201378,62.3931305916,-9.35313720518e-05,-0.000610453778322,0.66287822246,-0.000404656515468
e0_diagonal,cosine_6,468,62.3923084483,62.3931350035,-8.91194164154e-05,-0.000826555257923,0.660482501876,-0.000545925284692
e0_diagonal,cosine_6,470,62.3921101098,62.393139228,-8.48949665624e-05,-0.00102911822925,0.658084252477,-0.000677246500605
e0_diagonal,cosine_6,472,62.391931127,62.3931433073,-8.08156623791e-05,-0.00121218032918,0.655683551312,-0.000794806703065
e0_diagonal,cosine_6,474,62.3917777146,62.3931473212,-7.68017730479e-05,-0.00136960660402,0.653280475342,-0.000894737253303
e0_diagonal,cosine_6,476,62.3916559323,62.3931513829,-7.27400827074e-05,-0.00149545055384,0.650875101438,-0.000973351530926
e0_diagonal,cosine_6,478,62.3915713109,62.3931556339,-6.84890862033e-05,-0.00158432291722,0.648467506377,-0.00102738193143
e0_diagonal,cosine_6,480,62.3915285658,62.3931602386,-6.38843167309e-05,-0.00163167280986,0.646057766836,-0.00105415489175
e0_diagonal,cosine_6,482,62.3915312327,62.393165377,-5.8745970037e-05,-0.00163414429284,0.643645959393,-0.00105181037115
e0_diagonal,cosine_6,484,62.3915813684,62.3931712342,-5.28887082183e-05,-0.00158986579198,0.641232160518,-0.00101947307672
e0_diagonal,cosine_6,486,62.3916794862,62.3931779919,-4.61310359938e-05,-0.00149850569235,0.638816446574,-0.000957270081556
e0_diagonal,cosine_6,488,62.3918245024,62.3931858183,-3.83046190962e-05,-0.00136131591113,0.636398893809,-0.00086633993997
e0_diagonal,cosine_6,490,62.392013799,62.3931948578,-2.92651432972e-05,-0.00118105885455,0.633979578356,-0.000748767194621
e0_diagonal,cosine_6,492,62.3922435456,62.3932052194,-1.89035839782e-05,-0.000961673732526,0.631558576227,-0.000607353293309
e0_diagonal,cosine_6,494,62.3925085489,62.3932169686,-7.1543307314e-06,-0.000708419724752,0.629135963309,-0.000445692325959
e0_diagonal,cosine_6,496,62.3928023273,62.3932301236,6.00061603961e-06,-0.000427796254129,0.626711815363,-0.000268104967031
e0_diagonal,cosine_6,498,62.3931173974,62.3932446519,2.05289549484e-05,-0.000127254552858,0.624286208019,-7.94432622567e-05
e0_diagonal,cosine_6,500,62.3934452167,62.3932604693,3.63463141184e-05,0.000184747441295,0.621859216769,0.000114886899144
e0_diagonal,cosine_6,502,62.3937766519,62.3932774403,5.33173926272e-05,0.000499211529558,0.619430916971,0.000309227055516
e0_diagonal,cosine_6,504,62.3941023512,62.3932953816,7.12586114346e-05,0.000806969672972,0.617001383837,0.000497901404938
e0_diagonal,cosine_6,506,62.3944129231,62.3933140637,8.99407824022e-05,0.00109885935301,0.614570692437,0.000675326753468
e0_diagonal,cosine_6,508,62.394699269,62.3933332167,0.000109093707337,0.00136605235666,0.612138917688,0.00083621381111
e0_diagonal,cosine_6,510,62.3949528305,62.3933525372,0.000128414202379,0.00160029334525,0.609706134357,0.000975708669369
e0_diagonal,cosine_6,512,62.3951658438,62.3933716989,0.00014757594483,0.00179414494442,0.607272417055,0.00108953473694
e0_diagonal,cosine_6,514,62.3953316558,62.3933903604,0.000166237480471,0.00194129539285,0.60483784023,0.00117416891266
e0_diagonal,cosine_6,516,62.3954448739,62.3934081726,0.000184049671212,0.00203670127092,0.60240247817,0.00122691389289
e0_diagonal,cosine_6,518,62.395501551,62.3934247886,0.000200665610137,0.00207676246987,0.599966404995,0.00124598771308
e0_diagonal,cosine_6,520,62.3954995322,62.3934398742,0.00021575123035,0.00205965806617,0.597529694656,0.00123070685537
e0_diagonal,cosine_6,522,62.39543876,62.3934531178,0.000228994801233,0.00198564229724,0.595092420927,0.00118164068176
e0_diagonal,cosine_6,524,62.3953215542,62.3934642383,0.000240115377466,0.00185731583868,0.592654657409,0.00110074688207
e0_diagonal,cosine_6,526,62.3951528752,62.3934729923,0.00024886934392,0.00167988286775,0.59021647752,0.000991494548849
e0_diagonal,cosine_6,528,62.3949401364,62.3934791779,0.000255054913424,0.0014609585788,0.587777954496,0.000858719245052
e0_diagonal,cosine_6,530,62.3946927543,62.3934826385,0.000258515579972,0.00121011578453,0.585339161383,0.000708328158493
e0_diagonal,cosine_6,532,62.3944215336,62.3934832659,0.000259142970023,0.000938267719874,0.582900171039,0.000546916414395
e0_diagonal,cosine_6,534,62.3941378809,62.3934810014,0.000256878456241,0.00065687946352,0.580461056126,0.000381292947142
e0_diagonal,cosine_6,536,62.3938529722,62.3934758361,0.000251713158782,0.000377136137381,0.578021889111,0.000217992942581
e0_diagonal,cosine_6,538,62.3935769088,62.3934678098,0.000243686846872,0.00010909898019,0.575582742259,6.27954901951e-05
e0_diagonal,cosine_6,540,62.3933183883,62.3934570104,0.000232887480145,-0.000138622081913,0.573143687631,-7.94503712146e-05
e0_diagonal,cosine_6,542,62.3930843748,62.3934435722,0.000219449243879,-0.000359197373719,0.570704797082,-0.00020499566428
e0_diagonal,cosine_6,544,62.3928801285,62.3934276715,0.000203548588907,-0.000547543003208,0.568266142255,-0.000311150150151
e0_diagonal,cosine_6,546,62.3927091866,62.3934095229,0.000185399944058,-0.000700336287288,0.56582779458,-0.000396269736901
e0_diagonal,cosine_6,548,62.3925733811,62.3933893745,0.000165251550378,-0.000815993374836,0.563389825272,-0.000459722364872
e0_diagonal,cosine_6,550,62.3924731671,62.3933675048,0.000143381891249,-0.000894337748178,0.560952305324,-0.000501680821579
e0_diagonal,cosine_6,552,62.3924077858,62.3933442163,0.000120093308055,-0.000936430417369,0.558515305506,-0.000523010720641
e0_diagonal,cosine_6,554,62.3923753595,62.3933198249,9.57019263694e-05,-0.000944465343053,0.556078896362,-0.000525197245617
e0_diagonal,cosine_6,556,62.3923730409,62.3932946528,7.05298777888e-05,-0.000921611956365,0.553643148207,-0.000510244144947
e0_diagonal,cosine_6,558,62.3923972914,62.393269023,4.49000115452e-05,-0.000871731514621,0.551208131124,-0.000480505499016
e0_diagonal,cosine_6,560,62.39244404,62.3932432521,1.91291737366e-05,-0.000799212155499,0.548773914959,-0.000438586783456
e0_diagonal,cosine_6,562,62.3925089327,62.3932176443,-6.4786184879e-06,-0.000708711614102,0.546340569319,-0.000387197906732
e0_diagonal,cosine_6,564,62.3925877131,62.3931924849,-3.16380555105e-05,-0.000604771840479,0.543908163571,-0.000328940341134
e0_diagonal,cosine_6,566,62.3926764848,62.3931680352,-5.60877639089e-05,-0.000491550428229,0.541476766837,-0.000266163136615
e0_diagonal,cosine_6,568,62.3927717382,62.3931445289,-7.95940815976e-05,-0.000372790640583,0.53904644799,-0.00020095147065
e0_diagonal,cosine_6,570,62.3928705808,62.3931221705,-0.00010195245342,-0.000251589730695,0.536617275653,-0.000135007395868
e0_diagonal,cosine_6,572,62.3929708436,62.3931011349,-0.000122988060106,-0.000130291298866,0.534189318196,-6.96002201082e-05
e0_diagonal,cosine_6,574,62.3930709395,62.393081566,-0.000142556958295,-1.0626499062e-05,0.53176264373,-5.65077523482e-06
e0_diagonal,cosine_6,576,62.3931699895,62.3930635766,-0.000160546303171,0.000106412852134,0.52933732011,5.63282939737e-05
e0_diagonal,cosine_6,578,62.3932676919,62.3930472492,-0.000176873759159,0.000220442726828,0.526913414926,0.000116154229989
e0_diagonal,cosine_6,580,62.3933638968,62.3930326359,-0.000191487027685,0.000331260917228,0.524490995504,0.000173743368249
e0_diagonal,cosine_6,582,62.3934585524,62.3930197604,-0.000204362569406,0.000438792002434,0.5220701289,0.000229080197271
e0_diagonal,cosine_6,584,62.393551403,62.3930086191,-0.000215503892683,0.000542783916124,0.519650881901,0.000282058140696
e0_diagonal,cosine_6,586,62.3936415358,62.3929991844,-0.000224938540256,0.000642351420126,0.51723332102,0.000332245558294
e0_diagonal,cosine_6,588,62.3937271896,62.3929914101,-0.000232712801562,0.000735779444014,0.514817512493,0.000378792143111
e0_diagonal,cosine_6,590,62.393805624,62.3929852366,-0.000238886345095,0.000820387366367,0.512403522276,0.000420369376157
e0_diagonal,cosine_6,592,62.3938731799,62.3929805953,-0.000243527666171,0.000892584655162,0.509991416043,0.000455210512225
e0_diagonal,cosine_6,594,62.3939254387,62.3929774137,-0.000246709246497,0.000948025001158,0.507581259186,0.000481199723827
e0_diagonal,cosine_6,596,62.3939575839,62.3929756204,-0.000248502573655,0.000981963504969,0.505173116805,0.000496061564395
e0_diagonal,cosine_6,598,62.3939649244,62.3929751486,-0.000248974305038,0.000989775752977,0.502767053714,0.000497626639162
e0_diagonal,cosine_6,600,62.393943279,62.3929759389,-0.000248184010104,0.000967340046969,0.500363134433,0.000484021297964
e0_diagonal,cosine_6,602,62.3938894964,62.3929779416,-0.000246181310303,0.000911554799288,0.497961423184,0.000453919125163
e0_diagonal,cosine_6,604,62.3938019047,62.3929811194,-0.000243003599216,0.000820785366095,0.495561983895,0.000406750024374
e0_diagonal,cosine_6,606,62.3936804659,62.3929854458,-0.000238677171303,0.000695020078609,0.49316488019,0.000342759493797
e0_diagonal,cosine_6,608,62.3935267497,62.3929909045,-0.000233218433102,0.000535845167789,0.490770175394,0.00026297682698
e0_diagonal,cosine_6,610,62.3933438573,62.3929974893,-0.000226633620535,0.000346367946626,0.488377932522,0.000169158461665
e0_diagonal,cosine_6,612,62.3931362299,62.3930052031,-0.000218919807523,0.000131026730678,0.485988214285,6.36774468656e-05
e0_diagonal,cosine_6,614,62.3929094172,62.3930140546,-0.000210068329146,-0.00010463740626,0.483601083079,-5.06027629977e-05
e0_diagonal,cosine_6,616,62.3926698995,62.3930240541,-0.000200068879892,-0.00035415456226,0.481216600991,-0.000170425054676
e0_diagonal,cosine_6,618,62.3924247371,62.3930352099,-0.000188913057229,-0.000610472769054,0.47883482979,-0.000292315624462
e0_diagonal,cosine_6,620,62.392181445,62.3930475256,-0.000176597373894,-0.000866080574966,0.476455830929,-0.000412649139997
e0_diagonal,cosine_6,622,62.3919479138,62.3930609967,-0.000163126287035,-0.00111308284096,0.47407966554,-0.00052768994096
e0_diagonal,cosine_6,624,62.3917322264,62.3930756072,-0.000148515769638,-0.00134338081671,0.471706394431,-0.0006336813214
e0_diagonal,cosine_6,626,62.3915424454,62.3930913272,-0.000132795759484,-0.00154888182189,0.469336078089,-0.000726946119709
e0_diagonal,cosine_6,628,62.3913862878,62.3931081114,-0.000116011588801,-0.00172182355013,0.466968776669,-0.000804037836846
e0_diagonal,cosine_6,630,62.3912707515,62.3931258979,-9.82250564903e-05,-0.00185514640329,0.46460455,-0.000861909459884
e0_diagonal,cosine_6,632,62.3912016318,62.3931446086,-7.95143690624e-05,-0.00194297677366,0.462243457579,-0.000898128301853
e0_diagonal,cosine_6,634,62.3911831059,62.3931641501,-5.9972880166e-05,-0.00198104420939,0.459885558567,-0.000911053622784
e0_diagonal,cosine_6,636,62.3912174689,62.3931844155,-3.97074380203e-05,-0.0019669465763,0.457530911792,-0.000899938860499
e0_diagonal,cosine_6,638,62.3913049091,62.3932052864,-1.88365796276e-05,-0.00190037728599,0.455179575741,-0.000865012926785
e0_diagonal,cosine_6,640,62.3914434423,62.3932266348,2.51185586819e-06,-0.00178319246478,0.452831608562,-0.000807485912201
e0_diagonal,cosine_6,642,62.391629038,62.3932483264,2.42034768476e-05,-0.00161928843468,0.45048706806,-0.000729468499281
e0_diagonal,cosine_6,644,62.3918558795,62.3932702234,4.61004091648e-05,-0.00141434381207,0.448146011697,-0.000633832538548
e0_diagonal,cosine_6,646,62.3921166822,62.3932921864,6.8063474302e-05,-0.00117550424048,0.445808496586,-0.000524049778178
e0_diagonal,cosine_6,648,62.3924031,62.3933140765,8.99535059986e-05,-0.000910976417266,0.443474579492,-0.000403994883574
e0_diagonal,cosine_6,650,62.3927062393,62.3933357549,0.000111631941714,-0.000629515610221,0.44114431683,-0.000277707233805
e0_diagonal,cosine_6,652,62.3930170726,62.3933570828,0.000132959808454,-0.000340010142772,0.438817764663,-0.000149202490814
e0_diagonal,cosine_6,654,62.3933268096,62.3933779191,0.000153796150485,-5.11095149136e-05,0.436494978698,-2.23090466235e-05
e0_diagonal,cosine_6,656,62.3936272702,62.3933981205,0.000173997581925,0.000229149706101,0.434176014285,9.94913060695e-05
e0_diagonal,cosine_6,658,62.3939110319,62.3934175428,0.000193419867067,0.000493489098936,0.431860926418,0.000213118659444
e0_diagonal,cosine_6,660,62.3941716077,62.3934360429,0.000211919984579,0.000735564717914,0.429549769727,0.0003159616552
e0_diagonal,cosine_6,662,62.3944036745,62.3934534805,0.000229357570895,0.000950193972052,0.427242598485,0.000405963341684
e0_diagonal,cosine_6,664,62.3946031177,62.3934697186,0.00024559562678,0.0011333991054,0.424939466595,0.000481626011288
e0_diagonal,cosine_6,666,62.3947669784,62.393484623,0.000260500090313,0.00128235535733,0.422640427599,0.000541975216557
e0_diagonal,cosine_6,668,62.3948933366,62.3934980617,0.000273938771869,0.00139527492117,0.420345534669,0.000586497582751
e0_diagonal,cosine_6,670,62.3949811287,62.3935099035,0.000285780515703,0.00147122527344,0.418054840609,0.000615052847189
e0_diagonal,cosine_6,672,62.3950299985,62.3935200179,0.000295894927362,0.00150998065556,0.415768397852,0.00062780223795
e0_diagonal,cosine_6,674,62.3950402181,62.3935282753,0.000304152314413,0.00151194288276,0.413486258456,0.00062516760559
e0_diagonal,cosine_6,676,62.3950126537,62.393534547,0.00031042407624,0.00147810670075,0.411208474107,0.000607810000984
e0_diagonal,cosine_6,678,62.3949487455,62.3935387067,0.000314583703414,0.00141003881788,0.408935096116,0.000576614359517
e0_diagonal,cosine_6,680,62.3948505019,62.3935406309,0.000316507920161,0.00130987103877,0.406666175413,0.000532680245622
e0_diagonal,cosine_6,682,62.3947205037,62.3935402018,0.000316078830046,0.00118030187753,0.404401762552,0.000477316159618
e0_diagonal,cosine_6,684,62.3945618636,62.3935373106,0.000313187628386,0.00102455299052,0.402141907706,0.000412015694154
e0_diagonal,cosine_6,686,62.3943781642,62.393531862,0.000307739099583,0.000846302124543,0.399886660663,0.000338424930495
e0_diagonal,cosine_6,688,62.3941734085,62.3935237805,0.000299657516692,0.000649628030487,0.39763607083,0.000258315537544
e0_diagonal,cosine_6,690,62.3939520387,62.3935130161,0.000288893146553,0.000439022577858,0.395390187229,0.000173585219257
e0_diagonal,cosine_6,692,62.3937189136,62.3934995507,0.000275427779144,0.000219362905696,0.393149058495,8.62423198431e-05
e0_diagonal,cosine_6,694,62.3934792357,62.3934834027,0.000259279732482,-4.16697277217e-06,0.390912732873,-1.62892271418e-06
e0_diagonal,cosine_6,696,62.3932385251,62.3934646315,0.000240508517933,-0.000226106332306,0.388681258222,-8.78832937326e-05
e0_diagonal,cosine_6,698,62.3930025424,62.3934433416,0.000219218614504,-0.000440799145622,0.386454682007,-0.00017034889365
e0_diagonal,cosine_6,700,62.3927770837,62.3934196845,0.000195561600307,-0.00064260085631,0.384233051304,-0.000246908487791
e0_diagonal,cosine_6,702,62.3925678866,62.393393859,0.000169736041244,-0.000825972417182,0.382016412795,-0.000315535019879
e0_diagonal,cosine_6,704,62.3923804427,62.3933661085,0.000141985522831,-0.000985665750392,0.379804812765,-0.000374360595776
e0_diagonal,cosine_6,706,62.3922196984,62.3933367184,0.000112595460486,-0.00111701998448,0.377598297106,-0.000421784843974
e0_diagonal,cosine_6,708,62.3920898804,62.3933060116,8.18886791478e-05,-0.0012161312533,0.375396911312,-0.000456531916239
e0_diagonal,cosine_6,710,62.3919942866,62.3932743427,5.02197102108e-05,-0.00128005609356,0.373200700478,-0.000477717830766
e0_diagonal,cosine_6,712,62.3919351725,62.3932420912,1.79682443928e-05,-0.00130691865186,0.371009709302,-0.000484879509109
e0_diagonal,cosine_6,714,62.3919138321,62.3932096546,-1.44683517931e-05,-0.00129582249134,0.368823982078,-0.000477930411324
e0_diagonal,cosine_6,716,62.3919306017,62.3931774395,-4.66834787431e-05,-0.00124683780042,0.366643562703,-0.00045714505326
e0_diagonal,cosine_6,718,62.3919848484,62.3931458526,-7.82703204294e-05,-0.0011610042626,0.364468494667,-0.000423149475891
e0_diagonal,cosine_6,720,62.3920750585,62.3931152921,-0.00010883088823,-0.00104023359605,0.362298821058,-0.000376875405474
e0_diagonal,cosine_6,722,62.3921989155,62.3930861384,-0.000137984564574,-0.000887222916433,0.360134584561,-0.000319519656422
e0_diagonal,cosine_6,724,62.3923533393,62.3930587462,-0.000165376793973,-0.000705406864185,0.357975827452,-0.000252518605897
e0_diagonal,cosine_6,726,62.3925345505,62.3930334352,-0.00019068776075,-0.00049888468682,0.355822591604,-0.000177514442176
e0_diagonal,cosine_6,728,62.3927380714,62.3930104837,-0.000213639286017,-0.000272412219559,0.35367491848,-9.63453695454e-05
e0_diagonal,cosine_6,730,62.3929588097,62.3929901232,-0.000233999772547,-3.13135059002e-05,0.351532849136,-1.10077259455e-05
e0_diagonal,cosine_6,732,62.3931911658,62.3929725353,-0.000251587621577,0.000218630501024,0.349396424216,7.63887152824e-05
e0_diagonal,cosine_6,734,62.3934291399,62.3929578497,-0.000266273246822,0.00047129016162,0.347265683958,0.000163662900318
e0_diagonal,cosine_6,736,62.3936665316,62.3929461428,-0.000277980169756,0.000720388843234,0.345140668187,0.000248635486708
e0_diagonal,cosine_6,738,62.3938970837,62.392937438,-0.000286684940022,0.000959645642268,0.343021416315,0.000329179007372
e0_diagonal,cosine_6,740,62.3941146036,62.3929317073,-0.000292415615505,0.00118289630229,0.340907967344,0.000403258773992
e0_diagonal,cosine_6,742,62.3943131372,62.3929288738,-0.000295249159421,0.00138426345519,0.33880035986,0.000468988956761
e0_diagonal,cosine_6,744,62.3944871214,62.3929288156,-0.000295307299851,0.00155830572271,0.336698632038,0.000524679405134
e0_diagonal,cosine_6,746,62.3946314503,62.3929313722,-0.000292750706265,0.00170007810343,0.334602821637,0.00056885093041
e0_diagonal,cosine_6,748,62.394741612,62.3929363511,-0.000287771831772,0.00180526092905,0.332512966001,0.000600272665925
e0_diagonal,cosine_6,750,62.3948138739,62.3929435365,-0.000280586417603,0.00187033732666,0.330429102058,0.000618013883395
e0_diagonal,cosine_6,752,62.3948454613,62.3929526979,-0.000271425067297,0.00189276338142,0.328351266319,0.000621491253131
e0_diagonal,cosine_6,754,62.3948346975,62.3929635974,-0.000260525550658,0.0018711001288,0.32627949488,0.000610501604892
e0_diagonal,cosine_6,756,62.3947811748,62.3929759973,-0.000248125617404,0.00180517749455,0.324213823417,0.000585263497455
e0_diagonal,cosine_6,758,62.3946858493,62.3929896658,-0.000234457175722,0.00169618351723,0.32215428719,0.000546432791935
e0_diagonal,cosine_6,760,62.3945509373,62.3930043808,-0.000219742151955,0.00154655655095,0.32010092104,0.000495054176399
e0_diagonal,cosine_6,762,62.3943800253,62.3930199344,-0.0002041885447,0.0013600909224,0.318053759389,0.000432582030981
e0_diagonal,cosine_6,764,62.3941779793,62.3930361364,-0.000187986573415,0.00114184295703,0.316012836239,0.000360837031391
e0_diagonal,cosine_6,766,62.3939505885,62.3930528168,-0.000171306124244,0.000897771705489,0.313978185173,0.000281880730789
e0_diagonal,cosine_6,768,62.3937044449,62.3930698283,-0.000154294619009,0.000634616604763,0.311949839354,0.000197968547908
e0_diagonal,cosine_6,770,62.3934466241,62.3930870477,-0.000137075227187,0.000359576383246,0.309927831526,0.000111442728727
e0_diagonal,cosine_6,772,62.3931842433,62.3931043765,-0.00011974640033,7.98667564581e-05,0.307912194008,2.45919482093e-05
e0_diagonal,cosine_6,774,62.3929244611,62.3931217403,-0.000102382645061,-0.000197279205246,0.305902958703,-6.03482925752e-05
e0_diagonal,cosine_6,776,62.3926743179,62.3931390866,-8.50363509102e-05,-0.000464768716213,0.30390015709,-0.000141243285868
e0_diagonal,cosine_6,778,62.3924405705,62.3931563824,-6.77405561831e-05,-0.000715811912841,0.301903820227,-0.000216106351051
e0_diagonal,cosine_6,780,62.3922298273,62.3931736106,-5.05123501497e-05,-0.000943783303015,0.299913978751,-0.000283053805486
e0_diagonal,cosine_6,782,62.3920483134,62.3931907664,-3.33565872737e-05,-0.0011424529333,0.297930662876,-0.000340371759723
e0_diagonal,cosine_6,784,62.3919015727,62.3932078535,-1.62694051653e-05,-0.00130628079889,0.295953902395,-0.000386598900054
e0_diagonal,cosine_6,786,62.3917943826,62.3932248813,7.58310093829e-07,-0.00143049866774,0.29398372668,-0.000420543329354
e0_diagonal,cosine_6,788,62.3917303375,62.393241859,1.77360216611e-05,-0.00151152147767,0.292020164678,-0.000441394750825
e0_diagonal,cosine_6,790,62.3917115142,62.3932587912,3.46682186176e-05,-0.00154727699733,0.290063244917,-0.000448808186631
e0_diagonal,cosine_6,792,62.3917384298,62.3932756732,5.15502171226e-05,-0.00153724339376,0.288112995501,-0.000442899798991
e0_diagonal,cosine_6,794,62.391809846,62.393292487,6.83640272712e-05,-0.00148264100496,0.286169444111,-0.000424286552207
e0_diagonal,cosine_6,796,62.3919226671,62.3933091974,8.5074407167e-05,-0.00138653027101,0.284232618009,-0.000394097128876
e0_diagonal,cosine_6,798,62.3920721266,62.3933257493,0.000101626393125,-0.0012536227562,0.282302544031,-0.000353900893329
e0_diagonal,cosine_6,800,62.3922519668,62.393342068,0.000117945092029,-0.00109010127872,0.280379248594,-0.000305641777419
e0_diagonal,cosine_6,802,62.3924547684,62.3933580577,0.000133934735985,-0.000903289268045,0.278462757691,-0.000251532420573
e0_diagonal,cosine_6,804,62.3926723917,62.3933735992,0.000149476239145,-0.00070120745211,0.276553096895,-0.000193921092447
e0_diagonal,cosine_6,806,62.3928963954,62.3933885505,0.000164427534301,-0.000492155090214,0.274650291357,-0.00013517053892
e0_diagonal,cosine_6,808,62.393118597,62.3934027503,0.000178627336496,-0.000284153305039,0.272754365805,-7.75040545071e-05
e0_diagonal,cosine_6,810,62.3933315248,62.3934160226,0.000191899699132,-8.44978364256e-05,0.270865344547,-2.28875355769e-05
e0_diagonal,cosine_6,812,62.3935287751,62.3934281812,0.000204058258582,0.000100593850284,0.26898325147,2.70580609274e-05
e0_diagonal,cosine_6,814,62.393705347,62.3934390335,0.000214910563983,0.000266313515638,0.267108110041,7.11344998406e-05
e0_diagonal,cosine_6,816,62.3938576727,62.3934483857,0.000224262783163,0.000409286932808,0.265239943306,0.000108559242854
e0_diagonal,cosine_6,818,62.3939833928,62.3934560488,0.000231925820543,0.000527344065361,0.263378773889,0.000138891233353
e0_diagonal,cosine_6,820,62.3940811122,62.3934618459,0.000237723000069,0.00061926622115,0.261524623998,0.000161953365641
e0_diagonal,cosine_6,822,62.3941501252,62.3934656208,0.000241497801696,0.000684504469668,0.259677515419,0.000177750419977
e0_diagonal,cosine_6,824,62.39419011,62.3934672426,0.00024311966763,0.000722867360857,0.25783746952,0.000186382291122
e0_diagonal,cosine_6,826,62.394200958,62.3934666109,0.000242487936809,0.000734347145801,0.256004507249,0.000187996179211
e0_diagonal,cosine_6,828,62.394182667,62.3934636581,0.000239535163139,0.000719008899104,0.254178649139,0.000182756710693
e0_diagonal,cosine_6,830,62.3941352611,62.3934583527,0.00023422971428,0.000676908405367,0.252359915303,0.000170824547846
e0_diagonal,cosine_6,832,62.3940589924,62.3934507006,0.000226577648604,0.000608291851698,0.250548325437,0.00015240650482
e0_diagonal,cosine_6,834,62.393954657,62.3934407473,0.000216624319279,0.000513909755057,0.248743898821,0.000127831916115
e0_diagonal,cosine_6,836,62.3938239063,62.3934285791,0.000204456114503,0.000395327238095,0.24694665432,9.76247388092e-05
e0_diagonal,cosine_6,838,62.3936697044,62.3934143252,0.000190202233682,0.000255379200937,0.245156610382,6.26078992636e-05
e0_diagonal,cosine_6,840,62.3934965106,62.3933981575,0.000174034569696,9.83530329677e-05,0.24337378504,2.39365499035e-05
e0_diagonal,cosine_6,842,62.3933102254,62.3933802867,0.000156163771578,-7.00613558138e-05,0.241598195915,-1.6926697168e-05
e0_diagonal,cosine_6,844,62.3931179767,62.3933609561,0.000136833159537,-0.000242979430084,0.239829860212,-5.82737227514e-05
e0_diagonal,cosine_6,846,62.3929275181,62.3933404346,0.000116311637179,-0.000412916461094,0.238068794725,-9.83025242149e-05
e0_diagonal,cosine_6,848,62.3927464135,62.3933190081,9.4885118358e-05,-0.000572594595276,0.236315015835,-0.00013531270085
e0_diagonal,cosine_6,850,62.3925814576,62.3932969703,7.28473757192e-05,-0.000715512739902,0.234568539512,-0.000167836778401
e0_diagonal,cosine_6,852,62.3924382244,62.3932746141,5.0491117193e-05,-0.000836389678717,0.232829381315,-0.000194736091434
e0_diagonal,cosine_6,854,62.3923206921,62.3932522229,2.80999239308e-05,-0.000931530784037,0.231097556392,-0.000215274487895
e0_diagonal,cosine_6,856,62.3922310874,62.3932300639,5.94094574069e-06,-0.000998976446205,0.229373079486,-0.0002291383038
e0_diagonal,cosine_6,858,62.3921699869,62.3932083812,-1.57417676832e-05,-0.00103839424448,0.227655964927,-0.000236396643702
e0_diagonal,cosine_6,860,62.3921364804,62.3931873916,-3.67313539087e-05,-0.00105091124484,0.225946226641,-0.000237449430306
e0_diagonal,cosine_6,862,62.3921285108,62.3931672836,-5.68393734568e-05,-0.00103877282195,0.224243878145,-0.000232938446105
e0_diagonal,cosine_6,864,62.3921433578,62.3931482172,-7.59057675026e-05,-0.00100485935185,0.222548932552,-0.00022363037612
e0_diagonal,cosine_6,866,62.392177705,62.3931303262,-9.37967725676e-05,-0.000952621173973,0.220861402571,-0.000210397248602
e0_diagonal,cosine_6,868,62.3922278314,62.393113721,-0.000110401958196,-0.000885889611503,0.219181300505,-0.000194170437153
e0_diagonal,cosine_6,870,62.3922902157,62.3930984892,-0.000125633726832,-0.000808273567834,0.217508638256,-0.000175806483078
e0_diagonal,cosine_6,872,62.3923617357,62.393084696,-0.000139426976915,-0.000722960266899,0.215843427325,-0.000156046221827
e0_diagonal,cosine_6,874,62.3924393672,62.3930723874,-0.000151735550077,-0.000633020183095,0.21418567881,-0.000135583857616
e0_diagonal,cosine_6,876,62.3925206484,62.3930615958,-0.000162527177118,-0.000540947347751,0.21253540341,-0.000114970462778
e0_diagonal,cosine_6,878,62.3926040784,62.3930523436,-0.000171779330188,-0.000448265207474,0.210892611428,-9.45358202163e-05
e0_diagonal,cosine_6,880,62.3926891929,62.3930446465,-0.000179476473235,-0.00035545355319,0.209257312765,-7.43812553534e-05
e0_diagonal,cosine_6,882,62.3927766145,62.3930385148,-0.000185608192353,-0.00026190025541,0.207629516929,-5.43782235144e-05
e0_diagonal,cosine_6,884,62.3928677902,62.393033956,-0.000190166941756,-0.000166165758891,0.206009233033,-3.42316805455e-05
e0_diagonal,cosine_6,886,62.3929644535,62.3930309764,-0.000193146527039,-6.65229325989e-05,0.204396469792,-1.35970525835e-05
e0_diagonal,cosine_6,888,62.3930681796,62.3930295805,-0.0001945424046,3.85990493754e-05,0.202791235533,7.82754891326e-06
e0_diagonal,cosine_6,890,62.3931799163,62.393029772,-0.00019435091837,0.000150144283701,0.201193538189,3.02080596766e-05
e0_diagonal,cosine_6,892,62.3932995177,62.3930315547,-0.000192568249673,0.000267962985376,0.1996033853,5.34863190162e-05
e0_diagonal,cosine_6,894,62.3934258774,62.3930349317,-0.000189191270991,0.000390945770647,0.198020784022,7.74153880135e-05
e0_diagonal,cosine_6,896,62.393556927,62.3930399034,-0.0001842195827,0.000517023633556,0.196445741118,0.00010156709087
e0_diagonal,cosine_6,898,62.3936896078,62.3930464634,-0.000177659592339,0.000643144480883,0.194878262969,0.000125334879272
e0_diagonal,cosine_6,900,62.3938203722,62.3930545943,-0.000169528612687,0.000765777869191,0.193318355565,0.0001480389184
e0_diagonal,cosine_6,902,62.3939454031,62.3930642652,-0.00015985770699,0.000881137824742,0.191766024518,0.000168972297703
e0_diagonal,cosine_6,904,62.3940606392,62.3930754267,-0.000148696235215,0.000985212485304,0.190221275053,0.000187408375152
e0_diagonal,cosine_6,906,62.3941621047,62.3930880063,-0.000136116642921,0.00107409840926,0.188684112014,0.000202665304567
e0_diagonal,cosine_6,908,62.3942461564,62.3931019062,-0.000122216762989,0.00114425018194,0.187154539868,0.000214151616294
e0_diagonal,cosine_6,910,62.3943095007,62.3931170023,-0.000107120636514,0.0011924984326,0.1856325627,0.000221366540059
e0_diagonal,cosine_6,912,62.3943491576,62.3931331443,-9.09786245273e-05,0.00121601332242,0.18411818422,0.000223890164911
e0_diagonal,cosine_6,914,62.3943626573,62.3931501569,-7.39660132467e-05,0.00121250041137,0.182611407762,0.000221416407032
e0_diagonal,cosine_6,916,62.3943482691,62.393167844,-5.62789347143e-05,0.00118042512992,0.181112236285,0.000213789435047
e0_diagonal,cosine_6,918,62.3943051438,62.3931859951,-3.81278634194e-05,0.0011191487022,0.179620672376,0.000201022242378
e0_diagonal,cosine_6,920,62.3942335446,62.3932043906,-1.97323332429e-05,0.00102915400559,0.17813671825,0.00018333011713
e0_diagonal,cosine_6,922,62.3941353382,62.3932228058,-1.31715070495e-06,0.000912532363586,0.176660375755,0.000161208310239
e0_diagonal,cosine_6,924,62.3940141813,62.3932410159,1.68929684463e-05,0.000773165340028,0.175191646367,0.000135452108833
e0_diagonal,cosine_6,926,62.3938752952,62.3932588019,3.46789765473e-05,0.00061649330825,0.173730531198,0.000107103709923
e0_diagonal,cosine_6,928,62.3937253931,62.3932759558,5.18328977535e-05,0.000449437203059,0.172277030996,7.7427706962e-05
e0_diagonal,cosine_6,930,62.3935723463,62.3932922867,6.81637969819e-05,0.000280059586963,0.170831146142,4.78429002289e-05
e0_diagonal,cosine_6,932,62.3934246975,62.3933076252,8.35022577874e-05,0.000117072253396,0.169392876658,1.98312057796e-05
e0_diagonal,cosine_6,934,62.3932908437,62.3933218263,9.77033677145e-05,-3.09826567531e-05,0.167962222207,-5.20391587811e-06
e0_diagonal,cosine_6,936,62.3931783182,62.3933347729,0.000110649994738,-0.000156454704424,0.16653918209,-2.60558385089e-05
e0_diagonal,cosine_6,938,62.3930931314,62.3933463791,0.000122256140216,-0.000253247709772,0.165123755255,-4.18172128472e-05
e0_diagonal,cosine_6,940,62.3930392451,62.3933565916,0.000132468622176,-0.00031734643818,0.163715940293,-5.19546705252e-05
e0_diagonal,cosine_6,942,62.3930182726,62.3933653897,0.000141266793008,-0.000347117141573,0.162315735441,-5.63425741186e-05
e0_diagonal,cosine_6,944,62.3930295562,62.3933727831,0.000148660182774,-0.000343226884112,0.160923138587,-5.52331474389e-05
e0_diagonal,cosine_6,946,62.3930707344,62.3933788074,0.000154684487008,-0.00030807308196,0.159538147268,-4.9149408719e-05
e0_diagonal,cosine_6,948,62.3931380523,62.3933835189,0.000159395924783,-0.000245466581895,0.158160758671,-3.88231808209e-05
e0_diagonal,cosine_6,950,62.3932265916,62.3933869874,0.000162864455419,-0.000160395755586,0.15679096964,-2.51486060445e-05
e0_diagonal,cosine_6,952,62.3933308547,62.393389292,0.000165169020534,-5.84372429202e-05,0.155428776673,-9.08282917924e-06
e0_diagonal,cosine_6,954,62.3934451052,62.3933905167,0.000166393771821,5.45885015839e-05,0.154074175925,8.41067839654e-06
e0_diagonal,cosine_6,956,62.3935634833,62.3933907455,0.000166622571939,0.000172737798977,0.152727163211,2.63817540171e-05
e0_diagonal,cosine_6,958,62.3936801395,62.3933900564,0.000165933490948,0.000290083073281,0.151387734007,4.3915019138e-05
e0_diagonal,cosine_6,960,62.3937894148,62.3933885181,0.000164395141653,0.000400896686202,0.150055883452,6.0156906421e-05
e0_diagonal,cosine_6,962,62.3938859972,62.393386187,0.000162064021808,0.000499810247192,0.148731606349,7.43375809345e-05
e0_diagonal,cosine_6,964,62.3939650169,62.3933831044,0.0001589814349,0.000581912535409,0.147414897169,8.57825765685e-05
e0_diagonal,cosine_6,966,62.3940222573,62.3933792932,0.000155170262346,0.000642964135906,0.14610575005,9.39407573319e-05
e0_diagonal,cosine_6,968,62.3940542111,62.3933747571,0.000150634184081,0.000679454012143,0.144804158803,9.83877666736e-05
e0_diagonal,cosine_6,970,62.3940582215,62.3933694825,0.000145359513255,0.000688739047078,0.143510116909,9.8841021166e-05
e0_diagonal,cosine_6,972,62.3940326828,62.3933634388,0.000139315841849,0.000669244034356,0.142223617526,9.51823075734e-05
e0_diagonal,cosine_6,974,62.3939771246,62.3933565799,0.000132456982485,0.000620544713399,0.140944653485,8.74624596023e-05
e0_diagonal,cosine_6,976,62.3938923321,62.3933488478,0.000124724836553,0.000543484271965,0.1396732173,7.59101968175e-05
e0_diagonal,cosine_6,978,62.3937803986,62.3933401775,0.000116054576473,0.000440221092099,0.138409301162,6.09306937144e-05
e0_diagonal,cosine_6,980,62.3936448115,62.3933305029,0.000106379931289,0.000314308596565,0.137152896946,4.3108334554e-05
e0_diagonal,cosine_6,982,62.3934904044,62.3933197607,9.56377419143e-05,0.000170643708046,0.135903996211,2.31911618517e-05
e0_diagonal,cosine_6,984,62.393322924,62.3933078956,8.37726479546e-05,1.5028362867e-05,0.134662590203,2.02375827018e-06
e0_diagonal,cosine_6,986,62.3931484835,62.3932948673,7.07443012686e-05,-0.00014638375022,0.133428669855,-1.95317890803e-05
e0_diagonal,cosine_6,988,62.3929731401,62.3932806573,5.65343853225e-05,-0.000307517231889,0.132202225794,-4.06544625257e-05
e0_diagonal,cosine_6,990,62.3928023816,62.3932652739,4.11509764291e-05,-0.000462892304171,0.130983248337,-6.06311376303e-05
e0_diagonal,cosine_6,992,62.3926408221,62.3932487556,2.46326023401e-05,-0.000607933490599,0.129771727496,-7.88925792779e-05
e0_diagonal,cosine_6,994,62.3924922281,62.3932311747,7.05178138105e-06,-0.00073894661675,0.128567652983,-9.50046321949e-05
e0_diagonal,cosine_6,996,62.3923596406,62.3932126386,-1.14843778363e-05,-0.000852997947945,0.127371014205,-0.000108647213744
e0_diagonal,cosine_6,998,62.392245497,62.3931932876,-3.08353450293e-05,-0.000947790621304,0.126181800272,-0.000119593926877
e0_diagonal,cosine_6,1000,62.3921518898,62.3931732944,-5.082854139e-05,-0.00102140460332,0.125,-0.000127675575415
e0_diagonal,cosine_6,1002,62.3920805164,62.3931528619,-7.12610736926e-05,-0.00107234550698,0.123825601907,-0.000132783827853
e0_diagonal,cosine_6,1004,62.3920325352,62.3931322202,-9.19027607722e-05,-0.00109968496926,0.122658594219,-0.000134885812413
e0_diagonal,cosine_6,1006,62.3920083965,62.3931116233,-0.000112499692634,-0.00110322676183,0.121498964875,-0.000134040909585
e0_diagonal,cosine_6,1008,62.3920076567,62.393091346,-0.000132776963078,-0.00108368923928,0.120346701522,-0.000130418425423
e0_diagonal,cosine_6,1010,62.3920289338,62.3930716806,-0.000152442336976,-0.00104274684139,0.119201791526,-0.000124297291601
e0_diagonal,cosine_6,1012,62.3920700335,62.3930529297,-0.000171193259462,-0.000982896202032,0.118064221966,-0.000116044875366
e0_diagonal,cosine_6,1014,62.3921281454,62.3930353988,-0.000188724191979,-0.000907253369085,0.11693397964,-0.000106088746989
e0_diagonal,cosine_6,1016,62.3922000947,62.3930193897,-0.000204733201016,-0.000819295061135,0.11581105107,-9.48834221665e-05
e0_diagonal,cosine_6,1018,62.3922826096,62.3930051927,-0.000218930262697,-0.000722583104938,0.114695422498,-8.28769745108e-05
e0_diagonal,cosine_6,1020,62.3923725516,62.3929930783,-0.000231044689762,-0.000620526662608,0.113587079893,-7.04838116014e-05
e0_diagonal,cosine_6,1022,62.3924669264,62.3929832912,-0.000240831787579,-0.000516364779592,0.112486008952,-5.80838132198e-05
e0_diagonal,cosine_6,1024,62.3925629815,62.3929760428,-0.000248080172341,-0.000413061295532,0.111392195102,-4.6011804421e-05
e0_diagonal,cosine_6,1026,62.3926583157,62.3929715055,-0.000252617450471,-0.00031318983163,0.110305623502,-3.45465996523e-05
e0_diagonal,cosine_6,1028,62.3927507719,62.3929698082,-0.000254314796443,-0.000219036263509,0.109226279046,-2.39245160392e-05
e0_diagonal,cosine_6,1030,62.3928384297,62.3929710314,-0.000253091594274,-0.000132601645277,0.108154146365,-1.43414177515e-05
e0_diagonal,cosine_6,1032,62.392919728,62.3929752049,-0.000248918079052,-5.54768862884e-05,0.107089209829,-5.94097591641e-06
e0_diagonal,cosine_6,1034,62.3929934662,62.3929823065,-0.000241816463465,1.11597585928e-05,0.106031453551,1.18328542487e-06
e0_diagonal,cosine_6,1036,62.393058694,62.3929922618,-0.000231861155171,6.64321595423e-05,0.104980861386,6.9741053325e-06
e0_diagonal,cosine_6,1038,62.3931149581,62.3930049457,-0.000219177242982,0.000110012428692,0.103937416937,1.14344076693e-05
e0_diagonal,cosine_6,1040,62.3931623152,62.3930201843,-0.000203938637206,0.000142130884235,0.102901103555,1.46254248371e-05
e0_diagonal,cosine_6,1042,62.3932012488,62.3930377578,-0.00018636514379,0.000163491037071,0.101871904341,1.66551432892e-05
e0_diagonal,cosine_6,1044,62.3932327251,62.3930574057,-0.000166717253379,0.000175319403219,0.100849802152,1.76809271281e-05
e0_diagonal,cosine_6,1046,62.3932580278,62.3930788328,-0.000145290176825,0.000179194992874,0.0998347795987,1.78898926188e-05
e0_diagonal,cosine_6,1048,62.393278805,62.393101717,-0.000122405955352,0.000177088024387,0.0988268190501,1.7501046142e-05
e0_diagonal,cosine_6,1050,62.3932969284,62.3931257186,-9.84043654313e-05,0.000171209821971,0.0978259026365,1.67487553746e-05
e0_diagonal,cosine_6,1052,62.3933142123,62.3931504882,-7.36347424279e-05,0.000163724128051,0.0968320122508,1.58537367731e-05
e0_diagonal,cosine_6,1054,62.3933324141,62.3931756749,-4.84480422855e-05,0.000156739190764,0.0958451295514,1.50226880446e-05
e0_diagonal,cosine_6,1056,62.3933530984,62.3932009337,-2.31892704363e-05,0.000152164737727,0.0948652359642,1.44351437499e-05
e0_diagonal,cosine_6,1058,62.3933773785,62.3932259328,1.80988099885e-06,0.000151445677474,0.0938923126855,1.42195849043e-05
e0_diagonal,cosine_6,1060,62.39340581,62.3932503611,2.62381471856e-05,0.000155448896514,0.092926340684,1.44452971164e-05
e0_diagonal,cosine_6,1062,62.3934382934,62.3932739333,4.98103951685e-05,0.000164360041254,0.0919673007037,1.51157493376e-05
e0_diagonal,cosine_6,1064,62.39347391,62.3932963953,7.22723366806e-05,0.000177514734162,0.0910151732657,1.6156534287e-05
e0_diagonal,cosine_6,1066,62.3935109811,62.3933175284,9.34054389745e-05,0.000193452713049,0.0900699386712,1.74242740001e-05
e0_diagonal,cosine_6,1068,62.3935470569,62.3933371533,0.00011303031021,0.000209903685786,0.0891315770037,1.8709046533e-05
e0_diagonal,cosine_6,1070,62.3935791267,62.3933551316,0.000131008612655,0.00022399512757,0.0882000681312,1.97563855127e-05
e0_diagonal,cosine_6,1072,62.3936039923,62.3933713673,0.00014724435686,0.000232625028374,0.0872753917094,2.03024404728e-05
e0_diagonal,cosine_6,1074,62.3936186332,62.393385806,0.000161683028907,0.000232827270594,0.0863575271833,2.01063873493e-05
e0_diagonal,cosine_6,1076,62.3936205802,62.3933984325,0.000174309506903,0.000222147724472,0.08544645379,1.89817352736e-05
e0_diagonal,cosine_6,1078,62.3936083286,62.3934092684,0.000185145487322,0.000199060207663,0.0845421505615,1.68289780471e-05
e0_diagonal,cosine_6,1080,62.3935815502,62.3934183685,0.00019424554614,0.000163181693075,0.0836445963265,1.36492668452e-05
e0_diagonal,cosine_6,1082,62.3935411325,62.3934258151,0.000201692135889,0.000115317394133,0.0827537697135,9.54294907807e-06
e0_diagonal,cosine_6,1084,62.3934892191,62.393431713,0.000207590004145,5.75061431576e-05,0.0818696491529,4.70800776445e-06
e0_diagonal,cosine_6,1086,62.3934291091,62.3934361829,0.000212059902019,-7.07378536191e-06,0.0809922128796,-5.72921529896e-07
e0_diagonal,cosine_6,1088,62.3933650605,62.3934393552,0.000215232209555,-7.42946128014e-05,0.0801214389352,-5.95259128278e-06
e0_diagonal,cosine_6,1090,62.3933019703,62.3934413629,0.000217239942813,-0.000139392596729,0.0792573051712,-1.10478815776e-05
e0_diagonal,cosine_6,1092,62.3932450488,62.3934423349,0.000218211981561,-0.000197286171215,0.0783997892507,-1.54671942453e-05
e0_diagonal,cosine_6,1094,62.3931995365,62.3934423906,0.000218267663939,-0.000242854140112,0.0775488686513,-1.88330638129e-05
e0_diagonal,cosine_6,1096,62.3931703479,62.3934416342,0.00021751121087,-0.000271286276991,0.0767045206675,-2.08088838403e-05
e0_diagonal,cosine_6,1098,62.3931615599,62.3934401489,0.000216025953904,-0.000278588997773,0.0758667224131,-2.11356341614e-05
e0_diagonal,cosine_6,1100,62.3931760478,62.3934379934,0.000213870499223,-0.000261945654586,0.0750354508239,-1.96552102832e-05
e0_diagonal,cosine_6,1102,62.3932153259,62.3934351999,0.000211076905906,-0.00021987397303,0.0742106826601,-1.63169976378e-05
e0_diagonal,cosine_6,1104,62.3932793723,62.3934317738,0.000207650864482,-0.000152401465911,0.0733923945086,-1.11851085098e-05
e0_diagonal,cosine_6,1106,62.3933666635,62.3934276964,0.000203573402416,-6.10328716704e-05,0.0725805627858,-4.42980017427e-06
e0_diagonal,cosine_6,1108,62.3934743624,62.3934229253,0.000198802301398,5.14371695743e-05,0.0717751637399,3.69191126852e-06
e0_diagonal,cosine_6,1110,62.3935983903,62.3934173968,0.000193273821189,0.000180993497075,0.0709761734536,1.28462258424e-05
e0_diagonal,cosine_6,1112,62.3937336321,62.3934110296,0.000186906618204,0.00032260248615,0.0701835678464,2.26413934741e-05
e0_diagonal,cosine_6,1114,62.3938741282,62.393403731,0.00017960805453,0.000470397231759,0.0693973226769,3.26443084787e-05
e0_diagonal,cosine_6,1116,62.3940131291,62.3933954046,0.000171281634394,0.000617724560378,0.0686174135461,4.2386661617e-05
e0_diagonal,cosine_6,1118,62.3941434261,62.3933859564,0.000161833454214,0.000757469682426,0.0678438158988,5.13896336834e-05
e0_diagonal,cosine_6,1120,62.3942577202,62.3933753008,0.000151177811475,0.000882419401719,0.067076505027,5.91896094353e-05
e0_diagonal,cosine_6,1122,62.3943488801,62.3933633656,0.000139242692228,0.000985514483745,0.066315456072,6.5354842455e-05
e0_diagonal,cosine_6,1124,62.3944104043,62.3933500975,0.00012597454721,0.00106030679843,0.0655606440268,6.9514396571e-05
e0_diagonal,cosine_6,1126,62.3944368751,62.393335466,0.000111343062215,0.00110140910569,0.0648120437391,7.13845751324e-05
e0_diagonal,cosine_6,1128,62.3944243525,62.3933194685,9.53455351862e-05,0.00110488398367,0.064069629913,7.07895079306e-05
e0_diagonal,cosine_6,1130,62.3943708377,62.3933021325,7.80095848114e-05,0.00106870513756,0.0633333771122,6.76847054986e-05
e0_diagonal,cosine_6,1132,62.3942765405,62.3932835182,5.93952514834e-05,0.000993022265611,0.0626032597623,6.21664308438e-05
e0_diagonal,cosine_6,1134,62.3941439499,62.3932637194,3.95964584357e-05,0.000880230460353,0.0618792521531,5.4468002609e-05
e0_diagonal,cosine_6,1136,62.3939777263,62.3932428642,1.87412193355e-05,0.000734862146039,0.0611613284411,4.49451450729e-05
e0_diagonal,cosine_6,1138,62.393784346,62.3932211142,-3.00873502823e-06,0.000563231771729,0.0604494626524,3.40470579498e-05
e0_diagonal,cosine_6,1140,62.3935716921,62.3931986632,-2.54597772056e-05,0.000373028879267,0.0597436286846,2.22860988516e-05
e0_diagonal,cosine_6,1142,62.3933485527,62.3931757327,-4.83902806252e-05,0.000172820080074,0.0590438003098,1.02039542974e-05
e0_diagonal,cosine_6,1144,62.3931239706,62.3931525675,-7.15554211723e-05,-2.85969695852e-05,0.0583499511766,-1.6686317791e-06
e0_diagonal,cosine_6,1146,62.3929067025,62.3931294306,-9.46923666874e-05,-0.000222728115119,0.0576620548131,-1.28429607824e-05
e0_diagonal,cosine_6,1148,62.3927048926,62.3931065977,-0.000117525244136,-0.000401705079135,0.0569800846288,-2.28891894049e-05
e0_diagonal,cosine_6,1150,62.3925257044,62.3930843531,-0.000139769830817,-0.000558648761661,0.0563040139175,-3.14541676516e-05
e0_diagonal,cosine_6,1152,62.39237518,62.3930629838,-0.000161139157939,-0.000687803784587,0.0556338158599,-3.82651490994e-05
e0_diagonal,cosine_6,1154,62.3922581066,62.3930427733,-0.000181349654767,-0.000784666731839,0.0549694635253,-4.31327092953e-05
e0_diagonal,cosine_6,1156,62.3921778529,62.3930239954,-0.000200127595846,-0.000846142434391,0.0543109298749,-4.59547824183e-05
e0_diagonal,cosine_6,1158,62.3921363732,62.3930069064,-0.000217216541081,-0.0008705332394,0.0536581877638,-4.67112360143e-05
e0_diagonal,cosine_6,1160,62.3921341306,62.3929917384,-0.000232384578339,-0.000857607736961,0.0530112099435,-4.54628237932e-05
e0_diagonal,cosine_6,1162,62.3921700026,62.3929786935,-0.000245429446565,-0.00080869085923,0.0523699690646,-4.23511152807e-05
e0_diagonal,cosine_6,1164,62.3922413511,62.39296794,-0.000256182911528,-0.000726588959367,0.0517344376789,-3.75896712366e-05
e0_diagonal,cosine_6,1166,62.3923441304,62.3929596088,-0.000264514159568,-0.0006154784285,0.051104588242,-3.14537716603e-05
e0_diagonal,cosine_6,1168,62.3924730551,62.3929537911,-0.00027033185026,-0.000480736038227,0.0504803931157,-2.42677441946e-05
e0_diagonal,cosine_6,1170,62.3926219334,62.3929505371,-0.000273585893837,-0.000328603644192,0.0498618245706,-1.638477726e-05
e0_diagonal,cosine_6,1172,62.3927839138,62.3929498551,-0.000274267825588,-0.000165941278148,0.0492488547881,-8.17241791086e-06
e0_diagonal,cosine_6,1174,62.3929518128,62.3929517133,-0.000272409635755,9.94796209852e-08,0.0486414558633,4.83883359345e-09
e0_diagonal,cosine_6,1176,62.3931185074,62.3929560416,-0.000268081379943,0.000162465780804,0.0480395998072,7.80479109217e-06
e0_diagonal,cosine_6,1178,62.3932772471,62.3929627352,-0.000261387709045,0.000314511852501,0.0474432585489,1.49214671349e-05
e0_diagonal,cosine_6,1180,62.3934220037,62.3929716595,-0.000252463490582,0.000450344243163,0.0468524039384,2.1099710392e-05
e0_diagonal,cosine_6,1182,62.3935477627,62.3929826538,-0.000241469187017,0.000565108898911,0.0462670077488,2.61458978048e-05
e0_diagonal,cosine_6,1184,62.3936506755,62.3929955371,-0.000228585844397,0.000655138426509,0.0456870416784,2.99313365971e-05
e0_diagonal,cosine_6,1186,62.3937281902,62.393010113,-0.00021400999178,0.00071807719381,0.0451124773537,3.23942411439e-05
e0_diagonal,cosine_6,1188,62.3937790943,62.3930261737,-0.000197949282764,0.000752920638178,0.0445432863312,3.3537559571e-05
e0_diagonal,cosine_6,1190,62.393803493,62.393043505,-0.000180617971367,0.000759988033991,0.0439794401002,3.34238482178e-05
e0_diagonal,cosine_6,1192,62.3938026374,62.39306189,-0.000162232968584,0.000740747448859,0.0434209100847,3.21639283724e-05
e0_diagonal,cosine_6,1194,62.3937785653,62.3930811116,-0.000143011355902,0.000697453693405,0.0428676676462,2.98982131275e-05
e0_diagonal,cosine_6,1196,62.3937339155,62.3931009545,-0.000123168415996,0.000632960953084,0.0423196840857,2.67867075731e-05
e0_diagonal,cosine_6,1198,62.3936717429,62.3931212083,-0.000102914671245,0.000550534608166,0.0417769306464,2.29996461438e-05
e0_diagonal,cosine_6,1200,62.3935951524,62.3931416707,-8.24522198144e-05,0.000453481682584,0.0412393785157,1.8701302758e-05
e0_diagonal,cosine_6,1202,62.3935070905,62.39316215,-6.19729023867e-05,0.000344940428818,0.0407069988274,1.40414896314e-05
e0_diagonal,cosine_6,1204,62.3934103713,62.3931824665,-4.16564820043e-05,0.000227904856466,0.0401797626647,9.15716304294e-06
e0_diagonal,cosine_6,1206,62.3933076782,62.3932024562,-2.16667783235e-05,0.000105221994687,0.0396576410617,4.1728560971e-06
e0_diagonal,cosine_6,1208,62.3932015083,62.3932219732,-2.14971505841e-06,-2.04649749662e-05,0.0391406050063,-8.01011501616e-07
e0_diagonal,cosine_6,1210,62.3930941325,62.3932408891,1.67661100434e-05,-0.000146756605922,0.0386286254419,-5.66900596129e-06
e0_diagonal,cosine_6,1212,62.3929875533,62.3932590927,3.49697133259e-05,-0.000271539402817,0.0381216732704,-1.03515363943e-05
e0_diagonal,cosine_6,1214,62.3928834342,62.3932764914,5.23684445497e-05,-0.000393057182457,0.0376197193539,-1.47867008941e-05
e0_diagonal,cosine_6,1216,62.3927829276,62.3932930101,6.88871351784e-05,-0.000510082463308,0.0371227345171,-1.89356558672e-05
e0_diagonal,cosine_6,1218,62.3926867024,62.3933085897,8.44667937727e-05,-0.000621887325018,0.0366306895497,-2.27801615376e-05
e0_diagonal,cosine_6,1220,62.3925951867,62.3933231862,9.90632650044e-05,-0.000727999537553,0.0361435552084,-2.63124914772e-05
e0_diagonal,cosine_6,1222,62.3925086959,62.3933367684,0.000112645472569,-0.000828072570179,0.0356613022195,-2.95301461849e-05
e0_diagonal,cosine_6,1224,62.392427627,62.3933493169,0.000125193935148,-0.000921689842428,0.0351839012807,-3.24286444274e-05
e0_diagonal,cosine_6,1226,62.3923528174,62.3933608222,0.000136699269731,-0.0010080048357,0.0347113230636,-3.49891815016e-05
e0_diagonal,cosine_6,1228,62.3922857348,62.3933712837,0.000147160727366,-0.00108554889292,0.0342435382158,-3.71730349997e-05
e0_diagonal,cosine_6,1230,62.3922285121,62.3933807083,0.000156585385056,-0.00115219621483,0.033780517363,-3.89217842408e-05
e0_diagonal,cosine_6,1232,62.3921839975,62.3933891092,0.000164986271855,-0.00120511170175,0.0333222311116,-4.0157010641e-05
e0_diagonal,cosine_6,1234,62.3921556056,62.3933965024,0.00017237947489,-0.00124089687426,0.0328686500501,-4.07866051082e-05
e0_diagonal,cosine_6,1236,62.3921469192,62.3934029068,0.000178783838436,-0.00125598760675,0.0324197447521,-4.07187976226e-05
e0_diagonal,cosine_6,1238,62.3921613022,62.3934083445,0.000184221514729,-0.00124704226822,0.031975485778,-3.9874782312e-05
e0_diagonal,cosine_6,1240,62.392201457,62.3934128395,0.000188716518494,-0.00121138243961,0.0315358436771,-3.82019672486e-05
e0_diagonal,cosine_6,1242,62.392269019,62.3934164167,0.00019229376322,-0.00114739766637,0.0311007889899,-3.56849727092e-05
e0_diagonal,cosine_6,1244,62.3923642795,62.3934191023,0.000194979336868,-0.00105482281765,0.0306702922503,-3.23517240896e-05
e0_diagonal,cosine_6,1246,62.3924859824,62.3934209221,0.00019679916732,-0.000934939700727,0.0302443239873,-2.82766192174e-05
e0_diagonal,cosine_6,1248,62.3926312958,62.3934218982,0.000197775235733,-0.00079060241876,0.0298228547276,-2.3578021082e-05
e0_diagonal,cosine_6,1250,62.3927960624,62.3934220455,0.000197922594083,-0.000625983155658,0.0294058549974,-1.84075699061e-05
e0_diagonal,cosine_6,1252,62.3929751318,62.3934213721,0.00019724913507,-0.000446240248614,0.0289932953244,-1.29379753137e-05
e0_diagonal,cosine_6,1254,62.3931626829,62.3934198793,0.000195756393552,-0.00025719640589,0.0285851462402,-7.35199687482e-06
e0_diagonal,cosine_6,1256,62.3933527145,62.3934175626,0.000193439674632,-6.48480828715e-05,0.0281813782819,-1.82750835426e-06
e0_diagonal,cosine_6,1258,62.3935395836,62.3934144103,0.000190287312407,0.000125173320086,0.0277819619947,3.47756042137e-06
e0_diagonal,cosine_6,1260,62.3937181973,62.3934104022,0.000186279250613,0.000307795086911,0.0273868679331,8.42954339571e-06
e0_diagonal,cosine_6,1262,62.3938840586,62.3934055094,0.000181386432658,0.000478549253202,0.026996066664,1.29189475414e-05
e0_diagonal,cosine_6,1264,62.3940333884,62.3933996958,0.00017557284125,0.000633692614777,0.0266095287676,1.68622618627e-05
e0_diagonal,cosine_6,1266,62.3941629768,62.3933929218,0.000168798807245,0.000770055036448,0.0262272248402,2.01964065803e-05
e0_diagonal,cosine_6,1268,62.3942701536,62.3933851486,0.000161025651408,0.000885004957951,0.0258491254958,2.28766042225e-05
e0_diagonal,cosine_6,1270,62.3943528778,62.3933763444,0.0001522214164,0.0009765334528,0.0254752013681,2.48773863528e-05
e0_diagonal,cosine_6,1272,62.3944095895,62.3933664878,0.000142364815126,0.00104310176442,0.0251054231125,2.61875111451e-05
e0_diagonal,cosine_6,1274,62.3944392162,62.3933555704,0.000131447490674,0.00108364578088,0.024739761408,2.68091380698e-05
e0_diagonal,cosine_6,1276,62.3944412009,62.3933435988,0.000119475870754,0.00109760203912,0.0243781869593,2.67575477165e-05
e0_diagonal,cosine_6,1278,62.3944152623,62.3933305957,0.000106472790137,0.00108466657387,0.0240206704982,2.60544183713e-05
e0_diagonal,cosine_6,1280,62.3943614105,62.3933166028,9.24798220154e-05,0.00104480771194,0.0236671827863,2.4727655095e-05
e0_diagonal,cosine_6,1282,62.3942800111,62.3933016824,7.75594587878e-05,0.000978328732543,0.023317694616,2.28123706195e-05
e0_diagonal,cosine_6,1284,62.3941718221,62.3932859188,6.17958795033e-05,0.000885903310291,0.0229721768132,2.03511274834e-05
e0_diagonal,cosine_6,1286,62.3940382735,62.3932694183,4.52953408256e-05,0.00076885519826,0.0226306002385,1.73996546331e-05
e0_diagonal,cosine_6,1288,62.3938816828,62.3932523084,2.81854997297e-05,0.00062937435564,0.0222929357894,1.40306020978e-05
e0_diagonal,cosine_6,1290,62.3937054486,62.3932347356,1.06126667134e-05,0.000470712952087,0.021959154402,1.03364583939e-05
e0_diagonal,cosine_6,1292,62.3935142358,62.3932168613,-7.26166399545e-06,0.000297374493925,0.0216292270529,6.43198044885e-06
e0_diagonal,cosine_6,1294,62.3933138934,62.3931988597,-2.52632436712e-05,0.000115033658076,0.0213031247608,2.45057636969e-06
e0_diagonal,cosine_6,1296,62.3931112821,62.393180915,-4.32079269856e-05,-6.9632935201e-05,0.0209808185886,-1.46095598124e-06
e0_diagonal,cosine_6,1298,62.3929141769,62.3931632172,-6.09057888212e-05,-0.000249040290583,0.0206622796448,-5.14574012687e-06
e0_diagonal,cosine_6,1300,62.3927307111,62.3931459571,-7.81658675351e-05,-0.000415246009553,0.0203474790858,-8.44920949485e-06
e0_diagonal,cosine_6,1302,62.3925686877,62.3931293228,-9.48001374468e-05,-0.000560635091034,0.0200363881171,-1.1233102276e-05
e0_diagonal,cosine_6,1304,62.3924351848,62.3931134971,-0.00011062582324,-0.000678312327125,0.019728977995,-1.33824089756e-05
e0_diagonal,cosine_6,1306,62.3923360712,62.3930986551,-0.000125467828639,-0.000762583939689,0.019425220029,-1.48133608191e-05
e0_diagonal,cosine_6,1308,62.3922755979,62.3930849613,-0.000139161615934,-0.000809363472655,0.0191250855827,-1.54791456821e-05
e0_diagonal,cosine_6,1310,62.3922563165,62.3930725673,-0.000151555690827,-0.000816250752308,0.0188285460761,-1.53688148995e-05
e0_diagonal,cosine_6,1312,62.392279044,62.3930616093,-0.000162513641826,-0.000782565332528,0.0185355729866,-1.45052968379e-05
e0_diagonal,cosine_6,1314,62.39234293,62.3930522071,-0.00017191584638,-0.000709277088873,0.0182461378516,-1.29415675385e-05
e0_diagonal,cosine_6,1316,62.3924455913,62.3930444616,-0.000179661323003,-0.000598870374702,0.017960212269,-1.07558390513e-05
e0_diagonal,cosine_6,1318,62.3925831857,62.3930384538,-0.00018566919762,-0.000455268028617,0.0176777679,-8.04812254217e-06
e0_diagonal,cosine_6,1320,62.39275056,62.3930342428,-0.000189880120956,-0.000283682815322,0.0173987764696,-4.93573389207e-06
e0_diagonal,cosine_6,1322,62.3929414934,62.3930318647,-0.00019225820725,-9.03713823135e-05,0.0171232097692,-1.54744813648e-06
e0_diagonal,cosine_6,1324,62.393148974,62.3930313306,-0.000192792376069,0.000117643463469,0.0168510396572,1.98241466832e-06
e0_diagonal,cosine_6,1326,62.3933655517,62.3930326262,-0.000191496760948,0.00033292555306,0.0165822380615,5.52065077759e-06
e0_diagonal,cosine_6,1328,62.3935837384,62.3930357121,-0.000188410840437,0.000548026267523,0.0163167769803,8.94202238653e-06
e0_diagonal,cosine_6,1330,62.393796382,62.3930405232,-0.000183599743167,0.000755858811949,0.0160546284842,1.21350324123e-05
e0_diagonal,cosine_6,1332,62.3939968495,62.3930469692,-0.000177153731968,0.000949880264329,0.0157957647172,1.50040851648e-05
e0_diagonal,cosine_6,1334,62.394179022,62.3930549367,-0.000169186255889,0.00112408531172,0.0155401578986,1.74684632356e-05
e0_diagonal,cosine_6,1336,62.3943373583,62.3930642929,-0.000159830057285,0.00127306543346,0.0152877803243,1.94623446852e-05
e0_diagonal,cosine_6,1338,62.3944669406,62.3930748899,-0.000149233046969,0.00139205070474,0.0150386043684,2.09344998093e-05
e0_diagonal,cosine_6,1340,62.3945635461,62.393086568,-0.000137554924194,0.0014769780347,0.0147926024844,2.18483489455e-05
e0_diagonal,cosine_6,1342,62.3946239027,62.3930991596,-0.000124963363319,0.00152474309099,0.0145497472069,2.21846265293e-05
e0_diagonal,cosine_6,1344,62.3946461279,62.3931124925,-0.000111630438383,0.00153363538055,0.0143100111529,2.19463394001e-05
e0_diagonal,cosine_6,1346,62.3946299459,62.3931263935,-9.77294765789e-05,0.0015035523903,0.0140733670232,2.11600446272e-05
e0_diagonal,cosine_6,1348,62.3945769131,62.3931406923,-8.34306879938e-05,0.00143622079285,0.0138397876038,1.98769907253e-05
e0_diagonal,cosine_6,1350,62.3944903991,62.393155227,-6.88959270647e-05,0.00133517208305,0.0136092457674,1.81706850199e-05
e0_diagonal,cosine_6,1352,62.3943753001,62.3931698478,-5.42751106707e-05,0.0012054522937,0.0133817144745,1.61310184069e-05
e0_diagonal,cosine_6,1354,62.3942376073,62.3931844176,-3.97053962899e-05,0.00105318969975,0.0131571667749,1.38569925252e-05
e0_diagonal,cosine_6,1356,62.394083708,62.3931988116,-2.53113560902e-05,0.000884896400521,0.0129355758091,1.14466444721e-05
e0_diagonal,cosine_6,1358,62.3939197387,62.3932129185,-1.12044760954e-05,0.000706820233056,0.0127169148093,8.98857268929e-06
e0_diagonal,cosine_6,1360,62.3937511605,62.3932266399,2.51695493603e-06,0.000524520636525,0.0125011571012,6.55711488003e-06
e0_diagonal,cosine_6,1362,62.3935823629,62.3932398883,1.57653065145e-05,0.000342474620879,0.0122882761047,4.20842270023e-06
e0_diagonal,cosine_6,1364,62.3934165511,62.3932525824,2.84594320661e-05,0.000163968767787,0.0120782453356,1.98045500471e-06
e0_diagonal,cosine_6,1366,62.3932558724,62.3932646455,4.05225406723e-05,-8.77304754709e-06,0.0118710384066,-1.04145184374e-07
e0_diagonal,cosine_6,1368,62.393101558,62.393276005,5.18820257369e-05,-0.000174446960095,0.0116666290285,-2.03520796858e-06
e0_diagonal,cosine_6,1370,62.3929542117,62.3932865913,6.24683405874e-05,-0.000332379619302,0.0114649910117,-3.81072934776e-06
e0_diagonal,cosine_6,1372,62.3928141201,62.3932963354,7.22124392212e-05,-0.000482215312886,0.0112660982671,-5.43268510085e-06
e0_diagonal,cosine_6,1374,62.392681538,62.3933051671,8.10441307664e-05,-0.000623629030365,0.0110699248072,-6.90352647375e-06
e0_diagonal,cosine_6,1376,62.3925566844,62.3933130141,8.88911584696e-05,-0.000756329734344,0.0108764447478,-8.22617856673e-06
e0_diagonal,cosine_6,1378,62.3924396826,62.3933198028,9.56798565355e-05,-0.000880120225538,0.0106856323085,-9.40464111736e-06
e0_diagonal,cosine_6,1380,62.3923305792,62.3933254617,0.000101338774165,-0.000994882514995,0.010497461814,-1.04437412106e-05
e0_diagonal,cosine_6,1382,62.3922293973,62.3933299249,0.000105801921684,-0.00110052756405,0.0103119076956,-1.13485386569e-05
e0_diagonal,cosine_6,1384,62.3921364949,62.3933331348,0.000109011812079,-0.00119663988205,0.0101289444917,-1.21206989418e-05
e0_diagonal,cosine_6,1386,62.392052785,62.3933350473,0.000110924388196,-0.0012822622963,0.00994854684929,-1.27566465278e-05
e0_diagonal,cosine_6,1388,62.3919798402,62.3933356364,0.000111513427029,-0.00135579621809,0.00977068952489,-1.3247063906e-05
e0_diagonal,cosine_6,1390,62.3919200956,62.3933348975,0.000110774531279,-0.00141480188044,0.00959534738553,-1.35755155245e-05
e0_diagonal,cosine_6,1392,62.3918767812,62.3933328527,0.000108729712039,-0.00145607150674,0.00942249540982,-1.37198270886e-05
e0_diagonal,cosine_6,1394,62.3918536191,62.393329554,0.000105431038911,-0.0014759348643,0.00925210868896,-1.36555097823e-05
e0_diagonal,cosine_6,1396,62.3918544817,62.3933250852,0.000100962206815,-0.00147060347759,0.00908416242772,-1.33592008572e-05
e0_diagonal,cosine_6,1398,62.3918827975,62.393319561,9.54380764284e-05,-0.00143676353719,0.0089186319454,-1.28139651808e-05
e0_diagonal,cosine_6,1400,62.3919410286,62.3933131256,8.90026065719e-05,-0.00137209696789,0.00875549267682,-1.20133849543e-05
e0_diagonal,cosine_6,1402,62.3920303402,62.3933059477,8.18247561796e-05,-0.0012756075083,0.00859472017322,-1.09634895847e-05
e0_diagonal,cosine_6,1404,62.3921502817,62.3932982154,7.40924599469e-05,-0.00114793375537,0.00843629010318,-9.68430217953e-06
e0_diagonal,cosine_6,1406,62.3922986576,62.3932901279,6.60049887671e-05,-0.000991470371481,0.00828017825356,-8.20955140899e-06
e0_diagonal,cosine_6,1408,62.3924715761,62.3932818887,5.77657298138e-05,-0.000810312589401,0.00812636053035,-6.58489224375e-06
e0_diagonal,cosine_6,1410,62.3926633887,62.3932736983,4.95753976892e-05,-0.000610309656913,0.00797481295957,-4.8671053613e-06
e0_diagonal,cosine_6,1412,62.3928672385,62.3932657473,4.16243593975e-05,-0.000398508842927,0.00782551168809,-3.11853560814e-06
e0_diagonal,cosine_6,1414,62.3930756003,62.3932582079,3.40849550895e-05,-0.000182607584755,0.00767843298449,-1.402140102e-06
e0_diagonal,cosine_6,1416,62.3932804017,62.3932512273,2.71043669287e-05,2.91743609395e-05,0.00753355323987,2.19786601377e-07
e0_diagonal,cosine_6,1418,62.3934737004,62.3932449224,2.07994394543e-05,0.000228778021857,0.00739084896866,1.69086380689e-06
e0_diagonal,cosine_6,1420,62.3936481175,62.3932393753,1.52523318064e-05,0.000408742237852,0.00725029680938,2.96350254296e-06
e0_diagonal,cosine_6,1422,62.3937971974,62.3932346301,1.05071831911e-05,0.000562567221316,0.00711187352544,4.00090692755e-06
e0_diagonal,cosine_6,1424,62.3939158135,62.3932306931,6.57010641447e-06,0.00068512042732,0.00697555600586,4.77909591153e-06
e0_diagonal,cosine_6,1426,62.3940004276,62.3932275346,3.41160637873e-06,0.00077289300534,0.00684132126604,5.28760935381e-06
e0_diagonal,cosine_6,1428,62.3940492536,62.3932250922,9.69226213954e-07,0.000824161469815,0.00670914644844,5.52941999815e-06
e0_diagonal,cosine_6,1430,62.3940622835,62.3932232741,-8.48814515564e-07,0.000839009383604,0.00657900882331,5.51985013757e-06
e0_diagonal,cosine_6,1432,62.3940412448,62.3932219655,-2.15747522248e-06,0.000819279326159,0.00645088578933,5.2850773626e-06
e0_diagonal,cosine_6,1434,62.3939893327,62.3932210347,-3.08821555706e-06,0.000768297944354,0.00632475487433,4.85929616849e-06
e0_diagonal,cosine_6,1436,62.3939108457,62.3932203399,-3.78305659865e-06,0.00069050580089,0.00620059373591,4.28154594361e-06
e0_diagonal,cosine_6,1438,62.3938108357,62.3932197353,-4.38767960986e-06,0.000591100439323,0.00607838016208,3.59293318417e-06
e0_diagonal,cosine_6,1440,62.3936946357,62.393219079,-5.04396305701e-06,0.000475556742771,0.00595809207185,2.83341085882e-06
e0_diagonal,cosine_6,1442,62.3935675258,62.3932182396,-5.88334382456e-06,0.000349286238169,0.00583970751588,2.03972947023e-06
e0_diagonal,cosine_6,1444,62.39343446,62.3932171033,-7.0196644657e-06,0.000217356757069,0.005723204677,1.24397720864e-06
e0_diagonal,cosine_6,1446,62.3932997538,62.3932155799,-8.54299982223e-06,8.4173816262e-05,0.00560856187084,4.72094056411e-07
e0_diagonal,cosine_6,1448,62.3931669453,62.393213608,-1.05149376566e-05,-4.66626781588e-05,0.00549575754633,-2.56446765623e-07
e0_diagonal,cosine_6,1450,62.3930388756,62.3932111582,-1.296470478e-05,-0.000172282652585,0.00538477028625,-9.27702508476e-07
e0_diagonal,cosine_6,1452,62.392917851,62.3932082348,-1.58881027801e-05,-0.000290383864723,0.00527557880773,-1.53194296284e-06
e0_diagonal,cosine_6,1454,62.3928057883,62.3932048745,-1.92484062538e-05,-0.000399086265993,0.00516816196278,-2.06254245977e-06
e0_diagonal,cosine_6,1456,62.3927047217,62.3932011467,-2.29762697543e-05,-0.000496425028409,0.00506249873875,-2.5131510802e-06
e0_diagonal,cosine_6,1458,62.3926168874,62.3931971519,-2.69710881184e-05,-0.000580264447933,0.00495856825879,-2.87728087322e-06
e0_diagonal,cosine_6,1460,62.3925448603,62.3931930167,-3.11062044176e-05,-0.00064815642309,0.00485634978231,-3.14767430417e-06
e0_diagonal,cosine_6,1462,62.3924916915,62.3931888878,-3.52351664787e-05,-0.000697196271446,0.00475582270542,-3.31574185788e-06
e0_diagonal,cosine_6,1464,62.3924605245,62.3931849265,-3.91964554183e-05,-0.000724401965307,0.00465696656133,-3.3735157294e-06
e0_diagonal,cosine_6,1466,62.3924542134,62.3931813042,-4.28187074419e-05,-0.000727090803643,0.00455976102075,-3.315360305e-06
e0_diagonal,cosine_6,1468,62.3924750133,62.3931781958,-4.59271515467e-05,-0.000703182501859,0.00446418589228,-3.1391374045e-06
e0_diagonal,cosine_6,1470,62.3925241322,62.3931757722,-4.83507719338e-05,-0.000651639948813,0.00437022112279,-2.84781066876e-06
e0_diagonal,cosine_6,1472,62.3926014751,62.3931741926,-4.99303810244e-05,-0.000572717514999,0.00427784679775,-2.44999778755e-06
e0_diagonal,cosine_6,1474,62.3927054719,62.3931735968,-5.05261559738e-05,-0.000468124921014,0.00418704314156,-1.96005923992e-06
e0_diagonal,cosine_6,1476,62.3928331103,62.3931740988,-5.00241754509e-05,-0.000340988495168,0.0040977905179,-1.39729942221e-06
e0_diagonal,cosine_6,1478,62.3929801972,62.3931757815,-4.8341444753e-05,-0.000195584342293,0.00401006942999,-7.84306792016e-07
e0_diagonal,cosine_6,1480,62.3931417021,62.3931786936,-4.54293630128e-05,-3.69915214975e-05,0.00392386052092,-1.45149570813e-07
e0_diagonal,cosine_6,1482,62.3933121018,62.3931828464,-4.12765912046e-05,0.000129255422252,0.0038391445739,4.96230252985e-07
e0_diagonal,cosine_6,1484,62.3934857824,62.3931882123,-3.59106115013e-05,0.00029757005268,0.0037559025125,1.11764410851e-06
e0_diagonal,cosine_6,1486,62.3936572193,62.393194725,-2.93979014927e-05,0.000462494216812,0.0036741154009,1.69925712482e-06
e0_diagonal,cosine_6,1488,62.3938210049,62.3932022796,-2.18433102717e-05,0.000618725260459,0.00359376444414,2.22355284173e-06
e0_diagonal,cosine_6,1490,62.393972014,62.3932107348,-1.33881863746e-05,0.000761279277143,0.00351483098829,2.67576799404e-06
e0_diagonal,cosine_6,1492,62.3941055939,62.3932199155,-4.20740551732e-06,0.000885678309508,0.00343729652064,3.04433897168e-06
e0_diagonal,cosine_6,1494,62.394217562,62.3932296179,5.49490648183e-06,0.000987944172486,0.00336114266992,3.32062131364e-06
e0_diagonal,cosine_6,1496,62.3943043724,62.3932396141,1.54911609798e-05,0.00106475825048,0.00328635120641,3.49916956099e-06
e0_diagonal,cosine_6,1498,62.3943634133,62.39324966,2.55370686162e-05,0.00111375327831,0.00321290404211,3.5783824098e-06
e0_diagonal,cosine_6,1500,62.3943933119,62.3932595032,3.53802636113e-05,0.00113380871798,0.00314078323089,3.56104740847e-06
e0_diagonal,cosine_6,1502,62.39439415,62.3932688927,4.47697497918e-05,0.00112525734657,0.00306997096853,3.45450738611e-06
e0_diagonal,cosine_6,1504,62.3943675496,62.3932775868,5.34638207341e-05,0.00108996286801,0.00300044959293,3.27037864362e-06
e0_diagonal,cosine_6,1506,62.3943165568,62.3932853598,6.12368186665e-05,0.00103119702094,0.00293220158408,3.02367753829e-06
e0_diagonal,cosine_6,1508,62.394245375,62.3932920096,6.7886622162e-05,0.000953365477983,0.00286520956422,2.73159188571e-06
e0_diagonal,cosine_6,1510,62.394158982,62.3932973647,7.32417154836e-05,0.00086161736202,0.00279945629783,2.41206015043e-06
e0_diagonal,cosine_6,1512,62.3940625909,62.3933012892,7.71662616401e-05,0.000761301663104,0.00273492469173,2.08210271628e-06
e0_diagonal,cosine_6,1514,62.3939610407,62.3933036869,7.9563947132e-05,0.000657353801721,0.00267159779502,1.75618496723e-06
e0_diagonal,cosine_6,1516,62.3938584247,62.3933045041,8.03811463541e-05,0.000553920593298,0.00260945879918,1.44543296623e-06
e0_diagonal,cosine_6,1518,62.3937578107,62.3933037321,7.96091205544e-05,0.000454078602296,0.00254849103801,1.1572152485e-06
e0_diagonal,cosine_6,1520,62.3936610295,62.3933014076,7.72846195787e-05,0.000359621904096,0.00248867798761,8.94983116584e-07
e0_diagonal,cosine_6,1522,62.3935687205,62.3932976106,7.34876244906e-05,0.000271109942595,0.00243000326637,6.58798046052e-07
e0_diagonal,cosine_6,1524,62.3934805491,62.3932924607,6.83377554083e-05,0.00018808839593,0.00237245063492,4.46230434345e-07
e0_diagonal,cosine_6,1526,62.3933954937,62.3932861139,6.19909357837e-05,0.000109379794601,0.00231600399603,2.53324041381e-07
e0_diagonal,cosine_6,1528,62.3933123624,62.3932787565,5.46335278031e-05,3.36059090884e-05,0.00226064739458,7.59711108231e-08
e0_diagonal,cosine_6,1530,62.3932301495,62.3932705962,4.64732190437e-05,-4.0446633335e-05,0.00220636501743,-8.92400368633e-08
e0_diagonal,cosine_6,1532,62.3931483375,62.3932618538,3.77308857651e-05,-0.000113516293176,0.00215314119335,-2.44416606954e-07
e0_diagonal,cosine_6,1534,62.3930671701,62.3932527567,2.86337693822e-05,-0.000185586635055,0.00210096039287,-3.89910169696e-07
e0_diagonal,cosine_6,1536,62.3929876474,62.3932435304,1.94074633413e-05,-0.000255882963778,0.00204980722814,-5.24510748709e-07
e0_diagonal,cosine_6,1538,62.3929114879,62.3932343915,1.02685554708e-05,-0.000322903580987,0.00199966645283,-6.45699458396e-07
e0_diagonal,cosine_6,1540,62.3928409688,62.3932255414,1.41845377044e-06,-0.000384572563014,0.00195052296191,-7.50117614679e-07
e0_diagonal,cosine_6,1542,62.3927786662,62.3932171602,-6.96275559875e-06,-0.000438494013977,0.00190236179152,-8.34174258002e-07
e0_diagonal,cosine_6,1544,62.3927272907,62.393209401,-1.4721916699e-05,-0.000482110315367,0.00185516811877,-8.94395686798e-07
e0_diagonal,cosine_6,1546,62.3926894534,62.393202386,-2.1736987037e-05,-0.000512932584186,0.0018089272615,-9.27857734848e-07
e0_diagonal,cosine_6,1548,62.3926674286,62.3931962035,-2.79194752437e-05,-0.000528774869593,0.00176362467814,-9.32560409195e-07
e0_diagonal,cosine_6,1550,62.3926630863,62.393190907,-3.32159170142e-05,-0.000527820733609,0.0017192459674,-9.07453667769e-07
e0_diagonal,cosine_6,1552,62.3926776272,62.3931865145,-3.76084827565e-05,-0.000508887306715,0.0016757768681,-8.52781577061e-07
e0_diagonal,cosine_6,1554,62.3927113932,62.3931830098,-4.11131452438e-05,-0.000471616558258,0.00163320325885,-7.70245699874e-07
e0_diagonal,cosine_6,1556,62.3927638156,62.393180348,-4.37749689155e-05,-0.00041653234436,0.00159151115784,-6.62915873651e-07
e0_diagonal,cosine_6,1558,62.3928332578,62.3931784601,-4.56628784846e-05,-0.000345202286283,0.00155068672253,-5.35300601926e-07
e0_diagonal,cosine_6,1560,62.3929170935,62.3931772582,-4.68647018508e-05,-0.000260164777579,0.00151071624935,-3.93035156997e-07
e0_diagonal,cosine_6,1562,62.3930117731,62.3931766411,-4.7481882703e-05,-0.00016486792623,0.00147158617342,-2.42617360681e-07
e0_diagonal,cosine_6,1564,62.3931129423,62.3931764989,-4.76240786824e-05,-6.35565912859e-05,0.00143328306822,-9.10945861635e-08
e0_diagonal,cosine_6,1566,62.3932157321,62.3931767189,-4.7404045759e-05,3.90132111505e-05,0.00139579364523,5.4454392204e-08
e0_diagonal,cosine_6,1568,62.3933150402,62.3931771895,-4.6933469882e-05,0.000137850670562,0.00135910475366,1.87353501656e-07
e0_diagonal,cosine_6,1570,62.3934057817,62.3931778039,-4.63190550875e-05,0.000227977763053,0.00132320338001,3.01660946639e-07
e0_diagonal,cosine_6,1572,62.3934832319,62.3931784644,-4.56585548108e-05,0.000304767523417,0.00128807664776,3.9256392991e-07
e0_diagonal,cosine_6,1574,62.3935434227,62.3931790863,-4.50366145586e-05,0.000364336405561,0.00125371181699,4.56772857011e-07
e0_diagonal,cosine_6,1576,62.3935834047,62.3931796013,-4.45216517591e-05,0.000403803368002,0.00122009628395,4.92678988745e-07
e0_diagonal,cosine_6,1578,62.3936014915,62.3931799582,-4.41647231355e-05,0.000421533272245,0.00118721758069,5.00451711655e-07
e0_diagonal,cosine_6,1580,62.3935973631,62.3931801241,-4.39988254897e-05,0.000417238934254,0.00115506337464,4.81937411432e-07
e0_diagonal,cosine_6,1582,62.3935719997,62.393180085,-4.40379977107e-05,0.000391914765331,0.00112362146819,4.40363844027e-07
e0_diagonal,cosine_6,1584,62.3935275805,62.3931798454,-4.42775740765e-05,0.00034773511527,0.00109287979824,3.80032682617e-07
e0_diagonal,cosine_6,1586,62.393467188,62.3931794279,-4.46950083912e-05,0.0002877600853,0.00106282643575,3.05839025811e-07
e0_diagonal,cosine_6,1588,62.3933944594,62.3931788721,-4.52508811009e-05,0.000215587309413,0.00103344958531,2.22798615511e-07
e0_diagonal,cosine_6,1590,62.3933132548,62.393178232,-4.58909243406e-05,0.000135022808593,0.00100473758463,1.35662490576e-07
e0_diagonal,cosine_6,1592,62.3932272009,62.3931775745,-4.65484111487e-05,4.96263791234e-05,0.000976678904101,4.84690375768e-08
e0_diagonal,cosine_6,1594,62.3931394753,62.3931769767,-4.71462663967e-05,-3.75014123506e-05,0.000949262146259,-3.55986711757e-08
e0_diagonal,cosine_6,1596,62.3930526621,62.3931765231,-4.75998872105e-05,-0.000123861007282,0.000922476045323,-1.14258812167e-07
e0_diagonal,cosine_6,1598,62.3929685879,62.3931763022,-4.78207089003e-05,-0.000207714360862,0.000896309466658,-1.86176348001e-07
e0_diagonal,cosine_6,1600,62.3928883909,62.3931764021,-4.7720850084e-05,-0.000288011210628,0.000870751406263,-2.50786166674e-07
e0_diagonal,cosine_6,1602,62.3928126886,62.3931769042,-4.72187430063e-05,-0.000364215576184,0.000845790990234,-3.08050252839e-07
e0_diagonal,cosine_6,1604,62.3927417387,62.3931778792,-4.62437686508e-05,-0.000436140480424,0.000821417474222,-3.58253411836e-07
e0_diagonal,cosine_6,1606,62.3926756971,62.3931793844,-4.4738592976e-05,-0.000503687229532,0.000797620242879,-4.01751130355e-07
e0_diagonal,cosine_6,1608,62.392614878,62.3931814615,-4.2661413417e-05,-0.000566583563511,0.000774388809296,-4.38755971114e-07
e0_diagonal,cosine_6,1610,62.3925598847,62.3931841344,-3.99885574751e-05,-0.000624249699825,0.00075171281443,-4.69256498763e-07
e0_diagonal,cosine_6,1612,62.3925116536,62.3931874073,-3.67156947689e-05,-0.000675753622687,0.000729582026522,-4.9301769747e-07
e0_diagonal,cosine_6,1614,62.3924713427,62.3931912651,-3.28578962012e-05,-0.000719922341844,0.000707986340504,-5.09695184249e-07
e0_diagonal,cosine_6,1616,62.3924401107,62.3931956751,-2.84478820589e-05,-0.000755564366571,0.000686915777401,-5.19009084239e-07
e0_diagonal,cosine_6,1618,62.3924190315,62.3932005897,-2.35332645389e-05,-0.000781558209084,0.000666360483716,-5.20799506258e-07
e0_diagonal,cosine_6,1620,62.3924090199,62.393205949,-1.81739911298e-05,-0.000796929027366,0.000646310730818,-5.15063782087e-07
e0_diagonal,cosine_6,1622,62.3924108479,62.3932116839,-1.24390987395e-05,-0.000800835911306,0.000626756914306,-5.01929444636e-07
e0_diagonal,cosine_6,1624,62.3924253201,62.3932177194,-6.40354848969e-06,-0.000792399251452,0.000607689553376,-4.8153274721e-07
e0_diagonal,cosine_6,1626,62.3924532993,62.3932239762,-1.46767177966e-07,-0.000770676893126,0.000589099290176,-4.54005210695e-07
e0_diagonal,cosine_6,1628,62.3924957692,62.3932303714,6.24847075414e-06,-0.000734602233294,0.00057097688915,-4.19440897928e-07
e0_diagonal,cosine_6,1630,62.3925537659,62.3932368215,1.2698515377e-05,-0.000683055515296,0.000553313236376,-3.77943657793e-07
e0_diagonal,cosine_6,1632,62.3926280949,62.3932432448,1.91218394576e-05,-0.000615149928912,0.000536099338898,-3.29781470213e-07
e0_diagonal,cosine_6,1634,62.3927190522,62.3932495639,2.54409816378e-05,-0.000530511761561,0.000519326324042,-2.75508722992e-07
e0_diagonal,cosine_6,1636,62.3928261706,62.3932557069,3.15839434251e-05,-0.00042953629935,0.000502985438732,-2.1605050398e-07
e0_diagonal,cosine_6,1638,62.3929479224,62.3932616086,3.74856945911e-05,-0.000313686286148,0.000487068048797,-1.52786567329e-07
e0_diagonal,cosine_6,1640,62.3930815686,62.3932672123,4.30893060468e-05,-0.000185643676517,0.000471565638266,-8.75431788066e-08
e0_diagonal,cosine_6,1642,62.3932232993,62.3932724703,4.83473900204e-05,-4.91710182473e-05,0.000456469808659,-2.24450852909e-08
e0_diagonal,cosine_6,1644,62.3933683698,62.3932773461,5.32231250503e-05,9.10237380012e-05,0.000441772278269,4.02117641133e-08
e0_diagonal,cosine_6,1646,62.3935113984,62.3932818128,5.76898193572e-05,0.000229585626656,0.000427464881439,9.81397926785e-08
e0_diagonal,cosine_6,1648,62.3936467854,62.3932858528,6.1729814135e-05,0.000360932632276,0.00041353956783,1.49259924767e-07
e0_diagonal,cosine_6,1650,62.3937689109,62.3932894562,6.53332971865e-05,0.000479454603607,0.000399988401679,1.91776280574e-07
e0_diagonal,cosine_6,1652,62.3938723605,62.3932926199,6.8496966307e-05,0.000579740595441,0.00038680356106,2.24245726807e-07
e0_diagonal,cosine_6,1654,62.3939521658,62.3932953455,7.12225307922e-05,0.00065682029593,0.000373977337123,2.4563590524e-07
e0_diagonal,cosine_6,1656,62.3940040378,62.3932976379,7.35149240825e-05,0.000706399932298,0.000361502133343,2.55365082519e-07
e0_diagonal,cosine_6,1658,62.3940247379,62.3932995033,7.53803216398e-05,0.000725234652563,0.000349370464752,2.5337556762e-07
e0_diagonal,cosine_6,1660,62.3940123379,62.3933009475,7.68245445641e-05,0.000711390406565,0.000337574957165,2.40147586023e-07
e0_diagonal,cosine_6,1662,62.3939665651,62.3933019756,7.78526425336e-05,0.000664589533912,0.000326108346404,2.16728193942e-07
e0_diagonal,cosine_6,1664,62.3938890036,62.3933025915,7.84685092015e-05,0.000586412112774,0.000314963477518,1.84698398298e-07
e0_diagonal,cosine_6,1666,62.3937830758,62.3933027967,7.86737854028e-05,0.000480279070651,0.000304133303986,1.46068860592e-07
e0_diagonal,cosine_6,1668,62.3936540911,62.3933025896,7.8466614525e-05,0.000351501526495,0.000293610886927,1.0320467495e-07
e0_diagonal,cosine_6,1670,62.3935089024,62.3933019629,7.78399921089e-05,0.000206939448866,0.000283389394298,5.86444450704e-08
e0_diagonal,cosine_6,1672,62.3933554378,62.393300903,7.67800776913e-05,5.45347830325e-05,0.000273462100088,1.49131962959e-08
e0_diagonal,cosine_6,1674,62.3932022799,62.3932993889,7.52659625007e-05,-9.71090188173e-05,0.000263822383505,-2.56195328042e-08
e0_diagonal,cosine_6,1676,62.3930581079,62.3932973943,7.32713600371e-05,-0.000239286426151,0.00025446372816,-6.08897160963e-08
e0_diagonal,cosine_6,1678,62.3929311471,62.393294891,7.07680202083e-05,-0.00036374391658,0.000245379721245,-8.92553808551e-08
e0_diagonal,cosine_6,1680,62.3928287635,62.3932918526,6.77296865206e-05,-0.000463089115186,0.00023656405271,-1.09550237854e-07
e0_diagonal,cosine_6,1682,62.3927569841,62.3932882581,6.41351343234e-05,-0.000531273951296,0.000228010514424,-1.21136046935e-07
e0_diagonal,cosine_6,1684,62.3927200951,62.3932840943,5.99713299607e-05,-0.000563999138365,0.000219712999347,-1.23917942319e-07
e0_diagonal,cosine_6,1686,62.3927204266,62.3932793599,5.52369778433e-05,-0.000558933307403,0.000211665500686,-1.18306898362e-07
e0_diagonal,cosine_6,1688,62.3927581958,62.3932740683,4.99453186507e-05,-0.00051587245315,0.00020386211105,-1.05166847332e-07
e0_diagonal,cosine_6,1690,62.3928315683,62.3932682488,4.41258114776e-05,-0.000436680447919,0.000196297021604,-8.57190713193e-08
e0_diagonal,cosine_6,1692,62.3929368069,62.3932619478,3.7824840561e-05,-0.000325140892869,0.000188964521214,-6.1440093148e-08
e0_diagonal,cosine_6,1694,62.393068481,62.3932552276,3.11046610761e-05,-0.000186746618823,0.00018185899559,-3.39615525291e-08
e0_diagonal,cosine_6,1696,62.3932198186,62.3932481647,2.40417963226e-05,-2.83461686408e-05,0.000174974926431,-4.95986877253e-09
e0_diagonal,cosine_6,1698,62.3933831156,62.3932408491,1.6726187738e-05,0.000142266468288,0.000168306890555,2.39444269077e-08
e0_diagonal,cosine_6,1700,62.3935501709,62.3932333828,9.25989206024e-06,0.000316788049346,0.000161849559034,5.1272006094e-08
e0_diagonal,cosine_6,1702,62.3937127184,62.3932258776,1.75465694241e-06,0.000486840748614,0.000155597696327,7.57512989625e-08
e0_diagonal,cosine_6,1704,62.3938628537,62.3932184527,-5.67023163711e-06,0.000644400979063,0.000149546159403,9.6367691534e-08
e0_diagonal,cosine_6,1706,62.3939934873,62.3932112339,-1.28890169933e-05,0.000782253382795,0.000143689896864,1.12401907895e-07
e0_diagonal,cosine_6,1708,62.3940988322,62.3932043528,-1.977012586e-05,0.000894479418491,0.00013802394807,1.23459580807e-07
e0_diagonal,cosine_6,1710,62.3941747809,62.3931979441,-2.61788153892e-05,0.000976836755143,0.000132543442254,1.29473306046e-07
e0_diagonal,cosine_6,1712,62.394219209,62.3931921412,-3.19817122403e-05,0.00102706772836,0.000127243597637,1.30687792773e-07
e0_diagonal,cosine_6,1714,62.3942320948,62.3931870721,-3.70508878831e-05,0.00104502273797,0.000122119720546,1.27617884725e-07
e0_diagonal,cosine_6,1716,62.3942153757,62.393182854,-4.12689439102e-05,0.00103252166982,0.000117167204518,1.20977677657e-07
e0_diagonal,cosine_6,1718,62.3941726623,62.3931795878,-4.45351254825e-05,0.00099307444146,0.000112381529416,1.11603224555e-07
e0_diagonal,cosine_6,1720,62.3941088739,62.3931773521,-4.67708424452e-05,0.000931521835923,0.000107758260531,1.00379172686e-07
e0_diagonal,cosine_6,1722,62.3940296919,62.393176197,-4.79259680617e-05,0.000853494884964,0.000103293047691,8.81600878563e-08
e0_diagonal,cosine_6,1724,62.3939408766,62.3931761383,-4.79846228956e-05,0.000764738247639,9.89816243605e-05,7.56950339619e-08
e0_diagonal,cosine_6,1726,62.3938477655,62.3931771537,-4.69692837228e-05,0.000670611819807,9.48198067477e-05,6.35872831568e-08
e0_diagonal,cosine_6,1728,62.393754846,62.3931791805,-4.49424545366e-05,0.000575665543209,9.08034929009e-05,5.22724420661e-08
e0_diagonal,cosine_6,1730,62.3936653475,62.3931821185,-4.20044377165e-05,0.000483229022983,8.69286618103e-05,4.20064523158e-08
e0_diagonal,cosine_6,1732,62.3935812862,62.3931858338,-3.82891765156e-05,0.00039545242997,8.3191372506e-05,3.28982304101e-08
e0_diagonal,cosine_6,1734,62.3935035675,62.3931901638,-3.39591380225e-05,0.000313403734317,7.95877631559e-05,2.4943102179e-08
e0_diagonal,cosine_6,1736,62.3934322374,62.393194924,-2.91989124577e-05,0.00023731331521,7.61140501617e-05,1.8062877578e-08
e0_diagonal,cosine_6,1738,62.3933669517,62.3931999137,-2.42092130378e-05,0.000167037952487,7.2766527256e-05,1.21547717224e-08
e0_diagonal,cosine_6,1740,62.393307259,62.3932049221,-1.92008661628e-05,0.000102336887039,6.95415645976e-05,7.11666724075e-09
e0_diagonal,cosine_6,1742,62.3932529121,62.393209736,-1.43869324916e-05,4.31760876864e-05,6.64356078667e-05,2.86842963075e-09
e0_diagonal,cosine_6,1744,62.393204164,62.3932141488,-9.97413388859e-06,-9.98484243553e-06,6.34451773601e-05,-6.33490099235e-10
e0_diagonal,cosine_6,1746,62.3931616326,62.3932179674,-6.15553203431e-06,-5.63347760121e-05,6.05668670866e-05,-3.41202089108e-09
e0_diagonal,cosine_6,1748,62.3931260293,62.3932210186,-3.10433009787e-06,-9.49893020916e-05,5.77973438616e-05,-5.49012935617e-09
e0_diagonal,cosine_6,1750,62.3930978613,62.3932231556,-9.67318243283e-07,-0.000125294308475,5.51333464029e-05,-6.90789451147e-09
e0_diagonal,cosine_6,1752,62.3930771076,62.3932242642,1.41245003249e-07,-0.000147156572616,5.25716844262e-05,-7.73626889683e-09
e0_diagonal,cosine_6,1754,62.3930629611,62.3932242679,1.44917429168e-07,-0.000161306745319,5.01092377413e-05,-8.08295805048e-09
e0_diagonal,cosine_6,1756,62.39305376,62.3932231317,-9.91211635437e-07,-0.000169371735836,4.77429553491e-05,-8.08630722144e-09
e0_diagonal,cosine_6,1758,62.3930471389,62.3932208635,-3.25942308166e-06,-0.000173724624467,4.54698545392e-05,-7.89923340441e-09
e0_diagonal,cosine_6,1760,62.3930403119,62.3932175135,-6.60940979458e-06,-0.000177201680664,4.32870199883e-05,-7.67053269286e-09
e0_diagonal,cosine_6,1762,62.3930304384,62.3932131735,-1.09494679634e-05,-0.000182735128149,4.119160286e-05,-7.52715282729e-09
e0_diagonal,cosine_6,1764,62.3930148937,62.3932079723,-1.61506351475e-05,-0.000193078625067,3.91808199055e-05,-7.56497883635e-09
e0_diagonal,cosine_6,1766,62.3929914756,62.39320207,-2.20529865516e-05,-0.000210594331804,3.7251952566e-05,-7.84505005904e-09
e0_diagonal,cosine_6,1768,62.3929586963,62.393195651,-2.84719853312e-05,-0.000236954651413,3.54023460758e-05,-8.38875057359e-09
e0_diagonal,cosine_6,1770,62.3929160166,62.3931889181,-3.52048880075e-05,-0.000272901490789,3.36294085679e-05,-9.17751573253e-09
e0_diagonal,cosine_6,1772,62.3928639247,62.3931820855,-4.20374776979e-05,-0.000318160767648,3.19306101812e-05,-1.01590674467e-08
e0_diagonal,cosine_6,1774,62.3928041194,62.393175372,-4.87509115175e-05,-0.000371252595357,3.03034821687e-05,-1.12502464035e-08
e0_diagonal,cosine_6,1776,62.3927395439,62.393168995,-5.51279852488e-05,-0.000429451076613,2.87456160089e-05,-1.23448357429e-08
e0_diagonal,cosine_6,1778,62.392674195,62.393163164,-6.09589693781e-05,-0.000488969013929,2.72546625186e-05,-1.33266854567e-08
e0_diagonal,cosine_6,1780,62.3926128796,62.3931580744,-6.60485925295e-05,-0.000545194741989,2.58283309682e-05,-1.40814702382e-08
e0_diagonal,cosine_6,1782,62.3925609053,62.3931538989,-7.02240512425e-05,-0.000592993553568,2.44643881996e-05,-1.45072244943e-08
e0_diagonal,cosine_6,1784,62.3925236127,62.3931507811,-7.33418875711e-05,-0.000627168373001,2.31606577462e-05,-1.45256320363e-08
e0_diagonal,cosine_6,1786,62.3925058,62.3931488294,-7.5293554076e-05,-0.000643029383042,2.19150189561e-05,-1.40920011187e-08
e0_diagonal,cosine_6,1788,62.3925113041,62.3931481133,-7.60096020258e-05,-0.000636809237207,2.07254061177e-05,-1.31981300606e-08
e0_diagonal,cosine_6,1790,62.3925425336,62.3931486608,-7.54621580086e-05,-0.000606127224316,1.95898075885e-05,-1.18739156985e-08
e0_diagonal,cosine_6,1792,62.3926001124,62.3931504574,-7.36655529394e-05,-0.000550345040551,1.85062649269e-05,-1.01848311216e-08
e0_diagonal,cosine_6,1794,62.3926825772,62.3931534486,-7.06743324912e-05,-0.000470871465239,1.74728720272e-05,-8.22747685337e-09
e0_diagonal,cosine_6,1796,62.3927862882,62.3931575428,-6.65801547726e-05,-0.000371254625165,1.64877742578e-05,-6.12116245188e-09
e0_diagonal,cosine_6,1798,62.392905638,62.3931626154,-6.15075936921e-05,-0.000256977382968,1.55491676033e-05,-3.99578439803e-09
e0_diagonal,cosine_6,1800,62.3930333192,62.3931685138,-5.56091589772e-05,-0.000135194588665,1.46552978096e-05,-1.98131695914e-09
e0_diagonal,cosine_6,1802,62.3931608,62.3931750621,-4.90608522199e-05,-1.42620576327e-05,1.38044595331e-05,-1.96879997449e-10
e0_diagonal,cosine_6,1804,62.3932788269,62.3931820677,-4.20551999483e-05,9.67591611314e-05,1.29949954936e-05,1.25738486287e-09
e0_diagonal,cosine_6,1806,62.3933781326,62.3931893311,-3.47918583898e-05,0.000188801536474,1.22252956315e-05,2.30815459908e-09
e0_diagonal,cosine_6,1808,62.3934502711,62.3931966536,-2.74693589688e-05,0.000253617519988,1.14937962683e-05,2.91502810481e-09
e0_diagonal,cosine_6,1810,62.3934883521,62.3932038451,-2.02778402283e-05,0.000284506962593,1.07989792723e-05,3.07238479187e-09
e0_diagonal,cosine_6,1812,62.3934876827,62.393210731,-1.33919250302e-05,0.000276951674373,1.01393712279e-05,2.80811583866e-09
e0_diagonal,cosine_6,1814,62.3934462678,62.3932171582,-6.96470045369e-06,0.000229109537194,9.51354260985e-06,2.17964334442e-09
e0_diagonal,cosine_6,1816,62.3933650409,62.3932230011,-1.12182550538e-06,0.000142039739366,8.92010696149e-06,1.26700966793e-09
e0_diagonal,cosine_6,1818,62.3932477087,62.3932281659,4.04293849954e-06,1.95428476246e-05,8.35772007846e-06,1.63333649983e-10
e0_diagonal,cosine_6,1820,62.3931006055,62.3932325938,8.47081453514e-06,-0.000131988227544,7.82507919664e-06,-1.03281833356e-09
e0_diagonal,cosine_6,1822,62.3929322849,62.3932362645,1.2141545966e-05,-0.00030397960461,7.32092218524e-06,-2.22541103125e-09
e0_diagonal,cosine_6,1824,62.3927528539,62.3932391968,1.50738758435e-05,-0.000486342961139,6.84402674495e-06,-3.32854423325e-09
e0_diagonal,cosine_6,1826,62.3925734104,62.3932414458,1.73228690628e-05,-0.000668035432575,6.39320961127e-06,-4.27089054821e-09
e0_diagonal,cosine_6,1828,62.3924052552,62.3932431003,1.89773072705e-05,-0.000837845029203,5.96732576311e-06,-4.99969422825e-09
e0_diagonal,cosine_6,1830,62.3922591215,62.3932442785,2.01555556671e-05,-0.000985156968035,5.56526763675e-06,-5.48266219133e-09
e0_diagonal,cosine_6,1832,62.3921444854,62.3932451227,2.09997456864e-05,-0.00110063730267,5.18596434545e-06,-5.70786580892e-09
e0_diagonal,cosine_6,1834,62.3920689016,62.3932457933,2.16703447791e-05,-0.00117689166861,4.82838090455e-06,-5.68248125942e-09
e0_diagonal,cosine_6,1836,62.3920376076,62.3932464626,2.23396961729e-05,-0.00120885507354,4.49151746241e-06,-5.4295936723e-09
e0_diagonal,cosine_6,1838,62.3920532496,62.3932473074,2.31844022167e-05,-0.00119405772034,4.17440853716e-06,-4.98448474165e-09
e0_diagonal,cosine_6,1840,62.3921158426,62.3932485015,2.43785104743e-05,-0.00113265886905,3.87612225948e-06,-4.39032425473e-09
e0_diagonal,cosine_6,1842,62.3922228928,62.3932502087,2.60857331682e-05,-0.00102731588767,3.59575962133e-06,-3.69398098723e-09
e0_diagonal,cosine_6,1844,62.3923696468,62.3932525743,2.84513432973e-05,-0.000882927533134,3.33245373103e-06,-2.94231515202e-09
e0_diagonal,cosine_6,1846,62.3925495195,62.3932557192,3.1596259376e-05,-0.000706199676571,3.08536907449e-06,-2.17888664251e-09
e0_diagonal,cosine_6,1848,62.3927546249,62.3932597344,3.56114402749e-05,-0.000505109532732,2.85370078295e-06,-1.44143146903e-09
e0_diagonal,cosine_6,1850,62.392976215,62.3932646754,4.05524862899e-05,-0.000288460478082,2.6366739071e-06,-7.60576215788e-10
e0_diagonal,cosine_6,1852,62.3932051883,62.3932705595,4.64365972448e-05,-6.53712697485e-05,2.43354269795e-06,-1.59083776152e-10
e0_diagonal,cosine_6,1854,62.3934327129,62.3932773636,5.32406199341e-05,0.000155349377607,2.24358989429e-06,3.48540293684e-10
e0_diagonal,cosine_6,1856,62.3936506086,62.3932850224,6.08994466162e-05,0.00036558617969,2.06612601705e-06,7.55347117331e-10
e0_diagonal,cosine_6,1858,62.3938518014,62.3932934289,6.93059404142e-05,0.000558372481542,1.90048867049e-06,1.06118057508e-09
e0_diagonal,cosine_6,1860,62.3940307954,62.3933024352,7.83122947681e-05,0.000728360205294,1.74604185049e-06,1.27174740068e-09
e0_diagonal,cosine_6,1862,62.3941837465,62.3933118561,8.77331380025e-05,0.00087189044288,1.60217525991e-06,1.39692129693e-09
e0_diagonal,cosine_6,1864,62.3943085882,62.3933214739,9.73509253299e-05,0.000987114341527,1.46830363111e-06,1.44938357199e-09
e0_diagonal,cosine_6,1866,62.394405055,62.3933310459,0.000106922933398,0.00107400910852,1.34386605591e-06,1.44332438468e-09
e0_diagonal,cosine_6,1868,62.3944744032,62.3933403134,0.000116190455877,0.00113408980869,1.22832532281e-06,1.39303123036e-09
e0_diagonal,cosine_6,1870,62.3945190449,62.3933490121,0.000124889112335,0.00117003283393,1.12116726177e-06,1.3118025086e-09
e0_diagonal,cosine_6,1872,62.3945421599,62.3933568802,0.000132757276027,0.00118527968684,1.02190009661e-06,1.2112374265e-09
e0_diagonal,cosine_6,1874,62.3945471506,62.3933636667,0.000139543701231,0.00118348398558,9.30053805032e-07,1.10070378398e-09
e0_diagonal,cosine_6,1876,62.3945372191,62.3933691395,0.000145016547847,0.00116807960858,8.45179486432e-07,9.87236923693e-10
e0_diagonal,cosine_6,1878,62.394515022,62.3933730948,0.000148971811271,0.00114192728536,7.66848737602e-07,8.75685497212e-10
e0_diagonal,cosine_6,1880,62.3944823715,62.3933753621,0.000151239116526,0.00110700938547,6.94653036348e-07,7.68987430883e-10
e0_diagonal,cosine_6,1882,62.3944401129,62.3933758097,0.000151686730781,0.00106430318764,6.28203133158e-07,6.68598597105e-10
e0_diagonal,cosine_6,1884,62.3943881165,62.3933743493,0.000150226398617,0.00101376718656,5.67128450996e-07,5.74936214186e-10
e0_diagonal,cosine_6,1886,62.3943253736,62.3933709386,0.000146815602051,0.000954435068024,5.11076493298e-07,4.87789327647e-10
e0_diagonal,cosine_6,1888,62.3942500936,62.3933655804,0.000141457440378,0.000884513259848,4.59712260265e-07,4.06621589919e-10
e0_diagonal,cosine_6,1890,62.3941600314,62.3933583235,0.000134200591098,0.000801707901473,4.12717673525e-07,3.30879019943e-10
e0_diagonal,cosine_6,1892,62.3940529018,62.3933492601,0.000125137138468,0.000703641707887,3.69791009255e-07,2.60200377314e-10
e0_diagonal,cosine_6,1894,62.3939270121,62.3933385216,0.000114398604538,0.000588490519938,3.30646339833e-07,1.94582236444e-10
e0_diagonal,cosine_6,1896,62.3937818292,62.3933262748,0.000102151838178,0.000455554451094,2.95012984105e-07,1.3439447804e-10
e0_diagonal,cosine_6,1898,62.3936184369,62.3933127167,8.8593743051e-05,0.000305720160853,2.62634966348e-07,8.02928041575e-11
e0_diagonal,cosine_6,1900,62.3934399147,62.3932980685,7.39455906711e-05,0.000141846165775,2.3327048399e-07,3.30885237424e-11
e0_diagonal,cosine_6,1902,62.3932514564,62.3932825694,5.84464689268e-05,-3.11130178403e-05,2.0669138418e-07,-6.43079272342e-12
e0_diagonal,cosine_6,1904,62.3930600911,62.393266469,4.23460089678e-05,-0.000206377877909,1.82682649268e-07,-3.77016574868e-11
e0_diagonal,cosine_6,1906,62.3928742411,62.393250021,2.58980357017e-05,-0.000375779849414,1.61041891279e-07,-6.05162976539e-11
e0_diagonal,cosine_6,1908,62.3927030492,62.3932334767,9.35374183797e-06,-0.000530427528382,1.41578855431e-07,-7.50973223576e-11
e0_diagonal,cosine_6,1910,62.3925554995,62.3932170758,-7.0471630238e-06,-0.000661576275533,1.24114932802e-07,-8.21114949814e-11
e0_diagonal,cosine_6,1912,62.3924396255,62.3932010387,-2.30842732378e-05,-0.000761413159466,1.08482682171e-07,-8.26001417794e-11
e0_diagonal,cosine_6,1914,62.3923618017,62.3931855612,-3.85617548204e-05,-0.00082375946274,9.45253611375e-08,-7.7866160706e-11
e0_diagonal,cosine_6,1916,62.3923262551,62.3931708108,-5.33121279673e-05,-0.000844555729358,8.20964665612e-08,-6.93350411944e-11
e0_diagonal,cosine_6,1918,62.3923348228,62.3931569243,-6.71986582859e-05,-0.000822101526872,7.10592843992e-08,-5.8417946203e-11
e0_diagonal,cosine_6,1920,62.3923868854,62.3931440058,-8.01171305511e-05,-0.000757120425,6.12864489952e-08,-4.640122231e-11
e0_diagonal,cosine_6,1922,62.3924795765,62.393132127,-9.19959032615e-05,-0.000652550513891,5.2659511888e-08,-3.43629915438e-11
e0_diagonal,cosine_6,1924,62.3926080105,62.3931213288,-0.000102794196195,-0.000513318301913,4.50685201965e-08,-2.3134496257e-11
e0_diagonal,cosine_6,1926,62.3927655407,62.393111623,-0.000112499989584,-0.000346082238096,3.84116046411e-08,-1.3293574103e-11
e0_diagonal,cosine_6,1928,62.3929441822,62.393102995,-0.000121127915833,-0.000158812851424,3.25945772587e-08,-5.17643775542e-12
e0_diagonal,cosine_6,1930,62.3931350488,62.3930954073,-0.000128715684511,3.96415203596e-05,2.75305388675e-08,1.09135241703e-12
e0_diagonal,cosine_6,1932,62.3933287875,62.3930888038,-0.000135319151482,0.000239983698108,2.31394963359e-08,5.55310190305e-12
e0_diagonal,cosine_6,1934,62.3935161271,62.3930831158,-0.000141007152408,0.000433011329676,1.93479897093e-08,8.37789875056e-12
e0_diagonal,cosine_6,1936,62.3936882838,62.3930782672,-0.00014585576335,0.000610016584048,1.60887292464e-08,9.81439165655e-12
e0_diagonal,cosine_6,1938,62.3938373645,62.3930741812,-0.000149941762807,0.000763183272134,1.33002424156e-08,1.01505225269e-11
e0_diagonal,cosine_6,1940,62.3939567702,62.3930707865,-0.000153336455519,0.000885983686651,1.09265309007e-08,9.68072812967e-12
e0_diagonal,cosine_6,1942,62.3940414014,62.3930680224,-0.000156100538462,0.000973379037347,8.91673766286e-09,8.67936552256e-12
e0_diagonal,cosine_6,1944,62.394087923,62.3930658433,-0.000158279641894,0.00102207970106,7.22482410684e-09,7.38434606332e-12
e0_diagonal,cosine_6,1946,62.3940949319,62.3930642223,-0.000159900643133,0.00103070962444,5.80925739403e-09,5.9876575069e-12
e0_diagonal,cosine_6,1948,62.3940630346,62.3930631531,-0.000160969840962,0.000999881498174,4.63270794764e-09,4.63215896329e-12
e0_diagonal,cosine_6,1950,62.3939947914,62.3930626496,-0.000161473313213,0.000932141807738,3.66175719101e-09,3.41327696753e-12
e0_diagonal,cosine_6,1952,62.3938946319,62.3930627441,-0.000161378845362,0.000831887806513,2.86661555995e-09,2.38470253028e-12
e0_diagonal,cosine_6,1954,62.3937685396,62.3930634851,-0.000160637870934,0.000705054507797,2.22085082816e-09,1.56582088754e-12
e0_diagonal,cosine_6,1956,62.3936235187,62.3930649352,-0.000159187795489,0.000558583522761,1.7011267834e-09,9.50221391336e-13
e0_diagonal,cosine_6,1958,62.3934670864,62.3930671674,-0.000156955598761,0.000399919070695,1.28695229072e-09,5.14676764132e-13
e0_diagonal,cosine_6,1960,62.3933067146,62.3930702613,-0.000153861602975,0.000236453235239,9.60440777373e-10,2.27099329065e-13
e0_diagonal,cosine_6,1962,62.3931492558,62.3930742988,-0.00014982416559,7.49570189669e-05,7.06080172993e-10,5.29256649191e-14
e0_diagonal,cosine_6,1964,62.3930003284,62.393079357,-0.000144765996076,-7.90285477592e-05,5.10513336621e-10,-4.03451276049e-14
e0_diagonal,cosine_6,1966,62.392863971,62.3930855033,-0.000138619697537,-0.000221532205742,3.62329001225e-10,-8.02675428459e-14
e0_diagonal,cosine_6,1968,62.3927425563,62.3930927905,-0.000131332442791,-0.000350234250604,2.51863264543e-10,-8.82111417118e-14
e0_diagonal,cosine_6,1970,62.3926367726,62.3931012518,-0.000122871160897,-0.000464479170574,1.71011653767e-10,-7.94313511002e-14
e0_diagonal,cosine_6,1972,62.3925459192,62.3931108957,-0.000113227213689,-0.00056497653113,1.13051790085e-10,-6.38716082003e-14
e0_diagonal,cosine_6,1974,62.3924683043,62.3931217031,-0.000102419890212,-0.000653398750273,7.24766776092e-11,-4.73561705739e-14
e0_diagonal,cosine_6,1976,62.3924016087,62.3931336241,-9.04988277668e-05,-0.000732015464102,4.48386397692e-11,-3.28225777003e-14
e0_diagonal,cosine_6,1978,62.3923433457,62.3931465773,-7.75456645385e-05,-0.000803231581557,2.66039247543e-11,-2.1369112556e-14
e0_diagonal,cosine_6,1980,62.3922912282,62.3931604493,-6.36736956068e-05,-0.000869221072101,1.50180001189e-11,-1.30539621642e-14
e0_diagonal,cosine_6,1982,62.3922433869,62.3931750974,-4.90255224221e-05,-0.000931710518181,7.98155517827e-12,-7.43649891103e-15
e0_diagonal,cosine_6,1984,62.3921986587,62.3931903533,-3.37696449719e-05,-0.000991694566174,3.93722834234e-12,-3.90452795289e-15
e0_diagonal,cosine_6,1986,62.3921568603,62.3932060271,-1.80958621741e-05,-0.00104916677786,1.76707504896e-12,-1.85395643535e-15
e0_diagonal,cosine_6,1988,62.3921188358,62.3932219131,-2.20987924138e-06,-0.00110307724343,7.00790470445e-13,-7.73026020359e-16
e0_diagonal,cosine_6,1990,62.3920865314,62.3932377967,1.36737492369e-05,-0.00115126528786,2.34699680655e-13,-2.7020159541e-16
e0_diagonal,cosine_6,1992,62.3920630591,62.3932534635,2.93405006246e-05,-0.00119040433069,6.15264793696e-14,-7.32413874939e-17
e0_diagonal,cosine_6,1994,62.3920523533,62.3932687072,4.45842778873e-05,-0.00121635396228,1.09505806049e-14,-1.3319782108e-17
e0_diagonal,cosine_6,1996,62.392058834,62.393283338,5.92150773429e-05,-0.00122450405588,9.61379705088e-16,-1.17721334812e-18
e0_diagonal,cosine_6,1998,62.3920870359,62.39329719,7.30670370501e-05,-0.001210154091,1.50216690851e-17,-1.81785342969e-20
e0_diagonal,cosine_6,2000,62.3921409418,62.3933101275,8.60045543192e-05,-0.00116918572789,5.27090436347e-98,-6.16266615484e-101
q20_from_e0,gamma_1,0,79.8125873639,79.8125873639,0,0,1,0
q20_from_e0,gamma_1,2,79.8106879922,79.8125825284,-4.83552952346e-06,-0.00189453610888,0.994945088566,-0.00188495939664
q20_from_e0,gamma_1,4,79.8087693591,79.8125681414,-1.92225085414e-05,-0.00379878230636,0.989915729261,-0.00376047435711
q20_from_e0,gamma_1,6,79.8068285953,79.8125445731,-4.27907549465e-05,-0.00571597778138,0.984911792922,-0.00562973392496
q20_from_e0,gamma_1,8,79.804870506,79.8125124793,-7.48845665441e-05,-0.00764197328827,0.979933151038,-0.00748862296452
q20_from_e0,gamma_1,10,79.8029120818,79.8124727933,-0.000114570609668,-0.00956071148958,0.974979675748,-0.00932149938803
q20_from_e0,gamma_1,12,79.8009862752,79.8124267006,-0.000160663310652,-0.0114404254189,0.970051239837,-0.0110977988619
q20_from_e0,gamma_1,14,79.7991396776,79.8123756063,-0.00021175761195,-0.013235928692,0.965147716732,-0.0127746263559
q20_from_e0,gamma_1,16,79.7974306724,79.8123210945,-0.000266269394132,-0.0148904221022,0.960268980503,-0.0142988104513
q20_from_e0,gamma_1,18,79.7959252497,79.8122648901,-0.000322473828604,-0.016339640362,0.955414905854,-0.0156111359581
q20_from_e0,gamma_1,20,79.7946908268,79.8122088163,-0.000378547569198,-0.0175179894789,0.950585368121,-0.0166523444776
q20_from_e0,gamma_1,22,79.7937920129,79.812154751,-0.000432612929018,-0.0183627380298,0.945780243275,-0.017367114841
q20_from_e0,gamma_1,24,79.7932864121,79.8121045838,-0.000482780128678,-0.0188181716253,0.940999407908,-0.0177078883574
q20_from_e0,gamma_1,26,79.7932197101,79.8120601696,-0.000527194283251,-0.0188404594939,0.936242739242,-0.0176392434051
q20_from_e0,gamma_1,28,79.7936226673,79.8120232806,-0.000564083332705,-0.0184006132634,0.931510115114,-0.0171403573792
q20_from_e0,gamma_1,30,79.7945088314,79.8119955617,-0.000591802222445,-0.0174867302336,0.926801413982,-0.0162067263065
q20_from_e0,gamma_1,32,79.7958723229,79.8119784845,-0.000608879350523,-0.0161061616696,0.922116514917,-0.0148517576675
q20_from_e0,gamma_1,34,79.7976874247,79.8119733029,-0.000614061008037,-0.0142858782018,0.917455297602,-0.0131066546371
q20_from_e0,gamma_1,36,79.7999091258,79.8119810163,-0.00060634761951,-0.0120718904708,0.912817642327,-0.011019434598
q20_from_e0,gamma_1,38,79.8024740918,79.8120023383,-0.000585025615919,-0.00952824644428,0.908203429989,-0.00865358610248
q20_from_e0,gamma_1,40,79.8053032392,79.8120376679,-0.000549695982244,-0.00673442872836,0.903612542086,-0.00608531426274
q20_from_e0,gamma_1,42,79.8083053242,79.8120870681,-0.000500295828076,-0.00378174388388,0.899044860715,-0.00339995740334
q20_from_e0,gamma_1,44,79.8113806157,79.8121502556,-0.00043710833431,-0.000769639885903,0.894500268569,-0.000688443084641
q20_from_e0,gamma_1,46,79.8144250204,79.8122266015,-0.000360762365531,0.00219841889252,0.889978648933,0.00195654587575
q20_from_e0,gamma_1,48,79.8173345703,79.812315135,-0.000272228915151,0.00501943532511,0.885479885684,0.00444460901788
q20_from_e0,gamma_1,50,79.8200102777,79.8124145535,-0.000172810433341,0.00759572427816,0.881003863285,0.00669186243351
q20_from_e0,gamma_1,52,79.8223624448,79.8125232472,-6.41167079323e-05,0.00983919765822,0.876550466783,0.00862455330008
q20_from_e0,gamma_1,54,79.824313991,79.8126393327,5.19688214951e-05,0.0116746583051,0.872119581805,0.0101816981188
q20_from_e0,gamma_1,56,79.82580327,79.8127606952,0.000173331348009,0.0130425747808,0.867711094559,0.0113171868389
q20_from_e0,gamma_1,58,79.8267864292,79.812885042,0.000297678117178,0.0139013871818,0.863324891826,0.012001413585
q20_from_e0,gamma_1,60,79.8272390507,79.8130099596,0.000422595734648,0.0142290910471,0.858960860958,0.0122222322964
q20_from_e0,gamma_1,62,79.827156767,79.8131329746,0.000545610687112,0.0140237924661,0.854618889881,0.0119849979493
q20_from_e0,gamma_1,64,79.826554728,79.8132516193,0.000664255429058,0.0133031086709,0.850298867082,0.0113116182315
q20_from_e0,gamma_1,66,79.8254663293,79.8133634987,0.000776134838276,0.0121028305473,0.846000681616,0.0102390028925
q20_from_e0,gamma_1,68,79.8239411889,79.8134663562,0.000878992359375,0.0104748326809,0.841724223097,0.00881692040043
q20_from_e0,gamma_1,70,79.8220427355,79.8135581397,0.000970775823717,0.00848459582814,0.837469381697,0.00710558922214
q20_from_e0,gamma_1,72,79.8198453407,79.813637061,0.00104969706823,0.00620827973695,0.833236048144,0.00517296247379
q20_from_e0,gamma_1,74,79.8174311435,79.8137016496,0.00111428574428,0.00372949389751,0.829024113716,0.00309184037299
q20_from_e0,gamma_1,76,79.8148867197,79.8137508015,0.00116343757253,0.00113591828956,0.824833470245,0.000936943424695
q20_from_e0,gamma_1,78,79.8122997539,79.8137838136,0.00119644966931,-0.00148405966489,0.820664010104,-0.00121791435582
q20_from_e0,gamma_1,80,79.8097563263,79.8138004083,0.00121304439301,-0.00404408199755,0.816515626216,-0.0033020561447
q20_from_e0,gamma_1,82,79.807337849,79.8138007416,0.00121337768336,-0.00646289260288,0.812388212041,-0.00525037776627
q20_from_e0,gamma_1,84,79.8051190254,79.8137853978,0.00119803393498,-0.00866637242044,0.808281661578,-0.00700486989985
q20_from_e0,gamma_1,86,79.8031659214,79.8137553737,0.00116800986009,-0.0105894523369,0.804195869365,-0.0085159938282
q20_from_e0,gamma_1,88,79.8015339171,79.8137120474,0.00112468349462,-0.0121781302341,0.800130730469,-0.00974409623993
q20_from_e0,gamma_1,90,79.8002671414,79.8136571351,0.0010697711694,-0.0133899936118,0.796086140491,-0.0106595883356
q20_from_e0,gamma_1,92,79.7993977972,79.8135926373,0.00100527339443,-0.014194840094,0.792061995557,-0.0112431933715
q20_from_e0,gamma_1,94,79.7989452011,79.8135207718,0.000933407951791,-0.014575570759,0.788058192319,-0.0114863979443
q20_from_e0,gamma_1,96,79.7989159512,79.8134439021,0.000856538179164,-0.0145279508783,0.784074627951,-0.0113909976798
q20_from_e0,gamma_1,98,79.7993044483,79.8133644623,0.000777098391836,-0.0140600139943,0.780111200149,-0.0109683743912
q20_from_e0,gamma_1,100,79.8000939305,79.8132848744,0.00069751050151,-0.0131909439212,0.776167807123,-0.0102383860172
q20_from_e0,gamma_1,102,79.8012575602,79.8132074656,0.000620101713167,-0.0119499054242,0.7722443476,-0.00922824691818
q20_from_e0,gamma_1,104,79.8027591669,79.8131343949,0.000547030981522,-0.010375227975,0.768340720817,-0.00797171014097
q20_from_e0,gamma_1,106,79.8045548661,79.8130675833,0.000480219410463,-0.00851271717163,0.764456826522,-0.0065076047541
q20_from_e0,gamma_1,108,79.8065948039,79.8130086515,0.000421287655087,-0.00641384767044,0.760592564968,-0.00487832485098
q20_from_e0,gamma_1,110,79.8088242929,79.8129588675,0.000371503594693,-0.00413457462732,0.756747836915,-0.00312883040578
q20_from_e0,gamma_1,112,79.8111854245,79.8129191049,0.000331740993758,-0.00173368039728,0.752922543621,-0.00130532705455
q20_from_e0,gamma_1,114,79.8136183526,79.8128898159,0.000302452027654,0.000728536637141,0.749116586846,0.000545758879007
q20_from_e0,gamma_1,116,79.8160620813,79.8128710183,0.000283654444885,0.00319106295295,0.745329868846,0.0023783945322
q20_from_e0,gamma_1,118,79.8184561929,79.8128622992,0.000274935275399,0.00559389375968,0.741562292369,0.0041482206797
q20_from_e0,gamma_1,120,79.820741878,79.8128628348,0.000275470934696,0.0078790431575,0.737813760658,0.00581326646242
q20_from_e0,gamma_1,122,79.8228631939,79.8128714264,0.000284062561605,0.00999176745127,0.734084177443,0.00733479839067
q20_from_e0,gamma_1,124,79.8247686852,79.8128865492,0.000299185301401,0.0118821359868,0.730373446941,0.00867839661772
q20_from_e0,gamma_1,126,79.8264122468,79.8129064113,0.000319047413711,0.0135058354987,0.726681473852,0.00981444044584
q20_from_e0,gamma_1,128,79.827754083,79.8129290214,0.000341657499192,0.0148250616404,0.723008163361,0.0107186405883
q20_from_e0,gamma_1,130,79.8287621076,79.812952266,0.000364902070871,0.0158098416848,0.719353421129,0.0113728637034
q20_from_e0,gamma_1,132,79.8294125274,79.8129739915,0.000386627658017,0.0164385358465,0.715717153295,0.0117653420804
q20_from_e0,gamma_1,134,79.8296903394,79.8129920847,0.000404720852629,0.0166982546485,0.712099266473,0.0118908148866
q20_from_e0,gamma_1,136,79.8295899085,79.8130045528,0.000417188933739,0.0165853556943,0.708499667748,0.0117507189989
q20_from_e0,gamma_1,138,79.829115131,79.8130096011,0.000422237175513,0.0161055299588,0.704918264677,0.0113530822302
q20_from_e0,gamma_1,140,79.8282794876,79.8130056986,0.000418334750123,0.0152737889774,0.70135496528,0.0107123477379
q20_from_e0,gamma_1,142,79.827105695,79.8129916322,0.000404268298283,0.0141140628642,0.697809678047,0.00984892966319
q20_from_e0,gamma_1,144,79.8256248664,79.812966548,0.000379184119879,0.0126583184073,0.694282311926,0.00878844656895
q20_from_e0,gamma_1,146,79.8238757341,79.8129299831,0.000342619249764,0.0109457509683,0.690772776329,0.00756102678541
q20_from_e0,gamma_1,148,79.8219036256,79.8128818824,0.000294518486442,0.00902174325763,0.687280981123,0.00620047255755
q20_from_e0,gamma_1,150,79.8197592842,79.8128225981,0.000235234172862,0.00693668618763,0.683806836633,0.00474335343868
q20_from_e0,gamma_1,152,79.817497523,79.8127528757,0.000165511816562,0.00474464728477,0.680350253636,0.0032280219836
q20_from_e0,gamma_1,154,79.8151756642,79.8126738288,8.64649591392e-05,0.00250183532174,0.676911143359,0.00169352020813
q20_from_e0,gamma_1,156,79.8128520526,79.8125869012,-4.62685576963e-07,0.00026515140344,0.673489417481,0.000178576664247
q20_from_e0,gamma_1,158,79.8105845039,79.8124938163,-9.35475364798e-05,-0.00190931245626,0.670084988123,-0.00127940161458
q20_from_e0,gamma_1,160,79.8084288905,79.8123965191,-0.000190844789927,-0.00396762858851,0.666697767855,-0.00264520912364
q20_from_e0,gamma_1,162,79.8064378384,79.8122971097,-0.000290254144048,-0.00585927137148,0.663327669685,-0.00388661682489
q20_from_e0,gamma_1,164,79.8046594201,79.8121977742,-0.000389589652514,-0.00753835413794,0.659974607062,-0.00497512231008
q20_from_e0,gamma_1,166,79.8031357374,79.8121007137,-0.000486650164049,-0.00896497629229,0.656638493875,-0.00588674853019
q20_from_e0,gamma_1,168,79.8019019416,79.8120080769,-0.000579287026966,-0.0101061352383,0.653319244444,-0.00660253263813
q20_from_e0,gamma_1,170,79.8009855674,79.8119218965,-0.00066546738276,-0.0109363290627,0.650016773525,-0.00710879733155
q20_from_e0,gamma_1,172,79.8004058629,79.8118440299,-0.000743334024889,-0.0114381670027,0.646730996304,-0.00739741714157
q20_from_e0,gamma_1,174,79.8001733992,79.8117761061,-0.000811257817446,-0.0116027068283,0.643461828395,-0.00746589895009
q20_from_e0,gamma_1,176,79.800289845,79.8117194842,-0.000867879641049,-0.0114296392877,0.640209185842,-0.00731736006284
q20_from_e0,gamma_1,178,79.8007479172,79.8116752236,-0.000912140270131,-0.0109273064061,0.636972985108,-0.0069603989807
q20_from_e0,gamma_1,180,79.8015314738,79.8116440653,-0.000943298609144,-0.0101125914589,0.633753143082,-0.00640888662176
q20_from_e0,gamma_1,182,79.802616049,79.8116264242,-0.000960939659251,-0.0090103752482,0.630549577072,-0.00568148830201
q20_from_e0,gamma_1,184,79.8039694253,79.8116223913,-0.000964972630996,-0.00765296592682,0.627362204805,-0.00480118157715
q20_from_e0,gamma_1,186,79.8055523189,79.8116317455,-0.00095561840331,-0.00607942659103,0.624190944423,-0.0037947230254
q20_from_e0,gamma_1,188,79.8073193774,79.811653978,-0.000933385856129,-0.00433460061964,0.62103571448,-0.00269194179281
q20_from_e0,gamma_1,190,79.809220324,79.8116883216,-0.000899042263001,-0.00246799766451,0.617896433946,-0.00152496695589
q20_from_e0,gamma_1,192,79.8112013335,79.8117337855,-0.000853578388046,-0.000532452040986,0.614773022197,-0.000327337150412
q20_from_e0,gamma_1,194,79.8132062716,79.8117891966,-0.000798167263071,0.00141707502446,0.611665399017,0.000866775760276
q20_from_e0,gamma_1,196,79.8151781845,79.811853244,-0.000734119872547,0.00332494045074,0.608573484598,0.00202347059619
q20_from_e0,gamma_1,198,79.8170609063,79.811924523,-0.00066284089371,0.00513638335164,0.605497199532,0.00311006573514
q20_from_e0,gamma_1,200,79.8188006362,79.812001579,-0.000585784836943,0.00679905711307,0.602436464814,0.00409599993127
q20_from_e0,gamma_1,202,79.8203475691,79.8120829507,-0.000504413190882,0.00826461835639,0.59939120184,0.00495373952939
q20_from_e0,gamma_1,204,79.8216572347,79.8121672098,-0.000420154042573,0.00949002481441,0.5963613324,0.00565948384283
q20_from_e0,gamma_1,206,79.82269165,79.8122529974,-0.000334366483258,0.0104386525679,0.593346778682,0.00619374087493
q20_from_e0,gamma_1,208,79.8234206486,79.8123390538,-0.000248310072692,0.011081594776,0.590347463266,0.00654199136494
q20_from_e0,gamma_1,210,79.8238228109,79.8124242431,-0.000163120746038,0.0113985677523,0.587363309123,0.00669510047427
q20_from_e0,gamma_1,212,79.8238860172,79.8125075689,-7.97949793139e-05,0.0113784483052,0.584394239616,0.00664949964535
q20_from_e0,gamma_1,214,79.8236079192,79.8125881836,8.19730800572e-07,0.0110197356058,0.581440178492,0.00640731703757
q20_from_e0,gamma_1,216,79.8229958862,79.8126653922,7.80282774713e-05,0.0103304940833,0.578501049885,0.005976201673
q20_from_e0,gamma_1,218,79.8220666043,79.8127386496,0.000151285681511,0.00932795478225,0.575576778313,0.00536895416182
q20_from_e0,gamma_1,220,79.8208455092,79.8128075546,0.000220190668188,0.00803795461805,0.572667288675,0.00460307367761
q20_from_e0,gamma_1,222,79.8193662121,79.8128718387,0.000284474783655,0.00649437341497,0.56977250625,0.00370031541717
q20_from_e0,gamma_1,224,79.817669323,79.8129313497,0.000343985839294,0.00473797330098,0.566892356693,0.00268592085054
q20_from_e0,gamma_1,226,79.8158010637,79.8129860325,0.000398668659244,0.00281503112438,0.564026766037,0.00158775290138
q20_from_e0,gamma_1,228,79.8138119614,79.8130359097,0.000448545849508,0.000776051618601,0.561175660688,0.000435501279796
q20_from_e0,gamma_1,230,79.8117554262,79.8130810614,0.000493697514287,-0.00132563519348,0.558338967424,-0.000740153785109
q20_from_e0,gamma_1,232,79.8096862082,79.8131216057,0.000534241791883,-0.00343539752681,0.555516613393,-0.00190842039976
q20_from_e0,gamma_1,234,79.8076588344,79.8131576825,0.000570318617605,-0.00549884807425,0.552708526112,-0.00303926021444
q20_from_e0,gamma_1,236,79.8057261731,79.8131894398,0.000602075962121,-0.00746326676733,0.549914633464,-0.0041041596088
q20_from_e0,gamma_1,238,79.8039380784,79.8132170224,0.000629658495995,-0.00927894393531,0.547134863695,-0.00507683372528
q20_from_e0,gamma_1,240,79.8023402091,79.8132405635,0.000653199587987,-0.0109003544184,0.544369145417,-0.00593381661946
q20_from_e0,gamma_1,242,79.8009729073,79.8132601812,0.000672817336351,-0.0122872739195,0.541617407599,-0.00665500144676
q20_from_e0,gamma_1,244,79.7998700785,79.8132759789,0.000688614977392,-0.0134059003314,0.538879579572,-0.00722416593437
q20_from_e0,gamma_1,246,79.7990584893,79.8132880489,0.000700685032939,-0.0142295596609,0.536155591024,-0.00762925797001
q20_from_e0,gamma_1,248,79.798557369,79.8132964796,0.00070911572783,-0.0147391106051,0.533445371996,-0.00786251033965
q20_from_e0,gamma_1,250,79.7983779663,79.8133013634,0.000713999525487,-0.0149233970921,0.530748852885,-0.00792057588778
q20_from_e0,gamma_1,252,79.7985233461,79.8133028067,0.000715442772787,-0.0147794605703,0.52806596444,-0.00780453009996
q20_from_e0,gamma_1,254,79.7989884606,79.8133009391,0.000713575204045,-0.0143124784557,0.525396637758,-0.00751972805862
q20_from_e0,gamma_1,256,79.7997603319,79.8132959235,0.000708559601634,-0.0135355916139,0.522740804287,-0.00707560604675
q20_from_e0,gamma_1,258,79.8008184574,79.8132879638,0.000700599939734,-0.0124695064668,0.520098395818,-0.00648537031004
q20_from_e0,gamma_1,260,79.8021353424,79.8132773108,0.000689946927039,-0.0111419684112,0.51746934449,-0.00576562709004
q20_from_e0,gamma_1,262,79.8036771522,79.8132642642,0.000676900314986,-0.00958711197559,0.514853582783,-0.00493595894918
q20_from_e0,gamma_1,264,79.8054045487,79.8132491708,0.0006618069322,-0.00784462212013,0.512251043521,-0.00401841586706
q20_from_e0,gamma_1,266,79.8072734762,79.8132324194,0.000645055513957,-0.00595894320283,0.509661659863,-0.00303704488379
q20_from_e0,gamma_1,268,79.8092361564,79.813214433,0.000627069073573,-0.00397827656151,0.507085365311,-0.0020173258235
q20_from_e0,gamma_1,270,79.8112423042,79.813195657,0.000608293088959,-0.0019533527912,0.5045220937,-0.000985509639953
q20_from_e0,gamma_1,272,79.8132402448,79.8131765429,0.000589178993465,6.37018851677e-05,0.5019717792,3.1976548636e-05
q20_from_e0,gamma_1,274,79.815178212,79.8131575289,0.000570165010359,0.00202068313106,0.499434356313,0.00100919857888
q20_from_e0,gamma_1,276,79.8170058297,79.8131390193,0.000551655394815,0.00386681039487,0.496909759875,0.0019214558248
q20_from_e0,gamma_1,278,79.8186754393,79.8131213626,0.000533998714076,0.00555407674709,0.494397925048,0.00274592401932
q20_from_e0,gamma_1,280,79.8201436017,79.81310483,0.000517466114246,0.00703877170058,0.491898787323,0.00346236326376
q20_from_e0,gamma_1,282,79.8213725631,79.8130895951,0.000502231219372,0.00828296804495,0.489412282519,0.00405378629691
q20_from_e0,gamma_1,284,79.8223313822,79.8130757173,0.000488353415449,0.00925566492683,0.486938346776,0.00450693817778
q20_from_e0,gamma_1,286,79.8229970343,79.8130631294,0.000475765526005,0.00993390491759,0.484476916559,0.00481274762386
q20_from_e0,gamma_1,288,79.8233553678,79.8130516307,0.000464266832125,0.0103037370887,0.482027928653,0.00496668904624
q20_from_e0,gamma_1,290,79.8234014818,79.8130408849,0.000453521016979,0.0103605969233,0.479591320165,0.00496885235615
q20_from_e0,gamma_1,292,79.8231398181,79.813030423,0.000443059154378,0.0101093950754,0.477167028517,0.00482387000821
q20_from_e0,gamma_1,294,79.8225839006,79.8130196547,0.000432290789718,0.00956424596437,0.474754991448,0.00454067351103
q20_from_e0,gamma_1,296,79.8217559446,79.8130078875,0.000420523657823,0.00874805701332,0.472355147014,0.00413218975661
q20_from_e0,gamma_1,298,79.820686007,79.8129943541,0.000406990223269,0.00769165287532,0.46996743358,0.0036148263618
q20_from_e0,gamma_1,300,79.8194109728,79.8129782437,0.000390879864455,0.00643272909443,0.467591789826,0.00300789131073
q20_from_e0,gamma_1,302,79.8179734569,79.8129587399,0.000371375977693,0.00501471707979,0.465228154741,0.00233298757358
q20_from_e0,gamma_1,304,79.8164201875,79.812935061,0.000347697106875,0.00348512648441,0.462876467622,0.00161318303632
q20_from_e0,gamma_1,306,79.8148004914,79.8129065039,0.000319139982707,0.00189398757092,0.460536668073,0.000872250725285
q20_from_e0,gamma_1,308,79.8131647137,79.8128724863,0.000285122372532,0.000292227460406,0.458208696004,0.000133901163569
q20_from_e0,gamma_1,310,79.8115625675,79.8128325873,0.000245223444011,-0.00127001987477,0.455892491627,-0.000578992525123
q20_from_e0,gamma_1,312,79.810041577,79.8127865824,0.000199218535954,-0.00274500539773,0.453587995458,-0.00124510149588
q20_from_e0,gamma_1,314,79.8086455751,79.8127344709,0.000147107039979,-0.00408889581718,0.451295148313,-0.00184529884425
q20_from_e0,gamma_1,316,79.8074134963,79.8126764991,8.91352169106e-05,-0.00526300279175,0.449013891308,-0.00236316136349
q20_from_e0,gamma_1,318,79.8063784922,79.8126131771,2.58132241413e-05,-0.00623468486496,0.446744165855,-0.00278530908936
q20_from_e0,gamma_1,320,79.8055673125,79.8125452862,-4.20777215453e-05,-0.00697797366612,0.444485913662,-0.0031016110005
q20_from_e0,gamma_1,322,79.8049998404,79.8124738729,-0.000113490998103,-0.00747403245758,0.442239076735,-0.00330530921353
q20_from_e0,gamma_1,324,79.8046891573,79.8124002331,-0.000187130805926,-0.00771107581717,0.440003597369,-0.00339290109914
q20_from_e0,gamma_1,326,79.8046419197,79.8123258868,-0.000261477126912,-0.00768396708973,0.437779418154,-0.00336388264166
q20_from_e0,gamma_1,328,79.8048584432,79.8122525394,-0.000334824513942,-0.00739409614592,0.435566481967,-0.0032206204456
q20_from_e0,gamma_1,330,79.8053330498,79.8121820302,-0.000405333705956,-0.00684898034513,0.433364731977,-0.00296810653158
q20_from_e0,gamma_1,332,79.806054498,79.8121162769,-0.000471087028387,-0.00606177881188,0.431174111638,-0.00261368209416
q20_from_e0,gamma_1,334,79.8070061749,79.8120572158,-0.000530148091286,-0.00505104085168,0.428994564691,-0.0021668690714
q20_from_e0,gamma_1,336,79.8081663823,79.8120067372,-0.00058062671161,-0.00384035491491,0.426826035161,-0.00163916346194
q20_from_e0,gamma_1,338,79.8095087768,79.8119666185,-0.000620745340058,-0.00245784176404,0.424668467355,-0.00104376789494
q20_from_e0,gamma_1,340,79.8110025423,79.8119384578,-0.000648906115259,-0.000935915486423,0.422521805863,-0.000395444701459
q20_from_e0,gamma_1,342,79.8126128948,79.8119236084,-0.000663755464927,0.000689286370559,0.420385995556,0.00028976633711
q20_from_e0,gamma_1,344,79.8143018118,79.8119231218,-0.000664242087851,0.00237868997816,0.41826098158,0.000994913205139
q20_from_e0,gamma_1,346,79.8160285807,79.8119376969,-0.000649667007082,0.00409088386739,0.416146709362,0.0017024078598
q20_from_e0,gamma_1,348,79.8177508813,79.8119676423,-0.00061972157701,0.00578323899624,0.414043124602,0.00239451034433
q20_from_e0,gamma_1,350,79.8194259271,79.8120128516,-0.000574512277183,0.00741307544577,0.411950173277,0.0030538177144
q20_from_e0,gamma_1,352,79.8210114329,79.8120727884,-0.000514575443702,0.00893864449627,0.409867801636,0.00366366256929
q20_from_e0,gamma_1,354,79.8224666557,79.8121464856,-0.000440878293887,0.0103201701385,0.407795956199,0.00420852364977
q20_from_e0,gamma_1,356,79.8237534236,79.8122325621,-0.000354801787111,0.0115208614899,0.405734583757,0.00467441194113
q20_from_e0,gamma_1,358,79.8248368549,79.8123292577,-0.000258106161212,0.0125075971387,0.40368363137,0.00504911223266
q20_from_e0,gamma_1,360,79.8256862598,79.8124344819,-0.000152881998901,0.0132517779313,0.401643046366,0.00532248445808
q20_from_e0,gamma_1,362,79.8262760744,79.8125458723,-4.1491583687e-05,0.0137302020732,0.399612776338,0.00548676417017
q20_from_e0,gamma_1,364,79.826586524,79.8126608615,7.34975656371e-05,0.0139256625428,0.397592769146,0.00553674273257
q20_from_e0,gamma_1,366,79.8266043029,79.8127767526,0.000189388719974,0.0138275502501,0.395582972911,0.00546994343602
q20_from_e0,gamma_1,368,79.8263233176,79.8128908018,0.000303437891603,0.013432515831,0.393583336018,0.00528681439186
q20_from_e0,gamma_1,370,79.8257447732,79.8130002989,0.000412935020563,0.0127444743207,0.391593807112,0.00499065721889
q20_from_e0,gamma_1,372,79.8248776292,79.813102648,0.000515284129534,0.0117749811403,0.389614335099,0.00458770144779
q20_from_e0,gamma_1,374,79.8237389106,79.8131954455,0.000608081604781,0.0105434650605,0.387644869142,0.00408712013366
q20_from_e0,gamma_1,376,79.8223530365,79.8132765541,0.00068919021632,0.00907648241792,0.38568535866,0.00350066637673
q20_from_e0,gamma_1,378,79.820751565,79.813344168,0.000756804161412,0.00740739690985,0.383735753331,0.00284248303342
q20_from_e0,gamma_1,380,79.8189725307,79.8133968663,0.000809502446884,0.00557566434135,0.381796003083,0.00212876636006
q20_from_e0,gamma_1,382,79.8170591162,79.8134336542,0.000846290357401,0.0036254619843,0.379866058102,0.00137718995277
q20_from_e0,gamma_1,384,79.8150584076,79.8134539896,0.000866625688161,0.00160441798063,0.377945868821,0.000606383147641
q20_from_e0,gamma_1,386,79.8130200955,79.8134577927,0.000870428813229,-0.000437697197015,0.376035385927,-0.000164589634399
q20_from_e0,gamma_1,388,79.8109946299,79.8134454427,0.000858078811632,-0.00245081277775,0.374134560355,-0.000916933761117
q20_from_e0,gamma_1,390,79.8090316766,79.8134177551,0.000830391181609,-0.00438607849593,0.372243343288,-0.00163268852325
q20_from_e0,gamma_1,392,79.8071790992,79.8133759431,0.000788579232051,-0.00619684390593,0.370361686156,-0.00229507355784
q20_from_e0,gamma_1,394,79.8054813751,79.8133215683,0.000734204376428,-0.00784019320395,0.368489540633,-0.0028890291922
q20_from_e0,gamma_1,396,79.8039785051,79.8132564808,0.000669116940969,-0.0092779757292,0.366626858641,-0.00340155509615
q20_from_e0,gamma_1,398,79.8027048067,79.8131827543,0.000595390419335,-0.0104779475787,0.364773592341,-0.00382207857864
q20_from_e0,gamma_1,400,79.8016878656,79.8131026133,0.000515249408949,-0.0114147476965,0.362929694138,-0.00414275089017
q20_from_e0,gamma_1,402,79.8009480438,79.8130183547,0.000430990796843,-0.0120703108686,0.361095116677,-0.00435853031142
q20_from_e0,gamma_1,404,79.8004980826,79.8129322683,0.000344904414433,-0.0124341856506,0.359269812843,-0.00446722755153
q20_from_e0,gamma_1,406,79.8003423467,79.8128465612,0.000259197362141,-0.0125042145898,0.357453735758,-0.00446967821784
q20_from_e0,gamma_1,408,79.8004767575,79.8127632839,0.000175920030529,-0.0122865264607,0.355646838782,-0.00436966429537
q20_from_e0,gamma_1,410,79.8008891758,79.812684267,9.69031375604e-05,-0.0117950911764,0.35384907551,-0.00417368210832
q20_from_e0,gamma_1,412,79.8015596771,79.8126110721,2.37082389845e-05,-0.0110513950259,0.352060399772,-0.00389075855086
q20_from_e0,gamma_1,414,79.802461405,79.8125449502,-4.24136799069e-05,-0.0100835452163,0.350280765632,-0.00353207193864
q20_from_e0,gamma_1,416,79.8035615167,79.8124868119,-0.000100551961111,-0.00892529521651,0.348510127384,-0.00311055577285
q20_from_e0,gamma_1,418,79.8048224098,79.812437213,-0.000150150883201,-0.00761480316795,0.346748439556,-0.00264042111602
q20_from_e0,gamma_1,420,79.8062030643,79.8123963522,-0.000191011664953,-0.00619328790144,0.344995656904,-0.00213665742796
q20_from_e0,gamma_1,422,79.8076603489,79.8123640827,-0.00022328115044,-0.0047037338061,0.343251734414,-0.00161456478716
q20_from_e0,gamma_1,424,79.8091505506,79.8123399387,-0.000247425177861,-0.00318938813284,0.341516627296,-0.00108922907827
q20_from_e0,gamma_1,426,79.8106305685,79.8123231734,-0.000264190453521,-0.00169260495475,0.339790290992,-0.000575130730111
q20_from_e0,gamma_1,428,79.8120590737,79.8123128076,-0.000274556324399,-0.00025373384544,0.338072681165,-8.57804814302e-05
q20_from_e0,gamma_1,430,79.8133976472,79.8123076877,-0.000279676181407,0.00108995952139,0.336363753703,0.000366622876001
q20_from_e0,gamma_1,432,79.8146113714,79.8123065488,-0.000280815127439,0.00230482259565,0.334663464718,0.000771339915421
q20_from_e0,gamma_1,434,79.8156692536,79.8123080768,-0.00027928706271,0.0033611767942,0.332971770544,0.00111917698828
q20_from_e0,gamma_1,436,79.8165448087,79.8123109723,-0.00027639153717,0.00423383634192,0.331288627734,0.00140262183177
q20_from_e0,gamma_1,438,79.8172164374,79.8123140106,-0.000273353242918,0.00490242674667,0.329613993061,0.00161590845566
q20_from_e0,gamma_1,440,79.8176678242,79.8123160993,-0.000271264541155,0.00535172485783,0.327947823519,0.0017550865192
q20_from_e0,gamma_1,442,79.8178885379,79.8123163294,-0.000271034527088,0.00557220855465,0.326290076316,0.00181815635455
q20_from_e0,gamma_1,444,79.8178743163,79.8123140158,-0.000273348039499,0.00556030045925,0.324640708878,0.00180509988267
q20_from_e0,gamma_1,446,79.8176271822,79.8123087299,-0.000278633945243,0.00531845222137,0.322999678847,0.00171785835947
q20_from_e0,gamma_1,448,79.8171556946,79.8123003203,-0.000287043608608,0.00485537429219,0.321366944077,0.00156035679863
q20_from_e0,gamma_1,450,79.8164748174,79.8122889234,-0.000298440503286,0.00418589397894,0.319742462637,0.00133840804916
q20_from_e0,gamma_1,452,79.8156057608,79.8122749576,-0.000312406269273,0.00333080315427,0.318126192806,0.00105961572645
q20_from_e0,gamma_1,454,79.8145757539,79.8122591003,-0.000328263601176,0.00231665360609,0.316518093077,0.000733262781718
q20_from_e0,gamma_1,456,79.8134172464,79.8122422537,-0.00034511022811,0.00117499279251,0.314918122149,0.000370026523757
q20_from_e0,gamma_1,458,79.8121670251,79.8122255002,-0.000361863717103,-5.84750638524e-05,0.313326238932,-1.83217718282e-05
q20_from_e0,gamma_1,460,79.8108651703,79.8122100509,-0.000377312936592,-0.00134488062282,0.311742402544,-0.000419256316494
q20_from_e0,gamma_1,462,79.8095534149,79.8121971944,-0.000390169493699,-0.00264377947332,0.310166572309,-0.00082001201718
q20_from_e0,gamma_1,464,79.8082739153,79.8121882415,-0.000399122383413,-0.00391432619848,0.308598707756,-0.00120795600659
q20_from_e0,gamma_1,466,79.8070681962,79.812184469,-0.00040289486148,-0.00511627284352,0.30703876862,-0.0015708941138
q20_from_e0,gamma_1,468,79.8059754904,79.8121870657,-0.000400298169623,-0.00621157533575,0.305486714837,-0.00189755374328
q20_from_e0,gamma_1,470,79.8050314737,79.8121970821,-0.000390281827364,-0.00716560834289,0.303942506549,-0.00217793296069
q20_from_e0,gamma_1,472,79.8042672662,79.8122153844,-0.000371979528438,-0.0079481181704,0.302406104098,-0.00240355945082
q20_from_e0,gamma_1,474,79.8037084099,79.812242616,-0.000344747891631,-0.00853420611601,0.300877468024,-0.00256775032778
q20_from_e0,gamma_1,476,79.8033744529,79.8122791664,-0.000308197505888,-0.00890471351475,0.299356559071,-0.00266568439729
q20_from_e0,gamma_1,478,79.8032785196,79.812325152,-0.000262211843108,-0.00904663243803,0.297843338177,-0.00269447920461
q20_from_e0,gamma_1,480,79.8034268358,79.8123804103,-0.000206953575145,-0.0089535745187,0.296337766482,-0.0026532822749
q20_from_e0,gamma_1,482,79.8038188694,79.8124445038,-0.000142860130666,-0.00862563435057,0.294839805317,-0.00254318035266
q20_from_e0,gamma_1,484,79.8044474647,79.812516739,-7.06248762583e-05,-0.00806927429697,0.293349416214,-0.00236711690429
q20_from_e0,gamma_1,486,79.8052988084,79.8125961949,8.83097749238e-06,-0.00729738641813,0.291866560896,-0.00212986307739
q20_from_e0,gamma_1,488,79.8063531558,79.8126817566,9.43927489772e-05,-0.00632860087364,0.29039120128,-0.00183777001012
q20_from_e0,gamma_1,490,79.8075854518,79.8127721576,0.000184793680262,-0.00518670573335,0.288923299476,-0.00149856013389
q20_from_e0,gamma_1,492,79.8089658632,79.8128660229,0.00027865900843,-0.0039001596783,0.287462817786,-0.00112115089094
q20_from_e0,gamma_1,494,79.8104610106,79.8129619146,0.000374550709665,-0.00250090402922,0.286009718701,-0.000715282857896
q20_from_e0,gamma_1,496,79.8120348975,79.813058379,0.00047101509368,-0.00102348145336,0.284563964904,-0.000291245940373
q20_from_e0,gamma_1,498,79.8136495542,79.8131539951,0.000566631201295,0.000495559110661,0.283125519264,0.000140305430532
q20_from_e0,gamma_1,500,79.815266611,79.8132474183,0.000660054429147,0.00201919270576,0.281694344839,0.000568795166353
q20_from_e0,gamma_1,502,79.8168485914,79.8133374176,0.000750053701751,0.00351117381943,0.280270404874,0.000984078107957
q20_from_e0,gamma_1,504,79.8183597685,79.8134229013,0.000835537384205,0.00493686719419,0.2788536628,0.00137666349986
q20_from_e0,gamma_1,506,79.819767257,79.8135029352,0.000915571314891,0.00626432176891,0.277444082231,0.00173799900398
q20_from_e0,gamma_1,508,79.821041486,79.8135767564,0.000989392542238,0.00746472960257,0.276041626968,0.00206057610437
q20_from_e0,gamma_1,510,79.8221566683,79.8136437775,0.00105641359552,0.00851289081039,0.274646260991,0.0023380336313
q20_from_e0,gamma_1,512,79.8230914172,79.8137035837,0.00111621983942,0.00938783343955,0.273257948466,0.00256530010623
q20_from_e0,gamma_1,514,79.8238288949,79.8137559227,0.00116855884293,0.0100729721608,0.271876653738,0.00273860596428
q20_from_e0,gamma_1,516,79.8243572423,79.8138006831,0.00121331924331,0.0105565591677,0.270502341332,0.00285557397128
q20_from_e0,gamma_1,518,79.824669409,79.8138378688,0.00125050493139,0.0108315401623,0.269134975954,0.00291514630111
q20_from_e0,gamma_1,520,79.8247628643,79.8138675697,0.00128020577461,0.0108952946281,0.267774522487,0.00291748231639
q20_from_e0,gamma_1,522,79.8246397513,79.8138899296,0.00130256571468,0.0107498217431,0.266420945991,0.00286397767803
q20_from_e0,gamma_1,524,79.8243066028,79.8139051151,0.00131775121838,0.0104014877203,0.265074211705,0.00275716615801
q20_from_e0,gamma_1,526,79.8237740202,79.8139132847,0.00132592082838,0.00986073551941,0.263734285041,0.00260061403219
q20_from_e0,gamma_1,528,79.8230563831,79.8139145623,0.00132719844071,0.00914182081505,0.262401131588,0.00239882412664
q20_from_e0,gamma_1,530,79.8221713706,79.8139090184,0.00132165452968,0.008262352141,0.261074717108,0.00215709124785
q20_from_e0,gamma_1,532,79.8211397961,79.8138966569,0.00130929300022,0.00724313923963,0.259755007535,0.00188144168777
q20_from_e0,gamma_1,534,79.8199854407,79.8138774051,0.0012900412024,0.00610803561328,0.258441968977,0.00157857275048
q20_from_e0,gamma_1,536,79.8187348465,79.813851112,0.00126374810276,0.00488373453403,0.257135567713,0.00125578185197
q20_from_e0,gamma_1,538,79.8174170722,79.8138175548,0.00123019092858,0.00359951742519,0.255835770191,0.00092088531279
q20_from_e0,gamma_1,540,79.8160633707,79.8137764491,0.00118908521605,0.00228692164202,0.254542543031,0.000582118850475
q20_from_e0,gamma_1,542,79.8147065641,79.8137274641,0.00114010021565,0.000979100032808,0.25325585302,0.000247962814001
q20_from_e0,gamma_1,544,79.813380218,79.8136702456,0.00108288173213,-0.000290027577677,0.251975667113,-7.30798923662e-05
q20_from_e0,gamma_1,546,79.8121176063,79.8136044477,0.00101708380808,-0.00148684136154,0.250701952432,-0.000372754032295
q20_from_e0,gamma_1,548,79.8109507771,79.8135297708,0.000942406942741,-0.00257899375404,0.249434676266,-0.000643290472132
q20_from_e0,gamma_1,550,79.8099092992,79.8134459979,0.000858633975128,-0.00353669863178,0.248173806069,-0.000877715960366
q20_from_e0,gamma_1,552,79.8090194044,79.8133530307,0.000765666851606,-0.00433362636075,0.246919309459,-0.00107005602845
q20_from_e0,gamma_1,554,79.8083034143,79.8132509265,0.000663562658445,-0.00494751225735,0.245671154218,-0.00121546104677
q20_from_e0,gamma_1,556,79.8077790153,79.8131399253,0.000552561413031,-0.00536090998143,0.244429308291,-0.00131036351857
q20_from_e0,gamma_1,558,79.8074581559,79.8130204754,0.000433111545675,-0.00556231953435,0.243193739786,-0.00135272128944
q20_from_e0,gamma_1,560,79.8073467988,79.8128932545,0.000305890618833,-0.00554645572674,0.24196441697,-0.00134204492617
q20_from_e0,gamma_1,562,79.8074447724,79.8127591806,0.000171816736298,-0.00531440821602,0.240741308272,-0.00127939758662
q20_from_e0,gamma_1,564,79.8077453205,79.8126194138,3.20499556352e-05,-0.00487409338169,0.23952438228,-0.00116746420642
q20_from_e0,gamma_1,566,79.8082354553,79.8124753456,-0.000112018244153,-0.00423989032002,0.238313607741,-0.00101042355859
q20_from_e0,gamma_1,568,79.808896139,79.812328579,-0.000258784906507,-0.00343244000719,0.237108953561,-0.000813862258264
q20_from_e0,gamma_1,570,79.8097025432,79.812180901,-0.000406462928424,-0.00247835774134,0.2359103888,-0.000584670338345
q20_from_e0,gamma_1,572,79.8106250285,79.8120342466,-0.000553117322667,-0.00140921804638,0.234717882678,-0.000330768676077
q20_from_e0,gamma_1,574,79.8116299721,79.8118906551,-0.000696708807496,-0.00026068296026,0.233531404569,-6.08776578567e-05
q20_from_e0,gamma_1,576,79.8126806601,79.8117522192,-0.000835144692104,0.000928440879633,0.232350924002,0.000215724096264
q20_from_e0,gamma_1,578,79.8137385851,79.8116210262,-0.000966337712981,0.00211755888584,0.231176410659,0.000489529662589
q20_from_e0,gamma_1,580,79.8147646024,79.8114990994,-0.00108826450878,0.00326550297451,0.230007834378,0.000751091267322
q20_from_e0,gamma_1,582,79.8157203428,79.8113883395,-0.00119902441548,0.00433200328409,0.228845165146,0.00099135800696
q20_from_e0,gamma_1,584,79.8165696027,79.8112904633,-0.00129690061686,0.0052791394619,0.227688373104,0.00120199867547
q20_from_e0,gamma_1,586,79.8172795169,79.8112069498,-0.00138041403855,0.00607256707322,0.226537428543,0.00137566372942
q20_from_e0,gamma_1,588,79.817821825,79.8111389925,-0.00144837135477,0.00668283245834,0.225392301905,0.00150625899103
q20_from_e0,gamma_1,590,79.818173901,79.8110874587,-0.00149990519682,0.00708644232688,0.224252963781,0.00158915569447
q20_from_e0,gamma_1,592,79.818319256,79.811052863,-0.00153450087493,0.00726639297496,0.22311938491,0.00162127313109
q20_from_e0,gamma_1,594,79.8182483814,79.8110353514,-0.001552012454,0.00721302995433,0.22199153618,0.00160123160008
q20_from_e0,gamma_1,596,79.8179586618,79.8110346963,-0.00155266754808,0.0069239654204,0.220869388626,0.00152929200927
q20_from_e0,gamma_1,598,79.8174540667,79.8110503048,-0.00153705908835,0.00640376191835,0.219752913428,0.00140724533845
q20_from_e0,gamma_1,600,79.81674516,79.8110812419,-0.00150612202549,0.00566391814509,0.218642081913,0.00123837085503
q20_from_e0,gamma_1,602,79.8158484527,79.8111262672,-0.00146109664398,0.00472218547391,0.217536865553,0.00102724942655
q20_from_e0,gamma_1,604,79.8147856999,79.8111838803,-0.00140348360367,0.00360181960652,0.216437235964,0.000779567880074
q20_from_e0,gamma_1,606,79.8135834765,79.8112523723,-0.00133499159477,0.00233110421983,0.215343164905,0.000501987360422
q20_from_e0,gamma_1,608,79.812272149,79.8113298913,-0.0012574726059,0.000942257707607,0.214254624278,0.000201883071117
q20_from_e0,gamma_1,610,79.8108848015,79.8114145147,-0.00117284922621,-0.000529713148026,0.213171586128,-0.000112919791958
q20_from_e0,gamma_1,612,79.8094567612,79.8115043237,-0.00108304016746,-0.00204756251652,0.21209402264,-0.000434275770736
q20_from_e0,gamma_1,614,79.8080245898,79.8115974749,-0.000989888992649,-0.00357288505326,0.21102190614,-0.000753957014357
q20_from_e0,gamma_1,616,79.8066251215,79.8116922658,-0.000895098042378,-0.0050671443137,0.209955209093,-0.00106387334389
q20_from_e0,gamma_1,618,79.8052946557,79.8117871959,-0.000800167947773,-0.00649254022507,0.208893904106,-0.00135625207518
q20_from_e0,gamma_1,620,79.8040677201,79.8118810192,-0.000706344653878,-0.00781329912893,0.207837963922,-0.00162390018247
q20_from_e0,gamma_1,622,79.802976188,79.8119727854,-0.00061457845004,-0.00899659742545,0.206787361422,-0.00186038264338
q20_from_e0,gamma_1,624,79.8020485406,79.8120618671,-0.000525496782558,-0.0100133264983,0.205742069624,-0.00206016251759
q20_from_e0,gamma_1,626,79.8013089452,79.812147973,-0.000439390848555,-0.010839027798,0.204702061684,-0.0022187713369
q20_from_e0,gamma_1,628,79.8007767303,79.8122311453,-0.000356218553989,-0.0114544150319,0.203667310891,-0.00233288990737
q20_from_e0,gamma_1,630,79.8004660068,79.8123117414,-0.000275622483699,-0.0118457346154,0.202637790673,-0.00240039349137
q20_from_e0,gamma_1,632,79.8003854155,79.8123904026,-0.000196961319403,-0.0120049870729,0.201613474588,-0.00242036715615
q20_from_e0,gamma_1,634,79.8005382893,79.8124680074,-0.000119356460772,-0.0119297181244,0.20059433633,-0.00239303388977
q20_from_e0,gamma_1,636,79.8009226159,79.812545614,-4.17498963543e-05,-0.0116229980635,0.199580349725,-0.00231972201836
q20_from_e0,gamma_1,638,79.8015312078,79.8126243942,3.70302833232e-05,-0.0110931863486,0.198571488733,-0.00220279052805
q20_from_e0,gamma_1,640,79.8023521108,79.8127055627,0.00011819883747,-0.0103534519685,0.197567727444,-0.00204550797661
q20_from_e0,gamma_1,642,79.8033687184,79.8127903036,0.000202939683163,-0.00942158517512,0.19656904008,-0.0018519919539
q20_from_e0,gamma_1,644,79.8045601271,79.812879696,0.00029233213462,-0.00831956894116,0.195575400991,-0.00162710303174
q20_from_e0,gamma_1,646,79.8059016683,79.8129746438,0.000387279907514,-0.00707297548894,0.194586784661,-0.00137630755838
q20_from_e0,gamma_1,648,79.8073651718,79.813075811,0.000488447116567,-0.00571063923526,0.193603165698,-0.0011055978341
q20_from_e0,gamma_1,650,79.8089197376,79.8131835664,0.000596202546021,-0.00426382882637,0.192624518842,-0.000821317976103
q20_from_e0,gamma_1,652,79.8105324514,79.8132979359,0.000710571968625,-0.00276548445774,0.191650818959,-0.000530007361144
q20_from_e0,gamma_1,654,79.8121688949,79.8134185676,0.000831203722583,-0.00124967269556,0.190682041043,-0.000238290140226
q20_from_e0,gamma_1,656,79.8137937991,79.8135447148,0.000957350958615,0.000249084256865,0.189718160213,4.72558069505e-05
q20_from_e0,gamma_1,658,79.8153716399,79.8136752346,0.00108787067273,0.00169640539075,0.188759151716,0.000320212042523
q20_from_e0,gamma_1,660,79.8168673624,79.813808607,0.0012212431121,0.00305875542644,0.187804990922,0.000574449535093
q20_from_e0,gamma_1,662,79.8182474212,79.8139429698,0.00135560587063,0.00430445147391,0.186855653325,0.000804311092366
q20_from_e0,gamma_1,664,79.8194806952,79.8140761608,0.00148879693782,0.00540453441981,0.185911114547,0.00100476301759
q20_from_e0,gamma_1,666,79.8205393934,79.814205775,0.00161841109589,0.00633361846369,0.184971350328,0.00117153795969
q20_from_e0,gamma_1,668,79.8213999723,79.8143292331,0.00174186922618,0.00707073918733,0.184036336534,0.00130127293663
q20_from_e0,gamma_1,670,79.8220437373,79.8144438596,0.00185649568581,0.00759987768406,0.183106049152,0.00139158357677
q20_from_e0,gamma_1,672,79.8224574459,79.8145469677,0.00195960377822,0.00791047822068,0.182180464291,0.00144113459501
q20_from_e0,gamma_1,674,79.822633878,79.8146359477,0.00204858381841,0.00799793024795,0.181259558179,0.00144970130309
q20_from_e0,gamma_1,676,79.8225721223,79.8147083544,0.00212099051819,0.00786376791615,0.180343307166,0.00141817791278
q20_from_e0,gamma_1,678,79.8222776878,79.8147619916,0.00217462773837,0.00751569621821,0.17943168772,0.00134855405682
q20_from_e0,gamma_1,680,79.8217625134,79.8147949887,0.00220762482479,0.00696752469263,0.17852467643,0.00124387509127
q20_from_e0,gamma_1,682,79.8210445209,79.8148058669,0.00221850301136,0.00623865397149,0.177622250002,0.0011081237554
q20_from_e0,gamma_1,684,79.8201470893,79.8147935936,0.00220622970571,0.0053534956927,0.176724385259,0.000946093235282
q20_from_e0,gamma_1,686,79.8190984554,79.8147576219,0.00217025799957,0.00434083352459,0.175831059144,0.000763253356196
q20_from_e0,gamma_1,688,79.8179307349,79.8146979144,0.00211055055428,0.00323282050184,0.174942248712,0.000565556888274
q20_from_e0,gamma_1,690,79.8166790067,79.8146149508,0.00202758689093,0.00206405596823,0.174057931139,0.000359265311586
q20_from_e0,gamma_1,692,79.8153803229,79.8145097171,0.00192235323391,0.000870605732317,0.173178083712,0.000150769832392
q20_from_e0,gamma_1,694,79.8140726587,79.8143836811,0.00179631720584,-0.00031102240284,0.172302683837,-5.35899947428e-05
q20_from_e0,gamma_1,696,79.812793825,79.8142387504,0.00165138656074,-0.00144492542049,0.17143170903,-0.000247706034255
q20_from_e0,gamma_1,698,79.8115803403,79.8140772175,0.00148985358013,-0.00249687713738,0.170565136924,-0.000425880190819
q20_from_e0,gamma_1,700,79.8104663538,79.8139016952,0.00131433127758,-0.00343534132398,0.169702945263,-0.000582987540663
q20_from_e0,gamma_1,702,79.8094828348,79.8137150443,0.00112768039801,-0.00423220952906,0.168845111905,-0.000714587891539
q20_from_e0,gamma_1,704,79.8086566977,79.8135202905,0.000932926637404,-0.00486359282819,0.167991614818,-0.000817042813024
q20_from_e0,gamma_1,706,79.8080100546,79.8133205386,0.000733174676242,-0.00531048397296,0.167142432083,-0.00088760720678
q20_from_e0,gamma_1,708,79.8075595415,79.8131188873,0.000531523439847,-0.0055593458502,0.166297541892,-0.000924505549417
q20_from_e0,gamma_1,710,79.8073158176,79.8129183494,0.00033098547938,-0.00560253181447,0.165456922546,-0.000926977672489
q20_from_e0,gamma_1,712,79.8072834433,79.8127217758,0.000134411959607,-0.00543833253853,0.164620552456,-0.000895261306935
q20_from_e0,gamma_1,714,79.8074608685,79.8125317866,-5.55773089843e-05,-0.00507091812256,0.163788410143,-0.000830557617261
q20_from_e0,gamma_1,716,79.8078404795,79.8123507111,-0.00023665276106,-0.00451023160849,0.162960474236,-0.000734989481835
q20_from_e0,gamma_1,718,79.8084089472,79.8121805448,-0.000406819054845,-0.00377159763204,0.162136723472,-0.000611514482312
q20_from_e0,gamma_1,720,79.8091476831,79.8120229165,-0.000564447414618,-0.00287523336235,0.161317136694,-0.000463824413341
q20_from_e0,gamma_1,722,79.8100333905,79.8118790701,-0.000708293758166,-0.00184567966826,0.160501692855,-0.000296234711225
q20_from_e0,gamma_1,724,79.811038837,79.8117498609,-0.000837502943455,-0.000711023942173,0.159690371013,-0.000113543677125
q20_from_e0,gamma_1,726,79.8121337784,79.8116357629,-0.000951601003493,0.000498015498636,0.158883150331,7.91262713366e-05
q20_from_e0,gamma_1,728,79.8132858467,79.8115368897,-0.0010504742246,0.00174895703698,0.158080010077,0.00027647514603
q20_from_e0,gamma_1,730,79.8144614701,79.8114530263,-0.00113433756655,0.00300844377982,0.157280929627,0.00047317083442
q20_from_e0,gamma_1,732,79.8156268544,79.8113836708,-0.00120369305255,0.00424318355329,0.156485888457,0.000663998348222
q20_from_e0,gamma_1,734,79.8167488679,79.8113280843,-0.00125927961565,0.00542078365304,0.15569486615,0.000843988185289
q20_from_e0,gamma_1,736,79.8177959361,79.8112853439,-0.00130201996873,0.00651059223311,0.154907842391,0.00100854179552
q20_from_e0,gamma_1,738,79.8187388795,79.8112543994,-0.00133296451114,0.00748448015663,0.154124796967,0.00115354398455
q20_from_e0,gamma_1,740,79.8195517352,79.8112341314,-0.00135323247247,0.00831760381364,0.153345709769,0.00127546886038
q20_from_e0,gamma_1,742,79.8202123768,79.8112234075,-0.00136395637759,0.00898896930413,0.152570560787,0.00137145208763
q20_from_e0,gamma_1,744,79.8207029906,79.8112211328,-0.00136623106233,0.00948185779603,0.151799330115,0.00143933966168
q20_from_e0,gamma_1,746,79.821010496,79.8112262954,-0.00136106849125,0.00978420057525,0.151031997945,0.00147772736118
q20_from_e0,gamma_1,748,79.8211267928,79.8112380025,-0.00134936138765,0.00988879027884,0.150268544572,0.00148597412278
q20_from_e0,gamma_1,750,79.8210487899,79.8112555104,-0.00133185353479,0.00979327954981,0.149508950388,0.00146418294635
q20_from_e0,gamma_1,752,79.8207784463,79.8112782448,-0.00130911910598,0.00950020154822,0.148753195885,0.00141318534185
q20_from_e0,gamma_1,754,79.8203228143,79.8113058093,-0.00128155460277,0.0090170049727,0.148001261654,0.0013345281123
q20_from_e0,gamma_1,756,79.8196934952,79.8113379829,-0.00124938094055,0.00835551225724,0.147253128384,0.00123037531913
q20_from_e0,gamma_1,758,79.8189061767,79.8113747095,-0.00121265438815,0.00753146717149,0.146508776862,0.00110342604327
q20_from_e0,gamma_1,760,79.817980326,79.8114160777,-0.00117128620843,0.00656424827325,0.14576818797,0.000956858576179
q20_from_e0,gamma_1,762,79.8169383553,79.8114622954,-0.00112506844289,0.00547605986023,0.14503134269,0.000794200314181
q20_from_e0,gamma_1,764,79.8158052751,79.8115136592,-0.00107370471609,0.0042916159297,0.144298222098,0.000619272548582
q20_from_e0,gamma_1,766,79.8146084917,79.8115705181,-0.00101684578809,0.00303797364587,0.143568807365,0.000436158253144
q20_from_e0,gamma_1,768,79.8133768374,79.8116332348,-0.000954129106191,0.00174360259565,0.142843079759,0.000249061564639
q20_from_e0,gamma_1,770,79.8121400878,79.8117021442,-0.000885219711463,0.00043794362989,0.142121020642,6.22409956636e-05
q20_from_e0,gamma_1,772,79.8109283981,79.8117775138,-0.000809850086426,-0.000849115652883,0.141402611469,-0.000120067170757
q20_from_e0,gamma_1,774,79.8097713796,79.8118595056,-0.000727858294596,-0.00208812600891,0.140687833792,-0.000293773924878
q20_from_e0,gamma_1,776,79.808697477,79.8119481408,-0.000639223065775,-0.00325066384045,0.139976669252,-0.000455017097244
q20_from_e0,gamma_1,778,79.8077332809,79.812043274,-0.000544089913063,-0.00430999311779,0.139269099586,-0.000600248860737
q20_from_e0,gamma_1,780,79.8069023919,79.8121445762,-0.000442787690019,-0.00524218425583,0.138565106622,-0.000726383820343
q20_from_e0,gamma_1,782,79.8062248405,79.8122515264,-0.000335837444396,-0.00602668597652,0.13786467228,-0.00083086708709
q20_from_e0,gamma_1,784,79.8057164733,79.8123634126,-0.000223951296562,-0.00664693928125,0.137167778572,-0.000911745895512
q20_from_e0,gamma_1,786,79.8053882658,79.8124793407,-0.00010802314624,-0.00709107498555,0.1364744076,-0.000967750257898
q20_from_e0,gamma_1,788,79.8052462318,79.8125982509,1.08870436293e-05,-0.0073520191287,0.135784541556,-0.000998290546903
q20_from_e0,gamma_1,790,79.8052913344,79.8127189414,0.000131577552438,-0.00742760707395,0.135098162724,-0.00100345606913
q20_from_e0,gamma_1,792,79.8055193452,79.8128400992,0.00025273536157,-0.00732075404891,0.134415253477,-0.000984021011126
q20_from_e0,gamma_1,794,79.8059213611,79.8129603343,0.000372970374826,-0.0070389731941,0.133735796275,-0.000941362685072
q20_from_e0,gamma_1,796,79.8064841006,79.8130782204,0.000490856518383,-0.00659411975566,0.133059773669,-0.000877412082237
q20_from_e0,gamma_1,798,79.8071899679,79.8131923391,0.000604975222416,-0.00600237117381,0.132387168298,-0.000794636922774
q20_from_e0,gamma_1,800,79.8080177216,79.8133013208,0.000713956872616,-0.0052835991373,0.131717962887,-0.000695944915078
q20_from_e0,gamma_1,802,79.8089427998,79.8134038853,0.00081652141148,-0.00446108548839,0.13105214025,-0.000584634801094
q20_from_e0,gamma_1,804,79.809937926,79.813498876,0.000911512115806,-0.00356094998516,0.130389683288,-0.00046431114077
q20_from_e0,gamma_1,806,79.8109736709,79.8135852871,0.00099792321825,-0.00261161620533,0.129730574987,-0.000338806471963
q20_from_e0,gamma_1,808,79.8120186341,79.8136622898,0.00107492588995,-0.00164365571963,0.12907479842,-0.000212154530684
q20_from_e0,gamma_1,810,79.8130403765,79.8137292514,0.00114188751394,-0.000688874949162,0.128422336746,-8.84669306972e-05
q20_from_e0,gamma_1,812,79.814006613,79.8137857462,0.00119838229585,0.000220866788695,0.127773173207,2.82208504477e-05
q20_from_e0,gamma_1,814,79.8148860362,79.8138315553,0.00124419145682,0.0010544808507,0.127127291133,0.000134053294101
q20_from_e0,gamma_1,816,79.8156495488,79.8138666562,0.00127929229868,0.00178289258692,0.126484673936,0.000225508587518
q20_from_e0,gamma_1,818,79.8162712559,79.8138912032,0.00130383926785,0.00238005277508,0.125845305111,0.000299518467661
q20_from_e0,gamma_1,820,79.8167293568,79.8139055053,0.00131814139982,0.00282385150726,0.125209168239,0.000353572098455
q20_from_e0,gamma_1,822,79.8170074342,79.8139100025,0.00132263860787,0.00309743168299,0.124576246983,0.000385866414353
q20_from_e0,gamma_1,824,79.8170953279,79.8139052385,0.00131787465166,0.00319008939184,0.123946525088,0.000395400494837
q20_from_e0,gamma_1,826,79.8169896918,79.8138918284,0.00130446451841,0.00309786342092,0.123319986381,0.000382028474878
q20_from_e0,gamma_1,828,79.8166941551,79.8138704249,0.00128306106447,0.00282373015234,0.122696614772,0.000346462130721
q20_from_e0,gamma_1,830,79.8162191161,79.813841686,0.0012543221268,0.00237743004917,0.122076394251,0.000290228087985
q20_from_e0,gamma_1,832,79.8155812473,79.8138062422,0.00121887827561,0.00177500517218,0.121459308889,0.000215590901488
q20_from_e0,gamma_1,834,79.8148025697,79.8137646702,0.00117730635584,0.0010378994287,0.12084534284,0.000125425312294
q20_from_e0,gamma_1,836,79.8139090417,79.8137174741,0.00113011024777,0.000191567564272,0.120234480335,2.30330265393e-05
q20_from_e0,gamma_1,838,79.8129295212,79.8136650706,0.00107770670053,-0.000735549394037,0.119626705685,-8.79913508775e-05
q20_from_e0,gamma_1,840,79.8118946697,79.8136077848,0.00102042093845,-0.00171311507764,0.119022003283,-0.000203898388394
q20_from_e0,gamma_1,842,79.8108358805,79.8135458542,0.000958490300349,-0.00270997370201,0.118420357598,-0.000320916054872
q20_from_e0,gamma_1,844,79.8097843478,79.8134794371,0.000892073257603,-0.00369508938753,0.117821753178,-0.000435361909788
q20_from_e0,gamma_1,846,79.8087699018,79.8134086326,0.000821268746307,-0.00463873083264,0.117226174651,-0.000543780670744
q20_from_e0,gamma_1,848,79.8078205534,79.8133335071,0.000746143192259,-0.00551295372101,0.11663360672,-0.000642995676161
q20_from_e0,gamma_1,850,79.8069620193,79.813254126,0.000666762115685,-0.00629210668309,0.116044034168,-0.000730161442919
q20_from_e0,gamma_1,852,79.8062167783,79.8131705865,0.00058322265869,-0.00695380820734,0.115457441852,-0.000802868906752
q20_from_e0,gamma_1,854,79.8056043382,79.8130830475,0.000495683663189,-0.00747870931301,0.114873814709,-0.000859107867888
q20_from_e0,gamma_1,856,79.8051408302,79.8129917586,0.000404394733224,-0.0078509283862,0.11429313775,-0.00089730723951
q20_from_e0,gamma_1,858,79.8048385501,79.8128970867,0.000309722779548,-0.00805853660502,0.113715396061,-0.000916379681713
q20_from_e0,gamma_1,860,79.8047062345,79.8127995373,0.000212173427471,-0.0080933028572,0.113140574805,-0.000915680937337
q20_from_e0,gamma_1,862,79.8047484188,79.8126997693,0.000112405413347,-0.00795135045958,0.11256865922,-0.000895072860223
q20_from_e0,gamma_1,864,79.804965197,79.8125986008,1.12369051237e-05,-0.00763340376155,0.111999634617,-0.00085493843218
q20_from_e0,gamma_1,866,79.8053525917,79.8124970095,-9.035435518e-05,-0.00714441783573,0.111433486384,-0.000796127387617
q20_from_e0,gamma_1,868,79.805902658,79.8123961272,-0.00019123669972,-0.00649346919187,0.110870199979,-0.000719932227861
q20_from_e0,gamma_1,870,79.806603184,79.8122972213,-0.00029014259519,-0.00569403730613,0.110309760938,-0.000628107894009
q20_from_e0,gamma_1,872,79.807437719,79.812201665,-0.000385698929392,-0.00476394599708,0.109752154866,-0.000522853338844
q20_from_e0,gamma_1,874,79.8083858154,79.8121109028,-0.000476461075579,-0.00372508736446,0.109197367443,-0.000406769733694
q20_from_e0,gamma_1,876,79.8094237494,79.81202642,-0.000560943919623,-0.00260267052992,0.108645384422,-0.000282768140247
q20_from_e0,gamma_1,878,79.8105249876,79.8119497037,-0.000637660212391,-0.00142471611902,0.108096191626,-0.000154006386614
q20_from_e0,gamma_1,880,79.8116614632,79.811882195,-0.000705168860321,-0.000220731855904,0.107549774951,-2.3739661427e-05
q20_from_e0,gamma_1,882,79.8128040417,79.8118252425,-0.000762121406297,0.000978799188957,0.107006120364,0.000104737503825
q20_from_e0,gamma_1,884,79.8139238151,79.8117800534,-0.000807310528387,0.0021437617737,0.106465213902,0.000228236055792
q20_from_e0,gamma_1,886,79.8149935067,79.8117476455,-0.000839718350363,0.00324586114694,0.105927041675,0.000343824468983
q20_from_e0,gamma_1,888,79.8159876619,79.8117288075,-0.000858556342621,0.00425885431379,0.105391589861,0.000448847427116
q20_from_e0,gamma_1,890,79.816883737,79.8117240655,-0.000863298340846,0.00515967150297,0.104858844708,0.000541037192875
q20_from_e0,gamma_1,892,79.8176630709,79.8117336579,-0.000853706013203,0.00592941305648,0.104328792535,0.000618608504624
q20_from_e0,gamma_1,894,79.8183110026,79.8117575152,-0.000829848658611,0.00655348733723,0.103801419729,0.000680261289779
q20_from_e0,gamma_1,896,79.818817203,79.8117952479,-0.000792116030283,0.00702195512922,0.103276712745,0.000725204442791
q20_from_e0,gamma_1,898,79.8191759253,79.8118461481,-0.000741215765331,0.00732977716639,0.102754658109,0.000753168746748
q20_from_e0,gamma_1,900,79.8193856597,79.8119092055,-0.000678158375976,0.0074764542191,0.102235242413,0.000764357109479
q20_from_e0,gamma_1,902,79.8194488676,79.8119831309,-0.000604233024873,0.00746573671864,0.101718452317,0.000759403184427
q20_from_e0,gamma_1,904,79.819372059,79.8120663939,-0.000520969946422,0.00730566509763,0.101204274549,0.000739364536306
q20_from_e0,gamma_1,906,79.8191657839,79.8121572686,-0.000430095262601,0.00700851531117,0.100692695905,0.000705706300971
q20_from_e0,gamma_1,908,79.818844072,79.8122538788,-0.00033348512585,0.00659019323096,0.100183703245,0.000660229962977
q20_from_e0,gamma_1,910,79.8184239777,79.8123542478,-0.000233116049088,0.00606972985993,0.0996772834977,0.000605014184003
q20_from_e0,gamma_1,912,79.8179252576,79.8124563528,-0.000131011061598,0.0054689048237,0.0991734236576,0.000542370015024
q20_from_e0,gamma_1,914,79.817369498,79.8125581797,-2.91842061841e-05,0.00481131830456,0.0986721107844,0.000474742932767
q20_from_e0,gamma_1,916,79.8167791288,79.8126577807,7.04168263326e-05,0.00412134805454,0.0981733320033,0.00040460647086
q20_from_e0,gamma_1,918,79.8161767271,79.8127533325,0.000165968652766,0.00342339454666,0.0976770745048,0.000334387164193
q20_from_e0,gamma_1,920,79.8155843426,79.8128431928,0.000255828892449,0.00274114980201,0.097183325544,0.000266394053573
q20_from_e0,gamma_1,922,79.8150226296,79.812925949,0.000338585135438,0.00209668056722,0.0966920724405,0.00020273238929
q20_from_e0,gamma_1,924,79.8145100916,79.8130004554,0.000413091535961,0.00150963613653,0.0962033025779,0.000145231982025
q20_from_e0,gamma_1,926,79.8140625064,79.8130658632,0.000478499275673,0.000996643251284,0.0957170034037,9.53957054754e-05
q20_from_e0,gamma_1,928,79.8136924506,79.8131216425,0.000534278602544,0.00057080806674,0.0952331624287,5.43598573355e-05
q20_from_e0,gamma_1,930,79.8134089072,79.8131675885,0.000580224564771,0.000241318701214,0.094751767227,2.28653734049e-05
q20_from_e0,gamma_1,932,79.8132174543,79.8132038133,0.000616449418871,1.36409489073e-05,0.0942728054354,1.28597052229e-06
q20_from_e0,gamma_1,934,79.8131205034,79.8132307286,0.000643364757366,-0.000110225277595,0.0937962647533,-1.03387193198e-05
q20_from_e0,gamma_1,936,79.8131174624,79.8132490169,0.00066165305256,-0.000131554555551,0.0933221329421,-1.22769517223e-05
q20_from_e0,gamma_1,938,79.8132050945,79.813259595,0.000672231155065,-5.45005490551e-05,0.0928503978252,-5.06039766146e-06
q20_from_e0,gamma_1,940,79.8133776487,79.8132635726,0.0006762086783,0.000114076178249,0.0923810472875,1.05384768172e-05
q20_from_e0,gamma_1,942,79.8136275026,79.8132622038,0.000674839914993,0.000365298825841,0.0919140692753,3.35761015845e-05
q20_from_e0,gamma_1,944,79.8139455075,79.813256831,0.000669467068178,0.000688676523893,0.0914494517955,6.29790905745e-05
q20_from_e0,gamma_1,946,79.814320585,79.8132488203,0.000661456436887,0.00107176465791,0.090987182916,9.7516846972e-05
q20_from_e0,gamma_1,948,79.814740015,79.8132394987,0.000652134778534,0.00150051634986,0.0905272507647,0.000135837619881
q20_from_e0,gamma_1,950,79.8151897588,79.8132300952,0.000642731269451,0.00195966363464,0.0900696435297,0.00017650620501
q20_from_e0,gamma_1,952,79.815654129,79.8132216884,0.000634324562071,0.00243244053598,0.0896143494587,0.000217981576229
q20_from_e0,gamma_1,954,79.8161161885,79.8132151553,0.000627791435562,0.00290103316303,0.0891613568589,0.000258660053108
q20_from_e0,gamma_1,956,79.8165585003,79.8132111254,0.000623761516636,0.00334737491561,0.0887106540966,0.00029694781827
q20_from_e0,gamma_1,958,79.8169635274,79.8132099492,0.000622585351138,0.00375357814139,0.0882622295969,0.000331299175725
q20_from_e0,gamma_1,960,79.8173144694,79.8132116774,0.000624313529073,0.00410279195866,0.0878160718433,0.0003602910734
q20_from_e0,gamma_1,962,79.8175958397,79.8132160512,0.00062868736029,0.00437978844596,0.0873721693776,0.000382671617938
q20_from_e0,gamma_1,964,79.8177939147,79.8132225078,0.000635143867072,0.00457140698255,0.0869305107995,0.000397394744066
q20_from_e0,gamma_1,966,79.8178970889,79.8132302,0.000642836117947,0.00466688888842,0.0864910847665,0.000403644282444
q20_from_e0,gamma_1,968,79.8178960225,79.8132380288,0.000650664919334,0.00465799374457,0.0860538799931,0.000400838434704
q20_from_e0,gamma_1,970,79.8177840114,79.8132446845,0.000657320605114,0.00453932686175,0.0856188852512,0.000388652105693
q20_from_e0,gamma_1,972,79.8175568588,79.8132486992,0.000661335275083,0.00430815967344,0.0851860893691,0.000366995274958
q20_from_e0,gamma_1,974,79.8172127549,79.8132485064,0.000661142518567,0.00396424853339,0.0847554812319,0.000335991792171
q20_from_e0,gamma_1,976,79.8167521349,79.813242508,0.000655144107299,0.00350962686377,0.0843270497807,0.000295956479253
q20_from_e0,gamma_1,978,79.8161775553,79.8132291461,0.000641782176672,0.00294840920715,0.0839007840126,0.00024737384407
q20_from_e0,gamma_1,980,79.8154939432,79.8132069744,0.000619610467339,0.00228696883643,0.0834766729801,0.000190908549674
q20_from_e0,gamma_1,982,79.8147085358,79.8131747254,0.000587361485003,0.00153381042428,0.0830547057913,0.000127390173528
q20_from_e0,gamma_1,984,79.8138308256,79.8131313734,0.000544009515437,0.000699452206348,0.0826348716094,5.77991432684e-05
q20_from_e0,gamma_1,986,79.8128726435,79.8130761921,0.000488828179769,-0.000203548587848,0.082217159652,-1.6735186744e-05
q20_from_e0,gamma_1,988,79.811848007,79.813008801,0.000421437151871,-0.00116079406178,0.0818015591916,-9.49547641535e-05
q20_from_e0,gamma_1,990,79.8107731403,79.812929201,0.000341837083994,-0.00215606070155,0.0813880595546,-0.000175477596781
q20_from_e0,gamma_1,992,79.8096664201,79.8128377961,0.000250432190654,-0.00317137596159,0.0809766501218,-0.000256807401646
q20_from_e0,gamma_1,994,79.8085480964,79.8127354021,0.000148038171034,-0.0041873056585,0.0805673203272,-0.000337359996296
q20_from_e0,gamma_1,996,79.8074401556,79.8126232394,3.58754757315e-05,-0.00518308379971,0.0801600596584,-0.000415476306599
q20_from_e0,gamma_1,998,79.8063659419,79.812502913,-8.4450899692e-05,-0.00613697112843,0.0797548576563,-0.000489453258788
q20_from_e0,gamma_1,1000,79.8053495892,79.8123763761,-0.000210987832375,-0.00702678689353,0.0793517039143,-0.000557587513045
q20_from_e0,gamma_1,1002,79.804415368,79.8122458802,-0.000341483658275,-0.0078305122595,0.0789505880789,-0.000618223547847
q20_from_e0,gamma_1,1004,79.8035868031,79.8121139154,-0.000473448474651,-0.00852711229832,0.0785514998484,-0.00066981746041
q20_from_e0,gamma_1,1006,79.8028860232,79.81198314,-0.000604223847091,-0.00909711680056,0.0781544289737,-0.000710979968855
q20_from_e0,gamma_1,1008,79.8023328922,79.8118563039,-0.000731059954262,-0.00952341171781,0.077759365257,-0.000740534450258
q20_from_e0,gamma_1,1010,79.8019444183,79.8117361663,-0.00085119758964,-0.00979174795678,0.0773662985524,-0.000757551295775
q20_from_e0,gamma_1,1012,79.8017342556,79.8116254129,-0.000961951032934,-0.00989115720726,0.0769752187652,-0.000761373989871
q20_from_e0,gamma_1,1014,79.8017121211,79.8115265748,-0.00106078910912,-0.0098144536458,0.0765861158517,-0.000751650883939
q20_from_e0,gamma_1,1016,79.801883454,79.811441952,-0.0011454119014,-0.00955849793429,0.076198979819,-0.000728347791195
q20_from_e0,gamma_1,1018,79.8022488867,79.8113735431,-0.0012138207436,-0.00912465645864,0.0758138007246,-0.000691774886436
q20_from_e0,gamma_1,1020,79.8028038199,79.8113229889,-0.00126437498774,-0.00851916901698,0.0754305686765,-0.000642605763602
q20_from_e0,gamma_1,1022,79.8035381815,79.8112915256,-0.00129583823963,-0.00775334414989,0.0750492738324,-0.000581882848222
q20_from_e0,gamma_1,1024,79.8044365144,79.8112799502,-0.00130741367556,-0.00684343578105,0.0746699063999,-0.000510998709225
q20_from_e0,gamma_1,1026,79.8054779996,79.8112886019,-0.00129876194293,-0.00581060236352,0.0742924566363,-0.000431683924123
q20_from_e0,gamma_1,1028,79.8066371499,79.8113173584,-0.00127000549477,-0.00468020848233,0.0739169148477,-0.000345946571858
q20_from_e0,gamma_1,1030,79.8078845367,79.8113656455,-0.0012217184034,-0.00348110881949,0.0735432713897,-0.000256012130648
q20_from_e0,gamma_1,1032,79.8091874154,79.8114324603,-0.0011549035675,-0.00224504489182,0.0731715166662,-0.000164273339718
q20_from_e0,gamma_1,1034,79.8105108678,79.811516406,-0.00107095784278,-0.00100553820026,0.0728016411299,-7.32048311978e-05
q20_from_e0,gamma_1,1036,79.811819025,79.8116157403,-0.000971623599298,0.000203284682357,0.0724336352817,1.47246485402e-05
q20_from_e0,gamma_1,1038,79.8130760607,79.8117284316,-0.000858932284146,0.00134762905367,0.0720674896705,9.71202429049e-05
q20_from_e0,gamma_1,1040,79.8142474828,79.8118522226,-0.000735141294371,0.00239526017779,0.0717031948929,0.000171747807347
q20_from_e0,gamma_1,1042,79.8153014167,79.8119847021,-0.000602661813986,0.00331671464768,0.0713407415932,0.000236616882619
q20_from_e0,gamma_1,1044,79.8162096925,79.8121233783,-0.000463985620826,0.00408631427615,0.0709801204628,0.00029004707957
q20_from_e0,gamma_1,1046,79.8169490522,79.8122657496,-0.000321614246843,0.00468330259193,0.0706213222402,0.000330741021493
q20_from_e0,gamma_1,1048,79.8175017388,79.8124093782,-0.000177985726793,0.00509236062356,0.0702643377109,0.0003578113466
q20_from_e0,gamma_1,1050,79.8178562638,79.8125519569,-3.54069364334e-05,0.00530430680953,0.0699091577068,0.000370819621273
q20_from_e0,gamma_1,1052,79.8180081283,79.8126913679,0.000104004029268,0.0053167603927,0.0695557731061,0.000369811379534
q20_from_e0,gamma_1,1054,79.8179597552,79.8128257311,0.000238367172415,0.00513402413549,0.0692041748333,0.000355295903871
q20_from_e0,gamma_1,1056,79.8177204538,79.8129534423,0.00036607842857,0.00476701147586,0.0688543538586,0.000328229495007
q20_from_e0,gamma_1,1058,79.8173061945,79.8130732007,0.000485836780626,0.00423299387809,0.068506301198,0.000289986753582
q20_from_e0,gamma_1,1060,79.8167389414,79.813184024,0.000596660141468,0.00355491735606,0.0681600079128,0.000242303195118
q20_from_e0,gamma_1,1062,79.8160460404,79.8132852539,0.000697890056699,0.00276078648879,0.0678154651094,0.000187224019805
q20_from_e0,gamma_1,1064,79.8152592166,79.8133765491,0.000789185235647,0.00188266745688,0.0674726639394,0.000127028588628
q20_from_e0,gamma_1,1066,79.8144133989,79.8134578671,0.000870503253154,0.000955531775375,0.0671315955989,6.41463727264e-05
q20_from_e0,gamma_1,1068,79.8135454956,79.8135294343,0.000942070430341,1.60613104185e-05,0.0667922513287,1.07277108214e-06
q20_from_e0,gamma_1,1070,79.8126931136,79.8135917091,0.00100434518195,-0.000898595454998,0.0664546224138,-5.97158216646e-05
q20_from_e0,gamma_1,1072,79.8118930173,79.8136453395,0.00105797558885,-0.00175232220313,0.066118700183,-0.000115861266373
q20_from_e0,gamma_1,1074,79.8111797348,79.8136911152,0.00110375135628,-0.00251138040353,0.0657844760095,-0.000165209843907
q20_from_e0,gamma_1,1076,79.8105840854,79.8137299178,0.00114255396232,-0.00314583242218,0.0654519413095,-0.000205900839066
q20_from_e0,gamma_1,1078,79.8101318687,79.8137626692,0.00117530531375,-0.00363080053525,0.0651210875429,-0.000236441679507
q20_from_e0,gamma_1,1080,79.8098428948,79.8137902795,0.00120291557403,-0.00394738469463,0.0647919062129,-0.000255758578921
q20_from_e0,gamma_1,1082,79.8097302851,79.8138135991,0.00122623517939,-0.00408331399218,0.0644643888653,-0.000263228341051
q20_from_e0,gamma_1,1084,79.8098000045,79.813833376,0.00124601216351,-0.00403337152342,0.0641385270889,-0.000258694508715
q20_from_e0,gamma_1,1086,79.8100508048,79.8138502184,0.00126285449647,-0.00379941358543,0.063814312515,-0.000242456965914
q20_from_e0,gamma_1,1088,79.8104745145,79.8138645662,0.0012772023386,-0.00339005172641,0.063491736817,-0.000215240272009
q20_from_e0,gamma_1,1090,79.8110566946,79.8138766748,0.00128931095566,-0.00281998028028,0.0631707917105,-0.000178140386913
q20_from_e0,gamma_1,1092,79.8117776112,79.8138866084,0.00129924452216,-0.00210899719987,0.0628514689532,-0.00013255357203
q20_from_e0,gamma_1,1094,79.8126130069,79.8138942426,0.00130687873893,-0.00128123576621,0.0625337603441,-8.01204903488e-05
q20_from_e0,gamma_1,1096,79.8135352648,79.8138992737,0.00131190979869,-0.000364008923029,0.0622176577239,-2.26477825815e-05
q20_from_e0,gamma_1,1098,79.8145145527,79.8139012374,0.00131387355071,0.000613315310474,0.0619031529745,3.79661514859e-05
q20_from_e0,gamma_1,1100,79.8155199109,79.813899536,0.00131217214303,0.00162037490492,0.0615902380187,9.97992760733e-05
q20_from_e0,gamma_1,1102,79.8165202101,79.8138934695,0.00130610563428,0.00262674059222,0.0612789048203,0.000160963786738
q20_from_e0,gamma_1,1104,79.8174850608,79.813882272,0.00129490814726,0.00360278872995,0.0609691453836,0.000219658949863
q20_from_e0,gamma_1,1106,79.8183857277,79.81386515,0.00127778611363,0.00452057771787,0.0606609517535,0.000274222546841
q20_from_e0,gamma_1,1108,79.8191960778,79.8138413214,0.00125395752201,0.00535475636063,0.0603543160148,0.000323182657572
q20_from_e0,gamma_1,1110,79.8198932542,79.8138100563,0.0012226924409,0.00608319791388,0.0600492302927,0.000365291352447
q20_from_e0,gamma_1,1112,79.8204580687,79.8137707144,0.00118335054097,0.00668735428012,0.0597456867519,0.000399540574019
q20_from_e0,gamma_1,1114,79.8208752817,79.813722779,0.00113541506764,0.007152502697,0.0594436775967,0.00042517106433
q20_from_e0,gamma_1,1116,79.8211339992,79.8136658877,0.00107852384048,0.00746811145758,0.0591431950711,0.000441687972749
q20_from_e0,gamma_1,1118,79.821227899,79.8135998561,0.00101249219668,0.00762804292279,0.0588442314581,0.000448866323321
q20_from_e0,gamma_1,1120,79.8211552061,79.813524691,0.000937327135944,0.00763051512493,0.0585467790797,0.000446742083283
q20_from_e0,gamma_1,1122,79.8209186672,79.8134405986,0.000853234723564,0.00747806855283,0.0582508302967,0.000435603702218
q20_from_e0,gamma_1,1124,79.8205252128,79.8133479839,0.00076061998368,0.00717722894764,0.0579563775085,0.000415966190355
q20_from_e0,gamma_1,1126,79.8199855242,79.8132474441,0.000660080206487,0.00673808008708,0.0576634131532,0.00038854069592
q20_from_e0,gamma_1,1128,79.8193136698,79.8131397545,0.00055239058419,0.00617391535359,0.0573719297067,0.000354209437681
q20_from_e0,gamma_1,1130,79.8185264646,79.8130258474,0.000438483506485,0.00550061724951,0.0570819196832,0.000313985792044
q20_from_e0,gamma_1,1132,79.8176428155,79.8129067893,0.000319425366911,0.00473602620259,0.0567933756347,0.00026897491514
q20_from_e0,gamma_1,1134,79.8166831886,79.8127837554,0.000196391482291,0.00389943324721,0.0565062901508,0.000220342506491
q20_from_e0,gamma_1,1136,79.8156691438,79.812658001,7.0637094268e-05,0.00301114284757,0.0562206558586,0.000169288425774
q20_from_e0,gamma_1,1138,79.8146230512,79.8125308316,-5.65323300918e-05,0.00209221963679,0.0559364654224,0.00011703137137
q20_from_e0,gamma_1,1140,79.8135676916,79.8124035745,-0.000183789416411,0.00116411713297,0.0556537115438,6.47874391216e-05
q20_from_e0,gamma_1,1142,79.812525879,79.812277548,-0.000309815902028,0.000248330986295,0.0553723869609,1.37506794675e-05
q20_from_e0,gamma_1,1144,79.811520408,79.8121540303,-0.000433333581299,-0.000633622353988,0.0550924844489,-3.49078296835e-05
q20_from_e0,gamma_1,1146,79.8105734717,79.8120342344,-0.000553129508603,-0.00146076263512,0.0548139968193,-8.00702384352e-05
q20_from_e0,gamma_1,1148,79.8097061825,79.8119192877,-0.000668076166505,-0.0022131051724,0.05453691692,-0.000120695932923
q20_from_e0,gamma_1,1150,79.8089381503,79.8118102183,-0.000777145571817,-0.0028720680515,0.0542612376351,-0.000155841967047
q20_from_e0,gamma_1,1152,79.8082866921,79.8117079457,-0.000879418159244,-0.00342125366566,0.0539869518845,-0.000184703057033
q20_from_e0,gamma_1,1154,79.8077663217,79.8116132769,-0.00097408702905,-0.00384695520269,0.0537140526241,-0.0002066355542
q20_from_e0,gamma_1,1156,79.8073885307,79.8115269082,-0.00106045569947,-0.00413837749267,0.0534425328454,-0.000221165375078
q20_from_e0,gamma_1,1158,79.8071612072,79.811449429,-0.00113793486756,-0.00428822183186,0.053172385575,-0.000228014984675
q20_from_e0,gamma_1,1160,79.807088308,79.8113813244,-0.00120603946746,-0.00429301637432,0.0529036038752,-0.000227116037697
q20_from_e0,gamma_1,1162,79.8071695911,79.8113229829,-0.00126438102271,-0.00415339177898,0.052636180843,-0.00021861868079
q20_from_e0,gamma_1,1164,79.8074004498,79.8112747073,-0.00131265657967,-0.00387425746591,0.0523701096106,-0.000202895288149
q20_from_e0,gamma_1,1166,79.8077721507,79.8112367265,-0.00135063739174,-0.00346457579558,0.0521053833447,-0.000180523049955
q20_from_e0,gamma_1,1168,79.8082719759,79.8112092051,-0.00137815878725,-0.00293722921977,0.0518419952466,-0.000152271823249
q20_from_e0,gamma_1,1170,79.8088834337,79.8111922514,-0.00139511248858,-0.00230881768205,0.0515799385521,-0.000119088674168
q20_from_e0,gamma_1,1172,79.8095866993,79.8111859237,-0.00140144022086,-0.00159922440257,0.0513192065309,-8.20709274047e-05
q20_from_e0,gamma_1,1174,79.8103590743,79.811190235,-0.00139712886946,-0.000831160732574,0.051059792487,-4.24388945286e-05
q20_from_e0,gamma_1,1176,79.8111756441,79.8112051553,-0.00138220854767,-2.95112030528e-05,0.0508016897581,-1.49921898188e-06
q20_from_e0,gamma_1,1178,79.8120100256,79.8112306117,-0.00135675221826,0.000779413977128,0.0505448917157,3.93953950756e-05
q20_from_e0,gamma_1,1180,79.8128351061,79.8112664862,-0.00132087768384,0.00156861990135,0.0502893917646,7.88849407487e-05
q20_from_e0,gamma_1,1182,79.8136238482,79.8113126101,-0.00127475380793,0.00231123811345,0.0500351833431,0.000115643222756
q20_from_e0,gamma_1,1184,79.8143501082,79.8113687544,-0.00121860951069,0.00298135378377,0.0497822599227,0.000148418528985
q20_from_e0,gamma_1,1186,79.8149893659,79.8114346201,-0.0011527438144,0.00355474583421,0.0495306150078,0.000176068747365
q20_from_e0,gamma_1,1188,79.8155194557,79.8115098266,-0.00107753730489,0.00400962910899,0.0492802421357,0.000197595493365
q20_from_e0,gamma_1,1190,79.8159210053,79.8115939008,-0.000993463090822,0.00432710449026,0.0490311348762,0.000212162843885
q20_from_e0,gamma_1,1192,79.8161779486,79.8116862683,-0.000901095618133,0.00449168029066,0.0487832868319,0.000219118927976
q20_from_e0,gamma_1,1194,79.8162785683,79.811786248,-0.000801115884173,0.00449232030572,0.0485366916375,0.000218042365415
q20_from_e0,gamma_1,1196,79.8162156758,79.8118930512,-0.000694312685738,0.00432262455455,0.0482913429599,0.000208745344851
q20_from_e0,gamma_1,1198,79.8159867929,79.812005782,-0.000581581921665,0.00398101097237,0.0480472344982,0.000191276567729
q20_from_e0,gamma_1,1200,79.8155947028,79.812123442,-0.000463921922574,0.00347126081301,0.0478043599832,0.000165941401501
q20_from_e0,gamma_1,1202,79.8150473661,79.8122449404,-0.000342423528153,0.00280242572484,0.0475627131773,0.000133290970951
q20_from_e0,gamma_1,1204,79.8143577554,79.8123691064,-0.000218257453156,0.00198864896312,0.0473222878746,9.41074187143e-05
q20_from_e0,gamma_1,1206,79.8135434224,79.8124947066,-9.2657296932e-05,0.00104871581523,0.0470830779005,4.9376768424e-05
q20_from_e0,gamma_1,1208,79.8126260504,79.8126204645,3.31006131944e-05,5.58594615541e-06,0.0468450771116,2.61674078392e-07
q20_from_e0,gamma_1,1210,79.8116310143,79.812745082,0.000157718158135,-0.00111406776971,0.0466082793957,-5.19247818762e-05
q20_from_e0,gamma_1,1212,79.8105865199,79.812867263,0.000279899107923,-0.00228074310192,0.0463726786713,-0.000105764166997
q20_from_e0,gamma_1,1214,79.8095224949,79.8129857405,0.000398376663213,-0.00346324560397,0.0461382688876,-0.0001597881569
q20_from_e0,gamma_1,1216,79.8084699192,79.8130993087,0.000511944860648,-0.0046293894995,0.0459050440246,-0.000212512328782
q20_from_e0,gamma_1,1218,79.8074599592,79.8132068536,0.000619489669859,-0.00574689438174,0.0456729980927,-0.000262477896136
q20_from_e0,gamma_1,1220,79.8065227582,79.8133073803,0.000720016379489,-0.00678462209412,0.0454421251324,-0.000308307646177
q20_from_e0,gamma_1,1222,79.8056866028,79.8134000374,0.000812673562905,-0.00771343460984,0.0452124192145,-0.000348743039163
q20_from_e0,gamma_1,1224,79.8049770717,79.8134841382,0.000896774279028,-0.00850706648218,0.0449838744396,-0.000382680810484
q20_from_e0,gamma_1,1226,79.804416007,79.8135591771,0.000971813241961,-0.00914317017302,0.0447564849383,-0.000409216158137
q20_from_e0,gamma_1,1228,79.8040208446,79.8136248428,0.00103747893198,-0.00960399819377,0.0445302448708,-0.000427668391308
q20_from_e0,gamma_1,1230,79.8038043528,79.8136810239,0.00109366005853,-0.0098766711191,0.0443051484269,-0.000437587379895
q20_from_e0,gamma_1,1232,79.8037742141,79.8137278081,0.00114044417904,-0.0099535939807,0.0440811898255,-0.000438766265709
q20_from_e0,gamma_1,1234,79.8039328341,79.8137654721,0.00117810826096,-0.00983263804662,0.043858363315,-0.000431243411793
q20_from_e0,gamma_1,1236,79.8042773597,79.8137944672,0.00120710331342,-0.00951710751944,0.0436366631728,-0.000415294815205
q20_from_e0,gamma_1,1238,79.8047998366,79.8138153965,0.00122803264372,-0.00901555995104,0.0434160837052,-0.000391420305483
q20_from_e0,gamma_1,1240,79.8054877441,79.8138289891,0.0012416252583,-0.00834124500038,0.0431966192472,-0.000360313584329
q20_from_e0,gamma_1,1242,79.806324264,79.8138360686,0.0012487047412,-0.00751180463378,0.0429782641626,-0.000322844323889
q20_from_e0,gamma_1,1244,79.8072888382,79.8138375167,0.0012501528572,-0.00654867851443,0.0427610128437,-0.000280028126065
q20_from_e0,gamma_1,1246,79.8083581787,79.8138342361,0.00124687224417,-0.00547605740864,0.0425448597109,-0.00023297809422
q20_from_e0,gamma_1,1248,79.8095068639,79.8138271114,0.00123974748867,-0.00432024748618,0.0423297992131,-0.000182875208641
q20_from_e0,gamma_1,1250,79.8107078877,79.8138169692,0.00122960532761,-0.00310908152976,0.042115825827,-0.000130941536189
q20_from_e0,gamma_1,1252,79.8119331652,79.8138045473,0.00121718340969,-0.00187138207129,0.0419029340575,-7.84163995295e-05
q20_from_e0,gamma_1,1254,79.8131542067,79.8137904686,0.00120310467688,-0.000636261841635,0.041691118437,-2.65264677965e-05
q20_from_e0,gamma_1,1256,79.8143428915,79.8137752164,0.00118785253348,0.000567675063039,0.0414803735257,2.35473736561e-05
q20_from_e0,gamma_1,1258,79.8154719164,79.8137591139,0.00117175004667,0.00171280246688,0.0412706939112,7.06885463412e-05
q20_from_e0,gamma_1,1260,79.8165156728,79.8137423082,0.00115494436105,0.00277336452631,0.0410620742087,0.000113880099987
q20_from_e0,gamma_1,1262,79.8174509371,79.8137247624,0.00113739853103,0.00372617473236,0.0408545090603,0.000152231039363
q20_from_e0,gamma_1,1264,79.8182571977,79.8137062572,0.00111889326995,0.00455094054547,0.0406479931353,0.000184986600051
q20_from_e0,gamma_1,1266,79.8189173728,79.8136864008,0.00109903691978,0.00523097204291,0.04044252113,0.000211553697376
q20_from_e0,gamma_1,1268,79.8194184212,79.8136646474,0.00107728354928,0.00575377374811,0.0402380877675,0.000231520853071
q20_from_e0,gamma_1,1270,79.8197516703,79.8136403212,0.00105295732119,0.00611134904348,0.0400346877975,0.000244665950977
q20_from_e0,gamma_1,1272,79.8199134471,79.8136126462,0.00102528234265,0.00630080087471,0.0398323159964,0.000250975491472
q20_from_e0,gamma_1,1274,79.8199051395,79.8135807808,0.000993416950706,0.00632435870764,0.0396309671668,0.000250640452294
q20_from_e0,gamma_1,1276,79.8197329883,79.8135438541,0.000956490234216,0.0061891342087,0.0394306361377,0.000244041498991
q20_from_e0,gamma_1,1278,79.8194082504,79.8135010075,0.000913643640899,0.00590724291852,0.0392313177642,0.000231748924047
q20_from_e0,gamma_1,1280,79.8189464663,79.8134514412,0.000864077350315,0.00549502510167,0.0390330069275,0.00021448735286
q20_from_e0,gamma_1,1282,79.8183667655,79.8133944595,0.000807095591057,0.00497230606342,0.0388356985345,0.0001931029793
q20_from_e0,gamma_1,1284,79.8176912134,79.8133295137,0.000742149792245,0.00436169968329,0.0386393875179,0.000168533404299
q20_from_e0,gamma_1,1286,79.8169436583,79.8132562429,0.000668879060839,0.00368741539519,0.0384440688361,0.00014175925128
q20_from_e0,gamma_1,1288,79.8161488355,79.8131745078,0.000587143911986,0.00297432774273,0.0382497374729,0.000113767255318
q20_from_e0,gamma_1,1290,79.815331323,79.8130844175,0.000497053629545,0.00224690547212,0.0380563884376,8.55091074296e-05
q20_from_e0,gamma_1,1292,79.814514455,79.8129863496,0.000398985676156,0.00152810548248,0.0378640167646,5.78602116066e-05
q20_from_e0,gamma_1,1294,79.8137200331,79.8128809585,0.000293594659141,0.000839074580909,0.0376726175133,3.16101357517e-05
q20_from_e0,gamma_1,1296,79.8129679485,79.8127691774,0.000181813524648,0.000198771053121,0.0374821857682,7.45037353843e-06
q20_from_e0,gamma_1,1298,79.8122758679,79.8126522069,6.48430187482e-05,-0.000376339013116,0.0372927166388,-1.40347041762e-05
q20_from_e0,gamma_1,1300,79.8116594676,79.8125314926,-5.58713147427e-05,-0.000872024956735,0.0371042052591,-3.23557929857e-05
q20_from_e0,gamma_1,1302,79.8111324961,79.8124086953,-0.000178668603994,-0.00127619919122,0.0369166467876,-4.71129947731e-05
q20_from_e0,gamma_1,1304,79.8107064909,79.8122856534,-0.000301710514989,-0.00157916242392,0.0367300364077,-5.80026933243e-05
q20_from_e0,gamma_1,1306,79.8103911155,79.812164334,-0.000423029901185,-0.00177321848973,0.0365443693266,-6.48011513856e-05
q20_from_e0,gamma_1,1308,79.8101940841,79.8120467794,-0.000540584443002,-0.00185269535483,0.0363596407763,-6.73633375694e-05
q20_from_e0,gamma_1,1310,79.8101208571,79.8119350493,-0.00065231462068,-0.00181419211863,0.0361758460124,-6.56299347204e-05
q20_from_e0,gamma_1,1312,79.8101746323,79.8118311586,-0.000756205306345,-0.00165652628816,0.0359929803147,-5.96233180805e-05
q20_from_e0,gamma_1,1314,79.8103560491,79.811737019,-0.000850344861078,-0.00138096994971,0.0358110389869,-4.94539687088e-05
q20_from_e0,gamma_1,1316,79.8106632314,79.8116543814,-0.000932982479782,-0.000991149969934,0.0356300173565,-3.53146906316e-05
q20_from_e0,gamma_1,1318,79.8110915742,79.811584782,-0.00100258192751,-0.000493207735346,0.0354499107744,-1.74841702112e-05
q20_from_e0,gamma_1,1320,79.811633484,79.8115294964,-0.00105786744888,0.00010398757972,0.035270714615,3.66771624783e-06
q20_from_e0,gamma_1,1322,79.8122785056,79.811489501,-0.00109786290952,0.0007890046531,0.0350924242764,2.76880860427e-05
q20_from_e0,gamma_1,1324,79.8130132956,79.8114654408,-0.0011219230451,0.00154785477399,0.0349150351797,5.40434038869e-05
q20_from_e0,gamma_1,1326,79.8138216794,79.8114576106,-0.00112975329782,0.00236406878058,0.0347385427691,8.21243044433e-05
q20_from_e0,gamma_1,1328,79.8146849842,79.8114659436,-0.00112142027324,0.0032190405379,0.0345629425121,0.000111259513055
q20_from_e0,gamma_1,1330,79.8155822113,79.8114900114,-0.00109735244038,0.00409219986189,0.0343882298988,0.000140723509642
q20_from_e0,gamma_1,1332,79.816490366,79.811529036,-0.0010583278723,0.0049613299856,0.0342144004422,0.000169748930854
q20_from_e0,gamma_1,1334,79.8173850777,79.811581913,-0.00100545092099,0.00580316471152,0.0340414496782,0.000197548139502
q20_from_e0,gamma_1,1336,79.8182408415,79.8116472472,-0.000940116640692,0.00659359424424,0.033869373165,0.000223320903957
q20_from_e0,gamma_1,1338,79.8190314484,79.8117233964,-0.000863967468987,0.00730805194195,0.0336981664833,0.000246267951008
q20_from_e0,gamma_1,1340,79.8197309754,79.8118085175,-0.000778846344787,0.00792245783036,0.0335278252362,0.000265622781578
q20_from_e0,gamma_1,1342,79.8203143914,79.8119006207,-0.000686743219887,0.00841377074376,0.0333583450491,0.000280669467634
q20_from_e0,gamma_1,1344,79.8207582052,79.8119976281,-0.000589735802635,0.0087605771643,0.0331897215693,0.000290761116869
q20_from_e0,gamma_1,1346,79.8210413146,79.8120974349,-0.000489928967184,0.00894387964834,0.0330219504662,0.000295344350723
q20_from_e0,gamma_1,1348,79.8211456078,79.8121979689,-0.000389395027511,0.00894763898691,0.0328550274312,0.000293974924359
q20_from_e0,gamma_1,1350,79.8210570459,79.8122972489,-0.000290115028079,0.00875979701333,0.0326889481774,0.000286348550613
q20_from_e0,gamma_1,1352,79.8207664337,79.8123934402,-0.000193923670167,0.00837299352229,0.0325237084394,0.000272320800084
q20_from_e0,gamma_1,1354,79.8202700581,79.812484904,-0.000102459886222,0.00778515406965,0.0323593039738,0.000251922167022
q20_from_e0,gamma_1,1356,79.8195704779,79.8125702371,-1.71268080749e-05,0.00700024079646,0.0321957305581,0.000225377866524
q20_from_e0,gamma_1,1358,79.8186769681,79.8126483008,6.09368954798e-05,0.00602866736577,0.0320329839915,0.000193116205218
q20_from_e0,gamma_1,1360,79.8176055479,79.8127182432,0.000130879327656,0.00488730468008,0.0318710600945,0.000155763581159
q20_from_e0,gamma_1,1362,79.8163791403,79.8127795106,0.00019214672345,0.00359962969551,0.0317099547084,0.000114144094612
q20_from_e0,gamma_1,1364,79.8150269832,79.8128318459,0.000244482010217,0.00219513727635,0.0315496636958,6.92558428347e-05
q20_from_e0,gamma_1,1366,79.8135832658,79.812875281,0.000287917087547,0.000707984787269,0.03139018294,2.22237719911e-05
q20_from_e0,gamma_1,1368,79.8120860404,79.8129101201,0.000322756259209,-0.00082407972674,0.0312315083453,-2.57372528629e-05
q20_from_e0,gamma_1,1370,79.8105758787,79.812936914,0.00034955010932,-0.00236103525549,0.0310736358367,-7.33659497266e-05
q20_from_e0,gamma_1,1372,79.8090942038,79.8129564267,0.000369062791833,-0.00386222283443,0.0309165613596,-0.000119406649245
q20_from_e0,gamma_1,1374,79.8076818927,79.8129695931,0.000382229173326,-0.00528770036209,0.03076028088,-0.000162651148347
q20_from_e0,gamma_1,1376,79.8063775922,79.81297747,0.000390106154697,-0.00659987781951,0.0306047903845,-0.000201987877229
q20_from_e0,gamma_1,1378,79.8052163041,79.8129811873,0.00039382342338,-0.00776488324055,0.0304500858796,-0.00023644136152
q20_from_e0,gamma_1,1380,79.8042282554,79.8129818978,0.000394533915369,-0.00875364240029,0.0302961633923,-0.000265201780437
q20_from_e0,gamma_1,1382,79.803437726,79.8129807301,0.000393366233268,-0.00954300410723,0.0301430189696,-0.000287654953831
q20_from_e0,gamma_1,1384,79.8028620328,79.8129787428,0.000391378919403,-0.0101167100343,0.0299906486783,-0.00030340669642
q20_from_e0,gamma_1,1386,79.8025110048,79.8129768816,0.000389517683999,-0.0104658767564,0.0298390486054,-0.000312291805232
q20_from_e0,gamma_1,1388,79.8023868075,79.8129759421,0.000388578183518,-0.010589134614,0.0296882148574,-0.000314372503573
q20_from_e0,gamma_1,1390,79.802483828,79.8129765396,0.000389175694949,-0.0104927116122,0.0295381435607,-0.000309935221942
q20_from_e0,gamma_1,1392,79.8027892205,79.8129790904,0.000391726527965,-0.0101898698679,0.029388830861,-0.000299468362043
q20_from_e0,gamma_1,1394,79.803283687,79.8129838028,0.0003964388751,-0.00970011573206,0.0292402729239,-0.000283634031399
q20_from_e0,gamma_1,1396,79.8039425141,79.8129906753,0.000403311373901,-0.00904816115536,0.0290924659339,-0.000263233320177
q20_from_e0,gamma_1,1398,79.8047371287,79.8129995065,0.000412142597753,-0.00826237774486,0.0289454060952,-0.000239157879137
q20_from_e0,gamma_1,1400,79.8056365834,79.8130099149,0.000422551040145,-0.00737333156034,0.028799089631,-0.000212345236485
q20_from_e0,gamma_1,1402,79.8066090123,79.8130213672,0.000434003324557,-0.00641235491189,0.0286535127835,-0.00018373649344
q20_from_e0,gamma_1,1404,79.8076230619,79.8130332115,0.000445847592118,-0.00541014958218,0.0285086718141,-0.000154236178903
q20_from_e0,gamma_1,1406,79.8086488259,79.8130447131,0.000457349232704,-0.00439588721967,0.028364563003,-0.000124687419996
q20_from_e0,gamma_1,1408,79.8096588426,79.8130550939,0.000467729996586,-0.00339625131348,0.0282211826491,-9.58462286398e-05
q20_from_e0,gamma_1,1410,79.8106289974,79.8130635747,0.000476210832744,-0.00243457727201,0.0280785270702,-6.83593438368e-05
q20_from_e0,gamma_1,1412,79.8115385861,79.8130694145,0.000482050646269,-0.00153082840984,0.0279365926027,-4.27661296303e-05
q20_from_e0,gamma_1,1414,79.8123705196,79.8130719468,0.000484582928252,-0.000701427220747,0.0277953756013,-1.94964330576e-05
q20_from_e0,gamma_1,1416,79.8131114716,79.8130706149,0.000483251052458,4.08566987602e-05,0.0276548724394,1.12988679251e-06
q20_from_e0,gamma_1,1418,79.8137516607,79.8130650019,0.000477638013621,0.000686658780538,0.0275150795084,1.88934709417e-05
q20_from_e0,gamma_1,1420,79.8142844179,79.8130548525,0.0004674886206,0.0012295654104,0.0273759932184,3.36605743367e-05
q20_from_e0,gamma_1,1422,79.8147059354,79.8130400873,0.000452723432147,0.00166584810377,0.0272376099973,4.53737209652e-05
q20_from_e0,gamma_1,1424,79.8150146572,79.8130208085,0.000433444660672,0.00199384868525,0.027099926291,5.40331524057e-05
q20_from_e0,gamma_1,1426,79.8152110491,79.8129972971,0.00040993322223,0.00221375196888,0.0269629385638,5.96892583324e-05
q20_from_e0,gamma_1,1428,79.8152973778,79.8129700015,0.000382637643952,0.00232737629098,0.0268266432973,6.24356935767e-05
q20_from_e0,gamma_1,1430,79.8152775834,79.8129395184,0.00035215454821,0.00233806492139,0.0266910369914,6.2405377305e-05
q20_from_e0,gamma_1,1432,79.8151570564,79.8129065667,0.000319202837801,0.00225048969619,0.0265561161633,5.97642657964e-05
q20_from_e0,gamma_1,1434,79.814942671,79.8128719595,0.000284595572452,0.00207071150848,0.026421877348,5.47120855002e-05
q20_from_e0,gamma_1,1436,79.8146428915,79.8128365727,0.000249208776623,0.00180631881531,0.0262883170981,4.74850817972e-05
q20_from_e0,gamma_1,1438,79.8142679375,79.8128013111,0.000213947185813,0.00146662645443,0.0261554319834,3.83602484739e-05
q20_from_e0,gamma_1,1440,79.8138297385,79.812767074,0.000179710158235,0.00106266440696,0.0260232185912,2.76539481514e-05
q20_from_e0,gamma_1,1442,79.8133419187,79.8127347228,0.000147358921339,0.000607195940589,0.025891673526,1.572131906e-05
q20_from_e0,gamma_1,1444,79.8128197722,79.8127050498,0.000117685899866,0.00011472243969,0.0257607934094,2.95534106829e-06
q20_from_e0,gamma_1,1446,79.8122800829,79.812678751,9.1387085547e-05,-0.000398668047026,0.0256305748803,-1.02180912317e-05
q20_from_e0,gamma_1,1448,79.8117407988,79.8126564015,6.90375972852e-05,-0.000915602698555,0.0255010145942,-2.33487977784e-05
q20_from_e0,gamma_1,1450,79.8112202725,79.8126384382,5.10743126085e-05,-0.00141816571774,0.025372109224,-3.59818554881e-05
q20_from_e0,gamma_1,1452,79.8107368848,79.8126251488,3.77848817266e-05,-0.00188826398279,0.0252438554589,-4.76670630499e-05
q20_from_e0,gamma_1,1454,79.8103084196,79.8126166652,2.93012857782e-05,-0.0023082456191,0.0251162500053,-5.79744740432e-05
q20_from_e0,gamma_1,1456,79.8099511347,79.8126129646,2.56007501775e-05,-0.00266182990579,0.024989289586,-6.65172383445e-05
q20_from_e0,gamma_1,1458,79.8096793074,79.8126138771,2.65132057677e-05,-0.00293456969133,0.0248629709403,-7.2962120958e-05
q20_from_e0,gamma_1,1460,79.8095048197,79.8126191004,3.17364701345e-05,-0.00311428066364,0.0247372908242,-7.70388664847e-05
q20_from_e0,gamma_1,1462,79.8094363224,79.8126282172,4.08532945357e-05,-0.00319189478746,0.02461224601,-7.8559699747e-05
q20_from_e0,gamma_1,1464,79.8094792794,79.8126407165,5.33525784192e-05,-0.0031614370229,0.0244878332862,-7.74167427615e-05
q20_from_e0,gamma_1,1466,79.809635867,79.8126560228,6.86589269208e-05,-0.00302015585227,0.0243640494577,-7.35832265547e-05
q20_from_e0,gamma_1,1468,79.8099050143,79.812673526,8.61621549717e-05,-0.00276851170869,0.0242408913455,-6.71111915193e-05
q20_from_e0,gamma_1,1470,79.8102827097,79.8126926074,0.000105243499718,-0.00240989764288,0.0241183557867,-5.81227687604e-05
q20_from_e0,gamma_1,1472,79.8107620142,79.8127126638,0.000125299915652,-0.00195064956974,0.0239964396342,-4.68086446477e-05
q20_from_e0,gamma_1,1474,79.8113336308,79.8127331305,0.000145766618274,-0.00139949973834,0.0238751397572,-3.3413251843e-05
q20_from_e0,gamma_1,1476,79.8119861037,79.8127535022,0.00016613831751,-0.000767398542564,0.0237544530402,-1.82291326425e-05
q20_from_e0,gamma_1,1478,79.812705726,79.8127733494,0.000185985502654,-6.76234037371e-05,0.0236343763839,-1.59823697628e-06
q20_from_e0,gamma_1,1480,79.8134771074,79.812792329,0.000204965101887,0.000684778364459,0.0235149067045,1.61024993535e-05
q20_from_e0,gamma_1,1482,79.8142834799,79.8128101921,0.000222828206574,0.00147328779617,0.0233960409337,3.44691015864e-05
q20_from_e0,gamma_1,1484,79.8151070092,79.812826786,0.000239422129255,0.00228022322629,0.0232777760189,5.30785255347e-05
q20_from_e0,gamma_1,1486,79.815929206,79.8128420496,0.000254685725935,0.00308715636484,0.0231601089227,7.14988776711e-05
q20_from_e0,gamma_1,1488,79.8167313875,79.8128560055,0.000268641617339,0.00387538198133,0.0230430366233,8.9300568925e-05
q20_from_e0,gamma_1,1490,79.817495105,79.8128687477,0.000281383812393,0.00462635725482,0.022926556114,0.000106066439206
q20_from_e0,gamma_1,1492,79.8182026006,79.8128804226,0.000293058701402,0.00532217805132,0.0228106644033,0.000121402417423
q20_from_e0,gamma_1,1494,79.8188371186,79.8128912078,0.00030384388694,0.00594591084628,0.022695358515,0.000134944578355
q20_from_e0,gamma_1,1496,79.8193833481,79.8129012904,0.000313926511566,0.00648205765657,0.0225806354877,0.000146368981153
q20_from_e0,gamma_1,1498,79.8198276738,79.8129108473,0.000323483412217,0.00691682649146,0.0224664923752,0.000155396829631
q20_from_e0,gamma_1,1500,79.820158225,79.8129200269,0.000332662994609,0.00723819815605,0.022352926246,0.000161794909536
q20_from_e0,gamma_1,1502,79.8203653039,79.8129289298,0.000341565937305,0.00743637406607,0.0222399341835,0.000165384469794
q20_from_e0,gamma_1,1504,79.8204417764,79.8129375928,0.000350228907564,0.00750418362081,0.0221275132859,0.00016604892277
q20_from_e0,gamma_1,1506,79.8203832914,79.8129459773,0.000358613437371,0.00743731407437,0.022015660666,0.000163737382928
q20_from_e0,gamma_1,1508,79.8201886343,79.8129539624,0.000366598498573,0.00723467194076,0.0219043734512,0.000158470955987
q20_from_e0,gamma_1,1510,79.8198598174,79.8129613399,0.000373976060587,0.00689847748625,0.0217936487834,0.000150342995475
q20_from_e0,gamma_1,1512,79.8194023819,79.8129678145,0.000380450644855,0.00643456736451,0.0216834838189,0.00013952383733
q20_from_e0,gamma_1,1514,79.8188255523,79.8129730099,0.000385646057993,0.0058525423469,0.0215738757286,0.000126262021289
q20_from_e0,gamma_1,1516,79.8181420037,79.8129764819,0.000389118047664,0.00516552173823,0.0214648216975,0.000110877003086
q20_from_e0,gamma_1,1518,79.8173677656,79.8129777316,0.000390367748139,0.00439003394845,0.0213563189249,9.37549650943e-05
q20_from_e0,gamma_1,1520,79.8165222094,79.8129762235,0.00038885964463,0.00354598582888,0.0212483646242,7.53463998441e-05
q20_from_e0,gamma_1,1522,79.8156273675,79.812971411,0.000384047105157,0.002655956514,0.0211409560229,5.61494598612e-05
q20_from_e0,gamma_1,1524,79.8147073448,79.8129627647,0.000375400859937,0.00174458008638,0.0210340903625,3.66956551816e-05
q20_from_e0,gamma_1,1526,79.8137874678,79.8129498007,0.000362436785906,0.000837667095524,0.0209277648986,1.75305000385e-05
q20_from_e0,gamma_1,1528,79.812893313,79.8129321064,0.000344742515523,-3.87934109227e-05,0.0208219769006,-8.07755506127e-07
q20_from_e0,gamma_1,1530,79.8120496619,79.8129093691,0.000322005248449,-0.000859707263587,0.0207167236514,-1.78103178009e-05
q20_from_e0,gamma_1,1532,79.8112794402,79.8128814016,0.000294037723165,-0.00160196137972,0.0206120024482,-3.30196318806e-05
q20_from_e0,gamma_1,1534,79.8106026956,79.8128481637,0.000260799805062,-0.00224546810303,0.0205078106013,-4.60496345681e-05
q20_from_e0,gamma_1,1536,79.8100359178,79.8128097791,0.000222415206764,-0.00277386124789,0.020404145435,-5.65982683184e-05
q20_from_e0,gamma_1,1538,79.8095914395,79.8127665437,0.00017917977118,-0.00317510419447,0.0203010042869,-6.44578038634e-05
q20_from_e0,gamma_1,1540,79.8092771842,79.812718926,0.000131562143821,-0.00344174181787,0.0201983845082,-6.95176246153e-05
q20_from_e0,gamma_1,1542,79.8090966431,79.8126675617,8.01977711404e-05,-0.00357091858973,0.0200962834634,-7.1762192204e-05
q20_from_e0,gamma_1,1544,79.809048952,79.8126132393,2.58754168385e-05,-0.00356428728081,0.0199946985304,-7.12668496554e-05
q20_from_e0,gamma_1,1546,79.8091292293,79.8125568825,-3.04814149672e-05,-0.00342765321189,0.0198936271001,-6.81884548258e-05
q20_from_e0,gamma_1,1548,79.809328967,79.8124995253,-8.78385658609e-05,-0.00317055835139,0.019793066577,-6.27550725353e-05
q20_from_e0,gamma_1,1550,79.8096363469,79.8124422817,-0.00014508219175,-0.00280593478034,0.0196930143785,-5.52573139743e-05
q20_from_e0,gamma_1,1552,79.8100367702,79.8123863108,-0.000201053040655,-0.00234954069133,0.0195934679349,-4.60356501973e-05
q20_from_e0,gamma_1,1554,79.8105133972,79.8123327828,-0.000254581071928,-0.00181938559348,0.0194944246898,-3.54678754338e-05
q20_from_e0,gamma_1,1556,79.8110475838,79.8122828412,-0.000304522675236,-0.00123525740189,0.0193958820995,-2.39589069296e-05
q20_from_e0,gamma_1,1558,79.8116195278,79.8122375646,-0.000349799269344,-0.000618036783308,0.0192978376333,-1.19267734957e-05
q20_from_e0,gamma_1,1560,79.8122088772,79.8121979319,-0.000389432030644,1.09453598469e-05,0.0192002887732,2.10154069788e-07
q20_from_e0,gamma_1,1562,79.8127952132,79.8121647888,-0.000422575051175,0.000630424323504,0.019103233014,1.20431427496e-05
q20_from_e0,gamma_1,1564,79.8133587452,79.8121388166,-0.000448547269855,0.00121992856573,0.019006667863,2.31867770654e-05
q20_from_e0,gamma_1,1566,79.8138806822,79.8121205064,-0.000466857492526,0.00176017578248,0.0189105908402,3.32859640294e-05
q20_from_e0,gamma_1,1568,79.8143434428,79.8121101427,-0.000477221152266,0.00223330005279,0.0188149994784,4.20195393284e-05
q20_from_e0,gamma_1,1570,79.8147310797,79.8121077935,-0.000479570358834,0.00262328618307,0.0187198913224,4.91076322545e-05
q20_from_e0,gamma_1,1572,79.8150295835,79.8121133074,-0.000474056493303,0.00291627611962,0.0186252639297,5.43164124197e-05
q20_from_e0,gamma_1,1574,79.8152269576,79.8121263185,-0.00046104541326,0.00310063914249,0.0185311148701,5.74583001201e-05
q20_from_e0,gamma_1,1576,79.8153134957,79.8121462576,-0.000441106310689,0.00316723815023,0.0184374417256,5.8395768826e-05
q20_from_e0,gamma_1,1578,79.8152821012,79.812172373,-0.000414990911821,0.00310972822025,0.0183442420906,5.70456073083e-05
q20_from_e0,gamma_1,1580,79.8151284925,79.8122037603,-0.000383603559015,0.00292473222289,0.0182515135715,5.33807898592e-05
q20_from_e0,gamma_1,1582,79.8148515673,79.8122393967,-0.00034796720621,0.00261217060873,0.0181592537869,4.74350690185e-05
q20_from_e0,gamma_1,1584,79.814453653,79.8122781782,-0.000309185711615,0.00217547479393,0.0180674603673,3.93053046193e-05
q20_from_e0,gamma_1,1586,79.8139406682,79.8123189602,-0.000268403681105,0.00162170804093,0.0179761309553,2.91520361149e-05
q20_from_e0,gamma_1,1588,79.8133222851,79.8123605988,-0.000226765055146,0.000961686252978,0.0178852632054,1.72000117555e-05
q20_from_e0,gamma_1,1590,79.8126118286,79.8124019923,-0.000185371570751,0.000209836265483,0.0177948547839,3.73400587267e-06
q20_from_e0,gamma_1,1592,79.8118261422,79.8124421203,-0.000145243622484,-0.000615978075885,0.0177049033689,-1.09058323109e-05
q20_from_e0,gamma_1,1594,79.8109851902,79.8124800799,-0.000107283936771,-0.0014948897214,0.0176154066505,-2.63330903401e-05
q20_from_e0,gamma_1,1596,79.8101113884,79.8125151189,-7.22449438229e-05,-0.00240373049813,0.01752636233,-4.21286516538e-05
q20_from_e0,gamma_1,1598,79.8092291031,79.8125466615,-4.07023999713e-05,-0.00331755843196,0.0174377681206,-5.78508146631e-05
q20_from_e0,gamma_1,1600,79.8083638798,79.8125743259,-1.3037969552e-05,-0.00421044615811,0.0173496217472,-7.304964823e-05
q20_from_e0,gamma_1,1602,79.8075413147,79.812597934,1.05701545294e-05,-0.00505661936141,0.0172619209458,-8.72869636697e-05
q20_from_e0,gamma_1,1604,79.8067859953,79.8126175147,3.01508154337e-05,-0.0058315193837,0.0171746634642,-0.0001001543829
q20_from_e0,gamma_1,1606,79.8061205723,79.8126333027,4.5938797399e-05,-0.00651273038311,0.0170878470615,-0.000111288540739
q20_from_e0,gamma_1,1608,79.8055648953,79.8126457296,5.83656817383e-05,-0.00708083423544,0.017001469508,-0.000120384587345
q20_from_e0,gamma_1,1610,79.8051353905,79.8126554055,6.80415724474e-05,-0.00752001500361,0.0169155285854,-0.000127205028756
q20_from_e0,gamma_1,1612,79.8048445461,79.8126630939,7.57300174712e-05,-0.0078185477979,0.0168300220865,-0.000131586332123
q20_from_e0,gamma_1,1614,79.8047004849,79.8126696792,8.2315327063e-05,-0.00796919428959,0.0167449478154,-0.00013344374251
q20_from_e0,gamma_1,1616,79.8047069934,79.812676128,8.87640810561e-05,-0.00796913457076,0.0166603035873,-0.000132768201277
q20_from_e0,gamma_1,1618,79.8048634352,79.8126834471,9.60832626049e-05,-0.00782001190557,0.0165760872282,-0.000129625199472
q20_from_e0,gamma_1,1620,79.8051649596,79.8126926395,0.000105275654562,-0.0075276799594,0.0164922965753,-0.000124148730414
q20_from_e0,gamma_1,1622,79.8056029831,79.8127046591,0.000117295247406,-0.00710167605713,0.0164089294767,-0.000116530901588
q20_from_e0,gamma_1,1624,79.806165458,79.8127203678,0.000133003910022,-0.00655490978492,0.0163259837915,-0.000107015350903
q20_from_e0,gamma_1,1626,79.8068373952,79.8127404935,0.000153129651679,-0.00590309832458,0.0162434573894,-9.58867261006e-05
q20_from_e0,gamma_1,1628,79.8076014359,79.8127655955,0.000178231580946,-0.00516415956844,0.0161613481509,-8.34597806922e-05
q20_from_e0,gamma_1,1630,79.8084382604,79.8127960345,0.000208670580633,-0.00435777411077,0.0160796539673,-7.00714997689e-05
q20_from_e0,gamma_1,1632,79.8093273888,79.8128319503,0.000244586441767,-0.00350456154763,0.0159983727406,-5.60672819314e-05
q20_from_e0,gamma_1,1634,79.8102478162,79.8128732487,0.000285884861768,-0.00262543250317,0.0159175023833,-4.17903281264e-05
q20_from_e0,gamma_1,1636,79.8111785817,79.8129195957,0.000332231860014,-0.00174101402362,0.0158370408185,-2.75725101577e-05
q20_from_e0,gamma_1,1638,79.8120994762,79.8129704225,0.000383058619107,-0.00087094628789,0.0157569859798,-1.37234884474e-05
q20_from_e0,gamma_1,1640,79.8129914877,79.813024941,0.000437577116003,-3.34532861785e-05,0.0156773358112,-5.24458401409e-07
q20_from_e0,gamma_1,1642,79.8138371271,79.8130821651,0.000494801191365,0.000754962058579,0.0155980882671,1.17759648281e-05
q20_from_e0,gamma_1,1644,79.8146208925,79.8131409393,0.00055357545375,0.00147995319489,0.0155192413124,2.29677507625e-05
q20_from_e0,gamma_1,1646,79.8153296136,79.8131999778,0.000612613914598,0.00212963576429,0.015440792922,3.28832648358e-05
q20_from_e0,gamma_1,1648,79.8159525277,79.8132579045,0.000670540618756,0.00269462323662,0.0153627410813,4.1396799096e-05
q20_from_e0,gamma_1,1650,79.8164814292,79.8133132962,0.000725932288191,0.00316813299253,0.0152850837858,4.84251782353e-05
q20_from_e0,gamma_1,1652,79.8169106006,79.81336473,0.000777366162325,0.00354587056006,0.015207819041,5.39249578201e-05
q20_from_e0,gamma_1,1654,79.8172366619,79.8134108319,0.000823467975252,0.00382583000149,0.0151309448626,5.78884228063e-05
q20_from_e0,gamma_1,1656,79.8174584446,79.8134503223,0.000862958386051,0.00400812232213,0.0150544592764,6.03401142734e-05
q20_from_e0,gamma_1,1658,79.8175768125,79.81348206,0.000894696086704,0.00409475253434,0.0149783603181,6.13326788728e-05
q20_from_e0,gamma_1,1660,79.8175946288,79.8135050794,0.000917715561769,0.00408954934822,0.0149026460332,6.0945106372e-05
q20_from_e0,gamma_1,1662,79.8175164504,79.8135186251,0.000931261205594,0.00399782529075,0.0148273144774,5.92770128117e-05
q20_from_e0,gamma_1,1664,79.8173483426,79.8135221787,0.000934814778574,0.00382616393381,0.0147523637159,5.64449619882e-05
q20_from_e0,gamma_1,1666,79.8170978323,79.8135154771,0.000928113196977,0.00358235524992,0.0146777918239,5.25810645975e-05
q20_from_e0,gamma_1,1668,79.8167735861,79.8134985217,0.000911157793084,0.00327506438433,0.0146035968862,4.78277200449e-05
q20_from_e0,gamma_1,1670,79.8163854217,79.8134715767,0.000884212835828,0.00291384497308,0.0145297769973,4.23375176635e-05
q20_from_e0,gamma_1,1672,79.8159444175,79.8134351592,0.000847795352769,0.00250925822196,0.0144563302614,3.62746655678e-05
q20_from_e0,gamma_1,1674,79.8154626523,79.8133900229,0.000802659049484,0.00207262939546,0.0143832547923,2.98111566848e-05
q20_from_e0,gamma_1,1676,79.8149531134,79.8133371359,0.000749772011403,0.00161597749721,0.0143105487131,2.31255246932e-05
q20_from_e0,gamma_1,1678,79.8144297562,79.8132776527,0.00069028877212,0.00115210355524,0.0142382101568,1.64038925419e-05
q20_from_e0,gamma_1,1680,79.8139073309,79.8132128763,0.000625512389803,0.000694454580639,0.0141662372655,9.83780835944e-06
q20_from_e0,gamma_1,1682,79.813401248,79.8131442121,0.000556848188211,0.000257035956608,0.0140946281908,3.62282624004e-06
q20_from_e0,gamma_1,1684,79.8129273422,79.8130731215,0.00048575756955,-0.000145779247518,0.0140233810935,-2.04431794347e-06
q20_from_e0,gamma_1,1686,79.8125012552,79.8130010745,0.000413710601038,-0.000499819294802,0.0139524941441,-6.97372578384e-06
q20_from_e0,gamma_1,1688,79.8121380863,79.8129295015,0.000342137583388,-0.000791415133037,0.0138819655219,-1.09863975903e-05
q20_from_e0,gamma_1,1690,79.8118518546,79.8128597486,0.000272384701049,-0.00100789395768,0.0138117934157,-1.39208231283e-05
q20_from_e0,gamma_1,1692,79.8116548821,79.812793039,0.000205675081304,-0.00113815683862,0.0137419760232,-1.5640523987e-05
q20_from_e0,gamma_1,1694,79.8115574507,79.8127304432,0.000143079276427,-0.00117299247566,0.0136725115515,-1.60377531732e-05
q20_from_e0,gamma_1,1696,79.811567343,79.8126728579,8.54940198423e-05,-0.00110551490172,0.0136033982165,-1.50387594424e-05
q20_from_e0,gamma_1,1698,79.8116894369,79.812620988,3.36241235601e-05,-0.000931551109076,0.0135346342433,-1.26082035403e-05
q20_from_e0,gamma_1,1700,79.8119254677,79.8125753332,-1.20307076088e-05,-0.000649865516166,0.0134662178659,-8.75123062424e-06
q20_from_e0,gamma_1,1702,79.8122738899,79.8125361826,-5.11812959019e-05,-0.000262292668083,0.0133981473272,-3.51423580983e-06
q20_from_e0,gamma_1,1704,79.8127296125,79.8125036183,-8.37455429519e-05,0.000225994145509,0.0133304208791,3.01259707586e-06
q20_from_e0,gamma_1,1706,79.8132837664,79.8124775259,-0.000109837978314,0.000806240538182,0.0132630367822,1.06931979132e-05
q20_from_e0,gamma_1,1708,79.8139237164,79.8124576091,-0.000129754801762,0.00146610732583,0.0131959933059,1.93467424573e-05
q20_from_e0,gamma_1,1710,79.8146332105,79.8124434101,-0.000143953789134,0.00218980035839,0.0131292887285,2.8750521163e-05
q20_from_e0,gamma_1,1712,79.8153925286,79.8124343348,-0.00015302909361,0.00295819378134,0.0130629213367,3.86426526644e-05
q20_from_e0,gamma_1,1714,79.8161788157,79.8124296814,-0.000157682437276,0.00374913429577,0.0129968894263,4.87270838865e-05
q20_from_e0,gamma_1,1716,79.8169666342,79.8124286721,-0.000158691762181,0.00453796209241,0.0129311913013,5.86812559352e-05
q20_from_e0,gamma_1,1718,79.8177287924,79.8124304852,-0.000156878643693,0.00529830711159,0.0128658252746,6.81670935486e-05
q20_from_e0,gamma_1,1720,79.8184373714,79.8124342902,-0.000153073711147,0.00600308121018,0.0128007896673,7.68441799271e-05
q20_from_e0,gamma_1,1722,79.8190647897,79.8124392819,-0.000148081995917,0.00662550777074,0.0127360828092,8.43830156211e-05
q20_from_e0,gamma_1,1724,79.8195853626,79.8124447127,-0.000142651184234,0.00714064987756,0.0126717030386,9.04841947509e-05
q20_from_e0,gamma_1,1726,79.8199762178,79.8124499192,-0.000137444708059,0.00752629857674,0.012607648702,9.48889284819e-05
q20_from_e0,gamma_1,1728,79.8202183969,79.8124543435,-0.000133020367088,0.00776405340922,0.0125439181544,9.73916505118e-05
q20_from_e0,gamma_1,1730,79.8202979804,79.8124575511,-0.000129812781054,0.00784042927251,0.0124805097591,9.78525540511e-05
q20_from_e0,gamma_1,1732,79.820206288,79.8124592418,-0.00012812208891,0.00774704619882,0.0124174218876,9.61983410336e-05
q20_from_e0,gamma_1,1734,79.8199402772,79.8124592526,-0.000128111301137,0.00748102460609,0.0123546529197,9.24254624923e-05
q20_from_e0,gamma_1,1736,79.8195025786,79.8124575532,-0.000129810646627,0.00704502538279,0.0122922012434,8.65988697703e-05
q20_from_e0,gamma_1,1738,79.8189010409,79.8124542352,-0.000133128687992,0.00644680572843,0.0122300652548,7.88448547437e-05
q20_from_e0,gamma_1,1740,79.8181485266,79.8124494963,-0.000137867586631,0.00569903030215,0.0121682433581,6.93471876218e-05
q20_from_e0,gamma_1,1742,79.8172621105,79.8124436222,-0.000143741665539,0.00481848824911,0.0121067339656,5.83361553485e-05
q20_from_e0,gamma_1,1744,79.8162621938,79.8124369643,-0.000150399555991,0.00382522949674,0.0120455354977,4.60769376897e-05
q20_from_e0,gamma_1,1746,79.8151723241,79.8124299173,-0.000157446578186,0.00274240679944,0.0119846463825,3.28667757284e-05
q20_from_e0,gamma_1,1748,79.8140185039,79.812422893,-0.000164470866196,0.00159561092501,0.0119240650565,1.90261684747e-05
q20_from_e0,gamma_1,1750,79.812828398,79.8124162935,-0.000171070427598,0.000412104553718,0.0118637899637,4.88912186839e-06
q20_from_e0,gamma_1,1752,79.8116307027,79.8124104887,-0.000176875136617,-0.000779786066758,0.0118038195562,-9.20445402442e-06
q20_from_e0,gamma_1,1754,79.810454815,79.8124057963,-0.000181567588925,-0.00195098126311,0.0117441522937,-2.29126210761e-05
q20_from_e0,gamma_1,1756,79.8093300585,79.8124024635,-0.000184900399304,-0.00307240498039,0.011684786644,-3.59003966798e-05
q20_from_e0,gamma_1,1758,79.8082851616,79.812400658,-0.000186705880139,-0.00411549638331,0.0116257210824,-4.78456130679e-05
q20_from_e0,gamma_1,1760,79.8073475693,79.8124004624,-0.000186901499177,-0.00505289312908,0.011566954092,-5.84465828556e-05
q20_from_e0,gamma_1,1762,79.8065423455,79.8124018726,-0.000185491271168,-0.00585952708313,0.0115084841635,-6.74342746415e-05
q20_from_e0,gamma_1,1764,79.8058912413,79.8124048008,-0.000182563072656,-0.00651355947954,0.0114503097953,-7.45822739106e-05
q20_from_e0,gamma_1,1766,79.8054116933,79.8124090805,-0.000178283383264,-0.00699738720185,0.0113924294933,-7.97172403347e-05
q20_from_e0,gamma_1,1768,79.8051156795,79.8124144773,-0.000172886561586,-0.00729879783428,0.0113348417712,-8.27307185718e-05
q20_from_e0,gamma_1,1770,79.8050090204,79.8124207048,-0.00016665903857,-0.00741168446379,0.01127754515,-8.35856061777e-05
q20_from_e0,gamma_1,1772,79.8050909919,79.8124274417,-0.000159922137058,-0.00733644982958,0.011220538158,-8.23189152573e-05
q20_from_e0,gamma_1,1774,79.805354187,79.8124343507,-0.000153013159803,-0.00708016371982,0.0111638193314,-7.90416686048e-05
q20_from_e0,gamma_1,1776,79.8057843892,79.8124410985,-0.000146265351276,-0.00665670932693,0.0111073872134,-7.39386480613e-05
q20_from_e0,gamma_1,1778,79.8063610473,79.812447376,-0.000139987853743,-0.00608632869826,0.0110512403548,-6.72614813226e-05
q20_from_e0,gamma_1,1780,79.8070580303,79.8124529197,-0.000134444150291,-0.00539488947415,0.0109953773135,-5.93188453331e-05
q20_from_e0,gamma_1,1782,79.8078445182,79.8124575313,-0.000129832587206,-0.00461301308975,0.010939796655,-5.04654251689e-05
q20_from_e0,gamma_1,1784,79.8086865203,79.8124610905,-0.000126273370967,-0.00377457019583,0.0108844969518,-4.1084297791e-05
q20_from_e0,gamma_1,1786,79.8095482881,79.8124635669,-0.000123796991758,-0.00291527881636,0.0108294767837,-3.15709442599e-05
q20_from_e0,gamma_1,1788,79.810393827,79.8124650307,-0.00012233322829,-0.00207120365282,0.0107747347377,-2.23166699469e-05
q20_from_e0,gamma_1,1790,79.8111886587,79.8124656571,-0.00012170674556,-0.0012769984549,0.0107202694079,-1.368976747e-05
q20_from_e0,gamma_1,1792,79.8119014336,79.8124657236,-0.000121640250455,-0.000564290017209,0.0106660793955,-6.01876212562e-06
q20_from_e0,gamma_1,1794,79.8125050974,79.8124656038,-0.000121760096647,3.94935923254e-05,0.0106121633088,4.19112451407e-07
q20_from_e0,gamma_1,1796,79.8129782686,79.8124657566,-0.000121607299207,0.000512512058904,0.0105585197631,5.41136870278e-06
q20_from_e0,gamma_1,1798,79.8133060703,79.812466706,-0.000120657909534,0.000839364289988,0.0105051473808,8.81764557253e-06
q20_from_e0,gamma_1,1800,79.8134806037,79.8124690156,-0.000118348262703,0.00101158804988,0.0104520447912,1.05731636076e-05
q20_from_e0,gamma_1,1802,79.8135011869,79.8124732627,-0.000114101190292,0.0010279242448,0.0103992106305,1.06896007338e-05
q20_from_e0,gamma_1,1804,79.8133739007,79.8124800136,-0.000107350293746,0.000893887114145,0.0103466435418,9.24873133665e-06
q20_from_e0,gamma_1,1806,79.813110999,79.8124898005,-9.75634095965e-05,0.000621198552039,0.010294342175,6.39483045332e-06
q20_from_e0,gamma_1,1808,79.8127299651,79.8125030976,-8.42663319958e-05,0.000226867587031,0.0102423051871,2.32364706342e-06
q20_from_e0,gamma_1,1810,79.8122524868,79.8125202987,-6.70651804171e-05,-0.000267811952099,0.0101905312415,-2.7291460647e-06
q20_from_e0,gamma_1,1812,79.8117032988,79.8125416947,-4.56691400359e-05,-0.000838395977453,0.0101390190086,-8.5005127521e-06
q20_from_e0,gamma_1,1814,79.811108667,79.8125674512,-1.99126780984e-05,-0.00145878421515,0.0100877671654,-1.4715875507e-05
q20_from_e0,gamma_1,1816,79.8104950078,79.8125975929,1.02290170219e-05,-0.00210258511699,0.0100367743958,-2.11031724673e-05
q20_from_e0,gamma_1,1818,79.8098877005,79.812631998,4.46341339e-05,-0.00274429750036,0.00998603939019,-2.74046629369e-05
q20_from_e0,gamma_1,1820,79.8093101587,79.8126703997,8.3035844284e-05,-0.00336024105233,0.00993556084549,-3.3385879431e-05
q20_from_e0,gamma_1,1822,79.8087831544,79.8127123924,0.000125028547956,-0.00392923807294,0.00988533746536,-3.88418443328e-05
q20_from_e0,gamma_1,1824,79.8083244826,79.8127574426,0.000170078746407,-0.0044329599981,0.00983536795998,-4.35997927332e-05
q20_from_e0,gamma_1,1826,79.8079487914,79.8128049081,0.000217544176849,-0.00485611664784,0.00978565104601,-4.75202629545e-05
q20_from_e0,gamma_1,1828,79.8076675987,79.81285406,0.00026669607152,-0.00518646122249,0.00973618544665,-5.0496348274e-05
q20_from_e0,gamma_1,1830,79.8074893884,79.812904105,0.000316741138434,-0.00541471658153,0.00968696989151,-5.24521964963e-05
q20_from_e0,gamma_1,1832,79.8074198303,79.8129542116,0.000366847749774,-0.00553438136824,0.00963800311664,-5.33403848757e-05
q20_from_e0,gamma_1,1834,79.8074619207,79.8130035391,0.000416175250919,-0.00554161842592,0.00958928386448,-5.31401521548e-05
q20_from_e0,gamma_1,1836,79.8076162905,79.8130512691,0.000463905230333,-0.0054349786555,0.00954081088382,-5.18541035098e-05
q20_from_e0,gamma_1,1838,79.807881533,79.8130966376,0.00050927373681,-0.00521510465099,0.00949258292979,-4.9504813387e-05
q20_from_e0,gamma_1,1840,79.8082544314,79.8131389643,0.000551600372376,-0.00488453288513,0.0094445987638,-4.61324532486e-05
q20_from_e0,gamma_1,1842,79.8087300281,79.8131776794,0.000590315498442,-0.00444765128366,0.00939685715352,-4.17939437812e-05
q20_from_e0,gamma_1,1844,79.8093018291,79.813212347,0.000624983094582,-0.00391051783727,0.00934935687284,-3.65608268182e-05
q20_from_e0,gamma_1,1846,79.809961709,79.8132426793,0.000655315377514,-0.003280970228,0.00930209670188,-3.05199023369e-05
q20_from_e0,gamma_1,1848,79.8106997352,79.8132685463,0.000681182457129,-0.00256881115499,0.0092550754269,-2.37745409969e-05
q20_from_e0,gamma_1,1850,79.8115042398,79.8132899787,0.000702614849473,-0.00178573892975,0.0092082918403,-1.64436052158e-05
q20_from_e0,gamma_1,1852,79.8123619278,79.8133071607,0.000719796835753,-0.000945232880767,0.00916174474058,-8.65998237399e-06
q20_from_e0,gamma_1,1854,79.8132576696,79.8133204198,0.000733055907091,-6.27501746919e-05,0.00911543293234,-5.71995008897e-07
q20_from_e0,gamma_1,1856,79.8141750193,79.8133302106,0.000742846751862,0.000844808613081,0.00906935522618,7.66186941017e-06
q20_from_e0,gamma_1,1858,79.8150963696,79.8133370911,0.000749727236467,0.00175927848558,0.00902351043874,1.58748677793e-05
q20_from_e0,gamma_1,1860,79.8160030282,79.8133416917,0.000754327792905,0.00266133649146,0.00897789739265,2.38932059476e-05
q20_from_e0,gamma_1,1862,79.8168761156,79.813344681,0.000757317118854,0.00353143462668,0.00893251491646,3.15445924793e-05
q20_from_e0,gamma_1,1864,79.8176968546,79.8133467292,0.000759365333039,0.00435012541359,0.00888736184467,3.86611386203e-05
q20_from_e0,gamma_1,1866,79.8184467368,79.8133484697,0.00076110582151,0.00509826705542,0.00884243701766,4.50811053367e-05
q20_from_e0,gamma_1,1868,79.8191085759,79.813350461,0.000763097160188,0.00575811490246,0.00879773928167,5.06583936658e-05
q20_from_e0,gamma_1,1870,79.8196670255,79.81335315,0.000765786134849,0.00631387543183,0.00875326748878,5.52670405456e-05
q20_from_e0,gamma_1,1872,79.8201092139,79.8133568406,0.000769476688049,0.00675237333735,0.00870902049686,5.88065577974e-05
q20_from_e0,gamma_1,1874,79.8204253919,79.81336167,0.000774306137743,0.00706372183861,0.00866499716957,6.12071297381e-05
q20_from_e0,gamma_1,1876,79.8206091184,79.8133675878,0.000780223938591,0.00724153054098,0.0086211963763,6.24306568588e-05
q20_from_e0,gamma_1,1878,79.8206577622,79.8133743436,0.000786979732979,0.00728341859558,0.00857761699216,6.24743751064e-05
q20_from_e0,gamma_1,1880,79.8205727489,79.8133814871,0.000794123213595,0.00719126175477,0.00853425789794,6.13720824268e-05
q20_from_e0,gamma_1,1882,79.8203595207,79.8133883748,0.000801010888864,0.00697114595083,0.00849111798011,5.91928227251e-05
q20_from_e0,gamma_1,1884,79.820027529,79.8133941847,0.000806820829581,0.00663334424685,0.00844819613074,5.60397932001e-05
q20_from_e0,gamma_1,1886,79.8195898756,79.813397942,0.000810578083133,0.00619193360549,0.00840549124752,5.20462437262e-05
q20_from_e0,gamma_1,1888,79.8190625681,79.8133985537,0.000811189837748,0.00566401440344,0.0083630022337,4.73681651077e-05
q20_from_e0,gamma_1,1890,79.8184639234,79.8133948511,0.000807487184801,0.00506907232428,0.00832072799809,4.21783720129e-05
q20_from_e0,gamma_1,1892,79.8178136721,79.8133856366,0.000798272730265,0.00442803552183,0.00827866745499,3.66582335641e-05
q20_from_e0,gamma_1,1894,79.8171318013,79.8133697356,0.000782371683513,0.00376206572983,0.00823681952421,3.09874564548e-05
q20_from_e0,gamma_1,1896,79.8164375832,79.8133460471,0.000758683195059,0.00309153616487,0.00819518313101,2.53357050273e-05
q20_from_e0,gamma_1,1898,79.8157487556,79.8133135965,0.000726232598282,0.0024351591595,0.00815375720609,1.98556965448e-05
q20_from_e0,gamma_1,1900,79.8150807099,79.8132715838,0.000684219898318,0.00180912612201,0.00811254068556,1.46766092701e-05
q20_from_e0,gamma_1,1902,79.8144462983,79.8132194267,0.000632062818838,0.00122687163881,0.00807153251089,9.90273431931e-06
q20_from_e0,gamma_1,1904,79.8138557004,79.8131568005,0.000569436631622,0.00069889987266,0.0080307316289,5.61267731281e-06
q20_from_e0,gamma_1,1906,79.8133165418,79.8130836691,0.000496305211044,0.000232872694497,0.00799013699177,1.86068473067e-06
q20_from_e0,gamma_1,1908,79.8128344402,79.8130003058,0.000412941945257,-0.000165865596998,0.00794974755692,-1.31858962451e-06
q20_from_e0,gamma_1,1910,79.8124135941,79.8129073047,0.000319940837528,-0.000493710664742,0.0079095622871,-3.90503525458e-06
q20_from_e0,gamma_1,1912,79.8120570816,79.8128055799,0.000218216021921,-0.000748498283158,0.00786958015025,-5.89036723164e-06
q20_from_e0,gamma_1,1914,79.8117671113,79.8126963511,0.000108987199994,-0.000929239805842,0.00782980011957,-7.27576194289e-06
q20_from_e0,gamma_1,1916,79.8115451779,79.8125811185,-6.24536725979e-06,-0.00103594061447,0.00779022117341,-8.07020650925e-06
q20_from_e0,gamma_1,1918,79.8113919308,79.8124616308,-0.000125733037294,-0.00106970005955,0.00775084229533,-8.29107646484e-06
q20_from_e0,gamma_1,1920,79.8113073937,79.8123398415,-0.000247522387355,-0.00103244782862,0.00771166247398,-7.96188917632e-06
q20_from_e0,gamma_1,1922,79.8112909369,79.8122178546,-0.000369509293179,-0.00092691771178,0.00767268070316,-7.1119436406e-06
q20_from_e0,gamma_1,1924,79.8113409283,79.8120978638,-0.000489500067914,-0.000756935476943,0.00763389598174,-5.77836669588e-06
q20_from_e0,gamma_1,1926,79.8114549264,79.8119820867,-0.000605277190601,-0.000527160282672,0.00759530731366,-4.00394435045e-06
q20_from_e0,gamma_1,1928,79.8116295113,79.8118726977,-0.000714666204928,-0.000243186417009,0.00755691370787,-1.83773876826e-06
q20_from_e0,gamma_1,1930,79.8118601495,79.8117717607,-0.000815603213596,8.83888057359e-05,0.00751871417836,6.64570166895e-07
q20_from_e0,gamma_1,1932,79.8121411294,79.8116811637,-0.000906200216974,0.000459965720779,0.00748070774409,3.44086912945e-06
q20_from_e0,gamma_1,1934,79.8124652296,79.8116025603,-0.000984803551944,0.000862669237804,0.00744289342897,6.42075520143e-06
q20_from_e0,gamma_1,1936,79.8128236278,79.8115373188,-0.00105004503624,0.00128630893037,0.00740527026188,9.52546526969e-06
q20_from_e0,gamma_1,1938,79.8132057713,79.8114864801,-0.00110088379091,0.00171929119209,0.00736783727655,1.26674577343e-05
q20_from_e0,gamma_1,1940,79.8135991999,79.8114507283,-0.00113663562718,0.00214847160028,0.00733059351166,1.5749571973e-05
q20_from_e0,gamma_1,1942,79.813989636,79.8114303707,-0.001156993181,0.00255926528932,0.00729353801069,1.86660986671e-05
q20_from_e0,gamma_1,1944,79.8143613006,79.8114253296,-0.00116203424781,0.00293597092686,0.00725666982201,2.13053716232e-05
q20_from_e0,gamma_1,1946,79.8146971345,79.81143515,-0.00115221384732,0.00326198443082,0.00721998799875,2.35514884426e-05
q20_from_e0,gamma_1,1948,79.8149794441,79.8114590194,-0.00112834451126,0.00352042470465,0.00718349159886,2.52889412902e-05
q20_from_e0,gamma_1,1950,79.8151906364,79.8114957982,-0.0010915656482,0.00369483813083,0.00714717968503,2.64076720281e-05
q20_from_e0,gamma_1,1952,79.8153137318,79.8115440631,-0.00104330079498,0.00376966866635,0.00711105132472,2.68063073636e-05
q20_from_e0,gamma_1,1954,79.8153332255,79.8116021591,-0.000985204832901,0.00373106644994,0.00707510559007,2.63976890969e-05
q20_from_e0,gamma_1,1956,79.8152358483,79.8116682626,-0.000919101255022,0.00356758566805,0.00703934155792,2.51134540546e-05
q20_from_e0,gamma_1,1958,79.8150115649,79.8117404506,-0.00084691332134,0.00327111431855,0.00700375830979,2.29100940908e-05
q20_from_e0,gamma_1,1960,79.8146546335,79.811816767,-0.000770596911948,0.00283786653691,0.00696835493183,1.97752612783e-05
q20_from_e0,gamma_1,1962,79.8141640175,79.8118952907,-0.000692073143313,0.00226872671027,0.0069331305148,1.57293783847e-05
q20_from_e0,gamma_1,1964,79.8135441701,79.811974204,-0.000613159870753,0.00156996606697,0.00689808415409,1.0829758049e-05
q20_from_e0,gamma_1,1966,79.8128053016,79.8120518547,-0.000535509145038,0.000753446893398,0.00686321494962,5.17106798252e-06
q20_from_e0,gamma_1,1968,79.8119629842,79.812126814,-0.00046054988249,-0.000163829812664,0.0068285220059,-1.118715481e-06
q20_from_e0,gamma_1,1970,79.811038044,79.8121979244,-0.000389439456939,-0.0011598804542,0.00679400443193,-7.88023294632e-06
q20_from_e0,gamma_1,1972,79.8100556561,79.8122643352,-0.000323028716451,-0.00220867908214,0.00675966134124,-1.49299226068e-05
q20_from_e0,gamma_1,1974,79.8090440265,79.8123255236,-0.000261840304233,-0.00328149704553,0.00672549185183,-2.20696816416e-05
q20_from_e0,gamma_1,1976,79.8080334849,79.8123813042,-0.000206059656804,-0.00434781937187,0.00669149508617,-2.90934119624e-05
q20_from_e0,gamma_1,1978,79.8070550132,79.8124318247,-0.000155539165689,-0.00537681156776,0.00665767017115,-3.57970379905e-05
q20_from_e0,gamma_1,1980,79.8061388518,79.8124775463,-0.000109817577041,-0.00633869453583,0.00662401623807,-4.19876155335e-05
q20_from_e0,gamma_1,1982,79.805313564,79.8125192122,-6.81516499412e-05,-0.00720564824087,0.00659053242265,-4.74890583576e-05
q20_from_e0,gamma_1,1984,79.8046048505,79.812557809,-2.955492468e-05,-0.00795295842305,0.00655721786495,-5.21492810508e-05
q20_from_e0,gamma_1,1986,79.8040345941,79.8125945152,7.15135550422e-06,-0.00855992111657,0.00652407170938,-5.58455391912e-05
q20_from_e0,gamma_1,1988,79.8036204906,79.8126306409,4.32769876966e-05,-0.00901015026318,0.0064910931047,-5.84857242456e-05
q20_from_e0,gamma_1,1990,79.8033753161,79.8126675611,8.01971735314e-05,-0.00929224494435,0.00645828120394,-6.00119308665e-05
q20_from_e0,gamma_1,1992,79.803306492,79.8127066466,0.000119282749182,-0.00940015462844,0.00642563516444,-6.04019641316e-05
q20_from_e0,gamma_1,1994,79.8034163465,79.8127491947,0.00016183083855,-0.00933284819705,0.00639315414777,-5.96663371615e-05
q20_from_e0,gamma_1,1996,79.803702042,79.8127963625,0.000208998659019,-0.00909432057192,0.00636083731977,-5.78474936918e-05
q20_from_e0,gamma_1,1998,79.8041558997,79.8128491029,0.000261739044589,-0.00869320324774,0.00632868385047,-5.50165350028e-05
q20_from_e0,gamma_1,2000,79.8047661688,79.8129081085,0.000320744614555,-0.00814193974087,0.00629669291411,-5.12672942734e-05
q20_from_e0,gamma_2,0,79.8125873639,79.8125873639,0,0,1,0
q20_from_e0,gamma_2,2,79.8106879922,79.8125825284,-4.83552952346e-06,-0.00189453610888,0.989915729261,-0.00187543109383
q20_from_e0,gamma_2,4,79.8087693591,79.8125681414,-1.92225085414e-05,-0.00379878230636,0.979933151038,-0.00372255271558
q20_from_e0,gamma_2,6,79.8068285953,79.8125445731,-4.27907549465e-05,-0.00571597778138,0.970051239837,-0.0055447913337
q20_from_e0,gamma_2,8,79.804870506,79.8125124793,-7.48845665441e-05,-0.00764197328827,0.960268980503,-0.00733834989856
q20_from_e0,gamma_2,10,79.8029120818,79.8124727933,-0.000114570609668,-0.00956071148958,0.950585368121,-0.00908827245083
q20_from_e0,gamma_2,12,79.8009862752,79.8124267006,-0.000160663310652,-0.0114404254189,0.940999407908,-0.0107654335454
q20_from_e0,gamma_2,14,79.7991396776,79.8123756063,-0.00021175761195,-0.013235928692,0.931510115114,-0.0123294014595
q20_from_e0,gamma_2,16,79.7974306724,79.8123210945,-0.000266269394132,-0.0148904221022,0.922116514917,-0.0137307041345
q20_from_e0,gamma_2,18,79.7959252497,79.8122648901,-0.000322473828604,-0.016339640362,0.912817642327,-0.0149151119917
q20_from_e0,gamma_2,20,79.7946908268,79.8122088163,-0.000378547569198,-0.0175179894789,0.903612542086,-0.0158294750053
q20_from_e0,gamma_2,22,79.7937920129,79.812154751,-0.000432612929018,-0.0183627380298,0.894500268569,-0.0164254740993
q20_from_e0,gamma_2,24,79.7932864121,79.8121045838,-0.000482780128678,-0.0188181716253,0.885479885684,-0.0166631124596
q20_from_e0,gamma_2,26,79.7932197101,79.8120601696,-0.000527194283251,-0.0188404594939,0.876550466783,-0.0165146135637
q20_from_e0,gamma_2,28,79.7936226673,79.8120232806,-0.000564083332705,-0.0184006132634,0.867711094559,-0.0159664162754
q20_from_e0,gamma_2,30,79.7945088314,79.8119955617,-0.000591802222445,-0.0174867302336,0.858960860958,-0.0150204168568
q20_from_e0,gamma_2,32,79.7958723229,79.8119784845,-0.000608879350523,-0.0161061616696,0.850298867082,-0.0136950510207
q20_from_e0,gamma_2,34,79.7976874247,79.8119733029,-0.000614061008037,-0.0142858782018,0.841724223097,-0.0120247697307
q20_from_e0,gamma_2,36,79.7999091258,79.8119810163,-0.00060634761951,-0.0120718904708,0.833236048144,-0.0100587343095
q20_from_e0,gamma_2,38,79.8024740918,79.8120023383,-0.000585025615919,-0.00952824644428,0.824833470245,-0.00785921657998
q20_from_e0,gamma_2,40,79.8053032392,79.8120376679,-0.000549695982244,-0.00673442872836,0.816515626216,-0.00549876629035
q20_from_e0,gamma_2,42,79.8083053242,79.8120870681,-0.000500295828076,-0.00378174388388,0.808281661578,-0.00305671423012
q20_from_e0,gamma_2,44,79.8113806157,79.8121502556,-0.00043710833431,-0.000769639885903,0.800130730469,-0.000615812524106
q20_from_e0,gamma_2,46,79.8144250204,79.8122266015,-0.000360762365531,0.00219841889252,0.792061995557,0.00174128405508
q20_from_e0,gamma_2,48,79.8173345703,79.812315135,-0.000272228915151,0.00501943532511,0.784074627951,0.00393561188506
q20_from_e0,gamma_2,50,79.8200102777,79.8124145535,-0.000172810433341,0.00759572427816,0.776167807123,0.00589555665649
q20_from_e0,gamma_2,52,79.8223624448,79.8125232472,-6.41167079323e-05,0.00983919765822,0.768340720817,0.00755985622098
q20_from_e0,gamma_2,54,79.824313991,79.8126393327,5.19688214951e-05,0.0116746583051,0.760592564968,0.0088796583054
q20_from_e0,gamma_2,56,79.82580327,79.8127606952,0.000173331348009,0.0130425747808,0.752922543621,0.00982004857934
q20_from_e0,gamma_2,58,79.8267864292,79.812885042,0.000297678117178,0.0139013871818,0.745329868846,0.010361119085
q20_from_e0,gamma_2,60,79.8272390507,79.8130099596,0.000422595734648,0.0142290910471,0.737813760658,0.0104984191762
q20_from_e0,gamma_2,62,79.827156767,79.8131329746,0.000545610687112,0.0140237924661,0.730373446941,0.0102426056426
q20_from_e0,gamma_2,64,79.826554728,79.8132516193,0.000664255429058,0.0133031086709,0.723008163361,0.00961825616715
q20_from_e0,gamma_2,66,79.8254663293,79.8133634987,0.000776134838276,0.0121028305473,0.715717153295,0.00866220342616
q20_from_e0,gamma_2,68,79.8239411889,79.8134663562,0.000878992359375,0.0104748326809,0.708499667748,0.00742141547416
q20_from_e0,gamma_2,70,79.8220427355,79.8135581397,0.000970775823717,0.00848459582814,0.70135496528,0.00595071341246
q20_from_e0,gamma_2,72,79.8198453407,79.813637061,0.00104969706823,0.00620827973695,0.694282311926,0.00431029880886
q20_from_e0,gamma_2,74,79.8174311435,79.8137016496,0.00111428574428,0.00372949389751,0.687280981123,0.00256321022497
q20_from_e0,gamma_2,76,79.8148867197,79.8137508015,0.00116343757253,0.00113591828956,0.680350253636,0.000772822296414
q20_from_e0,gamma_2,78,79.8122997539,79.8137838136,0.00119644966931,-0.00148405966489,0.673489417481,-0.000999498479213
q20_from_e0,gamma_2,80,79.8097563263,79.8138004083,0.00121304439301,-0.00404408199755,0.666697767855,-0.00269618044079
q20_from_e0,gamma_2,82,79.807337849,79.8138007416,0.00121337768336,-0.00646289260288,0.659974607062,-0.00426534500607
q20_from_e0,gamma_2,84,79.8051190254,79.8137853978,0.00119803393498,-0.00866637242044,0.653319244444,-0.00566190788179
q20_from_e0,gamma_2,86,79.8031659214,79.8137553737,0.00116800986009,-0.0105894523369,0.646730996304,-0.00684852706017
q20_from_e0,gamma_2,88,79.8015339171,79.8137120474,0.00112468349462,-0.0121781302341,0.640209185842,-0.00779655084222
q20_from_e0,gamma_2,90,79.8002671414,79.8136571351,0.0010697711694,-0.0133899936118,0.633753143082,-0.0084859505373
q20_from_e0,gamma_2,92,79.7993977972,79.8135926373,0.00100527339443,-0.014194840094,0.627362204805,-0.00890530617825
q20_from_e0,gamma_2,94,79.7989452011,79.8135207718,0.000933407951791,-0.014575570759,0.62103571448,-0.00905195000026
q20_from_e0,gamma_2,96,79.7989159512,79.8134439021,0.000856538179164,-0.0145279508783,0.614773022197,-0.00893139226776
q20_from_e0,gamma_2,98,79.7993044483,79.8133644623,0.000777098391836,-0.0140600139943,0.608573484598,-0.00855655171002
q20_from_e0,gamma_2,100,79.8000939305,79.8132848744,0.00069751050151,-0.0131909439212,0.602436464814,-0.00794670562344
q20_from_e0,gamma_2,102,79.8012575602,79.8132074656,0.000620101713167,-0.0119499054242,0.5963613324,-0.00712646152082
q20_from_e0,gamma_2,104,79.8027591669,79.8131343949,0.000547030981522,-0.010375227975,0.590347463266,-0.00612498951586
q20_from_e0,gamma_2,106,79.8045548661,79.8130675833,0.000480219410463,-0.00851271717163,0.584394239616,-0.00497478287858
q20_from_e0,gamma_2,108,79.8065948039,79.8130086515,0.000421287655087,-0.00641384767044,0.578501049885,-0.00371041761116
q20_from_e0,gamma_2,110,79.8088242929,79.8129588675,0.000371503594693,-0.00413457462732,0.572667288675,-0.00236773564165
q20_from_e0,gamma_2,112,79.8111854245,79.8129191049,0.000331740993758,-0.00173368039728,0.566892356693,-0.000982810166166
q20_from_e0,gamma_2,114,79.8136183526,79.8128898159,0.000302452027654,0.000728536637141,0.561175660688,0.000408837028683
q20_from_e0,gamma_2,116,79.8160620813,79.8128710183,0.000283654444885,0.00319106295295,0.555516613393,0.00177268848475
q20_from_e0,gamma_2,118,79.8184561929,79.8128622992,0.000274935275399,0.00559389375968,0.549914633464,0.00307616403649
q20_from_e0,gamma_2,120,79.820741878,79.8128628348,0.000275470934696,0.0078790431575,0.544369145417,0.00428910799035
q20_from_e0,gamma_2,122,79.8228631939,79.8128714264,0.000284062561605,0.00999176745127,0.538879579572,0.00538435944332
q20_from_e0,gamma_2,124,79.8247686852,79.8128865492,0.000299185301401,0.0118821359868,0.533445371996,0.0063384704516
q20_from_e0,gamma_2,126,79.8264122468,79.8129064113,0.000319047413711,0.0135058354987,0.52806596444,0.00713197204822
q20_from_e0,gamma_2,128,79.827754083,79.8129290214,0.000341657499192,0.0148250616404,0.522740804287,0.00774966464547
q20_from_e0,gamma_2,130,79.8287621076,79.812952266,0.000364902070871,0.0158098416848,0.51746934449,0.0081811084131
q20_from_e0,gamma_2,132,79.8294125274,79.8129739915,0.000386627658017,0.0164385358465,0.512251043521,0.00842065714132
q20_from_e0,gamma_2,134,79.8296903394,79.8129920847,0.000404720852629,0.0166982546485,0.507085365311,0.00846744055852
q20_from_e0,gamma_2,136,79.8295899085,79.8130045528,0.000417188933739,0.0165853556943,0.5019717792,0.00832538050654
q20_from_e0,gamma_2,138,79.829115131,79.8130096011,0.000422237175513,0.0161055299588,0.496909759875,0.00800299502446
q20_from_e0,gamma_2,140,79.8282794876,79.8130056986,0.000418334750123,0.0152737889774,0.491898787323,0.00751315827581
q20_from_e0,gamma_2,142,79.827105695,79.8129916322,0.000404268298283,0.0141140628642,0.486938346776,0.00687267843738
q20_from_e0,gamma_2,144,79.8256248664,79.812966548,0.000379184119879,0.0126583184073,0.482027928653,0.00610166300213
q20_from_e0,gamma_2,146,79.8238757341,79.8129299831,0.000342619249764,0.0109457509683,0.477167028517,0.00522295146445
q20_from_e0,gamma_2,148,79.8219036256,79.8128818824,0.000294518486442,0.00902174325763,0.472355147014,0.00426146686278
q20_from_e0,gamma_2,150,79.8197592842,79.8128225981,0.000235234172862,0.00693668618763,0.467591789826,0.00324353750994
q20_from_e0,gamma_2,152,79.817497523,79.8127528757,0.000165511816562,0.00474464728477,0.462876467622,0.00219618557529
q20_from_e0,gamma_2,154,79.8151756642,79.8126738288,8.64649591392e-05,0.00250183532174,0.458208696004,0.00114636270039
q20_from_e0,gamma_2,156,79.8128520526,79.8125869012,-4.62685576963e-07,0.00026515140344,0.453587995458,0.000120269493579
q20_from_e0,gamma_2,158,79.8105845039,79.8124938163,-9.35475364798e-05,-0.00190931245626,0.449013891308,-0.000857307815709
q20_from_e0,gamma_2,160,79.8084288905,79.8123965191,-0.000190844789927,-0.00396762858851,0.444485913662,-0.00176355501824
q20_from_e0,gamma_2,162,79.8064378384,79.8122971097,-0.000290254144048,-0.00585927137148,0.440003597369,-0.00257810048141
q20_from_e0,gamma_2,164,79.8046594201,79.8121977742,-0.000389589652514,-0.00753835413794,0.435566481967,-0.00328345439168
q20_from_e0,gamma_2,166,79.8031357374,79.8121007137,-0.000486650164049,-0.00896497629229,0.431174111638,-0.00386546568868
q20_from_e0,gamma_2,168,79.8019019416,79.8120080769,-0.000579287026966,-0.0101061352383,0.426826035161,-0.00431356163456
q20_from_e0,gamma_2,170,79.8009855674,79.8119218965,-0.00066546738276,-0.0109363290627,0.422521805863,-0.0046208375051
q20_from_e0,gamma_2,172,79.8004058629,79.8118440299,-0.000743334024889,-0.0114381670027,0.41826098158,-0.00478413895804
q20_from_e0,gamma_2,174,79.8001733992,79.8117761061,-0.000811257817446,-0.0116027068283,0.414043124602,-0.00480402098904
q20_from_e0,gamma_2,176,79.800289845,79.8117194842,-0.000867879641049,-0.0114296392877,0.409867801636,-0.00468464112834
q20_from_e0,gamma_2,178,79.8007479172,79.8116752236,-0.000912140270131,-0.0109273064061,0.405734583757,-0.00443358611628
q20_from_e0,gamma_2,180,79.8015314738,79.8116440653,-0.000943298609144,-0.0101125914589,0.401643046366,-0.00406165204019
q20_from_e0,gamma_2,182,79.802616049,79.8116264242,-0.000960939659251,-0.0090103752482,0.397592769146,-0.00358246004597
q20_from_e0,gamma_2,184,79.8039694253,79.8116223913,-0.000964972630996,-0.00765296592682,0.393583336018,-0.00301207985991
q20_from_e0,gamma_2,186,79.8055523189,79.8116317455,-0.00095561840331,-0.00607942659103,0.389614335099,-0.00236863174905
q20_from_e0,gamma_2,188,79.8073193774,79.811653978,-0.000933385856129,-0.00433460061964,0.38568535866,-0.00167179199464
q20_from_e0,gamma_2,190,79.809220324,79.8116883216,-0.000899042263001,-0.00246799766451,0.381796003083,-0.000942271643929
q20_from_e0,gamma_2,192,79.8112013335,79.8117337855,-0.000853578388046,-0.000532452040986,0.377945868821,-0.000201238049236
q20_from_e0,gamma_2,194,79.8132062716,79.8117891966,-0.000798167263071,0.00141707502446,0.374134560355,0.000530176741268
q20_from_e0,gamma_2,196,79.8151781845,79.811853244,-0.000734119872547,0.00332494045074,0.370361686156,0.0012314305517
q20_from_e0,gamma_2,198,79.8170609063,79.811924523,-0.00066284089371,0.00513638335164,0.366626858641,0.00188313609299
q20_from_e0,gamma_2,200,79.8188006362,79.812001579,-0.000585784836943,0.00679905711307,0.362929694138,0.00246757971847
q20_from_e0,gamma_2,202,79.8203475691,79.8120829507,-0.000504413190882,0.00826461835639,0.359269812843,0.00296922789012
q20_from_e0,gamma_2,204,79.8216572347,79.8121672098,-0.000420154042573,0.00949002481441,0.355646838782,0.00337509732521
q20_from_e0,gamma_2,206,79.82269165,79.8122529974,-0.000334366483258,0.0104386525679,0.352060399772,0.00367503619613
q20_from_e0,gamma_2,208,79.8234206486,79.8123390538,-0.000248310072692,0.011081594776,0.348510127384,0.003862048007
q20_from_e0,gamma_2,210,79.8238228109,79.8124242431,-0.000163120746038,0.0113985677523,0.344995656904,0.00393245636948
q20_from_e0,gamma_2,212,79.8238860172,79.8125075689,-7.97949793139e-05,0.0113784483052,0.341516627296,0.00388592928907
q20_from_e0,gamma_2,214,79.8236079192,79.8125881836,8.19730800572e-07,0.0110197356058,0.338072681165,0.00372547156198
q20_from_e0,gamma_2,216,79.8229958862,79.8126653922,7.80282774713e-05,0.0103304940833,0.334663464718,0.00345723894216
q20_from_e0,gamma_2,218,79.8220666043,79.8127386496,0.000151285681511,0.00932795478225,0.331288627734,0.00309024533937
q20_from_e0,gamma_2,220,79.8208455092,79.8128075546,0.000220190668188,0.00803795461805,0.327947823519,0.00263602972253
q20_from_e0,gamma_2,222,79.8193662121,79.8128718387,0.000284474783655,0.00649437341497,0.324640708878,0.00210833798915
q20_from_e0,gamma_2,224,79.817669323,79.8129313497,0.000343985839294,0.00473797330098,0.321366944077,0.00152262800085
q20_from_e0,gamma_2,226,79.8158010637,79.8129860325,0.000398668659244,0.00281503112438,0.318126192806,0.000895535134231
q20_from_e0,gamma_2,228,79.8138119614,79.8130359097,0.000448545849508,0.000776051618601,0.314918122149,0.00024439271842
q20_from_e0,gamma_2,230,79.8117554262,79.8130810614,0.000493697514287,-0.00132563519348,0.311742402544,-0.000413256700113
q20_from_e0,gamma_2,232,79.8096862082,79.8131216057,0.000534241791883,-0.00343539752681,0.308598707756,-0.0010601592374
q20_from_e0,gamma_2,234,79.8076588344,79.8131576825,0.000570318617605,-0.00549884807425,0.305486714837,-0.00167982503359
q20_from_e0,gamma_2,236,79.8057261731,79.8131894398,0.000602075962121,-0.00746326676733,0.302406104098,-0.00225693742695
q20_from_e0,gamma_2,238,79.8039380784,79.8132170224,0.000629658495995,-0.00927894393531,0.299356559071,-0.00277771272829
q20_from_e0,gamma_2,240,79.8023402091,79.8132405635,0.000653199587987,-0.0109003544184,0.296337766482,-0.00323018668219
q20_from_e0,gamma_2,242,79.8009729073,79.8132601812,0.000672817336351,-0.0122872739195,0.293349416214,-0.00360446463116
q20_from_e0,gamma_2,244,79.7998700785,79.8132759789,0.000688614977392,-0.0134059003314,0.29039120128,-0.00389295550147
q20_from_e0,gamma_2,246,79.7990584893,79.8132880489,0.000700685032939,-0.0142295596609,0.287462817786,-0.00409046931598
q20_from_e0,gamma_2,248,79.798557369,79.8132964796,0.00070911572783,-0.0147391106051,0.284563964904,-0.00419421975296
q20_from_e0,gamma_2,250,79.7983779663,79.8133013634,0.000713999525487,-0.0149233970921,0.281694344839,-0.00420383656663
q20_from_e0,gamma_2,252,79.7985233461,79.8133028067,0.000715442772787,-0.0147794605703,0.2788536628,-0.00412130671424
q20_from_e0,gamma_2,254,79.7989884606,79.8133009391,0.000713575204045,-0.0143124784557,0.276041626968,-0.00395083983885
q20_from_e0,gamma_2,256,79.7997603319,79.8132959235,0.000708559601634,-0.0135355916139,0.273257948466,-0.00369870799569
q20_from_e0,gamma_2,258,79.8008184574,79.8132879638,0.000700599939734,-0.0124695064668,0.270502341332,-0.00337303069454
q20_from_e0,gamma_2,260,79.8021353424,79.8132773108,0.000689946927039,-0.0111419684112,0.267774522487,-0.00298353527086
q20_from_e0,gamma_2,262,79.8036771522,79.8132642642,0.000676900314986,-0.00958711197559,0.265074211705,-0.00254129614946
q20_from_e0,gamma_2,264,79.8054045487,79.8132491708,0.0006618069322,-0.00784462212013,0.262401131588,-0.0020584377212
q20_from_e0,gamma_2,266,79.8072734762,79.8132324194,0.000645055513957,-0.00595894320283,0.259755007535,-0.00154786533655
q20_from_e0,gamma_2,268,79.8092361564,79.813214433,0.000627069073573,-0.00397827656151,0.257135567713,-0.00102295640216
q20_from_e0,gamma_2,270,79.8112423042,79.813195657,0.000608293088959,-0.0019533527912,0.254542543031,-0.000497211386911
q20_from_e0,gamma_2,272,79.8132402448,79.8131765429,0.000589178993465,6.37018851677e-05,0.251975667113,1.60513250115e-05
q20_from_e0,gamma_2,274,79.815178212,79.8131575289,0.000570165010359,0.00202068313106,0.249434676266,0.000504028442633
q20_from_e0,gamma_2,276,79.8170058297,79.8131390193,0.000551655394815,0.00386681039487,0.246919309459,0.000954790152509
q20_from_e0,gamma_2,278,79.8186754393,79.8131213626,0.000533998714076,0.00555407674709,0.244429308291,0.00135757913749
q20_from_e0,gamma_2,280,79.8201436017,79.81310483,0.000517466114246,0.00703877170058,0.24196441697,0.00170313229072
q20_from_e0,gamma_2,282,79.8213725631,79.8130895951,0.000502231219372,0.00828296804495,0.23952438228,0.00198397280441
q20_from_e0,gamma_2,284,79.8223313822,79.8130757173,0.000488353415449,0.00925566492683,0.237108953561,0.00219460102531
q20_from_e0,gamma_2,286,79.8229970343,79.8130631294,0.000475765526005,0.00993390491759,0.234717882678,0.00233166512898
q20_from_e0,gamma_2,288,79.8233553678,79.8130516307,0.000464266832125,0.0103037370887,0.232350924002,0.00239408283322
q20_from_e0,gamma_2,290,79.8234014818,79.8130408849,0.000453521016979,0.0103605969233,0.230007834378,0.00238301846119
q20_from_e0,gamma_2,292,79.8231398181,79.813030423,0.000443059154378,0.0101093950754,0.227688373104,0.00230179171777
q20_from_e0,gamma_2,294,79.8225839006,79.8130196547,0.000432290789718,0.00956424596437,0.225392301905,0.0021557074139
q20_from_e0,gamma_2,296,79.8217559446,79.8130078875,0.000420523657823,0.00874805701332,0.22311938491,0.00195186109997
q20_from_e0,gamma_2,298,79.820686007,79.8129943541,0.000406990223269,0.00769165287532,0.220869388626,0.00169885066809
q20_from_e0,gamma_2,300,79.8194109728,79.8129782437,0.000390879864455,0.00643272909443,0.218642081913,0.00140646528159
q20_from_e0,gamma_2,302,79.8179734569,79.8129587399,0.000371375977693,0.00501471707979,0.216437235964,0.00108537150389
q20_from_e0,gamma_2,304,79.8164201875,79.812935061,0.000347697106875,0.00348512648441,0.214254624278,0.000746704465479
q20_from_e0,gamma_2,306,79.8148004914,79.8129065039,0.000319139982707,0.00189398757092,0.21209402264,0.000401703442747
q20_from_e0,gamma_2,308,79.8131647137,79.8128724863,0.000285122372532,0.000292227460406,0.209955209093,6.13546775524e-05
q20_from_e0,gamma_2,310,79.8115625675,79.8128325873,0.000245223444011,-0.00127001987477,0.207837963922,-0.000263958344912
q20_from_e0,gamma_2,312,79.810041577,79.8127865824,0.000199218535954,-0.00274500539773,0.205742069624,-0.000564763091657
q20_from_e0,gamma_2,314,79.8086455751,79.8127344709,0.000147107039979,-0.00408889581718,0.203667310891,-0.000832774415599
q20_from_e0,gamma_2,316,79.8074134963,79.8126764991,8.91352169106e-05,-0.00526300279175,0.201613474588,-0.00106109227961
q20_from_e0,gamma_2,318,79.8063784922,79.8126131771,2.58132241413e-05,-0.00623468486496,0.199580349725,-0.00124432058578
q20_from_e0,gamma_2,320,79.8055673125,79.8125452862,-4.20777215453e-05,-0.00697797366612,0.197567727444,-0.00137862239938
q20_from_e0,gamma_2,322,79.8049998404,79.8124738729,-0.000113490998103,-0.00747403245758,0.195575400991,-0.00146173689491
q20_from_e0,gamma_2,324,79.8046891573,79.8124002331,-0.000187130805926,-0.00771107581717,0.193603165698,-0.00149288868914
q20_from_e0,gamma_2,326,79.8046419197,79.8123258868,-0.000261477126912,-0.00768396708973,0.191650818959,-0.0014726385856
q20_from_e0,gamma_2,328,79.8048584432,79.8122525394,-0.000334824513942,-0.00739409614592,0.189718160213,-0.00140279431724
q20_from_e0,gamma_2,330,79.8053330498,79.8121820302,-0.000405333705956,-0.00684898034513,0.187804990922,-0.00128627269154
q20_from_e0,gamma_2,332,79.806054498,79.8121162769,-0.000471087028387,-0.00606177881188,0.185911114547,-0.00112695205505
q20_from_e0,gamma_2,334,79.8070061749,79.8120572158,-0.000530148091286,-0.00505104085168,0.184036336534,-0.000929575054029
q20_from_e0,gamma_2,336,79.8081663823,79.8120067372,-0.00058062671161,-0.00384035491491,0.182180464291,-0.000699637641441
q20_from_e0,gamma_2,338,79.8095087768,79.8119666185,-0.000620745340058,-0.00245784176404,0.180343307166,-0.000443255312217
q20_from_e0,gamma_2,340,79.8110025423,79.8119384578,-0.000648906115259,-0.000935915486423,0.17852467643,-0.00016708400938
q20_from_e0,gamma_2,342,79.8126128948,79.8119236084,-0.000663755464927,0.000689286370559,0.176724385259,0.000121813710105
q20_from_e0,gamma_2,344,79.8143018118,79.8119231218,-0.000664242087851,0.00237868997816,0.174942248712,0.000416133373768
q20_from_e0,gamma_2,346,79.8160285807,79.8119376969,-0.000649667007082,0.00409088386739,0.173178083712,0.000708451428845
q20_from_e0,gamma_2,348,79.8177508813,79.8119676423,-0.00061972157701,0.00578323899624,0.17143170903,0.000991430544856
q20_from_e0,gamma_2,350,79.8194259271,79.8120128516,-0.000574512277183,0.00741307544577,0.169702945263,0.0012580207366
q20_from_e0,gamma_2,352,79.8210114329,79.8120727884,-0.000514575443702,0.00893864449627,0.167991614818,0.00150161732321
q20_from_e0,gamma_2,354,79.8224666557,79.8121464856,-0.000440878293887,0.0103201701385,0.166297541892,0.00171621892594
q20_from_e0,gamma_2,356,79.8237534236,79.8122325621,-0.000354801787111,0.0115208614899,0.164620552456,0.00189657058324
q20_from_e0,gamma_2,358,79.8248368549,79.8123292577,-0.000258106161212,0.0125075971387,0.162960474236,0.00203824396127
q20_from_e0,gamma_2,360,79.8256862598,79.8124344819,-0.000152881998901,0.0132517779313,0.161317136694,0.00213773887198
q20_from_e0,gamma_2,362,79.8262760744,79.8125458723,-4.1491583687e-05,0.0137302020732,0.159690371013,0.00219258106315
q20_from_e0,gamma_2,364,79.826586524,79.8126608615,7.34975656371e-05,0.0139256625428,0.158080010077,0.00220136887509
q20_from_e0,gamma_2,366,79.8266043029,79.8127767526,0.000189388719974,0.0138275502501,0.156485888457,0.00216381648608
q20_from_e0,gamma_2,368,79.8263233176,79.8128908018,0.000303437891603,0.013432515831,0.154907842391,0.00208080204526
q20_from_e0,gamma_2,370,79.8257447732,79.8130002989,0.000412935020563,0.0127444743207,0.153345709769,0.00195431046034
q20_from_e0,gamma_2,372,79.8248776292,79.813102648,0.000515284129534,0.0117749811403,0.151799330115,0.00178743424921
q20_from_e0,gamma_2,374,79.8237389106,79.8131954455,0.000608081604781,0.0105434650605,0.150268544572,0.00158435114938
q20_from_e0,gamma_2,376,79.8223530365,79.8132765541,0.00068919021632,0.00907648241792,0.148753195885,0.00135015576706
q20_from_e0,gamma_2,378,79.820751565,79.813344168,0.000756804161412,0.00740739690985,0.147253128384,0.00109076236816
q20_from_e0,gamma_2,380,79.8189725307,79.8133968663,0.000809502446884,0.00557566434135,0.14576818797,0.00081275448777
q20_from_e0,gamma_2,382,79.8170591162,79.8134336542,0.000846290357401,0.0036254619843,0.144298222098,0.000523147718617
q20_from_e0,gamma_2,384,79.8150584076,79.8134539896,0.000866625688161,0.00160441798063,0.142843079759,0.000229180005574
q20_from_e0,gamma_2,386,79.8130200955,79.8134577927,0.000870428813229,-0.000437697197015,0.141402611469,-6.18915266907e-05
q20_from_e0,gamma_2,388,79.8109946299,79.8134454427,0.000858078811632,-0.00245081277775,0.139976669252,-0.00034305660959
q20_from_e0,gamma_2,390,79.8090316766,79.8134177551,0.000830391181609,-0.00438607849593,0.138565106622,-0.000607757434441
q20_from_e0,gamma_2,392,79.8071790992,79.8133759431,0.000788579232051,-0.00619684390593,0.137167778572,-0.000850007312733
q20_from_e0,gamma_2,394,79.8054813751,79.8133215683,0.000734204376428,-0.00784019320395,0.135784541556,-0.00106457703991
q20_from_e0,gamma_2,396,79.8039785051,79.8132564808,0.000669116940969,-0.0092779757292,0.134415253477,-0.00124710145939
q20_from_e0,gamma_2,398,79.8027048067,79.8131827543,0.000595390419335,-0.0104779475787,0.133059773669,-0.00139419333334
q20_from_e0,gamma_2,400,79.8016878656,79.8131026133,0.000515249408949,-0.0114147476965,0.131717962887,-0.00150352731346
q20_from_e0,gamma_2,402,79.8009480438,79.8130183547,0.000430990796843,-0.0120703108686,0.130389683288,-0.00157384401134
q20_from_e0,gamma_2,404,79.8004980826,79.8129322683,0.000344904414433,-0.0124341856506,0.12907479842,-0.00160494000637
q20_from_e0,gamma_2,406,79.8003423467,79.8128465612,0.000259197362141,-0.0125042145898,0.127773173207,-0.0015977031766
q20_from_e0,gamma_2,408,79.8004767575,79.8127632839,0.000175920030529,-0.0122865264607,0.126484673936,-0.00155405729319
q20_from_e0,gamma_2,410,79.8008891758,79.812684267,9.69031375604e-05,-0.0117950911764,0.125209168239,-0.0014768535555
q20_from_e0,gamma_2,412,79.8015596771,79.8126110721,2.37082389845e-05,-0.0110513950259,0.123946525088,-0.00136978201083
q20_from_e0,gamma_2,414,79.802461405,79.8125449502,-4.24136799069e-05,-0.0100835452163,0.122696614772,-0.00123721686293
q20_from_e0,gamma_2,416,79.8035615167,79.8124868119,-0.000100551961111,-0.00892529521651,0.121459308889,-0.00108406018863
q20_from_e0,gamma_2,418,79.8048224098,79.812437213,-0.000150150883201,-0.00761480316795,0.120234480335,-0.000915561901751
q20_from_e0,gamma_2,420,79.8062030643,79.8123963522,-0.000191011664953,-0.00619328790144,0.119022003283,-0.000737137532937
q20_from_e0,gamma_2,422,79.8076603489,79.8123640827,-0.00022328115044,-0.0047037338061,0.117821753178,-0.000554202163517
q20_from_e0,gamma_2,424,79.8091505506,79.8123399387,-0.000247425177861,-0.00318938813284,0.11663360672,-0.000371989841163
q20_from_e0,gamma_2,426,79.8106305685,79.8123231734,-0.000264190453521,-0.00169260495475,0.115457441852,-0.000195423838143
q20_from_e0,gamma_2,428,79.8120590737,79.8123128076,-0.000274556324399,-0.00025373384544,0.11429313775,-2.90000373487e-05
q20_from_e0,gamma_2,430,79.8133976472,79.8123076877,-0.000279676181407,0.00108995952139,0.113140574805,0.000123318646765
q20_from_e0,gamma_2,432,79.8146113714,79.8123065488,-0.000280815127439,0.00230482259565,0.111999634617,0.00025813928857
q20_from_e0,gamma_2,434,79.8156692536,79.8123080768,-0.00027928706271,0.0033611767942,0.110870199979,0.000372654343338
q20_from_e0,gamma_2,436,79.8165448087,79.8123109723,-0.00027639153717,0.00423383634192,0.109752154866,0.000464672661875
q20_from_e0,gamma_2,438,79.8172164374,79.8123140106,-0.000273353242918,0.00490242674667,0.108645384422,0.000532626038491
q20_from_e0,gamma_2,440,79.8176678242,79.8123160993,-0.000271264541155,0.00535172485783,0.107549774951,0.000575576804058
q20_from_e0,gamma_2,442,79.8178885379,79.8123163294,-0.000271034527088,0.00557220855465,0.106465213902,0.000593246375679
q20_from_e0,gamma_2,444,79.8178743163,79.8123140158,-0.000273348039499,0.00556030045925,0.105391589861,0.000586008905505
q20_from_e0,gamma_2,446,79.8176271822,79.8123087299,-0.000278633945243,0.00531845222137,0.104328792535,0.000554867698412
q20_from_e0,gamma_2,448,79.8171556946,79.8123003203,-0.000287043608608,0.00485537429219,0.103276712745,0.000501447096045
q20_from_e0,gamma_2,450,79.8164748174,79.8122889234,-0.000298440503286,0.00418589397894,0.102235242413,0.000427945885652
q20_from_e0,gamma_2,452,79.8156057608,79.8122749576,-0.000312406269273,0.00333080315427,0.101204274549,0.000337091516895
q20_from_e0,gamma_2,454,79.8145757539,79.8122591003,-0.000328263601176,0.00231665360609,0.100183703245,0.000232090937393
q20_from_e0,gamma_2,456,79.8134172464,79.8122422537,-0.00034511022811,0.00117499279251,0.0991734236576,0.000116528058007
q20_from_e0,gamma_2,458,79.8121670251,79.8122255002,-0.000361863717103,-5.84750638524e-05,0.0981733320033,-5.7406918575e-06
q20_from_e0,gamma_2,460,79.8108651703,79.8122100509,-0.000377312936592,-0.00134488062282,0.097183325544,-0.000130699971386
q20_from_e0,gamma_2,462,79.8095534149,79.8121971944,-0.000390169493699,-0.00264377947332,0.0962033025779,-0.000254340316621
q20_from_e0,gamma_2,464,79.8082739153,79.8121882415,-0.000399122383413,-0.00391432619848,0.0952331624287,-0.000372773662659
q20_from_e0,gamma_2,466,79.8070681962,79.812184469,-0.00040289486148,-0.00511627284352,0.0942728054354,-0.000482325394332
q20_from_e0,gamma_2,468,79.8059754904,79.8121870657,-0.000400298169623,-0.00621157533575,0.0933221329421,-0.000579677459263
q20_from_e0,gamma_2,470,79.8050314737,79.8121970821,-0.000390281827364,-0.00716560834289,0.0923810472875,-0.000661966403168
q20_from_e0,gamma_2,472,79.8042672662,79.8122153844,-0.000371979528438,-0.0079481181704,0.0914494517955,-0.00072685104949
q20_from_e0,gamma_2,474,79.8037084099,79.812242616,-0.000344747891631,-0.00853420611601,0.0905272507647,-0.000772578217141
q20_from_e0,gamma_2,476,79.8033744529,79.8122791664,-0.000308197505888,-0.00890471351475,0.0896143494587,-0.00079799010874
q20_from_e0,gamma_2,478,79.8032785196,79.812325152,-0.000262211843108,-0.00904663243803,0.0887106540966,-0.000802532680949
q20_from_e0,gamma_2,480,79.8034268358,79.8123804103,-0.000206953575145,-0.0089535745187,0.0878160718433,-0.000786267743188
q20_from_e0,gamma_2,482,79.8038188694,79.8124445038,-0.000142860130666,-0.00862563435057,0.0869305107995,-0.000749830800065
q20_from_e0,gamma_2,484,79.8044474647,79.812516739,-7.06248762583e-05,-0.00806927429697,0.0860538799931,-0.000694392361983
q20_from_e0,gamma_2,486,79.8052988084,79.8125961949,8.83097749238e-06,-0.00729738641813,0.0851860893691,-0.000621635811576
q20_from_e0,gamma_2,488,79.8063531558,79.8126817566,9.43927489772e-05,-0.00632860087364,0.0843270497807,-0.000533672240914
q20_from_e0,gamma_2,490,79.8075854518,79.8127721576,0.000184793680262,-0.00518670573335,0.0834766729801,-0.000432968938347
q20_from_e0,gamma_2,492,79.8089658632,79.8128660229,0.00027865900843,-0.0039001596783,0.0826348716094,-0.000322289194272
q20_from_e0,gamma_2,494,79.8104610106,79.8129619146,0.000374550709665,-0.00250090402922,0.0818015591916,-0.000204577848979
q20_from_e0,gamma_2,496,79.8120348975,79.813058379,0.00047101509368,-0.00102348145336,0.0809766501218,-8.28780995548e-05
q20_from_e0,gamma_2,498,79.8136495542,79.8131539951,0.000566631201295,0.000495559110661,0.0801600596584,3.97240478748e-05
q20_from_e0,gamma_2,500,79.815266611,79.8132474183,0.000660054429147,0.00201919270576,0.0793517039143,0.000160226381733
q20_from_e0,gamma_2,502,79.8168485914,79.8133374176,0.000750053701751,0.00351117381943,0.0785514998484,0.000275807969745
q20_from_e0,gamma_2,504,79.8183597685,79.8134229013,0.000835537384205,0.00493686719419,0.077759365257,0.000383887659378
q20_from_e0,gamma_2,506,79.819767257,79.8135029352,0.000915571314891,0.00626432176891,0.0769752187652,0.000482197538578
q20_from_e0,gamma_2,508,79.821041486,79.8135767564,0.000989392542238,0.00746472960257,0.076198979819,0.000568804780341
q20_from_e0,gamma_2,510,79.8221566683,79.8136437775,0.00105641359552,0.00851289081039,0.0754305686765,0.000642132194909
q20_from_e0,gamma_2,512,79.8230914172,79.8137035837,0.00111621983942,0.00938783343955,0.0746699063999,0.000700988644229
q20_from_e0,gamma_2,514,79.8238288949,79.8137559227,0.00116855884293,0.0100729721608,0.0739169148477,0.000744563025474
q20_from_e0,gamma_2,516,79.8243572423,79.8138006831,0.00121331924331,0.0105565591677,0.0731715166662,0.000772439445078
q20_from_e0,gamma_2,518,79.824669409,79.8138378688,0.00125050493139,0.0108315401623,0.0724336352817,0.000784567829652
q20_from_e0,gamma_2,520,79.8247628643,79.8138675697,0.00128020577461,0.0108952946281,0.0717031948929,0.000781227434134
q20_from_e0,gamma_2,522,79.8246397513,79.8138899296,0.00130256571468,0.0107498217431,0.0709801204628,0.000763023642278
q20_from_e0,gamma_2,524,79.8243066028,79.8139051151,0.00131775121838,0.0104014877203,0.0702643377109,0.000730853645873
q20_from_e0,gamma_2,526,79.8237740202,79.8139132847,0.00132592082838,0.00986073551941,0.0695557731061,0.000685871082448
q20_from_e0,gamma_2,528,79.8230563831,79.8139145623,0.00132719844071,0.00914182081505,0.0688543538586,0.000629454165311
q20_from_e0,gamma_2,530,79.8221713706,79.8139090184,0.00132165452968,0.008262352141,0.0681600079128,0.000563161987309
q20_from_e0,gamma_2,532,79.8211397961,79.8138966569,0.00130929300022,0.00724313923963,0.0674726639394,0.000488713899782
q20_from_e0,gamma_2,534,79.8199854407,79.8138774051,0.0012900412024,0.00610803561328,0.0667922513287,0.000407969449807
q20_from_e0,gamma_2,536,79.8187348465,79.813851112,0.00126374810276,0.00488373453403,0.066118700183,0.000322906179429
q20_from_e0,gamma_2,538,79.8174170722,79.8138175548,0.00123019092858,0.00359951742519,0.0654519413095,0.000235595403256
q20_from_e0,gamma_2,540,79.8160633707,79.8137764491,0.00118908521605,0.00228692164202,0.0647919062129,0.000148174012546
q20_from_e0,gamma_2,542,79.8147065641,79.8137274641,0.00114010021565,0.000979100032808,0.0641385270889,6.2798033977e-05
q20_from_e0,gamma_2,544,79.813380218,79.8136702456,0.00108288173213,-0.000290027577677,0.063491736817,-1.84143546315e-05
q20_from_e0,gamma_2,546,79.8121176063,79.8136044477,0.00101708380808,-0.00148684136154,0.0628514689532,-9.34501636732e-05
q20_from_e0,gamma_2,548,79.8109507771,79.8135297708,0.000942406942741,-0.00257899375404,0.0622176577239,-0.000160458950661
q20_from_e0,gamma_2,550,79.8099092992,79.8134459979,0.000858633975128,-0.00353669863178,0.0615902380187,-0.000217826110531
q20_from_e0,gamma_2,552,79.8090194044,79.8133530307,0.000765666851606,-0.00433362636075,0.0609691453836,-0.000264217495627
q20_from_e0,gamma_2,554,79.8083034143,79.8132509265,0.000663562658445,-0.00494751225735,0.0603543160148,-0.000298603718267
q20_from_e0,gamma_2,556,79.8077790153,79.8131399253,0.000552561413031,-0.00536090998143,0.0597456867519,-0.000320291248456
q20_from_e0,gamma_2,558,79.8074581559,79.8130204754,0.000433111545675,-0.00556231953435,0.0591431950711,-0.000328973349268
q20_from_e0,gamma_2,560,79.8073467988,79.8128932545,0.000305890618833,-0.00554645572674,0.0585467790797,-0.000324727118109
q20_from_e0,gamma_2,562,79.8074447724,79.8127591806,0.000171816736298,-0.00531440821602,0.0579563775085,-0.000308003848802
q20_from_e0,gamma_2,564,79.8077453205,79.8126194138,3.20499556352e-05,-0.00487409338169,0.0573719297067,-0.000279636142878
q20_from_e0,gamma_2,566,79.8082354553,79.8124753456,-0.000112018244153,-0.00423989032002,0.0567933756347,-0.000240797683595
q20_from_e0,gamma_2,568,79.808896139,79.812328579,-0.000258784906507,-0.00343244000719,0.0562206558586,-0.000192974028399
q20_from_e0,gamma_2,570,79.8097025432,79.812180901,-0.000406462928424,-0.00247835774134,0.0556537115438,-0.000137929806839
q20_from_e0,gamma_2,572,79.8106250285,79.8120342466,-0.000553117322667,-0.00140921804638,0.0550924844489,-7.76373233051e-05
q20_from_e0,gamma_2,574,79.8116299721,79.8118906551,-0.000696708807496,-0.00026068296026,0.05453691692,-1.42168449462e-05
q20_from_e0,gamma_2,576,79.8126806601,79.8117522192,-0.000835144692104,0.000928440879633,0.0539869518845,5.01236930964e-05
q20_from_e0,gamma_2,578,79.8137385851,79.8116210262,-0.000966337712981,0.00211755888584,0.0534425328454,0.000113167710309
q20_from_e0,gamma_2,580,79.8147646024,79.8114990994,-0.00108826450878,0.00326550297451,0.0529036038752,0.000172756875817
q20_from_e0,gamma_2,582,79.8157203428,79.8113883395,-0.00119902441548,0.00433200328409,0.0523701096106,0.000226867486821
q20_from_e0,gamma_2,584,79.8165696027,79.8112904633,-0.00129690061686,0.0052791394619,0.0518419952466,0.00027368112289
q20_from_e0,gamma_2,586,79.8172795169,79.8112069498,-0.00138041403855,0.00607256707322,0.0513192065309,0.000311639323803
q20_from_e0,gamma_2,588,79.817821825,79.8111389925,-0.00144837135477,0.00668283245834,0.0508016897581,0.000339499181254
q20_from_e0,gamma_2,590,79.818173901,79.8110874587,-0.00149990519682,0.00708644232688,0.0502893917646,0.000356372874394
q20_from_e0,gamma_2,592,79.818319256,79.811052863,-0.00153450087493,0.00726639297496,0.0497822599227,0.00036173746378
q20_from_e0,gamma_2,594,79.8182483814,79.8110353514,-0.001552012454,0.00721302995433,0.0492802421357,0.000355459862681
q20_from_e0,gamma_2,596,79.8179586618,79.8110346963,-0.00155266754808,0.0069239654204,0.0487832868319,0.000337773791117
q20_from_e0,gamma_2,598,79.8174540667,79.8110503048,-0.00153705908835,0.00640376191835,0.0482913429599,0.000309246263033
q20_from_e0,gamma_2,600,79.81674516,79.8110812419,-0.00150612202549,0.00566391814509,0.0478043599832,0.000270759981923
q20_from_e0,gamma_2,602,79.8158484527,79.8111262672,-0.00146109664398,0.00472218547391,0.0473222878746,0.000223464620393
q20_from_e0,gamma_2,604,79.8147856999,79.8111838803,-0.00140348360367,0.00360181960652,0.0468450771116,0.000168727517209
q20_from_e0,gamma_2,606,79.8135834765,79.8112523723,-0.00133499159477,0.00233110421983,0.0463726786713,0.000108099546936
q20_from_e0,gamma_2,608,79.812272149,79.8113298913,-0.0012574726059,0.000942257707607,0.0459050440246,4.32543815502e-05
q20_from_e0,gamma_2,610,79.8108848015,79.8114145147,-0.00117284922621,-0.000529713148026,0.0454421251324,-2.40712911569e-05
q20_from_e0,gamma_2,612,79.8094567612,79.8115043237,-0.00108304016746,-0.00204756251652,0.0449838744396,-9.21072951505e-05
q20_from_e0,gamma_2,614,79.8080245898,79.8115974749,-0.000989888992649,-0.00357288505326,0.0445302448708,-0.000159101446317
q20_from_e0,gamma_2,616,79.8066251215,79.8116922658,-0.000895098042378,-0.0050671443137,0.0440811898255,-0.000223365750365
q20_from_e0,gamma_2,618,79.8052946557,79.8117871959,-0.000800167947773,-0.00649254022507,0.0436366631728,-0.000283312790937
q20_from_e0,gamma_2,620,79.8040677201,79.8118810192,-0.000706344653878,-0.00781329912893,0.0431966192472,-0.000337508107537
q20_from_e0,gamma_2,622,79.802976188,79.8119727854,-0.00061457845004,-0.00899659742545,0.0427610128437,-0.000384703618059
q20_from_e0,gamma_2,624,79.8020485406,79.8120618671,-0.000525496782558,-0.0100133264983,0.0423297992131,-0.00042386210013
q20_from_e0,gamma_2,626,79.8013089452,79.812147973,-0.000439390848555,-0.010839027798,0.0419029340575,-0.000454187067067
q20_from_e0,gamma_2,628,79.8007767303,79.8122311453,-0.000356218553989,-0.0114544150319,0.0414803735257,-0.00047513341404
q20_from_e0,gamma_2,630,79.8004660068,79.8123117414,-0.000275622483699,-0.0118457346154,0.0410620742087,-0.000486410433836
q20_from_e0,gamma_2,632,79.8003854155,79.8123904026,-0.000196961319403,-0.0120049870729,0.0406479931353,-0.000487978632128
q20_from_e0,gamma_2,634,79.8005382893,79.8124680074,-0.000119356460772,-0.0119297181244,0.0402380877675,-0.000480029044933
q20_from_e0,gamma_2,636,79.8009226159,79.812545614,-4.17498963543e-05,-0.0116229980635,0.0398323159964,-0.00046297093169
q20_from_e0,gamma_2,638,79.8015312078,79.8126243942,3.70302833232e-05,-0.0110931863486,0.0394306361377,-0.000437411394521
q20_from_e0,gamma_2,640,79.8023521108,79.8127055627,0.00011819883747,-0.0103534519685,0.0390330069275,-0.000404126362409
q20_from_e0,gamma_2,642,79.8033687184,79.8127903036,0.000202939683163,-0.00942158517512,0.0386393875179,-0.000364044280614
q20_from_e0,gamma_2,644,79.8045601271,79.812879696,0.00029233213462,-0.00831956894116,0.0382497374729,-0.000318221327887
q20_from_e0,gamma_2,646,79.8059016683,79.8129746438,0.000387279907514,-0.00707297548894,0.0378640167646,-0.000267811262489
q20_from_e0,gamma_2,648,79.8073651718,79.813075811,0.000488447116567,-0.00571063923526,0.0374821857682,-0.000214047240671
q20_from_e0,gamma_2,650,79.8089197376,79.8131835664,0.000596202546021,-0.00426382882637,0.0371042052591,-0.000158205979963
q20_from_e0,gamma_2,652,79.8105324514,79.8132979359,0.000710571968625,-0.00276548445774,0.0367300364077,-0.000101576344818
q20_from_e0,gamma_2,654,79.8121688949,79.8134185676,0.000831203722583,-0.00124967269556,0.0363596407763,-4.54376502986e-05
q20_from_e0,gamma_2,656,79.8137937991,79.8135447148,0.000957350958615,0.000249084256865,0.0359929803147,8.96528475403e-06
q20_from_e0,gamma_2,658,79.8153716399,79.8136752346,0.00108787067273,0.00169640539075,0.0356300173565,6.04429535159e-05
q20_from_e0,gamma_2,660,79.8168673624,79.813808607,0.0012212431121,0.00305875542644,0.035270714615,0.000107884489723
q20_from_e0,gamma_2,662,79.8182474212,79.8139429698,0.00135560587063,0.00430445147391,0.0349150351797,0.000150290074641
q20_from_e0,gamma_2,664,79.8194806952,79.8140761608,0.00148879693782,0.00540453441981,0.0345629425121,0.000186796612456
q20_from_e0,gamma_2,666,79.8205393934,79.814205775,0.00161841109589,0.00633361846369,0.0342144004422,0.000216700958365
q20_from_e0,gamma_2,668,79.8213999723,79.8143292331,0.00174186922618,0.00707073918733,0.033869373165,0.000239481504088
q20_from_e0,gamma_2,670,79.8220437373,79.8144438596,0.00185649568581,0.00759987768406,0.0335278252362,0.000254807370808
q20_from_e0,gamma_2,672,79.8224574459,79.8145469677,0.00195960377822,0.00791047822068,0.0331897215693,0.000262546569624
q20_from_e0,gamma_2,674,79.822633878,79.8146359477,0.00204858381841,0.00799793024795,0.0328550274312,0.000262772217689
q20_from_e0,gamma_2,676,79.8225721223,79.8147083544,0.00212099051819,0.00786376791615,0.0325237084394,0.00025575889494
q20_from_e0,gamma_2,678,79.8222776878,79.8147619916,0.00217462773837,0.00751569621821,0.0321957305581,0.000241973330398
q20_from_e0,gamma_2,680,79.8217625134,79.8147949887,0.00220762482479,0.00696752469263,0.0318710600945,0.000222062398189
q20_from_e0,gamma_2,682,79.8210445209,79.8148058669,0.00221850301136,0.00623865397149,0.0315496636958,0.000196827434715
q20_from_e0,gamma_2,684,79.8201470893,79.8147935936,0.00220622970571,0.0053534956927,0.0312315083453,0.000167197745403
q20_from_e0,gamma_2,686,79.8190984554,79.8147576219,0.00217025799957,0.00434083352459,0.0309165613596,0.000134203646015
q20_from_e0,gamma_2,688,79.8179307349,79.8146979144,0.00211055055428,0.00323282050184,0.0306047903845,9.89397938094e-05
q20_from_e0,gamma_2,690,79.8166790067,79.8146149508,0.00202758689093,0.00206405596823,0.0302961633923,6.25329768645e-05
q20_from_e0,gamma_2,692,79.8153803229,79.8145097171,0.00192235323391,0.000870605732317,0.0299906486783,2.61100306553e-05
q20_from_e0,gamma_2,694,79.8140726587,79.8143836811,0.00179631720584,-0.00031102240284,0.0296882148574,-9.233699921e-06
q20_from_e0,gamma_2,696,79.812793825,79.8142387504,0.00165138656074,-0.00144492542049,0.029388830861,-4.24646687895e-05
q20_from_e0,gamma_2,698,79.8115803403,79.8140772175,0.00148985358013,-0.00249687713738,0.0290924659339,-7.26403130603e-05
q20_from_e0,gamma_2,700,79.8104663538,79.8139016952,0.00131433127758,-0.00343534132398,0.028799089631,-9.89347027022e-05
q20_from_e0,gamma_2,702,79.8094828348,79.8137150443,0.00112768039801,-0.00423220952906,0.0285086718141,-0.000120654672513
q20_from_e0,gamma_2,704,79.8086566977,79.8135202905,0.000932926637404,-0.00486359282819,0.0282211826491,-0.000137256341535
q20_from_e0,gamma_2,706,79.8080100546,79.8133205386,0.000733174676242,-0.00531048397296,0.0279365926027,-0.000148356827276
q20_from_e0,gamma_2,708,79.8075595415,79.8131188873,0.000531523439847,-0.0055593458502,0.0276548724394,-0.000153743000334
q20_from_e0,gamma_2,710,79.8073158176,79.8129183494,0.00033098547938,-0.00560253181447,0.0273759932184,-0.000153374872959
q20_from_e0,gamma_2,712,79.8072834433,79.8127217758,0.000134411959607,-0.00543833253853,0.027099926291,-0.00014737841094
q20_from_e0,gamma_2,714,79.8074608685,79.8125317866,-5.55773089843e-05,-0.00507091812256,0.0268266432973,-0.000136035711664
q20_from_e0,gamma_2,716,79.8078404795,79.8123507111,-0.00023665276106,-0.00451023160849,0.0265561161633,-0.000119774234518
q20_from_e0,gamma_2,718,79.8084089472,79.8121805448,-0.000406819054845,-0.00377159763204,0.0262883170981,-9.91489545175e-05
q20_from_e0,gamma_2,720,79.8091476831,79.8120229165,-0.000564447414618,-0.00287523336235,0.0260232185912,-7.48228262891e-05
q20_from_e0,gamma_2,722,79.8100333905,79.8118790701,-0.000708293758166,-0.00184567966826,0.0257607934094,-4.75461726342e-05
q20_from_e0,gamma_2,724,79.811038837,79.8117498609,-0.000837502943455,-0.000711023942173,0.0255010145942,-1.81318319262e-05
q20_from_e0,gamma_2,726,79.8121337784,79.8116357629,-0.000951601003493,0.000498015498636,0.0252438554589,1.25718312639e-05
q20_from_e0,gamma_2,728,79.8132858467,79.8115368897,-0.0010504742246,0.00174895703698,0.024989289586,4.37051938706e-05
q20_from_e0,gamma_2,730,79.8144614701,79.8114530263,-0.00113433756655,0.00300844377982,0.0247372908242,7.44207487097e-05
q20_from_e0,gamma_2,732,79.8156268544,79.8113836708,-0.00120369305255,0.00424318355329,0.0244878332862,0.000103906371456
q20_from_e0,gamma_2,734,79.8167488679,79.8113280843,-0.00125927961565,0.00542078365304,0.0242408913455,0.000131404627541
q20_from_e0,gamma_2,736,79.8177959361,79.8112853439,-0.00130201996873,0.00651059223311,0.0239964396342,0.000156231033505
q20_from_e0,gamma_2,738,79.8187388795,79.8112543994,-0.00133296451114,0.00748448015663,0.0237544530402,0.000177789732411
q20_from_e0,gamma_2,740,79.8195517352,79.8112341314,-0.00135323247247,0.00831760381364,0.0235149067045,0.000195587677682
q20_from_e0,gamma_2,742,79.8202123768,79.8112234075,-0.00136395637759,0.00898896930413,0.0232777760189,0.000209243214102
q20_from_e0,gamma_2,744,79.8207029906,79.8112211328,-0.00136623106233,0.00948185779603,0.0230430366233,0.000218490796451
q20_from_e0,gamma_2,746,79.821010496,79.8112262954,-0.00136106849125,0.00978420057525,0.0228106644033,0.000223184115777
q20_from_e0,gamma_2,748,79.8211267928,79.8112380025,-0.00134936138765,0.00988879027884,0.0225806354877,0.000223295168701
q20_from_e0,gamma_2,750,79.8210487899,79.8112555104,-0.00133185353479,0.00979327954981,0.022352926246,0.000218908455484
q20_from_e0,gamma_2,752,79.8207784463,79.8112782448,-0.00130911910598,0.00950020154822,0.0221275132859,0.000210215835977
q20_from_e0,gamma_2,754,79.8203228143,79.8113058093,-0.00128155460277,0.0090170049727,0.0219043734512,0.000197511844333
q20_from_e0,gamma_2,756,79.8196934952,79.8113379829,-0.00124938094055,0.00835551225724,0.0216834838189,0.000181176614829
q20_from_e0,gamma_2,758,79.8189061767,79.8113747095,-0.00121265438815,0.00753146717149,0.0214648216975,0.000161661599957
q20_from_e0,gamma_2,760,79.817980326,79.8114160777,-0.00117128620843,0.00656424827325,0.0212483646242,0.000139479540794
q20_from_e0,gamma_2,762,79.8169383553,79.8114622954,-0.00112506844289,0.00547605986023,0.0210340903625,0.000115183937931
q20_from_e0,gamma_2,764,79.8158052751,79.8115136592,-0.00107370471609,0.0042916159297,0.0208219769006,8.93599277543e-05
q20_from_e0,gamma_2,766,79.8146084917,79.8115705181,-0.00101684578809,0.00303797364587,0.0206120024482,6.26187202262e-05
q20_from_e0,gamma_2,768,79.8133768374,79.8116332348,-0.000954129106191,0.00174360259565,0.020404145435,3.55767209425e-05
q20_from_e0,gamma_2,770,79.8121400878,79.8117021442,-0.000885219711463,0.00043794362989,0.0201983845082,8.84575382946e-06
q20_from_e0,gamma_2,772,79.8109283981,79.8117775138,-0.000809850086426,-0.000849115652883,0.0199946985304,-1.69778114968e-05
q20_from_e0,gamma_2,774,79.8097713796,79.8118595056,-0.000727858294596,-0.00208812600891,0.019793066577,-4.13304171157e-05
q20_from_e0,gamma_2,776,79.808697477,79.8119481408,-0.000639223065775,-0.00325066384045,0.0195934679349,-6.3691777725e-05
q20_from_e0,gamma_2,778,79.8077332809,79.812043274,-0.000544089913063,-0.00430999311779,0.0193958820995,-8.35961183624e-05
q20_from_e0,gamma_2,780,79.8069023919,79.8121445762,-0.000442787690019,-0.00524218425583,0.0192002887732,-0.000100651451514
q20_from_e0,gamma_2,782,79.8062248405,79.8122515264,-0.000335837444396,-0.00602668597652,0.019006667863,-0.00011454721867
q20_from_e0,gamma_2,784,79.8057164733,79.8123634126,-0.000223951296562,-0.00664693928125,0.0188149994784,-0.00012506215911
q20_from_e0,gamma_2,786,79.8053882658,79.8124793407,-0.00010802314624,-0.00709107498555,0.0186252639297,-0.000132073143151
q20_from_e0,gamma_2,788,79.8052462318,79.8125982509,1.08870436293e-05,-0.0073520191287,0.0184374417256,-0.000135552424251
q20_from_e0,gamma_2,790,79.8052913344,79.8127189414,0.000131577552438,-0.00742760707395,0.0182515135715,-0.000135565071314
q20_from_e0,gamma_2,792,79.8055193452,79.8128400992,0.00025273536157,-0.00732075404891,0.0180674603673,-0.000132267433637
q20_from_e0,gamma_2,794,79.8059213611,79.8129603343,0.000372970374826,-0.0070389731941,0.0178852632054,-0.000125893888272
q20_from_e0,gamma_2,796,79.8064841006,79.8130782204,0.000490856518383,-0.00659411975566,0.0177049033689,-0.000116748253077
q20_from_e0,gamma_2,798,79.8071899679,79.8131923391,0.000604975222416,-0.00600237117381,0.01752636233,-0.000105199732031
q20_from_e0,gamma_2,800,79.8080177216,79.8133013208,0.000713956872616,-0.0052835991373,0.0173496217472,-9.16684464958e-05
q20_from_e0,gamma_2,802,79.8089427998,79.8134038853,0.00081652141148,-0.00446108548839,0.0171746634642,-7.66176419482e-05
q20_from_e0,gamma_2,804,79.809937926,79.813498876,0.000911512115806,-0.00356094998516,0.017001469508,-6.05413825922e-05
q20_from_e0,gamma_2,806,79.8109736709,79.8135852871,0.00099792321825,-0.00261161620533,0.0168300220865,-4.39535584172e-05
q20_from_e0,gamma_2,808,79.8120186341,79.8136622898,0.00107492588995,-0.00164365571963,0.0166603035873,-2.7383803282e-05
q20_from_e0,gamma_2,810,79.8130403765,79.8137292514,0.00114188751394,-0.000688874949162,0.0164922965753,-1.13611299649e-05
q20_from_e0,gamma_2,812,79.814006613,79.8137857462,0.00119838229585,0.000220866788695,0.0163259837915,3.60586761231e-06
q20_from_e0,gamma_2,814,79.8148860362,79.8138315553,0.00124419145682,0.0010544808507,0.0161613481509,1.70418321466e-05
q20_from_e0,gamma_2,816,79.8156495488,79.8138666562,0.00127929229868,0.00178289258692,0.0159983727406,2.8523380162e-05
q20_from_e0,gamma_2,818,79.8162712559,79.8138912032,0.00130383926785,0.00238005277508,0.0158370408185,3.76929929492e-05
q20_from_e0,gamma_2,820,79.8167293568,79.8139055053,0.00131814139982,0.00282385150726,0.0156773358112,4.42704683602e-05
q20_from_e0,gamma_2,822,79.8170074342,79.8139100025,0.00132263860787,0.00309743168299,0.0155192413124,4.8069789737e-05
q20_from_e0,gamma_2,824,79.8170953279,79.8139052385,0.00131787465166,0.00319008939184,0.0153627410813,4.90085173531e-05
q20_from_e0,gamma_2,826,79.8169896918,79.8138918284,0.00130446451841,0.00309786342092,0.015207819041,4.7111746319e-05
q20_from_e0,gamma_2,828,79.8166941551,79.8138704249,0.00128306106447,0.00282373015234,0.0150544592764,4.2509730586e-05
q20_from_e0,gamma_2,830,79.8162191161,79.813841686,0.0012543221268,0.00237743004917,0.0149026460332,3.54299984915e-05
q20_from_e0,gamma_2,832,79.8155812473,79.8138062422,0.00121887827561,0.00177500517218,0.0147523637159,2.61855218976e-05
q20_from_e0,gamma_2,834,79.8148025697,79.8137646702,0.00117730635584,0.0010378994287,0.0146035968862,1.5157064865e-05
q20_from_e0,gamma_2,836,79.8139090417,79.8137174741,0.00113011024777,0.000191567564272,0.0144563302614,2.76936397649e-06
q20_from_e0,gamma_2,838,79.8129295212,79.8136650706,0.00107770670053,-0.000735549394037,0.0143105487131,-1.05261154343e-05
q20_from_e0,gamma_2,840,79.8118946697,79.8136077848,0.00102042093845,-0.00171311507764,0.0141662372655,-2.42683946529e-05
q20_from_e0,gamma_2,842,79.8108358805,79.8135458542,0.000958490300349,-0.00270997370201,0.0140233810935,-3.80029939768e-05
q20_from_e0,gamma_2,844,79.8097843478,79.8134794371,0.000892073257603,-0.00369508938753,0.0138819655219,-5.12951034782e-05
q20_from_e0,gamma_2,846,79.8087699018,79.8134086326,0.000821268746307,-0.00463873083264,0.0137419760232,-6.37453278802e-05
q20_from_e0,gamma_2,848,79.8078205534,79.8133335071,0.000746143192259,-0.00551295372101,0.0136033982165,-7.4994904816e-05
q20_from_e0,gamma_2,850,79.8069620193,79.813254126,0.000666762115685,-0.00629210668309,0.0134662178659,-8.473087943e-05
q20_from_e0,gamma_2,852,79.8062167783,79.8131705865,0.00058322265869,-0.00695380820734,0.0133304208791,-9.26971901165e-05
q20_from_e0,gamma_2,854,79.8056043382,79.8130830475,0.000495683663189,-0.00747870931301,0.0131959933059,-9.86889980312e-05
q20_from_e0,gamma_2,856,79.8051408302,79.8129917586,0.000404394733224,-0.0078509283862,0.0130629213367,-0.000102556059929
q20_from_e0,gamma_2,858,79.8048385501,79.8128970867,0.000309722779548,-0.00805853660502,0.0129311913013,-0.000104206478448
q20_from_e0,gamma_2,860,79.8047062345,79.8127995373,0.000212173427471,-0.0080933028572,0.0128007896673,-0.000103600667589
q20_from_e0,gamma_2,862,79.8047484188,79.8126997693,0.000112405413347,-0.00795135045958,0.0126717030386,-0.00010075715178
q20_from_e0,gamma_2,864,79.804965197,79.8125986008,1.12369051237e-05,-0.00763340376155,0.0125439181544,-9.57527920245e-05
q20_from_e0,gamma_2,866,79.8053525917,79.8124970095,-9.035435518e-05,-0.00714441783573,0.0124174218876,-8.87152504077e-05
q20_from_e0,gamma_2,868,79.805902658,79.8123961272,-0.00019123669972,-0.00649346919187,0.0122922012434,-7.98190300744e-05
q20_from_e0,gamma_2,870,79.806603184,79.8122972213,-0.00029014259519,-0.00569403730613,0.0121682433581,-6.92864316311e-05
q20_from_e0,gamma_2,872,79.807437719,79.812201665,-0.000385698929392,-0.00476394599708,0.0120455354977,-5.73842806168e-05
q20_from_e0,gamma_2,874,79.8083858154,79.8121109028,-0.000476461075579,-0.00372508736446,0.0119240650565,-4.4418184075e-05
q20_from_e0,gamma_2,876,79.8094237494,79.81202642,-0.000560943919623,-0.00260267052992,0.0118038195562,-3.07214532994e-05
q20_from_e0,gamma_2,878,79.8105249876,79.8119497037,-0.000637660212391,-0.00142471611902,0.011684786644,-1.6647503879e-05
q20_from_e0,gamma_2,880,79.8116614632,79.811882195,-0.000705168860321,-0.000220731855904,0.011566954092,-2.55319524388e-06
q20_from_e0,gamma_2,882,79.8128040417,79.8118252425,-0.000762121406297,0.000978799188957,0.0114503097953,1.12075539409e-05
q20_from_e0,gamma_2,884,79.8139238151,79.8117800534,-0.000807310528387,0.0021437617737,0.0113348417712,2.42992005001e-05
q20_from_e0,gamma_2,886,79.8149935067,79.8117476455,-0.000839718350363,0.00324586114694,0.011220538158,3.64203088549e-05
q20_from_e0,gamma_2,888,79.8159876619,79.8117288075,-0.000858556342621,0.00425885431379,0.0111073872134,4.73047439487e-05
q20_from_e0,gamma_2,890,79.816883737,79.8117240655,-0.000863298340846,0.00515967150297,0.0109953773135,5.6732534989e-05
q20_from_e0,gamma_2,892,79.8176630709,79.8117336579,-0.000853706013203,0.00592941305648,0.0108844969518,6.45386783394e-05
q20_from_e0,gamma_2,894,79.8183110026,79.8117575152,-0.000829848658611,0.00655348733723,0.0107747347377,7.06120876656e-05
q20_from_e0,gamma_2,896,79.818817203,79.8117952479,-0.000792116030283,0.00702195512922,0.0106660793955,7.48967309197e-05
q20_from_e0,gamma_2,898,79.8191759253,79.8118461481,-0.000741215765331,0.00732977716639,0.0105585197631,7.73915970706e-05
q20_from_e0,gamma_2,900,79.8193856597,79.8119092055,-0.000678158375976,0.0074764542191,0.0104520447912,7.81442343776e-05
q20_from_e0,gamma_2,902,79.8194488676,79.8119831309,-0.000604233024873,0.00746573671864,0.0103466435418,7.72453166045e-05
q20_from_e0,gamma_2,904,79.819372059,79.8120663939,-0.000520969946422,0.00730566509763,0.0102423051871,7.48268515244e-05
q20_from_e0,gamma_2,906,79.8191657839,79.8121572686,-0.000430095262601,0.00700851531117,0.0101390190086,7.10594699617e-05
q20_from_e0,gamma_2,908,79.818844072,79.8122538788,-0.00033348512585,0.00659019323096,0.0100367743958,6.61442826842e-05
q20_from_e0,gamma_2,910,79.8184239777,79.8123542478,-0.000233116049088,0.00606972985993,0.00993556084549,6.0306170339e-05
q20_from_e0,gamma_2,912,79.8179252576,79.8124563528,-0.000131011061598,0.0054689048237,0.00983536795998,5.37886912792e-05
q20_from_e0,gamma_2,914,79.817369498,79.8125581797,-2.91842061841e-05,0.00481131830456,0.00973618544665,4.68438872561e-05
q20_from_e0,gamma_2,916,79.8167791288,79.8126577807,7.04168263326e-05,0.00412134805454,0.00963800311664,3.97215653944e-05
q20_from_e0,gamma_2,918,79.8161767271,79.8127533325,0.000165968652766,0.00342339454666,0.00954081088382,3.26619599504e-05
q20_from_e0,gamma_2,920,79.8155843426,79.8128431928,0.000255828892449,0.00274114980201,0.0094445987638,2.58890600314e-05
q20_from_e0,gamma_2,922,79.8150226296,79.812925949,0.000338585135438,0.00209668056722,0.00934935687284,1.96026148713e-05
q20_from_e0,gamma_2,924,79.8145100916,79.8130004554,0.000413091535961,0.00150963613653,0.0092550754269,1.39717963108e-05
q20_from_e0,gamma_2,926,79.8140625064,79.8130658632,0.000478499275673,0.000996643251284,0.00916174474058,9.13099106569e-06
q20_from_e0,gamma_2,928,79.8136924506,79.8131216425,0.000534278602544,0.00057080806674,0.00906935522618,5.17686112324e-06
q20_from_e0,gamma_2,930,79.8134089072,79.8131675885,0.000580224564771,0.000241318701214,0.00897789739265,2.16653453842e-06
q20_from_e0,gamma_2,932,79.8132174543,79.8132038133,0.000616449418871,1.36409489073e-05,0.00888736184467,1.21232048844e-07
q20_from_e0,gamma_2,934,79.8131205034,79.8132307286,0.000643364757366,-0.000110225277595,0.00879773928167,-9.69733254531e-07
q20_from_e0,gamma_2,936,79.8131174624,79.8132490169,0.00066165305256,-0.000131554555551,0.00870902049686,-1.14571132075e-06
q20_from_e0,gamma_2,938,79.8132050945,79.813259595,0.000672231155065,-5.45005490551e-05,0.0086211963763,-4.6985993602e-07
q20_from_e0,gamma_2,940,79.8133776487,79.8132635726,0.0006762086783,0.000114076178249,0.00853425789794,9.73555525192e-07
q20_from_e0,gamma_2,942,79.8136275026,79.8132622038,0.000674839914993,0.000365298825841,0.00844819613074,3.08611612703e-06
q20_from_e0,gamma_2,944,79.8139455075,79.813256831,0.000669467068178,0.000688676523893,0.0083630022337,5.75940330762e-06
q20_from_e0,gamma_2,946,79.814320585,79.8132488203,0.000661456436887,0.00107176465791,0.00827866745499,8.87278319283e-06
q20_from_e0,gamma_2,948,79.814740015,79.8132394987,0.000652134778534,0.00150051634986,0.00819518313101,1.22970062782e-05
q20_from_e0,gamma_2,950,79.8151897588,79.8132300952,0.000642731269451,0.00195966363464,0.00811254068556,1.5897850966e-05
q20_from_e0,gamma_2,952,79.815654129,79.8132216884,0.000634324562071,0.00243244053598,0.0080307316289,1.95342771477e-05
q20_from_e0,gamma_2,954,79.8161161885,79.8132151553,0.000627791435562,0.00290103316303,0.00794974755692,2.30624813003e-05
q20_from_e0,gamma_2,956,79.8165585003,79.8132111254,0.000623761516636,0.00334737491561,0.00786958015025,2.63424351913e-05
q20_from_e0,gamma_2,958,79.8169635274,79.8132099492,0.000622585351138,0.00375357814139,0.00779022117341,2.92412039131e-05
q20_from_e0,gamma_2,960,79.8173144694,79.8132116774,0.000624313529073,0.00410279195866,0.00771166247398,3.16393467861e-05
q20_from_e0,gamma_2,962,79.8175958397,79.8132160512,0.00062868736029,0.00437978844596,0.00763389598174,3.34348494185e-05
q20_from_e0,gamma_2,964,79.8177939147,79.8132225078,0.000635143867072,0.00457140698255,0.00755691370787,3.45457280907e-05
q20_from_e0,gamma_2,966,79.8178970889,79.8132302,0.000642836117947,0.00466688888842,0.00748070774409,3.49116318484e-05
q20_from_e0,gamma_2,968,79.8178960225,79.8132380288,0.000650664919334,0.00465799374457,0.00740527026188,3.44937025567e-05
q20_from_e0,gamma_2,970,79.8177840114,79.8132446845,0.000657320605114,0.00453932686175,0.00733059351166,3.327596004e-05
q20_from_e0,gamma_2,972,79.8175568588,79.8132486992,0.000661335275083,0.00430815967344,0.00725666982201,3.12628922907e-05
q20_from_e0,gamma_2,974,79.8172127549,79.8132485064,0.000661142518567,0.00396424853339,0.00718349159886,2.84771460354e-05
q20_from_e0,gamma_2,976,79.8167521349,79.813242508,0.000655144107299,0.00350962686377,0.00711105132472,2.49571367589e-05
q20_from_e0,gamma_2,978,79.8161775553,79.8132291461,0.000641782176672,0.00294840920715,0.00703934155792,2.07548594617e-05
q20_from_e0,gamma_2,980,79.8154939432,79.8132069744,0.000619610467339,0.00228696883643,0.00696835493183,1.59364105703e-05
q20_from_e0,gamma_2,982,79.8147085358,79.8131747254,0.000587361485003,0.00153381042428,0.00689808415409,1.05803533831e-05
q20_from_e0,gamma_2,984,79.8138308256,79.8131313734,0.000544009515437,0.000699452206348,0.0068285220059,4.77622478312e-06
q20_from_e0,gamma_2,986,79.8128726435,79.8130761921,0.000488828179769,-0.000203548587848,0.00675966134124,-1.37591952034e-06
q20_from_e0,gamma_2,988,79.811848007,79.813008801,0.000421437151871,-0.00116079406178,0.00669149508617,-7.76744776042e-06
q20_from_e0,gamma_2,990,79.8107731403,79.812929201,0.000341837083994,-0.00215606070155,0.00662401623807,-1.42817810973e-05
q20_from_e0,gamma_2,992,79.8096664201,79.8128377961,0.000250432190654,-0.00317137596159,0.00655721786495,-2.07954031118e-05
q20_from_e0,gamma_2,994,79.8085480964,79.8127354021,0.000148038171034,-0.0041873056585,0.0064910931047,-2.71801908872e-05
q20_from_e0,gamma_2,996,79.8074401556,79.8126232394,3.58754757315e-05,-0.00518308379971,0.00642563516444,-3.33046055236e-05
q20_from_e0,gamma_2,998,79.8063659419,79.812502913,-8.4450899692e-05,-0.00613697112843,0.00636083731977,-3.9036274984e-05
q20_from_e0,gamma_2,1000,79.8053495892,79.8123763761,-0.000210987832375,-0.00702678689353,0.00629669291411,-4.42455192415e-05
q20_from_e0,gamma_2,1002,79.804415368,79.8122458802,-0.000341483658275,-0.0078305122595,0.006233195358,-4.88091126667e-05
q20_from_e0,gamma_2,1004,79.8035868031,79.8121139154,-0.000473448474651,-0.00852711229832,0.00617033812844,-5.26151661398e-05
q20_from_e0,gamma_2,1006,79.8028860232,79.81198314,-0.000604223847091,-0.00909711680056,0.0061081147682,-5.55662334776e-05
q20_from_e0,gamma_2,1008,79.8023328922,79.8118563039,-0.000731059954262,-0.00952341171781,0.00604651888517,-5.7583488803e-05
q20_from_e0,gamma_2,1010,79.8019444183,79.8117361663,-0.00085119758964,-0.00979174795678,0.0059855441517,-5.86089397177e-05
q20_from_e0,gamma_2,1012,79.8017342556,79.8116254129,-0.000961951032934,-0.00989115720726,0.00592518430396,-5.86069294325e-05
q20_from_e0,gamma_2,1014,79.8017121211,79.8115265748,-0.00106078910912,-0.0098144536458,0.00586543314126,-5.75660216774e-05
q20_from_e0,gamma_2,1016,79.801883454,79.811441952,-0.0011454119014,-0.00955849793429,0.00580628452546,-5.54993586425e-05
q20_from_e0,gamma_2,1018,79.8022488867,79.8113735431,-0.0012138207436,-0.00912465645864,0.00574773238031,-5.24460833866e-05
q20_from_e0,gamma_2,1020,79.8028038199,79.8113229889,-0.00126437498774,-0.00851916901698,0.00568977069085,-4.84721181832e-05
q20_from_e0,gamma_2,1022,79.8035381815,79.8112915256,-0.00129583823963,-0.00775334414989,0.00563239350276,-4.36698852145e-05
q20_from_e0,gamma_2,1024,79.8044365144,79.8112799502,-0.00130741367556,-0.00684343578105,0.00557559492177,-3.81562257883e-05
q20_from_e0,gamma_2,1026,79.8054779996,79.8112886019,-0.00129876194293,-0.00581060236352,0.00551936911305,-3.20708592135e-05
q20_from_e0,gamma_2,1028,79.8066371499,79.8113173584,-0.00127000549477,-0.00468020848233,0.0054637103006,-2.55713032939e-05
q20_from_e0,gamma_2,1030,79.8078845367,79.8113656455,-0.0012217184034,-0.00348110881949,0.00540861276669,-1.88279696033e-05
q20_from_e0,gamma_2,1032,79.8091874154,79.8114324603,-0.0011549035675,-0.00224504489182,0.00535407085123,-1.2020129415e-05
q20_from_e0,gamma_2,1034,79.8105108678,79.811516406,-0.00107095784278,-0.00100553820026,0.00530007895121,-5.32943184984e-06
q20_from_e0,gamma_2,1036,79.811819025,79.8116157403,-0.000971623599298,0.000203284682357,0.00524663152013,1.06655982201e-06
q20_from_e0,gamma_2,1038,79.8130760607,79.8117284316,-0.000858932284146,0.00134762905367,0.00519372306741,6.99921210235e-06
q20_from_e0,gamma_2,1040,79.8142474828,79.8118522226,-0.000735141294371,0.00239526017779,0.00514134815785,1.23148665027e-05
q20_from_e0,gamma_2,1042,79.8153014167,79.8119847021,-0.000602661813986,0.00331671464768,0.00508950141106,1.68804238795e-05
q20_from_e0,gamma_2,1044,79.8162096925,79.8121233783,-0.000463985620826,0.00408631427615,0.00503817750091,2.05875766477e-05
q20_from_e0,gamma_2,1046,79.8169490522,79.8122657496,-0.000321614246843,0.00468330259193,0.00498737115496,2.33573682569e-05
q20_from_e0,gamma_2,1048,79.8175017388,79.8124093782,-0.000177985726793,0.00509236062356,0.00493707715395,2.51413772943e-05
q20_from_e0,gamma_2,1050,79.8178562638,79.8125519569,-3.54069364334e-05,0.00530430680953,0.00488729033127,2.59236873843e-05
q20_from_e0,gamma_2,1052,79.8180081283,79.8126913679,0.000104004029268,0.0053167603927,0.00483800557239,2.5722516407e-05
q20_from_e0,gamma_2,1054,79.8179597552,79.8128257311,0.000238367172415,0.00513402413549,0.00478921781436,2.4587959849e-05
q20_from_e0,gamma_2,1056,79.8177204538,79.8129534423,0.00036607842857,0.00476701147586,0.00474092204529,2.26000297961e-05
q20_from_e0,gamma_2,1058,79.8173061945,79.8130732007,0.000485836780626,0.00423299387809,0.00469311330383,1.98659198843e-05
q20_from_e0,gamma_2,1060,79.8167389414,79.813184024,0.000596660141468,0.00355491735606,0.00464578667867,1.65153876965e-05
q20_from_e0,gamma_2,1062,79.8160460404,79.8132852539,0.000697890056699,0.00276078648879,0.004598937308,1.26966839827e-05
q20_from_e0,gamma_2,1064,79.8152592166,79.8133765491,0.000789185235647,0.00188266745688,0.00455256037908,8.57095727118e-06
q20_from_e0,gamma_2,1066,79.8144133989,79.8134578671,0.000870503253154,0.000955531775375,0.00450665112766,4.30624835301e-06
q20_from_e0,gamma_2,1068,79.8135454956,79.8135294343,0.000942070430341,1.60613104185e-05,0.00446120483756,7.16527957367e-08
q20_from_e0,gamma_2,1070,79.8126931136,79.8135917091,0.00100434518195,-0.000898595454998,0.00441621684015,-3.96839238085e-06
q20_from_e0,gamma_2,1072,79.8118930173,79.8136453395,0.00105797558885,-0.00175232220313,0.0043716825139,-7.66059633414e-06
q20_from_e0,gamma_2,1074,79.8111797348,79.8136911152,0.00110375135628,-0.00251138040353,0.00432759728384,-1.0868243013e-05
q20_from_e0,gamma_2,1076,79.8105840854,79.8137299178,0.00114255396232,-0.00314583242218,0.00428395662118,-1.34766096341e-05
q20_from_e0,gamma_2,1078,79.8101318687,79.8137626692,0.00117530531375,-0.00363080053525,0.00424075604278,-1.539733931e-05
q20_from_e0,gamma_2,1080,79.8098428948,79.8137902795,0.00120291557403,-0.00394738469463,0.0041979911107,-1.65710858586e-05
q20_from_e0,gamma_2,1082,79.8097302851,79.8138135991,0.00122623517939,-0.00408331399218,0.00415565743178,-1.69688541379e-05
q20_from_e0,gamma_2,1084,79.8098000045,79.813833376,0.00124601216351,-0.00403337152342,0.00411375065714,-1.6592284755e-05
q20_from_e0,gamma_2,1086,79.8100508048,79.8138502184,0.00126285449647,-0.00379941358543,0.00407226648176,-1.54722245943e-05
q20_from_e0,gamma_2,1088,79.8104745145,79.8138645662,0.0012772023386,-0.00339005172641,0.00403120064404,-1.36659787028e-05
q20_from_e0,gamma_2,1090,79.8110566946,79.8138766748,0.00128931095566,-0.00281998028028,0.00399054892534,-1.12532692769e-05
q20_from_e0,gamma_2,1092,79.8117776112,79.8138866084,0.00129924452216,-0.00210899719987,0.00395030714958,-8.33118671708e-06
q20_from_e0,gamma_2,1094,79.8126130069,79.8138942426,0.00130687873893,-0.00128123576621,0.00391047118278,-5.01023554212e-06
q20_from_e0,gamma_2,1096,79.8135352648,79.8138992737,0.00131190979869,-0.000364008923029,0.00387103693265,-1.40909198486e-06
q20_from_e0,gamma_2,1098,79.8145145527,79.8139012374,0.00131387355071,0.000613315310474,0.00383200034818,2.35022448328e-06
q20_from_e0,gamma_2,1100,79.8155199109,79.813899536,0.00131217214303,0.00162037490492,0.0037933574192,6.14666116745e-06
q20_from_e0,gamma_2,1102,79.8165202101,79.8138934695,0.00130610563428,0.00262674059222,0.00375510417597,9.86368456704e-06
q20_from_e0,gamma_2,1104,79.8174850608,79.813882272,0.00129490814726,0.00360278872995,0.00371723668881,1.3392418449e-05
q20_from_e0,gamma_2,1106,79.8183857277,79.81386515,0.00127778611363,0.00452057771787,0.00367975106764,1.66346006837e-05
q20_from_e0,gamma_2,1108,79.8191960778,79.8138413214,0.00125395752201,0.00535475636063,0.00364264346162,1.95054682456e-05
q20_from_e0,gamma_2,1110,79.8198932542,79.8138100563,0.0012226924409,0.00608319791388,0.00360591005874,2.1935464547e-05
q20_from_e0,gamma_2,1112,79.8204580687,79.8137707144,0.00118335054097,0.00668735428012,0.00356954708545,2.387082598e-05
q20_from_e0,gamma_2,1114,79.8208752817,79.813722779,0.00113541506764,0.007152502697,0.00353355080622,2.52737316715e-05
q20_from_e0,gamma_2,1116,79.8211339992,79.8136658877,0.00107852384048,0.00746811145758,0.00349791752322,2.61228379329e-05
q20_from_e0,gamma_2,1118,79.821227899,79.8135998561,0.00101249219668,0.00762804292279,0.0034626435759,2.64131938233e-05
q20_from_e0,gamma_2,1120,79.8211552061,79.813524691,0.000937327135944,0.00763051512493,0.0034277253406,2.61553100556e-05
q20_from_e0,gamma_2,1122,79.8209186672,79.8134405986,0.000853234723564,0.00747806855283,0.00339315923025,2.53742773345e-05
q20_from_e0,gamma_2,1124,79.8205252128,79.8133479839,0.00076061998368,0.00717722894764,0.00335894169391,2.4107893559e-05
q20_from_e0,gamma_2,1126,79.8199855242,79.8132474441,0.000660080206487,0.00673808008708,0.00332506921647,2.24045826757e-05
q20_from_e0,gamma_2,1128,79.8193136698,79.8131397545,0.00055239058419,0.00617391535359,0.00329153831827,2.03216789601e-05
q20_from_e0,gamma_2,1130,79.8185264646,79.8130258474,0.000438483506485,0.00550061724951,0.00325834555472,1.79229117631e-05
q20_from_e0,gamma_2,1132,79.8176428155,79.8129067893,0.000319425366911,0.00473602620259,0.00322548751598,1.52759933918e-05
q20_from_e0,gamma_2,1134,79.8166831886,79.8127837554,0.000196391482291,0.00389943324721,0.0031929608266,1.24507376043e-05
q20_from_e0,gamma_2,1136,79.8156691438,79.812658001,7.0637094268e-05,0.00301114284757,0.00316076214517,9.51750632629e-06
q20_from_e0,gamma_2,1138,79.8146230512,79.8125308316,-5.65323300918e-05,0.00209221963679,0.00312888816395,6.54632125796e-06
q20_from_e0,gamma_2,1140,79.8135676916,79.8124035745,-0.000183789416411,0.00116411713297,0.0030973356086,3.60566144853e-06
q20_from_e0,gamma_2,1142,79.812525879,79.812277548,-0.000309815902028,0.000248330986295,0.00306610123775,7.61407944452e-07
q20_from_e0,gamma_2,1144,79.811520408,79.8121540303,-0.000433333581299,-0.000633622353988,0.00303518184275,-1.92315906399e-06
q20_from_e0,gamma_2,1146,79.8105734717,79.8120342344,-0.000553129508603,-0.00146076263512,0.00300457424731,-4.38896979491e-06
q20_from_e0,gamma_2,1148,79.8097061825,79.8119192877,-0.000668076166505,-0.0022131051724,0.00297427530714,-6.58238406639e-06
q20_from_e0,gamma_2,1150,79.8089381503,79.8118102183,-0.000777145571817,-0.0028720680515,0.00294428190969,-8.45617800745e-06
q20_from_e0,gamma_2,1152,79.8082866921,79.8117079457,-0.000879418159244,-0.00342125366566,0.00291459097378,-9.97155505297e-06
q20_from_e0,gamma_2,1154,79.8077663217,79.8116132769,-0.00097408702905,-0.00384695520269,0.00288519944931,-1.10992330323e-05
q20_from_e0,gamma_2,1156,79.8073885307,79.8115269082,-0.00106045569947,-0.00413837749267,0.00285610431693,-1.18196378219e-05
q20_from_e0,gamma_2,1158,79.8071612072,79.811449429,-0.00113793486756,-0.00428822183186,0.00282730258774,-1.2124100682e-05
q20_from_e0,gamma_2,1160,79.807088308,79.8113813244,-0.00120603946746,-0.00429301637432,0.00279879130298,-1.2015256892e-05
q20_from_e0,gamma_2,1162,79.8071695911,79.8113229829,-0.00126438102271,-0.00415339177898,0.00277056753374,-1.15072524177e-05
q20_from_e0,gamma_2,1164,79.8074004498,79.8112747073,-0.00131265657967,-0.00387425746591,0.00274262838063,-1.06256484799e-05
q20_from_e0,gamma_2,1166,79.8077721507,79.8112367265,-0.00135063739174,-0.00346457579558,0.0027149709735,-9.40622272047e-06
q20_from_e0,gamma_2,1168,79.8082719759,79.8112092051,-0.00137815878725,-0.00293722921977,0.00268759247115,-7.8940751371e-06
q20_from_e0,gamma_2,1170,79.8088834337,79.8111922514,-0.00139511248858,-0.00230881768205,0.00266049006104,-6.14258649584e-06
q20_from_e0,gamma_2,1172,79.8095866993,79.8111859237,-0.00140144022086,-0.00159922440257,0.00263366095896,-4.21181487366e-06
q20_from_e0,gamma_2,1174,79.8103590743,79.811190235,-0.00139712886946,-0.000831160732574,0.00260710240882,-2.16692114801e-06
q20_from_e0,gamma_2,1176,79.8111756441,79.8112051553,-0.00138220854767,-2.95112030528e-05,0.00258081168228,-7.61628575969e-08
q20_from_e0,gamma_2,1178,79.8120100256,79.8112306117,-0.00135675221826,0.000779413977128,0.00255478607855,1.99123597819e-06
q20_from_e0,gamma_2,1180,79.8128351061,79.8112664862,-0.00132087768384,0.00156861990135,0.00252902292405,3.96707568964e-06
q20_from_e0,gamma_2,1182,79.8136238482,79.8113126101,-0.00127475380793,0.00231123811345,0.00250351957218,5.78622985299e-06
q20_from_e0,gamma_2,1184,79.8143501082,79.8113687544,-0.00121860951069,0.00298135378377,0.00247827340302,7.38860978729e-06
q20_from_e0,gamma_2,1186,79.8149893659,79.8114346201,-0.0011527438144,0.00355474583421,0.00245328182305,8.72079334064e-06
q20_from_e0,gamma_2,1188,79.8155194557,79.8115098266,-0.00107753730489,0.00400962910899,0.00242854226495,9.73755375796e-06
q20_from_e0,gamma_2,1190,79.8159210053,79.8115939008,-0.000993463090822,0.00432710449026,0.00240405218725,1.04025850143e-05
q20_from_e0,gamma_2,1192,79.8161779486,79.8116862683,-0.000901095618133,0.00449168029066,0.00237980907412,1.06893415138e-05
q20_from_e0,gamma_2,1194,79.8162785683,79.811786248,-0.000801115884173,0.00449232030572,0.00235581043511,1.05830550541e-05
q20_from_e0,gamma_2,1196,79.8162156758,79.8118930512,-0.000694312685738,0.00432262455455,0.00233205380487,1.00805930395e-05
q20_from_e0,gamma_2,1198,79.8159867929,79.812005782,-0.000581581921665,0.00398101097237,0.00230853674293,9.1903101037e-06
q20_from_e0,gamma_2,1200,79.8155947028,79.812123442,-0.000463921922574,0.00347126081301,0.0022852568334,7.93272249345e-06
q20_from_e0,gamma_2,1202,79.8150473661,79.8122449404,-0.000342423528153,0.00280242572484,0.00226221168478,6.33968022046e-06
q20_from_e0,gamma_2,1204,79.8143577554,79.8123691064,-0.000218257453156,0.00198864896312,0.00223939892968,4.45337835953e-06
q20_from_e0,gamma_2,1206,79.8135434224,79.8124947066,-9.2657296932e-05,0.00104871581523,0.00221681622458,2.32481023418e-06
q20_from_e0,gamma_2,1208,79.8126260504,79.8126204645,3.31006131944e-05,5.58594615541e-06,0.0021944612496,1.22581423804e-08
q20_from_e0,gamma_2,1210,79.8116310143,79.812745082,0.000157718158135,-0.00111406776971,0.00217233170823,-2.42012474125e-06
q20_from_e0,gamma_2,1212,79.8105865199,79.812867263,0.000279899107923,-0.00228074310192,0.00215042532715,-4.90456773109e-06
q20_from_e0,gamma_2,1214,79.8095224949,79.8129857405,0.000398376663213,-0.00346324560397,0.00212873985594,-7.37234894809e-06
q20_from_e0,gamma_2,1216,79.8084699192,79.8130993087,0.000511944860648,-0.0046293894995,0.0021072730669,-9.7553878085e-06
q20_from_e0,gamma_2,1218,79.8074599592,79.8132068536,0.000619489669859,-0.00574689438174,0.00208602275478,-1.19881524496e-05
q20_from_e0,gamma_2,1220,79.8065227582,79.8133073803,0.000720016379489,-0.00678462209412,0.00206498673655,-1.40101546368e-05
q20_from_e0,gamma_2,1222,79.8056866028,79.8134000374,0.000812673562905,-0.00771343460984,0.00204416285122,-1.57675164848e-05
q20_from_e0,gamma_2,1224,79.8049770717,79.8134841382,0.000896774279028,-0.00850706648218,0.0020235489596,-1.72144655292e-05
q20_from_e0,gamma_2,1226,79.804416007,79.8135591771,0.000971813241961,-0.00914317017302,0.00200314294403,-1.83150768182e-05
q20_from_e0,gamma_2,1228,79.8040208446,79.8136248428,0.00103747893198,-0.00960399819377,0.00198294270826,-1.90441781885e-05
q20_from_e0,gamma_2,1230,79.8038043528,79.8136810239,0.00109366005853,-0.0098766711191,0.00196294617713,-1.9387373816e-05
q20_from_e0,gamma_2,1232,79.8037742141,79.8137278081,0.00114044417904,-0.0099535939807,0.00194315129643,-1.93413390477e-05
q20_from_e0,gamma_2,1234,79.8039328341,79.8137654721,0.00117810826096,-0.00983263804662,0.00192355603267,-1.89136302316e-05
q20_from_e0,gamma_2,1236,79.8042773597,79.8137944672,0.00120710331342,-0.00951710751944,0.00190415837285,-1.81220799685e-05
q20_from_e0,gamma_2,1238,79.8047998366,79.8138153965,0.00122803264372,-0.00901555995104,0.00188495632429,-1.69939367467e-05
q20_from_e0,gamma_2,1240,79.8054877441,79.8138289891,0.0012416252583,-0.00834124500038,0.00186594791439,-1.55643287119e-05
q20_from_e0,gamma_2,1242,79.806324264,79.8138360686,0.0012487047412,-0.00751180463378,0.00184713119043,-1.38752886355e-05
q20_from_e0,gamma_2,1244,79.8072888382,79.8138375167,0.0012501528572,-0.00654867851443,0.00182850421942,-1.19742862953e-05
q20_from_e0,gamma_2,1246,79.8083581787,79.8138342361,0.00124687224417,-0.00547605740864,0.00181006508782,-9.91202033429e-06
q20_from_e0,gamma_2,1248,79.8095068639,79.8138271114,0.00123974748867,-0.00432024748618,0.00179181190142,-7.74107086281e-06
q20_from_e0,gamma_2,1250,79.8107078877,79.8138169692,0.00122960532761,-0.00310908152976,0.00177374278509,-5.51471093167e-06
q20_from_e0,gamma_2,1252,79.8119331652,79.8138045473,0.00121718340969,-0.00187138207129,0.00175585588263,-3.28587721851e-06
q20_from_e0,gamma_2,1254,79.8131542067,79.8137904686,0.00120310467688,-0.000636261841635,0.00173814935653,-1.10591811062e-06
q20_from_e0,gamma_2,1256,79.8143428915,79.8137752164,0.00118785253348,0.000567675063039,0.00172062138783,9.76753854802e-07
q20_from_e0,gamma_2,1258,79.8154719164,79.8137591139,0.00117175004667,0.00171280246688,0.00170327017592,2.91736535908e-06
q20_from_e0,gamma_2,1260,79.8165156728,79.8137423082,0.00115494436105,0.00277336452631,0.00168609393832,4.67615311656e-06
q20_from_e0,gamma_2,1262,79.8174509371,79.8137247624,0.00113739853103,0.00372617473236,0.00166909091055,6.21932437693e-06
q20_from_e0,gamma_2,1264,79.8182571977,79.8137062572,0.00111889326995,0.00455094054547,0.00165225934592,7.519334049e-06
q20_from_e0,gamma_2,1266,79.8189173728,79.8136864008,0.00109903691978,0.00523097204291,0.00163559751535,8.55576487624e-06
q20_from_e0,gamma_2,1268,79.8194184212,79.8136646474,0.00107728354928,0.00575377374811,0.00161910370718,9.31595640586e-06
q20_from_e0,gamma_2,1270,79.8197516703,79.8136403212,0.00105295732119,0.00611134904348,0.00160277622705,9.79512496206e-06
q20_from_e0,gamma_2,1272,79.8199134471,79.8136126462,0.00102528234265,0.00630080087471,0.00158661339764,9.99693508366e-06
q20_from_e0,gamma_2,1274,79.8199051395,79.8135807808,0.000993416950706,0.00632435870764,0.00157061355858,9.93312353553e-06
q20_from_e0,gamma_2,1276,79.8197329883,79.8135438541,0.000956490234216,0.0061891342087,0.00155477506623,9.62271154921e-06
q20_from_e0,gamma_2,1278,79.8194082504,79.8135010075,0.000913643640899,0.00590724291852,0.00153909629352,9.09181568082e-06
q20_from_e0,gamma_2,1280,79.8189464663,79.8134514412,0.000864077350315,0.00549502510167,0.0015235756298,8.37208633005e-06
q20_from_e0,gamma_2,1282,79.8183667655,79.8133944595,0.000807095591057,0.00497230606342,0.00150821148066,7.49928909021e-06
q20_from_e0,gamma_2,1284,79.8176912134,79.8133295137,0.000742149792245,0.00436169968329,0.00149300226776,6.51202751842e-06
q20_from_e0,gamma_2,1286,79.8169436583,79.8132562429,0.000668879060839,0.00368741539519,0.00147794642867,5.44980241436e-06
q20_from_e0,gamma_2,1288,79.8161488355,79.8131745078,0.000587143911986,0.00297432774273,0.00146304241675,4.35156764893e-06
q20_from_e0,gamma_2,1290,79.815331323,79.8130844175,0.000497053629545,0.00224690547212,0.00144828870092,3.2541678073e-06
q20_from_e0,gamma_2,1292,79.814514455,79.8129863496,0.000398985676156,0.00152810548248,0.00143368376555,2.19082002227e-06
q20_from_e0,gamma_2,1294,79.8137200331,79.8128809585,0.000293594659141,0.000839074580909,0.0014192261103,1.19083655372e-06
q20_from_e0,gamma_2,1296,79.8129679485,79.8127691774,0.000181813524648,0.000198771053121,0.00140491424996,2.7925628501e-07
q20_from_e0,gamma_2,1298,79.8122758679,79.8126522069,6.48430187482e-05,-0.000376339013116,0.0013907467143,-5.23392245954e-07
q20_from_e0,gamma_2,1300,79.8116594676,79.8125314926,-5.58713147427e-05,-0.000872024956735,0.00137672204791,-1.20053598426e-06
q20_from_e0,gamma_2,1302,79.8111324961,79.8124086953,-0.000178668603994,-0.00127619919122,0.00136283881004,-1.73925378715e-06
q20_from_e0,gamma_2,1304,79.8107064909,79.8122856534,-0.000301710514989,-0.00157916242392,0.00134909557451,-2.13044103754e-06
q20_from_e0,gamma_2,1306,79.8103911155,79.812164334,-0.000423029901185,-0.00177321848973,0.00133549092948,-2.36811720903e-06
q20_from_e0,gamma_2,1308,79.8101940841,79.8120467794,-0.000540584443002,-0.00185269535483,0.00132202347738,-2.44930675551e-06
q20_from_e0,gamma_2,1310,79.8101208571,79.8119350493,-0.00065231462068,-0.00181419211863,0.00130869183471,-2.37421841225e-06
q20_from_e0,gamma_2,1312,79.8101746323,79.8118311586,-0.000756205306345,-0.00165652628816,0.00129549463193,-2.14602091397e-06
q20_from_e0,gamma_2,1314,79.8103560491,79.811737019,-0.000850344861078,-0.00138096994971,0.00128243051332,-1.77099800149e-06
q20_from_e0,gamma_2,1316,79.8106632314,79.8116543814,-0.000932982479782,-0.000991149969934,0.00126949813682,-1.25826304014e-06
q20_from_e0,gamma_2,1318,79.8110915742,79.811584782,-0.00100258192751,-0.000493207735346,0.00125669617391,-6.19812273952e-07
q20_from_e0,gamma_2,1320,79.811633484,79.8115294964,-0.00105786744888,0.00010398757972,0.00124402330945,1.29362973066e-07
q20_from_e0,gamma_2,1322,79.8122785056,79.811489501,-0.00109786290952,0.0007890046531,0.0012314782416,9.71642062811e-07
q20_from_e0,gamma_2,1324,79.8130132956,79.8114654408,-0.0011219230451,0.00154785477399,0.0012190596816,1.88692734794e-06
q20_from_e0,gamma_2,1326,79.8138216794,79.8114576106,-0.00112975329782,0.00236406878058,0.00120676635372,2.85287866229e-06
q20_from_e0,gamma_2,1328,79.8146849842,79.8114659436,-0.00112142027324,0.0032190405379,0.00119459699509,3.84545615366e-06
q20_from_e0,gamma_2,1330,79.8155822113,79.8114900114,-0.00109735244038,0.00409219986189,0.00118255035557,4.83923240174e-06
q20_from_e0,gamma_2,1332,79.816490366,79.811529036,-0.0010583278723,0.0049613299856,0.00117062519762,5.80785789486e-06
q20_from_e0,gamma_2,1334,79.8173850777,79.811581913,-0.00100545092099,0.00580316471152,0.00115882029619,6.72482504987e-06
q20_from_e0,gamma_2,1336,79.8182408415,79.8116472472,-0.000940116640692,0.00659359424424,0.00114713443859,7.56373903165e-06
q20_from_e0,gamma_2,1338,79.8190314484,79.8117233964,-0.000863967468987,0.00730805194195,0.00113556642434,8.29877841258e-06
q20_from_e0,gamma_2,1340,79.8197309754,79.8118085175,-0.000778846344787,0.00792245783036,0.00112411506507,8.9057541995e-06
q20_from_e0,gamma_2,1342,79.8203143914,79.8119006207,-0.000686743219887,0.00841377074376,0.00111277918441,9.36266894608e-06
q20_from_e0,gamma_2,1344,79.8207582052,79.8119976281,-0.000589735802635,0.0087605771643,0.00110155761784,9.65028051204e-06
q20_from_e0,gamma_2,1346,79.8210413146,79.8120974349,-0.000489928967184,0.00894387964834,0.00109044921259,9.75284652005e-06
q20_from_e0,gamma_2,1348,79.8211456078,79.8121979689,-0.000389395027511,0.00894763898691,0.0010794528275,9.65855420391e-06
q20_from_e0,gamma_2,1350,79.8210570459,79.8122972489,-0.000290115028079,0.00875979701333,0.00106856733294,9.36043293164e-06
q20_from_e0,gamma_2,1352,79.8207664337,79.8123934402,-0.000193923670167,0.00837299352229,0.00105779161065,8.85688230393e-06
q20_from_e0,gamma_2,1354,79.8202700581,79.812484904,-0.000102459886222,0.00778515406965,0.00104712455367,8.1520259804e-06
q20_from_e0,gamma_2,1356,79.8195704779,79.8125702371,-1.71268080749e-05,0.00700024079646,0.00103656506617,7.25620506438e-06
q20_from_e0,gamma_2,1358,79.8186769681,79.8126483008,6.09368954798e-05,0.00602866736577,0.0010261120634,6.18608831026e-06
q20_from_e0,gamma_2,1360,79.8176055479,79.8127182432,0.000130879327656,0.00488730468008,0.00101576447155,4.96435045565e-06
q20_from_e0,gamma_2,1362,79.8163791403,79.8127795106,0.00019214672345,0.00359962969551,0.00100552122761,3.61950407037e-06
q20_from_e0,gamma_2,1364,79.8150269832,79.8128318459,0.000244482010217,0.00219513727635,0.000995381279315,2.1849985504e-06
q20_from_e0,gamma_2,1366,79.8135832658,79.812875281,0.000287917087547,0.000707984787269,0.000985343585006,6.97608268417e-07
q20_from_e0,gamma_2,1368,79.8120860404,79.8129101201,0.000322756259209,-0.00082407972674,0.000975407113523,-8.03813227573e-07
q20_from_e0,gamma_2,1370,79.8105758787,79.812936914,0.00034955010932,-0.00236103525549,0.00096557084411,-2.27974680462e-06
q20_from_e0,gamma_2,1372,79.8090942038,79.8129564267,0.000369062791833,-0.00386222283443,0.0009558337663,-3.69164299812e-06
q20_from_e0,gamma_2,1374,79.8076818927,79.8129695931,0.000382229173326,-0.00528770036209,0.000946194879819,-5.00319500863e-06
q20_from_e0,gamma_2,1376,79.8063775922,79.81297747,0.000390106154697,-0.00659987781951,0.000936653194479,-6.18179664281e-06
q20_from_e0,gamma_2,1378,79.8052163041,79.8129811873,0.00039382342338,-0.00776488324055,0.000927207730077,-7.19965976379e-06
q20_from_e0,gamma_2,1380,79.8042282554,79.8129818978,0.000394533915369,-0.00875364240029,0.000917857516295,-8.03459647207e-06
q20_from_e0,gamma_2,1382,79.803437726,79.8129807301,0.000393366233268,-0.00954300410723,0.000908601592601,-8.67078873003e-06
q20_from_e0,gamma_2,1384,79.8028620328,79.8129787428,0.000391378919403,-0.0101167100343,0.000899439008147,-9.09936363899e-06
q20_from_e0,gamma_2,1386,79.8025110048,79.8129768816,0.000389517683999,-0.0104658767564,0.000890368821676,-9.31849035538e-06
q20_from_e0,gamma_2,1388,79.8023868075,79.8129759421,0.000388578183518,-0.010589134614,0.00088139010142,-9.33315843134e-06
q20_from_e0,gamma_2,1390,79.802483828,79.8129765396,0.000389175694949,-0.0104927116122,0.000872501925011,-9.15491108024e-06
q20_from_e0,gamma_2,1392,79.8027892205,79.8129790904,0.000391726527965,-0.0101898698679,0.000863703379378,-8.80102504032e-06
q20_from_e0,gamma_2,1394,79.803283687,79.8129838028,0.0003964388751,-0.00970011573206,0.000854993560662,-8.29353648859e-06
q20_from_e0,gamma_2,1396,79.8039425141,79.8129906753,0.000403311373901,-0.00904816115536,0.000846371574116,-7.65810639992e-06
q20_from_e0,gamma_2,1398,79.8047371287,79.8129995065,0.000412142597753,-0.00826237774486,0.000837836534017,-6.92252193249e-06
q20_from_e0,gamma_2,1400,79.8056365834,79.8130099149,0.000422551040145,-0.00737333156034,0.000829387563573,-6.11534949825e-06
q20_from_e0,gamma_2,1402,79.8066090123,79.8130213672,0.000434003324557,-0.00641235491189,0.000821023794834,-5.26469596358e-06
q20_from_e0,gamma_2,1404,79.8076230619,79.8130332115,0.000445847592118,-0.00541014958218,0.000812744368603,-4.39706860622e-06
q20_from_e0,gamma_2,1406,79.8086488259,79.8130447131,0.000457349232704,-0.00439588721967,0.000804548434349,-3.53670418016e-06
q20_from_e0,gamma_2,1408,79.8096588426,79.8130550939,0.000467729996586,-0.00339625131348,0.000796435150114,-2.70489392467e-06
q20_from_e0,gamma_2,1410,79.8106289974,79.8130635747,0.000476210832744,-0.00243457727201,0.000788403682434,-1.91942968642e-06
q20_from_e0,gamma_2,1412,79.8115385861,79.8130694145,0.000482050646269,-0.00153082840984,0.000780453206249,-1.19473994068e-06
q20_from_e0,gamma_2,1414,79.8123705196,79.8130719468,0.000484582928252,-0.000701427220747,0.000772582904818,-5.41910679723e-07
q20_from_e0,gamma_2,1416,79.8131114716,79.8130706149,0.000483251052458,4.08566987602e-05,0.000764791969637,3.12468751177e-08
q20_from_e0,gamma_2,1418,79.8137516607,79.8130650019,0.000477638013621,0.000686658780538,0.000757079600356,5.1985535515e-07
q20_from_e0,gamma_2,1420,79.8142844179,79.8130548525,0.0004674886206,0.0012295654104,0.000749445004695,9.21491654768e-07
q20_from_e0,gamma_2,1422,79.8147059354,79.8130400873,0.000452723432147,0.00166584810377,0.000741887398363,1.23587171577e-06
q20_from_e0,gamma_2,1424,79.8150146572,79.8130208085,0.000433444660672,0.00199384868525,0.00073440600498,1.46429444747e-06
q20_from_e0,gamma_2,1426,79.8152110491,79.8129972971,0.00040993322223,0.00221375196888,0.000727000055993,1.60939780533e-06
q20_from_e0,gamma_2,1428,79.8152973778,79.8129700015,0.000382637643952,0.00232737629098,0.000719668790601,1.6749400806e-06
q20_from_e0,gamma_2,1430,79.8152775834,79.8129395184,0.00035215454821,0.00233806492139,0.000712411455674,1.66566423411e-06
q20_from_e0,gamma_2,1432,79.8151570564,79.8129065667,0.000319202837801,0.00225048969619,0.000705227305678,1.5871067849e-06
q20_from_e0,gamma_2,1434,79.814942671,79.8128719595,0.000284595572452,0.00207071150848,0.000698115602595,1.44559601254e-06
q20_from_e0,gamma_2,1436,79.8146428915,79.8128365727,0.000249208776623,0.00180631881531,0.000691075615851,1.24830288771e-06
q20_from_e0,gamma_2,1438,79.8142679375,79.8128013111,0.000213947185813,0.00146662645443,0.000684106622239,1.00332886983e-06
q20_from_e0,gamma_2,1440,79.8138297385,79.812767074,0.000179710158235,0.00106266440696,0.000677207905846,7.19644737654e-07
q20_from_e0,gamma_2,1442,79.8133419187,79.8127347228,0.000147358921339,0.000607195940589,0.000670378757977,4.070512605e-07
q20_from_e0,gamma_2,1444,79.8128197722,79.8127050498,0.000117685899866,0.00011472243969,0.000663618477084,7.61319307146e-08
q20_from_e0,gamma_2,1446,79.8122800829,79.812678751,9.1387085547e-05,-0.000398668047026,0.000656926368693,-2.61895552447e-07
q20_from_e0,gamma_2,1448,79.8117407988,79.8126564015,6.90375972852e-05,-0.000915602698555,0.000650301745336,-5.95418032904e-07
q20_from_e0,gamma_2,1450,79.8112202725,79.8126384382,5.10743126085e-05,-0.00141816571774,0.000643743926473,-9.12935567526e-07
q20_from_e0,gamma_2,1452,79.8107368848,79.8126251488,3.77848817266e-05,-0.00188826398279,0.000637252238432,-1.20330044979e-06
q20_from_e0,gamma_2,1454,79.8103084196,79.8126166652,2.93012857782e-05,-0.0023082456191,0.000630826014331,-1.456101384e-06
q20_from_e0,gamma_2,1456,79.8099511347,79.8126129646,2.56007501775e-05,-0.00266182990579,0.000624464594013,-1.66221853145e-06
q20_from_e0,gamma_2,1458,79.8096793074,79.8126138771,2.65132057677e-05,-0.00293456969133,0.00061816732398,-1.81405509312e-06
q20_from_e0,gamma_2,1460,79.8095048197,79.8126191004,3.17364701345e-05,-0.00311428066364,0.000611933557323,-1.905732845e-06
q20_from_e0,gamma_2,1462,79.8094363224,79.8126282172,4.08532945357e-05,-0.00319189478746,0.000605762653656,-1.93353065665e-06
q20_from_e0,gamma_2,1464,79.8094792794,79.8126407165,5.33525784192e-05,-0.0031614370229,0.000599653979053,-1.89576829031e-06
q20_from_e0,gamma_2,1466,79.809635867,79.8126560228,6.86589269208e-05,-0.00302015585227,0.000593606905978,-1.79278537104e-06
q20_from_e0,gamma_2,1468,79.8099050143,79.812673526,8.61621549717e-05,-0.00276851170869,0.000587620813226,-1.62683510169e-06
q20_from_e0,gamma_2,1470,79.8102827097,79.8126926074,0.000105243499718,-0.00240989764288,0.000581695085853,-1.40182561627e-06
q20_from_e0,gamma_2,1472,79.8107620142,79.8127126638,0.000125299915652,-0.00195064956974,0.00057582911512,-1.12324081565e-06
q20_from_e0,gamma_2,1474,79.8113336308,79.8127331305,0.000145766618274,-0.00139949973834,0.000570022298424,-7.97746057492e-07
q20_from_e0,gamma_2,1476,79.8119861037,79.8127535022,0.00016613831751,-0.000767398542564,0.000564274039239,-4.33023075319e-07
q20_from_e0,gamma_2,1478,79.812705726,79.8127733494,0.000185985502654,-6.76234037371e-05,0.000558583747056,-3.77733342482e-08
q20_from_e0,gamma_2,1480,79.8134771074,79.812792329,0.000204965101887,0.000684778364459,0.00055295083732,3.78648770006e-07
q20_from_e0,gamma_2,1482,79.8142834799,79.8128101921,0.000222828206574,0.00147328779617,0.000547374731371,8.06440511663e-07
q20_from_e0,gamma_2,1484,79.8151070092,79.812826786,0.000239422129255,0.00228022322629,0.000541854856384,1.23555002881e-06
q20_from_e0,gamma_2,1486,79.815929206,79.8128420496,0.000254685725935,0.00308715636484,0.000536390645311,1.65592179471e-06
q20_from_e0,gamma_2,1488,79.8167313875,79.8128560055,0.000268641617339,0.00387538198133,0.000530981536822,2.05775628022e-06
q20_from_e0,gamma_2,1490,79.817495105,79.8128687477,0.000281383812393,0.00462635725482,0.000525626975247,2.43173817026e-06
q20_from_e0,gamma_2,1492,79.8182026006,79.8128804226,0.000293058701402,0.00532217805132,0.000520326410521,2.76926980159e-06
q20_from_e0,gamma_2,1494,79.8188371186,79.8128912078,0.00030384388694,0.00594591084628,0.000515079298124,3.06261558541e-06
q20_from_e0,gamma_2,1496,79.8193833481,79.8129012904,0.000313926511566,0.00648205765657,0.00050988509903,3.30510461014e-06
q20_from_e0,gamma_2,1498,79.8198276738,79.8129108473,0.000323483412217,0.00691682649146,0.000504743279646,3.49122168804e-06
q20_from_e0,gamma_2,1500,79.820158225,79.8129200269,0.000332662994609,0.00723819815605,0.00049965331176,3.61658967984e-06
q20_from_e0,gamma_2,1502,79.8203653039,79.8129289298,0.000341565937305,0.00743637406607,0.000494614672488,3.67813972319e-06
q20_from_e0,gamma_2,1504,79.8204417764,79.8129375928,0.000350228907564,0.00750418362081,0.000489626844219,3.6742497447e-06
q20_from_e0,gamma_2,1506,79.8203832914,79.8129459773,0.000358613437371,0.00743731407437,0.000484689314561,3.60478666088e-06
q20_from_e0,gamma_2,1508,79.8201886343,79.8129539624,0.000366598498573,0.00723467194076,0.000479801576289,3.47120700111e-06
q20_from_e0,gamma_2,1510,79.8198598174,79.8129613399,0.000373976060587,0.00689847748625,0.000474963127292,3.27652244042e-06
q20_from_e0,gamma_2,1512,79.8194023819,79.8129678145,0.000380450644855,0.00643456736451,0.000470173470526,3.0253628691e-06
q20_from_e0,gamma_2,1514,79.8188255523,79.8129730099,0.000385646057993,0.0058525423469,0.000465432113954,2.72396115653e-06
q20_from_e0,gamma_2,1516,79.8181420037,79.8129764819,0.000389118047664,0.00516552173823,0.000460738570507,2.37995510159e-06
q20_from_e0,gamma_2,1518,79.8173677656,79.8129777316,0.000390367748139,0.00439003394845,0.000456092358022,2.00226093534e-06
q20_from_e0,gamma_2,1520,79.8165222094,79.8129762235,0.00038885964463,0.00354598582888,0.000451492999201,1.60098777701e-06
q20_from_e0,gamma_2,1522,79.8156273675,79.812971411,0.000384047105157,0.002655956514,0.00044694002156,1.18705326163e-06
q20_from_e0,gamma_2,1524,79.8147073448,79.8129627647,0.000375400859937,0.00174458008638,0.000442432957379,7.71859727002e-07
q20_from_e0,gamma_2,1526,79.8137874678,79.8129498007,0.000362436785906,0.000837667095524,0.000437971343653,3.6687418336e-07
q20_from_e0,gamma_2,1528,79.812893313,79.8129321064,0.000344742515523,-3.87934109227e-05,0.000433554722047,-1.68190664899e-08
q20_from_e0,gamma_2,1530,79.8120496619,79.8129093691,0.000322005248449,-0.000859707263587,0.00042918263885,-3.68971432024e-07
q20_from_e0,gamma_2,1532,79.8112794402,79.8128814016,0.000294037723165,-0.00160196137972,0.000424854644923,-6.80600733161e-07
q20_from_e0,gamma_2,1534,79.8106026956,79.8128481637,0.000260799805062,-0.00224546810303,0.000420570295659,-9.44377183983e-07
q20_from_e0,gamma_2,1536,79.8100359178,79.8128097791,0.000222415206764,-0.00277386124789,0.000416329150933,-1.15483929814e-06
q20_from_e0,gamma_2,1538,79.8095914395,79.8127665437,0.00017917977118,-0.00317510419447,0.000412130775058,-1.30855815256e-06
q20_from_e0,gamma_2,1540,79.8092771842,79.812718926,0.000131562143821,-0.00344174181787,0.000407974736742,-1.40414371208e-06
q20_from_e0,gamma_2,1542,79.8090966431,79.8126675617,8.01977711404e-05,-0.00357091858973,0.000403860609042,-1.44215335649e-06
q20_from_e0,gamma_2,1544,79.809048952,79.8126132393,2.58754168385e-05,-0.00356428728081,0.00039978796932,-1.42495917407e-06
q20_from_e0,gamma_2,1546,79.8091292293,79.8125568825,-3.04814149672e-05,-0.00342765321189,0.000395756399199,-1.35651569284e-06
q20_from_e0,gamma_2,1548,79.809328967,79.8124995253,-8.78385658609e-05,-0.00317055835139,0.000391765484523,-1.24211532874e-06
q20_from_e0,gamma_2,1550,79.8096363469,79.8124422817,-0.00014508219175,-0.00280593478034,0.00038781481531,-1.08818307861e-06
q20_from_e0,gamma_2,1552,79.8100367702,79.8123863108,-0.000201053040655,-0.00234954069133,0.000383903985716,-9.01998036003e-07
q20_from_e0,gamma_2,1554,79.8105133972,79.8123327828,-0.000254581071928,-0.00181938559348,0.000380032593986,-6.91425826551e-07
q20_from_e0,gamma_2,1556,79.8110475838,79.8122828412,-0.000304522675236,-0.00123525740189,0.000376200242419,-4.6470413404e-07
q20_from_e0,gamma_2,1558,79.8116195278,79.8122375646,-0.000349799269344,-0.000618036783308,0.000372406537322,-2.3016093841e-07
q20_from_e0,gamma_2,1560,79.8122088772,79.8121979319,-0.000389432030644,1.09453598469e-05,0.000368651088975,4.03501882679e-09
q20_from_e0,gamma_2,1562,79.8127952132,79.8121647888,-0.000422575051175,0.000630424323504,0.000364933511585,2.30062962165e-07
q20_from_e0,gamma_2,1564,79.8133587452,79.8121388166,-0.000448547269855,0.00121992856573,0.000361253423253,4.40703370494e-07
q20_from_e0,gamma_2,1566,79.8138806822,79.8121205064,-0.000466857492526,0.00176017578248,0.000357610445927,6.29457246483e-07
q20_from_e0,gamma_2,1568,79.8143434428,79.8121101427,-0.000477221152266,0.00223330005279,0.000354004205371,7.90597610545e-07
q20_from_e0,gamma_2,1570,79.8147310797,79.8121077935,-0.000479570358834,0.00262328618307,0.000350434331121,9.19289538903e-07
q20_from_e0,gamma_2,1572,79.8150295835,79.8121133074,-0.000474056493303,0.00291627611962,0.00034690045645,1.01165751703e-06
q20_from_e0,gamma_2,1574,79.8152269576,79.8121263185,-0.00046104541326,0.00310063914249,0.000343402218328,1.06476635976e-06
q20_from_e0,gamma_2,1576,79.8153134957,79.8121462576,-0.000441106310689,0.00316723815023,0.000339939257386,1.07666858475e-06
q20_from_e0,gamma_2,1578,79.8152821012,79.812172373,-0.000414990911821,0.00310972822025,0.000336511217879,1.04645843067e-06
q20_from_e0,gamma_2,1580,79.8151284925,79.8122037603,-0.000383603559015,0.00292473222289,0.000333117747651,9.74280210574e-07
q20_from_e0,gamma_2,1582,79.8148515673,79.8122393967,-0.00034796720621,0.00261217060873,0.000329758498096,8.61385456705e-07
q20_from_e0,gamma_2,1584,79.814453653,79.8122781782,-0.000309185711615,0.00217547479393,0.000326433124123,7.10147033433e-07
q20_from_e0,gamma_2,1586,79.8139406682,79.8123189602,-0.000268403681105,0.00162170804093,0.000323141284121,5.24040818815e-07
q20_from_e0,gamma_2,1588,79.8133222851,79.8123605988,-0.000226765055146,0.000961686252978,0.000319882639925,3.07626737382e-07
q20_from_e0,gamma_2,1590,79.8126118286,79.8124019923,-0.000185371570751,0.000209836265483,0.000316656856779,6.64460922662e-08
q20_from_e0,gamma_2,1592,79.8118261422,79.8124421203,-0.000145243622484,-0.000615978075885,0.000313463603304,-1.93086707223e-07
q20_from_e0,gamma_2,1594,79.8109851902,79.8124800799,-0.000107283936771,-0.0014948897214,0.000310302551461,-4.63868094704e-07
q20_from_e0,gamma_2,1596,79.8101113884,79.8125151189,-7.22449438229e-05,-0.00240373049813,0.000307173376521,-7.38362013358e-07
q20_from_e0,gamma_2,1598,79.8092291031,79.8125466615,-4.07023999713e-05,-0.00331755843196,0.000304075757029,-1.00878909168e-06
q20_from_e0,gamma_2,1600,79.8083638798,79.8125743259,-1.3037969552e-05,-0.00421044615811,0.000301009374769,-1.26738376555e-06
q20_from_e0,gamma_2,1602,79.8075413147,79.812597934,1.05701545294e-05,-0.00505661936141,0.000297973914739,-1.50674066647e-06
q20_from_e0,gamma_2,1604,79.8067859953,79.8126175147,3.01508154337e-05,-0.0058315193837,0.00029496906511,-1.72011782078e-06
q20_from_e0,gamma_2,1606,79.8061205723,79.8126333027,4.5938797399e-05,-0.00651273038311,0.000291994517198,-1.90168156385e-06
q20_from_e0,gamma_2,1608,79.8055648953,79.8126457296,5.83656817383e-05,-0.00708083423544,0.000289049965432,-2.04671489098e-06
q20_from_e0,gamma_2,1610,79.8051353905,79.8126554055,6.80415724474e-05,-0.00752001500361,0.000286135107323,-2.15174030013e-06
q20_from_e0,gamma_2,1612,79.8048445461,79.8126630939,7.57300174712e-05,-0.0078185477979,0.000283249643433,-2.21460087592e-06
q20_from_e0,gamma_2,1614,79.8047004849,79.8126696792,8.2315327063e-05,-0.00796919428959,0.000280393277342,-2.23450850463e-06
q20_from_e0,gamma_2,1616,79.8047069934,79.812676128,8.87640810561e-05,-0.00796913457076,0.00027756571562,-2.21195854e-06
q20_from_e0,gamma_2,1618,79.8048634352,79.8126834471,9.60832626049e-05,-0.00782001190557,0.000274766667795,-2.14867861341e-06
q20_from_e0,gamma_2,1620,79.8051649596,79.8126926395,0.000105275654562,-0.0075276799594,0.000271995846327,-2.04749768144e-06
q20_from_e0,gamma_2,1622,79.8056029831,79.8127046591,0.000117295247406,-0.00710167605713,0.000269252966573,-1.91214734602e-06
q20_from_e0,gamma_2,1624,79.806165458,79.8127203678,0.000133003910022,-0.00655490978492,0.000266537746761,-1.74713088429e-06
q20_from_e0,gamma_2,1626,79.8068373952,79.8127404935,0.000153129651679,-0.00590309832458,0.00026384990796,-1.55753194962e-06
q20_from_e0,gamma_2,1628,79.8076014359,79.8127655955,0.000178231580946,-0.00516415956844,0.000261189174054,-1.34882257236e-06
q20_from_e0,gamma_2,1630,79.8084382604,79.8127960345,0.000208670580633,-0.00435777411077,0.000258555271708,-1.12672546925e-06
q20_from_e0,gamma_2,1632,79.8093273888,79.8128319503,0.000244586441767,-0.00350456154763,0.000255947930348,-8.96985274891e-07
q20_from_e0,gamma_2,1634,79.8102478162,79.8128732487,0.000285884861768,-0.00262543250317,0.000253366882123,-6.65197647551e-07
q20_from_e0,gamma_2,1636,79.8111785817,79.8129195957,0.000332231860014,-0.00174101402362,0.000250811861887,-4.36666968836e-07
q20_from_e0,gamma_2,1638,79.8120994762,79.8129704225,0.000383058619107,-0.00087094628789,0.000248282607167,-2.1624081506e-07
q20_from_e0,gamma_2,1640,79.8129914877,79.813024941,0.000437577116003,-3.34532861785e-05,0.000245778858137,-8.22211047788e-09
q20_from_e0,gamma_2,1642,79.8138371271,79.8130821651,0.000494801191365,0.000754962058579,0.000243300357589,1.83682538819e-07
q20_from_e0,gamma_2,1644,79.8146208925,79.8131409393,0.00055357545375,0.00147995319489,0.000240846850912,3.56442066487e-07
q20_from_e0,gamma_2,1646,79.8153296136,79.8131999778,0.000612613914598,0.00212963576429,0.000238418086061,5.0774368293e-07
q20_from_e0,gamma_2,1648,79.8159525277,79.8132579045,0.000670540618756,0.00269462323662,0.000236013813532,6.35968306107e-07
q20_from_e0,gamma_2,1650,79.8164814292,79.8133132962,0.000725932288191,0.00316813299253,0.000233633786338,7.40182906668e-07
q20_from_e0,gamma_2,1652,79.8169106006,79.81336473,0.000777366162325,0.00354587056006,0.000231277759983,8.20081000321e-07
q20_from_e0,gamma_2,1654,79.8172366619,79.8134108319,0.000823467975252,0.00382583000149,0.000228945492435,8.75906533665e-07
q20_from_e0,gamma_2,1656,79.8174584446,79.8134503223,0.000862958386051,0.00400812232213,0.000226636744105,9.08387793064e-07
q20_from_e0,gamma_2,1658,79.8175768125,79.81348206,0.000894696086704,0.00409475253434,0.000224351277818,9.18662963429e-07
q20_from_e0,gamma_2,1660,79.8175946288,79.8135050794,0.000917715561769,0.00408954934822,0.000222088858792,9.0824334772e-07
q20_from_e0,gamma_2,1662,79.8175164504,79.8135186251,0.000931261205594,0.00399782529075,0.000219849254612,8.7891891024e-07
q20_from_e0,gamma_2,1664,79.8173483426,79.8135221787,0.000934814778574,0.00382616393381,0.000217632235206,8.32696609181e-07
q20_from_e0,gamma_2,1666,79.8170978323,79.8135154771,0.000928113196977,0.00358235524992,0.000215437572825,7.71773920039e-07
q20_from_e0,gamma_2,1668,79.8167735861,79.8134985217,0.000911157793084,0.00327506438433,0.000213265042013,6.9845674352e-07
q20_from_e0,gamma_2,1670,79.8163854217,79.8134715767,0.000884212835828,0.00291384497308,0.00021111441959,6.15154690268e-07
q20_from_e0,gamma_2,1672,79.8159444175,79.8134351592,0.000847795352769,0.00250925822196,0.000208985484626,5.2439854557e-07
q20_from_e0,gamma_2,1674,79.8154626523,79.8133900229,0.000802659049484,0.00207262939546,0.000206878018419,4.28781462249e-07
q20_from_e0,gamma_2,1676,79.8149531134,79.8133371359,0.000749772011403,0.00161597749721,0.000204791804471,3.30938947638e-07
q20_from_e0,gamma_2,1678,79.8144297562,79.8132776527,0.00069028877212,0.00115210355524,0.00020272662847,2.33562069402e-07
q20_from_e0,gamma_2,1680,79.8139073309,79.8132128763,0.000625512389803,0.000694454580639,0.000200682278262,1.39364727392e-07
q20_from_e0,gamma_2,1682,79.813401248,79.8131442121,0.000556848188211,0.000257035956608,0.000198658543836,5.10623888531e-08
q20_from_e0,gamma_2,1684,79.8129273422,79.8130731215,0.00048575756955,-0.000145779247518,0.000196655217295,-2.86682495977e-08
q20_from_e0,gamma_2,1686,79.8125012552,79.8130010745,0.000413710601038,-0.000499819294802,0.000194672092841,-9.73008681617e-08
q20_from_e0,gamma_2,1688,79.8121380863,79.8129295015,0.000342137583388,-0.000791415133037,0.000192708966752,-1.52512792559e-07
q20_from_e0,gamma_2,1690,79.8118518546,79.8128597486,0.000272384701049,-0.00100789395768,0.000190765637357,-1.92271533225e-07
q20_from_e0,gamma_2,1692,79.8116548821,79.812793039,0.000205675081304,-0.00113815683862,0.000188841905022,-2.14931705619e-07
q20_from_e0,gamma_2,1694,79.8115574507,79.8127304432,0.000143079276427,-0.00117299247566,0.000186937572125,-2.19276365521e-07
q20_from_e0,gamma_2,1696,79.811567343,79.8126728579,8.54940198423e-05,-0.00110551490172,0.000185052443037,-2.04578233377e-07
q20_from_e0,gamma_2,1698,79.8116894369,79.812620988,3.36241235601e-05,-0.000931551109076,0.0001831863241,-1.70647423383e-07
q20_from_e0,gamma_2,1700,79.8119254677,79.8125753332,-1.20307076088e-05,-0.000649865516166,0.000181339023612,-1.17845978181e-07
q20_from_e0,gamma_2,1702,79.8122738899,79.8125361826,-5.11812959019e-05,-0.000262292668083,0.000179510351802,-4.70842491228e-08
q20_from_e0,gamma_2,1704,79.8127296125,79.8125036183,-8.37455429519e-05,0.000225994145509,0.000177700120814,4.01591869604e-08
q20_from_e0,gamma_2,1706,79.8132837664,79.8124775259,-0.000109837978314,0.000806240538182,0.000175908144686,1.41824277242e-07
q20_from_e0,gamma_2,1708,79.8139237164,79.8124576091,-0.000129754801762,0.00146610732583,0.000174134239329,2.55299483958e-07
q20_from_e0,gamma_2,1710,79.8146332105,79.8124434101,-0.000143953789134,0.00218980035839,0.000172378222515,3.77473893443e-07
q20_from_e0,gamma_2,1712,79.8153925286,79.8124343348,-0.00015302909361,0.00295819378134,0.00017063991385,5.04785931998e-07
q20_from_e0,gamma_2,1714,79.8161788157,79.8124296814,-0.000157682437276,0.00374913429577,0.00016891913476,6.33300521339e-07
q20_from_e0,gamma_2,1716,79.8169666342,79.8124286721,-0.000158691762181,0.00453796209241,0.000167215708472,7.588185463e-07
q20_from_e0,gamma_2,1718,79.8177287924,79.8124304852,-0.000156878643693,0.00529830711159,0.000165529459996,8.77025915071e-07
q20_from_e0,gamma_2,1720,79.8184373714,79.8124342902,-0.000153073711147,0.00600308121018,0.000163860216106,9.836661844e-07
q20_from_e0,gamma_2,1722,79.8190647897,79.8124392819,-0.000148081995917,0.00662550777074,0.000162207805323,1.07470907464e-06
q20_from_e0,gamma_2,1724,79.8195853626,79.8124447127,-0.000142651184234,0.00714064987756,0.000160572057898,1.14658884557e-06
q20_from_e0,gamma_2,1726,79.8199762178,79.8124499192,-0.000137444708059,0.00752629857674,0.000158952805793,1.19632627601e-06
q20_from_e0,gamma_2,1728,79.8202183969,79.8124543435,-0.000133020367088,0.00776405340922,0.000157349882665,1.22167289294e-06
q20_from_e0,gamma_2,1730,79.8202979804,79.8124575511,-0.000129812781054,0.00784042927251,0.000155763123847,1.22124975579e-06
q20_from_e0,gamma_2,1732,79.820206288,79.8124592418,-0.00012812208891,0.00774704619882,0.000154192366335,1.1945353855e-06
q20_from_e0,gamma_2,1734,79.8199402772,79.8124592526,-0.000128111301137,0.00748102460609,0.000152637448767,1.14188451004e-06
q20_from_e0,gamma_2,1736,79.8195025786,79.8124575532,-0.000129810646627,0.00704502538279,0.000151098211409,1.06449073467e-06
q20_from_e0,gamma_2,1738,79.8189010409,79.8124542352,-0.000133128687992,0.00644680572843,0.000149574496137,9.64277718521e-07
q20_from_e0,gamma_2,1740,79.8181485266,79.8124494963,-0.000137867586631,0.00569903030215,0.000148066146422,8.43833455182e-07
q20_from_e0,gamma_2,1742,79.8172621105,79.8124436222,-0.000143741665539,0.00481848824911,0.000146573007314,7.06260313381e-07
q20_from_e0,gamma_2,1744,79.8162621938,79.8124369643,-0.000150399555991,0.00382522949674,0.000145094925425,5.55021388565e-07
q20_from_e0,gamma_2,1746,79.8151723241,79.8124299173,-0.000157446578186,0.00274240679944,0.000143631748914,3.93896684839e-07
q20_from_e0,gamma_2,1748,79.8140185039,79.812422893,-0.000164470866196,0.00159561092501,0.000142183327472,2.26869270668e-07
q20_from_e0,gamma_2,1750,79.812828398,79.8124162935,-0.000171070427598,0.000412104553718,0.000140749512303,5.80035149535e-08
q20_from_e0,gamma_2,1752,79.8116307027,79.8124104887,-0.000176875136617,-0.000779786066758,0.000139330156114,-1.08647714417e-07
q20_from_e0,gamma_2,1754,79.810454815,79.8124057963,-0.000181567588925,-0.00195098126311,0.000137925113098,-2.69089311366e-07
q20_from_e0,gamma_2,1756,79.8093300585,79.8124024635,-0.000184900399304,-0.00307240498039,0.000136534238916,-4.19488475638e-07
q20_from_e0,gamma_2,1758,79.8082851616,79.812400658,-0.000186705880139,-0.00411549638331,0.000135157390685,-5.56239752543e-07
q20_from_e0,gamma_2,1760,79.8073475693,79.8124004624,-0.000186901499177,-0.00505289312908,0.000133794426965,-6.76048940722e-07
q20_from_e0,gamma_2,1762,79.8065423455,79.8124018726,-0.000185491271168,-0.00585952708313,0.00013244520774,-7.76066281786e-07
q20_from_e0,gamma_2,1764,79.8058912413,79.8124048008,-0.000182563072656,-0.00651355947954,0.000131109594407,-8.53990141512e-07
q20_from_e0,gamma_2,1766,79.8054116933,79.8124090805,-0.000178283383264,-0.00699738720185,0.000129787449761,-9.08173039918e-07
q20_from_e0,gamma_2,1768,79.8051156795,79.8124144773,-0.000172886561586,-0.00729879783428,0.000128478637979,-9.37739604633e-07
q20_from_e0,gamma_2,1770,79.8050090204,79.8124207048,-0.00016665903857,-0.00741168446379,0.000127183024609,-9.42640447555e-07
q20_from_e0,gamma_2,1772,79.8050909919,79.8124274417,-0.000159922137058,-0.00733644982958,0.000125900476556,-9.23662529772e-07
q20_from_e0,gamma_2,1774,79.805354187,79.8124343507,-0.000153013159803,-0.00708016371982,0.000124630862064,-8.82406907956e-07
q20_from_e0,gamma_2,1776,79.8057843892,79.8124410985,-0.000146265351276,-0.00665670932693,0.000123374050709,-8.21265194053e-07
q20_from_e0,gamma_2,1778,79.8063610473,79.812447376,-0.000139987853743,-0.00608632869826,0.000122129913379,-7.43322796715e-07
q20_from_e0,gamma_2,1780,79.8070580303,79.8124529197,-0.000134444150291,-0.00539488947415,0.000120898322267,-6.52233086241e-07
q20_from_e0,gamma_2,1782,79.8078445182,79.8124575313,-0.000129832587206,-0.00461301308975,0.000119679150853,-5.52081489458e-07
q20_from_e0,gamma_2,1784,79.8086865203,79.8124610905,-0.000126273370967,-0.00377457019583,0.000118472273894,-4.47181914074e-07
q20_from_e0,gamma_2,1786,79.8095482881,79.8124635669,-0.000123796991758,-0.00291527881636,0.000117277567409,-3.41896807903e-07
q20_from_e0,gamma_2,1788,79.810393827,79.8124650307,-0.00012233322829,-0.00207120365282,0.000116094908668,-2.40456198907e-07
q20_from_e0,gamma_2,1790,79.8111886587,79.8124656571,-0.00012170674556,-0.0012769984549,0.000114924176178,-1.46757995409e-07
q20_from_e0,gamma_2,1792,79.8119014336,79.8124657236,-0.000121640250455,-0.000564290017209,0.000113765249671,-6.41965946944e-08
q20_from_e0,gamma_2,1794,79.8125050974,79.8124656038,-0.000121760096647,3.94935923254e-05,0.000112618010092,4.44768977907e-09
q20_from_e0,gamma_2,1796,79.8129782686,79.8124657566,-0.000121607299207,0.000512512058904,0.000111482339588,5.71360433938e-08
q20_from_e0,gamma_2,1798,79.8133060703,79.812466706,-0.000120657909534,0.000839364289988,0.000110358121493,9.26306662915e-08
q20_from_e0,gamma_2,1800,79.8134806037,79.8124690156,-0.000118348262703,0.00101158804988,0.000109245240318,1.10511179611e-07
q20_from_e0,gamma_2,1802,79.8135011869,79.8124732627,-0.000114101190292,0.0010279242448,0.000108143581737,1.11163409587e-07
q20_from_e0,gamma_2,1804,79.8133739007,79.8124800136,-0.000107350293746,0.000893887114145,0.000107053032581,9.56933263539e-08
q20_from_e0,gamma_2,1806,79.813110999,79.8124898005,-9.75634095965e-05,0.000621198552039,0.000105973480817,6.58305728378e-08
q20_from_e0,gamma_2,1808,79.8127299651,79.8125030976,-8.42663319958e-05,0.000226867587031,0.000104904815545,2.37995023706e-08
q20_from_e0,gamma_2,1810,79.8122524868,79.8125202987,-6.70651804171e-05,-0.000267811952099,0.000103846926983,-2.78114482348e-08
q20_from_e0,gamma_2,1812,79.8117032988,79.8125416947,-4.56691400359e-05,-0.000838395977453,0.000102799706456,-8.6186860376e-08
q20_from_e0,gamma_2,1814,79.811108667,79.8125674512,-1.99126780984e-05,-0.00145878421515,0.000101763046384,-1.4845032575e-07
q20_from_e0,gamma_2,1816,79.8104950078,79.8125975929,1.02290170219e-05,-0.00210258511699,0.000100736840273,-2.1180778109e-07
q20_from_e0,gamma_2,1818,79.8098877005,79.812631998,4.46341339e-05,-0.00274429750036,9.97209827023e-05,-2.73664043563e-07
q20_from_e0,gamma_2,1820,79.8093101587,79.8126703997,8.3035844284e-05,-0.00336024105233,9.87153693144e-05,-3.31707436467e-07
q20_from_e0,gamma_2,1822,79.8087831544,79.8127123924,0.000125028547956,-0.00392923807294,9.77198968041e-05,-3.83964739007e-07
q20_from_e0,gamma_2,1824,79.8083244826,79.8127574426,0.000170078746407,-0.0044329599981,9.67344629081e-05,-4.28820004509e-07
q20_from_e0,gamma_2,1826,79.8079487914,79.8128049081,0.000217544176849,-0.00485611664784,9.57589663944e-05,-4.65016710888e-07
q20_from_e0,gamma_2,1828,79.8076675987,79.81285406,0.00026669607152,-0.00518646122249,9.47933070515e-05,-4.91641811175e-07
q20_from_e0,gamma_2,1830,79.8074893884,79.812904105,0.000316741138434,-0.00541471658153,9.3837385679e-05,-5.08102848203e-07
q20_from_e0,gamma_2,1832,79.8074198303,79.8129542116,0.000366847749774,-0.00553438136824,9.28911040763e-05,-5.14094795675e-07
q20_from_e0,gamma_2,1834,79.8074619207,79.8130035391,0.000416175250919,-0.00554161842592,9.19543650335e-05,-5.09576003614e-07
q20_from_e0,gamma_2,1836,79.8076162905,79.8130512691,0.000463905230333,-0.0054349786555,9.10270723209e-05,-4.94730195137e-07
q20_from_e0,gamma_2,1838,79.807881533,79.8130966376,0.00050927373681,-0.00521510465099,9.0109130679e-05,-4.699285465e-07
q20_from_e0,gamma_2,1840,79.8082544314,79.8131389643,0.000551600372376,-0.00488453288513,8.92004458092e-05,-4.35702510923e-07
q20_from_e0,gamma_2,1842,79.8087300281,79.8131776794,0.000590315498442,-0.00444765128366,8.83009243636e-05,-3.92731719594e-07
q20_from_e0,gamma_2,1844,79.8093018291,79.813212347,0.000624983094582,-0.00391051783727,8.74104739358e-05,-3.4182021749e-07
q20_from_e0,gamma_2,1846,79.809961709,79.8132426793,0.000655315377514,-0.003280970228,8.65290030512e-05,-2.8389908287e-07
q20_from_e0,gamma_2,1848,79.8106997352,79.8132685463,0.000681182457129,-0.00256881115499,8.56564211576e-05,-2.20035170166e-07
q20_from_e0,gamma_2,1850,79.8115042398,79.8132899787,0.000702614849473,-0.00178573892975,8.47926386161e-05,-1.51417515733e-07
q20_from_e0,gamma_2,1852,79.8123619278,79.8133071607,0.000719796835753,-0.000945232880767,8.39375666916e-05,-7.93405479685e-08
q20_from_e0,gamma_2,1854,79.8132576696,79.8133204198,0.000733055907091,-6.27501746919e-05,8.30911175439e-05,-5.21398214123e-09
q20_from_e0,gamma_2,1856,79.8141750193,79.8133302106,0.000742846751862,0.000844808613081,8.22532042186e-05,6.94882153774e-08
q20_from_e0,gamma_2,1858,79.8150963696,79.8133370911,0.000749727236467,0.00175927848558,8.14237406381e-05,1.4324703512e-07
q20_from_e0,gamma_2,1860,79.8160030282,79.8133416917,0.000754327792905,0.00266133649146,8.06026415929e-05,2.14510751379e-07
q20_from_e0,gamma_2,1862,79.8168761156,79.813344681,0.000757317118854,0.00353143462668,7.97898227328e-05,2.81772542855e-07
q20_from_e0,gamma_2,1864,79.8176968546,79.8133467292,0.000759365333039,0.00435012541359,7.89852005581e-05,3.43595528246e-07
q20_from_e0,gamma_2,1866,79.8184467368,79.8133484697,0.00076110582151,0.00509826705542,7.81886924113e-05,3.98626834626e-07
q20_from_e0,gamma_2,1868,79.8191085759,79.813350461,0.000763097160188,0.00575811490246,7.74002164682e-05,4.456793399e-07
q20_from_e0,gamma_2,1870,79.8196670255,79.81335315,0.000765786134849,0.00631387543183,7.66196917301e-05,4.83767189209e-07
q20_from_e0,gamma_2,1872,79.8201092139,79.8133568406,0.000769476688049,0.00675237333735,7.58470380148e-05,5.12147517208e-07
q20_from_e0,gamma_2,1874,79.8204253919,79.81336167,0.000774306137743,0.00706372183861,7.50821759486e-05,5.30359605938e-07
q20_from_e0,gamma_2,1876,79.8206091184,79.8133675878,0.000780223938591,0.00724153054098,7.43250269587e-05,5.38226952681e-07
q20_from_e0,gamma_2,1878,79.8206577622,79.8133743436,0.000786979732979,0.00728341859558,7.35755132641e-05,5.35881261487e-07
q20_from_e0,gamma_2,1880,79.8205727489,79.8133814871,0.000794123213595,0.00719126175477,7.28335578686e-05,5.23765179164e-07
q20_from_e0,gamma_2,1882,79.8203595207,79.8133883748,0.000801010888864,0.00697114595083,7.20990845522e-05,5.02613241334e-07
q20_from_e0,gamma_2,1884,79.820027529,79.8133941847,0.000806820829581,0.00663334424685,7.13720178635e-05,4.73435164081e-07
q20_from_e0,gamma_2,1886,79.8195898756,79.813397942,0.000810578083133,0.00619193360549,7.06522831122e-05,4.37474246107e-07
q20_from_e0,gamma_2,1888,79.8190625681,79.8133985537,0.000811189837748,0.00566401440344,6.99398063609e-05,3.96140070602e-07
q20_from_e0,gamma_2,1890,79.8184639234,79.8133948511,0.000807487184801,0.00506907232428,6.92345144181e-05,3.50954760922e-07
q20_from_e0,gamma_2,1892,79.8178136721,79.8133856366,0.000798272730265,0.00442803552183,6.85363348302e-05,3.03481325164e-07
q20_from_e0,gamma_2,1894,79.8171318013,79.8133697356,0.000782371683513,0.00376206572983,6.78451958743e-05,2.55238086332e-07
q20_from_e0,gamma_2,1896,79.8164375832,79.8133460471,0.000758683195059,0.00309153616487,6.71610265508e-05,2.07630742452e-07
q20_from_e0,gamma_2,1898,79.8157487556,79.8133135965,0.000726232598282,0.0024351591595,6.64837565759e-05,1.61898528784e-07
q20_from_e0,gamma_2,1900,79.8150807099,79.8132715838,0.000684219898318,0.00180912612201,6.58133163749e-05,1.1906458983e-07
q20_from_e0,gamma_2,1902,79.8144462983,79.8132194267,0.000632062818838,0.00122687163881,6.51496370743e-05,7.9930242005e-08
q20_from_e0,gamma_2,1904,79.8138557004,79.8131568005,0.000569436631622,0.00069889987266,6.44926504955e-05,4.50739052188e-08
q20_from_e0,gamma_2,1906,79.8133165418,79.8130836691,0.000496305211044,0.000232872694497,6.38422891472e-05,1.48671258965e-08
q20_from_e0,gamma_2,1908,79.8128344402,79.8130003058,0.000412941945257,-0.000165865596998,6.31984862188e-05,-1.0482454646e-08
q20_from_e0,gamma_2,1910,79.8124135941,79.8129073047,0.000319940837528,-0.000493710664742,6.25611755735e-05,-3.08871195794e-08
q20_from_e0,gamma_2,1912,79.8120570816,79.8128055799,0.000218216021921,-0.000748498283158,6.19302917412e-05,-4.63547170438e-08
q20_from_e0,gamma_2,1914,79.8117671113,79.8126963511,0.000108987199994,-0.000929239805842,6.13057699124e-05,-5.69677617304e-08
q20_from_e0,gamma_2,1916,79.8115451779,79.8125811185,-6.24536725979e-06,-0.00103594061447,6.06875459307e-05,-6.28686936222e-08
q20_from_e0,gamma_2,1918,79.8113919308,79.8124616308,-0.000125733037294,-0.00106970005955,6.0075556287e-05,-6.42628261375e-08
q20_from_e0,gamma_2,1920,79.8113073937,79.8123398415,-0.000247522387355,-0.00103244782862,5.94697381126e-05,-6.1399401983e-08
q20_from_e0,gamma_2,1922,79.8112909369,79.8122178546,-0.000369509293179,-0.00092691771178,5.88700291727e-05,-5.45676727332e-08
q20_from_e0,gamma_2,1924,79.8113409283,79.8120978638,-0.000489500067914,-0.000756935476943,5.82763678601e-05,-4.41114503007e-08
q20_from_e0,gamma_2,1926,79.8114549264,79.8119820867,-0.000605277190601,-0.000527160282672,5.76886931889e-05,-3.04111878085e-08
q20_from_e0,gamma_2,1928,79.8116295113,79.8118726977,-0.000714666204928,-0.000243186417009,5.71069447882e-05,-1.38876332894e-08
q20_from_e0,gamma_2,1930,79.8118601495,79.8117717607,-0.000815603213596,8.83888057359e-05,5.65310628959e-05,4.99671313635e-09
q20_from_e0,gamma_2,1932,79.8121411294,79.8116811637,-0.000906200216974,0.000459965720779,5.59609883524e-05,2.5740136343e-08
q20_from_e0,gamma_2,1934,79.8124652296,79.8116025603,-0.000984803551944,0.000862669237804,5.53966625951e-05,4.77889966978e-08
q20_from_e0,gamma_2,1936,79.8128236278,79.8115373188,-0.00105004503624,0.00128630893037,5.48380276514e-05,7.05386446922e-08
q20_from_e0,gamma_2,1938,79.8132057713,79.8114864801,-0.00110088379091,0.00171929119209,5.42850261338e-05,9.33317672941e-08
q20_from_e0,gamma_2,1940,79.8135991999,79.8114507283,-0.00113663562718,0.00214847160028,5.37376012332e-05,1.15453710117e-07
q20_from_e0,gamma_2,1942,79.813989636,79.8114303707,-0.001156993181,0.00255926528932,5.31956967134e-05,1.3614190014e-07
q20_from_e0,gamma_2,1944,79.8143613006,79.8114253296,-0.00116203424781,0.00293597092686,5.26592569056e-05,1.54606047305e-07
q20_from_e0,gamma_2,1946,79.8146971345,79.81143515,-0.00115221384732,0.00326198443082,5.21282267021e-05,1.70041463908e-07
q20_from_e0,gamma_2,1948,79.8149794441,79.8114590194,-0.00112834451126,0.00352042470465,5.16025515508e-05,1.81662897302e-07
q20_from_e0,gamma_2,1950,79.8151906364,79.8114957982,-0.0010915656482,0.00369483813083,5.10821774502e-05,1.88740377049e-07
q20_from_e0,gamma_2,1952,79.8153137318,79.8115440631,-0.00104330079498,0.00376966866635,5.05670509428e-05,1.90621027489e-07
q20_from_e0,gamma_2,1954,79.8153332255,79.8116021591,-0.000985204832901,0.00373106644994,5.00571191106e-05,1.86766437695e-07
q20_from_e0,gamma_2,1956,79.8152358483,79.8116682626,-0.000919101255022,0.00356758566805,4.95523295691e-05,1.76782180789e-07
q20_from_e0,gamma_2,1958,79.8150115649,79.8117404506,-0.00084691332134,0.00327111431855,4.9052630462e-05,1.60456761867e-07
q20_from_e0,gamma_2,1960,79.8146546335,79.811816767,-0.000770596911948,0.00283786653691,4.85579704559e-05,1.37801039457e-07
q20_from_e0,gamma_2,1962,79.8141640175,79.8118952907,-0.000692073143313,0.00226872671027,4.80682987353e-05,1.09053833258e-07
q20_from_e0,gamma_2,1964,79.8135441701,79.811974204,-0.000613159870753,0.00156996606697,4.75835649969e-05,7.47045823904e-08
q20_from_e0,gamma_2,1966,79.8128053016,79.8120518547,-0.000535509145038,0.000753446893398,4.71037194447e-05,3.54901510831e-08
q20_from_e0,gamma_2,1968,79.8119629842,79.812126814,-0.00046054988249,-0.000163829812664,4.6628712785e-05,-7.63917328031e-09
q20_from_e0,gamma_2,1970,79.811038044,79.8121979244,-0.000389439456939,-0.0011598804542,4.61584962211e-05,-5.35383375619e-08
q20_from_e0,gamma_2,1972,79.8100556561,79.8122643352,-0.000323028716451,-0.00220867908214,4.56930214483e-05,-1.00921220673e-07
q20_from_e0,gamma_2,1974,79.8090440265,79.8123255236,-0.000261840304233,-0.00328149704553,4.52322406491e-05,-1.48429464053e-07
q20_from_e0,gamma_2,1976,79.8080334849,79.8123813042,-0.000206059656804,-0.00434781937187,4.47761064882e-05,-1.94678423187e-07
q20_from_e0,gamma_2,1978,79.8070550132,79.8124318247,-0.000155539165689,-0.00537681156776,4.43245721078e-05,-2.38324872045e-07
q20_from_e0,gamma_2,1980,79.8061388518,79.8124775463,-0.000109817577041,-0.00633869453583,4.38775911222e-05,-2.78126647092e-07
q20_from_e0,gamma_2,1982,79.805313564,79.8125192122,-6.81516499412e-05,-0.00720564824087,4.3435117614e-05,-3.12978178827e-07
q20_from_e0,gamma_2,1984,79.8046048505,79.812557809,-2.955492468e-05,-0.00795295842305,4.29971061284e-05,-3.4195419735e-07
q20_from_e0,gamma_2,1986,79.8040345941,79.8125945152,7.15135550422e-06,-0.00855992111657,4.25635116692e-05,-3.64340302332e-07
q20_from_e0,gamma_2,1988,79.8036204906,79.8126306409,4.32769876966e-05,-0.00901015026318,4.21342896939e-05,-3.79636281374e-07
q20_from_e0,gamma_2,1990,79.8033753161,79.8126675611,8.01971735314e-05,-0.00929224494435,4.17093961092e-05,-3.87573925128e-07
q20_from_e0,gamma_2,1992,79.803306492,79.8127066466,0.000119282749182,-0.00940015462844,4.12887872665e-05,-3.88120984725e-07
q20_from_e0,gamma_2,1994,79.8034163465,79.8127491947,0.00016183083855,-0.00933284819705,4.08724199572e-05,-3.81456090906e-07
q20_from_e0,gamma_2,1996,79.803702042,79.8127963625,0.000208998659019,-0.00909432057192,4.04602514086e-05,-3.6795849673e-07
q20_from_e0,gamma_2,1998,79.8041558997,79.8128491029,0.000261739044589,-0.00869320324774,4.00522392792e-05,-3.48182256581e-07
q20_from_e0,gamma_2,2000,79.8047661688,79.8129081085,0.000320744614555,-0.00814193974087,3.96483416546e-05,-3.22814408577e-07
q20_from_e0,cosine_6,0,79.8125873639,79.8125873639,0,0,1,0
q20_from_e0,cosine_6,2,79.8106879922,79.8125825284,-4.83552952346e-06,-0.00189453610888,0.999992597821,-0.00189452208518
q20_from_e0,cosine_6,4,79.8087693591,79.8125681414,-1.92225085414e-05,-0.00379878230636,0.999970391576,-0.00379866983041
q20_from_e0,cosine_6,6,79.8068285953,79.8125445731,-4.27907549465e-05,-0.00571597778138,0.999933382143,-0.00571559699519
q20_from_e0,cosine_6,8,79.804870506,79.8125124793,-7.48845665441e-05,-0.00764197328827,0.999881570981,-0.00764106825687
q20_from_e0,cosine_6,10,79.8029120818,79.8124727933,-0.000114570609668,-0.00956071148958,0.999814960137,-0.00955894237684
q20_from_e0,cosine_6,12,79.8009862752,79.8124267006,-0.000160663310652,-0.0114404254189,0.99973355224,-0.0114373771432
q20_from_e0,cosine_6,14,79.7991396776,79.8123756063,-0.00021175761195,-0.013235928692,0.999637350503,-0.0132311286891
q20_from_e0,cosine_6,16,79.7974306724,79.8123210945,-0.000266269394132,-0.0148904221022,0.999526358723,-0.0148833693837
q20_from_e0,cosine_6,18,79.7959252497,79.8122648901,-0.000322473828604,-0.016339640362,0.999400581283,-0.0163298460757
q20_from_e0,cosine_6,20,79.7946908268,79.8122088163,-0.000378547569198,-0.0175179894789,0.999260023146,-0.0175050265722
q20_from_e0,cosine_6,22,79.7937920129,79.812154751,-0.000432612929018,-0.0183627380298,0.999104689859,-0.0183462976843
q20_from_e0,cosine_6,24,79.7932864121,79.8121045838,-0.000482780128678,-0.0188181716253,0.998934587553,-0.018798122511
q20_from_e0,cosine_6,26,79.7932197101,79.8120601696,-0.000527194283251,-0.0188404594939,0.99874972294,-0.0188169036996
q20_from_e0,cosine_6,28,79.7936226673,79.8120232806,-0.000564083332705,-0.0184006132634,0.998550103316,-0.0183739342752
q20_from_e0,cosine_6,30,79.7945088314,79.8119955617,-0.000591802222445,-0.0174867302336,0.998335736555,-0.0174576277077
q20_from_e0,cosine_6,32,79.7958723229,79.8119784845,-0.000608879350523,-0.0161061616696,0.998106631116,-0.0160756667643
q20_from_e0,cosine_6,34,79.7976874247,79.8119733029,-0.000614061008037,-0.0142858782018,0.997862796037,-0.0142553463663
q20_from_e0,cosine_6,36,79.7999091258,79.8119810163,-0.00060634761951,-0.0120718904708,0.997604240934,-0.0120429691298
q20_from_e0,cosine_6,38,79.8024740918,79.8120023383,-0.000585025615919,-0.00952824644428,0.997330976008,-0.00950281532591
q20_from_e0,cosine_6,40,79.8053032392,79.8120376679,-0.000549695982244,-0.00673442872836,0.997043012032,-0.00671451510365
q20_from_e0,cosine_6,42,79.8083053242,79.8120870681,-0.000500295828076,-0.00378174388388,0.996740360364,-0.00376941676162
q20_from_e0,cosine_6,44,79.8113806157,79.8121502556,-0.00043710833431,-0.000769639885903,0.996423032935,-0.000766886909379
q20_from_e0,cosine_6,46,79.8144250204,79.8122266015,-0.000360762365531,0.00219841889252,0.996091042255,0.00218982536596
q20_from_e0,cosine_6,48,79.8173345703,79.812315135,-0.000272228915151,0.00501943532511,0.99574440141,0.00499807462322
q20_from_e0,cosine_6,50,79.8200102777,79.8124145535,-0.000172810433341,0.00759572427816,0.995383124061,0.00756065576151
q20_from_e0,cosine_6,52,79.8223624448,79.8125232472,-6.41167079323e-05,0.00983919765822,0.995007224445,0.00979007275268
q20_from_e0,cosine_6,54,79.824313991,79.8126393327,5.19688214951e-05,0.0116746583051,0.994616717372,0.0116118103199
q20_from_e0,cosine_6,56,79.82580327,79.8127606952,0.000173331348009,0.0130425747808,0.994211618224,0.0129670793786
q20_from_e0,cosine_6,58,79.8267864292,79.812885042,0.000297678117178,0.0139013871818,0.993791942957,0.0138150865772
q20_from_e0,cosine_6,60,79.8272390507,79.8130099596,0.000422595734648,0.0142290910471,0.993357708097,0.0141345772708
q20_from_e0,cosine_6,62,79.827156767,79.8131329746,0.000545610687112,0.0140237924661,0.992908930741,0.0139243487824
q20_from_e0,cosine_6,64,79.826554728,79.8132516193,0.000664255429058,0.0133031086709,0.992445628555,0.0132026120466
q20_from_e0,cosine_6,66,79.8254663293,79.8133634987,0.000776134838276,0.0121028305473,0.991967819774,0.0120056184311
q20_from_e0,cosine_6,68,79.8239411889,79.8134663562,0.000878992359375,0.0104748326809,0.991475523199,0.0103855402127
q20_from_e0,cosine_6,70,79.8220427355,79.8135581397,0.000970775823717,0.00848459582814,0.990968758196,0.00840796939161
q20_from_e0,cosine_6,72,79.8198453407,79.813637061,0.00104969706823,0.00620827973695,0.9904475447,0.00614897542228
q20_from_e0,cosine_6,74,79.8174311435,79.8137016496,0.00111428574428,0.00372949389751,0.989911903207,0.00369187040208
q20_from_e0,cosine_6,76,79.8148867197,79.8137508015,0.00116343757253,0.00113591828956,0.989361854774,0.00112383422583
q20_from_e0,cosine_6,78,79.8122997539,79.8137838136,0.00119644966931,-0.00148405966489,0.988797421024,-0.00146743436929
q20_from_e0,cosine_6,80,79.8097563263,79.8138004083,0.00121304439301,-0.00404408199755,0.988218624137,-0.00399643714751
q20_from_e0,cosine_6,82,79.807337849,79.8138007416,0.00121337768336,-0.00646289260288,0.987625486852,-0.00638291745339
q20_from_e0,cosine_6,84,79.8051190254,79.8137853978,0.00119803393498,-0.00866637242044,0.987018032466,-0.00855386585504
q20_from_e0,cosine_6,86,79.8031659214,79.8137553737,0.00116800986009,-0.0105894523369,0.986396284833,-0.0104453964436
q20_from_e0,cosine_6,88,79.8015339171,79.8137120474,0.00112468349462,-0.0121781302341,0.985760268362,-0.0120047169277
q20_from_e0,cosine_6,90,79.8002671414,79.8136571351,0.0010697711694,-0.0133899936118,0.985110008014,-0.0131906167142
q20_from_e0,cosine_6,92,79.7993977972,79.8135926373,0.00100527339443,-0.014194840094,0.984445529303,-0.0139740468697
q20_from_e0,cosine_6,94,79.7989452011,79.8135207718,0.000933407951791,-0.014575570759,0.983766858293,-0.0143389634534
q20_from_e0,cosine_6,96,79.7989159512,79.8134439021,0.000856538179164,-0.0145279508783,0.983074021597,-0.0142820510955
q20_from_e0,cosine_6,98,79.7993044483,79.8133644623,0.000777098391836,-0.0140600139943,0.982367046378,-0.0138120944196
q20_from_e0,cosine_6,100,79.8000939305,79.8132848744,0.00069751050151,-0.0131909439212,0.98164596034,-0.0129488368133
q20_from_e0,cosine_6,102,79.8012575602,79.8132074656,0.000620101713167,-0.0119499054242,0.980910791736,-0.0117217911908
q20_from_e0,cosine_6,104,79.8027591669,79.8131343949,0.000547030981522,-0.010375227975,0.98016156936,-0.0101693997345
q20_from_e0,cosine_6,106,79.8045548661,79.8130675833,0.000480219410463,-0.00851271717163,0.979398322546,-0.0083373409182
q20_from_e0,cosine_6,108,79.8065948039,79.8130086515,0.000421287655087,-0.00641384767044,0.978621081169,-0.0062767265417
q20_from_e0,cosine_6,110,79.8088242929,79.8129588675,0.000371503594693,-0.00413457462732,0.97782987564,-0.00404291059365
q20_from_e0,cosine_6,112,79.8111854245,79.8129191049,0.000331740993758,-0.00173368039728,0.977024736908,-0.00169384863403
q20_from_e0,cosine_6,114,79.8136183526,79.8128898159,0.000302452027654,0.000728536637141,0.976205696454,0.000711201615252
q20_from_e0,cosine_6,116,79.8160620813,79.8128710183,0.000283654444885,0.00319106295295,0.975372786293,0.00311247596366
q20_from_e0,cosine_6,118,79.8184561929,79.8128622992,0.000274935275399,0.00559389375968,0.974526038969,0.00545139512803
q20_from_e0,cosine_6,120,79.820741878,79.8128628348,0.000275470934696,0.0078790431575,0.973665487555,0.00767155239742
q20_from_e0,cosine_6,122,79.8228631939,79.8128714264,0.000284062561605,0.00999176745127,0.972791165652,0.00971990310584
q20_from_e0,cosine_6,124,79.8247686852,79.8128865492,0.000299185301401,0.0118821359868,0.971903107383,0.011548284888
q20_from_e0,cosine_6,126,79.8264122468,79.8129064113,0.000319047413711,0.0135058354987,0.971001347397,0.013114184467
q20_from_e0,cosine_6,128,79.827754083,79.8129290214,0.000341657499192,0.0148250616404,0.970085920862,0.0143815835732
q20_from_e0,cosine_6,130,79.8287621076,79.812952266,0.000364902070871,0.0158098416848,0.969156863464,0.0153222165791
q20_from_e0,cosine_6,132,79.8294125274,79.8129739915,0.000386627658017,0.0164385358465,0.968214211408,0.0159160240213
q20_from_e0,cosine_6,134,79.8296903394,79.8129920847,0.000404720852629,0.0166982546485,0.96725800141,0.0161515204184
q20_from_e0,cosine_6,136,79.8295899085,79.8130045528,0.000417188933739,0.0165853556943,0.966288270703,0.0160262346729
q20_from_e0,cosine_6,138,79.829115131,79.8130096011,0.000422237175513,0.0161055299588,0.965305057028,0.0155467495153
q20_from_e0,cosine_6,140,79.8282794876,79.8130056986,0.000418334750123,0.0152737889774,0.964308398633,0.0147286429898
q20_from_e0,cosine_6,142,79.827105695,79.8129916322,0.000404268298283,0.0141140628642,0.963298334274,0.0135960532469
q20_from_e0,cosine_6,144,79.8256248664,79.812966548,0.000379184119879,0.0126583184073,0.962274903211,0.0121807821202
q20_from_e0,cosine_6,146,79.8238757341,79.8129299831,0.000342619249764,0.0109457509683,0.961238145205,0.0105214733587
q20_from_e0,cosine_6,148,79.8219036256,79.8128818824,0.000294518486442,0.00902174325763,0.960188100514,0.00866257052187
q20_from_e0,cosine_6,150,79.8197592842,79.8128225981,0.000235234172862,0.00693668618763,0.959124809897,0.00665314782102
q20_from_e0,cosine_6,152,79.817497523,79.8127528757,0.000165511816562,0.00474464728477,0.958048314604,0.00454560133456
q20_from_e0,cosine_6,154,79.8151756642,79.8126738288,8.64649591392e-05,0.00250183532174,0.956958656381,0.00239415296798
q20_from_e0,cosine_6,156,79.8128520526,79.8125869012,-4.62685576963e-07,0.00026515140344,0.955855877459,0.000253446527394
q20_from_e0,cosine_6,158,79.8105845039,79.8124938163,-9.35475364798e-05,-0.00190931245626,0.954740020562,-0.00182289701375
q20_from_e0,cosine_6,160,79.8084288905,79.8123965191,-0.000190844789927,-0.00396762858851,0.953611128894,-0.00378357477732
q20_from_e0,cosine_6,162,79.8064378384,79.8122971097,-0.000290254144048,-0.00585927137148,0.952469246145,-0.00558077578615
q20_from_e0,cosine_6,164,79.8046594201,79.8121977742,-0.000389589652514,-0.00753835413794,0.951314416484,-0.00717134496798
q20_from_e0,cosine_6,166,79.8031357374,79.8121007137,-0.000486650164049,-0.00896497629229,0.950146684556,-0.00851804250124
q20_from_e0,cosine_6,168,79.8019019416,79.8120080769,-0.000579287026966,-0.0101061352383,0.948966095483,-0.00959037969751
q20_from_e0,cosine_6,170,79.8009855674,79.8119218965,-0.00066546738276,-0.0109363290627,0.947772694859,-0.0103651540676
q20_from_e0,cosine_6,172,79.8004058629,79.8118440299,-0.000743334024889,-0.0114381670027,0.946566528747,-0.010826986035
q20_from_e0,cosine_6,174,79.8001733992,79.8117761061,-0.000811257817446,-0.0116027068283,0.945347643678,-0.0109685915604
q20_from_e0,cosine_6,176,79.800289845,79.8117194842,-0.000867879641049,-0.0114296392877,0.944116086646,-0.0107909063161
q20_from_e0,cosine_6,178,79.8007479172,79.8116752236,-0.000912140270131,-0.0109273064061,0.94287190511,-0.0103030502089
q20_from_e0,cosine_6,180,79.8015314738,79.8116440653,-0.000943298609144,-0.0101125914589,0.941615146984,-0.00952216929293
q20_from_e0,cosine_6,182,79.802616049,79.8116264242,-0.000960939659251,-0.0090103752482,0.940345860642,-0.00847286906747
q20_from_e0,cosine_6,184,79.8039694253,79.8116223913,-0.000964972630996,-0.00765296592682,0.939064094909,-0.00718662552144
q20_from_e0,cosine_6,186,79.8055523189,79.8116317455,-0.00095561840331,-0.00607942659103,0.937769899062,-0.00570110326063
q20_from_e0,cosine_6,188,79.8073193774,79.811653978,-0.000933385856129,-0.00433460061964,0.936463322827,-0.0040591944994
q20_from_e0,cosine_6,190,79.809220324,79.8116883216,-0.000899042263001,-0.00246799766451,0.935144416374,-0.00230793423559
q20_from_e0,cosine_6,192,79.8112013335,79.8117337855,-0.000853578388046,-0.000532452040986,0.933813230314,-0.00049721076038
q20_from_e0,cosine_6,194,79.8132062716,79.8117891966,-0.000798167263071,0.00141707502446,0.932469815701,0.0013213796869
q20_from_e0,cosine_6,196,79.8151781845,79.811853244,-0.000734119872547,0.00332494045074,0.931114224023,0.00309589934771
q20_from_e0,cosine_6,198,79.8170609063,79.811924523,-0.00066284089371,0.00513638335164,0.929746507203,0.00477553448084
q20_from_e0,cosine_6,200,79.8188006362,79.812001579,-0.000585784836943,0.00679905711307,0.928366717593,0.00631201833479
q20_from_e0,cosine_6,202,79.8203475691,79.8120829507,-0.000504413190882,0.00826461835639,0.926974907974,0.00766109384036
q20_from_e0,cosine_6,204,79.8216572347,79.8121672098,-0.000420154042573,0.00949002481441,0.925571131552,0.00878369300593
q20_from_e0,cosine_6,206,79.82269165,79.8122529974,-0.000334366483258,0.0104386525679,0.924155441955,0.00964693757727
q20_from_e0,cosine_6,208,79.8234206486,79.8123390538,-0.000248310072692,0.011081594776,0.922727893228,0.0102252966012
q20_from_e0,cosine_6,210,79.8238228109,79.8124242431,-0.000163120746038,0.0113985677523,0.921288539833,0.0105013698407
q20_from_e0,cosine_6,212,79.8238860172,79.8125075689,-7.97949793139e-05,0.0113784483052,0.919837436645,0.0104663227221
q20_from_e0,cosine_6,214,79.8236079192,79.8125881836,8.19730800572e-07,0.0110197356058,0.918374638947,0.0101202457083
q20_from_e0,cosine_6,216,79.8229958862,79.8126653922,7.80282774713e-05,0.0103304940833,0.91690020243,0.00947203211614
q20_from_e0,cosine_6,218,79.8220666043,79.8127386496,0.000151285681511,0.00932795478225,0.915414183186,0.00853894210779
q20_from_e0,cosine_6,220,79.8208455092,79.8128075546,0.000220190668188,0.00803795461805,0.91391663771,0.00734602045859
q20_from_e0,cosine_6,222,79.8193662121,79.8128718387,0.000284474783655,0.00649437341497,0.912407622891,0.00592551580972
q20_from_e0,cosine_6,224,79.817669323,79.8129313497,0.000343985839294,0.00473797330098,0.910887196013,0.00431575921491
q20_from_e0,cosine_6,226,79.8158010637,79.8129860325,0.000398668659244,0.00281503112438,0.909355414751,0.00255986379565
q20_from_e0,cosine_6,228,79.8138119614,79.8130359097,0.000448545849508,0.000776051618601,0.907812337166,0.000704509233644
q20_from_e0,cosine_6,230,79.8117554262,79.8130810614,0.000493697514287,-0.00132563519348,0.906258021703,-0.00120136752794
q20_from_e0,cosine_6,232,79.8096862082,79.8131216057,0.000534241791883,-0.00343539752681,0.904692527188,-0.00310797847043
q20_from_e0,cosine_6,234,79.8076588344,79.8131576825,0.000570318617605,-0.00549884807425,0.903115912824,-0.00496609719806
q20_from_e0,cosine_6,236,79.8057261731,79.8131894398,0.000602075962121,-0.00746326676733,0.901528238189,-0.00672834573989
q20_from_e0,cosine_6,238,79.8039380784,79.8132170224,0.000629658495995,-0.00927894393531,0.899929563231,-0.00835039596295
q20_from_e0,cosine_6,240,79.8023402091,79.8132405635,0.000653199587987,-0.0109003544184,0.898319948263,-0.00979200581714
q20_from_e0,cosine_6,242,79.8009729073,79.8132601812,0.000672817336351,-0.0122872739195,0.896699453966,-0.0110179918144
q20_from_e0,cosine_6,244,79.7998700785,79.8132759789,0.000688614977392,-0.0134059003314,0.895068141378,-0.0119991942931
q20_from_e0,cosine_6,246,79.7990584893,79.8132880489,0.000700685032939,-0.0142295596609,0.893426071895,-0.0127130595927
q20_from_e0,cosine_6,248,79.798557369,79.8132964796,0.00070911572783,-0.0147391106051,0.891773307269,-0.0131439454106
q20_from_e0,cosine_6,250,79.7983779663,79.8133013634,0.000713999525487,-0.0149233970921,0.890109909599,-0.0132834636365
q20_from_e0,cosine_6,252,79.7985233461,79.8133028067,0.000715442772787,-0.0147794605703,0.888435941331,-0.0131306039641
q20_from_e0,cosine_6,254,79.7989884606,79.8133009391,0.000713575204045,-0.0143124784557,0.886751465255,-0.012691611242
q20_from_e0,cosine_6,256,79.7997603319,79.8132959235,0.000708559601634,-0.0135355916139,0.885056544502,-0.0119797639416
q20_from_e0,cosine_6,258,79.8008184574,79.8132879638,0.000700599939734,-0.0124695064668,0.883351242537,-0.0110149540313
q20_from_e0,cosine_6,260,79.8021353424,79.8132773108,0.000689946927039,-0.0111419684112,0.881635623159,-0.00982315626338
q20_from_e0,cosine_6,262,79.8036771522,79.8132642642,0.000676900314986,-0.00958711197559,0.879909750494,-0.0084357933064
q20_from_e0,cosine_6,264,79.8054045487,79.8132491708,0.0006618069322,-0.00784462212013,0.878173688995,-0.00688894074601
q20_from_e0,cosine_6,266,79.8072734762,79.8132324194,0.000645055513957,-0.00595894320283,0.876427503438,-0.00522258171438
q20_from_e0,cosine_6,268,79.8092361564,79.813214433,0.000627069073573,-0.00397827656151,0.874671258915,-0.00347968416837
q20_from_e0,cosine_6,270,79.8112423042,79.813195657,0.000608293088959,-0.0019533527912,0.872905020835,-0.0017050914589
q20_from_e0,cosine_6,272,79.8132402448,79.8131765429,0.000589178993465,6.37018851677e-05,0.871128854914,5.5492550282e-05
q20_from_e0,cosine_6,274,79.815178212,79.8131575289,0.000570165010359,0.00202068313106,0.869342827181,0.001756666386
q20_from_e0,cosine_6,276,79.8170058297,79.8131390193,0.000551655394815,0.00386681039487,0.867547003964,0.00335463977297
q20_from_e0,cosine_6,278,79.8186754393,79.8131213626,0.000533998714076,0.00555407674709,0.865741451894,0.00480839446695
q20_from_e0,cosine_6,280,79.8201436017,79.81310483,0.000517466114246,0.00703877170058,0.863926237895,0.00608097955468
q20_from_e0,cosine_6,282,79.8213725631,79.8130895951,0.000502231219372,0.00828296804495,0.862101429188,0.00714075858947
q20_from_e0,cosine_6,284,79.8223313822,79.8130757173,0.000488353415449,0.00925566492683,0.860267093279,0.00796234396297
q20_from_e0,cosine_6,286,79.8229970343,79.8130631294,0.000475765526005,0.00993390491759,0.858423297962,0.008527495421
q20_from_e0,cosine_6,288,79.8233553678,79.8130516307,0.000464266832125,0.0103037370887,0.856570111311,0.00882587322496
q20_from_e0,cosine_6,290,79.8234014818,79.8130408849,0.000453521016979,0.0103605969233,0.854707601678,0.00885528094828
q20_from_e0,cosine_6,292,79.8231398181,79.813030423,0.000443059154378,0.0101093950754,0.852835837687,0.00862165441761
q20_from_e0,cosine_6,294,79.8225839006,79.8130196547,0.000432290789718,0.00956424596437,0.850954888237,0.00813874185568
q20_from_e0,cosine_6,296,79.8217559446,79.8130078875,0.000420523657823,0.00874805701332,0.849064822487,0.00742766747512
q20_from_e0,cosine_6,298,79.820686007,79.8129943541,0.000406990223269,0.00769165287532,0.847165709864,0.00651610456815
q20_from_e0,cosine_6,300,79.8194109728,79.8129782437,0.000390879864455,0.00643272909443,0.845257620051,0.00543731328479
q20_from_e0,cosine_6,302,79.8179734569,79.8129587399,0.000371375977693,0.00501471707979,0.843340622985,0.00422911462616
q20_from_e0,cosine_6,304,79.8164201875,79.812935061,0.000347697106875,0.00348512648441,0.841414788857,0.00293243696502
q20_from_e0,cosine_6,306,79.8148004914,79.8129065039,0.000319139982707,0.00189398757092,0.839480188102,0.0015899650423
q20_from_e0,cosine_6,308,79.8131647137,79.8128724863,0.000285122372532,0.000292227460406,0.837536891401,0.000244751278771
q20_from_e0,cosine_6,310,79.8115625675,79.8128325873,0.000245223444011,-0.00127001987477,0.835584969673,-0.00106120951854
q20_from_e0,cosine_6,312,79.810041577,79.8127865824,0.000199218535954,-0.00274500539773,0.833624494072,-0.00228830373591
q20_from_e0,cosine_6,314,79.8086455751,79.8127344709,0.000147107039979,-0.00408889581718,0.831655535985,-0.00340055284242
q20_from_e0,cosine_6,316,79.8074134963,79.8126764991,8.91352169106e-05,-0.00526300279175,0.829678167026,-0.00436659850931
q20_from_e0,cosine_6,318,79.8063784922,79.8126131771,2.58132241413e-05,-0.00623468486496,0.827692459033,-0.00516040164718
q20_from_e0,cosine_6,320,79.8055673125,79.8125452862,-4.20777215453e-05,-0.00697797366612,0.825698484064,-0.00576170227796
q20_from_e0,cosine_6,322,79.8049998404,79.8124738729,-0.000113490998103,-0.00747403245758,0.823696314394,-0.00615633298897
q20_from_e0,cosine_6,324,79.8046891573,79.8124002331,-0.000187130805926,-0.00771107581717,0.821686022507,-0.00633608321746
q20_from_e0,cosine_6,326,79.8046419197,79.8123258868,-0.000261477126912,-0.00768396708973,0.819667681099,-0.00629829948608
q20_from_e0,cosine_6,328,79.8048584432,79.8122525394,-0.000334824513942,-0.00739409614592,0.817641363068,-0.0060457188514
q20_from_e0,cosine_6,330,79.8053330498,79.8121820302,-0.000405333705956,-0.00684898034513,0.815607141512,-0.00558607728156
q20_from_e0,cosine_6,332,79.806054498,79.8121162769,-0.000471087028387,-0.00606177881188,0.813565089726,-0.00493165162299
q20_from_e0,cosine_6,334,79.8070061749,79.8120572158,-0.000530148091286,-0.00505104085168,0.811515281198,-0.0040989968371
q20_from_e0,cosine_6,336,79.8081663823,79.8120067372,-0.00058062671161,-0.00384035491491,0.809457789603,-0.00310860520072
q20_from_e0,cosine_6,338,79.8095087768,79.8119666185,-0.000620745340058,-0.00245784176404,0.807392688801,-0.00198444347052
q20_from_e0,cosine_6,340,79.8110025423,79.8119384578,-0.000648906115259,-0.000935915486423,0.805320052831,-0.000753711508971
q20_from_e0,cosine_6,342,79.8126128948,79.8119236084,-0.000663755464927,0.000689286370559,0.803239955911,0.000553662353897
q20_from_e0,cosine_6,344,79.8143018118,79.8119231218,-0.000664242087851,0.00237868997816,0.801152472429,0.00190569335714
q20_from_e0,cosine_6,346,79.8160285807,79.8119376969,-0.000649667007082,0.00409088386739,0.799057676942,0.00326885215972
q20_from_e0,cosine_6,348,79.8177508813,79.8119676423,-0.00061972157701,0.00578323899624,0.796955644172,0.00460898495965
q20_from_e0,cosine_6,350,79.8194259271,79.8120128516,-0.000574512277183,0.00741307544577,0.794846449001,0.00589225669424
q20_from_e0,cosine_6,352,79.8210114329,79.8120727884,-0.000514575443702,0.00893864449627,0.792730166466,0.00708593313951
q20_from_e0,cosine_6,354,79.8224666557,79.8121464856,-0.000440878293887,0.0103201701385,0.790606871758,0.00815919742922
q20_from_e0,cosine_6,356,79.8237534236,79.8122325621,-0.000354801787111,0.0115208614899,0.788476640216,0.00908393015995
q20_from_e0,cosine_6,358,79.8248368549,79.8123292577,-0.000258106161212,0.0125075971387,0.786339547322,0.00983521827211
q20_from_e0,cosine_6,360,79.8256862598,79.8124344819,-0.000152881998901,0.0132517779313,0.784195668699,0.0103919868563
q20_from_e0,cosine_6,362,79.8262760744,79.8125458723,-4.1491583687e-05,0.0137302020732,0.782045080106,0.0107376369802
q20_from_e0,cosine_6,364,79.826586524,79.8126608615,7.34975656371e-05,0.0139256625428,0.779887857434,0.0108604551238
q20_from_e0,cosine_6,366,79.8266043029,79.8127767526,0.000189388719974,0.0138275502501,0.777724076702,0.0107540187513
q20_from_e0,cosine_6,368,79.8263233176,79.8128908018,0.000303437891603,0.013432515831,0.775553814054,0.010417638885
q20_from_e0,cosine_6,370,79.8257447732,79.8130002989,0.000412935020563,0.0127444743207,0.773377145752,0.00985628517426
q20_from_e0,cosine_6,372,79.8248776292,79.813102648,0.000515284129534,0.0117749811403,0.771194148175,0.00908079655028
q20_from_e0,cosine_6,374,79.8237389106,79.8131954455,0.000608081604781,0.0105434650605,0.769004897814,0.00810797627143
q20_from_e0,cosine_6,376,79.8223530365,79.8132765541,0.00068919021632,0.00907648241792,0.766809471267,0.00695993268386
q20_from_e0,cosine_6,378,79.820751565,79.813344168,0.000756804161412,0.00740739690985,0.764607945237,0.0056637545308
q20_from_e0,cosine_6,380,79.8189725307,79.8133968663,0.000809502446884,0.00557566434135,0.762400396526,0.00425088870474
q20_from_e0,cosine_6,382,79.8170591162,79.8134336542,0.000846290357401,0.0036254619843,0.76018690203,0.00275602871427
q20_from_e0,cosine_6,384,79.8150584076,79.8134539896,0.000866625688161,0.00160441798063,0.75796753874,0.00121609674789
q20_from_e0,cosine_6,386,79.8130200955,79.8134577927,0.000870428813229,-0.000437697197015,0.755742383731,-0.000330786323024
q20_from_e0,cosine_6,388,79.8109946299,79.8134454427,0.000858078811632,-0.00245081277775,0.753511514164,-0.0018467156471
q20_from_e0,cosine_6,390,79.8090316766,79.8134177551,0.000830391181609,-0.00438607849593,0.751275007278,-0.00329515115395
q20_from_e0,cosine_6,392,79.8071790992,79.8133759431,0.000788579232051,-0.00619684390593,0.749032940387,-0.00464164021197
q20_from_e0,cosine_6,394,79.8054813751,79.8133215683,0.000734204376428,-0.00784019320395,0.746785390878,-0.00585494174637
q20_from_e0,cosine_6,396,79.8039785051,79.8132564808,0.000669116940969,-0.0092779757292,0.744532436203,-0.0069077538727
q20_from_e0,cosine_6,398,79.8027048067,79.8131827543,0.000595390419335,-0.0104779475787,0.742274153881,-0.00777750967338
q20_from_e0,cosine_6,400,79.8016878656,79.8131026133,0.000515249408949,-0.0114147476965,0.740010621484,-0.00844703453701
q20_from_e0,cosine_6,402,79.8009480438,79.8130183547,0.000430990796843,-0.0120703108686,0.737741916646,-0.00890477427468
q20_from_e0,cosine_6,404,79.8004980826,79.8129322683,0.000344904414433,-0.0124341856506,0.735468117046,-0.00914494710742
q20_from_e0,cosine_6,406,79.8003423467,79.8128465612,0.000259197362141,-0.0125042145898,0.733189300414,-0.00916795634731
q20_from_e0,cosine_6,408,79.8004767575,79.8127632839,0.000175920030529,-0.0122865264607,0.730905544522,-0.00898029031306
q20_from_e0,cosine_6,410,79.8008891758,79.812684267,9.69031375604e-05,-0.0117950911764,0.72861692718,-0.00859410308875
q20_from_e0,cosine_6,412,79.8015596771,79.8126110721,2.37082389845e-05,-0.0110513950259,0.726323526234,-0.00802688820502
q20_from_e0,cosine_6,414,79.802461405,79.8125449502,-4.24136799069e-05,-0.0100835452163,0.724025419559,-0.00730074305586
q20_from_e0,cosine_6,416,79.8035615167,79.8124868119,-0.000100551961111,-0.00892529521651,0.72172268506,-0.00644158802862
q20_from_e0,cosine_6,418,79.8048224098,79.812437213,-0.000150150883201,-0.00761480316795,0.719415400663,-0.00547820667204
q20_from_e0,cosine_6,420,79.8062030643,79.8123963522,-0.000191011664953,-0.00619328790144,0.717103644312,-0.0044412293244
q20_from_e0,cosine_6,422,79.8076603489,79.8123640827,-0.00022328115044,-0.0047037338061,0.714787493968,-0.00336217009955
q20_from_e0,cosine_6,424,79.8091505506,79.8123399387,-0.000247425177861,-0.00318938813284,0.7124670276,-0.00227233388287
q20_from_e0,cosine_6,426,79.8106305685,79.8123231734,-0.000264190453521,-0.00169260495475,0.710142323187,-0.00120199041481
q20_from_e0,cosine_6,428,79.8120590737,79.8123128076,-0.000274556324399,-0.00025373384544,0.707813458708,-0.000179596230732
q20_from_e0,cosine_6,430,79.8133976472,79.8123076877,-0.000279676181407,0.00108995952139,0.705480512144,0.000768945201369
q20_from_e0,cosine_6,432,79.8146113714,79.8123065488,-0.000280815127439,0.00230482259565,0.703143561467,0.00162062116845
q20_from_e0,cosine_6,434,79.8156692536,79.8123080768,-0.00027928706271,0.0033611767942,0.700802684643,0.00235552172094
q20_from_e0,cosine_6,436,79.8165448087,79.8123109723,-0.00027639153717,0.00423383634192,0.698457959625,0.00295715669277
q20_from_e0,cosine_6,438,79.8172164374,79.8123140106,-0.000273353242918,0.00490242674667,0.696109464346,0.00341262565662
q20_from_e0,cosine_6,440,79.8176678242,79.8123160993,-0.000271264541155,0.00535172485783,0.69375727672,0.00371279806313
q20_from_e0,cosine_6,442,79.8178885379,79.8123163294,-0.000271034527088,0.00557220855465,0.691401474638,0.00385263321168
q20_from_e0,cosine_6,444,79.8178743163,79.8123140158,-0.000273348039499,0.00556030045925,0.689042135958,0.00383128130501
q20_from_e0,cosine_6,446,79.8176271822,79.8123087299,-0.000278633945243,0.00531845222137,0.686679338508,0.00365207125326
q20_from_e0,cosine_6,448,79.8171556946,79.8123003203,-0.000287043608608,0.00485537429219,0.68431316008,0.00332259652526
q20_from_e0,cosine_6,450,79.8164748174,79.8122889234,-0.000298440503286,0.00418589397894,0.681943678423,0.00285454393749
q20_from_e0,cosine_6,452,79.8156057608,79.8122749576,-0.000312406269273,0.00333080315427,0.679570971242,0.00226351713456
q20_from_e0,cosine_6,454,79.8145757539,79.8122591003,-0.000328263601176,0.00231665360609,0.677195116196,0.00156882650796
q20_from_e0,cosine_6,456,79.8134172464,79.8122422537,-0.00034511022811,0.00117499279251,0.674816190888,0.000792904160565
q20_from_e0,cosine_6,458,79.8121670251,79.8122255002,-0.000361863717103,-5.84750638524e-05,0.672434272868,-3.93206370425e-05
q20_from_e0,cosine_6,460,79.8108651703,79.8122100509,-0.000377312936592,-0.00134488062282,0.670049439625,-0.000901136507685
q20_from_e0,cosine_6,462,79.8095534149,79.8121971944,-0.000390169493699,-0.00264377947332,0.667661768583,-0.0017651504789
q20_from_e0,cosine_6,464,79.8082739153,79.8121882415,-0.000399122383413,-0.00391432619848,0.665271337099,-0.00260408902391
q20_from_e0,cosine_6,466,79.8070681962,79.812184469,-0.00040289486148,-0.00511627284352,0.66287822246,-0.00339146584814
q20_from_e0,cosine_6,468,79.8059754904,79.8121870657,-0.000400298169623,-0.00621157533575,0.660482501876,-0.00410263681835
q20_from_e0,cosine_6,470,79.8050314737,79.8121970821,-0.000390281827364,-0.00716560834289,0.658084252477,-0.00471557400987
q20_from_e0,cosine_6,472,79.8042672662,79.8122153844,-0.000371979528438,-0.0079481181704,0.655683551312,-0.00521145034822
q20_from_e0,cosine_6,474,79.8037084099,79.812242616,-0.000344747891631,-0.00853420611601,0.653280475342,-0.00557523022813
q20_from_e0,cosine_6,476,79.8033744529,79.8122791664,-0.000308197505888,-0.00890471351475,0.650875101438,-0.00579585631219
q20_from_e0,cosine_6,478,79.8032785196,79.812325152,-0.000262211843108,-0.00904663243803,0.648467506377,-0.00586644717819
q20_from_e0,cosine_6,480,79.8034268358,79.8123804103,-0.000206953575145,-0.0089535745187,0.646057766836,-0.00578452635875
q20_from_e0,cosine_6,482,79.8038188694,79.8124445038,-0.000142860130666,-0.00862563435057,0.643645959393,-0.00555185469694
q20_from_e0,cosine_6,484,79.8044474647,79.812516739,-7.06248762583e-05,-0.00806927429697,0.641232160518,-0.00517427819126
q20_from_e0,cosine_6,486,79.8052988084,79.8125961949,8.83097749238e-06,-0.00729738641813,0.638816446574,-0.00466169046091
q20_from_e0,cosine_6,488,79.8063531558,79.8126817566,9.43927489772e-05,-0.00632860087364,0.636398893809,-0.00402751459535
q20_from_e0,cosine_6,490,79.8075854518,79.8127721576,0.000184793680262,-0.00518670573335,0.633979578356,-0.00328826551389
q20_from_e0,cosine_6,492,79.8089658632,79.8128660229,0.00027865900843,-0.0039001596783,0.631558576227,-0.00246317929348
q20_from_e0,cosine_6,494,79.8104610106,79.8129619146,0.000374550709665,-0.00250090402922,0.629135963309,-0.00157340866557
q20_from_e0,cosine_6,496,79.8120348975,79.813058379,0.00047101509368,-0.00102348145336,0.626711815363,-0.000641427919625
q20_from_e0,cosine_6,498,79.8136495542,79.8131539951,0.000566631201295,0.000495559110661,0.624286208019,0.000309370718043
q20_from_e0,cosine_6,500,79.815266611,79.8132474183,0.000660054429147,0.00201919270576,0.621859216769,0.00125565359451
q20_from_e0,cosine_6,502,79.8168485914,79.8133374176,0.000750053701751,0.00351117381943,0.619430916971,0.00217492961862
q20_from_e0,cosine_6,504,79.8183597685,79.8134229013,0.000835537384205,0.00493686719419,0.617001383837,0.00304605389064
q20_from_e0,cosine_6,506,79.819767257,79.8135029352,0.000915571314891,0.00626432176891,0.614570692437,0.00384986856717
q20_from_e0,cosine_6,508,79.821041486,79.8135767564,0.000989392542238,0.00746472960257,0.612138917688,0.00456945149975
q20_from_e0,cosine_6,510,79.8221566683,79.8136437775,0.00105641359552,0.00851289081039,0.609706134357,0.00519036174821
q20_from_e0,cosine_6,512,79.8230914172,79.8137035837,0.00111621983942,0.00938783343955,0.607272417055,0.00570097230374
q20_from_e0,cosine_6,514,79.8238288949,79.8137559227,0.00116855884293,0.0100729721608,0.60483784023,0.00609251472644
q20_from_e0,cosine_6,516,79.8243572423,79.8138006831,0.00121331924331,0.0105565591677,0.60240247817,0.00635929740358
q20_from_e0,cosine_6,518,79.824669409,79.8138378688,0.00125050493139,0.0108315401623,0.599966404995,0.00649856021171
q20_from_e0,cosine_6,520,79.8247628643,79.8138675697,0.00128020577461,0.0108952946281,0.597529694656,0.00651026207231
q20_from_e0,cosine_6,522,79.8246397513,79.8138899296,0.00130256571468,0.0107498217431,0.595092420927,0.00639713744563
q20_from_e0,cosine_6,524,79.8243066028,79.8139051151,0.00131775121838,0.0104014877203,0.592654657409,0.0061644901414
q20_from_e0,cosine_6,526,79.8237740202,79.8139132847,0.00132592082838,0.00986073551941,0.59021647752,0.00581996858403
q20_from_e0,cosine_6,528,79.8230563831,79.8139145623,0.00132719844071,0.00914182081505,0.587777954496,0.00537336073903
q20_from_e0,cosine_6,530,79.8221713706,79.8139090184,0.00132165452968,0.008262352141,0.585339161383,0.00483627827326
q20_from_e0,cosine_6,532,79.8211397961,79.8138966569,0.00130929300022,0.00724313923963,0.582900171039,0.00422202710164
q20_from_e0,cosine_6,534,79.8199854407,79.8138774051,0.0012900412024,0.00610803561328,0.580461056126,0.00354547680294
q20_from_e0,cosine_6,536,79.8187348465,79.813851112,0.00126374810276,0.00488373453403,0.578021889111,0.00282290546128
q20_from_e0,cosine_6,538,79.8174170722,79.8138175548,0.00123019092858,0.00359951742519,0.575582742259,0.0020718201104
q20_from_e0,cosine_6,540,79.8160633707,79.8137764491,0.00118908521605,0.00228692164202,0.573143687631,0.00131073470323
q20_from_e0,cosine_6,542,79.8147065641,79.8137274641,0.00114010021565,0.000979100032808,0.570704797082,0.000558777085546
q20_from_e0,cosine_6,544,79.813380218,79.8136702456,0.00108288173213,-0.000290027577677,0.568266142255,-0.000164812852714
q20_from_e0,cosine_6,546,79.8121176063,79.8136044477,0.00101708380808,-0.00148684136154,0.56582779458,-0.000841296168491
q20_from_e0,cosine_6,548,79.8109507771,79.8135297708,0.000942406942741,-0.00257899375404,0.563389825272,-0.00145297884047
q20_from_e0,cosine_6,550,79.8099092992,79.8134459979,0.000858633975128,-0.00353669863178,0.560952305324,-0.00198391925073
q20_from_e0,cosine_6,552,79.8090194044,79.8133530307,0.000765666851606,-0.00433362636075,0.558515305506,-0.00242039665082
q20_from_e0,cosine_6,554,79.8083034143,79.8132509265,0.000663562658445,-0.00494751225735,0.556078896362,-0.0027512071558
q20_from_e0,cosine_6,556,79.8077790153,79.8131399253,0.000552561413031,-0.00536090998143,0.553643148207,-0.00296803107938
q20_from_e0,cosine_6,558,79.8074581559,79.8130204754,0.000433111545675,-0.00556231953435,0.551208131124,-0.00306599575524
q20_from_e0,cosine_6,560,79.8073467988,79.8128932545,0.000305890618833,-0.00554645572674,0.548773914959,-0.00304375022331
q20_from_e0,cosine_6,562,79.8074447724,79.8127591806,0.000171816736298,-0.00531440821602,0.546340569319,-0.00290347681033
q20_from_e0,cosine_6,564,79.8077453205,79.8126194138,3.20499556352e-05,-0.00487409338169,0.543908163571,-0.00265105918031
q20_from_e0,cosine_6,566,79.8082354553,79.8124753456,-0.000112018244153,-0.00423989032002,0.541476766837,-0.00229580210223
q20_from_e0,cosine_6,568,79.808896139,79.812328579,-0.000258784906507,-0.00343244000719,0.53904644799,-0.00185024459381
q20_from_e0,cosine_6,570,79.8097025432,79.812180901,-0.000406462928424,-0.00247835774134,0.536617275653,-0.00132992957925
q20_from_e0,cosine_6,572,79.8106250285,79.8120342466,-0.000553117322667,-0.00140921804638,0.534189318196,-0.000752789227383
q20_from_e0,cosine_6,574,79.8116299721,79.8118906551,-0.000696708807496,-0.00026068296026,0.53176264373,-0.000138621460123
q20_from_e0,cosine_6,576,79.8126806601,79.8117522192,-0.000835144692104,0.000928440879633,0.52933732011,0.000491458407106
q20_from_e0,cosine_6,578,79.8137385851,79.8116210262,-0.000966337712981,0.00211755888584,0.526913414926,0.00111577018385
q20_from_e0,cosine_6,580,79.8147646024,79.8114990994,-0.00108826450878,0.00326550297451,0.524490995504,0.00171272690592
q20_from_e0,cosine_6,582,79.8157203428,79.8113883395,-0.00119902441548,0.00433200328409,0.5220701289,0.00226160951292
q20_from_e0,cosine_6,584,79.8165696027,79.8112904633,-0.00129690061686,0.0052791394619,0.519650881901,0.00274330947706
q20_from_e0,cosine_6,586,79.8172795169,79.8112069498,-0.00138041403855,0.00607256707322,0.51723332102,0.0031409340344
q20_from_e0,cosine_6,588,79.817821825,79.8111389925,-0.00144837135477,0.00668283245834,0.514817512493,0.00344043918261
q20_from_e0,cosine_6,590,79.818173901,79.8110874587,-0.00149990519682,0.00708644232688,0.512403522276,0.0036311180087
q20_from_e0,cosine_6,592,79.818319256,79.811052863,-0.00153450087493,0.00726639297496,0.509991416043,0.00370579804283
q20_from_e0,cosine_6,594,79.8182483814,79.8110353514,-0.001552012454,0.00721302995433,0.507581259186,0.00366119882676
q20_from_e0,cosine_6,596,79.8179586618,79.8110346963,-0.00155266754808,0.0069239654204,0.505173116805,0.00349780119208
q20_from_e0,cosine_6,598,79.8174540667,79.8110503048,-0.00153705908835,0.00640376191835,0.502767053714,0.00321960051238
q20_from_e0,cosine_6,600,79.81674516,79.8110812419,-0.00150612202549,0.00566391814509,0.500363134433,0.00283401583625
q20_from_e0,cosine_6,602,79.8158484527,79.8111262672,-0.00146109664398,0.00472218547391,0.497961423184,0.00235146619913
q20_from_e0,cosine_6,604,79.8147856999,79.8111838803,-0.00140348360367,0.00360181960652,0.495561983895,0.00178492486984
q20_from_e0,cosine_6,606,79.8135834765,79.8112523723,-0.00133499159477,0.00233110421983,0.49316488019,0.00114961873329
q20_from_e0,cosine_6,608,79.812272149,79.8113298913,-0.0012574726059,0.000942257707607,0.490770175394,0.000462431980428
q20_from_e0,cosine_6,610,79.8108848015,79.8114145147,-0.00117284922621,-0.000529713148026,0.488377932522,-0.000258700212063
q20_from_e0,cosine_6,612,79.8094567612,79.8115043237,-0.00108304016746,-0.00204756251652,0.485988214285,-0.000995091251041
q20_from_e0,cosine_6,614,79.8080245898,79.8115974749,-0.000989888992649,-0.00357288505326,0.483601083079,-0.00172785108147
q20_from_e0,cosine_6,616,79.8066251215,79.8116922658,-0.000895098042378,-0.0050671443137,0.481216600991,-0.00243839396337
q20_from_e0,cosine_6,618,79.8052946557,79.8117871959,-0.000800167947773,-0.00649254022507,0.47883482979,-0.00310885439358
q20_from_e0,cosine_6,620,79.8040677201,79.8118810192,-0.000706344653878,-0.00781329912893,0.476455830929,-0.00372269192877
q20_from_e0,cosine_6,622,79.802976188,79.8119727854,-0.00061457845004,-0.00899659742545,0.47407966554,-0.00426510389845
q20_from_e0,cosine_6,624,79.8020485406,79.8120618671,-0.000525496782558,-0.0100133264983,0.471706394431,-0.0047233501388
q20_from_e0,cosine_6,626,79.8013089452,79.812147973,-0.000439390848555,-0.010839027798,0.469336078089,-0.00508714679701
q20_from_e0,cosine_6,628,79.8007767303,79.8122311453,-0.000356218553989,-0.0114544150319,0.466968776669,-0.00534885417489
q20_from_e0,cosine_6,630,79.8004660068,79.8123117414,-0.000275622483699,-0.0118457346154,0.46460455,-0.00550358220043
q20_from_e0,cosine_6,632,79.8003854155,79.8123904026,-0.000196961319403,-0.0120049870729,0.462243457579,-0.00554922673277
q20_from_e0,cosine_6,634,79.8005382893,79.8124680074,-0.000119356460772,-0.0119297181244,0.459885558567,-0.00548630508321
q20_from_e0,cosine_6,636,79.8009226159,79.812545614,-4.17498963543e-05,-0.0116229980635,0.457530911792,-0.00531788090174
q20_from_e0,cosine_6,638,79.8015312078,79.8126243942,3.70302833232e-05,-0.0110931863486,0.455179575741,-0.00504939185579
q20_from_e0,cosine_6,640,79.8023521108,79.8127055627,0.00011819883747,-0.0103534519685,0.452831608562,-0.00468837030905
q20_from_e0,cosine_6,642,79.8033687184,79.8127903036,0.000202939683163,-0.00942158517512,0.45048706806,-0.00424430228202
q20_from_e0,cosine_6,644,79.8045601271,79.812879696,0.00029233213462,-0.00831956894116,0.448146011697,-0.00372838164002
q20_from_e0,cosine_6,646,79.8059016683,79.8129746438,0.000387279907514,-0.00707297548894,0.445808496586,-0.00315319256911
q20_from_e0,cosine_6,648,79.8073651718,79.813075811,0.000488447116567,-0.00571063923526,0.443474579492,-0.00253252333349
q20_from_e0,cosine_6,650,79.8089197376,79.8131835664,0.000596202546021,-0.00426382882637,0.44114431683,-0.00188096385469
q20_from_e0,cosine_6,652,79.8105324514,79.8132979359,0.000710571968625,-0.00276548445774,0.438817764663,-0.00121354370796
q20_from_e0,cosine_6,654,79.8121688949,79.8134185676,0.000831203722583,-0.00124967269556,0.436494978698,-0.00054547585663
q20_from_e0,cosine_6,656,79.8137937991,79.8135447148,0.000957350958615,0.000249084256865,0.434176014285,0.000108146409867
q20_from_e0,cosine_6,658,79.8153716399,79.8136752346,0.00108787067273,0.00169640539075,0.431860926418,0.000732611203627
q20_from_e0,cosine_6,660,79.8168673624,79.813808607,0.0012212431121,0.00305875542644,0.429549769727,0.00131388768908
q20_from_e0,cosine_6,662,79.8182474212,79.8139429698,0.00135560587063,0.00430445147391,0.427242598485,0.00183904503277
q20_from_e0,cosine_6,664,79.8194806952,79.8140761608,0.00148879693782,0.00540453441981,0.424939466595,0.00229659997355
q20_from_e0,cosine_6,666,79.8205393934,79.814205775,0.00161841109589,0.00633361846369,0.422640427599,0.00267684321574
q20_from_e0,cosine_6,668,79.8213999723,79.8143292331,0.00174186922618,0.00707073918733,0.420345534669,0.00297215364421
q20_from_e0,cosine_6,670,79.8220437373,79.8144438596,0.00185649568581,0.00759987768406,0.418054840609,0.00317716565386
q20_from_e0,cosine_6,672,79.8224574459,79.8145469677,0.00195960377822,0.00791047822068,0.415768397852,0.00328892685605
q20_from_e0,cosine_6,674,79.822633878,79.8146359477,0.00204858381841,0.00799793024795,0.413486258456,0.00330703425362
q20_from_e0,cosine_6,676,79.8225721223,79.8147083544,0.00212099051819,0.00786376791615,0.411208474107,0.00323364800553
q20_from_e0,cosine_6,678,79.8222776878,79.8147619916,0.00217462773837,0.00751569621821,0.408935096116,0.00307343195537
q20_from_e0,cosine_6,680,79.8217625134,79.8147949887,0.00220762482479,0.00696752469263,0.406666175413,0.00283345661885
q20_from_e0,cosine_6,682,79.8210445209,79.8148058669,0.00221850301136,0.00623865397149,0.404401762552,0.00252292266203
q20_from_e0,cosine_6,684,79.8201470893,79.8147935936,0.00220622970571,0.0053534956927,0.402141907706,0.00215286497076
q20_from_e0,cosine_6,686,79.8190984554,79.8147576219,0.00217025799957,0.00434083352459,0.399886660663,0.00173584142264
q20_from_e0,cosine_6,688,79.8179307349,79.8146979144,0.00211055055428,0.00323282050184,0.39763607083,0.00128548604205
q20_from_e0,cosine_6,690,79.8166790067,79.8146149508,0.00202758689093,0.00206405596823,0.395390187229,0.000816107475732
q20_from_e0,cosine_6,692,79.8153803229,79.8145097171,0.00192235323391,0.000870605732317,0.393149058495,0.00034227782398
q20_from_e0,cosine_6,694,79.8140726587,79.8143836811,0.00179631720584,-0.00031102240284,0.390912732873,-0.000121582617479
q20_from_e0,cosine_6,696,79.812793825,79.8142387504,0.00165138656074,-0.00144492542049,0.388681258222,-0.000561615430471
q20_from_e0,cosine_6,698,79.8115803403,79.8140772175,0.00148985358013,-0.00249687713738,0.386454682007,-0.000964929860135
q20_from_e0,cosine_6,700,79.8104663538,79.8139016952,0.00131433127758,-0.00343534132398,0.384233051304,-0.00131997167918
q20_from_e0,cosine_6,702,79.8094828348,79.8137150443,0.00112768039801,-0.00423220952906,0.382016412795,-0.00161677350249
q20_from_e0,cosine_6,704,79.8086566977,79.8135202905,0.000932926637404,-0.00486359282819,0.379804812765,-0.00184721596347
q20_from_e0,cosine_6,706,79.8080100546,79.8133205386,0.000733174676242,-0.00531048397296,0.377598297106,-0.002005229705
q20_from_e0,cosine_6,708,79.8075595415,79.8131188873,0.000531523439847,-0.0055593458502,0.375396911312,-0.00208696126108
q20_from_e0,cosine_6,710,79.8073158176,79.8129183494,0.00033098547938,-0.00560253181447,0.373200700478,-0.00209086879761
q20_from_e0,cosine_6,712,79.8072834433,79.8127217758,0.000134411959607,-0.00543833253853,0.371009709302,-0.00201767417421
q20_from_e0,cosine_6,714,79.8074608685,79.8125317866,-5.55773089843e-05,-0.00507091812256,0.368823982078,-0.00187027621475
q20_from_e0,cosine_6,716,79.8078404795,79.8123507111,-0.00023665276106,-0.00451023160849,0.366643562703,-0.00165364738555
q20_from_e0,cosine_6,718,79.8084089472,79.8121805448,-0.000406819054845,-0.00377159763204,0.364468494667,-0.00137462851144
q20_from_e0,cosine_6,720,79.8091476831,79.8120229165,-0.000564447414618,-0.00287523336235,0.362298821058,-0.00104169365744
q20_from_e0,cosine_6,722,79.8100333905,79.8118790701,-0.000708293758166,-0.00184567966826,0.360134584561,-0.000664693080562
q20_from_e0,cosine_6,724,79.811038837,79.8117498609,-0.000837502943455,-0.000711023942173,0.357975827452,-0.000254529384038
q20_from_e0,cosine_6,726,79.8121337784,79.8116357629,-0.000951601003493,0.000498015498636,0.355822591604,0.000177205165384
q20_from_e0,cosine_6,728,79.8132858467,79.8115368897,-0.0010504742246,0.00174895703698,0.35367491848,0.000618562237479
q20_from_e0,cosine_6,730,79.8144614701,79.8114530263,-0.00113433756655,0.00300844377982,0.351532849136,0.00105756681338
q20_from_e0,cosine_6,732,79.8156268544,79.8113836708,-0.00120369305255,0.00424318355329,0.349396424216,0.00148255316081
q20_from_e0,cosine_6,734,79.8167488679,79.8113280843,-0.00125927961565,0.00542078365304,0.347265683958,0.00188245214286
q20_from_e0,cosine_6,736,79.8177959361,79.8112853439,-0.00130201996873,0.00651059223311,0.345140668187,0.00224707015363
q20_from_e0,cosine_6,738,79.8187388795,79.8112543994,-0.00133296451114,0.00748448015663,0.343021416315,0.00256733698371
q20_from_e0,cosine_6,740,79.8195517352,79.8112341314,-0.00135323247247,0.00831760381364,0.340907967344,0.00283553740928
q20_from_e0,cosine_6,742,79.8202123768,79.8112234075,-0.00136395637759,0.00898896930413,0.33880035986,0.00304546603501
q20_from_e0,cosine_6,744,79.8207029906,79.8112211328,-0.00136623106233,0.00948185779603,0.336698632038,0.00319252854911
q20_from_e0,cosine_6,746,79.821010496,79.8112262954,-0.00136106849125,0.00978420057525,0.334602821637,0.00327382111995
q20_from_e0,cosine_6,748,79.8211267928,79.8112380025,-0.00134936138765,0.00988879027884,0.332512966001,0.00328815098578
q20_from_e0,cosine_6,750,79.8210487899,79.8112555104,-0.00133185353479,0.00979327954981,0.330429102058,0.00323598456784
q20_from_e0,cosine_6,752,79.8207784463,79.8112782448,-0.00130911910598,0.00950020154822,0.328351266319,0.00311940320864
q20_from_e0,cosine_6,754,79.8203228143,79.8113058093,-0.00128155460277,0.0090170049727,0.32627949488,0.00294206382782
q20_from_e0,cosine_6,756,79.8196934952,79.8113379829,-0.00124938094055,0.00835551225724,0.324213823417,0.00270897257553
q20_from_e0,cosine_6,758,79.8189061767,79.8113747095,-0.00121265438815,0.00753146717149,0.32215428719,0.00242629443813
q20_from_e0,cosine_6,760,79.817980326,79.8114160777,-0.00117128620843,0.00656424827325,0.32010092104,0.0021012219182
q20_from_e0,cosine_6,762,79.8169383553,79.8114622954,-0.00112506844289,0.00547605986023,0.318053759389,0.00174168142518
q20_from_e0,cosine_6,764,79.8158052751,79.8115136592,-0.00107370471609,0.0042916159297,0.316012836239,0.00135620572199
q20_from_e0,cosine_6,766,79.8146084917,79.8115705181,-0.00101684578809,0.00303797364587,0.313978185173,0.000953857451935
q20_from_e0,cosine_6,768,79.8133768374,79.8116332348,-0.000954129106191,0.00174360259565,0.311949839354,0.000543916549612
q20_from_e0,cosine_6,770,79.8121400878,79.8117021442,-0.000885219711463,0.00043794362989,0.309927831526,0.000135730919542
q20_from_e0,cosine_6,772,79.8109283981,79.8117775138,-0.000809850086426,-0.000849115652883,0.307912194008,-0.000261453063646
q20_from_e0,cosine_6,774,79.8097713796,79.8118595056,-0.000727858294596,-0.00208812600891,0.305902958703,-0.000638763924272
q20_from_e0,cosine_6,776,79.808697477,79.8119481408,-0.000639223065775,-0.00325066384045,0.30390015709,-0.000987877251759
q20_from_e0,cosine_6,778,79.8077332809,79.812043274,-0.000544089913063,-0.00430999311779,0.301903820227,-0.00130120338741
q20_from_e0,cosine_6,780,79.8069023919,79.8121445762,-0.000442787690019,-0.00524218425583,0.299913978751,-0.00157220433751
q20_from_e0,cosine_6,782,79.8062248405,79.8122515264,-0.000335837444396,-0.00602668597652,0.297930662876,-0.00179553454793
q20_from_e0,cosine_6,784,79.8057164733,79.8123634126,-0.000223951296562,-0.00664693928125,0.295953902395,-0.00196718761927
q20_from_e0,cosine_6,786,79.8053882658,79.8124793407,-0.00010802314624,-0.00709107498555,0.29398372668,-0.00208466065042
q20_from_e0,cosine_6,788,79.8052462318,79.8125982509,1.08870436293e-05,-0.0073520191287,0.292020164678,-0.00214693783668
q20_from_e0,cosine_6,790,79.8052913344,79.8127189414,0.000131577552438,-0.00742760707395,0.290063244917,-0.00215447580984
q20_from_e0,cosine_6,792,79.8055193452,79.8128400992,0.00025273536157,-0.00732075404891,0.288112995501,-0.00210920437835
q20_from_e0,cosine_6,794,79.8059213611,79.8129603343,0.000372970374826,-0.0070389731941,0.286169444111,-0.00201433904607
q20_from_e0,cosine_6,796,79.8064841006,79.8130782204,0.000490856518383,-0.00659411975566,0.284232618009,-0.00187426392161
q20_from_e0,cosine_6,798,79.8071899679,79.8131923391,0.000604975222416,-0.00600237117381,0.282302544031,-0.00169448465258
q20_from_e0,cosine_6,800,79.8080177216,79.8133013208,0.000713956872616,-0.0052835991373,0.280379248594,-0.00148141155599
q20_from_e0,cosine_6,802,79.8089427998,79.8134038853,0.00081652141148,-0.00446108548839,0.278462757691,-0.00124224616739
q20_from_e0,cosine_6,804,79.809937926,79.813498876,0.000911512115806,-0.00356094998516,0.276553096895,-0.000984791746285
q20_from_e0,cosine_6,806,79.8109736709,79.8135852871,0.00099792321825,-0.00261161620533,0.274650291357,-0.000717281151706
q20_from_e0,cosine_6,808,79.8120186341,79.8136622898,0.00107492588995,-0.00164365571963,0.272754365805,-0.00044831427341
q20_from_e0,cosine_6,810,79.8130403765,79.8137292514,0.00114188751394,-0.000688874949162,0.270865344547,-0.000186592350455
q20_from_e0,cosine_6,812,79.814006613,79.8137857462,0.00119838229585,0.000220866788695,0.26898325147,5.94094669649e-05
q20_from_e0,cosine_6,814,79.8148860362,79.8138315553,0.00124419145682,0.0010544808507,0.267108110041,0.000281660387105
q20_from_e0,cosine_6,816,79.8156495488,79.8138666562,0.00127929229868,0.00178289258692,0.265239943306,0.000472894328674
q20_from_e0,cosine_6,818,79.8162712559,79.8138912032,0.00130383926785,0.00238005277508,0.263378773889,0.000626855381693
q20_from_e0,cosine_6,820,79.8167293568,79.8139055053,0.00131814139982,0.00282385150726,0.261524623998,0.000738506703663
q20_from_e0,cosine_6,822,79.8170074342,79.8139100025,0.00132263860787,0.00309743168299,0.259677515419,0.000804333363619
q20_from_e0,cosine_6,824,79.8170953279,79.8139052385,0.00131787465166,0.00319008939184,0.25783746952,0.000822524576333
q20_from_e0,cosine_6,826,79.8169896918,79.8138918284,0.00130446451841,0.00309786342092,0.256004507249,0.000793066998598
q20_from_e0,cosine_6,828,79.8166941551,79.8138704249,0.00128306106447,0.00282373015234,0.254178649139,0.000717731915656
q20_from_e0,cosine_6,830,79.8162191161,79.813841686,0.0012543221268,0.00237743004917,0.252359915303,0.000599968045846
q20_from_e0,cosine_6,832,79.8155812473,79.8138062422,0.00121887827561,0.00177500517218,0.250548325437,0.000444724573531
q20_from_e0,cosine_6,834,79.8148025697,79.8137646702,0.00117730635584,0.0010378994287,0.248743898821,0.000258171150478
q20_from_e0,cosine_6,836,79.8139090417,79.8137174741,0.00113011024777,0.000191567564272,0.24694665432,4.73069690732e-05
q20_from_e0,cosine_6,838,79.8129295212,79.8136650706,0.00107770670053,-0.000735549394037,0.245156610382,-0.00018032479621
q20_from_e0,cosine_6,840,79.8118946697,79.8136077848,0.00102042093845,-0.00171311507764,0.24337378504,-0.000416927300653
q20_from_e0,cosine_6,842,79.8108358805,79.8135458542,0.000958490300349,-0.00270997370201,0.241598195915,-0.000654724757382
q20_from_e0,cosine_6,844,79.8097843478,79.8134794371,0.000892073257603,-0.00369508938753,0.239829860212,-0.000886192771283
q20_from_e0,cosine_6,846,79.8087699018,79.8134086326,0.000821268746307,-0.00463873083264,0.238068794725,-0.00110433705838
q20_from_e0,cosine_6,848,79.8078205534,79.8133335071,0.000746143192259,-0.00551295372101,0.236315015835,-0.00130279374588
q20_from_e0,cosine_6,850,79.8069620193,79.813254126,0.000666762115685,-0.00629210668309,0.234568539512,-0.00147593027511
q20_from_e0,cosine_6,852,79.8062167783,79.8131705865,0.00058322265869,-0.00695380820734,0.232829381315,-0.0016190508627
q20_from_e0,cosine_6,854,79.8056043382,79.8130830475,0.000495683663189,-0.00747870931301,0.231097556392,-0.00172831144721
q20_from_e0,cosine_6,856,79.8051408302,79.8129917586,0.000404394733224,-0.0078509283862,0.229373079486,-0.00180079162077
q20_from_e0,cosine_6,858,79.8048385501,79.8128970867,0.000309722779548,-0.00805853660502,0.227655964927,-0.00183457392672
q20_from_e0,cosine_6,860,79.8047062345,79.8127995373,0.000212173427471,-0.0080933028572,0.225946226641,-0.00182865124164
q20_from_e0,cosine_6,862,79.8047484188,79.8126997693,0.000112405413347,-0.00795135045958,0.224243878145,-0.00178304166354
q20_from_e0,cosine_6,864,79.804965197,79.8125986008,1.12369051237e-05,-0.00763340376155,0.222548932552,-0.00169880585887
q20_from_e0,cosine_6,866,79.8053525917,79.8124970095,-9.035435518e-05,-0.00714441783573,0.220861402571,-0.00157792614375
q20_from_e0,cosine_6,868,79.805902658,79.8123961272,-0.00019123669972,-0.00649346919187,0.219181300505,-0.00142324702226
q20_from_e0,cosine_6,870,79.806603184,79.8122972213,-0.00029014259519,-0.00569403730613,0.217508638256,-0.00123850230064
q20_from_e0,cosine_6,872,79.807437719,79.812201665,-0.000385698929392,-0.00476394599708,0.215843427325,-0.0010282664316
q20_from_e0,cosine_6,874,79.8083858154,79.8121109028,-0.000476461075579,-0.00372508736446,0.21418567881,-0.000797860365782
q20_from_e0,cosine_6,876,79.8094237494,79.81202642,-0.000560943919623,-0.00260267052992,0.21253540341,-0.000553159631021
q20_from_e0,cosine_6,878,79.8105249876,79.8119497037,-0.000637660212391,-0.00142471611902,0.210892611428,-0.000300462102883
q20_from_e0,cosine_6,880,79.8116614632,79.811882195,-0.000705168860321,-0.000220731855904,0.209257312765,-4.61897550082e-05
q20_from_e0,cosine_6,882,79.8128040417,79.8118252425,-0.000762121406297,0.000978799188957,0.207629516929,0.000203227602774
q20_from_e0,cosine_6,884,79.8139238151,79.8117800534,-0.000807310528387,0.0021437617737,0.206009233033,0.000441634718804
q20_from_e0,cosine_6,886,79.8149935067,79.8117476455,-0.000839718350363,0.00324586114694,0.204396469792,0.00066344255987
q20_from_e0,cosine_6,888,79.8159876619,79.8117288075,-0.000858556342621,0.00425885431379,0.202791235533,0.00086365832825
q20_from_e0,cosine_6,890,79.816883737,79.8117240655,-0.000863298340846,0.00515967150297,0.201193538189,0.00103809256557
q20_from_e0,cosine_6,892,79.8176630709,79.8117336579,-0.000853706013203,0.00592941305648,0.1996033853,0.00118353091892
q20_from_e0,cosine_6,894,79.8183110026,79.8117575152,-0.000829848658611,0.00655348733723,0.198020784022,0.0012977267006
q20_from_e0,cosine_6,896,79.818817203,79.8117952479,-0.000792116030283,0.00702195512922,0.196445741118,0.00137943317946
q20_from_e0,cosine_6,898,79.8191759253,79.8118461481,-0.000741215765331,0.00732977716639,0.194878262969,0.00142841424213
q20_from_e0,cosine_6,900,79.8193856597,79.8119092055,-0.000678158375976,0.0074764542191,0.193318355565,0.0014453358351
q20_from_e0,cosine_6,902,79.8194488676,79.8119831309,-0.000604233024873,0.00746573671864,0.191766024518,0.00143167465063
q20_from_e0,cosine_6,904,79.819372059,79.8120663939,-0.000520969946422,0.00730566509763,0.190221275053,0.00138969292998
q20_from_e0,cosine_6,906,79.8191657839,79.8121572686,-0.000430095262601,0.00700851531117,0.188684112014,0.00132239548803
q20_from_e0,cosine_6,908,79.818844072,79.8122538788,-0.00033348512585,0.00659019323096,0.187154539868,0.00123338458178
q20_from_e0,cosine_6,910,79.8184239777,79.8123542478,-0.000233116049088,0.00606972985993,0.1856325627,0.0011267395088
q20_from_e0,cosine_6,912,79.8179252576,79.8124563528,-0.000131011061598,0.0054689048237,0.18411818422,0.00100692482581
q20_from_e0,cosine_6,914,79.817369498,79.8125581797,-2.91842061841e-05,0.00481131830456,0.182611407762,0.000878601608786
q20_from_e0,cosine_6,916,79.8167791288,79.8126577807,7.04168263326e-05,0.00412134805454,0.181112236285,0.000746426562665
q20_from_e0,cosine_6,918,79.8161767271,79.8127533325,0.000165968652766,0.00342339454666,0.179620672376,0.000614912430278
q20_from_e0,cosine_6,920,79.8155843426,79.8128431928,0.000255828892449,0.00274114980201,0.17813671825,0.000488299429962
q20_from_e0,cosine_6,922,79.8150226296,79.812925949,0.000338585135438,0.00209668056722,0.176660375755,0.000370400376843
q20_from_e0,cosine_6,924,79.8145100916,79.8130004554,0.000413091535961,0.00150963613653,0.175191646367,0.000264475640174
q20_from_e0,cosine_6,926,79.8140625064,79.8130658632,0.000478499275673,0.000996643251284,0.173730531198,0.000173147361461
q20_from_e0,cosine_6,928,79.8136924506,79.8131216425,0.000534278602544,0.00057080806674,0.172277030996,9.83371190064e-05
q20_from_e0,cosine_6,930,79.8134089072,79.8131675885,0.000580224564771,0.000241318701214,0.170831146142,4.12247503138e-05
q20_from_e0,cosine_6,932,79.8132174543,79.8132038133,0.000616449418871,1.36409489073e-05,0.169392876658,2.31067957576e-06
q20_from_e0,cosine_6,934,79.8131205034,79.8132307286,0.000643364757366,-0.000110225277595,0.167962222207,-1.85136825682e-05
q20_from_e0,cosine_6,936,79.8131174624,79.8132490169,0.00066165305256,-0.000131554555551,0.16653918209,-2.19089880818e-05
q20_from_e0,cosine_6,938,79.8132050945,79.813259595,0.000672231155065,-5.45005490551e-05,0.165123755255,-8.99933532344e-06
q20_from_e0,cosine_6,940,79.8133776487,79.8132635726,0.0006762086783,0.000114076178249,0.163715940293,1.86760887871e-05
q20_from_e0,cosine_6,942,79.8136275026,79.8132622038,0.000674839914993,0.000365298825841,0.162315735441,5.92937475722e-05
q20_from_e0,cosine_6,944,79.8139455075,79.813256831,0.000669467068178,0.000688676523893,0.160923138587,0.000110823987696
q20_from_e0,cosine_6,946,79.814320585,79.8132488203,0.000661456436887,0.00107176465791,0.159538147268,0.00017098734783
q20_from_e0,cosine_6,948,79.814740015,79.8132394987,0.000652134778534,0.00150051634986,0.158160758671,0.000237322804293
q20_from_e0,cosine_6,950,79.8151897588,79.8132300952,0.000642731269451,0.00195966363464,0.15679096964,0.000307257561444
q20_from_e0,cosine_6,952,79.815654129,79.8132216884,0.000634324562071,0.00243244053598,0.155428776673,0.000378071256838
q20_from_e0,cosine_6,954,79.8161161885,79.8132151553,0.000627791435562,0.00290103316303,0.154074175925,0.000446974293925
q20_from_e0,cosine_6,956,79.8165585003,79.8132111254,0.000623761516636,0.00334737491561,0.152727163211,0.000511235075066
q20_from_e0,cosine_6,958,79.8169635274,79.8132099492,0.000622585351138,0.00375357814139,0.151387734007,0.000568245689244
q20_from_e0,cosine_6,960,79.8173144694,79.8132116774,0.000624313529073,0.00410279195866,0.150055883452,0.000615648071977
q20_from_e0,cosine_6,962,79.8175958397,79.8132160512,0.00062868736029,0.00437978844596,0.148731606349,0.000651412971037
q20_from_e0,cosine_6,964,79.8177939147,79.8132225078,0.000635143867072,0.00457140698255,0.147414897169,0.000673893490249
q20_from_e0,cosine_6,966,79.8178970889,79.8132302,0.000642836117947,0.00466688888842,0.14610575005,0.000681859301443
q20_from_e0,cosine_6,968,79.8178960225,79.8132380288,0.000650664919334,0.00465799374457,0.144804158803,0.000674496865891
q20_from_e0,cosine_6,970,79.8177840114,79.8132446845,0.000657320605114,0.00453932686175,0.143510116909,0.000651439328617
q20_from_e0,cosine_6,972,79.8175568588,79.8132486992,0.000661335275083,0.00430815967344,0.142223617526,0.000612722053635
q20_from_e0,cosine_6,974,79.8172127549,79.8132485064,0.000661142518567,0.00396424853339,0.140944653485,0.000558739635869
q20_from_e0,cosine_6,976,79.8167521349,79.813242508,0.000655144107299,0.00350962686377,0.1396732173,0.000490200875587
q20_from_e0,cosine_6,978,79.8161775553,79.8132291461,0.000641782176672,0.00294840920715,0.138409301162,0.000408087257903
q20_from_e0,cosine_6,980,79.8154939432,79.8132069744,0.000619610467339,0.00228696883643,0.137152896946,0.000313664401142
q20_from_e0,cosine_6,982,79.8147085358,79.8131747254,0.000587361485003,0.00153381042428,0.135903996211,0.00020845096609
q20_from_e0,cosine_6,984,79.8138308256,79.8131313734,0.000544009515437,0.000699452206348,0.134662590203,9.41900458298e-05
q20_from_e0,cosine_6,986,79.8128726435,79.8130761921,0.000488828179769,-0.000203548587848,0.133428669855,-2.71592173275e-05
q20_from_e0,cosine_6,988,79.811848007,79.813008801,0.000421437151871,-0.00116079406178,0.132202225794,-0.000153459558655
q20_from_e0,cosine_6,990,79.8107731403,79.812929201,0.000341837083994,-0.00215606070155,0.130983248337,-0.0002824078343
q20_from_e0,cosine_6,992,79.8096664201,79.8128377961,0.000250432190654,-0.00317137596159,0.129771727496,-0.000411554937075
q20_from_e0,cosine_6,994,79.8085480964,79.8127354021,0.000148038171034,-0.0041873056585,0.128567652983,-0.000538352060835
q20_from_e0,cosine_6,996,79.8074401556,79.8126232394,3.58754757315e-05,-0.00518308379971,0.127371014205,-0.000660174640276
q20_from_e0,cosine_6,998,79.8063659419,79.812502913,-8.4450899692e-05,-0.00613697112843,0.126181800272,-0.000774374065205
q20_from_e0,cosine_6,1000,79.8053495892,79.8123763761,-0.000210987832375,-0.00702678689353,0.125,-0.000878348361692
q20_from_e0,cosine_6,1002,79.804415368,79.8122458802,-0.000341483658275,-0.0078305122595,0.123825601907,-0.000969617893769
q20_from_e0,cosine_6,1004,79.8035868031,79.8121139154,-0.000473448474651,-0.00852711229832,0.122658594219,-0.00104592360726
q20_from_e0,cosine_6,1006,79.8028860232,79.81198314,-0.000604223847091,-0.00909711680056,0.121498964875,-0.00110529027461
q20_from_e0,cosine_6,1008,79.8023328922,79.8118563039,-0.000731059954262,-0.00952341171781,0.120346701522,-0.00114611118748
q20_from_e0,cosine_6,1010,79.8019444183,79.8117361663,-0.00085119758964,-0.00979174795678,0.119201791526,-0.00116719389862
q20_from_e0,cosine_6,1012,79.8017342556,79.8116254129,-0.000961951032934,-0.00989115720726,0.118064221966,-0.00116779178002
q20_from_e0,cosine_6,1014,79.8017121211,79.8115265748,-0.00106078910912,-0.0098144536458,0.11693397964,-0.0011476431228
q20_from_e0,cosine_6,1016,79.801883454,79.811441952,-0.0011454119014,-0.00955849793429,0.11581105107,-0.00110697969242
q20_from_e0,cosine_6,1018,79.8022488867,79.8113735431,-0.0012138207436,-0.00912465645864,0.114695422498,-0.00104655632767
q20_from_e0,cosine_6,1020,79.8028038199,79.8113229889,-0.00126437498774,-0.00851916901698,0.113587079893,-0.000967667531754
q20_from_e0,cosine_6,1022,79.8035381815,79.8112915256,-0.00129583823963,-0.00775334414989,0.112486008952,-0.000872142739453
q20_from_e0,cosine_6,1024,79.8044365144,79.8112799502,-0.00130741367556,-0.00684343578105,0.111392195102,-0.00076230533369
q20_from_e0,cosine_6,1026,79.8054779996,79.8112886019,-0.00129876194293,-0.00581060236352,0.110305623502,-0.00064094211663
q20_from_e0,cosine_6,1028,79.8066371499,79.8113173584,-0.00127000549477,-0.00468020848233,0.109226279046,-0.000511201757683
q20_from_e0,cosine_6,1030,79.8078845367,79.8113656455,-0.0012217184034,-0.00348110881949,0.108154146365,-0.000376496352775
q20_from_e0,cosine_6,1032,79.8091874154,79.8114324603,-0.0011549035675,-0.00224504489182,0.107089209829,-0.000240420083496
q20_from_e0,cosine_6,1034,79.8105108678,79.811516406,-0.00107095784278,-0.00100553820026,0.106031453551,-0.000106618676975
q20_from_e0,cosine_6,1036,79.811819025,79.8116157403,-0.000971623599298,0.000203284682357,0.104980861386,2.13410010605e-05
q20_from_e0,cosine_6,1038,79.8130760607,79.8117284316,-0.000858932284146,0.00134762905367,0.103937416937,0.000140069082828
q20_from_e0,cosine_6,1040,79.8142474828,79.8118522226,-0.000735141294371,0.00239526017779,0.102901103555,0.000246474915596
q20_from_e0,cosine_6,1042,79.8153014167,79.8119847021,-0.000602661813986,0.00331671464768,0.101871904341,0.000337880037317
q20_from_e0,cosine_6,1044,79.8162096925,79.8121233783,-0.000463985620826,0.00408631427615,0.100849802152,0.000412103986282
q20_from_e0,cosine_6,1046,79.8169490522,79.8122657496,-0.000321614246843,0.00468330259193,0.0998347795987,0.000467556482059
q20_from_e0,cosine_6,1048,79.8175017388,79.8124093782,-0.000177985726793,0.00509236062356,0.0988268190501,0.000503261801883
q20_from_e0,cosine_6,1050,79.8178562638,79.8125519569,-3.54069364334e-05,0.00530430680953,0.0978259026365,0.000518898601504
q20_from_e0,cosine_6,1052,79.8180081283,79.8126913679,0.000104004029268,0.0053167603927,0.0968320122508,0.000514832607481
q20_from_e0,cosine_6,1054,79.8179597552,79.8128257311,0.000238367172415,0.00513402413549,0.0958451295514,0.000492071208385
q20_from_e0,cosine_6,1056,79.8177204538,79.8129534423,0.00036607842857,0.00476701147586,0.0948652359642,0.000452223668502
q20_from_e0,cosine_6,1058,79.8173061945,79.8130732007,0.000485836780626,0.00423299387809,0.0938923126855,0.000397445584797
q20_from_e0,cosine_6,1060,79.8167389414,79.813184024,0.000596660141468,0.00355491735606,0.092926340684,0.000330345461332
q20_from_e0,cosine_6,1062,79.8160460404,79.8132852539,0.000697890056699,0.00276078648879,0.0919673007037,0.000253902081194
q20_from_e0,cosine_6,1064,79.8152592166,79.8133765491,0.000789185235647,0.00188266745688,0.0910151732657,0.00017135130479
q20_from_e0,cosine_6,1066,79.8144133989,79.8134578671,0.000870503253154,0.000955531775375,0.0900699386712,8.60646884064e-05
q20_from_e0,cosine_6,1068,79.8135454956,79.8135294343,0.000942070430341,1.60613104185e-05,0.0891315770037,1.43156992635e-06
q20_from_e0,cosine_6,1070,79.8126931136,79.8135917091,0.00100434518195,-0.000898595454998,0.0882000681312,-7.92561803533e-05
q20_from_e0,cosine_6,1072,79.8118930173,79.8136453395,0.00105797558885,-0.00175232220313,0.0872753917094,-0.000152934606679
q20_from_e0,cosine_6,1074,79.8111797348,79.8136911152,0.00110375135628,-0.00251138040353,0.0863575271833,-0.000216876601466
q20_from_e0,cosine_6,1076,79.8105840854,79.8137299178,0.00114255396232,-0.00314583242218,0.08544645379,-0.000268800224693
q20_from_e0,cosine_6,1078,79.8101318687,79.8137626692,0.00117530531375,-0.00363080053525,0.0845421505615,-0.00030695568551
q20_from_e0,cosine_6,1080,79.8098428948,79.8137902795,0.00120291557403,-0.00394738469463,0.0836445963265,-0.000330177399327
q20_from_e0,cosine_6,1082,79.8097302851,79.8138135991,0.00122623517939,-0.00408331399218,0.0827537697135,-0.000337909625777
q20_from_e0,cosine_6,1084,79.8098000045,79.813833376,0.00124601216351,-0.00403337152342,0.0818696491529,-0.000330210711526
q20_from_e0,cosine_6,1086,79.8100508048,79.8138502184,0.00126285449647,-0.00379941358543,0.0809922128796,-0.000307722913928
q20_from_e0,cosine_6,1088,79.8104745145,79.8138645662,0.0012772023386,-0.00339005172641,0.0801214389352,-0.000271615822385
q20_from_e0,cosine_6,1090,79.8110566946,79.8138766748,0.00128931095566,-0.00281998028028,0.0792573051712,-0.000223504037651
q20_from_e0,cosine_6,1092,79.8117776112,79.8138866084,0.00129924452216,-0.00210899719987,0.0783997892507,-0.000165344936
q20_from_e0,cosine_6,1094,79.8126130069,79.8138942426,0.00130687873893,-0.00128123576621,0.0775488686513,-9.93583841455e-05
q20_from_e0,cosine_6,1096,79.8135352648,79.8138992737,0.00131190979869,-0.000364008923029,0.0767045206675,-2.79211299596e-05
q20_from_e0,cosine_6,1098,79.8145145527,79.8139012374,0.00131387355071,0.000613315310474,0.0758667224131,4.65302224114e-05
q20_from_e0,cosine_6,1100,79.8155199109,79.813899536,0.00131217214303,0.00162037490492,0.0750354508239,0.000121585561494
q20_from_e0,cosine_6,1102,79.8165202101,79.8138934695,0.00130610563428,0.00262674059222,0.0742106826601,0.00019493221252
q20_from_e0,cosine_6,1104,79.8174850608,79.813882272,0.00129490814726,0.00360278872995,0.0733923945086,0.000264417291799
q20_from_e0,cosine_6,1106,79.8183857277,79.81386515,0.00127778611363,0.00452057771787,0.0725805627858,0.00032810607488
q20_from_e0,cosine_6,1108,79.8191960778,79.8138413214,0.00125395752201,0.00535475636063,0.0717751637399,0.000384338514572
q20_from_e0,cosine_6,1110,79.8198932542,79.8138100563,0.0012226924409,0.00608319791388,0.0709761734536,0.000431762110288
q20_from_e0,cosine_6,1112,79.8204580687,79.8137707144,0.00118335054097,0.00668735428012,0.0701835678464,0.000469342382831
q20_from_e0,cosine_6,1114,79.8208752817,79.813722779,0.00113541506764,0.007152502697,0.0693973226769,0.000496364537611
q20_from_e0,cosine_6,1116,79.8211339992,79.8136658877,0.00107852384048,0.00746811145758,0.0686174135461,0.000512442492293
q20_from_e0,cosine_6,1118,79.821227899,79.8135998561,0.00101249219668,0.00762804292279,0.0678438158988,0.000517515539722
q20_from_e0,cosine_6,1120,79.8211552061,79.813524691,0.000937327135944,0.00763051512493,0.067076505027,0.000511828286136
q20_from_e0,cosine_6,1122,79.8209186672,79.8134405986,0.000853234723564,0.00747806855283,0.066315456072,0.000495911526618
q20_from_e0,cosine_6,1124,79.8205252128,79.8133479839,0.00076061998368,0.00717722894764,0.0655606440268,0.000470543752135
q20_from_e0,cosine_6,1126,79.8199855242,79.8132474441,0.000660080206487,0.00673808008708,0.0648120437391,0.000436708741321
q20_from_e0,cosine_6,1128,79.8193136698,79.8131397545,0.00055239058419,0.00617391535359,0.064069629913,0.000395560471818
q20_from_e0,cosine_6,1130,79.8185264646,79.8130258474,0.000438483506485,0.00550061724951,0.0633333771122,0.000348372666613
q20_from_e0,cosine_6,1132,79.8176428155,79.8129067893,0.000319425366911,0.00473602620259,0.0626032597623,0.000296490678602
q20_from_e0,cosine_6,1134,79.8166831886,79.8127837554,0.000196391482291,0.00389943324721,0.0618792521531,0.000241294013158
q20_from_e0,cosine_6,1136,79.8156691438,79.812658001,7.0637094268e-05,0.00301114284757,0.0611613284411,0.000184165496683
q20_from_e0,cosine_6,1138,79.8146230512,79.8125308316,-5.65323300918e-05,0.00209221963679,0.0604494626524,0.000126473552795
q20_from_e0,cosine_6,1140,79.8135676916,79.8124035745,-0.000183789416411,0.00116411713297,0.0597436286846,6.95485817378e-05
q20_from_e0,cosine_6,1142,79.812525879,79.812277548,-0.000309815902028,0.000248330986295,0.0590438003098,1.46624051656e-05
q20_from_e0,cosine_6,1144,79.811520408,79.8121540303,-0.000433333581299,-0.000633622353988,0.0583499511766,-3.69718334196e-05
q20_from_e0,cosine_6,1146,79.8105734717,79.8120342344,-0.000553129508603,-0.00146076263512,0.0576620548131,-8.42305751351e-05
q20_from_e0,cosine_6,1148,79.8097061825,79.8119192877,-0.000668076166505,-0.0022131051724,0.0569800846288,-0.000126102920016
q20_from_e0,cosine_6,1150,79.8089381503,79.8118102183,-0.000777145571817,-0.0028720680515,0.0563040139175,-0.000161708959544
q20_from_e0,cosine_6,1152,79.8082866921,79.8117079457,-0.000879418159244,-0.00342125366566,0.0556338158599,-0.000190337396445
q20_from_e0,cosine_6,1154,79.8077663217,79.8116132769,-0.00097408702905,-0.00384695520269,0.0549694635253,-0.000211465063698
q20_from_e0,cosine_6,1156,79.8073885307,79.8115269082,-0.00106045569947,-0.00413837749267,0.0543109298749,-0.0002247591298
q20_from_e0,cosine_6,1158,79.8071612072,79.811449429,-0.00113793486756,-0.00428822183186,0.0536581877638,-0.000230098212226
q20_from_e0,cosine_6,1160,79.807088308,79.8113813244,-0.00120603946746,-0.00429301637432,0.0530112099435,-0.00022757799231
q20_from_e0,cosine_6,1162,79.8071695911,79.8113229829,-0.00126438102271,-0.00415339177898,0.0523699690646,-0.000217512998979
q20_from_e0,cosine_6,1164,79.8074004498,79.8112747073,-0.00131265657967,-0.00387425746591,0.0517344376789,-0.000200432531422
q20_from_e0,cosine_6,1166,79.8077721507,79.8112367265,-0.00135063739174,-0.00346457579558,0.051104588242,-0.000177055719466
q20_from_e0,cosine_6,1168,79.8082719759,79.8112092051,-0.00137815878725,-0.00293722921977,0.0504803931157,-0.000148272485685
q20_from_e0,cosine_6,1170,79.8088834337,79.8111922514,-0.00139511248858,-0.00230881768205,0.0498618245706,-0.000115121862228
q20_from_e0,cosine_6,1172,79.8095866993,79.8111859237,-0.00140144022086,-0.00159922440257,0.0492488547881,-7.87599703757e-05
q20_from_e0,cosine_6,1174,79.8103590743,79.811190235,-0.00139712886946,-0.000831160732574,0.0486414558633,-4.04288680888e-05
q20_from_e0,cosine_6,1176,79.8111756441,79.8112051553,-0.00138220854767,-2.95112030528e-05,0.0480395998072,-1.41770638449e-06
q20_from_e0,cosine_6,1178,79.8120100256,79.8112306117,-0.00135675221826,0.000779413977128,0.0474432585489,3.69779388335e-05
q20_from_e0,cosine_6,1180,79.8128351061,79.8112664862,-0.00132087768384,0.00156861990135,0.0468524039384,7.34936132439e-05
q20_from_e0,cosine_6,1182,79.8136238482,79.8113126101,-0.00127475380793,0.00231123811345,0.0462670077488,0.000106934071704
q20_from_e0,cosine_6,1184,79.8143501082,79.8113687544,-0.00121860951069,0.00298135378377,0.0456870416784,0.000136209234577
q20_from_e0,cosine_6,1186,79.8149893659,79.8114346201,-0.0011527438144,0.00355474583421,0.0451124773537,0.000160363390944
q20_from_e0,cosine_6,1188,79.8155194557,79.8115098266,-0.00107753730489,0.00400962910899,0.0445432863312,0.000178602057484
q20_from_e0,cosine_6,1190,79.8159210053,79.8115939008,-0.000993463090822,0.00432710449026,0.0439794401002,0.000190303632737
q20_from_e0,cosine_6,1192,79.8161779486,79.8116862683,-0.000901095618133,0.00449168029066,0.0434209100847,0.00019503284603
q20_from_e0,cosine_6,1194,79.8162785683,79.811786248,-0.000801115884173,0.00449232030572,0.0428676676462,0.000192575293826
q20_from_e0,cosine_6,1196,79.8162156758,79.8118930512,-0.000694312685738,0.00432262455455,0.0423196840857,0.00018293210557
q20_from_e0,cosine_6,1198,79.8159867929,79.812005782,-0.000581581921665,0.00398101097237,0.0417769306464,0.000166314419295
q20_from_e0,cosine_6,1200,79.8155947028,79.812123442,-0.000463921922574,0.00347126081301,0.0412393785157,0.000143152638594
q20_from_e0,cosine_6,1202,79.8150473661,79.8122449404,-0.000342423528153,0.00280242572484,0.0407069988274,0.000114078340695
q20_from_e0,cosine_6,1204,79.8143577554,79.8123691064,-0.000218257453156,0.00198864896312,0.0401797626647,7.99034433616e-05
q20_from_e0,cosine_6,1206,79.8135434224,79.8124947066,-9.2657296932e-05,0.00104871581523,0.0396576410617,4.15895953762e-05
q20_from_e0,cosine_6,1208,79.8126260504,79.8126204645,3.31006131944e-05,5.58594615541e-06,0.0391406050063,2.18637312055e-07
q20_from_e0,cosine_6,1210,79.8116310143,79.812745082,0.000157718158135,-0.00111406776971,0.0386286254419,-4.30349065929e-05
q20_from_e0,cosine_6,1212,79.8105865199,79.812867263,0.000279899107923,-0.00228074310192,0.0381216732704,-8.69457433452e-05
q20_from_e0,cosine_6,1214,79.8095224949,79.8129857405,0.000398376663213,-0.00346324560397,0.0376197193539,-0.000130286327675
q20_from_e0,cosine_6,1216,79.8084699192,79.8130993087,0.000511944860648,-0.0046293894995,0.0371227345171,-0.000171855597366
q20_from_e0,cosine_6,1218,79.8074599592,79.8132068536,0.000619489669859,-0.00574689438174,0.0366306895497,-0.000210512703973
q20_from_e0,cosine_6,1220,79.8065227582,79.8133073803,0.000720016379489,-0.00678462209412,0.0361435552084,-0.000245220363227
q20_from_e0,cosine_6,1222,79.8056866028,79.8134000374,0.000812673562905,-0.00771343460984,0.0356613022195,-0.000275071122772
q20_from_e0,cosine_6,1224,79.8049770717,79.8134841382,0.000896774279028,-0.00850706648218,0.0351839012807,-0.000299311787298
q20_from_e0,cosine_6,1226,79.804416007,79.8135591771,0.000971813241961,-0.00914317017302,0.0347113230636,-0.000317371533701
q20_from_e0,cosine_6,1228,79.8040208446,79.8136248428,0.00103747893198,-0.00960399819377,0.0342435382158,-0.000328874879173
q20_from_e0,cosine_6,1230,79.8038043528,79.8136810239,0.00109366005853,-0.0098766711191,0.033780517363,-0.000333639060228
q20_from_e0,cosine_6,1232,79.8037742141,79.8137278081,0.00114044417904,-0.0099535939807,0.0333222311116,-0.000331675959015
q20_from_e0,cosine_6,1234,79.8039328341,79.8137654721,0.00117810826096,-0.00983263804662,0.0328686500501,-0.000323185539023
q20_from_e0,cosine_6,1236,79.8042773597,79.8137944672,0.00120710331342,-0.00951710751944,0.0324197447521,-0.000308542196559
q20_from_e0,cosine_6,1238,79.8047998366,79.8138153965,0.00122803264372,-0.00901555995104,0.031975485778,-0.000288276908995
q20_from_e0,cosine_6,1240,79.8054877441,79.8138289891,0.0012416252583,-0.00834124500038,0.0315358436771,-0.000263048198404
q20_from_e0,cosine_6,1242,79.806324264,79.8138360686,0.0012487047412,-0.00751180463378,0.0311007889899,-0.000233623050849
q20_from_e0,cosine_6,1244,79.8072888382,79.8138375167,0.0012501528572,-0.00654867851443,0.0306702922503,-0.000200849883891
q20_from_e0,cosine_6,1246,79.8083581787,79.8138342361,0.00124687224417,-0.00547605740864,0.0302443239873,-0.00016561965444
q20_from_e0,cosine_6,1248,79.8095068639,79.8138271114,0.00123974748867,-0.00432024748618,0.0298228547276,-0.000128842113168
q20_from_e0,cosine_6,1250,79.8107078877,79.8138169692,0.00122960532761,-0.00310908152976,0.0294058549974,-9.1425200639e-05
q20_from_e0,cosine_6,1252,79.8119331652,79.8138045473,0.00121718340969,-0.00187138207129,0.0289932953244,-5.42575330576e-05
q20_from_e0,cosine_6,1254,79.8131542067,79.8137904686,0.00120310467688,-0.000636261841635,0.0285851462402,-1.81876377902e-05
q20_from_e0,cosine_6,1256,79.8143428915,79.8137752164,0.00118785253348,0.000567675063039,0.0281813782819,1.59978656927e-05
q20_from_e0,cosine_6,1258,79.8154719164,79.8137591139,0.00117175004667,0.00171280246688,0.0277819619947,4.75850130393e-05
q20_from_e0,cosine_6,1260,79.8165156728,79.8137423082,0.00115494436105,0.00277336452631,0.0273868679331,7.59537680124e-05
q20_from_e0,cosine_6,1262,79.8174509371,79.8137247624,0.00113739853103,0.00372617473236,0.026996066664,0.000100592061477
q20_from_e0,cosine_6,1264,79.8182571977,79.8137062572,0.00111889326995,0.00455094054547,0.0266095287676,0.000121098383364
q20_from_e0,cosine_6,1266,79.8189173728,79.8136864008,0.00109903691978,0.00523097204291,0.0262272248402,0.000137193879902
q20_from_e0,cosine_6,1268,79.8194184212,79.8136646474,0.00107728354928,0.00575377374811,0.0258491254958,0.00014873001969
q20_from_e0,cosine_6,1270,79.8197516703,79.8136403212,0.00105295732119,0.00611134904348,0.0254752013681,0.000155687847513
q20_from_e0,cosine_6,1272,79.8199134471,79.8136126462,0.00102528234265,0.00630080087471,0.0251054231125,0.000158184271907
q20_from_e0,cosine_6,1274,79.8199051395,79.8135807808,0.000993416950706,0.00632435870764,0.024739761408,0.000156463125486
q20_from_e0,cosine_6,1276,79.8197329883,79.8135438541,0.000956490234216,0.0061891342087,0.0243781869593,0.000150879870856
q20_from_e0,cosine_6,1278,79.8194082504,79.8135010075,0.000913643640899,0.00590724291852,0.0240206704982,0.000141895935699
q20_from_e0,cosine_6,1280,79.8189464663,79.8134514412,0.000864077350315,0.00549502510167,0.0236671827863,0.000130051763496
q20_from_e0,cosine_6,1282,79.8183667655,79.8133944595,0.000807095591057,0.00497230606342,0.023317694616,0.000115942714324
q20_from_e0,cosine_6,1284,79.8176912134,79.8133295137,0.000742149792245,0.00436169968329,0.0229721768132,0.000100197736331
q20_from_e0,cosine_6,1286,79.8169436583,79.8132562429,0.000668879060839,0.00368741539519,0.0226306002385,8.3448423722e-05
q20_from_e0,cosine_6,1288,79.8161488355,79.8131745078,0.000587143911986,0.00297432774273,0.0222929357894,6.63064973855e-05
q20_from_e0,cosine_6,1290,79.815331323,79.8130844175,0.000497053629545,0.00224690547212,0.021959154402,4.93401441891e-05
q20_from_e0,cosine_6,1292,79.814514455,79.8129863496,0.000398985676156,0.00152810548248,0.0216292270529,3.30517404413e-05
q20_from_e0,cosine_6,1294,79.8137200331,79.8128809585,0.000293594659141,0.000839074580909,0.0213031247608,1.78749104807e-05
q20_from_e0,cosine_6,1296,79.8129679485,79.8127691774,0.000181813524648,0.000198771053121,0.0209808185886,4.17037940619e-06
q20_from_e0,cosine_6,1298,79.8122758679,79.8126522069,6.48430187482e-05,-0.000376339013116,0.0206622796448,-7.77602193026e-06
q20_from_e0,cosine_6,1300,79.8116594676,79.8125314926,-5.58713147427e-05,-0.000872024956735,0.0203474790858,-1.77435095695e-05
q20_from_e0,cosine_6,1302,79.8111324961,79.8124086953,-0.000178668603994,-0.00127619919122,0.0200363881171,-2.55704223101e-05
q20_from_e0,cosine_6,1304,79.8107064909,79.8122856534,-0.000301710514989,-0.00157916242392,0.019728977995,-3.11552607121e-05
q20_from_e0,cosine_6,1306,79.8103911155,79.812164334,-0.000423029901185,-0.00177321848973,0.019425220029,-3.44451593225e-05
q20_from_e0,cosine_6,1308,79.8101940841,79.8120467794,-0.000540584443002,-0.00185269535483,0.0191250855827,-3.54329572198e-05
q20_from_e0,cosine_6,1310,79.8101208571,79.8119350493,-0.00065231462068,-0.00181419211863,0.0188285460761,-3.41585998964e-05
q20_from_e0,cosine_6,1312,79.8101746323,79.8118311586,-0.000756205306345,-0.00165652628816,0.0185355729866,-3.07046639184e-05
q20_from_e0,cosine_6,1314,79.8103560491,79.811737019,-0.000850344861078,-0.00138096994971,0.0182461378516,-2.51973680712e-05
q20_from_e0,cosine_6,1316,79.8106632314,79.8116543814,-0.000932982479782,-0.000991149969934,0.017960212269,-1.78012638505e-05
q20_from_e0,cosine_6,1318,79.8110915742,79.811584782,-0.00100258192751,-0.000493207735346,0.0176777679,-8.71881187192e-06
q20_from_e0,cosine_6,1320,79.811633484,79.8115294964,-0.00105786744888,0.00010398757972,0.0173987764696,1.80925665517e-06
q20_from_e0,cosine_6,1322,79.8122785056,79.811489501,-0.00109786290952,0.0007890046531,0.0171232097692,1.35102921839e-05
q20_from_e0,cosine_6,1324,79.8130132956,79.8114654408,-0.0011219230451,0.00154785477399,0.0168510396572,2.60829621801e-05
q20_from_e0,cosine_6,1326,79.8138216794,79.8114576106,-0.00112975329782,0.00236406878058,0.0165822380615,3.92015513133e-05
q20_from_e0,cosine_6,1328,79.8146849842,79.8114659436,-0.00112142027324,0.0032190405379,0.0163167769803,5.25243665475e-05
q20_from_e0,cosine_6,1330,79.8155822113,79.8114900114,-0.00109735244038,0.00409219986189,0.0160546284842,6.56987484656e-05
q20_from_e0,cosine_6,1332,79.816490366,79.811529036,-0.0010583278723,0.0049613299856,0.0157957647172,7.83680011368e-05
q20_from_e0,cosine_6,1334,79.8173850777,79.811581913,-0.00100545092099,0.00580316471152,0.0155401578986,9.01820959285e-05
q20_from_e0,cosine_6,1336,79.8182408415,79.8116472472,-0.000940116640692,0.00659359424424,0.0152877803243,0.000100801420353
q20_from_e0,cosine_6,1338,79.8190314484,79.8117233964,-0.000863967468987,0.00730805194195,0.0150386043684,0.000109902901858
q20_from_e0,cosine_6,1340,79.8197309754,79.8118085175,-0.000778846344787,0.00792245783036,0.0147926024844,0.000117193769384
q20_from_e0,cosine_6,1342,79.8203143914,79.8119006207,-0.000686743219887,0.00841377074376,0.0145497472069,0.000122418237378
q20_from_e0,cosine_6,1344,79.8207582052,79.8119976281,-0.000589735802635,0.0087605771643,0.0143100111529,0.000125363956927
q20_from_e0,cosine_6,1346,79.8210413146,79.8120974349,-0.000489928967184,0.00894387964834,0.0140733670232,0.000125870500902
q20_from_e0,cosine_6,1348,79.8211456078,79.8121979689,-0.000389395027511,0.00894763898691,0.0138397876038,0.000123833423134
q20_from_e0,cosine_6,1350,79.8210570459,79.8122972489,-0.000290115028079,0.00875979701333,0.0136092457674,0.000119214230427
q20_from_e0,cosine_6,1352,79.8207664337,79.8123934402,-0.000193923670167,0.00837299352229,0.0133817144745,0.000112045008612
q20_from_e0,cosine_6,1354,79.8202700581,79.812484904,-0.000102459886222,0.00778515406965,0.0131571667749,0.000102430570463
q20_from_e0,cosine_6,1356,79.8195704779,79.8125702371,-1.71268080749e-05,0.00700024079646,0.0129355758091,9.05521455044e-05
q20_from_e0,cosine_6,1358,79.8186769681,79.8126483008,6.09368954798e-05,0.00602866736577,0.0127169148093,7.66660493043e-05
q20_from_e0,cosine_6,1360,79.8176055479,79.8127182432,0.000130879327656,0.00488730468008,0.0125011571012,6.10969636072e-05
q20_from_e0,cosine_6,1362,79.8163791403,79.8127795106,0.00019214672345,0.00359962969551,0.0122882761047,4.42332435733e-05
q20_from_e0,cosine_6,1364,79.8150269832,79.8128318459,0.000244482010217,0.00219513727635,0.0120782453356,2.65134065691e-05
q20_from_e0,cosine_6,1366,79.8135832658,79.812875281,0.000287917087547,0.000707984787269,0.0118710384066,8.40451460094e-06
q20_from_e0,cosine_6,1368,79.8120860404,79.8129101201,0.000322756259209,-0.00082407972674,0.0116666290285,-9.61423246179e-06
q20_from_e0,cosine_6,1370,79.8105758787,79.812936914,0.00034955010932,-0.00236103525549,0.0114649910117,-2.70692479825e-05
q20_from_e0,cosine_6,1372,79.8090942038,79.8129564267,0.000369062791833,-0.00386222283443,0.0112660982671,-4.35121819819e-05
q20_from_e0,cosine_6,1374,79.8076818927,79.8129695931,0.000382229173326,-0.00528770036209,0.0110699248072,-5.85344454115e-05
q20_from_e0,cosine_6,1376,79.8063775922,79.81297747,0.000390106154697,-0.00659987781951,0.0108764447478,-7.17832064464e-05
q20_from_e0,cosine_6,1378,79.8052163041,79.8129811873,0.00039382342338,-0.00776488324055,0.0106856323085,-8.29726872269e-05
q20_from_e0,cosine_6,1380,79.8042282554,79.8129818978,0.000394533915369,-0.00875364240029,0.010497461814,-9.18910268307e-05
q20_from_e0,cosine_6,1382,79.803437726,79.8129807301,0.000393366233268,-0.00954300410723,0.0103119076956,-9.84065774923e-05
q20_from_e0,cosine_6,1384,79.8028620328,79.8129787428,0.000391378919403,-0.0101167100343,0.0101289444917,-0.000102471594376
q20_from_e0,cosine_6,1386,79.8025110048,79.8129768816,0.000389517683999,-0.0104658767564,0.00994854684929,-0.00010412026523
q20_from_e0,cosine_6,1388,79.8023868075,79.8129759421,0.000388578183518,-0.010589134614,0.00977068952489,-0.00010346314665
q20_from_e0,cosine_6,1390,79.802483828,79.8129765396,0.000389175694949,-0.0104927116122,0.00959534738553,-0.000100681212935
q20_from_e0,cosine_6,1392,79.8027892205,79.8129790904,0.000391726527965,-0.0101898698679,0.00942249540982,-9.60140020568e-05
q20_from_e0,cosine_6,1394,79.803283687,79.8129838028,0.0003964388751,-0.00970011573206,0.00925210868896,-8.97465250485e-05
q20_from_e0,cosine_6,1396,79.8039425141,79.8129906753,0.000403311373901,-0.00904816115536,0.00908416242772,-8.21949656075e-05
q20_from_e0,cosine_6,1398,79.8047371287,79.8129995065,0.000412142597753,-0.00826237774486,0.0089186319454,-7.36891061003e-05
q20_from_e0,cosine_6,1400,79.8056365834,79.8130099149,0.000422551040145,-0.00737333156034,0.00875549267682,-6.45571504804e-05
q20_from_e0,cosine_6,1402,79.8066090123,79.8130213672,0.000434003324557,-0.00641235491189,0.00859472017322,-5.5112396119e-05
q20_from_e0,cosine_6,1404,79.8076230619,79.8130332115,0.000445847592118,-0.00541014958218,0.00843629010318,-4.56415913768e-05
q20_from_e0,cosine_6,1406,79.8086488259,79.8130447131,0.000457349232704,-0.00439588721967,0.00828017825356,-3.63987297614e-05
q20_from_e0,cosine_6,1408,79.8096588426,79.8130550939,0.000467729996586,-0.00339625131348,0.00812636053035,-2.7599162625e-05
q20_from_e0,cosine_6,1410,79.8106289974,79.8130635747,0.000476210832744,-0.00243457727201,0.00797481295957,-1.94152983799e-05
q20_from_e0,cosine_6,1412,79.8115385861,79.8130694145,0.000482050646269,-0.00153082840984,0.00782551168809,-1.19795156137e-05
q20_from_e0,cosine_6,1414,79.8123705196,79.8130719468,0.000484582928252,-0.000701427220747,0.00767843298449,-5.385861908e-06
q20_from_e0,cosine_6,1416,79.8131114716,79.8130706149,0.000483251052458,4.08566987602e-05,0.00753355323987,3.07796115315e-07
q20_from_e0,cosine_6,1418,79.8137516607,79.8130650019,0.000477638013621,0.000686658780538,0.00739084896866,5.07499133996e-06
q20_from_e0,cosine_6,1420,79.8142844179,79.8130548525,0.0004674886206,0.0012295654104,0.00725029680938,8.91471417193e-06
q20_from_e0,cosine_6,1422,79.8147059354,79.8130400873,0.000452723432147,0.00166584810377,0.00711187352544,1.18473010266e-05
q20_from_e0,cosine_6,1424,79.8150146572,79.8130208085,0.000433444660672,0.00199384868525,0.00697555600586,1.39082031711e-05
q20_from_e0,cosine_6,1426,79.8152110491,79.8129972971,0.00040993322223,0.00221375196888,0.00684132126604,1.51449884225e-05
q20_from_e0,cosine_6,1428,79.8152973778,79.8129700015,0.000382637643952,0.00232737629098,0.00670914644844,1.56147083768e-05
q20_from_e0,cosine_6,1430,79.8152775834,79.8129395184,0.00035215454821,0.00233806492139,0.00657900882331,1.53821497473e-05
q20_from_e0,cosine_6,1432,79.8151570564,79.8129065667,0.000319202837801,0.00225048969619,0.00645088578933,1.45176520002e-05
q20_from_e0,cosine_6,1434,79.814942671,79.8128719595,0.000284595572452,0.00207071150848,0.00632475487433,1.30967427066e-05
q20_from_e0,cosine_6,1436,79.8146428915,79.8128365727,0.000249208776623,0.00180631881531,0.00620059373591,1.12002491313e-05
q20_from_e0,cosine_6,1438,79.8142679375,79.8128013111,0.000213947185813,0.00146662645443,0.00607838016208,8.91471314578e-06
q20_from_e0,cosine_6,1440,79.8138297385,79.812767074,0.000179710158235,0.00106266440696,0.00595809207185,6.33145237814e-06
q20_from_e0,cosine_6,1442,79.8133419187,79.8127347228,0.000147358921339,0.000607195940589,0.00583970751588,3.54584669786e-06
q20_from_e0,cosine_6,1444,79.8128197722,79.8127050498,0.000117685899866,0.00011472243969,0.005723204677,6.56580003392e-07
q20_from_e0,cosine_6,1446,79.8122800829,79.812678751,9.1387085547e-05,-0.000398668047026,0.00560856187084,-2.23595440768e-06
q20_from_e0,cosine_6,1448,79.8117407988,79.8126564015,6.90375972852e-05,-0.000915602698555,0.00549575754633,-5.03193044003e-06
q20_from_e0,cosine_6,1450,79.8112202725,79.8126384382,5.10743126085e-05,-0.00141816571774,0.00538477028625,-7.63649661785e-06
q20_from_e0,cosine_6,1452,79.8107368848,79.8126251488,3.77848817266e-05,-0.00188826398279,0.00527557880773,-9.96168545102e-06
q20_from_e0,cosine_6,1454,79.8103084196,79.8126166652,2.93012857782e-05,-0.0023082456191,0.00516816196278,-1.19293872094e-05
q20_from_e0,cosine_6,1456,79.8099511347,79.8126129646,2.56007501775e-05,-0.00266182990579,0.00506249873875,-1.34755105408e-05
q20_from_e0,cosine_6,1458,79.8096793074,79.8126138771,2.65132057677e-05,-0.00293456969133,0.00495856825879,-1.45512641246e-05
q20_from_e0,cosine_6,1460,79.8095048197,79.8126191004,3.17364701345e-05,-0.00311428066364,0.00485634978231,-1.51240362229e-05
q20_from_e0,cosine_6,1462,79.8094363224,79.8126282172,4.08532945357e-05,-0.00319189478746,0.00475582270542,-1.51800857035e-05
q20_from_e0,cosine_6,1464,79.8094792794,79.8126407165,5.33525784192e-05,-0.0031614370229,0.00465696656133,-1.47227065014e-05
q20_from_e0,cosine_6,1466,79.809635867,79.8126560228,6.86589269208e-05,-0.00302015585227,0.00455976102075,-1.37711889318e-05
q20_from_e0,cosine_6,1468,79.8099050143,79.812673526,8.61621549717e-05,-0.00276851170869,0.00446418589228,-1.23591509126e-05
q20_from_e0,cosine_6,1470,79.8102827097,79.8126926074,0.000105243499718,-0.00240989764288,0.00437022112279,-1.05317855827e-05
q20_from_e0,cosine_6,1472,79.8107620142,79.8127126638,0.000125299915652,-0.00195064956974,0.00427784679775,-8.34458001543e-06
q20_from_e0,cosine_6,1474,79.8113336308,79.8127331305,0.000145766618274,-0.00139949973834,0.00418704314156,-5.85976578104e-06
q20_from_e0,cosine_6,1476,79.8119861037,79.8127535022,0.00016613831751,-0.000767398542564,0.0040977905179,-3.14463847117e-06
q20_from_e0,cosine_6,1478,79.812705726,79.8127733494,0.000185985502654,-6.76234037371e-05,0.00401006942999,-2.71174544078e-07
q20_from_e0,cosine_6,1480,79.8134771074,79.812792329,0.000204965101887,0.000684778364459,0.00392386052092,2.68697478988e-06
q20_from_e0,cosine_6,1482,79.8142834799,79.8128101921,0.000222828206574,0.00147328779617,0.0038391445739,5.65616484847e-06
q20_from_e0,cosine_6,1484,79.8151070092,79.812826786,0.000239422129255,0.00228022322629,0.0037559025125,8.56429614469e-06
q20_from_e0,cosine_6,1486,79.815929206,79.8128420496,0.000254685725935,0.00308715636484,0.0036741154009,1.13425687451e-05
q20_from_e0,cosine_6,1488,79.8167313875,79.8128560055,0.000268641617339,0.00387538198133,0.00359376444414,1.3927209972e-05
q20_from_e0,cosine_6,1490,79.817495105,79.8128687477,0.000281383812393,0.00462635725482,0.00351483098829,1.62608638421e-05
q20_from_e0,cosine_6,1492,79.8182026006,79.8128804226,0.000293058701402,0.00532217805132,0.00343729652064,1.8293904098e-05
q20_from_e0,cosine_6,1494,79.8188371186,79.8128912078,0.00030384388694,0.00594591084628,0.00336114266992,1.9985054657e-05
q20_from_e0,cosine_6,1496,79.8193833481,79.8129012904,0.000313926511566,0.00648205765657,0.00328635120641,2.13023179997e-05
q20_from_e0,cosine_6,1498,79.8198276738,79.8129108473,0.000323483412217,0.00691682649146,0.00321290404211,2.2223099793e-05
q20_from_e0,cosine_6,1500,79.820158225,79.8129200269,0.000332662994609,0.00723819815605,0.00314078323089,2.27336113903e-05
q20_from_e0,cosine_6,1502,79.8203653039,79.8129289298,0.000341565937305,0.00743637406607,0.00306997096853,2.2829452494e-05
q20_from_e0,cosine_6,1504,79.8204417764,79.8129375928,0.000350228907564,0.00750418362081,0.00300044959293,2.25159246903e-05
q20_from_e0,cosine_6,1506,79.8203832914,79.8129459773,0.000358613437371,0.00743731407437,0.00293220158408,2.18077041102e-05
q20_from_e0,cosine_6,1508,79.8201886343,79.8129539624,0.000366598498573,0.00723467194076,0.00286520956422,2.07288512387e-05
q20_from_e0,cosine_6,1510,79.8198598174,79.8129613399,0.000373976060587,0.00689847748625,0.00279945629783,1.93119862443e-05
q20_from_e0,cosine_6,1512,79.8194023819,79.8129678145,0.000380450644855,0.00643456736451,0.00273492469173,1.75980571658e-05
q20_from_e0,cosine_6,1514,79.8188255523,79.8129730099,0.000385646057993,0.0058525423469,0.00267159779502,1.56356392292e-05
q20_from_e0,cosine_6,1516,79.8181420037,79.8129764819,0.000389118047664,0.00516552173823,0.00260945879918,1.34792161522e-05
q20_from_e0,cosine_6,1518,79.8173677656,79.8129777316,0.000390367748139,0.00439003394845,0.00254849103801,1.11879621742e-05
q20_from_e0,cosine_6,1520,79.8165222094,79.8129762235,0.00038885964463,0.00354598582888,0.00248867798761,8.82481687669e-06
q20_from_e0,cosine_6,1522,79.8156273675,79.812971411,0.000384047105157,0.002655956514,0.00243000326637,6.45398300437e-06
q20_from_e0,cosine_6,1524,79.8147073448,79.8129627647,0.000375400859937,0.00174458008638,0.00237245063492,4.1389301336e-06
q20_from_e0,cosine_6,1526,79.8137874678,79.8129498007,0.000362436785906,0.000837667095524,0.00231600399603,1.94004034058e-06
q20_from_e0,cosine_6,1528,79.812893313,79.8129321064,0.000344742515523,-3.87934109227e-05,0.00226064739458,-8.76982233292e-08
q20_from_e0,cosine_6,1530,79.8120496619,79.8129093691,0.000322005248449,-0.000859707263587,0.00220636501743,-1.89682803161e-06
q20_from_e0,cosine_6,1532,79.8112794402,79.8128814016,0.000294037723165,-0.00160196137972,0.00215314119335,-3.44924903683e-06
q20_from_e0,cosine_6,1534,79.8106026956,79.8128481637,0.000260799805062,-0.00224546810303,0.00210096039287,-4.7176395479e-06
q20_from_e0,cosine_6,1536,79.8100359178,79.8128097791,0.000222415206764,-0.00277386124789,0.00204980722814,-5.68588083577e-06
q20_from_e0,cosine_6,1538,79.8095914395,79.8127665437,0.00017917977118,-0.00317510419447,0.00199966645283,-6.3491493419e-06
q20_from_e0,cosine_6,1540,79.8092771842,79.812718926,0.000131562143821,-0.00344174181787,0.00195052296191,-6.71319644471e-06
q20_from_e0,cosine_6,1542,79.8090966431,79.8126675617,8.01977711404e-05,-0.00357091858973,0.00190236179152,-6.79317908574e-06
q20_from_e0,cosine_6,1544,79.809048952,79.8126132393,2.58754168385e-05,-0.00356428728081,0.00185516811877,-6.61235212948e-06
q20_from_e0,cosine_6,1546,79.8091292293,79.8125568825,-3.04814149672e-05,-0.00342765321189,0.0018089272615,-6.20037533796e-06
q20_from_e0,cosine_6,1548,79.809328967,79.8124995253,-8.78385658609e-05,-0.00317055835139,0.00176362467814,-5.59167495198e-06
q20_from_e0,cosine_6,1550,79.8096363469,79.8124422817,-0.00014508219175,-0.00280593478034,0.0017192459674,-4.82409205589e-06
q20_from_e0,cosine_6,1552,79.8100367702,79.8123863108,-0.000201053040655,-0.00234954069133,0.0016757768681,-3.93730594118e-06
q20_from_e0,cosine_6,1554,79.8105133972,79.8123327828,-0.000254581071928,-0.00181938559348,0.00163320325885,-2.97142648037e-06
q20_from_e0,cosine_6,1556,79.8110475838,79.8122828412,-0.000304522675236,-0.00123525740189,0.00159151115784,-1.96592593791e-06
q20_from_e0,cosine_6,1558,79.8116195278,79.8122375646,-0.000349799269344,-0.000618036783308,0.00155068672253,-9.5838143391e-07
q20_from_e0,cosine_6,1560,79.8122088772,79.8121979319,-0.000389432030644,1.09453598469e-05,0.00151071624935,1.65353329757e-08
q20_from_e0,cosine_6,1562,79.8127952132,79.8121647888,-0.000422575051175,0.000630424323504,0.00147158617342,9.27723717857e-07
q20_from_e0,cosine_6,1564,79.8133587452,79.8121388166,-0.000448547269855,0.00121992856573,0.00143328306822,1.7485029577e-06
q20_from_e0,cosine_6,1566,79.8138806822,79.8121205064,-0.000466857492526,0.00176017578248,0.00139579364523,2.45684217167e-06
q20_from_e0,cosine_6,1568,79.8143434428,79.8121101427,-0.000477221152266,0.00223330005279,0.00135910475366,3.03528871809e-06
q20_from_e0,cosine_6,1570,79.8147310797,79.8121077935,-0.000479570358834,0.00262328618307,0.00132320338001,3.47114114416e-06
q20_from_e0,cosine_6,1572,79.8150295835,79.8121133074,-0.000474056493303,0.00291627611962,0.00128807664776,3.75638716811e-06
q20_from_e0,cosine_6,1574,79.8152269576,79.8121263185,-0.00046104541326,0.00310063914249,0.00125371181699,3.88730793316e-06
q20_from_e0,cosine_6,1576,79.8153134957,79.8121462576,-0.000441106310689,0.00316723815023,0.00122009628395,3.86433549747e-06
q20_from_e0,cosine_6,1578,79.8152821012,79.812172373,-0.000414990911821,0.00310972822025,0.00118721758069,3.69192401425e-06
q20_from_e0,cosine_6,1580,79.8151284925,79.8122037603,-0.000383603559015,0.00292473222289,0.00115506337464,3.3782510713e-06
q20_from_e0,cosine_6,1582,79.8148515673,79.8122393967,-0.00034796720621,0.00261217060873,0.00112362146819,2.93509097455e-06
q20_from_e0,cosine_6,1584,79.814453653,79.8122781782,-0.000309185711615,0.00217547479393,0.00109287979824,2.37753245386e-06
q20_from_e0,cosine_6,1586,79.8139406682,79.8123189602,-0.000268403681105,0.00162170804093,0.00106282643575,1.72359417697e-06
q20_from_e0,cosine_6,1588,79.8133222851,79.8123605988,-0.000226765055146,0.000961686252978,0.00103344958531,9.93854259339e-07
q20_from_e0,cosine_6,1590,79.8126118286,79.8124019923,-0.000185371570751,0.000209836265483,0.00100473758463,2.1083038255e-07
q20_from_e0,cosine_6,1592,79.8118261422,79.8124421203,-0.000145243622484,-0.000615978075885,0.000976678904101,-6.01612792105e-07
q20_from_e0,cosine_6,1594,79.8109851902,79.8124800799,-0.000107283936771,-0.0014948897214,0.000949262146259,-1.41904222536e-06
q20_from_e0,cosine_6,1596,79.8101113884,79.8125151189,-7.22449438229e-05,-0.00240373049813,0.000922476045323,-2.21738380394e-06
q20_from_e0,cosine_6,1598,79.8092291031,79.8125466615,-4.07023999713e-05,-0.00331755843196,0.000896309466658,-2.97355902876e-06
q20_from_e0,cosine_6,1600,79.8083638798,79.8125743259,-1.3037969552e-05,-0.00421044615811,0.000870751406263,-3.66625191317e-06
q20_from_e0,cosine_6,1602,79.8075413147,79.812597934,1.05701545294e-05,-0.00505661936141,0.000845790990234,-4.27684309693e-06
q20_from_e0,cosine_6,1604,79.8067859953,79.8126175147,3.01508154337e-05,-0.0058315193837,0.000821417474222,-4.79011192304e-06
q20_from_e0,cosine_6,1606,79.8061205723,79.8126333027,4.5938797399e-05,-0.00651273038311,0.000797620242879,-5.19468558998e-06
q20_from_e0,cosine_6,1608,79.8055648953,79.8126457296,5.83656817383e-05,-0.00708083423544,0.000774388809296,-5.48331879241e-06
q20_from_e0,cosine_6,1610,79.8051353905,79.8126554055,6.80415724474e-05,-0.00752001500361,0.00075171281443,-5.65289164292e-06
q20_from_e0,cosine_6,1612,79.8048445461,79.8126630939,7.57300174712e-05,-0.0078185477979,0.000729582026522,-5.70427194685e-06
q20_from_e0,cosine_6,1614,79.8047004849,79.8126696792,8.2315327063e-05,-0.00796919428959,0.000707986340504,-5.64208070185e-06
q20_from_e0,cosine_6,1616,79.8047069934,79.812676128,8.87640810561e-05,-0.00796913457076,0.000686915777401,-5.47412426888e-06
q20_from_e0,cosine_6,1618,79.8048634352,79.8126834471,9.60832626049e-05,-0.00782001190557,0.000666360483716,-5.21094691606e-06
q20_from_e0,cosine_6,1620,79.8051649596,79.8126926395,0.000105275654562,-0.0075276799594,0.000646310730818,-4.86522033592e-06
q20_from_e0,cosine_6,1622,79.8056029831,79.8127046591,0.000117295247406,-0.00710167605713,0.000626756914306,-4.45102457197e-06
q20_from_e0,cosine_6,1624,79.806165458,79.8127203678,0.000133003910022,-0.00655490978492,0.000607689553376,-3.98335019962e-06
q20_from_e0,cosine_6,1626,79.8068373952,79.8127404935,0.000153129651679,-0.00590309832458,0.000589099290176,-3.47751103285e-06
q20_from_e0,cosine_6,1628,79.8076014359,79.8127655955,0.000178231580946,-0.00516415956844,0.00057097688915,-2.94861576546e-06
q20_from_e0,cosine_6,1630,79.8084382604,79.8127960345,0.000208670580633,-0.00435777411077,0.000553313236376,-2.41121409663e-06
q20_from_e0,cosine_6,1632,79.8093273888,79.8128319503,0.000244586441767,-0.00350456154763,0.000536099338898,-1.87879312881e-06
q20_from_e0,cosine_6,1634,79.8102478162,79.8128732487,0.000285884861768,-0.00262543250317,0.000519326324042,-1.36345621089e-06
q20_from_e0,cosine_6,1636,79.8111785817,79.8129195957,0.000332231860014,-0.00174101402362,0.000502985438732,-8.7570470251e-07
q20_from_e0,cosine_6,1638,79.8120994762,79.8129704225,0.000383058619107,-0.00087094628789,0.000487068048797,-4.2421010905e-07
q20_from_e0,cosine_6,1640,79.8129914877,79.813024941,0.000437577116003,-3.34532861785e-05,0.000471565638266,-1.57754202489e-08
q20_from_e0,cosine_6,1642,79.8138371271,79.8130821651,0.000494801191365,0.000754962058579,0.000456469808659,3.44617386424e-07
q20_from_e0,cosine_6,1644,79.8146208925,79.8131409393,0.00055357545375,0.00147995319489,0.000441772278269,6.53802294637e-07
q20_from_e0,cosine_6,1646,79.8153296136,79.8131999778,0.000612613914598,0.00212963576429,0.000427464881439,9.10344499492e-07
q20_from_e0,cosine_6,1648,79.8159525277,79.8132579045,0.000670540618756,0.00269462323662,0.00041353956783,1.11433332874e-06
q20_from_e0,cosine_6,1650,79.8164814292,79.8133132962,0.000725932288191,0.00316813299253,0.000399988401679,1.26721645199e-06
q20_from_e0,cosine_6,1652,79.8169106006,79.81336473,0.000777366162325,0.00354587056006,0.00038680356106,1.37155535969e-06
q20_from_e0,cosine_6,1654,79.8172366619,79.8134108319,0.000823467975252,0.00382583000149,0.000373977337123,1.43077371624e-06
q20_from_e0,cosine_6,1656,79.8174584446,79.8134503223,0.000862958386051,0.00400812232213,0.000361502133343,1.44894477015e-06
q20_from_e0,cosine_6,1658,79.8175768125,79.81348206,0.000894696086704,0.00409475253434,0.000349370464752,1.43058559597e-06
q20_from_e0,cosine_6,1660,79.8175946288,79.8135050794,0.000917715561769,0.00408954934822,0.000337574957165,1.38052944605e-06
q20_from_e0,cosine_6,1662,79.8175164504,79.8135186251,0.000931261205594,0.00399782529075,0.000326108346404,1.30372419478e-06
q20_from_e0,cosine_6,1664,79.8173483426,79.8135221787,0.000934814778574,0.00382616393381,0.000314963477518,1.20510189815e-06
q20_from_e0,cosine_6,1666,79.8170978323,79.8135154771,0.000928113196977,0.00358235524992,0.000304133303986,1.08951353821e-06
q20_from_e0,cosine_6,1668,79.8167735861,79.8134985217,0.000911157793084,0.00327506438433,0.000293610886927,9.61594558624e-07
q20_from_e0,cosine_6,1670,79.8163854217,79.8134715767,0.000884212835828,0.00291384497308,0.000283389394298,8.25752761999e-07
q20_from_e0,cosine_6,1672,79.8159444175,79.8134351592,0.000847795352769,0.00250925822196,0.000273462100088,6.86187023041e-07
q20_from_e0,cosine_6,1674,79.8154626523,79.8133900229,0.000802659049484,0.00207262939546,0.000263822383505,5.46806027231e-07
q20_from_e0,cosine_6,1676,79.8149531134,79.8133371359,0.000749772011403,0.00161597749721,0.00025446372816,4.11207658562e-07
q20_from_e0,cosine_6,1678,79.8144297562,79.8132776527,0.00069028877212,0.00115210355524,0.000245379721245,2.82702849231e-07
q20_from_e0,cosine_6,1680,79.8139073309,79.8132128763,0.000625512389803,0.000694454580639,0.00023656405271,1.64282990019e-07
q20_from_e0,cosine_6,1682,79.813401248,79.8131442121,0.000556848188211,0.000257035956608,0.000228010514424,5.86069006916e-08
q20_from_e0,cosine_6,1684,79.8129273422,79.8130731215,0.00048575756955,-0.000145779247518,0.000219712999347,-3.20295957148e-08
q20_from_e0,cosine_6,1686,79.8125012552,79.8130010745,0.000413710601038,-0.000499819294802,0.000211665500686,-1.05794501287e-07
q20_from_e0,cosine_6,1688,79.8121380863,79.8129295015,0.000342137583388,-0.000791415133037,0.00020386211105,-1.61339559738e-07
q20_from_e0,cosine_6,1690,79.8118518546,79.8128597486,0.000272384701049,-0.00100789395768,0.000196297021604,-1.97846581985e-07
q20_from_e0,cosine_6,1692,79.8116548821,79.812793039,0.000205675081304,-0.00113815683862,0.000188964521214,-2.15071262076e-07
q20_from_e0,cosine_6,1694,79.8115574507,79.8127304432,0.000143079276427,-0.00117299247566,0.00018185899559,-2.13319233459e-07
q20_from_e0,cosine_6,1696,79.811567343,79.8126728579,8.54940198423e-05,-0.00110551490172,0.000174974926431,-1.93437388598e-07
q20_from_e0,cosine_6,1698,79.8116894369,79.812620988,3.36241235601e-05,-0.000931551109076,0.000168306890555,-1.56786470561e-07
q20_from_e0,cosine_6,1700,79.8119254677,79.8125753332,-1.20307076088e-05,-0.000649865516166,0.000161849559034,-1.05180447223e-07
q20_from_e0,cosine_6,1702,79.8122738899,79.8125361826,-5.11812959019e-05,-0.000262292668083,0.000155597696327,-4.08121349172e-08
q20_from_e0,cosine_6,1704,79.8127296125,79.8125036183,-8.37455429519e-05,0.000225994145509,0.000149546159403,3.37965565084e-08
q20_from_e0,cosine_6,1706,79.8132837664,79.8124775259,-0.000109837978314,0.000806240538182,0.000143689896864,1.15848619779e-07
q20_from_e0,cosine_6,1708,79.8139237164,79.8124576091,-0.000129754801762,0.00146610732583,0.00013802394807,2.02357921404e-07
q20_from_e0,cosine_6,1710,79.8146332105,79.8124434101,-0.000143953789134,0.00218980035839,0.000132543442254,2.9024367735e-07
q20_from_e0,cosine_6,1712,79.8153925286,79.8124343348,-0.00015302909361,0.00295819378134,0.000127243597637,3.76411219245e-07
q20_from_e0,cosine_6,1714,79.8161788157,79.8124296814,-0.000157682437276,0.00374913429577,0.000122119720546,4.57843232488e-07
q20_from_e0,cosine_6,1716,79.8169666342,79.8124286721,-0.000158691762181,0.00453796209241,0.000117167204518,5.31700332576e-07
q20_from_e0,cosine_6,1718,79.8177287924,79.8124304852,-0.000156878643693,0.00529830711159,0.000112381529416,5.95431856514e-07
q20_from_e0,cosine_6,1720,79.8184373714,79.8124342902,-0.000153073711147,0.00600308121018,0.000107758260531,6.46881589035e-07
q20_from_e0,cosine_6,1722,79.8190647897,79.8124392819,-0.000148081995917,0.00662550777074,0.000103293047691,6.84368890137e-07
q20_from_e0,cosine_6,1724,79.8195853626,79.8124447127,-0.000142651184234,0.00714064987756,9.89816243605e-05,7.0679312387e-07
q20_from_e0,cosine_6,1726,79.8199762178,79.8124499192,-0.000137444708059,0.00752629857674,9.48198067477e-05,7.13642176571e-07
q20_from_e0,cosine_6,1728,79.8202183969,79.8124543435,-0.000133020367088,0.00776405340922,9.08034929009e-05,7.05003168626e-07
q20_from_e0,cosine_6,1730,79.8202979804,79.8124575511,-0.000129812781054,0.00784042927251,8.69286618103e-05,6.81558024677e-07
q20_from_e0,cosine_6,1732,79.820206288,79.8124592418,-0.00012812208891,0.00774704619882,8.3191372506e-05,6.44487406147e-07
q20_from_e0,cosine_6,1734,79.8199402772,79.8124592526,-0.000128111301137,0.00748102460609,7.95877631559e-05,5.95398014513e-07
q20_from_e0,cosine_6,1736,79.8195025786,79.8124575532,-0.000129810646627,0.00704502538279,7.61140501617e-05,5.36225415376e-07
q20_from_e0,cosine_6,1738,79.8189010409,79.8124542352,-0.000133128687992,0.00644680572843,7.2766527256e-05,4.69111664752e-07
q20_from_e0,cosine_6,1740,79.8181485266,79.8124494963,-0.000137867586631,0.00569903030215,6.95415645976e-05,3.96319483901e-07
q20_from_e0,cosine_6,1742,79.8172621105,79.8124436222,-0.000143741665539,0.00481848824911,6.64356078667e-05,3.20119195828e-07
q20_from_e0,cosine_6,1744,79.8162621938,79.8124369643,-0.000150399555991,0.00382522949674,6.34451773601e-05,2.42692363864e-07
q20_from_e0,cosine_6,1746,79.8151723241,79.8124299173,-0.000157446578186,0.00274240679944,6.05668670866e-05,1.66098988119e-07
q20_from_e0,cosine_6,1748,79.8140185039,79.812422893,-0.000164470866196,0.00159561092501,5.77973438616e-05,9.22220733021e-08
q20_from_e0,cosine_6,1750,79.812828398,79.8124162935,-0.000171070427598,0.000412104553718,5.51333464029e-05,2.27207031143e-08
q20_from_e0,cosine_6,1752,79.8116307027,79.8124104887,-0.000176875136617,-0.000779786066758,5.25716844262e-05,-4.09946670216e-08
q20_from_e0,cosine_6,1754,79.810454815,79.8124057963,-0.000181567588925,-0.00195098126311,5.01092377413e-05,-9.77621839419e-08
q20_from_e0,cosine_6,1756,79.8093300585,79.8124024635,-0.000184900399304,-0.00307240498039,4.77429553491e-05,-1.46685693793e-07
q20_from_e0,cosine_6,1758,79.8082851616,79.812400658,-0.000186705880139,-0.00411549638331,4.54698545392e-05,-1.87131021906e-07
q20_from_e0,cosine_6,1760,79.8073475693,79.8124004624,-0.000186901499177,-0.00505289312908,4.32870199883e-05,-2.18724685877e-07
q20_from_e0,cosine_6,1762,79.8065423455,79.8124018726,-0.000185491271168,-0.00585952708313,4.119160286e-05,-2.41363312556e-07
q20_from_e0,cosine_6,1764,79.8058912413,79.8124048008,-0.000182563072656,-0.00651355947954,3.91808199055e-05,-2.55206600912e-07
q20_from_e0,cosine_6,1766,79.8054116933,79.8124090805,-0.000178283383264,-0.00699738720185,3.7251952566e-05,-2.60666336129e-07
q20_from_e0,cosine_6,1768,79.8051156795,79.8124144773,-0.000172886561586,-0.00729879783428,3.54023460758e-05,-2.58394566866e-07
q20_from_e0,cosine_6,1770,79.8050090204,79.8124207048,-0.00016665903857,-0.00741168446379,3.36294085679e-05,-2.49250565009e-07
q20_from_e0,cosine_6,1772,79.8050909919,79.8124274417,-0.000159922137058,-0.00733644982958,3.19306101812e-05,-2.34257319622e-07
q20_from_e0,cosine_6,1774,79.805354187,79.8124343507,-0.000153013159803,-0.00708016371982,3.03034821687e-05,-2.14553615035e-07
q20_from_e0,cosine_6,1776,79.8057843892,79.8124410985,-0.000146265351276,-0.00665670932693,2.87456160089e-05,-1.91351210195e-07
q20_from_e0,cosine_6,1778,79.8063610473,79.812447376,-0.000139987853743,-0.00608632869826,2.72546625186e-05,-1.65880834648e-07
q20_from_e0,cosine_6,1780,79.8070580303,79.8124529197,-0.000134444150291,-0.00539488947415,2.58283309682e-05,-1.39340990875e-07
q20_from_e0,cosine_6,1782,79.8078445182,79.8124575313,-0.000129832587206,-0.00461301308975,2.44643881996e-05,-1.12854542997e-07
q20_from_e0,cosine_6,1784,79.8086865203,79.8124610905,-0.000126273370967,-0.00377457019583,2.31606577462e-05,-8.74215284446e-08
q20_from_e0,cosine_6,1786,79.8095482881,79.8124635669,-0.000123796991758,-0.00291527881636,2.19150189561e-05,-6.38883905228e-08
q20_from_e0,cosine_6,1788,79.810393827,79.8124650307,-0.00012233322829,-0.00207120365282,2.07254061177e-05,-4.2926536857e-08
q20_from_e0,cosine_6,1790,79.8111886587,79.8124656571,-0.00012170674556,-0.0012769984549,1.95898075885e-05,-2.50161540222e-08
q20_from_e0,cosine_6,1792,79.8119014336,79.8124657236,-0.000121640250455,-0.000564290017209,1.85062649269e-05,-1.04429005541e-08
q20_from_e0,cosine_6,1794,79.8125050974,79.8124656038,-0.000121760096647,3.94935923254e-05,1.74728720272e-05,6.90066484593e-10
q20_from_e0,cosine_6,1796,79.8129782686,79.8124657566,-0.000121607299207,0.000512512058904,1.64877742578e-05,8.45018313162e-09
q20_from_e0,cosine_6,1798,79.8133060703,79.812466706,-0.000120657909534,0.000839364289988,1.55491676033e-05,1.30514160253e-08
q20_from_e0,cosine_6,1800,79.8134806037,79.8124690156,-0.000118348262703,0.00101158804988,1.46552978096e-05,1.48251241316e-08
q20_from_e0,cosine_6,1802,79.8135011869,79.8124732627,-0.000114101190292,0.0010279242448,1.38044595331e-05,1.41899386404e-08
q20_from_e0,cosine_6,1804,79.8133739007,79.8124800136,-0.000107350293746,0.000893887114145,1.29949954936e-05,1.16160590201e-08
q20_from_e0,cosine_6,1806,79.813110999,79.8124898005,-9.75634095965e-05,0.000621198552039,1.22252956315e-05,7.59433594454e-09
q20_from_e0,cosine_6,1808,79.8127299651,79.8125030976,-8.42663319958e-05,0.000226867587031,1.14937962683e-05,2.60756982522e-09
q20_from_e0,cosine_6,1810,79.8122524868,79.8125202987,-6.70651804171e-05,-0.000267811952099,1.07989792723e-05,-2.8920957196e-09
q20_from_e0,cosine_6,1812,79.8117032988,79.8125416947,-4.56691400359e-05,-0.000838395977453,1.01393712279e-05,-8.50080805141e-09
q20_from_e0,cosine_6,1814,79.811108667,79.8125674512,-1.99126780984e-05,-0.00145878421515,9.51354260985e-06,-1.38782057894e-08
q20_from_e0,cosine_6,1816,79.8104950078,79.8125975929,1.02290170219e-05,-0.00210258511699,8.92010696149e-06,-1.87552841392e-08
q20_from_e0,cosine_6,1818,79.8098877005,79.812631998,4.46341339e-05,-0.00274429750036,8.35772007846e-06,-2.293607032e-08
q20_from_e0,cosine_6,1820,79.8093101587,79.8126703997,8.3035844284e-05,-0.00336024105233,7.82507919664e-06,-2.62941523543e-08
q20_from_e0,cosine_6,1822,79.8087831544,79.8127123924,0.000125028547956,-0.00392923807294,7.32092218524e-06,-2.87656461793e-08
q20_from_e0,cosine_6,1824,79.8083244826,79.8127574426,0.000170078746407,-0.0044329599981,6.84402674495e-06,-3.03392967863e-08
q20_from_e0,cosine_6,1826,79.8079487914,79.8128049081,0.000217544176849,-0.00485611664784,6.39320961127e-06,-3.10461716265e-08
q20_from_e0,cosine_6,1828,79.8076675987,79.81285406,0.00026669607152,-0.00518646122249,5.96732576311e-06,-3.09493036723e-08
q20_from_e0,cosine_6,1830,79.8074893884,79.812904105,0.000316741138434,-0.00541471658153,5.56526763675e-06,-3.01343469534e-08
q20_from_e0,cosine_6,1832,79.8074198303,79.8129542116,0.000366847749774,-0.00553438136824,5.18596434545e-06,-2.87011044498e-08
q20_from_e0,cosine_6,1834,79.8074619207,79.8130035391,0.000416175250919,-0.00554161842592,4.82838090455e-06,-2.6757044588e-08
q20_from_e0,cosine_6,1836,79.8076162905,79.8130512691,0.000463905230333,-0.0054349786555,4.49151746241e-06,-2.4411301539e-08
q20_from_e0,cosine_6,1838,79.807881533,79.8130966376,0.00050927373681,-0.00521510465099,4.17440853716e-06,-2.17699773773e-08
q20_from_e0,cosine_6,1840,79.8082544314,79.8131389643,0.000551600372376,-0.00488453288513,3.87612225948e-06,-1.89330466432e-08
q20_from_e0,cosine_6,1842,79.8087300281,79.8131776794,0.000590315498442,-0.00444765128366,3.59575962133e-06,-1.59926848955e-08
q20_from_e0,cosine_6,1844,79.8093018291,79.813212347,0.000624983094582,-0.00391051783727,3.33245373103e-06,-1.30316197571e-08
q20_from_e0,cosine_6,1846,79.809961709,79.8132426793,0.000655315377514,-0.003280970228,3.08536907449e-06,-1.01230040758e-08
q20_from_e0,cosine_6,1848,79.8106997352,79.8132685463,0.000681182457129,-0.00256881115499,2.85370078295e-06,-7.33061840423e-09
q20_from_e0,cosine_6,1850,79.8115042398,79.8132899787,0.000702614849473,-0.00178573892975,2.6366739071e-06,-4.70841124098e-09
q20_from_e0,cosine_6,1852,79.8123619278,79.8133071607,0.000719796835753,-0.000945232880767,2.43354269795e-06,-2.30026457485e-09
q20_from_e0,cosine_6,1854,79.8132576696,79.8133204198,0.000733055907091,-6.27501746919e-05,2.24358989429e-06,-1.40785657804e-10
q20_from_e0,cosine_6,1856,79.8141750193,79.8133302106,0.000742846751862,0.000844808613081,2.06612601705e-06,1.74548105491e-09
q20_from_e0,cosine_6,1858,79.8150963696,79.8133370911,0.000749727236467,0.00175927848558,1.90048867049e-06,3.34348883008e-09
q20_from_e0,cosine_6,1860,79.8160030282,79.8133416917,0.000754327792905,0.00266133649146,1.74604185049e-06,4.64680489233e-09
q20_from_e0,cosine_6,1862,79.8168761156,79.813344681,0.000757317118854,0.00353143462668,1.60217525991e-06,5.65797719085e-09
q20_from_e0,cosine_6,1864,79.8176968546,79.8133467292,0.000759365333039,0.00435012541359,1.46830363111e-06,6.38730494058e-09
q20_from_e0,cosine_6,1866,79.8184467368,79.8133484697,0.00076110582151,0.00509826705542,1.34386605591e-06,6.85138803976e-09
q20_from_e0,cosine_6,1868,79.8191085759,79.813350461,0.000763097160188,0.00575811490246,1.22832532281e-06,7.07283834634e-09
q20_from_e0,cosine_6,1870,79.8196670255,79.81335315,0.000765786134849,0.00631387543183,1.12116726177e-06,7.07891042907e-09
q20_from_e0,cosine_6,1872,79.8201092139,79.8133568406,0.000769476688049,0.00675237333735,1.02190009661e-06,6.9002509658e-09
q20_from_e0,cosine_6,1874,79.8204253919,79.81336167,0.000774306137743,0.00706372183861,9.30053805032e-07,6.56964137368e-09
q20_from_e0,cosine_6,1876,79.8206091184,79.8133675878,0.000780223938591,0.00724153054098,8.45179486432e-07,6.12039306361e-09
q20_from_e0,cosine_6,1878,79.8206577622,79.8133743436,0.000786979732979,0.00728341859558,7.66848737602e-07,5.58528035544e-09
q20_from_e0,cosine_6,1880,79.8205727489,79.8133814871,0.000794123213595,0.00719126175477,6.94653036348e-07,4.99543181312e-09
q20_from_e0,cosine_6,1882,79.8203595207,79.8133883748,0.000801010888864,0.00697114595083,6.28203133158e-07,4.37929572801e-09
q20_from_e0,cosine_6,1884,79.820027529,79.8133941847,0.000806820829581,0.00663334424685,5.67128450996e-07,3.76195824764e-09
q20_from_e0,cosine_6,1886,79.8195898756,79.813397942,0.000810578083133,0.00619193360549,5.11076493298e-07,3.16455171383e-09
q20_from_e0,cosine_6,1888,79.8190625681,79.8133985537,0.000811189837748,0.00566401440344,4.59712260265e-07,2.60381686358e-09
q20_from_e0,cosine_6,1890,79.8184639234,79.8133948511,0.000807487184801,0.00506907232428,4.12717673525e-07,2.09209573661e-09
q20_from_e0,cosine_6,1892,79.8178136721,79.8133856366,0.000798272730265,0.00442803552183,3.69791009255e-07,1.63744772464e-09
q20_from_e0,cosine_6,1894,79.8171318013,79.8133697356,0.000782371683513,0.00376206572983,3.30646339833e-07,1.24391326378e-09
q20_from_e0,cosine_6,1896,79.8164375832,79.8133460471,0.000758683195059,0.00309153616487,2.95012984105e-07,9.12043309469e-10
q20_from_e0,cosine_6,1898,79.8157487556,79.8133135965,0.000726232598282,0.0024351591595,2.62634966348e-07,6.39557943909e-10
q20_from_e0,cosine_6,1900,79.8150807099,79.8132715838,0.000684219898318,0.00180912612201,2.3327048399e-07,4.22015726081e-10
q20_from_e0,cosine_6,1902,79.8144462983,79.8132194267,0.000632062818838,0.00122687163881,2.0669138418e-07,2.53583797236e-10
q20_from_e0,cosine_6,1904,79.8138557004,79.8131568005,0.000569436631622,0.00069889987266,1.82682649268e-07,1.27676880311e-10
q20_from_e0,cosine_6,1906,79.8133165418,79.8130836691,0.000496305211044,0.000232872694497,1.61041891279e-07,3.75022591489e-11
q20_from_e0,cosine_6,1908,79.8128344402,79.8130003058,0.000412941945257,-0.000165865596998,1.41578855431e-07,-2.34830613784e-11
q20_from_e0,cosine_6,1910,79.8124135941,79.8129073047,0.000319940837528,-0.000493710664742,1.24114932802e-07,-6.12768659782e-11
q20_from_e0,cosine_6,1912,79.8120570816,79.8128055799,0.000218216021921,-0.000748498283158,1.08482682171e-07,-8.11991013576e-11
q20_from_e0,cosine_6,1914,79.8117671113,79.8126963511,0.000108987199994,-0.000929239805842,9.45253611375e-08,-8.78367282306e-11
q20_from_e0,cosine_6,1916,79.8115451779,79.8125811185,-6.24536725979e-06,-0.00103594061447,8.20964665612e-08,-8.50470640154e-11
q20_from_e0,cosine_6,1918,79.8113919308,79.8124616308,-0.000125733037294,-0.00106970005955,7.10592843992e-08,-7.60121207531e-11
q20_from_e0,cosine_6,1920,79.8113073937,79.8123398415,-0.000247522387355,-0.00103244782862,6.12864489952e-08,-6.3275061189e-11
q20_from_e0,cosine_6,1922,79.8112909369,79.8122178546,-0.000369509293179,-0.00092691771178,5.2659511888e-08,-4.88110342627e-11
q20_from_e0,cosine_6,1924,79.8113409283,79.8120978638,-0.000489500067914,-0.000756935476943,4.50685201965e-08,-3.41139618301e-11
q20_from_e0,cosine_6,1926,79.8114549264,79.8119820867,-0.000605277190601,-0.000527160282672,3.84116046411e-08,-2.02490723605e-11
q20_from_e0,cosine_6,1928,79.8116295113,79.8118726977,-0.000714666204928,-0.000243186417009,3.25945772587e-08,-7.92655845747e-12
q20_from_e0,cosine_6,1930,79.8118601495,79.8117717607,-0.000815603213596,8.83888057359e-05,2.75305388675e-08,2.43339145176e-12
q20_from_e0,cosine_6,1932,79.8121411294,79.8116811637,-0.000906200216974,0.000459965720779,2.31394963359e-08,1.06433751106e-11
q20_from_e0,cosine_6,1934,79.8124652296,79.8116025603,-0.000984803551944,0.000862669237804,1.93479897093e-08,1.66909155355e-11
q20_from_e0,cosine_6,1936,79.8128236278,79.8115373188,-0.00105004503624,0.00128630893037,1.60887292464e-08,2.0695076108e-11
q20_from_e0,cosine_6,1938,79.8132057713,79.8114864801,-0.00110088379091,0.00171929119209,1.33002424156e-08,2.28669896378e-11
q20_from_e0,cosine_6,1940,79.8135991999,79.8114507283,-0.00113663562718,0.00214847160028,1.09265309007e-08,2.34753413296e-11
q20_from_e0,cosine_6,1942,79.813989636,79.8114303707,-0.001156993181,0.00255926528932,8.91673766286e-09,2.28202971945e-11
q20_from_e0,cosine_6,1944,79.8143613006,79.8114253296,-0.00116203424781,0.00293597092686,7.22482410684e-09,2.12118735293e-11
q20_from_e0,cosine_6,1946,79.8146971345,79.81143515,-0.00115221384732,0.00326198443082,5.80925739403e-09,1.8949707174e-11
q20_from_e0,cosine_6,1948,79.8149794441,79.8114590194,-0.00112834451126,0.00352042470465,4.63270794764e-09,1.63090995083e-11
q20_from_e0,cosine_6,1950,79.8151906364,79.8114957982,-0.0010915656482,0.00369483813083,3.66175719101e-09,1.35296000952e-11
q20_from_e0,cosine_6,1952,79.8153137318,79.8115440631,-0.00104330079498,0.00376966866635,2.86661555995e-09,1.08061908548e-11
q20_from_e0,cosine_6,1954,79.8153332255,79.8116021591,-0.000985204832901,0.00373106644994,2.22085082816e-09,8.28614201528e-12
q20_from_e0,cosine_6,1956,79.8152358483,79.8116682626,-0.000919101255022,0.00356758566805,1.7011267834e-09,6.06891553201e-12
q20_from_e0,cosine_6,1958,79.8150115649,79.8117404506,-0.00084691332134,0.00327111431855,1.28695229072e-09,4.20976806545e-12
q20_from_e0,cosine_6,1960,79.8146546335,79.811816767,-0.000770596911948,0.00283786653691,9.60440777373e-10,2.72560274279e-12
q20_from_e0,cosine_6,1962,79.8141640175,79.8118952907,-0.000692073143313,0.00226872671027,7.06080172993e-10,1.60190294806e-12
q20_from_e0,cosine_6,1964,79.8135441701,79.811974204,-0.000613159870753,0.00156996606697,5.10513336621e-10,8.01488615229e-13
q20_from_e0,cosine_6,1966,79.8128053016,79.8120518547,-0.000535509145038,0.000753446893398,3.62329001225e-10,2.72995660361e-13
q20_from_e0,cosine_6,1968,79.8119629842,79.812126814,-0.00046054988249,-0.000163829812664,2.51863264543e-10,-4.12627114469e-14
q20_from_e0,cosine_6,1970,79.811038044,79.8121979244,-0.000389439456939,-0.0011598804542,1.71011653767e-10,-1.98353074644e-13
q20_from_e0,cosine_6,1972,79.8100556561,79.8122643352,-0.000323028716451,-0.00220867908214,1.13051790085e-10,-2.4969512396e-13
q20_from_e0,cosine_6,1974,79.8090440265,79.8123255236,-0.000261840304233,-0.00328149704553,7.24766776092e-11,-2.37832003445e-13
q20_from_e0,cosine_6,1976,79.8080334849,79.8123813042,-0.000206059656804,-0.00434781937187,4.48386397692e-11,-1.94950306597e-13
q20_from_e0,cosine_6,1978,79.8070550132,79.8124318247,-0.000155539165689,-0.00537681156776,2.66039247543e-11,-1.43044290367e-13
q20_from_e0,cosine_6,1980,79.8061388518,79.8124775463,-0.000109817577041,-0.00633869453583,1.50180001189e-11,-9.5194515293e-14
q20_from_e0,cosine_6,1982,79.805313564,79.8125192122,-6.81516499412e-05,-0.00720564824087,7.98155517827e-12,-5.75122790297e-14
q20_from_e0,cosine_6,1984,79.8046048505,79.812557809,-2.955492468e-05,-0.00795295842305,3.93722834234e-12,-3.13126133087e-14
q20_from_e0,cosine_6,1986,79.8040345941,79.8125945152,7.15135550422e-06,-0.00855992111657,1.76707504896e-12,-1.51260230261e-14
q20_from_e0,cosine_6,1988,79.8036204906,79.8126306409,4.32769876966e-05,-0.00901015026318,7.00790470445e-13,-6.31422744171e-15
q20_from_e0,cosine_6,1990,79.8033753161,79.8126675611,8.01971735314e-05,-0.00929224494435,2.34699680655e-13,-2.18088692101e-15
q20_from_e0,cosine_6,1992,79.803306492,79.8127066466,0.000119282749182,-0.00940015462844,6.15264793696e-14,-5.78358419818e-16
q20_from_e0,cosine_6,1994,79.8034163465,79.8127491947,0.00016183083855,-0.00933284819705,1.09505806049e-14,-1.02200106455e-16
q20_from_e0,cosine_6,1996,79.803702042,79.8127963625,0.000208998659019,-0.00909432057192,9.61379705088e-16,-8.74309522941e-18
q20_from_e0,cosine_6,1998,79.8041558997,79.8128491029,0.000261739044589,-0.00869320324774,1.50216690851e-17,-1.30586422477e-19
q20_from_e0,cosine_6,2000,79.8047661688,79.8129081085,0.000320744614555,-0.00814193974087,5.27090436347e-98,-4.29153857073e-100
