channel,window,energy_mev,response_real,response_imag,signed_strength,dB_dE,photoabsorption_mb,strength_units
e0_diagonal,gamma_1,0,-8.478990298,0,0,nan,nan,fm^4 / MeV
e0_diagonal,gamma_1,0.0774127112862,-8.47947915091,-0.00589370852443,-0.00187602568961,nan,nan,fm^4 / MeV
e0_diagonal,gamma_1,0.154825422572,-8.48183443312,-0.0131378068703,-0.00418189380959,nan,nan,fm^4 / MeV
e0_diagonal,gamma_1,0.232238133859,-8.48805398964,-0.0216273645702,-0.00688420395478,nan,nan,fm^4 / MeV
e0_diagonal,gamma_1,0.309650845145,-8.49967371149,-0.0293426812284,-0.00934006552214,nan,nan,fm^4 / MeV
e0_diagonal,gamma_1,0.387063556431,-8.5163245525,-0.0332493264485,-0.0105835893175,nan,nan,fm^4 / MeV
e0_diagonal,gamma_1,0.464476267717,-8.53539921136,-0.031048113436,-0.00988292145402,nan,nan,fm^4 / MeV
e0_diagonal,gamma_1,0.541888979003,-8.55313701178,-0.0226946728514,-0.00722393873231,nan,nan,fm^4 / MeV
e0_diagonal,gamma_1,0.619301690289,-8.5665477929,-0.0107019170428,-0.00340652599586,nan,nan,fm^4 / MeV
e0_diagonal,gamma_1,0.696714401576,-8.57504102114,0.00104702647236,0.000333278877248,nan,nan,fm^4 / MeV
e0_diagonal,gamma_1,0.774127112862,-8.5807564192,0.00934036516002,0.002973130571,nan,nan,fm^4 / MeV
e0_diagonal,gamma_1,0.851539824148,-8.58734408886,0.0133523013243,0.00425016951484,nan,nan,fm^4 / MeV
e0_diagonal,gamma_1,0.928952535434,-8.59786993505,0.0150079439267,0.00477717692316,nan,nan,fm^4 / MeV
e0_diagonal,gamma_1,1.00636524672,-8.61306436829,0.0177587033512,0.00565277084249,nan,nan,fm^4 / MeV
e0_diagonal,gamma_1,1.08377795801,-8.63095113259,0.0244737959651,0.00779025120814,nan,nan,fm^4 / MeV
e0_diagonal,gamma_1,1.16119066929,-8.64808426483,0.0356918569797,0.0113610709329,nan,nan,fm^4 / MeV
e0_diagonal,gamma_1,1.23860338058,-8.66166238935,0.0492755586611,0.015684897469,nan,nan,fm^4 / MeV
e0_diagonal,gamma_1,1.31601609186,-8.6712570699,0.0616812486319,0.0196337512317,nan,nan,fm^4 / MeV
e0_diagonal,gamma_1,1.39342880315,-8.67911313316,0.0700871030321,0.0223094177891,nan,nan,fm^4 / MeV
e0_diagonal,gamma_1,1.47084151444,-8.68883042151,0.0740996128273,0.0235866393253,nan,nan,fm^4 / MeV
e0_diagonal,gamma_1,1.54825422572,-8.70321239652,0.0760012475604,0.0241919484608,nan,nan,fm^4 / MeV
e0_diagonal,gamma_1,1.62566693701,-8.72257932402,0.0793747795506,0.0252657770446,nan,nan,fm^4 / MeV
e0_diagonal,gamma_1,1.7030796483,-8.74457664726,0.086922354308,0.0276682447066,nan,nan,fm^4 / MeV
e0_diagonal,gamma_1,1.78049235958,-8.76561398678,0.0987965921123,0.0314479319906,nan,nan,fm^4 / MeV
e0_diagonal,gamma_1,1.85790507087,-8.78308072726,0.112467653799,0.0357995660802,nan,nan,fm^4 / MeV
e0_diagonal,gamma_1,1.93531778215,-8.79699905347,0.124230716571,0.0395438652522,nan,nan,fm^4 / MeV
e0_diagonal,gamma_1,2.01273049344,-8.81009667556,0.131461166755,0.0418453890275,nan,nan,fm^4 / MeV
e0_diagonal,gamma_1,2.09014320473,-8.82622710828,0.134254336618,0.0427344826085,nan,nan,fm^4 / MeV
e0_diagonal,gamma_1,2.16755591601,-8.84807116328,0.13543755591,0.0431111130068,nan,nan,fm^4 / MeV
e0_diagonal,gamma_1,2.2449686273,-8.87550886432,0.138915819041,0.044218278548,nan,nan,fm^4 / MeV
e0_diagonal,gamma_1,2.32238133859,-8.90566904445,0.147327861788,0.0468959149175,nan,nan,fm^4 / MeV
e0_diagonal,gamma_1,2.39979404987,-8.93466068219,0.160429778168,0.0510663844292,nan,nan,fm^4 / MeV
e0_diagonal,gamma_1,2.47720676116,-8.95996378874,0.175208857115,0.0557707113667,nan,nan,fm^4 / MeV
e0_diagonal,gamma_1,2.55461947244,-8.98203288764,0.187695584749,0.0597453602187,nan,nan,fm^4 / MeV
e0_diagonal,gamma_1,2.63203218373,-9.00411473588,0.195403669499,0.0621989197981,nan,nan,fm^4 / MeV
e0_diagonal,gamma_1,2.70944489502,-9.03035025046,0.198919191007,0.0633179450494,nan,nan,fm^4 / MeV
e0_diagonal,gamma_1,2.7868576063,-9.06328172234,0.201644626409,0.0641854780817,nan,nan,fm^4 / MeV
e0_diagonal,gamma_1,2.86427031759,-9.10227860072,0.207807717009,0.0661472507492,nan,nan,fm^4 / MeV
e0_diagonal,gamma_1,2.94168302887,-9.14387227588,0.219910619064,0.0699997241248,nan,nan,fm^4 / MeV
e0_diagonal,gamma_1,3.01909574016,-9.18384754928,0.237169803748,0.0754934932374,nan,nan,fm^4 / MeV
e0_diagonal,gamma_1,3.09650845145,-9.21985711665,0.255933652602,0.0814662118303,nan,nan,fm^4 / MeV
e0_diagonal,gamma_1,3.17392116273,-9.25296825617,0.271880414068,0.0865422236576,nan,nan,fm^4 / MeV
e0_diagonal,gamma_1,3.25133387402,-9.28715791037,0.282700192568,0.0899862661206,nan,nan,fm^4 / MeV
e0_diagonal,gamma_1,3.32874658531,-9.32700163082,0.289626195587,0.0921908813531,nan,nan,fm^4 / MeV
e0_diagonal,gamma_1,3.40615929659,-9.37492050775,0.296834161221,0.0944852480738,nan,nan,fm^4 / MeV
e0_diagonal,gamma_1,3.48357200788,-9.42966907207,0.309007161046,0.0983600342627,nan,nan,fm^4 / MeV
e0_diagonal,gamma_1,3.56098471916,-9.48704305566,0.328503655514,0.104565961198,nan,nan,fm^4 / MeV
e0_diagonal,gamma_1,3.63839743045,-9.5424540021,0.353864970151,0.112638718373,nan,nan,fm^4 / MeV
e0_diagonal,gamma_1,3.71581014174,-9.59385221376,0.380639580197,0.121161341449,nan,nan,fm^4 / MeV
e0_diagonal,gamma_1,3.79322285302,-9.64320290099,0.404110670997,0.128632421691,nan,nan,fm^4 / MeV
e0_diagonal,gamma_1,3.87063556431,-9.69553880561,0.422319779165,0.134428560839,nan,nan,fm^4 / MeV
e0_diagonal,gamma_1,3.94804827559,-9.75606885902,0.437525551225,0.139268708413,nan,nan,fm^4 / MeV
e0_diagonal,gamma_1,4.02546098688,-9.82704824717,0.455120403968,0.144869323987,nan,nan,fm^4 / MeV
e0_diagonal,gamma_1,4.10287369817,-9.9063449039,0.480556952797,0.15296602895,nan,nan,fm^4 / MeV
e0_diagonal,gamma_1,4.18028640945,-9.98868173269,0.516098761207,0.164279337939,nan,nan,fm^4 / MeV
e0_diagonal,gamma_1,4.25769912074,-10.0689232668,0.559414009575,0.178067009717,nan,nan,fm^4 / MeV
e0_diagonal,gamma_1,4.33511183203,-10.1454703833,0.604995056491,0.192575907573,nan,nan,fm^4 / MeV
e0_diagonal,gamma_1,4.41252454331,-10.2216502098,0.647684259517,0.20616430293,nan,nan,fm^4 / MeV
e0_diagonal,gamma_1,4.4899372546,-10.3041137901,0.686232205846,0.218434495338,nan,nan,fm^4 / MeV
e0_diagonal,gamma_1,4.56734996588,-10.3990619744,0.724668088017,0.230669016618,nan,nan,fm^4 / MeV
e0_diagonal,gamma_1,4.64476267717,-10.508532157,0.770489696964,0.245254487746,nan,nan,fm^4 / MeV
e0_diagonal,gamma_1,4.72217538846,-10.629092308,0.83061080844,0.264391631898,nan,nan,fm^4 / MeV
e0_diagonal,gamma_1,4.79958809974,-10.7539434097,0.907485853266,0.288861718666,nan,nan,fm^4 / MeV
e0_diagonal,gamma_1,4.87700081103,-10.8773571189,0.997910897818,0.317644904306,nan,nan,fm^4 / MeV
e0_diagonal,gamma_1,4.95441352232,-10.9988078634,1.09551855156,0.34871438546,nan,nan,fm^4 / MeV
e0_diagonal,gamma_1,5.0318262336,-11.1241167163,1.19573907781,0.380615569764,nan,nan,fm^4 / MeV
e0_diagonal,gamma_1,5.10923894489,-11.2625665894,1.30032746894,0.413907088641,nan,nan,fm^4 / MeV
e0_diagonal,gamma_1,5.18665165617,-11.4214021234,1.41855704655,0.451540732033,nan,nan,fm^4 / MeV
e0_diagonal,gamma_1,5.26406436746,-11.6009334192,1.56402110734,0.497843380666,nan,nan,fm^4 / MeV
e0_diagonal,gamma_1,5.34147707875,-11.7934128528,1.74870697442,0.556630717995,nan,nan,fm^4 / MeV
e0_diagonal,gamma_1,5.41888979003,-11.9867574121,1.97800013061,0.629616996446,nan,nan,fm^4 / MeV
e0_diagonal,gamma_1,5.49630250132,-12.1710961322,2.25018662459,0.716256648364,nan,nan,fm^4 / MeV
e0_diagonal,gamma_1,5.5737152126,-12.3438307935,2.56160282882,0.815383504889,nan,nan,fm^4 / MeV
e0_diagonal,gamma_1,5.65112792389,-12.5089614953,2.91497137644,0.927864207065,nan,nan,fm^4 / MeV
e0_diagonal,gamma_1,5.72854063518,-12.6692041908,3.32567726183,1.0585959507,nan,nan,fm^4 / MeV
e0_diagonal,gamma_1,5.80595334646,-12.8137180054,3.82060017581,1.21613480712,nan,nan,fm^4 / MeV
e0_diagonal,gamma_1,5.88336605775,-12.9078134082,4.42717881485,1.40921478467,nan,nan,fm^4 / MeV
e0_diagonal,gamma_1,5.96077876904,-12.8916688938,5.15545187941,1.64103130096,nan,nan,fm^4 / MeV
e0_diagonal,gamma_1,6.03819148032,-12.6919928549,5.9804281139,1.90362939227,nan,nan,fm^4 / MeV
e0_diagonal,gamma_1,6.11560419161,-12.2447984916,6.83373825943,2.17524644757,nan,nan,fm^4 / MeV
e0_diagonal,gamma_1,6.19301690289,-11.5216299897,7.61085228775,2.42260952548,nan,nan,fm^4 / MeV
e0_diagonal,gamma_1,6.27042961418,-10.548621584,8.19401241698,2.60823515984,nan,nan,fm^4 / MeV
e0_diagonal,gamma_1,6.34784232547,-9.40944833638,8.4840696803,2.70056325431,nan,nan,fm^4 / MeV
e0_diagonal,gamma_1,6.42525503675,-8.22914713881,8.42987385311,2.68331218673,nan,nan,fm^4 / MeV
e0_diagonal,gamma_1,6.50266774804,-7.14347248919,8.04403891864,2.56049711265,nan,nan,fm^4 / MeV
e0_diagonal,gamma_1,6.58008045932,-6.2644670033,7.3989341789,2.35515389637,nan,nan,fm^4 / MeV
e0_diagonal,gamma_1,6.65749317061,-5.65451512057,6.60449887001,2.10227728361,nan,nan,fm^4 / MeV
e0_diagonal,gamma_1,6.7349058819,-5.31757491244,5.77651478295,1.8387217631,nan,nan,fm^4 / MeV
e0_diagonal,gamma_1,6.81231859318,-5.20919473719,5.0072030679,1.59384223864,nan,nan,fm^4 / MeV
e0_diagonal,gamma_1,6.88973130447,-5.25954620545,4.3481472819,1.38405826641,nan,nan,fm^4 / MeV
e0_diagonal,gamma_1,6.96714401576,-5.39928918969,3.80966813711,1.21265503112,nan,nan,fm^4 / MeV
e0_diagonal,gamma_1,7.04455672704,-5.57836037073,3.37374996315,1.07389796678,nan,nan,fm^4 / MeV
e0_diagonal,gamma_1,7.12196943833,-5.77221353069,3.01265167577,0.958956812026,nan,nan,fm^4 / MeV
e0_diagonal,gamma_1,7.19938214961,-5.97622768865,2.70443562712,0.86084859666,nan,nan,fm^4 / MeV
e0_diagonal,gamma_1,7.2767948609,-6.19392738615,2.43975188488,0.776597144791,nan,nan,fm^4 / MeV
e0_diagonal,gamma_1,7.35420757219,-6.42621026157,2.21937750427,0.706449800783,nan,nan,fm^4 / MeV
e0_diagonal,gamma_1,7.43162028347,-6.66667775293,2.04650911913,0.651424084784,nan,nan,fm^4 / MeV
e0_diagonal,gamma_1,7.50903299476,-6.90395170472,1.91955498582,0.611013329061,nan,nan,fm^4 / MeV
e0_diagonal,gamma_1,7.58644570605,-7.12793790615,1.82969407968,0.582409714254,nan,nan,fm^4 / MeV
e0_diagonal,gamma_1,7.66385841733,-7.33533833022,1.76398200916,0.561492912565,nan,nan,fm^4 / MeV
e0_diagonal,gamma_1,7.74127112862,-7.53088526474,1.71140125835,0.54475593976,nan,nan,fm^4 / MeV
e0_diagonal,gamma_1,7.8186838399,-7.72377991011,1.66779702466,0.530876281098,nan,nan,fm^4 / MeV
e0_diagonal,gamma_1,7.89609655119,-7.92178672482,1.63669922515,0.520977544075,nan,nan,fm^4 / MeV
e0_diagonal,gamma_1,7.97350926248,-8.12668778438,1.62575917952,0.517495219396,nan,nan,fm^4 / MeV
e0_diagonal,gamma_1,8.05092197376,-8.33376127839,1.64122370151,0.522417729631,nan,nan,fm^4 / MeV
e0_diagonal,gamma_1,8.12833468505,-8.53536867086,1.68397231143,0.536025034789,nan,nan,fm^4 / MeV
e0_diagonal,gamma_1,8.20574739633,-8.72619313076,1.74959370281,0.556912972409,nan,nan,fm^4 / MeV
e0_diagonal,gamma_1,8.28316010762,-8.90664328392,1.83246173081,0.58329068497,nan,nan,fm^4 / MeV
e0_diagonal,gamma_1,8.36057281891,-9.08198170246,1.93127566521,0.614744137182,nan,nan,fm^4 / MeV
e0_diagonal,gamma_1,8.43798553019,-9.25723537676,2.05248096274,0.653324981645,nan,nan,fm^4 / MeV
e0_diagonal,gamma_1,8.51539824148,-9.43048469985,2.20897047226,0.703137139608,nan,nan,fm^4 / MeV
e0_diagonal,gamma_1,8.59281095277,-9.58830833953,2.4139411419,0.768381330132,nan,nan,fm^4 / MeV
e0_diagonal,gamma_1,8.67022366405,-9.7063477474,2.6724188133,0.850657328297,nan,nan,fm^4 / MeV
e0_diagonal,gamma_1,8.74763637534,-9.75557857173,2.97438577299,0.946776396868,nan,nan,fm^4 / MeV
e0_diagonal,gamma_1,8.82504908662,-9.71215789508,3.29294784926,1.04817785511,nan,nan,fm^4 / MeV
e0_diagonal,gamma_1,8.90246179791,-9.56699386503,3.58885162042,1.14236695083,nan,nan,fm^4 / MeV
e0_diagonal,gamma_1,8.9798745092,-9.33122956626,3.81998004369,1.21593741293,nan,nan,fm^4 / MeV
e0_diagonal,gamma_1,9.05728722048,-9.03551524796,3.95247371514,1.25811145841,nan,nan,fm^4 / MeV
e0_diagonal,gamma_1,9.13469993177,-8.72338179879,3.96965616669,1.26358080261,nan,nan,fm^4 / MeV
e0_diagonal,gamma_1,9.21211264305,-8.44110366633,3.87601356703,1.23377343737,nan,nan,fm^4 / MeV
e0_diagonal,gamma_1,9.28952535434,-8.22735440916,3.69543341364,1.1762929893,nan,nan,fm^4 / MeV
e0_diagonal,gamma_1,9.36693806563,-8.10555766414,3.46481830385,1.10288591995,nan,nan,fm^4 / MeV
e0_diagonal,gamma_1,9.44435077691,-8.08055433685,3.22534748022,1.02665998933,nan,nan,fm^4 / MeV
e0_diagonal,gamma_1,9.5217634882,-8.13973209265,3.01384016763,0.959335120734,nan,nan,fm^4 / MeV
e0_diagonal,gamma_1,9.59917619949,-8.25765360701,2.85612149672,0.909131708549,nan,nan,fm^4 / MeV
e0_diagonal,gamma_1,9.67658891077,-8.4026836085,2.76344668147,0.879632398654,nan,nan,fm^4 / MeV
e0_diagonal,gamma_1,9.75400162206,-8.54404243441,2.73225572131,0.869704007674,nan,nan,fm^4 / MeV
e0_diagonal,gamma_1,9.83141433334,-8.65788317842,2.74693024179,0.87437505262,nan,nan,fm^4 / MeV
e0_diagonal,gamma_1,9.90882704463,-8.73126814932,2.78475238233,0.886414213869,nan,nan,fm^4 / MeV
e0_diagonal,gamma_1,9.98623975592,-8.76332767837,2.82186585869,0.898227800306,nan,nan,fm^4 / MeV
e0_diagonal,gamma_1,10.0636524672,-8.76349045838,2.83878225301,0.903612455857,nan,nan,fm^4 / MeV
e0_diagonal,gamma_1,10.1410651785,-8.74743856075,2.82404214196,0.898920532786,nan,nan,fm^4 / MeV
e0_diagonal,gamma_1,10.2184778898,-8.73213196694,2.77516761179,0.883363286648,nan,nan,fm^4 / MeV
e0_diagonal,gamma_1,10.2958906011,-8.73153496977,2.69695235776,0.858466598041,nan,nan,fm^4 / MeV
e0_diagonal,gamma_1,10.3733033123,-8.7543357536,2.59809201509,0.826998373619,nan,nan,fm^4 / MeV
e0_diagonal,gamma_1,10.4507160236,-8.80405355208,2.48770962118,0.791862566377,nan,nan,fm^4 / MeV
e0_diagonal,gamma_1,10.5281287349,-8.88086979364,2.37317252585,0.755404276599,nan,nan,fm^4 / MeV
e0_diagonal,gamma_1,10.6055414462,-8.98383224219,2.2597782184,0.7193097475,nan,nan,fm^4 / MeV
e0_diagonal,gamma_1,10.6829541575,-9.11213162459,2.15183097044,0.684949071287,nan,nan,fm^4 / MeV
e0_diagonal,gamma_1,10.7603668688,-9.26490695461,2.05391912241,0.653782762085,nan,nan,fm^4 / MeV
e0_diagonal,gamma_1,10.8377795801,-9.44005762509,1.97123675131,0.627464145952,nan,nan,fm^4 / MeV
e0_diagonal,gamma_1,10.9151922914,-9.6332175172,1.9085461555,0.607509109533,nan,nan,fm^4 / MeV
e0_diagonal,gamma_1,10.9926050026,-9.83796129566,1.86838725019,0.594726132957,nan,nan,fm^4 / MeV
e0_diagonal,gamma_1,11.0700177139,-10.0475049238,1.8497727537,0.588800954695,nan,nan,fm^4 / MeV
e0_diagonal,gamma_1,11.1474304252,-10.2571241754,1.84844214584,0.588377409061,nan,nan,fm^4 / MeV
e0_diagonal,gamma_1,11.2248431365,-10.4659080108,1.85884664516,0.591689264054,nan,nan,fm^4 / MeV
e0_diagonal,gamma_1,11.3022558478,-10.6767116503,1.87693740151,0.59744773065,nan,nan,fm^4 / MeV
e0_diagonal,gamma_1,11.3796685591,-10.8941812856,1.90222681054,0.605497599559,nan,nan,fm^4 / MeV
e0_diagonal,gamma_1,11.4570812704,-11.1219007641,1.937916318,0.616857922617,nan,nan,fm^4 / MeV
e0_diagonal,gamma_1,11.5344939816,-11.3603183267,1.98900255372,0.633119176495,nan,nan,fm^4 / MeV
e0_diagonal,gamma_1,11.6119066929,-11.6067105382,2.05953894741,0.655571607941,nan,nan,fm^4 / MeV
e0_diagonal,gamma_1,11.6893194042,-11.8571972148,2.15084526901,0.684635312777,nan,nan,fm^4 / MeV
e0_diagonal,gamma_1,11.7667321155,-12.1094510699,2.26196666305,0.720006351068,nan,nan,fm^4 / MeV
e0_diagonal,gamma_1,11.8441448268,-12.3641124371,2.39228644846,0.761488427127,nan,nan,fm^4 / MeV
e0_diagonal,gamma_1,11.9215575381,-12.6235088202,2.54468240092,0.809997565409,nan,nan,fm^4 / MeV
e0_diagonal,gamma_1,11.9989702494,-12.8878646543,2.72692775212,0.868008062408,nan,nan,fm^4 / MeV
e0_diagonal,gamma_1,12.0763829606,-13.1509034325,2.94970804639,0.938921232523,nan,nan,fm^4 / MeV
e0_diagonal,gamma_1,12.1537956719,-13.3975567261,3.2214135202,1.02540777097,nan,nan,fm^4 / MeV
e0_diagonal,gamma_1,12.2312083832,-13.6058045933,3.54183776043,1.1274019744,nan,nan,fm^4 / MeV
e0_diagonal,gamma_1,12.3086210945,-13.7527119345,3.89793259139,1.24075047952,nan,nan,fm^4 / MeV
e0_diagonal,gamma_1,12.3860338058,-13.8224876704,4.26415522754,1.35732276515,nan,nan,fm^4 / MeV
e0_diagonal,gamma_1,12.4634465171,-13.8131076766,4.60789809753,1.46673951897,nan,nan,fm^4 / MeV
e0_diagonal,gamma_1,12.5408592284,-13.7384816199,4.8980392475,1.5590943154,nan,nan,fm^4 / MeV
e0_diagonal,gamma_1,12.6182719396,-13.625157877,5.11310001178,1.6275502828,nan,nan,fm^4 / MeV
e0_diagonal,gamma_1,12.6956846509,-13.5051178658,5.24570752802,1.6697605662,nan,nan,fm^4 / MeV
e0_diagonal,gamma_1,12.7730973622,-13.4079500476,5.30194143521,1.68766037479,nan,nan,fm^4 / MeV
e0_diagonal,gamma_1,12.8505100735,-13.3556854495,5.29667735741,1.68598476679,nan,nan,fm^4 / MeV
e0_diagonal,gamma_1,12.9279227848,-13.3618614957,5.24783613116,1.67043812162,nan,nan,fm^4 / MeV
e0_diagonal,gamma_1,13.0053354961,-13.4339622427,5.17253766507,1.64646987545,nan,nan,fm^4 / MeV
e0_diagonal,gamma_1,13.0827482074,-13.5766597503,5.0865559698,1.61910105181,nan,nan,fm^4 / MeV
e0_diagonal,gamma_1,13.1601609186,-13.7932366139,5.0061787099,1.59351617536,nan,nan,fm^4 / MeV
e0_diagonal,gamma_1,13.2375736299,-14.0841838896,4.95000140011,1.57563438228,nan,nan,fm^4 / MeV
e0_diagonal,gamma_1,13.3149863412,-14.444210876,4.93831554817,1.57191466008,nan,nan,fm^4 / MeV
e0_diagonal,gamma_1,13.3923990525,-14.8603290944,4.98952663211,1.58821565438,nan,nan,fm^4 / MeV
e0_diagonal,gamma_1,13.4698117638,-15.3132959473,5.11536215681,1.62827034592,nan,nan,fm^4 / MeV
e0_diagonal,gamma_1,13.5472244751,-15.7826310031,5.31798494491,1.69276718254,nan,nan,fm^4 / MeV
e0_diagonal,gamma_1,13.6246371864,-16.2528553922,5.59149497577,1.77982812933,nan,nan,fm^4 / MeV
e0_diagonal,gamma_1,13.7020498977,-16.7171920165,5.92784002222,1.88689008279,nan,nan,fm^4 / MeV
e0_diagonal,gamma_1,13.7794626089,-17.1757967013,6.32419806455,2.01305476613,nan,nan,fm^4 / MeV
e0_diagonal,gamma_1,13.8568753202,-17.6284923746,6.78725536335,2.16045048221,nan,nan,fm^4 / MeV
e0_diagonal,gamma_1,13.9342880315,-18.0654777103,7.33071906254,2.33344035044,nan,nan,fm^4 / MeV
e0_diagonal,gamma_1,14.0117007428,-18.4615532544,7.96573036672,2.5355707264,nan,nan,fm^4 / MeV
e0_diagonal,gamma_1,14.0891134541,-18.7786078752,8.68800159301,2.76547679824,nan,nan,fm^4 / MeV
e0_diagonal,gamma_1,14.1665261654,-18.977468749,9.46823304431,3.0138321827,nan,nan,fm^4 / MeV
e0_diagonal,gamma_1,14.2439388767,-19.0353724075,10.2519625128,3.26330102062,nan,nan,fm^4 / MeV
e0_diagonal,gamma_1,14.3213515879,-18.9617277891,10.9712971687,3.49227235307,nan,nan,fm^4 / MeV
e0_diagonal,gamma_1,14.3987642992,-18.8045250802,11.5655701718,3.68143532504,nan,nan,fm^4 / MeV
e0_diagonal,gamma_1,14.4761770105,-18.6431354565,12.0034658187,3.82082183858,nan,nan,fm^4 / MeV
e0_diagonal,gamma_1,14.5535897218,-18.568893797,12.2978638301,3.91453163605,nan,nan,fm^4 / MeV
e0_diagonal,gamma_1,14.6310024331,-18.6600989041,12.5073245409,3.98120505109,nan,nan,fm^4 / MeV
e0_diagonal,gamma_1,14.7084151444,-18.9603879539,12.723556376,4.05003378189,nan,nan,fm^4 / MeV
e0_diagonal,gamma_1,14.7858278557,-19.4677751604,13.0497875103,4.15387637711,nan,nan,fm^4 / MeV
e0_diagonal,gamma_1,14.8632405669,-20.1369153955,13.5780821392,4.32203778034,nan,nan,fm^4 / MeV
e0_diagonal,gamma_1,14.9406532782,-20.8917724516,14.372993543,4.57506593878,nan,nan,fm^4 / MeV
e0_diagonal,gamma_1,15.0180659895,-21.6424383307,15.4651810779,4.92272002871,nan,nan,fm^4 / MeV
e0_diagonal,gamma_1,15.0954787008,-22.2997819859,16.8539163078,5.36476818168,nan,nan,fm^4 / MeV
e0_diagonal,gamma_1,15.1728914121,-22.7844463316,18.5142310073,5.89326276472,nan,nan,fm^4 / MeV
e0_diagonal,gamma_1,15.2503041234,-23.0304918604,20.4042067525,6.49486072905,nan,nan,fm^4 / MeV
e0_diagonal,gamma_1,15.3277168347,-22.9864231909,22.4701719262,7.15247786836,nan,nan,fm^4 / MeV
e0_diagonal,gamma_1,15.4051295459,-22.6161849094,24.6505023886,7.84649860969,nan,nan,fm^4 / MeV
e0_diagonal,gamma_1,15.4825422572,-21.9004726743,26.8801940437,8.55623150666,nan,nan,fm^4 / MeV
e0_diagonal,gamma_1,15.5599549685,-20.8362684732,29.097340732,9.26197121667,nan,nan,fm^4 / MeV
e0_diagonal,gamma_1,15.6373676798,-19.4319500958,31.2498335369,9.94713095638,nan,nan,fm^4 / MeV
e0_diagonal,gamma_1,15.7147803911,-17.6975253179,33.2981061564,10.5991163808,nan,nan,fm^4 / MeV
e0_diagonal,gamma_1,15.7921931024,-15.6334830456,35.2097881335,11.2076236533,nan,nan,fm^4 / MeV
e0_diagonal,gamma_1,15.8696058137,-13.2249571825,36.9455294209,11.760127265,nan,nan,fm^4 / MeV
e0_diagonal,gamma_1,15.947018525,-10.4478249313,38.4407385796,12.2360671221,nan,nan,fm^4 / MeV
e0_diagonal,gamma_1,16.0244312362,-7.28901639153,39.5925879771,12.6027121727,nan,nan,fm^4 / MeV
e0_diagonal,gamma_1,16.1018439475,-3.77612349552,40.2623084185,12.8158908102,nan,nan,fm^4 / MeV
e0_diagonal,gamma_1,16.1792566588,-0.00476757853371,40.2981205437,12.8272901637,nan,nan,fm^4 / MeV
e0_diagonal,gamma_1,16.2566693701,3.85013917264,39.5754671313,12.5972624382,nan,nan,fm^4 / MeV
e0_diagonal,gamma_1,16.3340820814,7.54906099219,38.0422513653,12.1092247023,nan,nan,fm^4 / MeV
e0_diagonal,gamma_1,16.4114947927,10.8287969325,35.7519881317,11.380211273,nan,nan,fm^4 / MeV
e0_diagonal,gamma_1,16.488907504,13.4590218748,32.870043464,10.4628597939,nan,nan,fm^4 / MeV
e0_diagonal,gamma_1,16.5663202152,15.2960258398,29.6472135876,9.43700118272,nan,nan,fm^4 / MeV
e0_diagonal,gamma_1,16.6437329265,16.3147906724,26.3672317072,8.3929505237,nan,nan,fm^4 / MeV
e0_diagonal,gamma_1,16.7211456378,16.60792808,23.2850766846,7.41187010924,nan,nan,fm^4 / MeV
e0_diagonal,gamma_1,16.7985583491,16.3523023803,20.5765967515,6.54973417001,nan,nan,fm^4 / MeV
e0_diagonal,gamma_1,16.8759710604,15.7561112118,18.3152822962,5.82993542312,nan,nan,fm^4 / MeV
e0_diagonal,gamma_1,16.9533837717,15.0056652708,16.4811093222,5.24610003254,nan,nan,fm^4 / MeV
e0_diagonal,gamma_1,17.030796483,14.2294957674,14.9940902314,4.77276715498,nan,nan,fm^4 / MeV
e0_diagonal,gamma_1,17.1082091942,13.4888333489,13.7568372765,4.37893730775,nan,nan,fm^4 / MeV
e0_diagonal,gamma_1,17.1856219055,12.7921308415,12.689363656,4.03914990109,nan,nan,fm^4 / MeV
e0_diagonal,gamma_1,17.2630346168,12.1223233889,11.7453365688,3.73865674642,nan,nan,fm^4 / MeV
e0_diagonal,gamma_1,17.3404473281,11.4626250644,10.9086741927,3.47233884068,nan,nan,fm^4 / MeV
e0_diagonal,gamma_1,17.4178600394,10.8104136855,10.1779703207,3.23974857437,nan,nan,fm^4 / MeV
e0_diagonal,gamma_1,17.4952727507,10.1765602524,9.54994768882,3.03984276189,nan,nan,fm^4 / MeV
e0_diagonal,gamma_1,17.572685462,9.57517892609,9.01092190571,2.86826552622,nan,nan,fm^4 / MeV
e0_diagonal,gamma_1,17.6500981732,9.01254563984,8.53903869072,2.71806043376,nan,nan,fm^4 / MeV
e0_diagonal,gamma_1,17.7275108845,8.4825324989,8.11351826341,2.58261307498,nan,nan,fm^4 / MeV
e0_diagonal,gamma_1,17.8049235958,7.97078376135,7.72371652835,2.45853532905,nan,nan,fm^4 / MeV
e0_diagonal,gamma_1,17.8823363071,7.46423497272,7.3719069964,2.34655087698,nan,nan,fm^4 / MeV
e0_diagonal,gamma_1,17.9597490184,6.95958725592,7.06816478437,2.24986672804,nan,nan,fm^4 / MeV
e0_diagonal,gamma_1,18.0371617297,6.46539529475,6.82074145513,2.17110943627,nan,nan,fm^4 / MeV
e0_diagonal,gamma_1,18.114574441,5.99656816321,6.62796527302,2.10974687168,nan,nan,fm^4 / MeV
e0_diagonal,gamma_1,18.1919871523,5.56472541498,6.47663277985,2.06157624301,nan,nan,fm^4 / MeV
e0_diagonal,gamma_1,18.2693998635,5.17029585138,6.34789648624,2.02059820804,nan,nan,fm^4 / MeV
e0_diagonal,gamma_1,18.3468125748,4.80118483815,6.22720568135,1.98218113167,nan,nan,fm^4 / MeV
e0_diagonal,gamma_1,18.4242252861,4.43900200001,6.11248613674,1.94566476649,nan,nan,fm^4 / MeV
e0_diagonal,gamma_1,18.5016379974,4.06949958406,6.0157340747,1.91486762863,nan,nan,fm^4 / MeV
e0_diagonal,gamma_1,18.5790507087,3.6914859895,5.95689756928,1.89613938729,nan,nan,fm^4 / MeV
e0_diagonal,gamma_1,18.65646342,3.31932945086,5.95318047069,1.89495619806,nan,nan,fm^4 / MeV
e0_diagonal,gamma_1,18.7338761313,2.97768630883,6.00934735621,1.91283467299,nan,nan,fm^4 / MeV
e0_diagonal,gamma_1,18.8112888425,2.69124878922,6.11394484495,1.94612908773,nan,nan,fm^4 / MeV
e0_diagonal,gamma_1,18.8887015538,2.47480204896,6.24306378907,1.98722892414,nan,nan,fm^4 / MeV
e0_diagonal,gamma_1,18.9661142651,2.32841401773,6.36925993412,2.0273984047,nan,nan,fm^4 / MeV
e0_diagonal,gamma_1,19.0435269764,2.23954887489,6.47075514086,2.05970533241,nan,nan,fm^4 / MeV
e0_diagonal,gamma_1,19.1209396877,2.19009422069,6.53635093548,2.08058512233,nan,nan,fm^4 / MeV
e0_diagonal,gamma_1,19.198352399,2.16386839123,6.56427780642,2.08947452144,nan,nan,fm^4 / MeV
e0_diagonal,gamma_1,19.2757651103,2.15040827284,6.55678071707,2.08708812378,nan,nan,fm^4 / MeV
e0_diagonal,gamma_1,19.3531778215,2.14345909924,6.51453675439,2.07364145283,nan,nan,fm^4 / MeV
e0_diagonal,gamma_1,19.4305905328,2.13598148131,6.4347546995,2.04824603602,nan,nan,fm^4 / MeV
e0_diagonal,gamma_1,19.5080032441,2.11565418708,6.31425335215,2.00988926586,nan,nan,fm^4 / MeV
e0_diagonal,gamma_1,19.5854159554,2.06454054676,6.15551170216,1.95936022932,nan,nan,fm^4 / MeV
e0_diagonal,gamma_1,19.6628286667,1.96400978315,5.971591792,1.90081670365,nan,nan,fm^4 / MeV
e0_diagonal,gamma_1,19.740241378,1.80267893973,5.78619726923,1.84180379421,nan,nan,fm^4 / MeV
e0_diagonal,gamma_1,19.8176540893,1.58301296502,5.62777067566,1.79137504324,nan,nan,fm^4 / MeV
e0_diagonal,gamma_1,19.8950668005,1.32255688376,5.51996461435,1.75705930813,nan,nan,fm^4 / MeV
e0_diagonal,gamma_1,19.9724795118,1.04844757375,5.47309615852,1.74214061529,nan,nan,fm^4 / MeV
e0_diagonal,gamma_1,20.0498922231,0.787415138725,5.48099379005,1.74465450948,nan,nan,fm^4 / MeV
e0_diagonal,gamma_1,20.1273049344,0.555975349749,5.52502433172,1.75866986619,nan,nan,fm^4 / MeV
e0_diagonal,gamma_1,20.2047176457,0.355551026883,5.58343551666,1.77726272382,nan,nan,fm^4 / MeV
e0_diagonal,gamma_1,20.282130357,0.174794180104,5.64143026869,1.79572302674,nan,nan,fm^4 / MeV
e0_diagonal,gamma_1,20.3595430683,-0.00227802596469,5.69705924945,1.81343028128,nan,nan,fm^4 / MeV
e0_diagonal,gamma_1,20.4369557796,-0.186625737254,5.76024395411,1.83354259742,nan,nan,fm^4 / MeV
e0_diagonal,gamma_1,20.5143684908,-0.377926247836,5.84582015197,1.86078234723,nan,nan,fm^4 / MeV
e0_diagonal,gamma_1,20.5917812021,-0.564687915217,5.96451381336,1.89856371307,nan,nan,fm^4 / MeV
e0_diagonal,gamma_1,20.6691939134,-0.730283169974,6.11665089944,1.94699045163,nan,nan,fm^4 / MeV
e0_diagonal,gamma_1,20.7466066247,-0.861370962717,6.29174530797,2.00272473288,nan,nan,fm^4 / MeV
e0_diagonal,gamma_1,20.824019336,-0.954074910606,6.47385187246,2.06069105269,nan,nan,fm^4 / MeV
e0_diagonal,gamma_1,20.9014320473,-1.01467876298,6.64948375122,2.11659641603,nan,nan,fm^4 / MeV
e0_diagonal,gamma_1,20.9788447586,-1.05468664255,6.81361038305,2.16883954553,nan,nan,fm^4 / MeV
e0_diagonal,gamma_1,21.0562574698,-1.08318845623,6.97041073391,2.21875064737,nan,nan,fm^4 / MeV
e0_diagonal,gamma_1,21.1336701811,-1.10092560771,7.12838720442,2.26903611971,nan,nan,fm^4 / MeV
e0_diagonal,gamma_1,21.2110828924,-1.09952648988,7.29256016851,2.32129399723,nan,nan,fm^4 / MeV
e0_diagonal,gamma_1,21.2884956037,-1.06659988839,7.45811327948,2.37399118914,nan,nan,fm^4 / MeV
e0_diagonal,gamma_1,21.365908315,-0.994218854092,7.60919814689,2.42208299609,nan,nan,fm^4 / MeV
e0_diagonal,gamma_1,21.4433210263,-0.886439629255,7.72400256635,2.45862637778,nan,nan,fm^4 / MeV
e0_diagonal,gamma_1,21.5207337376,-0.761832593032,7.78399552779,2.47772273051,nan,nan,fm^4 / MeV
e0_diagonal,gamma_1,21.5981464488,-0.649356774178,7.78310293567,2.47743860961,nan,nan,fm^4 / MeV
e0_diagonal,gamma_1,21.6755591601,-0.579081290078,7.73249331102,2.46132906575,nan,nan,fm^4 / MeV
e0_diagonal,gamma_1,21.7529718714,-0.571679537024,7.65864846094,2.43782351992,nan,nan,fm^4 / MeV
e0_diagonal,gamma_1,21.8303845827,-0.631158680906,7.5954372779,2.41770277545,nan,nan,fm^4 / MeV
e0_diagonal,gamma_1,21.907797294,-0.743763697147,7.5735248963,2.41072784775,nan,nan,fm^4 / MeV
e0_diagonal,gamma_1,21.9852100053,-0.8832245794,7.6114456475,2.42279839775,nan,nan,fm^4 / MeV
e0_diagonal,gamma_1,22.0626227166,-1.01984028702,7.71169359702,2.45470831115,nan,nan,fm^4 / MeV
e0_diagonal,gamma_1,22.1400354278,-1.12951122999,7.86282342221,2.50281442861,nan,nan,fm^4 / MeV
e0_diagonal,gamma_1,22.2174481391,-1.19924942487,8.04597520647,2.56111345221,nan,nan,fm^4 / MeV
e0_diagonal,gamma_1,22.2948608504,-1.22755827282,8.24259667489,2.62370000944,nan,nan,fm^4 / MeV
e0_diagonal,gamma_1,22.3722735617,-1.2204198165,8.44005543078,2.68655308356,nan,nan,fm^4 / MeV
e0_diagonal,gamma_1,22.449686273,-1.18538694693,8.63317634685,2.74802538037,nan,nan,fm^4 / MeV
e0_diagonal,gamma_1,22.5270989843,-1.12676201763,8.82176661692,2.80805552777,nan,nan,fm^4 / MeV
e0_diagonal,gamma_1,22.6045116956,-1.04399298772,9.00596166113,2.86668663133,nan,nan,fm^4 / MeV
e0_diagonal,gamma_1,22.6819244068,-0.9337427449,9.18202480913,2.92272927193,nan,nan,fm^4 / MeV
e0_diagonal,gamma_1,22.7593371181,-0.794368392562,9.34083865076,2.97328128779,nan,nan,fm^4 / MeV
e0_diagonal,gamma_1,22.8367498294,-0.630482673975,9.47001676236,3.01439995779,nan,nan,fm^4 / MeV
e0_diagonal,gamma_1,22.9141625407,-0.455217328649,9.55893650593,3.04270399124,nan,nan,fm^4 / MeV
e0_diagonal,gamma_1,22.991575252,-0.288711540919,9.60468669801,3.05726672967,nan,nan,fm^4 / MeV
e0_diagonal,gamma_1,23.0689879633,-0.15282464712,9.61639584784,3.06099386782,nan,nan,fm^4 / MeV
e0_diagonal,gamma_1,23.1464006746,-0.063583938489,9.61581620143,3.06080936064,nan,nan,fm^4 / MeV
e0_diagonal,gamma_1,23.2238133859,-0.0239119660204,9.63324014799,3.06635557509,nan,nan,fm^4 / MeV
e0_diagonal,gamma_1,23.3012260971,-0.019378707315,9.69943639219,3.08742649405,nan,nan,fm^4 / MeV
e0_diagonal,gamma_1,23.3786388084,-0.0189828708812,9.83580201038,3.13083301845,nan,nan,fm^4 / MeV
e0_diagonal,gamma_1,23.4560515197,0.0185428933648,10.0458220612,3.19768447693,nan,nan,fm^4 / MeV
e0_diagonal,gamma_1,23.533464231,0.134248768909,10.3108463485,3.28204432766,nan,nan,fm^4 / MeV
e0_diagonal,gamma_1,23.6108769423,0.357220376957,10.5920539155,3.3715554763,nan,nan,fm^4 / MeV
e0_diagonal,gamma_1,23.6882896536,0.695186067968,10.83856582,3.45002265257,nan,nan,fm^4 / MeV
e0_diagonal,gamma_1,23.7657023649,1.13058816358,10.9995982583,3.50128086968,nan,nan,fm^4 / MeV
e0_diagonal,gamma_1,23.8431150761,1.62357303398,11.0370754065,3.51321021645,nan,nan,fm^4 / MeV
e0_diagonal,gamma_1,23.9205277874,2.12108687975,10.9348515377,3.48067134839,nan,nan,fm^4 / MeV
e0_diagonal,gamma_1,23.9979404987,2.5692146663,10.7018061521,3.40649069823,nan,nan,fm^4 / MeV
e0_diagonal,gamma_1,24.07535321,2.92487736893,10.3681997757,3.30030049053,nan,nan,fm^4 / MeV
e0_diagonal,gamma_1,24.1527659213,3.16343403657,9.97699301845,3.17577551216,nan,nan,fm^4 / MeV
e0_diagonal,gamma_1,24.2301786326,3.28044534369,9.57340611976,3.04730981237,nan,nan,fm^4 / MeV
e0_diagonal,gamma_1,24.3075913439,3.28811362096,9.1962016516,2.92724190104,nan,nan,fm^4 / MeV
e0_diagonal,gamma_1,24.3850040551,3.20874840988,8.87298276982,2.82435813557,nan,nan,fm^4 / MeV
e0_diagonal,gamma_1,24.4624167664,3.06824960638,8.61981506632,2.74377235269,nan,nan,fm^4 / MeV
e0_diagonal,gamma_1,24.5398294777,2.89185618621,8.44365255966,2.68769808524,nan,nan,fm^4 / MeV
e0_diagonal,gamma_1,24.617242189,2.7027463836,8.34521894976,2.65636569408,nan,nan,fm^4 / MeV
e0_diagonal,gamma_1,24.6946549003,2.52239388833,8.32048235644,2.64849179187,nan,nan,fm^4 / MeV
e0_diagonal,gamma_1,24.7720676116,2.37075723178,8.36030579849,2.66116798718,nan,nan,fm^4 / MeV
e0_diagonal,gamma_1,24.8494803229,2.26480591663,8.44940896422,2.68953040572,nan,nan,fm^4 / MeV
e0_diagonal,gamma_1,24.9268930341,2.21528628718,8.56654803047,2.72681692857,nan,nan,fm^4 / MeV
e0_diagonal,gamma_1,25.0043057454,2.22318723367,8.68734718191,2.76526849271,nan,nan,fm^4 / MeV
e0_diagonal,gamma_1,25.0817184567,2.27816046951,8.78971905033,2.7978544705,nan,nan,fm^4 / MeV
e0_diagonal,gamma_1,25.159131168,2.36065152951,8.86009300686,2.82025519659,nan,nan,fm^4 / MeV
e0_diagonal,gamma_1,25.2365438793,2.4478638302,8.89769887869,2.83222551737,nan,nan,fm^4 / MeV
e0_diagonal,gamma_1,25.3139565906,2.52169901032,8.91455189966,2.83759000056,nan,nan,fm^4 / MeV
e0_diagonal,gamma_1,25.3913693019,2.57552235035,8.93048236881,2.84266082638,nan,nan,fm^4 / MeV
e0_diagonal,gamma_1,25.4687820132,2.61673261086,8.96479232682,2.85358202521,nan,nan,fm^4 / MeV
e0_diagonal,gamma_1,25.5461947244,2.66372538357,9.02781683633,2.87364334966,nan,nan,fm^4 / MeV
e0_diagonal,gamma_1,25.6236074357,2.73824032081,9.1159475678,2.90169623276,nan,nan,fm^4 / MeV
e0_diagonal,gamma_1,25.701020147,2.85616465478,9.21232818522,2.93237513613,nan,nan,fm^4 / MeV
e0_diagonal,gamma_1,25.7784328583,3.02063206431,9.29302425307,2.9580614923,nan,nan,fm^4 / MeV
e0_diagonal,gamma_1,25.8558455696,3.22031455524,9.33609597357,2.97177164675,nan,nan,fm^4 / MeV
e0_diagonal,gamma_1,25.9332582809,3.43356378727,9.32975244241,2.96975243807,nan,nan,fm^4 / MeV
e0_diagonal,gamma_1,26.0106709922,3.63653510959,9.27621370198,2.95271052769,nan,nan,fm^4 / MeV
e0_diagonal,gamma_1,26.0880837034,3.81176652707,9.18983520797,2.9252153991,nan,nan,fm^4 / MeV
e0_diagonal,gamma_1,26.1654964147,3.9536180267,9.09056367911,2.89361629004,nan,nan,fm^4 / MeV
e0_diagonal,gamma_1,26.242909126,4.06849117977,8.99575040712,2.86343628823,nan,nan,fm^4 / MeV
e0_diagonal,gamma_1,26.3203218373,4.17011224498,8.91389203837,2.83737996019,nan,nan,fm^4 / MeV
e0_diagonal,gamma_1,26.3977345486,4.27228330412,8.84281578675,2.81475568663,nan,nan,fm^4 / MeV
e0_diagonal,gamma_1,26.4751472599,4.38245033541,8.77272229774,2.79244423612,nan,nan,fm^4 / MeV
e0_diagonal,gamma_1,26.5525599712,4.49884568428,8.69233913647,2.7668574812,nan,nan,fm^4 / MeV
e0_diagonal,gamma_1,26.6299726824,4.61218704314,8.59518821314,2.73593338185,nan,nan,fm^4 / MeV
e0_diagonal,gamma_1,26.7073853937,4.71082021194,8.48313381081,2.7002653578,nan,nan,fm^4 / MeV
e0_diagonal,gamma_1,26.784798105,4.78673432121,8.36579150975,2.6629141433,nan,nan,fm^4 / MeV
e0_diagonal,gamma_1,26.8622108163,4.83966564337,8.25632869314,2.62807104661,nan,nan,fm^4 / MeV
e0_diagonal,gamma_1,26.9396235276,4.87755088816,8.16576707524,2.59924438832,nan,nan,fm^4 / MeV
e0_diagonal,gamma_1,27.0170362389,4.91334051896,8.09842637866,2.57780917886,nan,nan,fm^4 / MeV
e0_diagonal,gamma_1,27.0944489502,4.95980725967,8.05046215768,2.56254169314,nan,nan,fm^4 / MeV
e0_diagonal,gamma_1,27.1718616614,5.02476806433,8.01194010318,2.55027974235,nan,nan,fm^4 / MeV
e0_diagonal,gamma_1,27.2492743727,5.10878830898,7.97128494041,2.53733880212,nan,nan,fm^4 / MeV
e0_diagonal,gamma_1,27.326687084,5.20618885754,7.91996589721,2.52100344332,nan,nan,fm^4 / MeV
e0_diagonal,gamma_1,27.4040997953,5.30864778414,7.85532448189,2.50042744177,nan,nan,fm^4 / MeV
e0_diagonal,gamma_1,27.4815125066,5.40957897728,7.78042497169,2.4765861872,nan,nan,fm^4 / MeV
e0_diagonal,gamma_1,27.5589252179,5.50724536215,7.70121669601,2.45137340998,nan,nan,fm^4 / MeV
e0_diagonal,gamma_1,27.6363379292,5.60526578207,7.62248355999,2.42631187442,nan,nan,fm^4 / MeV
e0_diagonal,gamma_1,27.7137506405,5.71042774413,7.54450658079,2.40149103104,nan,nan,fm^4 / MeV
e0_diagonal,gamma_1,27.7911633517,5.82892797668,7.46192748296,2.37520528781,nan,nan,fm^4 / MeV
e0_diagonal,gamma_1,27.868576063,5.96279174766,7.36523009189,2.34442555227,nan,nan,fm^4 / MeV
e0_diagonal,gamma_1,27.9459887743,6.10802754131,7.24407355238,2.30586022796,nan,nan,fm^4 / MeV
e0_diagonal,gamma_1,28.0234014856,6.2551996672,7.09095658552,2.25712158367,nan,nan,fm^4 / MeV
e0_diagonal,gamma_1,28.1008141969,6.39199065129,6.90367649859,2.19750848052,nan,nan,fm^4 / MeV
e0_diagonal,gamma_1,28.1782269082,6.50650170541,6.68572430891,2.12813214383,nan,nan,fm^4 / MeV
e0_diagonal,gamma_1,28.2556396195,6.58986234797,6.44476406739,2.05143211677,nan,nan,fm^4 / MeV
e0_diagonal,gamma_1,28.3330523307,6.63722424956,6.19018340058,1.97039657369,nan,nan,fm^4 / MeV
e0_diagonal,gamma_1,28.410465042,6.64710811157,5.93098444303,1.88789098302,nan,nan,fm^4 / MeV
e0_diagonal,gamma_1,28.4878777533,6.61989067844,5.67491082129,1.80638021763,nan,nan,fm^4 / MeV
e0_diagonal,gamma_1,28.5652904646,6.55655539571,5.42890662948,1.72807465133,nan,nan,fm^4 / MeV
e0_diagonal,gamma_1,28.6427031759,6.4585364121,5.20021261053,1.65527908419,nan,nan,fm^4 / MeV
e0_diagonal,gamma_1,28.7201158872,6.32874053896,4.9970412533,1.59060763259,nan,nan,fm^4 / MeV
e0_diagonal,gamma_1,28.7975285985,6.17304642582,4.82802471393,1.53680799718,nan,nan,fm^4 / MeV
e0_diagonal,gamma_1,28.8749413097,6.00118470655,4.7003599353,1.49617103603,nan,nan,fm^4 / MeV
e0_diagonal,gamma_1,28.952354021,5.82612247739,4.6173911519,1.46976125203,nan,nan,fm^4 / MeV
e0_diagonal,gamma_1,29.0297667323,5.66181014903,4.57682626311,1.4568490469,nan,nan,fm^4 / MeV
e0_diagonal,gamma_1,29.1071794436,5.52002055971,4.57061745148,1.45487272077,nan,nan,fm^4 / MeV
e0_diagonal,gamma_1,29.1845921549,5.40755783532,4.58680999558,1.46002696764,nan,nan,fm^4 / MeV
e0_diagonal,gamma_1,29.2620048662,5.32503483246,4.61273807344,1.46828013115,nan,nan,fm^4 / MeV
e0_diagonal,gamma_1,29.3394175775,5.26773471886,4.6382985222,1.47641627469,nan,nan,fm^4 / MeV
e0_diagonal,gamma_1,29.4168302887,5.22812538307,4.65800281934,1.48268834727,nan,nan,fm^4 / MeV
e0_diagonal,gamma_1,29.494243,5.19887007344,4.67111351572,1.48686161154,nan,nan,fm^4 / MeV
e0_diagonal,gamma_1,29.5716557113,5.1750460288,4.68009705562,1.4897211611,nan,nan,fm^4 / MeV
e0_diagonal,gamma_1,29.6490684226,5.15480176245,4.68838248368,1.49235849477,nan,nan,fm^4 / MeV
e0_diagonal,gamma_1,29.7264811339,5.13855960606,4.69860870927,1.49561360347,nan,nan,fm^4 / MeV
e0_diagonal,gamma_1,29.8038938452,5.12761560322,4.71208574498,1.49990347717,nan,nan,fm^4 / MeV
e0_diagonal,gamma_1,29.8813065565,5.12319016955,4.72936425799,1.50540339868,nan,nan,fm^4 / MeV
e0_diagonal,gamma_1,29.9587192678,5.12653442633,4.75109333717,1.5123199794,nan,nan,fm^4 / MeV
e0_diagonal,gamma_2,0,-8.47934990638,0,0,nan,nan,fm^4 / MeV
e0_diagonal,gamma_2,0.0774127112862,-8.47997747386,0.00514727906269,0.0016384298126,nan,nan,fm^4 / MeV
e0_diagonal,gamma_2,0.154825422572,-8.48184531051,0.0104332793251,0.00332101595448,nan,nan,fm^4 / MeV
e0_diagonal,gamma_2,0.232238133859,-8.48490787979,0.0159911874927,0.00509015307075,nan,nan,fm^4 / MeV
e0_diagonal,gamma_2,0.309650845145,-8.48908800747,0.0219399399634,0.00698369979264,nan,nan,fm^4 / MeV
e0_diagonal,gamma_2,0.387063556431,-8.49428006163,0.0283721369054,0.00903113166914,nan,nan,fm^4 / MeV
e0_diagonal,gamma_2,0.464476267717,-8.50036054763,0.0353423239351,0.0112498111093,nan,nan,fm^4 / MeV
e0_diagonal,gamma_2,0.541888979003,-8.50720553273,0.0428614386576,0.0136432196608,nan,nan,fm^4 / MeV
e0_diagonal,gamma_2,0.619301690289,-8.51470982207,0.0509016823964,0.0162025087302,nan,nan,fm^4 / MeV
e0_diagonal,gamma_2,0.696714401576,-8.52280060108,0.0594114620554,0.0189112557249,nan,nan,fm^4 / MeV
e0_diagonal,gamma_2,0.774127112862,-8.53144003051,0.068334905447,0.0217516759752,nan,nan,fm^4 / MeV
e0_diagonal,gamma_2,0.851539824148,-8.54061635487,0.0776278684692,0.0247097179771,nan,nan,fm^4 / MeV
e0_diagonal,gamma_2,0.928952535434,-8.55032871246,0.0872640453283,0.0277770083364,nan,nan,fm^4 / MeV
e0_diagonal,gamma_2,1.00636524672,-8.56057378587,0.0972300022613,0.0309492709535,nan,nan,fm^4 / MeV
e0_diagonal,gamma_2,1.08377795801,-8.57134093216,0.107513799609,0.0342227053168,nan,nan,fm^4 / MeV
e0_diagonal,gamma_2,1.16119066929,-8.5826172831,0.118095008816,0.037590808815,nan,nan,fm^4 / MeV
e0_diagonal,gamma_2,1.23860338058,-8.59439846539,0.12894255973,0.0410436915119,nan,nan,fm^4 / MeV
e0_diagonal,gamma_2,1.31601609186,-8.60669745577,0.140021795142,0.044570321675,nan,nan,fm^4 / MeV
e0_diagonal,gamma_2,1.39342880315,-8.61954547083,0.15130637059,0.0481623136013,nan,nan,fm^4 / MeV
e0_diagonal,gamma_2,1.47084151444,-8.63298383086,0.162787634528,0.0518169134186,nan,nan,fm^4 / MeV
e0_diagonal,gamma_2,1.54825422572,-8.6470513828,0.174475642521,0.0555373219128,nan,nan,fm^4 / MeV
e0_diagonal,gamma_2,1.62566693701,-8.66177489904,0.186391070342,0.0593301203861,nan,nan,fm^4 / MeV
e0_diagonal,gamma_2,1.7030796483,-8.67716815615,0.198552891935,0.0632013484332,nan,nan,fm^4 / MeV
e0_diagonal,gamma_2,1.78049235958,-8.69324015528,0.210969360118,0.0671536330076,nan,nan,fm^4 / MeV
e0_diagonal,gamma_2,1.85790507087,-8.71000734618,0.223637904695,0.07118615599,nan,nan,fm^4 / MeV
e0_diagonal,gamma_2,1.93531778215,-8.72750218559,0.236554162493,0.0752975285395,nan,nan,fm^4 / MeV
e0_diagonal,gamma_2,2.01273049344,-8.74577249401,0.249724732528,0.0794898511882,nan,nan,fm^4 / MeV
e0_diagonal,gamma_2,2.09014320473,-8.76487164332,0.26317584641,0.0837714737171,nan,nan,fm^4 / MeV
e0_diagonal,gamma_2,2.16755591601,-8.78484526196,0.276952487434,0.0881567147536,nan,nan,fm^4 / MeV
e0_diagonal,gamma_2,2.2449686273,-8.80572242366,0.291108234521,0.0926626289974,nan,nan,fm^4 / MeV
e0_diagonal,gamma_2,2.32238133859,-8.82751673131,0.305691799174,0.0973047218023,nan,nan,fm^4 / MeV
e0_diagonal,gamma_2,2.39979404987,-8.85023678626,0.320738380027,0.102094197241,nan,nan,fm^4 / MeV
e0_diagonal,gamma_2,2.47720676116,-8.87389980319,0.336271189068,0.107038443919,nan,nan,fm^4 / MeV
e0_diagonal,gamma_2,2.55461947244,-8.89854010296,0.352312401089,0.112144520292,nan,nan,fm^4 / MeV
e0_diagonal,gamma_2,2.63203218373,-8.92420721159,0.368897011294,0.117423565678,nan,nan,fm^4 / MeV
e0_diagonal,gamma_2,2.70944489502,-8.95095458554,0.386081198057,0.122893462211,nan,nan,fm^4 / MeV
e0_diagonal,gamma_2,2.7868576063,-8.97882578547,0.403940024591,0.128578103253,nan,nan,fm^4 / MeV
e0_diagonal,gamma_2,2.86427031759,-9.00784665763,0.422555807835,0.134503691098,nan,nan,fm^4 / MeV
e0_diagonal,gamma_2,2.94168302887,-9.03802858714,0.442004323484,0.140694345901,nan,nan,fm^4 / MeV
e0_diagonal,gamma_2,3.01909574016,-9.06938117512,0.462347593535,0.147169809876,nan,nan,fm^4 / MeV
e0_diagonal,gamma_2,3.09650845145,-9.10192680911,0.483638232514,0.153946830746,nan,nan,fm^4 / MeV
e0_diagonal,gamma_2,3.17392116273,-9.13570818904,0.505933385722,0.161043598426,nan,nan,fm^4 / MeV
e0_diagonal,gamma_2,3.25133387402,-9.17078393571,0.529310367365,0.168484722792,nan,nan,fm^4 / MeV
e0_diagonal,gamma_2,3.32874658531,-9.20721459824,0.553874885921,0.176303851898,nan,nan,fm^4 / MeV
e0_diagonal,gamma_2,3.40615929659,-9.24504734662,0.57975712867,0.184542425641,nan,nan,fm^4 / MeV
e0_diagonal,gamma_2,3.48357200788,-9.28430865219,0.607098436418,0.193245434199,nan,nan,fm^4 / MeV
e0_diagonal,gamma_2,3.56098471916,-9.32500952628,0.636037318606,0.202456966494,nan,nan,fm^4 / MeV
e0_diagonal,gamma_2,3.63839743045,-9.36716013519,0.666704357234,0.212218588069,nan,nan,fm^4 / MeV
e0_diagonal,gamma_2,3.71581014174,-9.41078453838,0.699230440169,0.222571961827,nan,nan,fm^4 / MeV
e0_diagonal,gamma_2,3.79322285302,-9.45592573949,0.733764700963,0.233564558449,nan,nan,fm^4 / MeV
e0_diagonal,gamma_2,3.87063556431,-9.50263676023,0.770492425003,0.245255356108,nan,nan,fm^4 / MeV
e0_diagonal,gamma_2,3.94804827559,-9.55096185294,0.809642906276,0.257717341346,nan,nan,fm^4 / MeV
e0_diagonal,gamma_2,4.02546098688,-9.60091813134,0.851483234553,0.271035531478,nan,nan,fm^4 / MeV
e0_diagonal,gamma_2,4.10287369817,-9.65248785622,0.896302801934,0.28530204287,nan,nan,fm^4 / MeV
e0_diagonal,gamma_2,4.18028640945,-9.70562507809,0.944399564343,0.300611717838,nan,nan,fm^4 / MeV
e0_diagonal,gamma_2,4.25769912074,-9.76027106144,0.996078735579,0.317061708952,nan,nan,fm^4 / MeV
e0_diagonal,gamma_2,4.33511183203,-9.81636654425,1.05166750481,0.33475616376,nan,nan,fm^4 / MeV
e0_diagonal,gamma_2,4.41252454331,-9.87384954411,1.11153962682,0.353814052101,nan,nan,fm^4 / MeV
e0_diagonal,gamma_2,4.4899372546,-9.93263504496,1.17613728958,0.374376126782,nan,nan,fm^4 / MeV
e0_diagonal,gamma_2,4.56734996588,-9.99258303701,1.24597872163,0.39660734507,nan,nan,fm^4 / MeV
e0_diagonal,gamma_2,4.64476267717,-10.053467737,1.32164827311,0.42069371139,nan,nan,fm^4 / MeV
e0_diagonal,gamma_2,4.72217538846,-10.1149590804,1.40377630057,0.446835874462,nan,nan,fm^4 / MeV
e0_diagonal,gamma_2,4.79958809974,-10.1766182981,1.49302238902,0.475243786718,nan,nan,fm^4 / MeV
e0_diagonal,gamma_2,4.87700081103,-10.2378979615,1.59007282082,0.50613589862,nan,nan,fm^4 / MeV
e0_diagonal,gamma_2,4.95441352232,-10.2981304971,1.69565256884,0.539742976195,nan,nan,fm^4 / MeV
e0_diagonal,gamma_2,5.0318262336,-10.3564924128,1.81053939881,0.576312589966,nan,nan,fm^4 / MeV
e0_diagonal,gamma_2,5.10923894489,-10.4119432038,1.9355606057,0.616108076102,nan,nan,fm^4 / MeV
e0_diagonal,gamma_2,5.18665165617,-10.463151537,2.0715561306,0.659396796156,nan,nan,fm^4 / MeV
e0_diagonal,gamma_2,5.26406436746,-10.5084286628,2.21930365297,0.706426293185,nan,nan,fm^4 / MeV
e0_diagonal,gamma_2,5.34147707875,-10.5456855237,2.37941426838,0.757391084952,nan,nan,fm^4 / MeV
e0_diagonal,gamma_2,5.41888979003,-10.5724183376,2.5522126786,0.812394527241,nan,nan,fm^4 / MeV
e0_diagonal,gamma_2,5.49630250132,-10.5857165268,2.73760912846,0.871408050095,nan,nan,fm^4 / MeV
e0_diagonal,gamma_2,5.5737152126,-10.5822869611,2.93495578584,0.934225442144,nan,nan,fm^4 / MeV
e0_diagonal,gamma_2,5.65112792389,-10.5585040343,3.14286953726,1.00040644469,nan,nan,fm^4 / MeV
e0_diagonal,gamma_2,5.72854063518,-10.5105200824,3.35900929459,1.06920586625,nan,nan,fm^4 / MeV
e0_diagonal,gamma_2,5.80595334646,-10.4344895556,3.57982486127,1.13949364415,nan,nan,fm^4 / MeV
e0_diagonal,gamma_2,5.88336605775,-10.3269552078,3.80033907512,1.20968549846,nan,nan,fm^4 / MeV
e0_diagonal,gamma_2,5.96077876904,-10.1854052608,4.01406548894,1.27771672892,nan,nan,fm^4 / MeV
e0_diagonal,gamma_2,6.03819148032,-10.008942816,4.21317548569,1.34109540932,nan,nan,fm^4 / MeV
e0_diagonal,gamma_2,6.11560419161,-9.79893551567,4.38899392555,1.3970601569,nan,nan,fm^4 / MeV
e0_diagonal,gamma_2,6.19301690289,-9.55946661635,4.53282170047,1.44284195957,nan,nan,fm^4 / MeV
e0_diagonal,gamma_2,6.27042961418,-9.29741567582,4.63697898481,1.47599625289,nan,nan,fm^4 / MeV
e0_diagonal,gamma_2,6.34784232547,-9.02206707985,4.69587157169,1.49474234552,nan,nan,fm^4 / MeV
e0_diagonal,gamma_2,6.42525503675,-8.74426159398,4.70684195748,1.49823432777,nan,nan,fm^4 / MeV
e0_diagonal,gamma_2,6.50266774804,-8.47523283995,4.67059832782,1.48669762214,nan,nan,fm^4 / MeV
e0_diagonal,gamma_2,6.58008045932,-8.22536269526,4.59111332361,1.46139675949,nan,nan,fm^4 / MeV
e0_diagonal,gamma_2,6.65749317061,-8.00311350819,4.47501934944,1.42444289979,nan,nan,fm^4 / MeV
e0_diagonal,gamma_2,6.7349058819,-7.81434193667,4.33065282281,1.37848960713,nan,nan,fm^4 / MeV
e0_diagonal,gamma_2,6.81231859318,-7.66208888766,4.16697448334,1.32638917352,nan,nan,fm^4 / MeV
e0_diagonal,gamma_2,6.88973130447,-7.54681234737,3.99259517934,1.27088251711,nan,nan,fm^4 / MeV
e0_diagonal,gamma_2,6.96714401576,-7.4669283522,3.81507262146,1.21437533192,nan,nan,fm^4 / MeV
e0_diagonal,gamma_2,7.04455672704,-7.41947979545,3.64054400408,1.15882114758,nan,nan,fm^4 / MeV
e0_diagonal,gamma_2,7.12196943833,-7.40076896483,3.47366131251,1.10570073702,nan,nan,fm^4 / MeV
e0_diagonal,gamma_2,7.19938214961,-7.40684990937,3.31773277603,1.05606714233,nan,nan,fm^4 / MeV
e0_diagonal,gamma_2,7.2767948609,-7.4338500347,3.1749587033,1.01062074349,nan,nan,fm^4 / MeV
e0_diagonal,gamma_2,7.35420757219,-7.47814731788,3.04667507425,0.969786796125,nan,nan,fm^4 / MeV
e0_diagonal,gamma_2,7.43162028347,-7.53645422433,2.93356190811,0.933781757084,nan,nan,fm^4 / MeV
e0_diagonal,gamma_2,7.50903299476,-7.60585333836,2.83581183878,0.902666943642,nan,nan,fm^4 / MeV
e0_diagonal,gamma_2,7.58644570605,-7.68380743249,2.75327282495,0.876393959543,nan,nan,fm^4 / MeV
e0_diagonal,gamma_2,7.66385841733,-7.768145979,2.68557661299,0.854845586017,nan,nan,fm^4 / MeV
e0_diagonal,gamma_2,7.74127112862,-7.85702246702,2.63225151023,0.837871678629,nan,nan,fm^4 / MeV
e0_diagonal,gamma_2,7.8186838399,-7.94884305185,2.59280738466,0.825316223509,nan,nan,fm^4 / MeV
e0_diagonal,gamma_2,7.89609655119,-8.04217896153,2.56678084516,0.817031718683,nan,nan,fm^4 / MeV
e0_diagonal,gamma_2,7.97350926248,-8.13568237437,2.55373869655,0.812880273843,nan,nan,fm^4 / MeV
e0_diagonal,gamma_2,8.05092197376,-8.22802237705,2.55325035424,0.812724829655,nan,nan,fm^4 / MeV
e0_diagonal,gamma_2,8.12833468505,-8.31784614887,2.56484600035,0.81641583845,nan,nan,fm^4 / MeV
e0_diagonal,gamma_2,8.20574739633,-8.40375869947,2.58797267961,0.823777289092,nan,nan,fm^4 / MeV
e0_diagonal,gamma_2,8.28316010762,-8.48431080659,2.62194857763,0.834592153325,nan,nan,fm^4 / MeV
e0_diagonal,gamma_2,8.36057281891,-8.55799257379,2.66590517517,0.848583972885,nan,nan,fm^4 / MeV
e0_diagonal,gamma_2,8.43798553019,-8.62324491023,2.71870662868,0.865391197543,nan,nan,fm^4 / MeV
e0_diagonal,gamma_2,8.51539824148,-8.67851334626,2.7788487945,0.884535043499,nan,nan,fm^4 / MeV
e0_diagonal,gamma_2,8.59281095277,-8.72236803353,2.84436185169,0.905388497277,nan,nan,fm^4 / MeV
e0_diagonal,gamma_2,8.67022366405,-8.75369642353,2.9127594123,0.927160117011,nan,nan,fm^4 / MeV
e0_diagonal,gamma_2,8.74763637534,-8.77194557248,2.98108162952,0.948907754196,nan,nan,fm^4 / MeV
e0_diagonal,gamma_2,8.82504908662,-8.77736103685,3.04606389299,0.969592251086,nan,nan,fm^4 / MeV
e0_diagonal,gamma_2,8.90246179791,-8.77115255562,3.10442903514,0.98817045284,nan,nan,fm^4 / MeV
e0_diagonal,gamma_2,8.9798745092,-8.75552241827,3.15326063994,1.00371403541,nan,nan,fm^4 / MeV
e0_diagonal,gamma_2,9.05728722048,-8.733521171,3.1903827969,1.01553038496,nan,nan,fm^4 / MeV
e0_diagonal,gamma_2,9.13469993177,-8.70873866711,3.21465973908,1.02325797567,nan,nan,fm^4 / MeV
e0_diagonal,gamma_2,9.21211264305,-8.68488244938,3.22614215827,1.02691294321,nan,nan,fm^4 / MeV
e0_diagonal,gamma_2,9.28952535434,-8.66532610246,3.2260216196,1.02687457456,nan,nan,fm^4 / MeV
e0_diagonal,gamma_2,9.36693806563,-8.65271860091,3.21639957842,1.02381178373,nan,nan,fm^4 / MeV
e0_diagonal,gamma_2,9.44435077691,-8.64873046303,3.19991972977,1.01856608498,nan,nan,fm^4 / MeV
e0_diagonal,gamma_2,9.5217634882,-8.65397944586,3.17934060421,1.01201554587,nan,nan,fm^4 / MeV
e0_diagonal,gamma_2,9.59917619949,-8.66813762641,3.15713346828,1.00494679496,nan,nan,fm^4 / MeV
e0_diagonal,gamma_2,9.67658891077,-8.6901837935,3.13517872126,0.997958381929,nan,nan,fm^4 / MeV
e0_diagonal,gamma_2,9.75400162206,-8.71873868958,3.11460706307,0.991410219753,nan,nan,fm^4 / MeV
e0_diagonal,gamma_2,9.83141433334,-8.7524104865,3.09579752843,0.985422958924,nan,nan,fm^4 / MeV
e0_diagonal,gamma_2,9.90882704463,-8.79008441048,3.07851144823,0.979920628703,nan,nan,fm^4 / MeV
e0_diagonal,gamma_2,9.98623975592,-8.83111039419,3.06211671069,0.974702021662,nan,nan,fm^4 / MeV
e0_diagonal,gamma_2,10.0636524672,-8.87537010517,3.04584501335,0.969522579533,nan,nan,fm^4 / MeV
e0_diagonal,gamma_2,10.1410651785,-8.92323250348,3.02902740963,0.964169370007,nan,nan,fm^4 / MeV
e0_diagonal,gamma_2,10.2184778898,-8.97542848426,3.01126805307,0.958516391242,nan,nan,fm^4 / MeV
e0_diagonal,gamma_2,10.2958906011,-9.03288562891,2.99253735388,0.952554224514,nan,nan,fm^4 / MeV
e0_diagonal,gamma_2,10.3733033123,-9.09656257983,2.97318710666,0.946394849523,nan,nan,fm^4 / MeV
e0_diagonal,gamma_2,10.4507160236,-9.16731175221,2.95390560871,0.940257358106,nan,nan,fm^4 / MeV
e0_diagonal,gamma_2,10.5281287349,-9.24578428267,2.9356372131,0.934442347179,nan,nan,fm^4 / MeV
e0_diagonal,gamma_2,10.6055414462,-9.33237797515,2.91948869406,0.92930211392,nan,nan,fm^4 / MeV
e0_diagonal,gamma_2,10.6829541575,-9.427221318,2.9066378279,0.925211556175,nan,nan,fm^4 / MeV
e0_diagonal,gamma_2,10.7603668688,-9.53018493624,2.89825233561,0.92254237108,nan,nan,fm^4 / MeV
e0_diagonal,gamma_2,10.8377795801,-9.64091369521,2.89542310644,0.921641799464,nan,nan,fm^4 / MeV
e0_diagonal,gamma_2,10.9151922914,-9.75887453481,2.89911494856,0.92281694931,nan,nan,fm^4 / MeV
e0_diagonal,gamma_2,10.9926050026,-9.88341455146,2.9101389132,0.926325986241,nan,nan,fm^4 / MeV
e0_diagonal,gamma_2,11.0700177139,-10.0138209747,2.92914953135,0.93237725394,nan,nan,fm^4 / MeV
e0_diagonal,gamma_2,11.1474304252,-10.1493719273,2.95666638074,0.941136139136,nan,nan,fm^4 / MeV
e0_diagonal,gamma_2,11.2248431365,-10.2893671898,2.99311313769,0.952737502195,nan,nan,fm^4 / MeV
e0_diagonal,gamma_2,11.3022558478,-10.4331329869,3.03886170904,0.967299724731,nan,nan,fm^4 / MeV
e0_diagonal,gamma_2,11.3796685591,-10.5800026321,3.09426748802,0.984935931934,nan,nan,fm^4 / MeV
e0_diagonal,gamma_2,11.4570812704,-10.7292821118,3.15968555737,1.00575915014,nan,nan,fm^4 / MeV
e0_diagonal,gamma_2,11.5344939816,-10.8802126939,3.23546499491,1.02988049428,nan,nan,fm^4 / MeV
e0_diagonal,gamma_2,11.6119066929,-11.031940126,3.32192529197,1.0574016616,nan,nan,fm^4 / MeV
e0_diagonal,gamma_2,11.6893194042,-11.183494062,3.41932141425,1.08840381019,nan,nan,fm^4 / MeV
e0_diagonal,gamma_2,11.7667321155,-11.3337764953,3.52780112064,1.12293397319,nan,nan,fm^4 / MeV
e0_diagonal,gamma_2,11.8441448268,-11.4815582276,3.64735253185,1.16098836929,nan,nan,fm^4 / MeV
e0_diagonal,gamma_2,11.9215575381,-11.6254885397,3.777736828,1.20249097975,nan,nan,fm^4 / MeV
e0_diagonal,gamma_2,11.9989702494,-11.7641316134,3.91840489418,1.24726701589,nan,nan,fm^4 / MeV
e0_diagonal,gamma_2,12.0763829606,-11.8960474412,4.06840835405,1.29501460013,nan,nan,fm^4 / MeV
e0_diagonal,gamma_2,12.1537956719,-12.0199292678,4.22633015767,1.34528267146,nan,nan,fm^4 / MeV
e0_diagonal,gamma_2,12.2312083832,-12.1347929517,4.39026966915,1.3974662387,nan,nan,fm^4 / MeV
e0_diagonal,gamma_2,12.3086210945,-12.2401910495,4.55791459087,1.45082927466,nan,nan,fm^4 / MeV
e0_diagonal,gamma_2,12.3860338058,-12.3364054254,4.72671457653,1.50455997888,nan,nan,fm^4 / MeV
e0_diagonal,gamma_2,12.4634465171,-12.4245662855,4.89414361726,1.55785429778,nan,nan,fm^4 / MeV
e0_diagonal,gamma_2,12.5408592284,-12.5066573117,5.05801040438,1.61001471613,nan,nan,fm^4 / MeV
e0_diagonal,gamma_2,12.6182719396,-12.5853929757,5.2167590441,1.66054597758,nan,nan,fm^4 / MeV
e0_diagonal,gamma_2,12.6956846509,-12.6639855013,5.36970351356,1.70922971424,nan,nan,fm^4 / MeV
e0_diagonal,gamma_2,12.7730973622,-12.7458436031,5.51715721332,1.75616568463,nan,nan,fm^4 / MeV
e0_diagonal,gamma_2,12.8505100735,-12.8342547946,5.66044589162,1.80177588751,nan,nan,fm^4 / MeV
e0_diagonal,gamma_2,12.9279227848,-12.932096641,5.80181714973,1.84677575659,nan,nan,fm^4 / MeV
e0_diagonal,gamma_2,13.0053354961,-13.0416057593,5.94427428437,1.8921212709,nan,nan,fm^4 / MeV
e0_diagonal,gamma_2,13.0827482074,-13.1642158189,6.09136431439,1.93894148162,nan,nan,fm^4 / MeV
e0_diagonal,gamma_2,13.1601609186,-13.3004644656,6.24694400862,1.98846403638,nan,nan,fm^4 / MeV
e0_diagonal,gamma_2,13.2375736299,-13.4499656319,6.41494079454,2.04193907418,nan,nan,fm^4 / MeV
e0_diagonal,gamma_2,13.3149863412,-13.6114442097,6.59912278463,2.10056602249,nan,nan,fm^4 / MeV
e0_diagonal,gamma_2,13.3923990525,-13.7828286866,6.80289378599,2.16542834674,nan,nan,fm^4 / MeV
e0_diagonal,gamma_2,13.4698117638,-13.9613909439,7.02913028354,2.23744166052,nan,nan,fm^4 / MeV
e0_diagonal,gamma_2,13.5472244751,-14.1439133843,7.28007239665,2.31731901599,nan,nan,fm^4 / MeV
e0_diagonal,gamma_2,13.6246371864,-14.3268587039,7.55726811689,2.40555315415,nan,nan,fm^4 / MeV
e0_diagonal,gamma_2,13.7020498977,-14.5065234959,7.86155471717,2.50241058725,nan,nan,fm^4 / MeV
e0_diagonal,gamma_2,13.7794626089,-14.6791743566,8.19305277047,2.60792969487,nan,nan,fm^4 / MeV
e0_diagonal,gamma_2,13.8568753202,-14.8411868442,8.5511554368,2.72191731383,nan,nan,fm^4 / MeV
e0_diagonal,gamma_2,13.9342880315,-14.989220281,8.93451986822,2.84394600236,nan,nan,fm^4 / MeV
e0_diagonal,gamma_2,14.0117007428,-15.1204527646,9.34109945153,2.97336430325,nan,nan,fm^4 / MeV
e0_diagonal,gamma_2,14.0891134541,-15.2328675437,9.7682779516,3.10933944299,nan,nan,fm^4 / MeV
e0_diagonal,gamma_2,14.1665261654,-15.3255340153,10.213162291,3.25095052641,nan,nan,fm^4 / MeV
e0_diagonal,gamma_2,14.2439388767,-15.3987848005,10.6730521762,3.39733802343,nan,nan,fm^4 / MeV
e0_diagonal,gamma_2,14.3213515879,-15.4541776556,11.1460402002,3.54789478754,nan,nan,fm^4 / MeV
e0_diagonal,gamma_2,14.3987642992,-15.4941613517,11.6316280001,3.70246218485,nan,nan,fm^4 / MeV
e0_diagonal,gamma_2,14.4761770105,-15.5214349032,12.1312008655,3.86148116678,nan,nan,fm^4 / MeV
e0_diagonal,gamma_2,14.5535897218,-15.5380786174,12.6482065003,4.02604917153,nan,nan,fm^4 / MeV
e0_diagonal,gamma_2,14.6310024331,-15.5446123347,13.1879380464,4.19785105856,nan,nan,fm^4 / MeV
e0_diagonal,gamma_2,14.7084151444,-15.5391726992,13.7569116291,4.3789609749,nan,nan,fm^4 / MeV
e0_diagonal,gamma_2,14.7858278557,-15.5169838737,14.3619251891,4.57154277232,nan,nan,fm^4 / MeV
e0_diagonal,gamma_2,14.8632405669,-15.4702313781,15.008957034,4.77749940522,nan,nan,fm^4 / MeV
e0_diagonal,gamma_2,14.9406532782,-15.3883597448,15.7020888519,4.99813011531,nan,nan,fm^4 / MeV
e0_diagonal,gamma_2,15.0180659895,-15.2587305221,16.4426161996,5.23384729106,nan,nan,fm^4 / MeV
e0_diagonal,gamma_2,15.0954787008,-15.0675208858,17.2284535367,5.48398708438,nan,nan,fm^4 / MeV
e0_diagonal,gamma_2,15.1728914121,-14.8007241316,18.0538729357,5.74672623933,nan,nan,fm^4 / MeV
e0_diagonal,gamma_2,15.2503041234,-14.445126879,18.9095558869,6.01909858216,nan,nan,fm^4 / MeV
e0_diagonal,gamma_2,15.3277168347,-13.9891710836,19.7828973761,6.29709181217,nan,nan,fm^4 / MeV
e0_diagonal,gamma_2,15.4051295459,-13.4236489888,20.6584820335,6.57579906481,nan,nan,fm^4 / MeV
e0_diagonal,gamma_2,15.4825422572,-12.7422181745,21.5186497528,6.84959895364,nan,nan,fm^4 / MeV
e0_diagonal,gamma_2,15.5599549685,-11.9417590289,22.3440794437,7.1123413846,nan,nan,fm^4 / MeV
e0_diagonal,gamma_2,15.6373676798,-11.0226259463,23.1143445063,7.35752436902,nan,nan,fm^4 / MeV
e0_diagonal,gamma_2,15.7147803911,-9.98886002381,23.8084329779,7.5784595914,nan,nan,fm^4 / MeV
e0_diagonal,gamma_2,15.7921931024,-8.84842439308,24.4052747729,7.76844023523,nan,nan,fm^4 / MeV
e0_diagonal,gamma_2,15.8696058137,-7.61348440183,24.8843639866,7.92093906834,nan,nan,fm^4 / MeV
e0_diagonal,gamma_2,15.947018525,-6.30068470427,25.2265834983,8.02987092215,nan,nan,fm^4 / MeV
e0_diagonal,gamma_2,16.0244312362,-4.93129179168,25.4153102673,8.0899445185,nan,nan,fm^4 / MeV
e0_diagonal,gamma_2,16.1018439475,-3.53100674505,25.4377944394,8.09710145276,nan,nan,fm^4 / MeV
e0_diagonal,gamma_2,16.1792566588,-2.12924626463,25.2866790826,8.04899994075,nan,nan,fm^4 / MeV
e0_diagonal,gamma_2,16.2566693701,-0.757764285789,24.9613998391,7.94546034176,nan,nan,fm^4 / MeV
e0_diagonal,gamma_2,16.3340820814,0.551363019901,24.4691272492,7.7887651097,nan,nan,fm^4 / MeV
e0_diagonal,gamma_2,16.4114947927,1.76817771332,23.8249327469,7.583711631,nan,nan,fm^4 / MeV
e0_diagonal,gamma_2,16.488907504,2.86733061757,23.0509865168,7.3373568946,nan,nan,fm^4 / MeV
e0_diagonal,gamma_2,16.5663202152,3.83016924117,22.1748050806,7.05845968135,nan,nan,fm^4 / MeV
e0_diagonal,gamma_2,16.6437329265,4.64601803896,21.2267971507,6.7566993851,nan,nan,fm^4 / MeV
e0_diagonal,gamma_2,16.7211456378,5.31241338633,20.2375328677,6.44180678377,nan,nan,fm^4 / MeV
e0_diagonal,gamma_2,16.7985583491,5.83429398482,19.2352241994,6.12276202563,nan,nan,fm^4 / MeV
e0_diagonal,gamma_2,16.8759710604,6.22238127706,18.2438323895,5.80719221147,nan,nan,fm^4 / MeV
e0_diagonal,gamma_2,16.9533837717,6.49114067028,17.2820387297,5.50104378107,nan,nan,fm^4 / MeV
e0_diagonal,gamma_2,17.030796483,6.65674983185,16.3630908322,5.20853358041,nan,nan,fm^4 / MeV
e0_diagonal,gamma_2,17.1082091942,6.73541687622,15.4953420387,4.93232056072,nan,nan,fm^4 / MeV
e0_diagonal,gamma_2,17.1856219055,6.74223177129,14.683192702,4.67380539779,nan,nan,fm^4 / MeV
e0_diagonal,gamma_2,17.2630346168,6.69056233665,13.9281374898,4.43346385914,nan,nan,fm^4 / MeV
e0_diagonal,gamma_2,17.3404473281,6.59187922581,13.229701326,4.21114472334,nan,nan,fm^4 / MeV
e0_diagonal,gamma_2,17.4178600394,6.45584222989,12.5861611199,4.00629951358,nan,nan,fm^4 / MeV
e0_diagonal,gamma_2,17.4952727507,6.29049847715,11.995051354,3.81814343125,nan,nan,fm^4 / MeV
e0_diagonal,gamma_2,17.572685462,6.1025010666,11.4535072722,3.64576459621,nan,nan,fm^4 / MeV
e0_diagonal,gamma_2,17.6500981732,5.89731637915,10.9585056864,3.48820069778,nan,nan,fm^4 / MeV
e0_diagonal,gamma_2,17.7275108845,5.67942287694,10.5070390421,3.34449440162,nan,nan,fm^4 / MeV
e0_diagonal,gamma_2,17.8049235958,5.45250769651,10.0962305862,3.21373000879,nan,nan,fm^4 / MeV
e0_diagonal,gamma_2,17.8823363071,5.21965249665,9.72338721859,3.09505027887,nan,nan,fm^4 / MeV
e0_diagonal,gamma_2,17.9597490184,4.98348686217,9.38599558841,2.98765518747,nan,nan,fm^4 / MeV
e0_diagonal,gamma_2,18.0371617297,4.74629018387,9.08168501729,2.89079012421,nan,nan,fm^4 / MeV
e0_diagonal,gamma_2,18.114574441,4.51004176174,8.80819133143,2.80373438019,nan,nan,fm^4 / MeV
e0_diagonal,gamma_2,18.1919871523,4.2764419902,8.56334813675,2.72579837076,nan,nan,fm^4 / MeV
e0_diagonal,gamma_2,18.2693998635,4.04693923487,8.34510856632,2.65633055794,nan,nan,fm^4 / MeV
e0_diagonal,gamma_2,18.3468125748,3.82278832276,8.15157422001,2.59472666219,nan,nan,fm^4 / MeV
e0_diagonal,gamma_2,18.4242252861,3.60514079431,7.98099485087,2.54042956261,nan,nan,fm^4 / MeV
e0_diagonal,gamma_2,18.5016379974,3.39513820622,7.8317113296,2.49291114195,nan,nan,fm^4 / MeV
e0_diagonal,gamma_2,18.5790507087,3.19396441006,7.70204205469,2.45163612981,nan,nan,fm^4 / MeV
e0_diagonal,gamma_2,18.65646342,3.00282051024,7.59014507825,2.41601821598,nan,nan,fm^4 / MeV
e0_diagonal,gamma_2,18.7338761313,2.82281435448,7.49390773595,2.3853849185,nan,nan,fm^4 / MeV
e0_diagonal,gamma_2,18.8112888425,2.65479127345,7.41091194381,2.35896653735,nan,nan,fm^4 / MeV
e0_diagonal,gamma_2,18.8887015538,2.49915732927,7.33849806853,2.33591648495,nan,nan,fm^4 / MeV
e0_diagonal,gamma_2,18.9661142651,2.35574925617,7.27391581045,2.31535931373,nan,nan,fm^4 / MeV
e0_diagonal,gamma_2,19.0435269764,2.22378668343,7.21452316786,2.29645404843,nan,nan,fm^4 / MeV
e0_diagonal,gamma_2,19.1209396877,2.10191284083,7.15798570825,2.2784576161,nan,nan,fm^4 / MeV
e0_diagonal,gamma_2,19.198352399,1.98830463238,7.10243899799,2.26077654908,nan,nan,fm^4 / MeV
e0_diagonal,gamma_2,19.2757651103,1.88082244199,7.04659807151,2.24300183013,nan,nan,fm^4 / MeV
e0_diagonal,gamma_2,19.3531778215,1.77717545171,6.98981615899,2.22492758601,nan,nan,fm^4 / MeV
e0_diagonal,gamma_2,19.4305905328,1.67509155173,6.93210123875,2.20655635632,nan,nan,fm^4 / MeV
e0_diagonal,gamma_2,19.5080032441,1.57249048427,6.8740929441,2.18809174265,nan,nan,fm^4 / MeV
e0_diagonal,gamma_2,19.5854159554,1.46765695745,6.81699202616,2.16991595596,nan,nan,fm^4 / MeV
e0_diagonal,gamma_2,19.6628286667,1.35939806141,6.76243099746,2.15254864113,nan,nan,fm^4 / MeV
e0_diagonal,gamma_2,19.740241378,1.24715550977,6.71228448687,2.13658651105,nan,nan,fm^4 / MeV
e0_diagonal,gamma_2,19.8176540893,1.13103962276,6.6684389729,2.12263005049,nan,nan,fm^4 / MeV
e0_diagonal,gamma_2,19.8950668005,1.01176535836,6.63256340795,2.11121050349,nan,nan,fm^4 / MeV
e0_diagonal,gamma_2,19.9724795118,0.890498324067,6.60593177082,2.10273339011,nan,nan,fm^4 / MeV
e0_diagonal,gamma_2,20.0498922231,0.768648917644,6.58933782701,2.09745137374,nan,nan,fm^4 / MeV
e0_diagonal,gamma_2,20.1273049344,0.647670884751,6.58311349976,2.09547010885,nan,nan,fm^4 / MeV
e0_diagonal,gamma_2,20.2047176457,0.528916841434,6.58722715974,2.09677952748,nan,nan,fm^4 / MeV
e0_diagonal,gamma_2,20.282130357,0.413578297606,6.60141266962,2.10129491552,nan,nan,fm^4 / MeV
e0_diagonal,gamma_2,20.3595430683,0.3027025613,6.62527584021,2.10889079863,nan,nan,fm^4 / MeV
e0_diagonal,gamma_2,20.4369557796,0.197249765446,6.65834348235,2.11941655604,nan,nan,fm^4 / MeV
e0_diagonal,gamma_2,20.5143684908,0.0981431538301,6.70005187698,2.13269275039,nan,nan,fm^4 / MeV
e0_diagonal,gamma_2,20.5917812021,0.0062780206606,6.74970060427,2.14849643112,nan,nan,fm^4 / MeV
e0_diagonal,gamma_2,20.6691939134,-0.077518475866,6.80641066097,2.16654780281,nan,nan,fm^4 / MeV
e0_diagonal,gamma_2,20.7466066247,-0.152557574751,6.86911790977,2.18650814004,nan,nan,fm^4 / MeV
e0_diagonal,gamma_2,20.824019336,-0.218356928931,6.93661033212,2.20799164532,nan,nan,fm^4 / MeV
e0_diagonal,gamma_2,20.9014320473,-0.274679910514,7.00759370101,2.23058635339,nan,nan,fm^4 / MeV
e0_diagonal,gamma_2,20.9788447586,-0.321539670962,7.08075837694,2.25387539306,nan,nan,fm^4 / MeV
e0_diagonal,gamma_2,21.0562574698,-0.35918291123,7.15482591211,2.27745182175,nan,nan,fm^4 / MeV
e0_diagonal,gamma_2,21.1336701811,-0.388078375926,7.22857367802,2.30092646472,nan,nan,fm^4 / MeV
e0_diagonal,gamma_2,21.2110828924,-0.408927415268,7.30085670906,2.32393486811,nan,nan,fm^4 / MeV
e0_diagonal,gamma_2,21.2884956037,-0.422692415208,7.37065521407,2.34615242229,nan,nan,fm^4 / MeV
e0_diagonal,gamma_2,21.365908315,-0.430615504726,7.43716674947,2.36732370155,nan,nan,fm^4 / MeV
e0_diagonal,gamma_2,21.4433210263,-0.434188564161,7.4999370053,2.38730409454,nan,nan,fm^4 / MeV
e0_diagonal,gamma_2,21.5207337376,-0.435044512444,7.5589944631,2.40610266721,nan,nan,fm^4 / MeV
e0_diagonal,gamma_2,21.5981464488,-0.434767395494,7.61493666435,2.42390962293,nan,nan,fm^4 / MeV
e0_diagonal,gamma_2,21.6755591601,-0.434653632019,7.66891975837,2.44109297544,nan,nan,fm^4 / MeV
e0_diagonal,gamma_2,21.7529718714,-0.43548333853,7.72252890094,2.45815729551,nan,nan,fm^4 / MeV
e0_diagonal,gamma_2,21.8303845827,-0.437366510218,7.77754526866,2.47566954926,nan,nan,fm^4 / MeV
e0_diagonal,gamma_2,21.907797294,-0.439710472771,7.83566048623,2.49416819755,nan,nan,fm^4 / MeV
e0_diagonal,gamma_2,21.9852100053,-0.441319404748,7.89820696352,2.51407735962,nan,nan,fm^4 / MeV
e0_diagonal,gamma_2,22.0626227166,-0.440597969328,7.96596637228,2.53564584931,nan,nan,fm^4 / MeV
e0_diagonal,gamma_2,22.1400354278,-0.435804029909,8.03909175995,2.55892238313,nan,nan,fm^4 / MeV
e0_diagonal,gamma_2,22.2174481391,-0.425289228784,8.11714318643,2.58376692381,nan,nan,fm^4 / MeV
e0_diagonal,gamma_2,22.2948608504,-0.407680883727,8.1992064725,2.60988847906,nan,nan,fm^4 / MeV
e0_diagonal,gamma_2,22.3722735617,-0.38198578893,8.28405026001,2.6368950954,nan,nan,fm^4 / MeV
e0_diagonal,gamma_2,22.449686273,-0.347623597693,8.37028095671,2.66434317866,nan,nan,fm^4 / MeV
e0_diagonal,gamma_2,22.5270989843,-0.304413650678,8.45647294219,2.69177893975,nan,nan,fm^4 / MeV
e0_diagonal,gamma_2,22.6045116956,-0.252539654122,8.541272255,2.71877139935,nan,nan,fm^4 / MeV
e0_diagonal,gamma_2,22.6819244068,-0.192504345865,8.6234854119,2.74494065997,nan,nan,fm^4 / MeV
e0_diagonal,gamma_2,22.7593371181,-0.125069721879,8.70216511432,2.76998518709,nan,nan,fm^4 / MeV
e0_diagonal,gamma_2,22.8367498294,-0.0511675409128,8.77669230061,2.79370792728,nan,nan,fm^4 / MeV
e0_diagonal,gamma_2,22.9141625407,0.0282333321549,8.84683633876,2.81603546808,nan,nan,fm^4 / MeV
e0_diagonal,gamma_2,22.991575252,0.112300701945,8.91276203083,2.83702026762,nan,nan,fm^4 / MeV
e0_diagonal,gamma_2,23.0689879633,0.200528333327,8.97495201374,2.856815954,nan,nan,fm^4 / MeV
e0_diagonal,gamma_2,23.1464006746,0.292893424299,9.0340295257,2.87562091011,nan,nan,fm^4 / MeV
e0_diagonal,gamma_2,23.2238133859,0.38992546076,9.09049605624,2.89359476501,nan,nan,fm^4 / MeV
e0_diagonal,gamma_2,23.3012260971,0.492639291665,9.14443189632,2.91076307613,nan,nan,fm^4 / MeV
e0_diagonal,gamma_2,23.3786388084,0.602314345799,9.19523298239,2.92693356406,nan,nan,fm^4 / MeV
e0_diagonal,gamma_2,23.4560515197,0.720143560887,9.2414639936,2.94164935197,nan,nan,fm^4 / MeV
e0_diagonal,gamma_2,23.533464231,0.846817546201,9.28089011253,2.9541990754,nan,nan,fm^4 / MeV
e0_diagonal,gamma_2,23.6108769423,0.982137965292,9.31071066257,2.96369125129,nan,nan,fm^4 / MeV
e0_diagonal,gamma_2,23.6882896536,1.1247584996,9.32796703875,2.96918412643,nan,nan,fm^4 / MeV
e0_diagonal,gamma_2,23.7657023649,1.27212853971,9.33004969729,2.96984705723,nan,nan,fm^4 / MeV
e0_diagonal,gamma_2,23.8431150761,1.42066924463,9.31519913469,2.96511997634,nan,nan,fm^4 / MeV
e0_diagonal,gamma_2,23.9205277874,1.56615654099,9.2828933328,2.95483672022,nan,nan,fm^4 / MeV
e0_diagonal,gamma_2,23.9979404987,1.70423706375,9.23404006839,2.93928624319,nan,nan,fm^4 / MeV
e0_diagonal,gamma_2,24.07535321,1.83097489642,9.17093874727,2.91920046884,nan,nan,fm^4 / MeV
e0_diagonal,gamma_2,24.1527659213,1.9433262729,9.09702878973,2.89567419867,nan,nan,fm^4 / MeV
e0_diagonal,gamma_2,24.2301786326,2.03946406046,9.01648476068,2.87003623795,nan,nan,fm^4 / MeV
e0_diagonal,gamma_2,24.3075913439,2.11891390962,8.93374143327,2.84369821882,nan,nan,fm^4 / MeV
e0_diagonal,gamma_2,24.3850040551,2.18250583782,8.85303167412,2.81800750457,nan,nan,fm^4 / MeV
e0_diagonal,gamma_2,24.4624167664,2.23217680342,8.77800137298,2.79412461795,nan,nan,fm^4 / MeV
e0_diagonal,gamma_2,24.5398294777,2.27067548093,8.71143856657,2.77293701862,nan,nan,fm^4 / MeV
e0_diagonal,gamma_2,24.617242189,2.30122106372,8.65512863992,2.75501301228,nan,nan,fm^4 / MeV
e0_diagonal,gamma_2,24.6946549003,2.32715974859,8.60983023489,2.74059408213,nan,nan,fm^4 / MeV
e0_diagonal,gamma_2,24.7720676116,2.35165293853,8.57535765419,2.72962111889,nan,nan,fm^4 / MeV
e0_diagonal,gamma_2,24.8494803229,2.37742456285,8.55075102815,2.72178858656,nan,nan,fm^4 / MeV
e0_diagonal,gamma_2,24.9268930341,2.40659086591,8.53451027026,2.71661899276,nan,nan,fm^4 / MeV
e0_diagonal,gamma_2,25.0043057454,2.4405904249,8.52486063161,2.71354741738,nan,nan,fm^4 / MeV
e0_diagonal,gamma_2,25.0817184567,2.48022051818,8.52000884978,2.71200304726,nan,nan,fm^4 / MeV
e0_diagonal,gamma_2,25.159131168,2.52576711764,8.51834537664,2.71147354731,nan,nan,fm^4 / MeV
e0_diagonal,gamma_2,25.2365438793,2.57719380982,8.51855587598,2.71154055133,nan,nan,fm^4 / MeV
e0_diagonal,gamma_2,25.3139565906,2.63433807467,8.51962599754,2.71188118161,nan,nan,fm^4 / MeV
e0_diagonal,gamma_2,25.3913693019,2.69706011146,8.52075294307,2.71223989951,nan,nan,fm^4 / MeV
e0_diagonal,gamma_2,25.4687820132,2.76530408061,8.52120572634,2.7123840249,nan,nan,fm^4 / MeV
e0_diagonal,gamma_2,25.5461947244,2.83906124087,8.52019202089,2.71206135243,nan,nan,fm^4 / MeV
e0_diagonal,gamma_2,25.6236074357,2.91825907015,8.51678555491,2.71097704063,nan,nan,fm^4 / MeV
e0_diagonal,gamma_2,25.701020147,3.00262695344,8.50994429448,2.70879939981,nan,nan,fm^4 / MeV
e0_diagonal,gamma_2,25.7784328583,3.0915967273,8.49861458887,2.7051930425,nan,nan,fm^4 / MeV
e0_diagonal,gamma_2,25.8558455696,3.18428190887,8.48188356978,2.69986739372,nan,nan,fm^4 / MeV
e0_diagonal,gamma_2,25.9332582809,3.27954850153,8.45912436494,2.69262291382,nan,nan,fm^4 / MeV
e0_diagonal,gamma_2,26.0106709922,3.37615537564,8.43008289854,2.68337872795,nan,nan,fm^4 / MeV
e0_diagonal,gamma_2,26.0880837034,3.47291739234,8.39487888319,2.67217294183,nan,nan,fm^4 / MeV
e0_diagonal,gamma_2,26.1654964147,3.56883919784,8.35392668412,2.65913745201,nan,nan,fm^4 / MeV
e0_diagonal,gamma_2,26.242909126,3.66318302635,8.30781022045,2.64445812571,nan,nan,fm^4 / MeV
e0_diagonal,gamma_2,26.3203218373,3.75546231938,8.25715868017,2.62833523969,nan,nan,fm^4 / MeV
e0_diagonal,gamma_2,26.3977345486,3.84538185513,8.20256255886,2.61095675453,nan,nan,fm^4 / MeV
e0_diagonal,gamma_2,26.4751472599,3.93276235517,8.14454702179,2.59248983553,nan,nan,fm^4 / MeV
e0_diagonal,gamma_2,26.5525599712,4.01748693696,8.08359263454,2.57308745146,nan,nan,fm^4 / MeV
e0_diagonal,gamma_2,26.6299726824,4.09949017073,8.02017402734,2.55290068182,nan,nan,fm^4 / MeV
e0_diagonal,gamma_2,26.7073853937,4.17878652817,7.95478283367,2.5320860184,nan,nan,fm^4 / MeV
e0_diagonal,gamma_2,26.784798105,4.25551487641,7.88791279909,2.51080062531,nan,nan,fm^4 / MeV
e0_diagonal,gamma_2,26.8622108163,4.32996802067,7.82000583405,2.48918516699,nan,nan,fm^4 / MeV
e0_diagonal,gamma_2,26.9396235276,4.40258359949,7.75137789203,2.46734021458,nan,nan,fm^4 / MeV
e0_diagonal,gamma_2,27.0170362389,4.4738905175,7.68215389104,2.4453055307,nan,nan,fm^4 / MeV
e0_diagonal,gamma_2,27.0944489502,4.54442478801,7.61223747718,2.42305044497,nan,nan,fm^4 / MeV
e0_diagonal,gamma_2,27.1718616614,4.61464119317,7.54132670273,2.40047884442,nan,nan,fm^4 / MeV
e0_diagonal,gamma_2,27.2492743727,4.68484741671,7.46896799947,2.37744635382,nan,nan,fm^4 / MeV
e0_diagonal,gamma_2,27.326687084,4.75517598742,7.39462678432,2.35378281009,nan,nan,fm^4 / MeV
e0_diagonal,gamma_2,27.4040997953,4.82559234261,7.31774958934,2.3293120389,nan,nan,fm^4 / MeV
e0_diagonal,gamma_2,27.4815125066,4.89592260561,7.23780056707,2.30386347473,nan,nan,fm^4 / MeV
e0_diagonal,gamma_2,27.5589252179,4.96587873537,7.15427022719,2.27727494174,nan,nan,fm^4 / MeV
e0_diagonal,gamma_2,27.6363379292,5.03506367256,7.06666907717,2.24939062965,nan,nan,fm^4 / MeV
e0_diagonal,gamma_2,27.7137506405,5.10295209722,6.97452676666,2.22006082128,nan,nan,fm^4 / MeV
e0_diagonal,gamma_2,27.7911633517,5.1688571566,6.87741514711,2.18914923271,nan,nan,fm^4 / MeV
e0_diagonal,gamma_2,27.868576063,5.23190336424,6.77500279806,2.15655036955,nan,nan,fm^4 / MeV
e0_diagonal,gamma_2,27.9459887743,5.29102673506,6.66713418099,2.12221472232,nan,nan,fm^4 / MeV
e0_diagonal,gamma_2,28.0234014856,5.3450152072,6.55391496316,2.08617592598,nan,nan,fm^4 / MeV
e0_diagonal,gamma_2,28.1008141969,5.39258939566,6.43578080801,2.0485726565,nan,nan,fm^4 / MeV
e0_diagonal,gamma_2,28.1782269082,5.43251135498,6.31353109209,2.00965936334,nan,nan,fm^4 / MeV
e0_diagonal,gamma_2,28.2556396195,5.46370200717,6.18831895897,1.9698031035,nan,nan,fm^4 / MeV
e0_diagonal,gamma_2,28.3330523307,5.48534802603,6.06160015441,1.92946725524,nan,nan,fm^4 / MeV
e0_diagonal,gamma_2,28.410465042,5.49698470517,5.93505080624,1.88918534663,nan,nan,fm^4 / MeV
e0_diagonal,gamma_2,28.4878777533,5.49854893979,5.81046662739,1.84952897084,nan,nan,fm^4 / MeV
e0_diagonal,gamma_2,28.5652904646,5.49040211832,5.6896538281,1.81107306245,nan,nan,fm^4 / MeV
e0_diagonal,gamma_2,28.6427031759,5.47332452102,5.57431833135,1.7743606336,nan,nan,fm^4 / MeV
e0_diagonal,gamma_2,28.7201158872,5.44848150793,5.46595791747,1.7398684426,nan,nan,fm^4 / MeV
e0_diagonal,gamma_2,28.7975285985,5.41736008623,5.36576323964,1.7079754861,nan,nan,fm^4 / MeV
e0_diagonal,gamma_2,28.8749413097,5.38167534464,5.27453728232,1.67893736201,nan,nan,fm^4 / MeV
e0_diagonal,gamma_2,28.952354021,5.34325107274,5.19264585122,1.65287050989,nan,nan,fm^4 / MeV
e0_diagonal,gamma_2,29.0297667323,5.30388641362,5.12001090173,1.62975008739,nan,nan,fm^4 / MeV
e0_diagonal,gamma_2,29.1071794436,5.2652273027,5.05615239638,1.60942329382,nan,nan,fm^4 / MeV
e0_diagonal,gamma_2,29.1845921549,5.2286639844,5.00027411453,1.59163668428,nan,nan,fm^4 / MeV
e0_diagonal,gamma_2,29.2620048662,5.19527190715,4.95137797774,1.57607256055,nan,nan,fm^4 / MeV
e0_diagonal,gamma_2,29.3394175775,5.16580345167,4.90838429591,1.56238724658,nan,nan,fm^4 / MeV
e0_diagonal,gamma_2,29.4168302887,5.14072558955,4.87023483703,1.55024389666,nan,nan,fm^4 / MeV
e0_diagonal,gamma_2,29.494243,5.12028818535,4.83596194275,1.53933449559,nan,nan,fm^4 / MeV
e0_diagonal,gamma_2,29.5716557113,5.10460277087,4.80471737835,1.52938904185,nan,nan,fm^4 / MeV
e0_diagonal,gamma_2,29.6490684226,5.09371320853,4.77576506309,1.52017323367,nan,nan,fm^4 / MeV
e0_diagonal,gamma_2,29.7264811339,5.08764589663,4.74844869373,1.51147816325,nan,nan,fm^4 / MeV
e0_diagonal,gamma_2,29.8038938452,5.08643461584,4.72214717596,1.50310613012,nan,nan,fm^4 / MeV
e0_diagonal,gamma_2,29.8813065565,5.09012066763,4.69622891928,1.49485609279,nan,nan,fm^4 / MeV
e0_diagonal,gamma_2,29.9587192678,5.09873144739,4.67001313054,1.48651134806,nan,nan,fm^4 / MeV
e0_diagonal,cosine_6,0,-8.43474280318,0,0,nan,nan,fm^4 / MeV
e0_diagonal,cosine_6,0.0774127112862,-8.43812449434,-0.0253066121098,-0.00805534482036,nan,nan,fm^4 / MeV
e0_diagonal,cosine_6,0.154825422572,-8.44798110267,-0.0488968628171,-0.0155643548381,nan,nan,fm^4 / MeV
e0_diagonal,cosine_6,0.232238133859,-8.46348943257,-0.0692621983671,-0.0220468424791,nan,nan,fm^4 / MeV
e0_diagonal,cosine_6,0.309650845145,-8.48341024332,-0.0852749452248,-0.0271438581088,nan,nan,fm^4 / MeV
e0_diagonal,cosine_6,0.387063556431,-8.50626142646,-0.096299009121,-0.0306529266329,nan,nan,fm^4 / MeV
e0_diagonal,cosine_6,0.464476267717,-8.53051441588,-0.102223088502,-0.0325386196665,nan,nan,fm^4 / MeV
e0_diagonal,cosine_6,0.541888979003,-8.5547799921,-0.103416348114,-0.0329184459978,nan,nan,fm^4 / MeV
e0_diagonal,cosine_6,0.619301690289,-8.57795400597,-0.100620704708,-0.0320285650632,nan,nan,fm^4 / MeV
e0_diagonal,cosine_6,0.696714401576,-8.59930349257,-0.0948042122191,-0.0301771180012,nan,nan,fm^4 / MeV
e0_diagonal,cosine_6,0.774127112862,-8.6184866139,-0.0870045596941,-0.0276944114937,nan,nan,fm^4 / MeV
e0_diagonal,cosine_6,0.851539824148,-8.63551280157,-0.0781899538951,-0.0248886353251,nan,nan,fm^4 / MeV
e0_diagonal,cosine_6,0.928952535434,-8.65065959171,-0.0691576677293,-0.0220135693436,nan,nan,fm^4 / MeV
e0_diagonal,cosine_6,1.00636524672,-8.66436810564,-0.0604804089426,-0.0192515120869,nan,nan,fm^4 / MeV
e0_diagonal,cosine_6,1.08377795801,-8.67713935765,-0.0524999881438,-0.0167112652507,nan,nan,fm^4 / MeV
e0_diagonal,cosine_6,1.16119066929,-8.689449264,-0.0453589248542,-0.0144381942077,nan,nan,fm^4 / MeV
e0_diagonal,cosine_6,1.23860338058,-8.70169302175,-0.0390552574817,-0.0124316745639,nan,nan,fm^4 / MeV
e0_diagonal,cosine_6,1.31601609186,-8.71416147828,-0.0335045097077,-0.0106648166717,nan,nan,fm^4 / MeV
e0_diagonal,cosine_6,1.39342880315,-8.72704514214,-0.0285950738882,-0.00910209471478,nan,nan,fm^4 / MeV
e0_diagonal,cosine_6,1.47084151444,-8.74045693226,-0.0242280015116,-0.00771201240361,nan,nan,fm^4 / MeV
e0_diagonal,cosine_6,1.54825422572,-8.75446316205,-0.0203377952477,-0.00647372129052,nan,nan,fm^4 / MeV
e0_diagonal,cosine_6,1.62566693701,-8.76911334733,-0.0168958190439,-0.00537810623686,nan,nan,fm^4 / MeV
e0_diagonal,cosine_6,1.7030796483,-8.78446236678,-0.0139013516451,-0.00442493765996,nan,nan,fm^4 / MeV
e0_diagonal,cosine_6,1.78049235958,-8.80058217411,-0.0113666741712,-0.00361812476172,nan,nan,fm^4 / MeV
e0_diagonal,cosine_6,1.85790507087,-8.8175636057,-0.00930206436556,-0.00296093904948,nan,nan,fm^4 / MeV
e0_diagonal,cosine_6,1.93531778215,-8.83551110211,-0.00770476407688,-0.00245250257638,nan,nan,fm^4 / MeV
e0_diagonal,cosine_6,2.01273049344,-8.85453406467,-0.00655368338345,-0.00208610221187,nan,nan,fm^4 / MeV
e0_diagonal,cosine_6,2.09014320473,-8.8747382301,-0.00580954342621,-0.00184923510678,nan,nan,fm^4 / MeV
e0_diagonal,cosine_6,2.16755591601,-8.89621930751,-0.00541883637025,-0.00172486918826,nan,nan,fm^4 / MeV
e0_diagonal,cosine_6,2.2449686273,-8.91905974605,-0.00531955596528,-0.00169326725386,nan,nan,fm^4 / MeV
e0_diagonal,cosine_6,2.32238133859,-8.94332837756,-0.00544697208158,-0.00173382506334,nan,nan,fm^4 / MeV
e0_diagonal,cosine_6,2.39979404987,-8.96908208444,-0.00573843244013,-0.00182659977689,nan,nan,fm^4 / MeV
e0_diagonal,cosine_6,2.47720676116,-8.99636859058,-0.00613688198297,-0.00195343020552,nan,nan,fm^4 / MeV
e0_diagonal,cosine_6,2.55461947244,-9.02522976012,-0.00659321943395,-0.00209868692761,nan,nan,fm^4 / MeV
e0_diagonal,cosine_6,2.63203218373,-9.05570512568,-0.00706769336242,-0.00224971666977,nan,nan,fm^4 / MeV
e0_diagonal,cosine_6,2.70944489502,-9.08783552662,-0.00753040818225,-0.00239700337141,nan,nan,fm^4 / MeV
e0_diagonal,cosine_6,2.7868576063,-9.12166666553,-0.00796089520087,-0.00253403164531,nan,nan,fm^4 / MeV
e0_diagonal,cosine_6,2.86427031759,-9.15725221967,-0.00834678802929,-0.0026568651476,nan,nan,fm^4 / MeV
e0_diagonal,cosine_6,2.94168302887,-9.19465610697,-0.00868193738489,-0.00276354650084,nan,nan,fm^4 / MeV
e0_diagonal,cosine_6,3.01909574016,-9.23395377326,-0.008964620117,-0.00285352720912,nan,nan,fm^4 / MeV
e0_diagonal,cosine_6,3.09650845145,-9.27523290813,-0.00919655007161,-0.00292735280658,nan,nan,fm^4 / MeV
e0_diagonal,cosine_6,3.17392116273,-9.31859453302,-0.00938297663089,-0.00298669422345,nan,nan,fm^4 / MeV
e0_diagonal,cosine_6,3.25133387402,-9.36415552557,-0.00953332192936,-0.00303455061829,nan,nan,fm^4 / MeV
e0_diagonal,cosine_6,3.32874658531,-9.41205304457,-0.00966095781199,-0.00307517838156,nan,nan,fm^4 / MeV
e0_diagonal,cosine_6,3.40615929659,-9.46245005923,-0.00978046185156,-0.0031132176988,nan,nan,fm^4 / MeV
e0_diagonal,cosine_6,3.48357200788,-9.51553980891,-0.00990151016448,-0.0031517485735,nan,nan,fm^4 / MeV
e0_diagonal,cosine_6,3.56098471916,-9.57154641476,-0.0100204700835,-0.00318961469177,nan,nan,fm^4 / MeV
e0_diagonal,cosine_6,3.63839743045,-9.63071984768,-0.0101130458331,-0.0032190824681,nan,nan,fm^4 / MeV
e0_diagonal,cosine_6,3.71581014174,-9.69332622247,-0.0101327160632,-0.0032253436968,nan,nan,fm^4 / MeV
e0_diagonal,cosine_6,3.79322285302,-9.75963810283,-0.0100188410573,-0.00318909615665,nan,nan,fm^4 / MeV
e0_diagonal,cosine_6,3.87063556431,-9.8299323437,-0.00971461392156,-0.00309225765169,nan,nan,fm^4 / MeV
e0_diagonal,cosine_6,3.94804827559,-9.90450279984,-0.00918934583364,-0.00292505962641,nan,nan,fm^4 / MeV
e0_diagonal,cosine_6,4.02546098688,-9.98369061776,-0.00845440539687,-0.00269112081963,nan,nan,fm^4 / MeV
e0_diagonal,cosine_6,4.10287369817,-10.0679264235,-0.00756091523153,-0.00240671406679,nan,nan,fm^4 / MeV
e0_diagonal,cosine_6,4.18028640945,-10.1577697652,-0.00657288126991,-0.00209221308893,nan,nan,fm^4 / MeV
e0_diagonal,cosine_6,4.25769912074,-10.253926995,-0.00552208647032,-0.00175773471586,nan,nan,fm^4 / MeV
e0_diagonal,cosine_6,4.33511183203,-10.3572348574,-0.00436710141137,-0.00139009155321,nan,nan,fm^4 / MeV
e0_diagonal,cosine_6,4.41252454331,-10.4686161238,-0.00299037256496,-0.000951865150801,nan,nan,fm^4 / MeV
e0_diagonal,cosine_6,4.4899372546,-10.5890427491,-0.00126473063775,-0.000402576265357,nan,nan,fm^4 / MeV
e0_diagonal,cosine_6,4.56734996588,-10.7195713061,0.000804069927673,0.000255943407162,nan,nan,fm^4 / MeV
e0_diagonal,cosine_6,4.64476267717,-10.861529258,0.00290013934508,0.000923143024851,nan,nan,fm^4 / MeV
e0_diagonal,cosine_6,4.72217538846,-11.0169122643,0.00428868010853,0.00136512927722,nan,nan,fm^4 / MeV
e0_diagonal,cosine_6,4.79958809974,-11.1889913852,0.00393354663167,0.00125208678063,nan,nan,fm^4 / MeV
e0_diagonal,cosine_6,4.87700081103,-11.3830272403,0.00101866416774,0.000324250875291,nan,nan,fm^4 / MeV
e0_diagonal,cosine_6,4.95441352232,-11.6068662905,-0.00399178553208,-0.00127062479839,nan,nan,fm^4 / MeV
e0_diagonal,cosine_6,5.0318262336,-11.8710900378,-0.00773916800786,-0.00246345368774,nan,nan,fm^4 / MeV
e0_diagonal,cosine_6,5.10923894489,-12.1883480439,-0.00197566240267,-0.000628872874531,nan,nan,fm^4 / MeV
e0_diagonal,cosine_6,5.18665165617,-12.5715727044,0.0284159347251,0.00904507294815,nan,nan,fm^4 / MeV
e0_diagonal,cosine_6,5.26406436746,-13.0309688167,0.106799446203,0.0339953195653,nan,nan,fm^4 / MeV
e0_diagonal,cosine_6,5.34147707875,-13.5699798151,0.264879118418,0.0843136420362,nan,nan,fm^4 / MeV
e0_diagonal,cosine_6,5.41888979003,-14.1807992873,0.540902797147,0.172174707796,nan,nan,fm^4 / MeV
e0_diagonal,cosine_6,5.49630250132,-14.8403302629,0.975637483974,0.31055505648,nan,nan,fm^4 / MeV
e0_diagonal,cosine_6,5.5737152126,-15.5076895926,1.60622801802,0.5112782576,nan,nan,fm^4 / MeV
e0_diagonal,cosine_6,5.65112792389,-16.1243180802,2.45859807286,0.782596072745,nan,nan,fm^4 / MeV
e0_diagonal,cosine_6,5.72854063518,-16.6174411348,3.53957784685,1.12668262157,nan,nan,fm^4 / MeV
e0_diagonal,cosine_6,5.80595334646,-16.9070499255,4.83030050607,1.53753240432,nan,nan,fm^4 / MeV
e0_diagonal,cosine_6,5.88336605775,-16.915834689,6.28247296229,1.99977325358,nan,nan,fm^4 / MeV
e0_diagonal,cosine_6,5.96077876904,-16.5807562333,7.8188258133,2.48880955472,nan,nan,fm^4 / MeV
e0_diagonal,cosine_6,6.03819148032,-15.8643718243,9.33839693135,2.97250406436,nan,nan,fm^4 / MeV
e0_diagonal,cosine_6,6.11560419161,-14.7638009989,10.7264104745,3.41432249731,nan,nan,fm^4 / MeV
e0_diagonal,cosine_6,6.19301690289,-13.315422822,11.8675601976,3.77756173579,nan,nan,fm^4 / MeV
e0_diagonal,cosine_6,6.27042961418,-11.5940371312,12.6607096261,4.03002904009,nan,nan,fm^4 / MeV
e0_diagonal,cosine_6,6.34784232547,-9.70618921712,13.0325796602,4.14839894833,nan,nan,fm^4 / MeV
e0_diagonal,cosine_6,6.42525503675,-7.7784533656,12.9480325456,4.12148676589,nan,nan,fm^4 / MeV
e0_diagonal,cosine_6,6.50266774804,-5.94245625652,12.4150975367,3.95184828387,nan,nan,fm^4 / MeV
e0_diagonal,cosine_6,6.58008045932,-4.31907283429,11.4838175914,3.65541267048,nan,nan,fm^4 / MeV
e0_diagonal,cosine_6,6.65749317061,-3.00439402368,10.2391308217,3.25921656646,nan,nan,fm^4 / MeV
e0_diagonal,cosine_6,6.7349058819,-2.05970833948,8.78908830473,2.79765369794,nan,nan,fm^4 / MeV
e0_diagonal,cosine_6,6.81231859318,-1.50694094762,7.2505154567,2.3079107498,nan,nan,fm^4 / MeV
e0_diagonal,cosine_6,6.88973130447,-1.32993793832,5.73458079902,1.82537376145,nan,nan,fm^4 / MeV
e0_diagonal,cosine_6,6.96714401576,-1.48090824155,4.3345855044,1.37974141856,nan,nan,fm^4 / MeV
e0_diagonal,cosine_6,7.04455672704,-1.89047260069,3.11769077255,0.992391794965,nan,nan,fm^4 / MeV
e0_diagonal,cosine_6,7.12196943833,-2.47928794473,2.12141807099,0.675268344725,nan,nan,fm^4 / MeV
e0_diagonal,cosine_6,7.19938214961,-3.16918591175,1.35480410154,0.431247539364,nan,nan,fm^4 / MeV
e0_diagonal,cosine_6,7.2767948609,-3.89214554088,0.803280670442,0.255692178782,nan,nan,fm^4 / MeV
e0_diagonal,cosine_6,7.35420757219,-4.59608027545,0.435838222129,0.13873161488,nan,nan,fm^4 / MeV
e0_diagonal,cosine_6,7.43162028347,-5.24717600377,0.212891291869,0.0677654028844,nan,nan,fm^4 / MeV
e0_diagonal,cosine_6,7.50903299476,-5.82918762855,0.0934685142024,0.0297519521175,nan,nan,fm^4 / MeV
e0_diagonal,cosine_6,7.58644570605,-6.34055029039,0.0407938100695,0.0129850730402,nan,nan,fm^4 / MeV
e0_diagonal,cosine_6,7.66385841733,-6.79032670218,0.025860933281,0.00823179072927,nan,nan,fm^4 / MeV
e0_diagonal,cosine_6,7.74127112862,-7.19391416946,0.0290838881012,0.00925768911129,nan,nan,fm^4 / MeV
e0_diagonal,cosine_6,7.8186838399,-7.56915870684,0.0404240246644,0.01286736669,nan,nan,fm^4 / MeV
e0_diagonal,cosine_6,7.89609655119,-7.93318674831,0.0585074574018,0.0186235021065,nan,nan,fm^4 / MeV
e0_diagonal,cosine_6,7.97350926248,-8.29997988142,0.0891768990895,0.0283858885994,nan,nan,fm^4 / MeV
e0_diagonal,cosine_6,8.05092197376,-8.67856063303,0.143743575555,0.0457550011745,nan,nan,fm^4 / MeV
e0_diagonal,cosine_6,8.12833468505,-9.07164892899,0.237012790833,0.0754435144742,nan,nan,fm^4 / MeV
e0_diagonal,cosine_6,8.20574739633,-9.47475638392,0.385035752087,0.122560686424,nan,nan,fm^4 / MeV
e0_diagonal,cosine_6,8.28316010762,-9.87583786798,0.602538893201,0.191794086516,nan,nan,fm^4 / MeV
e0_diagonal,cosine_6,8.36057281891,-10.2557339527,0.900099434726,0.286510548622,nan,nan,fm^4 / MeV
e0_diagonal,cosine_6,8.43798553019,-10.5896474143,1.28132540099,0.407858542552,nan,nan,fm^4 / MeV
e0_diagonal,cosine_6,8.51539824148,-10.8497736169,1.74048368324,0.554013163116,nan,nan,fm^4 / MeV
e0_diagonal,cosine_6,8.59281095277,-11.0089672868,2.26112090076,0.719737136568,nan,nan,fm^4 / MeV
e0_diagonal,cosine_6,8.67022366405,-11.0450379246,2.81618056297,0.896418114473,nan,nan,fm^4 / MeV
e0_diagonal,cosine_6,8.74763637534,-10.9450081332,3.3699191627,1.07267858513,nan,nan,fm^4 / MeV
e0_diagonal,cosine_6,8.82504908662,-10.7085279859,3.88159422074,1.23554981461,nan,nan,fm^4 / MeV
e0_diagonal,cosine_6,8.90246179791,-10.3496729791,4.31051124915,1.37207834511,nan,nan,fm^4 / MeV
e0_diagonal,cosine_6,8.9798745092,-9.89657798346,4.62166929303,1.47112302664,nan,nan,fm^4 / MeV
e0_diagonal,cosine_6,9.05728722048,-9.38873950657,4.79102900428,1.52503189705,nan,nan,fm^4 / MeV
e0_diagonal,cosine_6,9.13469993177,-8.87227503539,4.80940848474,1.53088226739,nan,nan,fm^4 / MeV
e0_diagonal,cosine_6,9.21211264305,-8.39385843982,4.68421000074,1.4910303522,nan,nan,fm^4 / MeV
e0_diagonal,cosine_6,9.28952535434,-7.99435290557,4.43856224876,1.41283824422,nan,nan,fm^4 / MeV
e0_diagonal,cosine_6,9.36693806563,-7.70326299196,4.10794962014,1.30760097604,nan,nan,fm^4 / MeV
e0_diagonal,cosine_6,9.44435077691,-7.53499649874,3.73488622485,1.18885120914,nan,nan,fm^4 / MeV
e0_diagonal,cosine_6,9.5217634882,-7.48758968801,3.36257101255,1.07033959629,nan,nan,fm^4 / MeV
e0_diagonal,cosine_6,9.59917619949,-7.54407855198,3.02864816466,0.964048652583,nan,nan,fm^4 / MeV
e0_diagonal,cosine_6,9.67658891077,-7.67619685345,2.76015499233,0.878584621458,nan,nan,fm^4 / MeV
e0_diagonal,cosine_6,9.75400162206,-7.84965654558,2.57048141468,0.818209646546,nan,nan,fm^4 / MeV
e0_diagonal,cosine_6,9.83141433334,-8.03000566132,2.45875238726,0.782645192542,nan,nan,fm^4 / MeV
e0_diagonal,cosine_6,9.90882704463,-8.18801058035,2.41157115429,0.767626939645,nan,nan,fm^4 / MeV
e0_diagonal,cosine_6,9.98623975592,-8.30367206875,2.40662951499,0.766053967004,nan,nan,fm^4 / MeV
e0_diagonal,cosine_6,10.0636524672,-8.36830963371,2.4173886218,0.769478697067,nan,nan,fm^4 / MeV
e0_diagonal,cosine_6,10.1410651785,-8.38455625297,2.41791280276,0.76964554905,nan,nan,fm^4 / MeV
e0_diagonal,cosine_6,10.2184778898,-8.36450378063,2.38700805028,0.759808260806,nan,nan,fm^4 / MeV
e0_diagonal,cosine_6,10.2958906011,-8.32654735613,2.31104239115,0.735627640494,nan,nan,fm^4 / MeV
e0_diagonal,cosine_6,10.3733033123,-8.29164227795,2.18514318473,0.695552678427,nan,nan,fm^4 / MeV
e0_diagonal,cosine_6,10.4507160236,-8.27969366817,2.01279997095,0.640694129664,nan,nan,fm^4 / MeV
e0_diagonal,cosine_6,10.5281287349,-8.30666877485,1.80418104288,0.574288662414,nan,nan,fm^4 / MeV
e0_diagonal,cosine_6,10.6055414462,-8.38280146373,1.57364960678,0.500908227226,nan,nan,fm^4 / MeV
e0_diagonal,cosine_6,10.6829541575,-8.51200753268,1.33702311153,0.425587674458,nan,nan,fm^4 / MeV
e0_diagonal,cosine_6,10.7603668688,-8.69240312742,1.10906806784,0.353027330444,nan,nan,fm^4 / MeV
e0_diagonal,cosine_6,10.8377795801,-8.91765570091,0.901594710628,0.286986509724,nan,nan,fm^4 / MeV
e0_diagonal,cosine_6,10.9151922914,-9.17881433428,0.7223528716,0.229932060344,nan,nan,fm^4 / MeV
e0_diagonal,cosine_6,10.9926050026,-9.46625908928,0.574771382322,0.182955413289,nan,nan,fm^4 / MeV
e0_diagonal,cosine_6,11.0700177139,-9.77145760132,0.45845545013,0.145930902151,nan,nan,fm^4 / MeV
e0_diagonal,cosine_6,11.1474304252,-10.0882956935,0.370271374204,0.11786103898,nan,nan,fm^4 / MeV
e0_diagonal,cosine_6,11.2248431365,-10.413834698,0.305803285171,0.0973402088974,nan,nan,fm^4 / MeV
e0_diagonal,cosine_6,11.3022558478,-10.7484275137,0.260951384305,0.0830634054375,nan,nan,fm^4 / MeV
e0_diagonal,cosine_6,11.3796685591,-11.0951945778,0.233443123315,0.0743072540129,nan,nan,fm^4 / MeV
e0_diagonal,cosine_6,11.4570812704,-11.4589238126,0.22404024578,0.0713142251348,nan,nan,fm^4 / MeV
e0_diagonal,cosine_6,11.5344939816,-11.8445213035,0.237245551495,0.075517604494,nan,nan,fm^4 / MeV
e0_diagonal,cosine_6,11.6119066929,-12.2552043898,0.281350250824,0.0895565663176,nan,nan,fm^4 / MeV
e0_diagonal,cosine_6,11.6893194042,-12.6906907854,0.367724827392,0.117050447954,nan,nan,fm^4 / MeV
e0_diagonal,cosine_6,11.7667321155,-13.1456829231,0.50934882743,0.162130767287,nan,nan,fm^4 / MeV
e0_diagonal,cosine_6,11.8441448268,-13.6089576139,0.718694394484,0.228767530909,nan,nan,fm^4 / MeV
e0_diagonal,cosine_6,11.9215575381,-14.0633302859,1.00520947342,0.319968113075,nan,nan,fm^4 / MeV
e0_diagonal,cosine_6,11.9989702494,-14.4866618249,1.37276386424,0.436964309382,nan,nan,fm^4 / MeV
e0_diagonal,cosine_6,12.0763829606,-14.8539198491,1.81749416859,0.578526361944,nan,nan,fm^4 / MeV
e0_diagonal,cosine_6,12.1537956719,-15.1401169159,2.32648482988,0.740543121409,nan,nan,fm^4 / MeV
e0_diagonal,cosine_6,12.2312083832,-15.323761327,2.87763670361,0.915980211605,nan,nan,fm^4 / MeV
e0_diagonal,cosine_6,12.3086210945,-15.3903140751,3.44090559973,1.09527426982,nan,nan,fm^4 / MeV
e0_diagonal,cosine_6,12.3860338058,-15.3350864933,3.98086603078,1.26714901317,nan,nan,fm^4 / MeV
e0_diagonal,cosine_6,12.4634465171,-15.1650610243,4.46031301107,1.4197617269,nan,nan,fm^4 / MeV
e0_diagonal,cosine_6,12.5408592284,-14.8992728623,4.84440937927,1.54202339814,nan,nan,fm^4 / MeV
e0_diagonal,cosine_6,12.6182719396,-14.5676275467,5.10476655758,1.62489766194,nan,nan,fm^4 / MeV
e0_diagonal,cosine_6,12.6956846509,-14.2083011119,5.2228451584,1.66248324793,nan,nan,fm^4 / MeV
e0_diagonal,cosine_6,12.7730973622,-13.864115338,5.19218401051,1.65272350143,nan,nan,fm^4 / MeV
e0_diagonal,cosine_6,12.8505100735,-13.5784440227,5.01918717075,1.59765689706,nan,nan,fm^4 / MeV
e0_diagonal,cosine_6,12.9279227848,-13.3912481958,4.72246730199,1.5032080294,nan,nan,fm^4 / MeV
e0_diagonal,cosine_6,13.0053354961,-13.3357500271,4.3309952071,1.37859859144,nan,nan,fm^4 / MeV
e0_diagonal,cosine_6,13.0827482074,-13.4360623636,3.88147690345,1.23551247136,nan,nan,fm^4 / MeV
e0_diagonal,cosine_6,13.1601609186,-13.705848215,3.41542952676,1.08716498393,nan,nan,fm^4 / MeV
e0_diagonal,cosine_6,13.2375736299,-14.147862266,2.97634751137,0.947400837588,nan,nan,fm^4 / MeV
e0_diagonal,cosine_6,13.3149863412,-14.7540904588,2.60717119626,0.829888366744,nan,nan,fm^4 / MeV
e0_diagonal,cosine_6,13.3923990525,-15.5061952398,2.34805341782,0.747408616178,nan,nan,fm^4 / MeV
e0_diagonal,cosine_6,13.4698117638,-16.376095452,2.23424312877,0.711181676024,nan,nan,fm^4 / MeV
e0_diagonal,cosine_6,13.5472244751,-17.3267200502,2.29383824106,0.730151389435,nan,nan,fm^4 / MeV
e0_diagonal,cosine_6,13.6246371864,-18.3131982075,2.5452416222,0.810175571074,nan,nan,fm^4 / MeV
e0_diagonal,cosine_6,13.7020498977,-19.2848951018,2.99437664162,0.953139687986,nan,nan,fm^4 / MeV
e0_diagonal,cosine_6,13.7794626089,-20.1886957991,3.63202387496,1.15610910626,nan,nan,fm^4 / MeV
e0_diagonal,cosine_6,13.8568753202,-20.9737416694,4.43193210072,1.41072780256,nan,nan,fm^4 / MeV
e0_diagonal,cosine_6,13.9342880315,-21.5974543288,5.35052478007,1.70312493377,nan,nan,fm^4 / MeV
e0_diagonal,cosine_6,14.0117007428,-22.0322204882,6.32897714613,2.01457599505,nan,nan,fm^4 / MeV
e0_diagonal,cosine_6,14.0891134541,-22.2716808938,7.29813831589,2.32306957668,nan,nan,fm^4 / MeV
e0_diagonal,cosine_6,14.1665261654,-22.3353048882,8.18624707657,2.60576337521,nan,nan,fm^4 / MeV
e0_diagonal,cosine_6,14.2439388767,-22.2699507597,8.92874061029,2.84210640743,nan,nan,fm^4 / MeV
e0_diagonal,cosine_6,14.3213515879,-22.1474609119,9.47883631273,3.01720730786,nan,nan,fm^4 / MeV
e0_diagonal,cosine_6,14.3987642992,-22.0579851394,9.81714726533,3.12489502868,nan,nan,fm^4 / MeV
e0_diagonal,cosine_6,14.4761770105,-22.0995441964,9.95851024662,3.16989226316,nan,nan,fm^4 / MeV
e0_diagonal,cosine_6,14.5535897218,-22.3651562319,9.95452635235,3.16862415023,nan,nan,fm^4 / MeV
e0_diagonal,cosine_6,14.6310024331,-22.9294489273,9.89100343346,3.14840417715,nan,nan,fm^4 / MeV
e0_diagonal,cosine_6,14.7084151444,-23.8369041158,9.88041123622,3.14503257605,nan,nan,fm^4 / MeV
e0_diagonal,cosine_6,14.7858278557,-25.0936476596,10.050406214,3.19914365807,nan,nan,fm^4 / MeV
e0_diagonal,cosine_6,14.8632405669,-26.6640381014,10.5302237003,3.35187430752,nan,nan,fm^4 / MeV
e0_diagonal,cosine_6,14.9406532782,-28.4723699862,11.4370807687,3.64053587775,nan,nan,fm^4 / MeV
e0_diagonal,cosine_6,15.0180659895,-30.4090203033,12.8645894207,4.09492599432,nan,nan,fm^4 / MeV
e0_diagonal,cosine_6,15.0954787008,-32.3395808281,14.8745804962,4.73472602477,nan,nan,fm^4 / MeV
e0_diagonal,cosine_6,15.1728914121,-34.1151404793,17.4928438397,5.56814513165,nan,nan,fm^4 / MeV
e0_diagonal,cosine_6,15.2503041234,-35.5820078524,20.708347543,6.59167174947,nan,nan,fm^4 / MeV
e0_diagonal,cosine_6,15.3277168347,-36.5897508765,24.4747774924,7.79056363797,nan,nan,fm^4 / MeV
e0_diagonal,cosine_6,15.4051295459,-36.9972974436,28.7129508331,9.1396161117,nan,nan,fm^4 / MeV
e0_diagonal,cosine_6,15.4825422572,-36.6777160846,33.3128938837,10.6038234606,nan,nan,fm^4 / MeV
e0_diagonal,cosine_6,15.5599549685,-35.52289205,38.1350703471,12.1387699018,nan,nan,fm^4 / MeV
e0_diagonal,cosine_6,15.6373676798,-33.4494142168,43.0111862453,13.6908857984,nan,nan,fm^4 / MeV
e0_diagonal,cosine_6,15.7147803911,-30.406515459,47.7458779357,15.1979849715,nan,nan,fm^4 / MeV
e0_diagonal,cosine_6,15.7921931024,-26.3859612414,52.1210959311,16.5906601136,nan,nan,fm^4 / MeV
e0_diagonal,cosine_6,15.8696058137,-21.432614666,55.9049040648,17.79508365,nan,nan,fm^4 / MeV
e0_diagonal,cosine_6,15.947018525,-15.653372239,58.865656832,18.7375205263,nan,nan,fm^4 / MeV
e0_diagonal,cosine_6,16.0244312362,-9.22161286361,60.7912280928,19.3504488952,nan,nan,fm^4 / MeV
e0_diagonal,cosine_6,16.1018439475,-2.37447837483,61.5114449724,19.5797010482,nan,nan,fm^4 / MeV
e0_diagonal,cosine_6,16.1792566588,4.5987308941,60.9205341395,19.3916082882,nan,nan,fm^4 / MeV
e0_diagonal,cosine_6,16.2566693701,11.3771610945,58.9956087803,18.7788855162,nan,nan,fm^4 / MeV
e0_diagonal,cosine_6,16.3340820814,17.6362309466,55.8072906377,17.7640123311,nan,nan,fm^4 / MeV
e0_diagonal,cosine_6,16.4114947927,23.0791587079,51.519548159,16.3991815107,nan,nan,fm^4 / MeV
e0_diagonal,cosine_6,16.488907504,27.4675238566,46.3775817422,14.7624427658,nan,nan,fm^4 / MeV
e0_diagonal,cosine_6,16.5663202152,30.6459622265,40.684740543,12.9503551317,nan,nan,fm^4 / MeV
e0_diagonal,cosine_6,16.6437329265,32.5568739897,34.771536338,11.0681237742,nan,nan,fm^4 / MeV
e0_diagonal,cosine_6,16.7211456378,33.2426819167,28.9613550843,9.2186856406,nan,nan,fm^4 / MeV
e0_diagonal,cosine_6,16.7985583491,32.8353625525,23.538104611,7.49241139972,nan,nan,fm^4 / MeV
e0_diagonal,cosine_6,16.8759710604,31.5352100782,18.7206355875,5.95896338316,nan,nan,fm^4 / MeV
e0_diagonal,cosine_6,16.9533837717,29.5825995155,14.647433384,4.66242285335,nan,nan,fm^4 / MeV
e0_diagonal,cosine_6,17.030796483,27.227521132,11.3731142295,3.62017469594,nan,nan,fm^4 / MeV
e0_diagonal,cosine_6,17.1082091942,24.7016866302,8.87611353755,2.82535468989,nan,nan,fm^4 / MeV
e0_diagonal,cosine_6,17.1856219055,22.1971146914,7.07508830478,2.25207055303,nan,nan,fm^4 / MeV
e0_diagonal,cosine_6,17.2630346168,19.8535465814,5.85033668105,1.86222000308,nan,nan,fm^4 / MeV
e0_diagonal,cosine_6,17.3404473281,17.7552074601,5.06615981819,1.61260875512,nan,nan,fm^4 / MeV
e0_diagonal,cosine_6,17.4178600394,15.9357275846,4.59054210614,1.46121493533,nan,nan,fm^4 / MeV
e0_diagonal,cosine_6,17.4952727507,14.3888081653,4.30961063384,1.37179167036,nan,nan,fm^4 / MeV
e0_diagonal,cosine_6,17.572685462,13.0816522292,4.13573970999,1.31644683637,nan,nan,fm^4 / MeV
e0_diagonal,cosine_6,17.6500981732,11.9683004902,4.00954750914,1.27627861128,nan,nan,fm^4 / MeV
e0_diagonal,cosine_6,17.7275108845,11.0006785952,3.89709980245,1.24048539457,nan,nan,fm^4 / MeV
e0_diagonal,cosine_6,17.8049235958,10.1361355927,3.78421616,1.20455341518,nan,nan,fm^4 / MeV
e0_diagonal,cosine_6,17.8823363071,9.3412640639,3.66983250701,1.16814396762,nan,nan,fm^4 / MeV
e0_diagonal,cosine_6,17.9597490184,8.59260883473,3.5600018861,1.13318379518,nan,nan,fm^4 / MeV
e0_diagonal,cosine_6,18.0371617297,7.87534993757,3.46348715759,1.10246220293,nan,nan,fm^4 / MeV
e0_diagonal,cosine_6,18.114574441,7.18114970723,3.3892161738,1.07882101453,nan,nan,fm^4 / MeV
e0_diagonal,cosine_6,18.1919871523,6.50614304594,3.345305864,1.06484392882,nan,nan,fm^4 / MeV
e0_diagonal,cosine_6,18.2693998635,5.84964709354,3.33902679398,1.06284523876,nan,nan,fm^4 / MeV
e0_diagonal,cosine_6,18.3468125748,5.21371626085,3.37700579679,1.07493433082,nan,nan,fm^4 / MeV
e0_diagonal,cosine_6,18.4242252861,4.60329717582,3.46511223,1.10297947954,nan,nan,fm^4 / MeV
e0_diagonal,cosine_6,18.5016379974,4.02652663228,3.6077573041,1.14838481685,nan,nan,fm^4 / MeV
e0_diagonal,cosine_6,18.5790507087,3.49468935973,3.80665305892,1.21169530192,nan,nan,fm^4 / MeV
e0_diagonal,cosine_6,18.65646342,3.02148588155,4.05933659212,1.29212696862,nan,nan,fm^4 / MeV
e0_diagonal,cosine_6,18.7338761313,2.62149379691,4.35790546676,1.38716439313,nan,nan,fm^4 / MeV
e0_diagonal,cosine_6,18.8112888425,2.3079644504,4.68841010158,1.49236728582,nan,nan,fm^4 / MeV
e0_diagonal,cosine_6,18.8887015538,2.09031248966,5.03122311831,1.60148805815,nan,nan,fm^4 / MeV
e0_diagonal,cosine_6,18.9661142651,1.9717790598,5.36249552507,1.70693534024,nan,nan,fm^4 / MeV
e0_diagonal,cosine_6,19.0435269764,1.94775767201,5.65657015687,1.80054220283,nan,nan,fm^4 / MeV
e0_diagonal,cosine_6,19.1209396877,2.0051694164,5.88900914352,1.87452983021,nan,nan,fm^4 / MeV
e0_diagonal,cosine_6,19.198352399,2.12308783284,6.03974902427,1.92251182449,nan,nan,fm^4 / MeV
e0_diagonal,cosine_6,19.2757651103,2.27458473541,6.0958516038,1.9403698302,nan,nan,fm^4 / MeV
e0_diagonal,cosine_6,19.3531778215,2.42954359193,6.05337713064,1.92684978548,nan,nan,fm^4 / MeV
e0_diagonal,cosine_6,19.4305905328,2.55801044465,5.91805503418,1.88377542436,nan,nan,fm^4 / MeV
e0_diagonal,cosine_6,19.5080032441,2.63355670719,5.70463589308,1.81584200185,nan,nan,fm^4 / MeV
e0_diagonal,cosine_6,19.5854159554,2.63613000868,5.4350358048,1.73002562843,nan,nan,fm^4 / MeV
e0_diagonal,cosine_6,19.6628286667,2.55396619164,5.13558763131,1.63470831441,nan,nan,fm^4 / MeV
e0_diagonal,cosine_6,19.740241378,2.38430716881,4.83385511392,1.53866387114,nan,nan,fm^4 / MeV
e0_diagonal,cosine_6,19.8176540893,2.1328813786,4.55552074297,1.4500672892,nan,nan,fm^4 / MeV
e0_diagonal,cosine_6,19.8950668005,1.81231497988,4.32181905086,1.37567773019,nan,nan,fm^4 / MeV
e0_diagonal,cosine_6,19.9724795118,1.43981305812,4.14786459734,1.32030630788,nan,nan,fm^4 / MeV
e0_diagonal,cosine_6,20.0498922231,1.03455061466,4.04204493696,1.28662286383,nan,nan,fm^4 / MeV
e0_diagonal,cosine_6,20.1273049344,0.615227579829,4.00644966232,1.27529253601,nan,nan,fm^4 / MeV
e0_diagonal,cosine_6,20.2047176457,0.198172429153,4.03812564754,1.28537531527,nan,nan,fm^4 / MeV
e0_diagonal,cosine_6,20.282130357,-0.203756966359,4.13081872659,1.31488043871,nan,nan,fm^4 / MeV
e0_diagonal,cosine_6,20.3595430683,-0.58139955672,4.27680450299,1.36134915458,nan,nan,fm^4 / MeV
e0_diagonal,cosine_6,20.4369557796,-0.928744214829,4.46843229997,1.42234617682,nan,nan,fm^4 / MeV
e0_diagonal,cosine_6,20.5143684908,-1.24185486726,4.69909806209,1.49576936931,nan,nan,fm^4 / MeV
e0_diagonal,cosine_6,20.5917812021,-1.51760249023,4.96350372093,1.57993230448,nan,nan,fm^4 / MeV
e0_diagonal,cosine_6,20.6691939134,-1.75255861031,5.2572237405,1.67342629048,nan,nan,fm^4 / MeV
e0_diagonal,cosine_6,20.7466066247,-1.94235344638,5.57575327939,1.77481739175,nan,nan,fm^4 / MeV
e0_diagonal,cosine_6,20.824019336,-2.08169004254,5.91332819641,1.88227082517,nan,nan,fm^4 / MeV
e0_diagonal,cosine_6,20.9014320473,-2.16505502645,6.26186351229,1.9932130619,nan,nan,fm^4 / MeV
e0_diagonal,cosine_6,20.9788447586,-2.18800522548,6.61034279398,2.10413746239,nan,nan,fm^4 / MeV
e0_diagonal,cosine_6,21.0562574698,-2.14876797737,6.9449074778,2.21063270882,nan,nan,fm^4 / MeV
e0_diagonal,cosine_6,21.1336701811,-2.04979966399,7.24975629497,2.30766910111,nan,nan,fm^4 / MeV
e0_diagonal,cosine_6,21.2110828924,-1.89892213372,7.50879560855,2.39012387554,nan,nan,fm^4 / MeV
e0_diagonal,cosine_6,21.2884956037,-1.70970854463,7.70781369498,2.45347329998,nan,nan,fm^4 / MeV
e0_diagonal,cosine_6,21.365908315,-1.50091241301,7.83681938617,2.49453708686,nan,nan,fm^4 / MeV
e0_diagonal,cosine_6,21.4433210263,-1.29490547092,7.89211642294,2.51213868033,nan,nan,fm^4 / MeV
e0_diagonal,cosine_6,21.5207337376,-1.11527936415,7.87769626305,2.50754860088,nan,nan,fm^4 / MeV
e0_diagonal,cosine_6,21.5981464488,-0.983936338977,7.80562506232,2.48460762518,nan,nan,fm^4 / MeV
e0_diagonal,cosine_6,21.6755591601,-0.918110787401,7.6952595146,2.44947718025,nan,nan,fm^4 / MeV
e0_diagonal,cosine_6,21.7529718714,-0.927803124279,7.57132187361,2.41002660385,nan,nan,fm^4 / MeV
e0_diagonal,cosine_6,21.8303845827,-1.0140618254,7.46106009386,2.37492918929,nan,nan,fm^4 / MeV
e0_diagonal,cosine_6,21.907797294,-1.16842748593,7.39087868116,2.3525897518,nan,nan,fm^4 / MeV
e0_diagonal,cosine_6,21.9852100053,-1.37367771167,7.38292204512,2.35005707589,nan,nan,fm^4 / MeV
e0_diagonal,cosine_6,22.0626227166,-1.60581508982,7.45211097626,2.37208059668,nan,nan,fm^4 / MeV
e0_diagonal,cosine_6,22.1400354278,-1.83705486263,7.60407529758,2.42045234251,nan,nan,fm^4 / MeV
e0_diagonal,cosine_6,22.2174481391,-2.03942108648,7.83430511527,2.49373676957,nan,nan,fm^4 / MeV
e0_diagonal,cosine_6,22.2948608504,-2.18846739604,8.12868014541,2.58743925191,nan,nan,fm^4 / MeV
e0_diagonal,cosine_6,22.3722735617,-2.26660851881,8.46535396431,2.69460585689,nan,nan,fm^4 / MeV
e0_diagonal,cosine_6,22.449686273,-2.2655813209,8.81778834301,2.80678920386,nan,nan,fm^4 / MeV
e0_diagonal,cosine_6,22.5270989843,-2.18764503681,9.1585694209,2.91526318997,nan,nan,fm^4 / MeV
e0_diagonal,cosine_6,22.6045116956,-2.04527311096,9.463507566,3.01232801623,nan,nan,fm^4 / MeV
e0_diagonal,cosine_6,22.6819244068,-1.85927544045,9.71544158166,3.09252110408,nan,nan,fm^4 / MeV
e0_diagonal,cosine_6,22.7593371181,-1.6555070348,9.9071517006,3.15354433022,nan,nan,fm^4 / MeV
e0_diagonal,cosine_6,22.8367498294,-1.46054664124,10.0428500554,3.19673845809,nan,nan,fm^4 / MeV
e0_diagonal,cosine_6,22.9141625407,-1.29693622818,10.1378717634,3.22698480716,nan,nan,fm^4 / MeV
e0_diagonal,cosine_6,22.991575252,-1.17872051284,10.2164314111,3.25199111966,nan,nan,fm^4 / MeV
e0_diagonal,cosine_6,23.0689879633,-1.10807414765,10.307616566,3.28101625595,nan,nan,fm^4 / MeV
e0_diagonal,cosine_6,23.1464006746,-1.07372052957,10.4401186979,3.32319299446,nan,nan,fm^4 / MeV
e0_diagonal,cosine_6,23.2238133859,-1.05161883884,10.6364920223,3.38570056501,nan,nan,fm^4 / MeV
e0_diagonal,cosine_6,23.3012260971,-1.00804321773,10.9079155801,3.47209736682,nan,nan,fm^4 / MeV
e0_diagonal,cosine_6,23.3786388084,-0.904751228737,11.2504564031,3.5811314972,nan,nan,fm^4 / MeV
e0_diagonal,cosine_6,23.4560515197,-0.70551594147,11.6436617125,3.70629263446,nan,nan,fm^4 / MeV
e0_diagonal,cosine_6,23.533464231,-0.382967098454,12.0519549887,3.83625642075,nan,nan,fm^4 / MeV
e0_diagonal,cosine_6,23.6108769423,0.0754671748735,12.4288270325,3.95621851813,nan,nan,fm^4 / MeV
e0_diagonal,cosine_6,23.6882896536,0.663654860913,12.7232875043,4.04994819738,nan,nan,fm^4 / MeV
e0_diagonal,cosine_6,23.7657023649,1.35572503872,12.887582058,4.10224477806,nan,nan,fm^4 / MeV
e0_diagonal,cosine_6,23.8431150761,2.10825107235,12.8848865589,4.10138677404,nan,nan,fm^4 / MeV
e0_diagonal,cosine_6,23.9205277874,2.86541961189,12.6956342283,4.04114588623,nan,nan,fm^4 / MeV
e0_diagonal,cosine_6,23.9979404987,3.56639549617,12.3213363664,3.92200317641,nan,nan,fm^4 / MeV
e0_diagonal,cosine_6,24.07535321,4.15367330391,11.7851889817,3.75134216342,nan,nan,fm^4 / MeV
e0_diagonal,cosine_6,24.1527659213,4.58101380013,11.1293326153,3.54257659808,nan,nan,fm^4 / MeV
e0_diagonal,cosine_6,24.2301786326,4.81963904967,10.4092354252,3.31336254347,nan,nan,fm^4 / MeV
e0_diagonal,cosine_6,24.3075913439,4.86168778637,9.6861785538,3.08320639302,nan,nan,fm^4 / MeV
e0_diagonal,cosine_6,24.3850040551,4.72044392875,9.01913709032,2.8708805007,nan,nan,fm^4 / MeV
e0_diagonal,cosine_6,24.4624167664,4.42743996735,8.45741127516,2.69207762041,nan,nan,fm^4 / MeV
e0_diagonal,cosine_6,24.5398294777,4.02708412689,8.03516678817,2.55767302581,nan,nan,fm^4 / MeV
e0_diagonal,cosine_6,24.617242189,3.56985935203,7.76863908032,2.47283462146,nan,nan,fm^4 / MeV
e0_diagonal,cosine_6,24.6946549003,3.10532186728,7.65623441315,2.43705510465,nan,nan,fm^4 / MeV
e0_diagonal,cosine_6,24.7720676116,2.67606435399,7.68122899444,2.44501112697,nan,nan,fm^4 / MeV
e0_diagonal,cosine_6,24.8494803229,2.31353146858,7.81633246768,2.48801589816,nan,nan,fm^4 / MeV
e0_diagonal,cosine_6,24.9268930341,2.0361533436,8.02912205026,2.55574892597,nan,nan,fm^4 / MeV
e0_diagonal,cosine_6,25.0043057454,1.84979061098,8.2873067944,2.6379316825,nan,nan,fm^4 / MeV
e0_diagonal,cosine_6,25.0817184567,1.75006056931,8.56293935202,2.72566825054,nan,nan,fm^4 / MeV
e0_diagonal,cosine_6,25.159131168,1.72581921624,8.83500533022,2.81226954109,nan,nan,fm^4 / MeV
e0_diagonal,cosine_6,25.2365438793,1.76295558672,9.09020977773,2.89350363973,nan,nan,fm^4 / MeV
e0_diagonal,cosine_6,25.3139565906,1.84771981535,9.32215897367,2.9673353619,nan,nan,fm^4 / MeV
e0_diagonal,cosine_6,25.3913693019,1.96902183995,9.52942589359,3.03331047159,nan,nan,fm^4 / MeV
e0_diagonal,cosine_6,25.4687820132,2.11944166985,9.71313795481,3.09178783688,nan,nan,fm^4 / MeV
e0_diagonal,cosine_6,25.5461947244,2.29500930847,9.87471969414,3.14322090194,nan,nan,fm^4 / MeV
e0_diagonal,cosine_6,25.6236074357,2.49407197394,10.0142807973,3.18764458079,nan,nan,fm^4 / MeV
e0_diagonal,cosine_6,25.701020147,2.71571767881,10.1299097934,3.2244504334,nan,nan,fm^4 / MeV
e0_diagonal,cosine_6,25.7784328583,2.95824710617,10.2178789957,3.25245190017,nan,nan,fm^4 / MeV
e0_diagonal,cosine_6,25.8558455696,3.21809177107,10.2735487536,3.27017213445,nan,nan,fm^4 / MeV
e0_diagonal,cosine_6,25.9332582809,3.48940360286,10.2926246055,3.27624416672,nan,nan,fm^4 / MeV
e0_diagonal,cosine_6,26.0106709922,3.76434154053,10.2723897434,3.26980321007,nan,nan,fm^4 / MeV
e0_diagonal,cosine_6,26.0880837034,4.0339065445,10.2125997972,3.25077147909,nan,nan,fm^4 / MeV
e0_diagonal,cosine_6,26.1654964147,4.28906638143,10.1158570542,3.21997730758,nan,nan,fm^4 / MeV
e0_diagonal,cosine_6,26.242909126,4.52188282635,9.98743433171,3.1790990854,nan,nan,fm^4 / MeV
e0_diagonal,cosine_6,26.3203218373,4.72640042541,9.83465270339,3.13046718267,nan,nan,fm^4 / MeV
e0_diagonal,cosine_6,26.3977345486,4.89915300244,9.66600151167,3.07678384103,nan,nan,fm^4 / MeV
e0_diagonal,cosine_6,26.4751472599,5.03925775286,9.49021102641,3.02082799168,nan,nan,fm^4 / MeV
e0_diagonal,cosine_6,26.5525599712,5.14816455476,9.31545395793,2.9652010891,nan,nan,fm^4 / MeV
e0_diagonal,cosine_6,26.6299726824,5.22918777553,9.14878203312,2.91214776768,nan,nan,fm^4 / MeV
e0_diagonal,cosine_6,26.7073853937,5.28696187322,8.99582412265,2.86345975261,nan,nan,fm^4 / MeV
e0_diagonal,cosine_6,26.784798105,5.32693722244,8.86070638596,2.82045044122,nan,nan,fm^4 / MeV
e0_diagonal,cosine_6,26.8622108163,5.35498505873,8.74611695035,2.78397549102,nan,nan,fm^4 / MeV
e0_diagonal,cosine_6,26.9396235276,5.37712909032,8.65343065603,2.75447252722,nan,nan,fm^4 / MeV
e0_diagonal,cosine_6,27.0170362389,5.39938127365,8.58282648072,2.73199852021,nan,nan,fm^4 / MeV
e0_diagonal,cosine_6,27.0944489502,5.4276379408,8.53335927136,2.71625261843,nan,nan,fm^4 / MeV
e0_diagonal,cosine_6,27.1718616614,5.46758923905,8.50297637463,2.70658144203,nan,nan,fm^4 / MeV
e0_diagonal,cosine_6,27.2492743727,5.52460345852,8.48849100465,2.70197060556,nan,nan,fm^4 / MeV
e0_diagonal,cosine_6,27.326687084,5.60356055777,8.48553594099,2.70102997959,nan,nan,fm^4 / MeV
e0_diagonal,cosine_6,27.4040997953,5.70862061982,8.48852636153,2.70198186001,nan,nan,fm^4 / MeV
e0_diagonal,cosine_6,27.4815125066,5.84292193105,8.49066392215,2.70266226668,nan,nan,fm^4 / MeV
e0_diagonal,cosine_6,27.5589252179,6.00821255877,8.4840185909,2.70054699205,nan,nan,fm^4 / MeV
e0_diagonal,cosine_6,27.6363379292,6.20443282071,8.45972945032,2.69281551848,nan,nan,fm^4 / MeV
e0_diagonal,cosine_6,27.7137506405,6.42928626666,8.40836615272,2.67646607306,nan,nan,fm^4 / MeV
e0_diagonal,cosine_6,27.7911633517,6.67786194636,8.32048272241,2.64849190836,nan,nan,fm^4 / MeV
e0_diagonal,cosine_6,27.868576063,6.94239433256,8.18737028208,2.60612090263,nan,nan,fm^4 / MeV
e0_diagonal,cosine_6,27.9459887743,7.21225976093,8.00197496951,2.54710774179,nan,nan,fm^4 / MeV
e0_diagonal,cosine_6,28.0234014856,7.4743003495,7.75989781679,2.47005219086,nan,nan,fm^4 / MeV
e0_diagonal,cosine_6,28.1008141969,7.71353275454,7.46034603783,2.37470189819,nan,nan,fm^4 / MeV
e0_diagonal,cosine_6,28.1782269082,7.91424124035,7.10687383345,2.26218820105,nan,nan,fm^4 / MeV
e0_diagonal,cosine_6,28.2556396195,8.06138131114,6.70774771289,2.13514241104,nan,nan,fm^4 / MeV
e0_diagonal,cosine_6,28.3330523307,8.14214637757,6.2758031577,1.99765018884,nan,nan,fm^4 / MeV
e0_diagonal,cosine_6,28.410465042,8.14749276344,5.82772487097,1.85502244039,nan,nan,fm^4 / MeV
e0_diagonal,cosine_6,28.4878777533,8.07339293863,5.38277211329,1.71338957873,nan,nan,fm^4 / MeV
e0_diagonal,cosine_6,28.5652904646,7.92160236646,4.96106749776,1.57915683056,nan,nan,fm^4 / MeV
e0_diagonal,cosine_6,28.6427031759,7.69978254972,4.58165298983,1.45838544173,nan,nan,fm^4 / MeV
e0_diagonal,cosine_6,28.7201158872,7.4209137327,4.26057298832,1.35618250299,nan,nan,fm^4 / MeV
e0_diagonal,cosine_6,28.7975285985,7.10204009316,4.00925868286,1.27618667502,nan,nan,fm^4 / MeV
e0_diagonal,cosine_6,28.8749413097,6.76249888664,3.8334555448,1.22022679816,nan,nan,fm^4 / MeV
e0_diagonal,cosine_6,28.952354021,6.42187328706,3.73286056336,1.18820642106,nan,nan,fm^4 / MeV
e0_diagonal,cosine_6,29.0297667323,6.09796023361,3.70152927498,1.17823336222,nan,nan,fm^4 / MeV
e0_diagonal,cosine_6,29.1071794436,5.8050491433,3.72899212093,1.18697505759,nan,nan,fm^4 / MeV
e0_diagonal,cosine_6,29.1845921549,5.55276240169,3.80190547207,1.2101840981,nan,nan,fm^4 / MeV
e0_diagonal,cosine_6,29.2620048662,5.34562000715,3.90597467625,1.24331035463,nan,nan,fm^4 / MeV
e0_diagonal,cosine_6,29.3394175775,5.18337225908,4.02784097533,1.28210160243,nan,nan,fm^4 / MeV
e0_diagonal,cosine_6,29.4168302887,5.0620155084,4.15663082886,1.32309668604,nan,nan,fm^4 / MeV
e0_diagonal,cosine_6,29.494243,4.97528930643,4.28492609774,1.36393433848,nan,nan,fm^4 / MeV
e0_diagonal,cosine_6,29.5716557113,4.91637062629,4.40901805105,1.40343403401,nan,nan,fm^4 / MeV
e0_diagonal,cosine_6,29.6490684226,4.87944910662,4.52843962305,1.441447101,nan,nan,fm^4 / MeV
e0_diagonal,cosine_6,29.7264811339,4.86089465727,4.64490465295,1.47851907142,nan,nan,fm^4 / MeV
e0_diagonal,cosine_6,29.8038938452,4.85981211886,4.76089366886,1.51543952187,nan,nan,fm^4 / MeV
e0_diagonal,cosine_6,29.8813065565,4.87790205125,4.87819000058,1.55277610387,nan,nan,fm^4 / MeV
e0_diagonal,cosine_6,29.9587192678,4.91868762405,4.99667306927,1.59049043598,nan,nan,fm^4 / MeV
q20_from_e0,gamma_1,0,-31.5855125468,0,0,nan,nan,fm^4 / MeV
q20_from_e0,gamma_1,0.0774127112862,-31.5739246202,0.0628556240725,0.0200075665445,nan,nan,fm^4 / MeV
q20_from_e0,gamma_1,0.154825422572,-31.5475816922,0.105907617014,0.0337114415178,nan,nan,fm^4 / MeV
q20_from_e0,gamma_1,0.232238133859,-31.5265965418,0.121470204592,0.0386651669985,nan,nan,fm^4 / MeV
q20_from_e0,gamma_1,0.309650845145,-31.5304732479,0.118678405832,0.0377765098528,nan,nan,fm^4 / MeV
q20_from_e0,gamma_1,0.387063556431,-31.5661807266,0.117891291919,0.0375259637126,nan,nan,fm^4 / MeV
q20_from_e0,gamma_1,0.464476267717,-31.6239076934,0.138209962309,0.0439935973719,nan,nan,fm^4 / MeV
q20_from_e0,gamma_1,0.541888979003,-31.6831192637,0.185749122279,0.0591257819712,nan,nan,fm^4 / MeV
q20_from_e0,gamma_1,0.619301690289,-31.7252307126,0.249864240457,0.0795342579411,nan,nan,fm^4 / MeV
q20_from_e0,gamma_1,0.696714401576,-31.7451397521,0.309688026431,0.0985767604458,nan,nan,fm^4 / MeV
q20_from_e0,gamma_1,0.774127112862,-31.7545171931,0.347015245709,0.110458383366,nan,nan,fm^4 / MeV
q20_from_e0,gamma_1,0.851539824148,-31.7747707331,0.357649552325,0.113843388294,nan,nan,fm^4 / MeV
q20_from_e0,gamma_1,0.928952535434,-31.8239266808,0.354209141703,0.112748271581,nan,nan,fm^4 / MeV
q20_from_e0,gamma_1,1.00636524672,-31.905452715,0.35857574842,0.114138205668,nan,nan,fm^4 / MeV
q20_from_e0,gamma_1,1.08377795801,-32.0059338569,0.388522812939,0.123670652367,nan,nan,fm^4 / MeV
q20_from_e0,gamma_1,1.16119066929,-32.1031467418,0.446691872654,0.142186439144,nan,nan,fm^4 / MeV
q20_from_e0,gamma_1,1.23860338058,-32.1796986968,0.518744268275,0.165121428993,nan,nan,fm^4 / MeV
q20_from_e0,gamma_1,1.31601609186,-32.233908097,0.581962195021,0.18524432006,nan,nan,fm^4 / MeV
q20_from_e0,gamma_1,1.39342880315,-32.2811790269,0.61916142619,0.1970852031,nan,nan,fm^4 / MeV
q20_from_e0,gamma_1,1.47084151444,-32.3448690339,0.629429917221,0.200353765311,nan,nan,fm^4 / MeV
q20_from_e0,gamma_1,1.54825422572,-32.442099075,0.629021912144,0.200223893262,nan,nan,fm^4 / MeV
q20_from_e0,gamma_1,1.62566693701,-32.5731613618,0.641682818124,0.204253984803,nan,nan,fm^4 / MeV
q20_from_e0,gamma_1,1.7030796483,-32.72112109,0.684174345891,0.21777945817,nan,nan,fm^4 / MeV
q20_from_e0,gamma_1,1.78049235958,-32.8620544037,0.755833908835,0.240589405495,nan,nan,fm^4 / MeV
q20_from_e0,gamma_1,1.85790507087,-32.9798213461,0.838691356422,0.266963750206,nan,nan,fm^4 / MeV
q20_from_e0,gamma_1,1.93531778215,-33.0763515727,0.908295039737,0.28911929072,nan,nan,fm^4 / MeV
q20_from_e0,gamma_1,2.01273049344,-33.1709911608,0.948800256471,0.302012501648,nan,nan,fm^4 / MeV
q20_from_e0,gamma_1,2.09014320473,-33.289058364,0.963097634562,0.306563498441,nan,nan,fm^4 / MeV
q20_from_e0,gamma_1,2.16755591601,-33.446417299,0.971599091768,0.309269596317,nan,nan,fm^4 / MeV
q20_from_e0,gamma_1,2.2449686273,-33.6395062388,1.00013958867,0.318354318639,nan,nan,fm^4 / MeV
q20_from_e0,gamma_1,2.32238133859,-33.8471363821,1.06418397926,0.338740281318,nan,nan,fm^4 / MeV
q20_from_e0,gamma_1,2.39979404987,-34.0432811074,1.1590055963,0.368922939445,nan,nan,fm^4 / MeV
q20_from_e0,gamma_1,2.47720676116,-34.2132659865,1.26208912946,0.401735447152,nan,nan,fm^4 / MeV
q20_from_e0,gamma_1,2.55461947244,-34.3634457641,1.34664338335,0.428649902085,nan,nan,fm^4 / MeV
q20_from_e0,gamma_1,2.63203218373,-34.5181758856,1.39821153137,0.445064553412,nan,nan,fm^4 / MeV
q20_from_e0,gamma_1,2.70944489502,-34.7055418553,1.42419909878,0.453336653037,nan,nan,fm^4 / MeV
q20_from_e0,gamma_1,2.7868576063,-34.9403064276,1.45018439616,0.461608030087,nan,nan,fm^4 / MeV
q20_from_e0,gamma_1,2.86427031759,-35.2145411972,1.50484026643,0.479005533934,nan,nan,fm^4 / MeV
q20_from_e0,gamma_1,2.94168302887,-35.5020235425,1.60240304598,0.510060731187,nan,nan,fm^4 / MeV
q20_from_e0,gamma_1,3.01909574016,-35.7741850295,1.73346537644,0.551779166679,nan,nan,fm^4 / MeV
q20_from_e0,gamma_1,3.09650845145,-36.0181671076,1.87012207853,0.595278345966,nan,nan,fm^4 / MeV
q20_from_e0,gamma_1,3.17392116273,-36.2458710102,1.9828473218,0.631159905321,nan,nan,fm^4 / MeV
q20_from_e0,gamma_1,3.25133387402,-36.488021858,2.05911312627,0.655436064864,nan,nan,fm^4 / MeV
q20_from_e0,gamma_1,3.32874658531,-36.7763033055,2.11226908098,0.672356130755,nan,nan,fm^4 / MeV
q20_from_e0,gamma_1,3.40615929659,-37.1241421368,2.17474936113,0.692244221619,nan,nan,fm^4 / MeV
q20_from_e0,gamma_1,3.48357200788,-37.5180256613,2.27912855248,0.725469150137,nan,nan,fm^4 / MeV
q20_from_e0,gamma_1,3.56098471916,-37.9252438218,2.43824534303,0.776117597627,nan,nan,fm^4 / MeV
q20_from_e0,gamma_1,3.63839743045,-38.3140343985,2.636720758,0.839294284379,nan,nan,fm^4 / MeV
q20_from_e0,gamma_1,3.71581014174,-38.6742148208,2.83972519453,0.903912603464,nan,nan,fm^4 / MeV
q20_from_e0,gamma_1,3.79322285302,-39.0254829013,3.01443125796,0.959523270629,nan,nan,fm^4 / MeV
q20_from_e0,gamma_1,3.87063556431,-39.4075657838,3.15147017735,1.00314411346,nan,nan,fm^4 / MeV
q20_from_e0,gamma_1,3.94804827559,-39.857371351,3.27302684612,1.04183680287,nan,nan,fm^4 / MeV
q20_from_e0,gamma_1,4.02546098688,-40.3866725387,3.42178062731,1.08918660202,nan,nan,fm^4 / MeV
q20_from_e0,gamma_1,4.10287369817,-40.9743059323,3.63649581085,1.15753256766,nan,nan,fm^4 / MeV
q20_from_e0,gamma_1,4.18028640945,-41.5786594452,3.92873816534,1.25055619826,nan,nan,fm^4 / MeV
q20_from_e0,gamma_1,4.25769912074,-42.1639291072,4.27539791896,1.36090142497,nan,nan,fm^4 / MeV
q20_from_e0,gamma_1,4.33511183203,-42.7246087943,4.63278742172,1.47466203692,nan,nan,fm^4 / MeV
q20_from_e0,gamma_1,4.41252454331,-43.2927385855,4.96499637577,1.58040743127,nan,nan,fm^4 / MeV
q20_from_e0,gamma_1,4.4899372546,-43.9221428215,5.26976915246,1.67741961913,nan,nan,fm^4 / MeV
q20_from_e0,gamma_1,4.56734996588,-44.6578815486,5.585518533,1.77792576852,nan,nan,fm^4 / MeV
q20_from_e0,gamma_1,4.64476267717,-45.5090369269,5.97369829901,1.90148722565,nan,nan,fm^4 / MeV
q20_from_e0,gamma_1,4.72217538846,-46.4422967409,6.4858061853,2.06449622865,nan,nan,fm^4 / MeV
q20_from_e0,gamma_1,4.79958809974,-47.4021540671,7.13477078645,2.27106807698,nan,nan,fm^4 / MeV
q20_from_e0,gamma_1,4.87700081103,-48.3472499093,7.88948941958,2.5113024792,nan,nan,fm^4 / MeV
q20_from_e0,gamma_1,4.95441352232,-49.2811851479,8.6984466379,2.76880155929,nan,nan,fm^4 / MeV
q20_from_e0,gamma_1,5.0318262336,-50.2574643296,9.53057482271,3.03367618708,nan,nan,fm^4 / MeV
q20_from_e0,gamma_1,5.10923894489,-51.3524785012,10.4094330738,3.31342545697,nan,nan,fm^4 / MeV
q20_from_e0,gamma_1,5.18665165617,-52.6200006934,11.418514414,3.63462602352,nan,nan,fm^4 / MeV
q20_from_e0,gamma_1,5.26406436746,-54.0538801542,12.6714718352,4.03345475764,nan,nan,fm^4 / MeV
q20_from_e0,gamma_1,5.34147707875,-55.5834318091,14.2629400088,4.54003481085,nan,nan,fm^4 / MeV
q20_from_e0,gamma_1,5.41888979003,-57.1078060952,16.2304355996,5.16630810841,nan,nan,fm^4 / MeV
q20_from_e0,gamma_1,5.49630250132,-58.5505456855,18.5552523518,5.90632026422,nan,nan,fm^4 / MeV
q20_from_e0,gamma_1,5.5737152126,-59.8981832295,21.2092480003,6.75111331701,nan,nan,fm^4 / MeV
q20_from_e0,gamma_1,5.65112792389,-61.1891150307,24.2248750537,7.71101722116,nan,nan,fm^4 / MeV
q20_from_e0,gamma_1,5.72854063518,-62.4431102585,27.7442231519,8.83126051375,nan,nan,fm^4 / MeV
q20_from_e0,gamma_1,5.80595334646,-63.5572371813,32.0035245126,10.1870382451,nan,nan,fm^4 / MeV
q20_from_e0,gamma_1,5.88336605775,-64.2221785066,37.2361845071,11.8526456524,nan,nan,fm^4 / MeV
q20_from_e0,gamma_1,5.96077876904,-63.9166589703,43.5195445102,13.8527012598,nan,nan,fm^4 / MeV
q20_from_e0,gamma_1,6.03819148032,-62.0107929702,50.6278506444,16.1153453763,nan,nan,fm^4 / MeV
q20_from_e0,gamma_1,6.11560419161,-57.9609670745,57.9657583545,18.4510739444,nan,nan,fm^4 / MeV
q20_from_e0,gamma_1,6.19301690289,-51.5310834664,64.6333905169,20.5734471791,nan,nan,fm^4 / MeV
q20_from_e0,gamma_1,6.27042961418,-42.9514719587,69.622625625,22.1615700385,nan,nan,fm^4 / MeV
q20_from_e0,gamma_1,6.34784232547,-32.9415601444,72.0867512617,22.9459255895,nan,nan,fm^4 / MeV
q20_from_e0,gamma_1,6.42525503675,-22.5718954213,71.5884964957,22.7873261716,nan,nan,fm^4 / MeV
q20_from_e0,gamma_1,6.50266774804,-13.0048633393,68.23328567,21.7193293956,nan,nan,fm^4 / MeV
q20_from_e0,gamma_1,6.58008045932,-5.20326735445,62.6363630021,19.9377735782,nan,nan,fm^4 / MeV
q20_from_e0,gamma_1,6.65749317061,0.290735655524,55.7366784675,17.7415357792,nan,nan,fm^4 / MeV
q20_from_e0,gamma_1,6.7349058819,3.43310199912,48.5289956896,15.4472590946,nan,nan,fm^4 / MeV
q20_from_e0,gamma_1,6.81231859318,4.59702424409,41.8131441859,13.3095371668,nan,nan,fm^4 / MeV
q20_from_e0,gamma_1,6.88973130447,4.38037838297,36.0448394521,11.4734287435,nan,nan,fm^4 / MeV
q20_from_e0,gamma_1,6.96714401576,3.38577890528,31.3245143195,9.97090258779,nan,nan,fm^4 / MeV
q20_from_e0,gamma_1,7.04455672704,2.05672742236,27.5023075045,8.75425637155,nan,nan,fm^4 / MeV
q20_from_e0,gamma_1,7.12196943833,0.617852197199,24.335063128,7.74609117455,nan,nan,fm^4 / MeV
q20_from_e0,gamma_1,7.19938214961,-0.883719670955,21.62187089,6.88245526208,nan,nan,fm^4 / MeV
q20_from_e0,gamma_1,7.2767948609,-2.48066545825,19.26859802,6.13338524268,nan,nan,fm^4 / MeV
q20_from_e0,gamma_1,7.35420757219,-4.1911632433,17.2738361593,5.49843282181,nan,nan,fm^4 / MeV
q20_from_e0,gamma_1,7.43162028347,-5.97251576301,15.6666999046,4.98686546352,nan,nan,fm^4 / MeV
q20_from_e0,gamma_1,7.50903299476,-7.73360018768,14.4434678429,4.59749860517,nan,nan,fm^4 / MeV
q20_from_e0,gamma_1,7.58644570605,-9.38416527094,13.5402937153,4.3100093514,nan,nan,fm^4 / MeV
q20_from_e0,gamma_1,7.66385841733,-10.8832848859,12.8520037573,4.09091985322,nan,nan,fm^4 / MeV
q20_from_e0,gamma_1,7.74127112862,-12.2563278976,12.2789632773,3.90851540326,nan,nan,fm^4 / MeV
q20_from_e0,gamma_1,7.8186838399,-13.5726958387,11.7701375152,3.74655113282,nan,nan,fm^4 / MeV
q20_from_e0,gamma_1,7.89609655119,-14.9008125864,11.3364905227,3.60851700799,nan,nan,fm^4 / MeV
q20_from_e0,gamma_1,7.97350926248,-16.2688164126,11.0290956099,3.5106701683,nan,nan,fm^4 / MeV
q20_from_e0,gamma_1,8.05092197376,-17.6536199284,10.8978925379,3.46890693338,nan,nan,fm^4 / MeV
q20_from_e0,gamma_1,8.12833468505,-19.0023505939,10.9574931744,3.48787840521,nan,nan,fm^4 / MeV
q20_from_e0,gamma_1,8.20574739633,-20.2703588175,11.1806220855,3.5589025435,nan,nan,fm^4 / MeV
q20_from_e0,gamma_1,8.28316010762,-21.4504974743,11.5220449642,3.66758082114,nan,nan,fm^4 / MeV
q20_from_e0,gamma_1,8.36057281891,-22.574192323,11.9570064438,3.80603336023,nan,nan,fm^4 / MeV
q20_from_e0,gamma_1,8.43798553019,-23.6820029905,12.509121426,3.98177701738,nan,nan,fm^4 / MeV
q20_from_e0,gamma_1,8.51539824148,-24.7798041496,13.2482054516,4.21703476944,nan,nan,fm^4 / MeV
q20_from_e0,gamma_1,8.59281095277,-25.8060312374,14.2552210305,4.53757778374,nan,nan,fm^4 / MeV
q20_from_e0,gamma_1,8.67022366405,-26.630713108,15.5699173123,4.95605860758,nan,nan,fm^4 / MeV
q20_from_e0,gamma_1,8.74763637534,-27.0911436184,17.1469016173,5.45802830222,nan,nan,fm^4 / MeV
q20_from_e0,gamma_1,8.82504908662,-27.0507029309,18.8427258001,5.99782590483,nan,nan,fm^4 / MeV
q20_from_e0,gamma_1,8.90246179791,-26.4559995074,20.4422706562,6.50697684593,nan,nan,fm^4 / MeV
q20_from_e0,gamma_1,8.9798745092,-25.3683933026,21.7150090112,6.91210204682,nan,nan,fm^4 / MeV
q20_from_e0,gamma_1,9.05728722048,-23.9577054619,22.4794313107,7.15542522198,nan,nan,fm^4 / MeV
q20_from_e0,gamma_1,9.13469993177,-22.4619032195,22.6522563325,7.21043713501,nan,nan,fm^4 / MeV
q20_from_e0,gamma_1,9.21211264305,-21.1288988685,22.2674063005,7.08793556514,nan,nan,fm^4 / MeV
q20_from_e0,gamma_1,9.28952535434,-20.1603767418,21.4627233147,6.8317970155,nan,nan,fm^4 / MeV
q20_from_e0,gamma_1,9.36693806563,-19.6728336064,20.443382228,6.5073306702,nan,nan,fm^4 / MeV
q20_from_e0,gamma_1,9.44435077691,-19.6819630654,19.4356347108,6.1865546727,nan,nan,fm^4 / MeV
q20_from_e0,gamma_1,9.5217634882,-20.1084095798,18.6427909649,5.9341846702,nan,nan,fm^4 / MeV
q20_from_e0,gamma_1,9.59917619949,-20.7990211649,18.2104210734,5.79655705922,nan,nan,fm^4 / MeV
q20_from_e0,gamma_1,9.67658891077,-21.5578859496,18.2035417761,5.7943673109,nan,nan,fm^4 / MeV
q20_from_e0,gamma_1,9.75400162206,-22.1830022353,18.5970558473,5.9196267301,nan,nan,fm^4 / MeV
q20_from_e0,gamma_1,9.83141433334,-22.5046471348,19.2810994571,6.13736457369,nan,nan,fm^4 / MeV
q20_from_e0,gamma_1,9.90882704463,-22.4196369544,20.0826812607,6.39251598637,nan,nan,fm^4 / MeV
q20_from_e0,gamma_1,9.98623975592,-21.9134795598,20.8020668952,6.62150354578,nan,nan,fm^4 / MeV
q20_from_e0,gamma_1,10.0636524672,-21.0627710448,21.2571117505,6.76634882189,nan,nan,fm^4 / MeV
q20_from_e0,gamma_1,10.1410651785,-20.0147719993,21.3239211196,6.78761490456,nan,nan,fm^4 / MeV
q20_from_e0,gamma_1,10.2184778898,-18.9488460921,20.961263486,6.67217739448,nan,nan,fm^4 / MeV
q20_from_e0,gamma_1,10.2958906011,-18.0317866742,20.2108339548,6.43330825585,nan,nan,fm^4 / MeV
q20_from_e0,gamma_1,10.3733033123,-17.3819239532,19.1743534566,6.10338626642,nan,nan,fm^4 / MeV
q20_from_e0,gamma_1,10.4507160236,-17.0532494665,17.9774967436,5.72241494233,nan,nan,fm^4 / MeV
q20_from_e0,gamma_1,10.5281287349,-17.0420479516,16.7351999649,5.32697959608,nan,nan,fm^4 / MeV
q20_from_e0,gamma_1,10.6055414462,-17.3090030191,15.5306296999,4.94355297215,nan,nan,fm^4 / MeV
q20_from_e0,gamma_1,10.6829541575,-17.8042719128,14.4122841013,4.58757251194,nan,nan,fm^4 / MeV
q20_from_e0,gamma_1,10.7603668688,-18.4842013899,13.4046295423,4.26682610396,nan,nan,fm^4 / MeV
q20_from_e0,gamma_1,10.8377795801,-19.3150613101,12.5222000156,3.98594006175,nan,nan,fm^4 / MeV
q20_from_e0,gamma_1,10.9151922914,-20.2672660691,11.7778269776,3.74899876474,nan,nan,fm^4 / MeV
q20_from_e0,gamma_1,10.9926050026,-21.3083505415,11.1815701937,3.5592043357,nan,nan,fm^4 / MeV
q20_from_e0,gamma_1,11.0700177139,-22.4019977783,10.7339937363,3.41673632449,nan,nan,fm^4 / MeV
q20_from_e0,gamma_1,11.1474304252,-23.5148187225,10.4212338915,3.3171817739,nan,nan,fm^4 / MeV
q20_from_e0,gamma_1,11.2248431365,-24.6262863776,10.2176600904,3.25238222043,nan,nan,fm^4 / MeV
q20_from_e0,gamma_1,11.3022558478,-25.7344275941,10.0962049783,3.21372185753,nan,nan,fm^4 / MeV
q20_from_e0,gamma_1,11.3796685591,-26.8523907199,10.0406137005,3.19602660422,nan,nan,fm^4 / MeV
q20_from_e0,gamma_1,11.4570812704,-27.9971236001,10.051948232,3.19963449766,nan,nan,fm^4 / MeV
q20_from_e0,gamma_1,11.5344939816,-29.176966017,10.1451169935,3.22929103551,nan,nan,fm^4 / MeV
q20_from_e0,gamma_1,11.6119066929,-30.3860765862,10.3378459758,3.29063857594,nan,nan,fm^4 / MeV
q20_from_e0,gamma_1,11.6893194042,-31.6092035001,10.6399388663,3.38679772955,nan,nan,fm^4 / MeV
q20_from_e0,gamma_1,11.7667321155,-32.832988614,11.0509949986,3.51764096022,nan,nan,fm^4 / MeV
q20_from_e0,gamma_1,11.8441448268,-34.0545756371,11.5692182748,3.68259655228,nan,nan,fm^4 / MeV
q20_from_e0,gamma_1,11.9215575381,-35.2787708593,12.2056938124,3.8851930082,nan,nan,fm^4 / MeV
q20_from_e0,gamma_1,11.9989702494,-36.5018688338,12.9928337139,4.13574742068,nan,nan,fm^4 / MeV
q20_from_e0,gamma_1,12.0763829606,-37.6898394175,13.976832444,4.44896394447,nan,nan,fm^4 / MeV
q20_from_e0,gamma_1,12.1537956719,-38.7649846715,15.1922733394,4.83585079755,nan,nan,fm^4 / MeV
q20_from_e0,gamma_1,12.2312083832,-39.6137826199,16.6283347392,5.29296333826,nan,nan,fm^4 / MeV
q20_from_e0,gamma_1,12.3086210945,-40.1190663739,18.2038133371,5.79445375145,nan,nan,fm^4 / MeV
q20_from_e0,gamma_1,12.3860338058,-40.2064731272,19.7672279022,6.29210406371,nan,nan,fm^4 / MeV
q20_from_e0,gamma_1,12.4634465171,-39.8854217256,21.1279832205,6.72524593422,nan,nan,fm^4 / MeV
q20_from_e0,gamma_1,12.5408592284,-39.2645860138,22.1096779625,7.0377290758,nan,nan,fm^4 / MeV
q20_from_e0,gamma_1,12.6182719396,-38.5319621233,22.6048439223,7.19534529612,nan,nan,fm^4 / MeV
q20_from_e0,gamma_1,12.6956846509,-37.9055197127,22.6082256158,7.19642172259,nan,nan,fm^4 / MeV
q20_from_e0,gamma_1,12.7730973622,-37.5740430124,22.2147579618,7.07117707841,nan,nan,fm^4 / MeV
q20_from_e0,gamma_1,12.8505100735,-37.6520247622,21.5842985843,6.87049562571,nan,nan,fm^4 / MeV
q20_from_e0,gamma_1,12.9279227848,-38.1651679987,20.8898165535,6.64943512955,nan,nan,fm^4 / MeV
q20_from_e0,gamma_1,13.0053354961,-39.0681143377,20.2716951743,6.45268098368,nan,nan,fm^4 / MeV
q20_from_e0,gamma_1,13.0827482074,-40.2813800608,19.8153731027,6.307429157,nan,nan,fm^4 / MeV
q20_from_e0,gamma_1,13.1601609186,-41.7276684761,19.5561904767,6.22492876484,nan,nan,fm^4 / MeV
q20_from_e0,gamma_1,13.2375736299,-43.3517192117,19.5016148148,6.20755679209,nan,nan,fm^4 / MeV
q20_from_e0,gamma_1,13.3149863412,-45.119557531,19.6543652892,6.25617877822,nan,nan,fm^4 / MeV
q20_from_e0,gamma_1,13.3923990525,-47.0052011212,20.0233330939,6.37362487815,nan,nan,fm^4 / MeV
q20_from_e0,gamma_1,13.4698117638,-48.9785138498,20.6196773958,6.56344716499,nan,nan,fm^4 / MeV
q20_from_e0,gamma_1,13.5472244751,-51.0041888202,21.4461162098,6.82651080982,nan,nan,fm^4 / MeV
q20_from_e0,gamma_1,13.6246371864,-53.0518227969,22.4915282883,7.15927580956,nan,nan,fm^4 / MeV
q20_from_e0,gamma_1,13.7020498977,-55.1075813662,23.7381416424,7.55608516439,nan,nan,fm^4 / MeV
q20_from_e0,gamma_1,13.7794626089,-57.1754871157,25.1781634054,8.01445832788,nan,nan,fm^4 / MeV
q20_from_e0,gamma_1,13.8568753202,-59.2628604053,26.827748731,8.53953764512,nan,nan,fm^4 / MeV
q20_from_e0,gamma_1,13.9342880315,-61.3560556646,28.7250780614,9.14347632834,nan,nan,fm^4 / MeV
q20_from_e0,gamma_1,14.0117007428,-63.4019151778,30.9076373919,9.83820654043,nan,nan,fm^4 / MeV
q20_from_e0,gamma_1,14.0891134541,-65.3107759171,33.3771896093,10.6242894257,nan,nan,fm^4 / MeV
q20_from_e0,gamma_1,14.1665261654,-66.9869484835,36.0713729827,11.4818746286,nan,nan,fm^4 / MeV
q20_from_e0,gamma_1,14.2439388767,-68.377180773,38.8614434001,12.3699816256,nan,nan,fm^4 / MeV
q20_from_e0,gamma_1,14.3213515879,-69.5153341769,41.584850627,13.23686907,nan,nan,fm^4 / MeV
q20_from_e0,gamma_1,14.3987642992,-70.5397896962,44.1042095496,14.038805922,nan,nan,fm^4 / MeV
q20_from_e0,gamma_1,14.4761770105,-71.6707909688,46.3698970691,14.7599966584,nan,nan,fm^4 / MeV
q20_from_e0,gamma_1,14.5535897218,-73.1528942464,48.4599533041,15.4252822207,nan,nan,fm^4 / MeV
q20_from_e0,gamma_1,14.6310024331,-75.1835661189,50.5804059382,16.1002432573,nan,nan,fm^4 / MeV
q20_from_e0,gamma_1,14.7084151444,-77.8544145008,53.026616753,16.8788963434,nan,nan,fm^4 / MeV
q20_from_e0,gamma_1,14.7858278557,-81.12403463,56.122410684,17.8643181572,nan,nan,fm^4 / MeV
q20_from_e0,gamma_1,14.8632405669,-84.8257304804,60.1602082174,19.1495890305,nan,nan,fm^4 / MeV
q20_from_e0,gamma_1,14.9406532782,-88.6985889444,65.3595957581,20.8046054868,nan,nan,fm^4 / MeV
q20_from_e0,gamma_1,15.0180659895,-92.4246266445,71.8484325016,22.8700663721,nan,nan,fm^4 / MeV
q20_from_e0,gamma_1,15.0954787008,-95.6601238122,79.6586654722,25.35614074,nan,nan,fm^4 / MeV
q20_from_e0,gamma_1,15.1728914121,-98.0606998886,88.7260637475,28.242383253,nan,nan,fm^4 / MeV
q20_from_e0,gamma_1,15.2503041234,-99.3081039993,98.8903152968,31.4777650068,nan,nan,fm^4 / MeV
q20_from_e0,gamma_1,15.3277168347,-99.1450405496,109.903197519,34.9832742936,nan,nan,fm^4 / MeV
q20_from_e0,gamma_1,15.4051295459,-97.4126479401,121.458028458,38.6612912147,nan,nan,fm^4 / MeV
q20_from_e0,gamma_1,15.4825422572,-94.0714082121,133.246389368,42.4136430341,nan,nan,fm^4 / MeV
q20_from_e0,gamma_1,15.5599549685,-89.1817321775,145.029489011,46.1643201403,nan,nan,fm^4 / MeV
q20_from_e0,gamma_1,15.6373676798,-82.8328899831,156.691747249,49.8765322326,nan,nan,fm^4 / MeV
q20_from_e0,gamma_1,15.7147803911,-75.0361752036,168.237307476,53.5515981945,nan,nan,fm^4 / MeV
q20_from_e0,gamma_1,15.7921931024,-65.6274448215,179.705801397,57.2021331894,nan,nan,fm^4 / MeV
q20_from_e0,gamma_1,15.8696058137,-54.2378214533,191.019741346,60.8034721266,nan,nan,fm^4 / MeV
q20_from_e0,gamma_1,15.947018525,-40.3765142567,201.817492279,64.2405029972,nan,nan,fm^4 / MeV
q20_from_e0,gamma_1,16.0244312362,-23.6268364312,211.351196886,67.2751754256,nan,nan,fm^4 / MeV
q20_from_e0,gamma_1,16.1018439475,-3.90155920999,218.520807107,69.5573332389,nan,nan,fm^4 / MeV
q20_from_e0,gamma_1,16.1792566588,18.3377558732,222.070503321,70.6872366369,nan,nan,fm^4 / MeV
q20_from_e0,gamma_1,16.2566693701,41.9979070614,220.907561483,70.3170607527,nan,nan,fm^4 / MeV
q20_from_e0,gamma_1,16.3340820814,65.4686426805,214.444376503,68.2597650773,nan,nan,fm^4 / MeV
q20_from_e0,gamma_1,16.4114947927,86.9239659275,202.84030351,64.5660739237,nan,nan,fm^4 / MeV
q20_from_e0,gamma_1,16.488907504,104.724560697,187.045875613,59.5385513775,nan,nan,fm^4 / MeV
q20_from_e0,gamma_1,16.5663202152,117.790577263,168.620405013,53.6735419281,nan,nan,fm^4 / MeV
q20_from_e0,gamma_1,16.6437329265,125.819885426,149.377645938,47.5483814769,nan,nan,fm^4 / MeV
q20_from_e0,gamma_1,16.7211456378,129.283000726,130.977743565,41.6915106469,nan,nan,fm^4 / MeV
q20_from_e0,gamma_1,16.7985583491,129.208954555,114.599959375,36.4783000253,nan,nan,fm^4 / MeV
q20_from_e0,gamma_1,16.8759710604,126.851111699,100.793361153,32.0835233166,nan,nan,fm^4 / MeV
q20_from_e0,gamma_1,16.9533837717,123.357233143,89.5292446368,28.4980436705,nan,nan,fm^4 / MeV
q20_from_e0,gamma_1,17.030796483,119.551215969,80.4023330853,25.5928574933,nan,nan,fm^4 / MeV
q20_from_e0,gamma_1,17.1082091942,115.875860041,72.8804777644,23.1985765822,nan,nan,fm^4 / MeV
q20_from_e0,gamma_1,17.1856219055,112.475285985,66.5022194396,21.1683139008,nan,nan,fm^4 / MeV
q20_from_e0,gamma_1,17.2630346168,109.34431148,60.9633194361,19.4052272711,nan,nan,fm^4 / MeV
q20_from_e0,gamma_1,17.3404473281,106.460583153,56.0936850895,17.8551745165,nan,nan,fm^4 / MeV
q20_from_e0,gamma_1,17.4178600394,103.843599077,51.7752024906,16.4805588119,nan,nan,fm^4 / MeV
q20_from_e0,gamma_1,17.4952727507,101.534266329,47.8674623519,15.2366864931,nan,nan,fm^4 / MeV
q20_from_e0,gamma_1,17.572685462,99.5325481301,44.1888021897,14.0657325956,nan,nan,fm^4 / MeV
q20_from_e0,gamma_1,17.6500981732,97.7479991421,40.5590751761,12.910354603,nan,nan,fm^4 / MeV
q20_from_e0,gamma_1,17.7275108845,96.0031099874,36.8718007237,11.7366586918,nan,nan,fm^4 / MeV
q20_from_e0,gamma_1,17.8049235958,94.0938449778,33.1469395044,10.550998541,nan,nan,fm^4 / MeV
q20_from_e0,gamma_1,17.8823363071,91.8765885003,29.5280350529,9.39906547691,nan,nan,fm^4 / MeV
q20_from_e0,gamma_1,17.9597490184,89.3348623392,26.2197193251,8.34599587414,nan,nan,fm^4 / MeV
q20_from_e0,gamma_1,18.0371617297,86.5898423093,23.3947652586,7.44678506676,nan,nan,fm^4 / MeV
q20_from_e0,gamma_1,18.114574441,83.8485161457,21.1160882316,6.72145964164,nan,nan,fm^4 / MeV
q20_from_e0,gamma_1,18.1919871523,81.3153103412,19.3106925275,6.14678434056,nan,nan,fm^4 / MeV
q20_from_e0,gamma_1,18.2693998635,79.1102147589,17.8053744874,5.66762672656,nan,nan,fm^4 / MeV
q20_from_e0,gamma_1,18.3468125748,77.2308132072,16.403325799,5.22134076813,nan,nan,fm^4 / MeV
q20_from_e0,gamma_1,18.4242252861,75.5716280595,14.9626563676,4.76276144537,nan,nan,fm^4 / MeV
q20_from_e0,gamma_1,18.5016379974,73.9854646295,13.4405881865,4.27827209588,nan,nan,fm^4 / MeV
q20_from_e0,gamma_1,18.5790507087,72.3530061478,11.8875080714,3.78391134121,nan,nan,fm^4 / MeV
q20_from_e0,gamma_1,18.65646342,70.6271666917,10.4011742441,3.31079658981,nan,nan,fm^4 / MeV
q20_from_e0,gamma_1,18.7338761313,68.8356222928,9.06928752268,2.88684387911,nan,nan,fm^4 / MeV
q20_from_e0,gamma_1,18.8112888425,67.0480364796,7.93010126241,2.52422963026,nan,nan,fm^4 / MeV
q20_from_e0,gamma_1,18.8887015538,65.3311599799,6.96691507304,2.21763794395,nan,nan,fm^4 / MeV
q20_from_e0,gamma_1,18.9661142651,63.7173280684,6.13222838745,1.95194892006,nan,nan,fm^4 / MeV
q20_from_e0,gamma_1,19.0435269764,62.2004591932,5.38236653629,1.71326047957,nan,nan,fm^4 / MeV
q20_from_e0,gamma_1,19.1209396877,60.7563088741,4.70087035728,1.49633350839,nan,nan,fm^4 / MeV
q20_from_e0,gamma_1,19.198352399,59.3705843308,4.09865541922,1.30464254,nan,nan,fm^4 / MeV
q20_from_e0,gamma_1,19.2757651103,58.0562637459,3.59405980627,1.14402476787,nan,nan,fm^4 / MeV
q20_from_e0,gamma_1,19.3531778215,56.8500369333,3.18738217425,1.01457525711,nan,nan,fm^4 / MeV
q20_from_e0,gamma_1,19.4305905328,55.7911420017,2.84635717809,0.906023629396,nan,nan,fm^4 / MeV
q20_from_e0,gamma_1,19.5080032441,54.895960561,2.51125584643,0.799357562656,nan,nan,fm^4 / MeV
q20_from_e0,gamma_1,19.5854159554,54.143207019,2.11635592323,0.673657013046,nan,nan,fm^4 / MeV
q20_from_e0,gamma_1,19.6628286667,53.4774965125,1.61559891036,0.514261105275,nan,nan,fm^4 / MeV
q20_from_e0,gamma_1,19.740241378,52.8284098674,0.999047646464,0.318006742638,nan,nan,fm^4 / MeV
q20_from_e0,gamma_1,19.8176540893,52.134317344,0.293080445923,0.0932904033844,nan,nan,fm^4 / MeV
q20_from_e0,gamma_1,19.8950668005,51.3592684951,-0.453373796691,-0.144313361623,nan,nan,fm^4 / MeV
q20_from_e0,gamma_1,19.9724795118,50.4968432795,-1.18755025441,-0.37800898632,nan,nan,fm^4 / MeV
q20_from_e0,gamma_1,20.0498922231,49.5628647672,-1.86693169813,-0.594262816344,nan,nan,fm^4 / MeV
q20_from_e0,gamma_1,20.1273049344,48.584252612,-2.46409680046,-0.7843463721,nan,nan,fm^4 / MeV
q20_from_e0,gamma_1,20.2047176457,47.5912163376,-2.96439405469,-0.943595934153,nan,nan,fm^4 / MeV
q20_from_e0,gamma_1,20.282130357,46.6153368185,-3.36241546648,-1.07029008444,nan,nan,fm^4 / MeV
q20_from_e0,gamma_1,20.3595430683,45.6905674885,-3.66221402215,-1.16571892857,nan,nan,fm^4 / MeV
q20_from_e0,gamma_1,20.4369557796,44.8517278957,-3.88150262354,-1.23552065832,nan,nan,fm^4 / MeV
q20_from_e0,gamma_1,20.5143684908,44.1272373423,-4.05535626179,-1.29085999012,nan,nan,fm^4 / MeV
q20_from_e0,gamma_1,20.5917812021,43.5279479765,-4.23373336207,-1.34763918461,nan,nan,fm^4 / MeV
q20_from_e0,gamma_1,20.6691939134,43.0382497347,-4.47045564968,-1.42299022904,nan,nan,fm^4 / MeV
q20_from_e0,gamma_1,20.7466066247,42.615902086,-4.80699638324,-1.53011447164,nan,nan,fm^4 / MeV
q20_from_e0,gamma_1,20.824019336,42.2027563496,-5.25864528558,-1.67387878234,nan,nan,fm^4 / MeV
q20_from_e0,gamma_1,20.9014320473,41.7422350061,-5.81030159307,-1.84947643878,nan,nan,fm^4 / MeV
q20_from_e0,gamma_1,20.9788447586,41.1951923846,-6.42414651974,-2.04486934753,nan,nan,fm^4 / MeV
q20_from_e0,gamma_1,21.0562574698,40.5465162353,-7.05472182877,-2.24558770237,nan,nan,fm^4 / MeV
q20_from_e0,gamma_1,21.1336701811,39.8003528115,-7.66274883488,-2.43912870949,nan,nan,fm^4 / MeV
q20_from_e0,gamma_1,21.2110828924,38.9688235728,-8.22019908083,-2.61657063383,nan,nan,fm^4 / MeV
q20_from_e0,gamma_1,21.2884956037,38.0630861545,-8.70517610099,-2.77094361392,nan,nan,fm^4 / MeV
q20_from_e0,gamma_1,21.365908315,37.0937979316,-9.09239163661,-2.89419814699,nan,nan,fm^4 / MeV
q20_from_e0,gamma_1,21.4433210263,36.0812653604,-9.34871539829,-2.97578853439,nan,nan,fm^4 / MeV
q20_from_e0,gamma_1,21.5207337376,35.0679015369,-9.44068457257,-3.00506323179,nan,nan,fm^4 / MeV
q20_from_e0,gamma_1,21.5981464488,34.1220802104,-9.35306056011,-2.97717164236,nan,nan,fm^4 / MeV
q20_from_e0,gamma_1,21.6755591601,33.3258882809,-9.10904822653,-2.89950010423,nan,nan,fm^4 / MeV
q20_from_e0,gamma_1,21.7529718714,32.7483220369,-8.77905897331,-2.79446126259,nan,nan,fm^4 / MeV
q20_from_e0,gamma_1,21.8303845827,32.4151606603,-8.46890399614,-2.69573586711,nan,nan,fm^4 / MeV
q20_from_e0,gamma_1,21.907797294,32.2911832056,-8.28859244861,-2.63834091894,nan,nan,fm^4 / MeV
q20_from_e0,gamma_1,21.9852100053,32.2862513121,-8.31407723836,-2.64645297947,nan,nan,fm^4 / MeV
q20_from_e0,gamma_1,22.0626227166,32.2855086917,-8.55989297955,-2.72469856006,nan,nan,fm^4 / MeV
q20_from_e0,gamma_1,22.1400354278,32.1912824914,-8.9768909574,-2.85743313894,nan,nan,fm^4 / MeV
q20_from_e0,gamma_1,22.2174481391,31.9572040177,-9.4774711789,-3.01677277227,nan,nan,fm^4 / MeV
q20_from_e0,gamma_1,22.2948608504,31.5979250544,-9.97676501162,-3.17570293533,nan,nan,fm^4 / MeV
q20_from_e0,gamma_1,22.3722735617,31.1696487977,-10.4296171875,-3.31985025989,nan,nan,fm^4 / MeV
q20_from_e0,gamma_1,22.449686273,30.7315706162,-10.8448808714,-3.45203279584,nan,nan,fm^4 / MeV
q20_from_e0,gamma_1,22.5270989843,30.3083629893,-11.2699981789,-3.58735183762,nan,nan,fm^4 / MeV
q20_from_e0,gamma_1,22.6045116956,29.8735186207,-11.7542782336,-3.74150296672,nan,nan,fm^4 / MeV
q20_from_e0,gamma_1,22.6819244068,29.3626023131,-12.3105810992,-3.91857966853,nan,nan,fm^4 / MeV
q20_from_e0,gamma_1,22.7593371181,28.7097790348,-12.8961997823,-4.10498788489,nan,nan,fm^4 / MeV
q20_from_e0,gamma_1,22.8367498294,27.8886144527,-13.4239071287,-4.27296235026,nan,nan,fm^4 / MeV
q20_from_e0,gamma_1,22.9141625407,26.9356189714,-13.7985021513,-4.3921996493,nan,nan,fm^4 / MeV
q20_from_e0,gamma_1,22.991575252,25.9436546758,-13.9609366368,-4.44390415189,nan,nan,fm^4 / MeV
q20_from_e0,gamma_1,23.0689879633,25.0275747105,-13.9181162427,-4.43027399711,nan,nan,fm^4 / MeV
q20_from_e0,gamma_1,23.1464006746,24.2783339806,-13.7436891801,-4.37475213865,nan,nan,fm^4 / MeV
q20_from_e0,gamma_1,23.2238133859,23.7271951178,-13.5496000384,-4.31297164606,nan,nan,fm^4 / MeV
q20_from_e0,gamma_1,23.3012260971,23.3360693344,-13.4422695851,-4.27880730167,nan,nan,fm^4 / MeV
q20_from_e0,gamma_1,23.3786388084,23.0167860136,-13.483810524,-4.29203019321,nan,nan,fm^4 / MeV
q20_from_e0,gamma_1,23.4560515197,22.6683158768,-13.674786345,-4.35281968507,nan,nan,fm^4 / MeV
q20_from_e0,gamma_1,23.533464231,22.2137045825,-13.963338424,-4.4446686645,nan,nan,fm^4 / MeV
q20_from_e0,gamma_1,23.6108769423,21.6208983688,-14.272606299,-4.54311168659,nan,nan,fm^4 / MeV
q20_from_e0,gamma_1,23.6882896536,20.901640316,-14.5309786038,-4.62535414552,nan,nan,fm^4 / MeV
q20_from_e0,gamma_1,23.7657023649,20.0942239851,-14.6911195625,-4.67632859585,nan,nan,fm^4 / MeV
q20_from_e0,gamma_1,23.8431150761,19.2427916304,-14.7322095621,-4.68940794895,nan,nan,fm^4 / MeV
q20_from_e0,gamma_1,23.9205277874,18.3848583106,-14.6500041418,-4.66324115097,nan,nan,fm^4 / MeV
q20_from_e0,gamma_1,23.9979404987,17.5512990785,-14.4452946489,-4.59808009558,nan,nan,fm^4 / MeV
q20_from_e0,gamma_1,24.07535321,16.7741369434,-14.1201580819,-4.49458591196,nan,nan,fm^4 / MeV
q20_from_e0,gamma_1,24.1527659213,16.0925441222,-13.6844031011,-4.35588079361,nan,nan,fm^4 / MeV
q20_from_e0,gamma_1,24.2301786326,15.5492396275,-13.1665524311,-4.19104380578,nan,nan,fm^4 / MeV
q20_from_e0,gamma_1,24.3075913439,15.1765053924,-12.6196407218,-4.01695640185,nan,nan,fm^4 / MeV
q20_from_e0,gamma_1,24.3850040551,14.9788010525,-12.1145256999,-3.85617329669,nan,nan,fm^4 / MeV
q20_from_e0,gamma_1,24.4624167664,14.9225632275,-11.7207985023,-3.73084603726,nan,nan,fm^4 / MeV
q20_from_e0,gamma_1,24.5398294777,14.9409285645,-11.4832470363,-3.65523105716,nan,nan,fm^4 / MeV
q20_from_e0,gamma_1,24.617242189,14.9533944415,-11.4054229101,-3.6304588684,nan,nan,fm^4 / MeV
q20_from_e0,gamma_1,24.6946549003,14.8922800803,-11.4489730735,-3.64432131594,nan,nan,fm^4 / MeV
q20_from_e0,gamma_1,24.7720676116,14.7239585278,-11.5495953295,-3.67635037481,nan,nan,fm^4 / MeV
q20_from_e0,gamma_1,24.8494803229,14.4553928206,-11.6421462875,-3.70581025971,nan,nan,fm^4 / MeV
q20_from_e0,gamma_1,24.9268930341,14.1240221103,-11.6831842771,-3.7188730575,nan,nan,fm^4 / MeV
q20_from_e0,gamma_1,25.0043057454,13.7772529117,-11.6612646089,-3.71189581043,nan,nan,fm^4 / MeV
q20_from_e0,gamma_1,25.0817184567,13.4522262533,-11.5922219844,-3.68991886047,nan,nan,fm^4 / MeV
q20_from_e0,gamma_1,25.159131168,13.1649907058,-11.5044101615,-3.66196748911,nan,nan,fm^4 / MeV
q20_from_e0,gamma_1,25.2365438793,12.9120141327,-11.4231229086,-3.63609295291,nan,nan,fm^4 / MeV
q20_from_e0,gamma_1,25.3139565906,12.6799677776,-11.3621342121,-3.61667964787,nan,nan,fm^4 / MeV
q20_from_e0,gamma_1,25.3913693019,12.4559678936,-11.3247277463,-3.60477279999,nan,nan,fm^4 / MeV
q20_from_e0,gamma_1,25.4687820132,12.231837818,-11.3104048144,-3.60021366917,nan,nan,fm^4 / MeV
q20_from_e0,gamma_1,25.5461947244,12.0011554541,-11.3204557718,-3.60341298827,nan,nan,fm^4 / MeV
q20_from_e0,gamma_1,25.6236074357,11.7533252433,-11.3573844909,-3.61516776465,nan,nan,fm^4 / MeV
q20_from_e0,gamma_1,25.701020147,11.4711044897,-11.4183544128,-3.63457509354,nan,nan,fm^4 / MeV
q20_from_e0,gamma_1,25.7784328583,11.1355534706,-11.4878493902,-3.65669603188,nan,nan,fm^4 / MeV
q20_from_e0,gamma_1,25.8558455696,10.7369014572,-11.5362223196,-3.67209361353,nan,nan,fm^4 / MeV
q20_from_e0,gamma_1,25.9332582809,10.2849259185,-11.5276127241,-3.66935309417,nan,nan,fm^4 / MeV
q20_from_e0,gamma_1,26.0106709922,9.81144690145,-11.4347158321,-3.63978309506,nan,nan,fm^4 / MeV
q20_from_e0,gamma_1,26.0880837034,9.36138837571,-11.2528240716,-3.58188514948,nan,nan,fm^4 / MeV
q20_from_e0,gamma_1,26.1654964147,8.97546791032,-11.0047735715,-3.50292822303,nan,nan,fm^4 / MeV
q20_from_e0,gamma_1,26.242909126,8.67301615217,-10.7327583287,-3.41634308203,nan,nan,fm^4 / MeV
q20_from_e0,gamma_1,26.3203218373,8.44426657516,-10.480160884,-3.33593881818,nan,nan,fm^4 / MeV
q20_from_e0,gamma_1,26.3977345486,8.25686503905,-10.2724701636,-3.2698288086,nan,nan,fm^4 / MeV
q20_from_e0,gamma_1,26.4751472599,8.07370335839,-10.1074381197,-3.21729747748,nan,nan,fm^4 / MeV
q20_from_e0,gamma_1,26.5525599712,7.87276931476,-9.95998125395,-3.17036049934,nan,nan,fm^4 / MeV
q20_from_e0,gamma_1,26.6299726824,7.65826938485,-9.7993796728,-3.11923942832,nan,nan,fm^4 / MeV
q20_from_e0,gamma_1,26.7073853937,7.45681657241,-9.609477082,-3.05879155626,nan,nan,fm^4 / MeV
q20_from_e0,gamma_1,26.784798105,7.30058792341,-9.40074339509,-2.99234956013,nan,nan,fm^4 / MeV
q20_from_e0,gamma_1,26.8622108163,7.20656163042,-9.20736762053,-2.93079613934,nan,nan,fm^4 / MeV
q20_from_e0,gamma_1,26.9396235276,7.16320080196,-9.07068324046,-2.88728814988,nan,nan,fm^4 / MeV
q20_from_e0,gamma_1,27.0170362389,7.13196414164,-9.01769291095,-2.87042080412,nan,nan,fm^4 / MeV
q20_from_e0,gamma_1,27.0944489502,7.06299493361,-9.04611125611,-2.87946664434,nan,nan,fm^4 / MeV
q20_from_e0,gamma_1,27.1718616614,6.91673103108,-9.12373873623,-2.9041762387,nan,nan,fm^4 / MeV
q20_from_e0,gamma_1,27.2492743727,6.6801895462,-9.20217719156,-2.92914397449,nan,nan,fm^4 / MeV
q20_from_e0,gamma_1,27.326687084,6.36988225979,-9.23728109052,-2.94031789257,nan,nan,fm^4 / MeV
q20_from_e0,gamma_1,27.4040997953,6.02079651738,-9.20551675247,-2.93020698974,nan,nan,fm^4 / MeV
q20_from_e0,gamma_1,27.4815125066,5.66835879931,-9.10823753776,-2.89924205398,nan,nan,fm^4 / MeV
q20_from_e0,gamma_1,27.5589252179,5.33360897795,-8.96299435522,-2.85300971308,nan,nan,fm^4 / MeV
q20_from_e0,gamma_1,27.6363379292,5.01924117641,-8.78823632444,-2.79738250419,nan,nan,fm^4 / MeV
q20_from_e0,gamma_1,27.7137506405,4.71739001985,-8.59100576131,-2.73460206609,nan,nan,fm^4 / MeV
q20_from_e0,gamma_1,27.7911633517,4.42309768767,-8.36477536797,-2.66259069533,nan,nan,fm^4 / MeV
q20_from_e0,gamma_1,27.868576063,4.14432000535,-8.098025556,-2.57768159304,nan,nan,fm^4 / MeV
q20_from_e0,gamma_1,27.9459887743,3.90181733049,-7.78746790301,-2.47882802187,nan,nan,fm^4 / MeV
q20_from_e0,gamma_1,28.0234014856,3.71874543291,-7.44694926627,-2.37043757336,nan,nan,fm^4 / MeV
q20_from_e0,gamma_1,28.1008141969,3.60631354771,-7.10568687471,-2.26181038035,nan,nan,fm^4 / MeV
q20_from_e0,gamma_1,28.1782269082,3.55459421348,-6.79600897775,-2.16323684421,nan,nan,fm^4 / MeV
q20_from_e0,gamma_1,28.2556396195,3.53480772817,-6.53732818475,-2.08089619044,nan,nan,fm^4 / MeV
q20_from_e0,gamma_1,28.3330523307,3.51274499094,-6.32575087232,-2.0135490402,nan,nan,fm^4 / MeV
q20_from_e0,gamma_1,28.410465042,3.46631840649,-6.13587823117,-1.9531107014,nan,nan,fm^4 / MeV
q20_from_e0,gamma_1,28.4878777533,3.39746383025,-5.93455571872,-1.88902775538,nan,nan,fm^4 / MeV
q20_from_e0,gamma_1,28.5652904646,3.33144005891,-5.69946599596,-1.81419637248,nan,nan,fm^4 / MeV
q20_from_e0,gamma_1,28.6427031759,3.30344807859,-5.43249459503,-1.72921673624,nan,nan,fm^4 / MeV
q20_from_e0,gamma_1,28.7201158872,3.33954004835,-5.16047415932,-1.64262994231,nan,nan,fm^4 / MeV
q20_from_e0,gamma_1,28.7975285985,3.44201089334,-4.92276069318,-1.56696339596,nan,nan,fm^4 / MeV
q20_from_e0,gamma_1,28.8749413097,3.58703598479,-4.75226813196,-1.5126939282,nan,nan,fm^4 / MeV
q20_from_e0,gamma_1,28.952354021,3.73561375319,-4.66006486529,-1.48334471688,nan,nan,fm^4 / MeV
q20_from_e0,gamma_1,29.0297667323,3.85167269724,-4.63150779051,-1.47425471766,nan,nan,fm^4 / MeV
q20_from_e0,gamma_1,29.1071794436,3.91752739677,-4.63542208529,-1.47550067638,nan,nan,fm^4 / MeV
q20_from_e0,gamma_1,29.1845921549,3.93869679656,-4.64071668181,-1.4771859988,nan,nan,fm^4 / MeV
q20_from_e0,gamma_1,29.2620048662,3.93627729904,-4.63104511982,-1.474107445,nan,nan,fm^4 / MeV
q20_from_e0,gamma_1,29.3394175775,3.93201260884,-4.60970402191,-1.46731436256,nan,nan,fm^4 / MeV
q20_from_e0,gamma_1,29.4168302887,3.93498830909,-4.59285571759,-1.46195138072,nan,nan,fm^4 / MeV
q20_from_e0,gamma_1,29.494243,3.93745672359,-4.59589757726,-1.46291963473,nan,nan,fm^4 / MeV
q20_from_e0,gamma_1,29.5716557113,3.92163623193,-4.62151441742,-1.4710737282,nan,nan,fm^4 / MeV
q20_from_e0,gamma_1,29.6490684226,3.87279816301,-4.65659774811,-1.4822410992,nan,nan,fm^4 / MeV
q20_from_e0,gamma_1,29.7264811339,3.79034670417,-4.67970624863,-1.48959676337,nan,nan,fm^4 / MeV
q20_from_e0,gamma_1,29.8038938452,3.68994538696,-4.67436156855,-1.48789549887,nan,nan,fm^4 / MeV
q20_from_e0,gamma_1,29.8813065565,3.59518171123,-4.63995412846,-1.47694327053,nan,nan,fm^4 / MeV
q20_from_e0,gamma_1,29.9587192678,3.52356919993,-4.59339732815,-1.46212378072,nan,nan,fm^4 / MeV
q20_from_e0,gamma_2,0,-31.2542533901,0,0,nan,nan,fm^4 / MeV
q20_from_e0,gamma_2,0.0774127112862,-31.2562385909,0.0582053767162,0.0185273468378,nan,nan,fm^4 / MeV
q20_from_e0,gamma_2,0.154825422572,-31.2622449244,0.116363176408,0.0370395494384,nan,nan,fm^4 / MeV
q20_from_e0,gamma_2,0.232238133859,-31.2723959033,0.174494273997,0.0555432524958,nan,nan,fm^4 / MeV
q20_from_e0,gamma_2,0.309650845145,-31.2868192917,0.232715254628,0.0740755662138,nan,nan,fm^4 / MeV
q20_from_e0,gamma_2,0.387063556431,-31.3055805178,0.291208518032,0.0926945502304,nan,nan,fm^4 / MeV
q20_from_e0,gamma_2,0.464476267717,-31.3286584727,0.350154261731,0.111457563198,nan,nan,fm^4 / MeV
q20_from_e0,gamma_2,0.541888979003,-31.35597797,0.409666653494,0.130400945847,nan,nan,fm^4 / MeV
q20_from_e0,gamma_2,0.619301690289,-31.3874782146,0.469773750537,0.149533629066,nan,nan,fm^4 / MeV
q20_from_e0,gamma_2,0.696714401576,-31.4231744152,0.53045358604,0.168848620598,nan,nan,fm^4 / MeV
q20_from_e0,gamma_2,0.774127112862,-31.4631739089,0.591703973784,0.18834522455,nan,nan,fm^4 / MeV
q20_from_e0,gamma_2,0.851539824148,-31.5076363482,0.653602467956,0.208048127184,nan,nan,fm^4 / MeV
q20_from_e0,gamma_2,0.928952535434,-31.5567023659,0.716318694236,0.228011322034,nan,nan,fm^4 / MeV
q20_from_e0,gamma_2,1.00636524672,-31.6104351576,0.780070583078,0.248304178515,nan,nan,fm^4 / MeV
q20_from_e0,gamma_2,1.08377795801,-31.6688120651,0.845050970138,0.268988078124,nan,nan,fm^4 / MeV
q20_from_e0,gamma_2,1.16119066929,-31.7317727295,0.911370010554,0.290098084331,nan,nan,fm^4 / MeV
q20_from_e0,gamma_2,1.23860338058,-31.7992953151,0.979049914499,0.311641266852,nan,nan,fm^4 / MeV
q20_from_e0,gamma_2,1.31601609186,-31.8714543196,1.0480767784,0.333613200044,nan,nan,fm^4 / MeV
q20_from_e0,gamma_2,1.39342880315,-31.9484239824,1.11847904112,0.356022936279,nan,nan,fm^4 / MeV
q20_from_e0,gamma_2,1.47084151444,-32.0304242624,1.19038507971,0.378911339238,nan,nan,fm^4 / MeV
q20_from_e0,gamma_2,1.54825422572,-32.1176417746,1.26402450483,0.402351496265,nan,nan,fm^4 / MeV
q20_from_e0,gamma_2,1.62566693701,-32.2101741123,1.33967188633,0.42643080566,nan,nan,fm^4 / MeV
q20_from_e0,gamma_2,1.7030796483,-32.3080323742,1.41756721425,0.451225658625,nan,nan,fm^4 / MeV
q20_from_e0,gamma_2,1.78049235958,-32.411201325,1.49786241519,0.476784414897,nan,nan,fm^4 / MeV
q20_from_e0,gamma_2,1.85790507087,-32.5197209163,1.58062802068,0.503129525363,nan,nan,fm^4 / MeV
q20_from_e0,gamma_2,1.93531778215,-32.6337389664,1.66591744034,0.530277990825,nan,nan,fm^4 / MeV
q20_from_e0,gamma_2,2.01273049344,-32.753501722,1.75385047327,0.558267944528,nan,nan,fm^4 / MeV
q20_from_e0,gamma_2,2.09014320473,-32.8792869904,1.84466491353,0.587175078672,nan,nan,fm^4 / MeV
q20_from_e0,gamma_2,2.16755591601,-33.0113204881,1.93870382926,0.617108595235,nan,nan,fm^4 / MeV
q20_from_e0,gamma_2,2.2449686273,-33.1497276266,2.03634547745,0.648188897159,nan,nan,fm^4 / MeV
q20_from_e0,gamma_2,2.32238133859,-33.2945523413,2.13791894186,0.680520735055,nan,nan,fm^4 / MeV
q20_from_e0,gamma_2,2.39979404987,-33.4458336813,2.24365892623,0.714178817443,nan,nan,fm^4 / MeV
q20_from_e0,gamma_2,2.47720676116,-33.6036945429,2.35373053841,0.749215699788,nan,nan,fm^4 / MeV
q20_from_e0,gamma_2,2.55461947244,-33.7683878568,2.46831242565,0.785688247276,nan,nan,fm^4 / MeV
q20_from_e0,gamma_2,2.63203218373,-33.940270206,2.58769004894,0.823687324958,nan,nan,fm^4 / MeV
q20_from_e0,gamma_2,2.70944489502,-34.1197170016,2.71230313354,0.863352901734,nan,nan,fm^4 / MeV
q20_from_e0,gamma_2,2.7868576063,-34.3070301786,2.84271817214,0.904865297826,nan,nan,fm^4 / MeV
q20_from_e0,gamma_2,2.86427031759,-34.5023957466,2.97954277898,0.948417922856,nan,nan,fm^4 / MeV
q20_from_e0,gamma_2,2.94168302887,-34.7059194032,3.12333581451,0.994188667629,nan,nan,fm^4 / MeV
q20_from_e0,gamma_2,3.01909574016,-34.9177206348,3.2745721164,1.04232867767,nan,nan,fm^4 / MeV
q20_from_e0,gamma_2,3.09650845145,-35.1380283207,3.43368913512,1.09297719779,nan,nan,fm^4 / MeV
q20_from_e0,gamma_2,3.17392116273,-35.3672175079,3.60119302437,1.14629534171,nan,nan,fm^4 / MeV
q20_from_e0,gamma_2,3.25133387402,-35.6057611551,3.77776405494,1.20249964636,nan,nan,fm^4 / MeV
q20_from_e0,gamma_2,3.32874658531,-35.854122507,3.96429959018,1.26187575135,nan,nan,fm^4 / MeV
q20_from_e0,gamma_2,3.40615929659,-36.1126517373,4.16186982675,1.32476431086,nan,nan,fm^4 / MeV
q20_from_e0,gamma_2,3.48357200788,-36.381550276,4.37161568681,1.39152849171,nan,nan,fm^4 / MeV
q20_from_e0,gamma_2,3.56098471916,-36.6609262123,4.59465659727,1.46252461853,nan,nan,fm^4 / MeV
q20_from_e0,gamma_2,3.63839743045,-36.9509074678,4.83207371984,1.53809683579,nan,nan,fm^4 / MeV
q20_from_e0,gamma_2,3.71581014174,-37.2517406916,5.08499092467,1.61860288248,nan,nan,fm^4 / MeV
q20_from_e0,gamma_2,3.79322285302,-37.563808123,5.35471647899,1.70445919297,nan,nan,fm^4 / MeV
q20_from_e0,gamma_2,3.87063556431,-37.8875414609,5.64286938572,1.79618111192,nan,nan,fm^4 / MeV
q20_from_e0,gamma_2,3.94804827559,-38.2232739228,5.95142109632,1.8943961718,nan,nan,fm^4 / MeV
q20_from_e0,gamma_2,4.02546098688,-38.5711109318,6.28263417555,1.99982456935,nan,nan,fm^4 / MeV
q20_from_e0,gamma_2,4.10287369817,-38.9308901861,6.63894494357,2.11324180937,nan,nan,fm^4 / MeV
q20_from_e0,gamma_2,4.18028640945,-39.3022463497,7.02287683011,2.23545112448,nan,nan,fm^4 / MeV
q20_from_e0,gamma_2,4.25769912074,-39.684726268,7.43705852974,2.36728925414,nan,nan,fm^4 / MeV
q20_from_e0,gamma_2,4.33511183203,-40.0778601201,7.88436064857,2.50966994068,nan,nan,fm^4 / MeV
q20_from_e0,gamma_2,4.41252454331,-40.4811094624,8.36809126736,2.66364617889,nan,nan,fm^4 / MeV
q20_from_e0,gamma_2,4.4899372546,-40.8936783589,8.89214995533,2.83045924021,nan,nan,fm^4 / MeV
q20_from_e0,gamma_2,4.56734996588,-41.3142505216,9.46105907423,3.0115486371,nan,nan,fm^4 / MeV
q20_from_e0,gamma_2,4.64476267717,-41.7407553587,10.0798623038,3.20851982266,nan,nan,fm^4 / MeV
q20_from_e0,gamma_2,4.72217538846,-42.1702404501,10.7539611103,3.42309213703,nan,nan,fm^4 / MeV
q20_from_e0,gamma_2,4.79958809974,-42.5988479702,11.4889985137,3.65706180925,nan,nan,fm^4 / MeV
q20_from_e0,gamma_2,4.87700081103,-43.0218044956,12.2908663368,3.91230426477,nan,nan,fm^4 / MeV
q20_from_e0,gamma_2,4.95441352232,-43.4332934577,13.165820339,4.19081077363,nan,nan,fm^4 / MeV
q20_from_e0,gamma_2,5.0318262336,-43.8261180497,14.1205886215,4.49472295696,nan,nan,fm^4 / MeV
q20_from_e0,gamma_2,5.10923894489,-44.1911636192,15.1623127156,4.82631403477,nan,nan,fm^4 / MeV
q20_from_e0,gamma_2,5.18665165617,-44.5167756213,16.2981992048,5.18787793388,nan,nan,fm^4 / MeV
q20_from_e0,gamma_2,5.26406436746,-44.7882175037,17.5348619837,5.58151992228,nan,nan,fm^4 / MeV
q20_from_e0,gamma_2,5.34147707875,-44.9873321096,18.8774367973,6.00887475838,nan,nan,fm^4 / MeV
q20_from_e0,gamma_2,5.41888979003,-45.0924292784,20.3285801954,6.47078804829,nan,nan,fm^4 / MeV
q20_from_e0,gamma_2,5.49630250132,-45.0783391768,21.887396244,6.96697460728,nan,nan,fm^4 / MeV
q20_from_e0,gamma_2,5.5737152126,-44.9165874831,23.5482087587,7.49562764981,nan,nan,fm^4 / MeV
q20_from_e0,gamma_2,5.65112792389,-44.5757941767,25.2990153971,8.05292671162,nan,nan,fm^4 / MeV
q20_from_e0,gamma_2,5.72854063518,-44.022613724,27.1195289059,8.63241415938,nan,nan,fm^4 / MeV
q20_from_e0,gamma_2,5.80595334646,-43.2236864296,28.9789725736,9.22429346164,nan,nan,fm^4 / MeV
q20_from_e0,gamma_2,5.88336605775,-42.1490099387,30.8341831791,9.8148253383,nan,nan,fm^4 / MeV
q20_from_e0,gamma_2,5.96077876904,-40.7767882923,32.6289136467,10.3861057892,nan,nan,fm^4 / MeV
q20_from_e0,gamma_2,6.03819148032,-39.0992306731,34.2953115367,10.9165367119,nan,nan,fm^4 / MeV
q20_from_e0,gamma_2,6.11560419161,-37.1281503282,35.758236551,11.3822002067,nan,nan,fm^4 / MeV
q20_from_e0,gamma_2,6.19301690289,-34.8988263772,36.9423821043,11.759125443,nan,nan,fm^4 / MeV
q20_from_e0,gamma_2,6.27042961418,-32.4706646239,37.7812738565,12.0261529811,nan,nan,fm^4 / MeV
q20_from_e0,gamma_2,6.34784232547,-29.9237994186,38.2264456036,12.1678555493,nan,nan,fm^4 / MeV
q20_from_e0,gamma_2,6.42525503675,-27.3517775693,38.2547540094,12.1768663947,nan,nan,fm^4 / MeV
q20_from_e0,gamma_2,6.50266774804,-24.8515425945,37.8720668184,12.0550532785,nan,nan,fm^4 / MeV
q20_from_e0,gamma_2,6.58008045932,-22.5127199832,37.1124004784,11.8132439723,nan,nan,fm^4 / MeV
q20_from_e0,gamma_2,6.65749317061,-20.4084092904,36.0327305545,11.4695743617,nan,nan,fm^4 / MeV
q20_from_e0,gamma_2,6.7349058819,-18.5892421312,34.704769949,11.0468713725,nan,nan,fm^4 / MeV
q20_from_e0,gamma_2,6.81231859318,-17.0815303255,33.2056539803,10.5696879391,nan,nan,fm^4 / MeV
q20_from_e0,gamma_2,6.88973130447,-15.8892397229,31.6095032485,10.0616173813,nan,nan,fm^4 / MeV
q20_from_e0,gamma_2,6.96714401576,-14.9986498685,29.9813018983,9.54334479489,nan,nan,fm^4 / MeV
q20_from_e0,gamma_2,7.04455672704,-14.3841539771,28.373674963,9.03162124809,nan,nan,fm^4 / MeV
q20_from_e0,gamma_2,7.12196943833,-14.0137740974,26.8263034294,8.53907759135,nan,nan,fm^4 / MeV
q20_from_e0,gamma_2,7.19938214961,-13.853470649,25.3671560496,8.07461655495,nan,nan,fm^4 / MeV
q20_from_e0,gamma_2,7.2767948609,-13.8699560399,24.0145652171,7.644073521,nan,nan,fm^4 / MeV
q20_from_e0,gamma_2,7.35420757219,-14.0322269279,22.779374734,7.25090017892,nan,nan,fm^4 / MeV
q20_from_e0,gamma_2,7.43162028347,-14.3122641044,21.6667611213,6.8967442665,nan,nan,fm^4 / MeV
q20_from_e0,gamma_2,7.50903299476,-14.685314421,20.6776747195,6.5819082865,nan,nan,fm^4 / MeV
q20_from_e0,gamma_2,7.58644570605,-15.1299808015,19.8100288388,6.30572802496,nan,nan,fm^4 / MeV
q20_from_e0,gamma_2,7.66385841733,-15.6281547422,19.0597647263,6.06691154073,nan,nan,fm^4 / MeV
q20_from_e0,gamma_2,7.74127112862,-16.1647367061,18.4218128331,5.86384514619,nan,nan,fm^4 / MeV
q20_from_e0,gamma_2,7.8186838399,-16.727122388,17.8908669716,5.69483982946,nan,nan,fm^4 / MeV
q20_from_e0,gamma_2,7.89609655119,-17.3045291245,17.4618652532,5.55828434132,nan,nan,fm^4 / MeV
q20_from_e0,gamma_2,7.97350926248,-17.8873115342,17.130138519,5.45269244228,nan,nan,fm^4 / MeV
q20_from_e0,gamma_2,8.05092197376,-18.4664121702,16.8912901871,5.37666465696,nan,nan,fm^4 / MeV
q20_from_e0,gamma_2,8.12833468505,-19.0330145962,16.7409386472,5.32880627539,nan,nan,fm^4 / MeV
q20_from_e0,gamma_2,8.20574739633,-19.5783672066,16.6744413921,5.3076395417,nan,nan,fm^4 / MeV
q20_from_e0,gamma_2,8.28316010762,-20.0936931611,16.686641176,5.31152285351,nan,nan,fm^4 / MeV
q20_from_e0,gamma_2,8.36057281891,-20.5701304253,16.7715864426,5.33856177167,nan,nan,fm^4 / MeV
q20_from_e0,gamma_2,8.43798553019,-20.9987371462,16.9221472192,5.38648675531,nan,nan,fm^4 / MeV
q20_from_e0,gamma_2,8.51539824148,-21.3706886515,17.1295061163,5.45249114227,nan,nan,fm^4 / MeV
q20_from_e0,gamma_2,8.59281095277,-21.67781349,17.3826290716,5.53306268137,nan,nan,fm^4 / MeV
q20_from_e0,gamma_2,8.67022366405,-21.9135318566,17.6679438383,5.62388119226,nan,nan,fm^4 / MeV
q20_from_e0,gamma_2,8.74763637534,-22.0740924212,17.9694987117,5.71986908971,nan,nan,fm^4 / MeV
q20_from_e0,gamma_2,8.82504908662,-22.1598239114,18.2697950216,5.81545637394,nan,nan,fm^4 / MeV
q20_from_e0,gamma_2,8.90246179791,-22.1760115295,18.5512976128,5.90506143168,nan,nan,fm^4 / MeV
q20_from_e0,gamma_2,8.9798745092,-22.1330342979,18.7983944432,5.98371479565,nan,nan,fm^4 / MeV
q20_from_e0,gamma_2,9.05728722048,-22.0455619693,18.9993893185,6.04769345153,nan,nan,fm^4 / MeV
q20_from_e0,gamma_2,9.13469993177,-21.9308575346,19.1480438436,6.0950116565,nan,nan,fm^4 / MeV
q20_from_e0,gamma_2,9.21211264305,-21.806479975,19.2442626447,6.12563905214,nan,nan,fm^4 / MeV
q20_from_e0,gamma_2,9.28952535434,-21.6878515262,19.2937130042,6.14137959042,nan,nan,fm^4 / MeV
q20_from_e0,gamma_2,9.36693806563,-21.5861971133,19.3064218396,6.14542493836,nan,nan,fm^4 / MeV
q20_from_e0,gamma_2,9.44435077691,-21.5072782014,19.2946255537,6.14167006395,nan,nan,fm^4 / MeV
q20_from_e0,gamma_2,9.5217634882,-21.4511635918,19.2703042602,6.13392835578,nan,nan,fm^4 / MeV
q20_from_e0,gamma_2,9.59917619949,-21.4130583413,19.2428837027,6.12520012124,nan,nan,fm^4 / MeV
q20_from_e0,gamma_2,9.67658891077,-21.3850007765,19.2175372785,6.11713210385,nan,nan,fm^4 / MeV
q20_from_e0,gamma_2,9.75400162206,-21.3580761483,19.1943879774,6.10976345244,nan,nan,fm^4 / MeV
q20_from_e0,gamma_2,9.83141433334,-21.3247086936,19.1687264044,6.10159512007,nan,nan,fm^4 / MeV
q20_from_e0,gamma_2,9.90882704463,-21.2805936233,19.1321610111,6.0899559939,nan,nan,fm^4 / MeV
q20_from_e0,gamma_2,9.98623975592,-21.225916394,19.0744368812,6.07158183267,nan,nan,fm^4 / MeV
q20_from_e0,gamma_2,10.0636524672,-21.1656635643,18.9855360612,6.04328382279,nan,nan,fm^4 / MeV
q20_from_e0,gamma_2,10.1410651785,-21.1090258982,18.8576344073,6.00257146188,nan,nan,fm^4 / MeV
q20_from_e0,gamma_2,10.2184778898,-21.0680846676,18.6865487762,5.94811321413,nan,nan,fm^4 / MeV
q20_from_e0,gamma_2,10.2958906011,-21.0561078264,18.4724500079,5.87996345955,nan,nan,fm^4 / MeV
q20_from_e0,gamma_2,10.3733033123,-21.0858286379,18.2198017625,5.79954302533,nan,nan,fm^4 / MeV
q20_from_e0,gamma_2,10.4507160236,-21.1680277802,17.9366589012,5.70941585336,nan,nan,fm^4 / MeV
q20_from_e0,gamma_2,10.5281287349,-21.3106152923,17.6335728078,5.61294055347,nan,nan,fm^4 / MeV
q20_from_e0,gamma_2,10.6055414462,-21.5182580761,17.3223797157,5.51388471574,nan,nan,fm^4 / MeV
q20_from_e0,gamma_2,10.6829541575,-21.7924724752,17.0150990094,5.41607422907,nan,nan,fm^4 / MeV
q20_from_e0,gamma_2,10.7603668688,-22.1320329635,16.7230753931,5.32312022502,nan,nan,fm^4 / MeV
q20_from_e0,gamma_2,10.8377795801,-22.5335419646,16.4564044781,5.23823623643,nan,nan,fm^4 / MeV
q20_from_e0,gamma_2,10.9151922914,-22.9920415656,16.2236175349,5.16413785103,nan,nan,fm^4 / MeV
q20_from_e0,gamma_2,10.9926050026,-23.5015940204,16.0315768188,5.10300939253,nan,nan,fm^4 / MeV
q20_from_e0,gamma_2,11.0700177139,-24.0557902062,15.8855354596,5.05652298413,nan,nan,fm^4 / MeV
q20_from_e0,gamma_2,11.1474304252,-24.6481573071,15.7893239344,5.02589790447,nan,nan,fm^4 / MeV
q20_from_e0,gamma_2,11.2248431365,-25.2724391734,15.745623419,5.0119875984,nan,nan,fm^4 / MeV
q20_from_e0,gamma_2,11.3022558478,-25.9227306311,15.7562745375,5.01537795472,nan,nan,fm^4 / MeV
q20_from_e0,gamma_2,11.3796685591,-26.5934683666,15.8225601493,5.03647732025,nan,nan,fm^4 / MeV
q20_from_e0,gamma_2,11.4570812704,-27.2793101253,15.9454060578,5.0755803874,nan,nan,fm^4 / MeV
q20_from_e0,gamma_2,11.5344939816,-27.9749559173,16.1254669844,5.13289556045,nan,nan,fm^4 / MeV
q20_from_e0,gamma_2,11.6119066929,-28.6749674182,16.3630962911,5.20853531803,nan,nan,fm^4 / MeV
q20_from_e0,gamma_2,11.6893194042,-29.3736253367,16.658219548,5.30247596836,nan,nan,fm^4 / MeV
q20_from_e0,gamma_2,11.7667321155,-30.0648438746,17.0101331748,5.41449355484,nan,nan,fm^4 / MeV
q20_from_e0,gamma_2,11.8441448268,-30.7421555878,17.4172351397,5.54407813496,nan,nan,fm^4 / MeV
q20_from_e0,gamma_2,11.9215575381,-31.3987977321,17.8766852073,5.69032563369,nan,nan,fm^4 / MeV
q20_from_e0,gamma_2,11.9989702494,-32.0279611106,18.3840099034,5.85181209994,nan,nan,fm^4 / MeV
q20_from_e0,gamma_2,12.0763829606,-32.6232759749,18.9327195925,6.02647181865,nan,nan,fm^4 / MeV
q20_from_e0,gamma_2,12.1537956719,-33.1795771296,19.5140734327,6.21152249334,nan,nan,fm^4 / MeV
q20_from_e0,gamma_2,12.2312083832,-33.693902357,20.1171727805,6.4034949781,nan,nan,fm^4 / MeV
q20_from_e0,gamma_2,12.3086210945,-34.16655761,20.7295434512,6.59841861661,nan,nan,fm^4 / MeV
q20_from_e0,gamma_2,12.3860338058,-34.6019800567,21.3382640424,6.7921803987,nan,nan,fm^4 / MeV
q20_from_e0,gamma_2,12.4634465171,-35.0091024805,21.9315330177,6.9810237787,nan,nan,fm^4 / MeV
q20_from_e0,gamma_2,12.5408592284,-35.4010021994,22.5003994728,7.16209959529,nan,nan,fm^4 / MeV
q20_from_e0,gamma_2,12.6182719396,-35.7937920236,23.0402821409,7.33394958592,nan,nan,fm^4 / MeV
q20_from_e0,gamma_2,12.6956846509,-36.2049224631,23.5519181638,7.49680839013,nan,nan,fm^4 / MeV
q20_from_e0,gamma_2,12.7730973622,-36.6512343956,24.0415207483,7.65265373307,nan,nan,fm^4 / MeV
q20_from_e0,gamma_2,12.8505100735,-37.1471644238,24.5201353665,7.80500149771,nan,nan,fm^4 / MeV
q20_from_e0,gamma_2,12.9279227848,-37.70343972,25.0023894469,7.95850773918,nan,nan,fm^4 / MeV
q20_from_e0,gamma_2,13.0053354961,-38.3264367458,25.5049571014,8.11847999208,nan,nan,fm^4 / MeV
q20_from_e0,gamma_2,13.0827482074,-39.0181870107,26.04507203,8.29040391351,nan,nan,fm^4 / MeV
q20_from_e0,gamma_2,13.1601609186,-39.7768648412,26.6393322908,8.4795628295,nan,nan,fm^4 / MeV
q20_from_e0,gamma_2,13.2375736299,-40.5975302145,27.3029024939,8.69078378531,nan,nan,fm^4 / MeV
q20_from_e0,gamma_2,13.3149863412,-41.4729234588,28.0490937849,8.92830385022,nan,nan,fm^4 / MeV
q20_from_e0,gamma_2,13.3923990525,-42.3941818723,28.8892305003,9.1957276725,nan,nan,fm^4 / MeV
q20_from_e0,gamma_2,13.4698117638,-43.3514244973,29.8326995538,9.49604319952,nan,nan,fm^4 / MeV
q20_from_e0,gamma_2,13.5472244751,-44.3341997848,30.8871002505,9.83166936528,nan,nan,fm^4 / MeV
q20_from_e0,gamma_2,13.6246371864,-45.3318096418,32.0584368947,10.2045173992,nan,nan,fm^4 / MeV
q20_from_e0,gamma_2,13.7020498977,-46.3335315372,33.3513080572,10.6160510718,nan,nan,fm^4 / MeV
q20_from_e0,gamma_2,13.7794626089,-47.3287777794,34.7690524432,11.0673331259,nan,nan,fm^4 / MeV
q20_from_e0,gamma_2,13.8568753202,-48.3072589336,36.3138335921,11.5590522376,nan,nan,fm^4 / MeV
q20_from_e0,gamma_2,13.9342880315,-49.2592345724,37.9866982186,12.0915415864,nan,nan,fm^4 / MeV
q20_from_e0,gamma_2,14.0117007428,-50.1759081155,39.7877144065,12.6648228442,nan,nan,fm^4 / MeV
q20_from_e0,gamma_2,14.0891134541,-51.0499378778,41.7163479618,13.2787259717,nan,nan,fm^4 / MeV
q20_from_e0,gamma_2,14.1665261654,-51.8759123933,43.7722219706,13.9331309935,nan,nan,fm^4 / MeV
q20_from_e0,gamma_2,14.2439388767,-52.6505272759,45.9563010055,14.6283449425,nan,nan,fm^4 / MeV
q20_from_e0,gamma_2,14.3213515879,-53.3721673402,48.2723654239,15.3655711439,nan,nan,fm^4 / MeV
q20_from_e0,gamma_2,14.3987642992,-54.0396830903,50.7284539926,16.1473684167,nan,nan,fm^4 / MeV
q20_from_e0,gamma_2,14.4761770105,-54.6503478581,53.3378348498,16.9779601403,nan,nan,fm^4 / MeV
q20_from_e0,gamma_2,14.5535897218,-55.1972315301,56.1190773305,17.8632571178,nan,nan,fm^4 / MeV
q20_from_e0,gamma_2,14.6310024331,-55.666440799,59.0949526869,18.8105076638,nan,nan,fm^4 / MeV
q20_from_e0,gamma_2,14.7084151444,-56.0347759255,62.2901451397,19.8275690098,nan,nan,fm^4 / MeV
q20_from_e0,gamma_2,14.7858278557,-56.2683057782,65.7280234592,20.9218796664,nan,nan,fm^4 / MeV
q20_from_e0,gamma_2,14.8632405669,-56.3221880732,69.4269241778,22.0992763331,nan,nan,fm^4 / MeV
q20_from_e0,gamma_2,14.9406532782,-56.1418227378,73.3964806673,23.3628254075,nan,nan,fm^4 / MeV
q20_from_e0,gamma_2,15.0180659895,-55.6651944613,77.6344948269,24.7118272123,nan,nan,fm^4 / MeV
q20_from_e0,gamma_2,15.0954787008,-54.8260860373,82.1247230552,26.1411112486,nan,nan,fm^4 / MeV
q20_from_e0,gamma_2,15.1728914121,-53.5577449841,86.8357784862,27.6406867666,nan,nan,fm^4 / MeV
q20_from_e0,gamma_2,15.2503041234,-51.7965583622,91.721167938,29.195754527,nan,nan,fm^4 / MeV
q20_from_e0,gamma_2,15.3277168347,-49.4853302356,96.7202994759,30.7870275178,nan,nan,fm^4 / MeV
q20_from_e0,gamma_2,15.4051295459,-46.5758705992,101.7601295,32.3912552392,nan,nan,fm^4 / MeV
q20_from_e0,gamma_2,15.4825422572,-43.0308050668,106.757001606,33.9818090304,nan,nan,fm^4 / MeV
q20_from_e0,gamma_2,15.5599549685,-38.8247885287,111.618223074,35.5291838828,nan,nan,fm^4 / MeV
q20_from_e0,gamma_2,15.6373676798,-33.9455894742,116.243090123,37.0013247866,nan,nan,fm^4 / MeV
q20_from_e0,gamma_2,15.7147803911,-28.3956875755,120.523426998,38.3637983302,nan,nan,fm^4 / MeV
q20_from_e0,gamma_2,15.7921931024,-22.1949625644,124.344176027,39.5799805188,nan,nan,fm^4 / MeV
q20_from_e0,gamma_2,15.8696058137,-15.3846675397,127.584999372,40.6115666289,nan,nan,fm^4 / MeV
q20_from_e0,gamma_2,15.947018525,-8.03221602952,130.124011552,41.4197593068,nan,nan,fm^4 / MeV
q20_from_e0,gamma_2,16.0244312362,-0.235558760322,131.844479066,41.9674011255,nan,nan,fm^4 / MeV
q20_from_e0,gamma_2,16.1018439475,7.87462206274,132.644565086,42.2220764155,nan,nan,fm^4 / MeV
q20_from_e0,gamma_2,16.1792566588,16.1367235929,132.449127263,42.1598666242,nan,nan,fm^4 / MeV
q20_from_e0,gamma_2,16.2566693701,24.3652565631,131.221533703,41.7691114579,nan,nan,fm^4 / MeV
q20_from_e0,gamma_2,16.3340820814,32.363138058,128.972847948,41.0533325512,nan,nan,fm^4 / MeV
q20_from_e0,gamma_2,16.4114947927,39.9378350607,125.765854442,40.0325148131,nan,nan,fm^4 / MeV
q20_from_e0,gamma_2,16.488907504,46.9187139834,121.712321146,38.7422350913,nan,nan,fm^4 / MeV
q20_from_e0,gamma_2,16.5663202152,53.1723623647,116.963403301,37.2306075924,nan,nan,fm^4 / MeV
q20_from_e0,gamma_2,16.6437329265,58.6129498418,111.694729685,35.5535366934,nan,nan,fm^4 / MeV
q20_from_e0,gamma_2,16.7211456378,63.2058229616,106.088960082,33.769164809,nan,nan,fm^4 / MeV
q20_from_e0,gamma_2,16.7985583491,66.9641286326,100.319067898,31.9325510846,nan,nan,fm^4 / MeV
q20_from_e0,gamma_2,16.8759710604,69.939822465,94.5351693148,30.0914789849,nan,nan,fm^4 / MeV
q20_from_e0,gamma_2,16.9533837717,72.2114664127,88.8565866056,28.2839299691,nan,nan,fm^4 / MeV
q20_from_e0,gamma_2,17.030796483,73.8714921839,83.3694186433,26.5373101595,nan,nan,fm^4 / MeV
q20_from_e0,gamma_2,17.1082091942,75.0151329849,78.1286663278,24.8691268865,nan,nan,fm^4 / MeV
q20_from_e0,gamma_2,17.1856219055,75.7322880422,73.1632640786,23.2885902617,nan,nan,fm^4 / MeV
q20_from_e0,gamma_2,17.2630346168,76.102576606,68.4822978216,21.7985924252,nan,nan,fm^4 / MeV
q20_from_e0,gamma_2,17.3404473281,76.1930994288,64.0810998547,20.3976476013,nan,nan,fm^4 / MeV
q20_from_e0,gamma_2,17.4178600394,76.0581152745,59.9465140086,19.0815680512,nan,nan,fm^4 / MeV
q20_from_e0,gamma_2,17.4952727507,75.7399085403,56.0611361685,17.8448138731,nan,nan,fm^4 / MeV
q20_from_e0,gamma_2,17.572685462,75.2703800413,52.4065945671,16.6815371519,nan,nan,fm^4 / MeV
q20_from_e0,gamma_2,17.6500981732,74.673121823,48.9659479048,15.5863453045,nan,nan,fm^4 / MeV
q20_from_e0,gamma_2,17.7275108845,73.9658096329,45.725178925,14.5547764994,nan,nan,fm^4 / MeV
q20_from_e0,gamma_2,17.8049235958,73.1626679675,42.673706772,13.5834627457,nan,nan,fm^4 / MeV
q20_from_e0,gamma_2,17.8823363071,72.2766417788,39.8039268271,12.669983418,nan,nan,fm^4 / MeV
q20_from_e0,gamma_2,17.9597490184,71.3208797456,37.1099928706,11.8124776069,nan,nan,fm^4 / MeV
q20_from_e0,gamma_2,18.0371617297,70.309270396,34.5862737054,11.0091528467,nan,nan,fm^4 / MeV
q20_from_e0,gamma_2,18.114574441,69.2560455498,32.226014859,10.2578591219,nan,nan,fm^4 / MeV
q20_from_e0,gamma_2,18.1919871523,68.1747616685,30.0206424783,9.55586729042,nan,nan,fm^4 / MeV
q20_from_e0,gamma_2,18.2693998635,67.0771537529,27.9598862345,8.899908205,nan,nan,fm^4 / MeV
q20_from_e0,gamma_2,18.3468125748,65.9723448961,26.0325809737,8.28642788681,nan,nan,fm^4 / MeV
q20_from_e0,gamma_2,18.4242252861,64.8666977303,24.2277697505,7.71193863177,nan,nan,fm^4 / MeV
q20_from_e0,gamma_2,18.5016379974,63.7643073877,22.5356682241,7.1733259875,nan,nan,fm^4 / MeV
q20_from_e0,gamma_2,18.5790507087,62.6678888347,20.9481708061,6.66800986504,nan,nan,fm^4 / MeV
q20_from_e0,gamma_2,18.65646342,61.5797034788,19.4588077932,6.19393089394,nan,nan,fm^4 / MeV
q20_from_e0,gamma_2,18.7338761313,60.5022251277,18.0622857594,5.7494041243,nan,nan,fm^4 / MeV
q20_from_e0,gamma_2,18.8112888425,59.4384105909,16.7538656742,5.33292107588,nan,nan,fm^4 / MeV
q20_from_e0,gamma_2,18.8887015538,58.3916206691,15.5288215343,4.94297741515,nan,nan,fm^4 / MeV
q20_from_e0,gamma_2,18.9661142651,57.3653484358,14.3821123749,4.57796855314,nan,nan,fm^4 / MeV
q20_from_e0,gamma_2,19.0435269764,56.362919147,13.3082681308,4.23615331402,nan,nan,fm^4 / MeV
q20_from_e0,gamma_2,19.1209396877,55.387254242,12.3014059531,3.91565912883,nan,nan,fm^4 / MeV
q20_from_e0,gamma_2,19.198352399,54.4407010664,11.3552887166,3.61450065898,nan,nan,fm^4 / MeV
q20_from_e0,gamma_2,19.2757651103,53.5248781059,10.4633924258,3.33060125216,nan,nan,fm^4 / MeV
q20_from_e0,gamma_2,19.3531778215,52.6404968031,9.61901411039,3.06182728668,nan,nan,fm^4 / MeV
q20_from_e0,gamma_2,19.4305905328,51.7871774753,8.81547887474,2.80605407727,nan,nan,fm^4 / MeV
q20_from_e0,gamma_2,19.5080032441,50.963334521,8.04647568122,2.56127275827,nan,nan,fm^4 / MeV
q20_from_e0,gamma_2,19.5854159554,50.166223795,7.30648446127,2.32572623727,nan,nan,fm^4 / MeV
q20_from_e0,gamma_2,19.6628286667,49.3922079341,6.59119273386,2.09804180893,nan,nan,fm^4 / MeV
q20_from_e0,gamma_2,19.740241378,48.6372211244,5.89777556649,1.87732026931,nan,nan,fm^4 / MeV
q20_from_e0,gamma_2,19.8176540893,47.8973405256,5.22494228372,1.66315078365,nan,nan,fm^4 / MeV
q20_from_e0,gamma_2,19.8950668005,47.1693319501,4.57272191695,1.45554259294,nan,nan,fm^4 / MeV
q20_from_e0,gamma_2,19.9724795118,46.4510465605,3.9420347052,1.25478861834,nan,nan,fm^4 / MeV
q20_from_e0,gamma_2,20.0498922231,45.7415927804,3.33414849378,1.06129242757,nan,nan,fm^4 / MeV
q20_from_e0,gamma_2,20.1273049344,45.0412680038,2.75013298896,0.875394518706,nan,nan,fm^4 / MeV
q20_from_e0,gamma_2,20.2047176457,44.3512841237,2.19040773677,0.697228437386,nan,nan,fm^4 / MeV
q20_from_e0,gamma_2,20.282130357,43.6733487788,1.65444872854,0.526627386478,nan,nan,fm^4 / MeV
q20_from_e0,gamma_2,20.3595430683,43.0091745597,1.14068890701,0.36309255616,nan,nan,fm^4 / MeV
q20_from_e0,gamma_2,20.4369557796,42.3599916736,0.646624066247,0.205826832931,nan,nan,fm^4 / MeV
q20_from_e0,gamma_2,20.5143684908,41.7261418165,0.169112469602,0.0538301709514,nan,nan,fm^4 / MeV
q20_from_e0,gamma_2,20.5917812021,41.1068287307,-0.295172555922,-0.09395634268,nan,nan,fm^4 / MeV
q20_from_e0,gamma_2,20.6691939134,40.500084518,-0.749211548844,-0.23848144284,nan,nan,fm^4 / MeV
q20_from_e0,gamma_2,20.7466066247,39.9029740223,-1.19513093331,-0.380421991357,nan,nan,fm^4 / MeV
q20_from_e0,gamma_2,20.824019336,39.3120076808,-1.63382470728,-0.520062556617,nan,nan,fm^4 / MeV
q20_from_e0,gamma_2,20.9014320473,38.7236830784,-2.06478674417,-0.65724203353,nan,nan,fm^4 / MeV
q20_from_e0,gamma_2,20.9788447586,38.1350472216,-2.48618430873,-0.791377044343,nan,nan,fm^4 / MeV
q20_from_e0,gamma_2,21.0562574698,37.5441766367,-2.89514756882,-0.921554093116,nan,nan,fm^4 / MeV
q20_from_e0,gamma_2,21.1336701811,36.9505056836,-3.2882109227,-1.04667004455,nan,nan,fm^4 / MeV
q20_from_e0,gamma_2,21.2110828924,36.354975717,-3.66183215339,-1.16559737597,nan,nan,fm^4 / MeV
q20_from_e0,gamma_2,21.2884956037,35.7600072115,-4.01292954391,-1.27735514639,nan,nan,fm^4 / MeV
q20_from_e0,gamma_2,21.365908315,35.1693033857,-4.33939595559,-1.38127263273,nan,nan,fm^4 / MeV
q20_from_e0,gamma_2,21.4433210263,34.5874853658,-4.6405524474,-1.47713372136,nan,nan,fm^4 / MeV
q20_from_e0,gamma_2,21.5207337376,34.019557055,-4.91748607471,-1.56528443275,nan,nan,fm^4 / MeV
q20_from_e0,gamma_2,21.5981464488,33.4702225435,-5.17319116868,-1.64667789211,nan,nan,fm^4 / MeV
q20_from_e0,gamma_2,21.6755591601,32.9431325143,-5.41242820188,-1.72282940492,nan,nan,fm^4 / MeV
q20_from_e0,gamma_2,21.7529718714,32.4401972418,-5.64125279693,-1.79566653572,nan,nan,fm^4 / MeV
q20_from_e0,gamma_2,21.8303845827,31.961135929,-5.86625107534,-1.86728571212,nan,nan,fm^4 / MeV
q20_from_e0,gamma_2,21.907797294,31.5034040212,-6.09361903172,-1.93965918043,nan,nan,fm^4 / MeV
q20_from_e0,gamma_2,21.9852100053,31.0625465922,-6.32829679542,-2.01435943269,nan,nan,fm^4 / MeV
q20_from_e0,gamma_2,22.0626227166,30.632896403,-6.57337178067,-2.09236922335,nan,nan,fm^4 / MeV
q20_from_e0,gamma_2,22.1400354278,30.2084235067,-6.82988482282,-2.1740198606,nan,nan,fm^4 / MeV
q20_from_e0,gamma_2,22.2174481391,29.7835016866,-7.09703745899,-2.25905718581,nan,nan,fm^4 / MeV
q20_from_e0,gamma_2,22.2948608504,29.3534086787,-7.37266399866,-2.34679183829,nan,nan,fm^4 / MeV
q20_from_e0,gamma_2,22.3722735617,28.9145012025,-7.65375982039,-2.43626741731,nan,nan,fm^4 / MeV
q20_from_e0,gamma_2,22.449686273,28.4641450473,-7.93688065312,-2.52638757735,nan,nan,fm^4 / MeV
q20_from_e0,gamma_2,22.5270989843,28.0005685325,-8.21833354381,-2.61597681495,nan,nan,fm^4 / MeV
q20_from_e0,gamma_2,22.6045116956,27.5228027524,-8.49421448833,-2.703792447,nan,nan,fm^4 / MeV
q20_from_e0,gamma_2,22.6819244068,27.0307789257,-8.76044121909,-2.78853504737,nan,nan,fm^4 / MeV
q20_from_e0,gamma_2,22.7593371181,26.5255218782,-9.01293363804,-2.86890588051,nan,nan,fm^4 / MeV
q20_from_e0,gamma_2,22.8367498294,26.009279514,-9.2480058696,-2.94373169578,nan,nan,fm^4 / MeV
q20_from_e0,gamma_2,22.9141625407,25.4854157867,-9.4628978824,-3.01213394792,nan,nan,fm^4 / MeV
q20_from_e0,gamma_2,22.991575252,24.9579801141,-9.65626158249,-3.07368352528,nan,nan,fm^4 / MeV
q20_from_e0,gamma_2,23.0689879633,24.4310105269,-9.82838651205,-3.12847259202,nan,nan,fm^4 / MeV
q20_from_e0,gamma_2,23.1464006746,23.9077619118,-9.98102343966,-3.17705843508,nan,nan,fm^4 / MeV
q20_from_e0,gamma_2,23.2238133859,23.390109506,-10.1168095459,-3.22028049509,nan,nan,fm^4 / MeV
q20_from_e0,gamma_2,23.3012260971,22.8783324119,-10.2384513735,-3.25900029139,nan,nan,fm^4 / MeV
q20_from_e0,gamma_2,23.3786388084,22.3713524879,-10.3479138968,-3.29384329474,nan,nan,fm^4 / MeV
q20_from_e0,gamma_2,23.4560515197,21.8673481191,-10.4458586984,-3.32502009339,nan,nan,fm^4 / MeV
q20_from_e0,gamma_2,23.533464231,21.3645456908,-10.5314798085,-3.35227413918,nan,nan,fm^4 / MeV
q20_from_e0,gamma_2,23.6108769423,20.8619565479,-10.6027488272,-3.37495977241,nan,nan,fm^4 / MeV
q20_from_e0,gamma_2,23.6882896536,20.3598758804,-10.6569606113,-3.39221591925,nan,nan,fm^4 / MeV
q20_from_e0,gamma_2,23.7657023649,19.86005823,-10.6914097002,-3.40318140482,nan,nan,fm^4 / MeV
q20_from_e0,gamma_2,23.8431150761,19.3655834801,-10.704034571,-3.407200026,nan,nan,fm^4 / MeV
q20_from_e0,gamma_2,23.9205277874,18.8804898429,-10.6939186323,-3.4039800227,nan,nan,fm^4 / MeV
q20_from_e0,gamma_2,23.9979404987,18.4092665293,-10.6615966209,-3.39369160693,nan,nan,fm^4 / MeV
q20_from_e0,gamma_2,24.07535321,17.9562848728,-10.6091544072,-3.37699873188,nan,nan,fm^4 / MeV
q20_from_e0,gamma_2,24.1527659213,17.5252298377,-10.5401233837,-3.35502547464,nan,nan,fm^4 / MeV
q20_from_e0,gamma_2,24.2301786326,17.1185925225,-10.4591728967,-3.32925813433,nan,nan,fm^4 / MeV
q20_from_e0,gamma_2,24.3075913439,16.7372966932,-10.371617452,-3.30138837068,nan,nan,fm^4 / MeV
q20_from_e0,gamma_2,24.3850040551,16.3805394452,-10.2827905963,-3.27311390434,nan,nan,fm^4 / MeV
q20_from_e0,gamma_2,24.4624167664,16.0459059166,-10.1973850334,-3.24592846936,nan,nan,fm^4 / MeV
q20_from_e0,gamma_2,24.5398294777,15.7297626173,-10.118893302,-3.22094377526,nan,nan,fm^4 / MeV
q20_from_e0,gamma_2,24.617242189,15.4278576155,-10.0492792426,-3.19878493193,nan,nan,fm^4 / MeV
q20_from_e0,gamma_2,24.6946549003,15.1359894654,-9.98895780062,-3.17958402061,nan,nan,fm^4 / MeV
q20_from_e0,gamma_2,24.7720676116,14.8505818669,-9.93707405058,-3.16306891004,nan,nan,fm^4 / MeV
q20_from_e0,gamma_2,24.8494803229,14.5690322018,-9.89198496756,-3.14871660915,nan,nan,fm^4 / MeV
q20_from_e0,gamma_2,24.9268930341,14.2897783433,-9.85179493005,-3.13592372289,nan,nan,fm^4 / MeV
q20_from_e0,gamma_2,25.0043057454,14.0121180257,-9.8147981028,-3.12414726702,nan,nan,fm^4 / MeV
q20_from_e0,gamma_2,25.0817184567,13.7358824685,-9.77973255017,-3.11298555495,nan,nan,fm^4 / MeV
q20_from_e0,gamma_2,25.159131168,13.461087801,-9.74582585869,-3.10219271985,nan,nan,fm^4 / MeV
q20_from_e0,gamma_2,25.2365438793,13.1876638685,-9.71267732426,-3.09164121363,nan,nan,fm^4 / MeV
q20_from_e0,gamma_2,25.3139565906,12.9153100505,-9.6800545871,-3.08125707387,nan,nan,fm^4 / MeV
q20_from_e0,gamma_2,25.3913693019,12.6434786974,-9.64767977776,-3.07095185199,nan,nan,fm^4 / MeV
q20_from_e0,gamma_2,25.4687820132,12.371457716,-9.61505597733,-3.0605673738,nan,nan,fm^4 / MeV
q20_from_e0,gamma_2,25.5461947244,12.098517486,-9.58135923974,-3.04984136909,nan,nan,fm^4 / MeV
q20_from_e0,gamma_2,25.6236074357,11.8240924893,-9.54540756896,-3.03839759686,nan,nan,fm^4 / MeV
q20_from_e0,gamma_2,25.701020147,11.5479703213,-9.50571527912,-3.02576314859,nan,nan,fm^4 / MeV
q20_from_e0,gamma_2,25.7784328583,11.2704536633,-9.46063781198,-3.01141454516,nan,nan,fm^4 / MeV
q20_from_e0,gamma_2,25.8558455696,10.9924506802,-9.40859707979,-2.99484946562,nan,nan,fm^4 / MeV
q20_from_e0,gamma_2,25.9332582809,10.7154503444,-9.34834975097,-2.97567214524,nan,nan,fm^4 / MeV
q20_from_e0,gamma_2,26.0106709922,10.441362271,-9.27923286064,-2.95367155574,nan,nan,fm^4 / MeV
q20_from_e0,gamma_2,26.0880837034,10.1722434882,-9.20131151719,-2.92886842178,nan,nan,fm^4 / MeV
q20_from_e0,gamma_2,26.1654964147,9.90997989763,-9.11537524021,-2.90151405523,nan,nan,fm^4 / MeV
q20_from_e0,gamma_2,26.242909126,9.65601419873,-9.02277942103,-2.87203989057,nan,nan,fm^4 / MeV
q20_from_e0,gamma_2,26.3203218373,9.4111982595,-8.92518607136,-2.84097496254,nan,nan,fm^4 / MeV
q20_from_e0,gamma_2,26.3977345486,9.17579838584,-8.82429525755,-2.80886041908,nan,nan,fm^4 / MeV
q20_from_e0,gamma_2,26.4751472599,8.94961847427,-8.72165497593,-2.77618900272,nan,nan,fm^4 / MeV
q20_from_e0,gamma_2,26.5525599712,8.73215988247,-8.61859240539,-2.74338316762,nan,nan,fm^4 / MeV
q20_from_e0,gamma_2,26.6299726824,8.52273205022,-8.51624511023,-2.71080501175,nan,nan,fm^4 / MeV
q20_from_e0,gamma_2,26.7073853937,8.32046759315,-8.41561989774,-2.67877501182,nan,nan,fm^4 / MeV
q20_from_e0,gamma_2,26.784798105,8.12425931184,-8.31759661817,-2.64757323285,nan,nan,fm^4 / MeV
q20_from_e0,gamma_2,26.8622108163,7.93269050792,-8.22283024977,-2.61740816091,nan,nan,fm^4 / MeV
q20_from_e0,gamma_2,26.9396235276,7.74404497867,-8.13156843603,-2.58835862337,nan,nan,fm^4 / MeV
q20_from_e0,gamma_2,27.0170362389,7.55645027219,-8.04345947638,-2.56031267045,nan,nan,fm^4 / MeV
q20_from_e0,gamma_2,27.0944489502,7.36814371444,-7.95744678299,-2.53293397981,nan,nan,fm^4 / MeV
q20_from_e0,gamma_2,27.1718616614,7.17778832703,-7.87181856618,-2.50567767186,nan,nan,fm^4 / MeV
q20_from_e0,gamma_2,27.2492743727,6.98473678734,-7.78441984742,-2.47785779564,nan,nan,fm^4 / MeV
q20_from_e0,gamma_2,27.326687084,6.7891597889,-7.69296912671,-2.44874812714,nan,nan,fm^4 / MeV
q20_from_e0,gamma_2,27.4040997953,6.59200957334,-7.59538583424,-2.41768640042,nan,nan,fm^4 / MeV
q20_from_e0,gamma_2,27.4815125066,6.39485118867,-7.49004237797,-2.38415453684,nan,nan,fm^4 / MeV
q20_from_e0,gamma_2,27.5589252179,6.19963273155,-7.37589784868,-2.34782120472,nan,nan,fm^4 / MeV
q20_from_e0,gamma_2,27.6363379292,6.00846579338,-7.2525233118,-2.30854986992,nan,nan,fm^4 / MeV
q20_from_e0,gamma_2,27.7137506405,5.82345507948,-7.12006289938,-2.26638641112,nan,nan,fm^4 / MeV
q20_from_e0,gamma_2,27.7911633517,5.6465750473,-6.97917595001,-2.2215407023,nan,nan,fm^4 / MeV
q20_from_e0,gamma_2,27.868576063,5.47956695514,-6.83097933487,-2.17436825461,nan,nan,fm^4 / MeV
q20_from_e0,gamma_2,27.9459887743,5.32383457044,-6.67697759656,-2.12534797881,nan,nan,fm^4 / MeV
q20_from_e0,gamma_2,28.0234014856,5.18034388735,-6.5189549087,-2.07504779503,nan,nan,fm^4 / MeV
q20_from_e0,gamma_2,28.1008141969,5.04955998134,-6.35881747647,-2.0240744672,nan,nan,fm^4 / MeV
q20_from_e0,gamma_2,28.1782269082,4.93146042522,-6.19840889992,-1.97301483145,nan,nan,fm^4 / MeV
q20_from_e0,gamma_2,28.2556396195,4.8256409216,-6.03935152469,-1.92238529645,nan,nan,fm^4 / MeV
q20_from_e0,gamma_2,28.3330523307,4.73148590248,-5.88297150144,-1.87260798905,nan,nan,fm^4 / MeV
q20_from_e0,gamma_2,28.410465042,4.6483393587,-5.73033619911,-1.82402266333,nan,nan,fm^4 / MeV
q20_from_e0,gamma_2,28.4878777533,4.57560289645,-5.5823820531,-1.77692739596,nan,nan,fm^4 / MeV
q20_from_e0,gamma_2,28.5652904646,4.51271760835,-5.44006527795,-1.73162655946,nan,nan,fm^4 / MeV
q20_from_e0,gamma_2,28.6427031759,4.45904124623,-5.30445293223,-1.68845980912,nan,nan,fm^4 / MeV
q20_from_e0,gamma_2,28.7201158872,4.41368479412,-5.17669789401,-1.64779411745,nan,nan,fm^4 / MeV
q20_from_e0,gamma_2,28.7975285985,4.37539515505,-5.05789674861,-1.60997853838,nan,nan,fm^4 / MeV
q20_from_e0,gamma_2,28.8749413097,4.34255081526,-4.94888662594,-1.57527953864,nan,nan,fm^4 / MeV
q20_from_e0,gamma_2,28.952354021,4.31328487285,-4.85006665684,-1.54382416552,nan,nan,fm^4 / MeV
q20_from_e0,gamma_2,29.0297667323,4.28569161023,-4.76131740371,-1.51557440086,nan,nan,fm^4 / MeV
q20_from_e0,gamma_2,29.1071794436,4.25803819696,-4.682044956,-1.49034119705,nan,nan,fm^4 / MeV
q20_from_e0,gamma_2,29.1845921549,4.22890816254,-4.61132054579,-1.46782891809,nan,nan,fm^4 / MeV
q20_from_e0,gamma_2,29.2620048662,4.1972425389,-4.54805024051,-1.44768935441,nan,nan,fm^4 / MeV
q20_from_e0,gamma_2,29.3394175775,4.16229497567,-4.49110914085,-1.42956443946,nan,nan,fm^4 / MeV
q20_from_e0,gamma_2,29.4168302887,4.12355138869,-4.43940671273,-1.41310704545,nan,nan,fm^4 / MeV
q20_from_e0,gamma_2,29.494243,4.08066650565,-4.39189335787,-1.39798307488,nan,nan,fm^4 / MeV
q20_from_e0,gamma_2,29.5716557113,4.03344212127,-4.3475475611,-1.38386736935,nan,nan,fm^4 / MeV
q20_from_e0,gamma_2,29.6490684226,3.98183457094,-4.30538267189,-1.37044586827,nan,nan,fm^4 / MeV
q20_from_e0,gamma_2,29.7264811339,3.92595578049,-4.26448581301,-1.35742799377,nan,nan,fm^4 / MeV
q20_from_e0,gamma_2,29.8038938452,3.86603720822,-4.22406754845,-1.34456246058,nan,nan,fm^4 / MeV
q20_from_e0,gamma_2,29.8813065565,3.80235507711,-4.18348266411,-1.33164389067,nan,nan,fm^4 / MeV
q20_from_e0,gamma_2,29.9587192678,3.73514931301,-4.14219259448,-1.3185008533,nan,nan,fm^4 / MeV
q20_from_e0,cosine_6,0,-31.6964763679,0,0,nan,nan,fm^4 / MeV
q20_from_e0,cosine_6,0.0774127112862,-31.6984936753,0.00190020915328,0.000604855359305,nan,nan,fm^4 / MeV
q20_from_e0,cosine_6,0.154825422572,-31.7045959125,0.00355335340298,0.00113106751727,nan,nan,fm^4 / MeV
q20_from_e0,cosine_6,0.232238133859,-31.7149266026,0.00474835756311,0.00151144915547,nan,nan,fm^4 / MeV
q20_from_e0,cosine_6,0.309650845145,-31.7297014769,0.00534013520576,0.00169981782955,nan,nan,fm^4 / MeV
q20_from_e0,cosine_6,0.387063556431,-31.7491774873,0.00526862046219,0.00167705397967,nan,nan,fm^4 / MeV
q20_from_e0,cosine_6,0.464476267717,-31.7736171636,0.0045637412122,0.00145268394583,nan,nan,fm^4 / MeV
q20_from_e0,cosine_6,0.541888979003,-31.8032544739,0.00333571079675,0.00106178972405,nan,nan,fm^4 / MeV
q20_from_e0,cosine_6,0.619301690289,-31.8382680643,0.00175264816127,0.000557885236733,nan,nan,fm^4 / MeV
q20_from_e0,cosine_6,0.696714401576,-31.8787663569,9.83319708707e-06,3.13000384561e-06,nan,nan,fm^4 / MeV
q20_from_e0,cosine_6,0.774127112862,-31.9247866946,-0.00170362017905,-0.000542279145294,nan,nan,fm^4 / MeV
q20_from_e0,cosine_6,0.851539824148,-31.9763080132,-0.00323457998694,-0.00102959878749,nan,nan,fm^4 / MeV
q20_from_e0,cosine_6,0.928952535434,-32.0332739598,-0.00448704987647,-0.00142827233548,nan,nan,fm^4 / MeV
q20_from_e0,cosine_6,1.00636524672,-32.0956215727,-0.00543148076424,-0.00172889402388,nan,nan,fm^4 / MeV
q20_from_e0,cosine_6,1.08377795801,-32.1633099499,-0.00610157147333,-0.00194219052122,nan,nan,fm^4 / MeV
q20_from_e0,cosine_6,1.16119066929,-32.2363438687,-0.00658032147608,-0.0020945813801,nan,nan,fm^4 / MeV
q20_from_e0,cosine_6,1.23860338058,-32.3147888196,-0.00697889739631,-0.00222145203591,nan,nan,fm^4 / MeV
q20_from_e0,cosine_6,1.31601609186,-32.398775905,-0.00741271847358,-0.00235954157364,nan,nan,fm^4 / MeV
q20_from_e0,cosine_6,1.39342880315,-32.4884970073,-0.00797904357781,-0.00253980845311,nan,nan,fm^4 / MeV
q20_from_e0,cosine_6,1.47084151444,-32.5841921379,-0.00873950455792,-0.00278187070113,nan,nan,fm^4 / MeV
q20_from_e0,cosine_6,1.54825422572,-32.6861317937,-0.00970984214714,-0.00309073874872,nan,nan,fm^4 / MeV
q20_from_e0,cosine_6,1.62566693701,-32.7945975272,-0.0108578657418,-0.00345616600846,nan,nan,fm^4 / MeV
q20_from_e0,cosine_6,1.7030796483,-32.9098639463,-0.012109513606,-0.00385457789767,nan,nan,fm^4 / MeV
q20_from_e0,cosine_6,1.78049235958,-33.0321851126,-0.0133618187906,-0.00425319901843,nan,nan,fm^4 / MeV
q20_from_e0,cosine_6,1.85790507087,-33.1617877609,-0.0145005439108,-0.00461566648186,nan,nan,fm^4 / MeV
q20_from_e0,cosine_6,1.93531778215,-33.2988727884,-0.0154193165964,-0.00490812091083,nan,nan,fm^4 / MeV
q20_from_e0,cosine_6,2.01273049344,-33.4436249796,-0.0160365547538,-0.00510459391845,nan,nan,fm^4 / MeV
q20_from_e0,cosine_6,2.09014320473,-33.5962291252,-0.0163067007037,-0.00519058404504,nan,nan,fm^4 / MeV
q20_from_e0,cosine_6,2.16755591601,-33.7568890512,-0.0162235408669,-0.00516411344684,nan,nan,fm^4 / MeV
q20_from_e0,cosine_6,2.2449686273,-33.9258452913,-0.0158155387379,-0.0050342423356,nan,nan,fm^4 / MeV
q20_from_e0,cosine_6,2.32238133859,-34.1033877495,-0.01513551629,-0.0048177844676,nan,nan,fm^4 / MeV
q20_from_e0,cosine_6,2.39979404987,-34.2898617407,-0.014248706367,-0.00453550410194,nan,nan,fm^4 / MeV
q20_from_e0,cosine_6,2.47720676116,-34.4856685789,-0.0132232844753,-0.00420910217631,nan,nan,fm^4 / MeV
q20_from_e0,cosine_6,2.55461947244,-34.6912641725,-0.0121257102371,-0.00385973344545,nan,nan,fm^4 / MeV
q20_from_e0,cosine_6,2.63203218373,-34.9071596428,-0.0110202460323,-0.00350785326025,nan,nan,fm^4 / MeV
q20_from_e0,cosine_6,2.70944489502,-35.1339262809,-0.00996935693392,-0.00317334487096,nan,nan,fm^4 / MeV
q20_from_e0,cosine_6,2.7868576063,-35.3722038458,-0.00903096526095,-0.00287464552434,nan,nan,fm^4 / MeV
q20_from_e0,cosine_6,2.86427031759,-35.6227081007,-0.00825058331689,-0.00262624223655,nan,nan,fm^4 / MeV
q20_from_e0,cosine_6,2.94168302887,-35.8862326925,-0.00765050779136,-0.00243523226432,nan,nan,fm^4 / MeV
q20_from_e0,cosine_6,3.01909574016,-36.1636432894,-0.00722230837199,-0.00229893215587,nan,nan,fm^4 / MeV
q20_from_e0,cosine_6,3.09650845145,-36.4558676056,-0.00692992554102,-0.00220586381022,nan,nan,fm^4 / MeV
q20_from_e0,cosine_6,3.17392116273,-36.7638907425,-0.00672692005623,-0.00214124515747,nan,nan,fm^4 / MeV
q20_from_e0,cosine_6,3.25133387402,-37.0887672313,-0.00658340963506,-0.00209556437164,nan,nan,fm^4 / MeV
q20_from_e0,cosine_6,3.32874658531,-37.4316563807,-0.00650963414945,-0.00207208090521,nan,nan,fm^4 / MeV
q20_from_e0,cosine_6,3.40615929659,-37.7938763476,-0.00655940580461,-0.0020879237151,nan,nan,fm^4 / MeV
q20_from_e0,cosine_6,3.48357200788,-38.1769594365,-0.00680250516868,-0.00216530464601,nan,nan,fm^4 / MeV
q20_from_e0,cosine_6,3.56098471916,-38.5826842517,-0.00727077565727,-0.00231435977193,nan,nan,fm^4 / MeV
q20_from_e0,cosine_6,3.63839743045,-39.0130667862,-0.00790247944083,-0.00251543733138,nan,nan,fm^4 / MeV
q20_from_e0,cosine_6,3.71581014174,-39.4703143824,-0.00852245050521,-0.00271278025032,nan,nan,fm^4 / MeV
q20_from_e0,cosine_6,3.79322285302,-39.9567770307,-0.00889010878283,-0.00282980951482,nan,nan,fm^4 / MeV
q20_from_e0,cosine_6,3.87063556431,-40.4749544092,-0.00881808822401,-0.00280688465894,nan,nan,fm^4 / MeV
q20_from_e0,cosine_6,3.94804827559,-41.027616,-0.00831804978713,-0.00264771748101,nan,nan,fm^4 / MeV
q20_from_e0,cosine_6,4.02546098688,-41.6180537745,-0.00768812621666,-0.00244720658099,nan,nan,fm^4 / MeV
q20_from_e0,cosine_6,4.10287369817,-42.2504174158,-0.00744745542332,-0.00237059868816,nan,nan,fm^4 / MeV
q20_from_e0,cosine_6,4.18028640945,-42.9300083407,-0.00807143110011,-0.00256921631482,nan,nan,fm^4 / MeV
q20_from_e0,cosine_6,4.25769912074,-43.6633761505,-0.00958901051662,-0.00305227684616,nan,nan,fm^4 / MeV
q20_from_e0,cosine_6,4.33511183203,-44.4581161949,-0.0112387515729,-0.00357740573401,nan,nan,fm^4 / MeV
q20_from_e0,cosine_6,4.41252454331,-45.3224325823,-0.0114765902159,-0.00365311212539,nan,nan,fm^4 / MeV
q20_from_e0,cosine_6,4.4899372546,-46.2647818071,-0.00860173165274,-0.00273801622337,nan,nan,fm^4 / MeV
q20_from_e0,cosine_6,4.56734996588,-47.294162516,-0.00205012497696,-0.00065257504808,nan,nan,fm^4 / MeV
q20_from_e0,cosine_6,4.64476267717,-48.4217325021,0.0060112394492,0.0019134369449,nan,nan,fm^4 / MeV
q20_from_e0,cosine_6,4.72217538846,-49.6642712433,0.0096894959155,0.00308426234204,nan,nan,fm^4 / MeV
q20_from_e0,cosine_6,4.79958809974,-51.0494728632,0.000342415375229,0.000108994199117,nan,nan,fm^4 / MeV
q20_from_e0,cosine_6,4.87700081103,-52.6221722842,-0.0289351875262,-0.00921035624817,nan,nan,fm^4 / MeV
q20_from_e0,cosine_6,4.95441352232,-54.4495533384,-0.0741484178526,-0.0236021744474,nan,nan,fm^4 / MeV
q20_from_e0,cosine_6,5.0318262336,-56.6224863851,-0.106433279053,-0.0338787649416,nan,nan,fm^4 / MeV
q20_from_e0,cosine_6,5.10923894489,-59.2498001933,-0.0547856347815,-0.0174388091718,nan,nan,fm^4 / MeV
q20_from_e0,cosine_6,5.18665165617,-62.4428747077,0.211091485803,0.0671925068204,nan,nan,fm^4 / MeV
q20_from_e0,cosine_6,5.26406436746,-66.2896300911,0.892730833032,0.284165049855,nan,nan,fm^4 / MeV
q20_from_e0,cosine_6,5.34147707875,-70.8196586471,2.26374808555,0.720573395459,nan,nan,fm^4 / MeV
q20_from_e0,cosine_6,5.41888979003,-75.9654172857,4.65434202215,1.48152307933,nan,nan,fm^4 / MeV
q20_from_e0,cosine_6,5.49630250132,-81.5272843106,8.41653364747,2.67906586739,nan,nan,fm^4 / MeV
q20_from_e0,cosine_6,5.5737152126,-87.1519679246,13.8711015727,4.41530876285,nan,nan,fm^4 / MeV
q20_from_e0,cosine_6,5.65112792389,-92.3334360344,21.2419123011,6.76151068689,nan,nan,fm^4 / MeV
q20_from_e0,cosine_6,5.72854063518,-96.4428054127,30.5878837008,9.7364257794,nan,nan,fm^4 / MeV
q20_from_e0,cosine_6,5.80595334646,-98.7886591359,41.7459109963,13.2881361779,nan,nan,fm^4 / MeV
q20_from_e0,cosine_6,5.88336605775,-98.7028791949,54.2986325482,17.2837915464,nan,nan,fm^4 / MeV
q20_from_e0,cosine_6,5.96077876904,-95.6406371464,67.5783119125,21.5108447734,nan,nan,fm^4 / MeV
q20_from_e0,cosine_6,6.03819148032,-89.2782618091,80.7124908578,25.6915837786,nan,nan,fm^4 / MeV
q20_from_e0,cosine_6,6.11560419161,-79.5907115976,92.7093526153,29.5103034792,nan,nan,fm^4 / MeV
q20_from_e0,cosine_6,6.19301690289,-66.8921610809,102.57250068,32.6498410169,nan,nan,fm^4 / MeV
q20_from_e0,cosine_6,6.27042961418,-51.8287520337,109.427979258,34.8320076228,nan,nan,fm^4 / MeV
q20_from_e0,cosine_6,6.34784232547,-35.3209140074,112.642544801,35.8552356152,nan,nan,fm^4 / MeV
q20_from_e0,cosine_6,6.42525503675,-18.4621272962,111.912531576,35.6228651885,nan,nan,fm^4 / MeV
q20_from_e0,cosine_6,6.50266774804,-2.38951353448,107.307288722,34.1569708599,nan,nan,fm^4 / MeV
q20_from_e0,cosine_6,6.58008045932,11.8527334462,99.2592333055,31.5951952562,nan,nan,fm^4 / MeV
q20_from_e0,cosine_6,6.65749317061,23.4346228361,88.5023598378,28.171176087,nan,nan,fm^4 / MeV
q20_from_e0,cosine_6,6.7349058819,31.8269769189,75.9704412314,24.1821425017,nan,nan,fm^4 / MeV
q20_from_e0,cosine_6,6.81231859318,36.8408947133,62.6731159215,19.9494723958,nan,nan,fm^4 / MeV
q20_from_e0,cosine_6,6.88973130447,38.6167003488,49.5711442128,15.7789852724,nan,nan,fm^4 / MeV
q20_from_e0,cosine_6,6.96714401576,37.5682941036,37.4708322729,11.927336356,nan,nan,fm^4 / MeV
q20_from_e0,cosine_6,7.04455672704,34.2962885029,26.9524890599,8.57924372502,nan,nan,fm^4 / MeV
q20_from_e0,cosine_6,7.12196943833,29.4874920239,18.3401748993,5.83785898478,nan,nan,fm^4 / MeV
q20_from_e0,cosine_6,7.19938214961,23.8185947077,11.7117619885,3.72796962558,nan,nan,fm^4 / MeV
q20_from_e0,cosine_6,7.2767948609,17.8786527402,6.9412842423,2.20947939714,nan,nan,fm^4 / MeV
q20_from_e0,cosine_6,7.35420757219,12.1192843471,3.76107641546,1.19718780573,nan,nan,fm^4 / MeV
q20_from_e0,cosine_6,7.43162028347,6.83493245922,1.82991157633,0.582478945589,nan,nan,fm^4 / MeV
q20_from_e0,cosine_6,7.50903299476,2.16968139178,0.795041671786,0.253069624058,nan,nan,fm^4 / MeV
q20_from_e0,cosine_6,7.58644570605,-1.85688520835,0.339852900375,0.108178538038,nan,nan,fm^4 / MeV
q20_from_e0,cosine_6,7.66385841733,-5.31387747415,0.213520792131,0.0679657790411,nan,nan,fm^4 / MeV
q20_from_e0,cosine_6,7.74127112862,-8.32172346667,0.243340594438,0.0774577169196,nan,nan,fm^4 / MeV
q20_from_e0,cosine_6,7.8186838399,-11.0192763751,0.333386287195,0.106120151132,nan,nan,fm^4 / MeV
q20_from_e0,cosine_6,7.89609655119,-13.5384755772,0.454399035112,0.144639705149,nan,nan,fm^4 / MeV
q20_from_e0,cosine_6,7.97350926248,-15.9869424501,0.62944911734,0.200359876899,nan,nan,fm^4 / MeV
q20_from_e0,cosine_6,8.05092197376,-18.4371626236,0.918500419819,0.292367764092,nan,nan,fm^4 / MeV
q20_from_e0,cosine_6,8.12833468505,-20.9203871174,1.40327628653,0.44667671505,nan,nan,fm^4 / MeV
q20_from_e0,cosine_6,8.20574739633,-23.4238982663,2.17247085534,0.691518950702,nan,nan,fm^4 / MeV
q20_from_e0,cosine_6,8.28316010762,-25.8913461838,3.30680892666,1.05258997308,nan,nan,fm^4 / MeV
q20_from_e0,cosine_6,8.36057281891,-28.2268655129,4.86381265036,1.54819965116,nan,nan,fm^4 / MeV
q20_from_e0,cosine_6,8.43798553019,-30.3041179205,6.86312673082,2.18460108855,nan,nan,fm^4 / MeV
q20_from_e0,cosine_6,8.51539824148,-31.9810088268,9.27440107375,2.95213355021,nan,nan,fm^4 / MeV
q20_from_e0,cosine_6,8.59281095277,-33.1196516043,12.0104928349,3.8230586073,nan,nan,fm^4 / MeV
q20_from_e0,cosine_6,8.67022366405,-33.6095426982,14.928713795,4.75195718896,nan,nan,fm^4 / MeV
q20_from_e0,cosine_6,8.74763637534,-33.3903864973,17.8418530767,5.67923822215,nan,nan,fm^4 / MeV
q20_from_e0,cosine_6,8.82504908662,-32.470104269,20.5388945404,6.53773318351,nan,nan,fm^4 / MeV
q20_from_e0,cosine_6,8.90246179791,-30.9336661875,22.8131364814,7.26164687688,nan,nan,fm^4 / MeV
q20_from_e0,cosine_6,8.9798745092,-28.9396246017,24.4933784724,7.79648451381,nan,nan,fm^4 / MeV
q20_from_e0,cosine_6,9.05728722048,-26.7034165136,25.4725375094,8.10816051543,nan,nan,fm^4 / MeV
q20_from_e0,cosine_6,9.13469993177,-24.4691893383,25.7279093696,8.18944790319,nan,nan,fm^4 / MeV
q20_from_e0,cosine_6,9.21211264305,-22.4744712414,25.3284464142,8.06229489533,nan,nan,fm^4 / MeV
q20_from_e0,cosine_6,9.28952535434,-20.9138328974,24.4267062731,7.77526209363,nan,nan,fm^4 / MeV
q20_from_e0,cosine_6,9.36693806563,-19.9082980701,23.2360776148,7.39627322091,nan,nan,fm^4 / MeV
q20_from_e0,cosine_6,9.44435077691,-19.4864539158,21.9968699738,7.00182117776,nan,nan,fm^4 / MeV
q20_from_e0,cosine_6,9.5217634882,-19.5811135717,20.9371962822,6.66451656561,nan,nan,fm^4 / MeV
q20_from_e0,cosine_6,9.59917619949,-20.0424218215,20.2357430568,6.44123706926,nan,nan,fm^4 / MeV
q20_from_e0,cosine_6,9.67658891077,-20.6651028479,19.9932391023,6.36404566309,nan,nan,fm^4 / MeV
q20_from_e0,cosine_6,9.75400162206,-21.2248171696,20.2177517684,6.43551026429,nan,nan,fm^4 / MeV
q20_from_e0,cosine_6,9.83141433334,-21.5169073614,20.8262276654,6.62919415781,nan,nan,fm^4 / MeV
q20_from_e0,cosine_6,9.90882704463,-21.3905129177,21.6615458006,6.89508417835,nan,nan,fm^4 / MeV
q20_from_e0,cosine_6,9.98623975592,-20.7721513637,22.5214431221,7.16879799688,nan,nan,fm^4 / MeV
q20_from_e0,cosine_6,10.0636524672,-19.6751089825,23.1936085007,7.38275488204,nan,nan,fm^4 / MeV
q20_from_e0,cosine_6,10.1410651785,-18.193837067,23.4904132302,7.47723076171,nan,nan,fm^4 / MeV
q20_from_e0,cosine_6,10.2184778898,-16.485379495,23.2772544817,7.40938022473,nan,nan,fm^4 / MeV
q20_from_e0,cosine_6,10.2958906011,-14.742080422,22.4901346401,7.15883219756,nan,nan,fm^4 / MeV
q20_from_e0,cosine_6,10.3733033123,-13.1610285214,21.140452635,6.72921507212,nan,nan,fm^4 / MeV
q20_from_e0,cosine_6,10.4507160236,-11.9157338741,19.3074955218,6.14576670204,nan,nan,fm^4 / MeV
q20_from_e0,cosine_6,10.5281287349,-11.1345207862,17.1212616195,5.44986683744,nan,nan,fm^4 / MeV
q20_from_e0,cosine_6,10.6055414462,-10.8883843822,14.7396312706,4.69177035212,nan,nan,fm^4 / MeV
q20_from_e0,cosine_6,10.6829541575,-11.189044614,12.3243509789,3.92296275739,nan,nan,fm^4 / MeV
q20_from_e0,cosine_6,10.7603668688,-11.9960791893,10.0198602467,3.18942057469,nan,nan,fm^4 / MeV
q20_from_e0,cosine_6,10.8377795801,-13.2306631055,7.93789855242,2.52671158476,nan,nan,fm^4 / MeV
q20_from_e0,cosine_6,10.9151922914,-14.7927573931,6.14941190812,1.95741860457,nan,nan,fm^4 / MeV
q20_from_e0,cosine_6,10.9926050026,-16.5785679813,4.68386701189,1.49092117545,nan,nan,fm^4 / MeV
q20_from_e0,cosine_6,11.0700177139,-18.4955933887,3.53493259572,1.12520399221,nan,nan,fm^4 / MeV
q20_from_e0,cosine_6,11.1474304252,-20.4733815034,2.67073777978,0.85012223871,nan,nan,fm^4 / MeV
q20_from_e0,cosine_6,11.2248431365,-22.4690060638,2.04657892311,0.651446304083,nan,nan,fm^4 / MeV
q20_from_e0,cosine_6,11.3022558478,-24.4670940509,1.61794343879,0.515007391855,nan,nan,fm^4 / MeV
q20_from_e0,cosine_6,11.3796685591,-26.4749082875,1.35193894293,0.430335531051,nan,nan,fm^4 / MeV
q20_from_e0,cosine_6,11.4570812704,-28.5135086568,1.23556122187,0.393291351905,nan,nan,fm^4 / MeV
q20_from_e0,cosine_6,11.5344939816,-30.6064111008,1.27965300332,0.407326201843,nan,nan,fm^4 / MeV
q20_from_e0,cosine_6,11.6119066929,-32.7674615946,1.51789402885,0.483160675561,nan,nan,fm^4 / MeV
q20_from_e0,cosine_6,11.6893194042,-34.9898316423,2.00074270339,0.636856182198,nan,nan,fm^4 / MeV
q20_from_e0,cosine_6,11.7667321155,-37.2380670164,2.78492844218,0.886470255459,nan,nan,fm^4 / MeV
q20_from_e0,cosine_6,11.8441448268,-39.4449018742,3.91983106723,1.24772098087,nan,nan,fm^4 / MeV
q20_from_e0,cosine_6,11.9215575381,-41.5140201468,5.43277436345,1.72930578929,nan,nan,fm^4 / MeV
q20_from_e0,cosine_6,11.9989702494,-43.3290988024,7.31574903592,2.32867524297,nan,nan,fm^4 / MeV
q20_from_e0,cosine_6,12.0763829606,-44.7683879051,9.51619869129,3.02910012233,nan,nan,fm^4 / MeV
q20_from_e0,cosine_6,12.1537956719,-45.7229496169,11.934129102,3.79875127617,nan,nan,fm^4 / MeV
q20_from_e0,cosine_6,12.2312083832,-46.1157359997,14.4269123997,4.59222884394,nan,nan,fm^4 / MeV
q20_from_e0,cosine_6,12.3086210945,-45.9181826688,16.8218601701,5.35456439616,nan,nan,fm^4 / MeV
q20_from_e0,cosine_6,12.3860338058,-45.1611150037,18.9351638009,6.02724983434,nan,nan,fm^4 / MeV
q20_from_e0,cosine_6,12.4634465171,-43.937560025,20.5944589636,6.55541988871,nan,nan,fm^4 / MeV
q20_from_e0,cosine_6,12.5408592284,-42.3964227486,21.6613828509,6.89503230984,nan,nan,fm^4 / MeV
q20_from_e0,cosine_6,12.6182719396,-40.7276612589,22.0502989679,7.0188281548,nan,nan,fm^4 / MeV
q20_from_e0,cosine_6,12.6956846509,-39.1412216629,21.7399568278,6.9200431835,nan,nan,fm^4 / MeV
q20_from_e0,cosine_6,12.7730973622,-37.8432010283,20.7761391479,6.61325048749,nan,nan,fm^4 / MeV
q20_from_e0,cosine_6,12.8505100735,-37.0132038866,19.2650594012,6.13225886531,nan,nan,fm^4 / MeV
q20_from_e0,cosine_6,12.9279227848,-36.7865175453,17.3590254134,5.52554940362,nan,nan,fm^4 / MeV
q20_from_e0,cosine_6,13.0053354961,-37.2436262451,15.2372759352,4.8501755687,nan,nan,fm^4 / MeV
q20_from_e0,cosine_6,13.0827482074,-38.4079769285,13.0856037751,4.1652770483,nan,nan,fm^4 / MeV
q20_from_e0,cosine_6,13.1601609186,-40.2511907327,11.078244734,3.52631482039,nan,nan,fm^4 / MeV
q20_from_e0,cosine_6,13.2375736299,-42.7035050788,9.36459078873,2.98084182812,nan,nan,fm^4 / MeV
q20_from_e0,cosine_6,13.3149863412,-45.6664736927,8.06183453015,2.56616163173,nan,nan,fm^4 / MeV
q20_from_e0,cosine_6,13.3923990525,-49.0250187398,7.25306393981,2.30872195716,nan,nan,fm^4 / MeV
q20_from_e0,cosine_6,13.4698117638,-52.6567742703,6.98903359156,2.22467848706,nan,nan,fm^4 / MeV
q20_from_e0,cosine_6,13.5472244751,-56.4380251699,7.29119472691,2.32085936367,nan,nan,fm^4 / MeV
q20_from_e0,cosine_6,13.6246371864,-60.2470237776,8.15375184911,2.59541982306,nan,nan,fm^4 / MeV
q20_from_e0,cosine_6,13.7020498977,-63.9666068172,9.54347631165,3.03778285856,nan,nan,fm^4 / MeV
q20_from_e0,cosine_6,13.7794626089,-67.4884665841,11.3974690413,3.62792707333,nan,nan,fm^4 / MeV
q20_from_e0,cosine_6,13.8568753202,-70.7209677382,13.6205829562,4.33556621055,nan,nan,fm^4 / MeV
q20_from_e0,cosine_6,13.9342880315,-73.6011120153,16.0852982845,5.12010946617,nan,nan,fm^4 / MeV
q20_from_e0,cosine_6,14.0117007428,-76.1094589052,18.6370833153,5.93236786889,nan,nan,fm^4 / MeV
q20_from_e0,cosine_6,14.0891134541,-78.2850181197,21.107470746,6.71871661078,nan,nan,fm^4 / MeV
q20_from_e0,cosine_6,14.1665261654,-80.235906793,23.3353252339,7.42786471926,nan,nan,fm^4 / MeV
q20_from_e0,cosine_6,14.2439388767,-82.1413818711,25.1944553423,8.01964421247,nan,nan,fm^4 / MeV
q20_from_e0,cosine_6,14.3213515879,-84.2419431343,26.6234367785,8.47450313077,nan,nan,fm^4 / MeV
q20_from_e0,cosine_6,14.3987642992,-86.816441205,27.6519403718,8.80188599251,nan,nan,fm^4 / MeV
q20_from_e0,cosine_6,14.4761770105,-90.1480517077,28.4175601473,9.04559033609,nan,nan,fm^4 / MeV
q20_from_e0,cosine_6,14.5535897218,-94.4838615647,29.1683831676,9.28458472625,nan,nan,fm^4 / MeV
q20_from_e0,cosine_6,14.6310024331,-99.9948402844,30.2491906659,9.62861643801,nan,nan,fm^4 / MeV
q20_from_e0,cosine_6,14.7084151444,-106.743464288,32.0726604958,10.209044912,nan,nan,fm^4 / MeV
q20_from_e0,cosine_6,14.7858278557,-114.664912989,35.0803696724,11.1664284777,nan,nan,fm^4 / MeV
q20_from_e0,cosine_6,14.8632405669,-123.564751571,39.7007933885,12.6371550249,nan,nan,fm^4 / MeV
q20_from_e0,cosine_6,14.9406532782,-133.132061136,46.3120700019,14.7415897312,nan,nan,fm^4 / MeV
q20_from_e0,cosine_6,15.0180659895,-142.963146377,55.215707454,17.5757055552,nan,nan,fm^4 / MeV
q20_from_e0,cosine_6,15.0954787008,-152.588412011,66.6239184871,21.2070519108,nan,nan,fm^4 / MeV
q20_from_e0,cosine_6,15.1728914121,-161.494668044,80.6587783639,25.6744865607,nan,nan,fm^4 / MeV
q20_from_e0,cosine_6,15.2503041234,-169.137349336,97.3572136961,30.9897636108,nan,nan,fm^4 / MeV
q20_from_e0,cosine_6,15.3277168347,-174.94151235,116.673346847,37.1382797555,nan,nan,fm^4 / MeV
q20_from_e0,cosine_6,15.4051295459,-178.295865152,138.469988196,44.0763661824,nan,nan,fm^4 / MeV
q20_from_e0,cosine_6,15.4825422572,-178.548876509,162.494426202,51.7235823097,nan,nan,fm^4 / MeV
q20_from_e0,cosine_6,15.5599549685,-175.018525673,188.33953462,59.9503358287,nan,nan,fm^4 / MeV
q20_from_e0,cosine_6,15.6373676798,-167.026276322,215.398153651,68.5633617728,nan,nan,fm^4 / MeV
q20_from_e0,cosine_6,15.7147803911,-153.961048385,242.824716973,77.2935080223,nan,nan,fm^4 / MeV
q20_from_e0,cosine_6,15.7921931024,-135.371081868,269.521175334,85.7912546446,nan,nan,fm^4 / MeV
q20_from_e0,cosine_6,15.8696058137,-111.072415006,294.162962916,93.6349792454,nan,nan,fm^4 / MeV
q20_from_e0,cosine_6,15.947018525,-81.2546368361,315.274675578,100.3550461,nan,nan,fm^4 / MeV
q20_from_e0,cosine_6,16.0244312362,-46.5600317876,331.355181672,105.473630165,nan,nan,fm^4 / MeV
q20_from_e0,cosine_6,16.1018439475,-8.11295362284,341.040143483,108.556449256,nan,nan,fm^4 / MeV
q20_from_e0,cosine_6,16.1792566588,32.5172250137,343.279184208,109.269158055,nan,nan,fm^4 / MeV
q20_from_e0,cosine_6,16.2566693701,73.4248813092,337.498006377,107.428951997,nan,nan,fm^4 / MeV
q20_from_e0,cosine_6,16.3340820814,112.53997878,323.71473759,103.041601278,nan,nan,fm^4 / MeV
q20_from_e0,cosine_6,16.4114947927,147.840878792,302.585407598,96.3159266534,nan,nan,fm^4 / MeV
q20_from_e0,cosine_6,16.488907504,177.57624706,275.364912168,87.6513738512,nan,nan,fm^4 / MeV
q20_from_e0,cosine_6,16.5663202152,200.460461782,243.784810216,77.5991151932,nan,nan,fm^4 / MeV
q20_from_e0,cosine_6,16.6437329265,215.810346157,209.864628929,66.8019861485,nan,nan,fm^4 / MeV
q20_from_e0,cosine_6,16.7211456378,223.601000638,175.6856733,55.9224866721,nan,nan,fm^4 / MeV
q20_from_e0,cosine_6,16.7985583491,224.432894604,143.162983423,45.5701929592,nan,nan,fm^4 / MeV
q20_from_e0,cosine_6,16.8759710604,219.418097849,113.850702083,36.2398040219,nan,nan,fm^4 / MeV
q20_from_e0,cosine_6,16.9533837717,210.007263161,88.8089648281,28.2687714865,nan,nan,fm^4 / MeV
q20_from_e0,cosine_6,17.030796483,197.787949939,68.548259804,21.8195887763,nan,nan,fm^4 / MeV
q20_from_e0,cosine_6,17.1082091942,184.287528263,53.0527958478,16.887229408,nan,nan,fm^4 / MeV
q20_from_e0,cosine_6,17.1856219055,170.810127324,41.8708486617,13.3279050719,nan,nan,fm^4 / MeV
q20_from_e0,cosine_6,17.2630346168,158.328193652,34.2499897521,10.9021103398,nan,nan,fm^4 / MeV
q20_from_e0,cosine_6,17.3404473281,147.437487145,29.2902113583,9.32336384376,nan,nan,fm^4 / MeV
q20_from_e0,cosine_6,17.4178600394,138.372418486,26.0886363149,8.3042708561,nan,nan,fm^4 / MeV
q20_from_e0,cosine_6,17.4952727507,131.068902229,23.8549129597,7.59325462913,nan,nan,fm^4 / MeV
q20_from_e0,cosine_6,17.572685462,125.255976207,21.9848209524,6.99798585512,nan,nan,fm^4 / MeV
q20_from_e0,cosine_6,17.6500981732,120.555904899,20.0889473985,6.39451055997,nan,nan,fm^4 / MeV
q20_from_e0,cosine_6,17.7275108845,116.574922273,17.9815646494,5.72370979695,nan,nan,fm^4 / MeV
q20_from_e0,cosine_6,17.8049235958,112.972007574,15.6406311535,4.97856752231,nan,nan,fm^4 / MeV
q20_from_e0,cosine_6,17.8823363071,109.499588716,13.1524892268,4.18656734883,nan,nan,fm^4 / MeV
q20_from_e0,cosine_6,17.9597490184,106.016331114,10.6544588533,3.39141958494,nan,nan,fm^4 / MeV
q20_from_e0,cosine_6,18.0371617297,102.477045675,8.28582581276,2.6374602714,nan,nan,fm^4 / MeV
q20_from_e0,cosine_6,18.114574441,98.9076121354,6.15371411528,1.95878803964,nan,nan,fm^4 / MeV
q20_from_e0,cosine_6,18.1919871523,95.3735763897,4.31606742772,1.37384693168,nan,nan,fm^4 / MeV
q20_from_e0,cosine_6,18.2693998635,91.9500872285,2.78029830793,0.884996437956,nan,nan,fm^4 / MeV
q20_from_e0,cosine_6,18.3468125748,88.698688226,1.51363238261,0.481804151433,nan,nan,fm^4 / MeV
q20_from_e0,cosine_6,18.4242252861,85.6538428794,0.459965854291,0.146411678728,nan,nan,fm^4 / MeV
q20_from_e0,cosine_6,18.5016379974,82.8195349051,-0.441932772114,-0.140671570393,nan,nan,fm^4 / MeV
q20_from_e0,cosine_6,18.5790507087,80.1742720845,-1.24310508447,-0.395692637952,nan,nan,fm^4 / MeV
q20_from_e0,cosine_6,18.65646342,77.6815561671,-1.97470650453,-0.628568602702,nan,nan,fm^4 / MeV
q20_from_e0,cosine_6,18.7338761313,75.3024092337,-2.64500189152,-0.841930251047,nan,nan,fm^4 / MeV
q20_from_e0,cosine_6,18.8112888425,73.0067787131,-3.2425945741,-1.03214990982,nan,nan,fm^4 / MeV
q20_from_e0,cosine_6,18.8887015538,70.7814025358,-3.74426202954,-1.19183562047,nan,nan,fm^4 / MeV
q20_from_e0,cosine_6,18.9661142651,68.6327847076,-4.12508862082,-1.31305648939,nan,nan,fm^4 / MeV
q20_from_e0,cosine_6,19.0435269764,66.5850863173,-4.36842114284,-1.39051163678,nan,nan,fm^4 / MeV
q20_from_e0,cosine_6,19.1209396877,64.673776304,-4.47347919319,-1.42395265283,nan,nan,fm^4 / MeV
q20_from_e0,cosine_6,19.198352399,62.936652414,-4.45911930693,-1.41938175907,nan,nan,fm^4 / MeV
q20_from_e0,cosine_6,19.2757651103,61.4042371912,-4.36312690127,-1.38882642735,nan,nan,fm^4 / MeV
q20_from_e0,cosine_6,19.3531778215,60.0915460775,-4.23732327972,-1.34878189089,nan,nan,fm^4 / MeV
q20_from_e0,cosine_6,19.4305905328,58.9928521224,-4.13956516117,-1.3176645153,nan,nan,fm^4 / MeV
q20_from_e0,cosine_6,19.5080032441,58.0804291349,-4.12425424003,-1.31279089774,nan,nan,fm^4 / MeV
q20_from_e0,cosine_6,19.5854159554,57.3074748232,-4.23318947191,-1.347466059,nan,nan,fm^4 / MeV
q20_from_e0,cosine_6,19.6628286667,56.6146425025,-4.4884715015,-1.42872485278,nan,nan,fm^4 / MeV
q20_from_e0,cosine_6,19.740241378,55.9389760234,-4.88875141209,-1.55613790556,nan,nan,fm^4 / MeV
q20_from_e0,cosine_6,19.8176540893,55.223645302,-5.40949435935,-1.72189553384,nan,nan,fm^4 / MeV
q20_from_e0,cosine_6,19.8950668005,54.4267702176,-6.00721789875,-1.91215684563,nan,nan,fm^4 / MeV
q20_from_e0,cosine_6,19.9724795118,53.5278001737,-6.62698476195,-2.10943476532,nan,nan,fm^4 / MeV
q20_from_e0,cosine_6,20.0498922231,52.5303426083,-7.21188635516,-2.29561472488,nan,nan,fm^4 / MeV
q20_from_e0,cosine_6,20.1273049344,51.460930257,-7.71292479439,-2.45510021344,nan,nan,fm^4 / MeV
q20_from_e0,cosine_6,20.2047176457,50.3638881841,-8.0976312536,-2.57755608269,nan,nan,fm^4 / MeV
q20_from_e0,cosine_6,20.282130357,49.2931053134,-8.35595259056,-2.65978231806,nan,nan,fm^4 / MeV
q20_from_e0,cosine_6,20.3595430683,48.3020352093,-8.50236621466,-2.70638722208,nan,nan,fm^4 / MeV
q20_from_e0,cosine_6,20.4369557796,47.4335680707,-8.57378258166,-2.72911975773,nan,nan,fm^4 / MeV
q20_from_e0,cosine_6,20.5143684908,46.7114778608,-8.62347804089,-2.74493831371,nan,nan,fm^4 / MeV
q20_from_e0,cosine_6,20.5917812021,46.1349374329,-8.71196507214,-2.77310461055,nan,nan,fm^4 / MeV
q20_from_e0,cosine_6,20.6691939134,45.6771324397,-8.89624652238,-2.831763218,nan,nan,fm^4 / MeV
q20_from_e0,cosine_6,20.7466066247,45.2883542924,-9.21922200811,-2.9345695081,nan,nan,fm^4 / MeV
q20_from_e0,cosine_6,20.824019336,44.9032112208,-9.70105341881,-3.08794120961,nan,nan,fm^4 / MeV
q20_from_e0,cosine_6,20.9014320473,44.4508851406,-10.334030332,-3.28942401879,nan,nan,fm^4 / MeV
q20_from_e0,cosine_6,20.9788447586,43.8668052963,-11.0819344737,-3.52748930101,nan,nan,fm^4 / MeV
q20_from_e0,cosine_6,21.0562574698,43.1038138386,-11.8841661724,-3.78284758172,nan,nan,fm^4 / MeV
q20_from_e0,cosine_6,21.1336701811,42.140929344,-12.6640876605,-4.03110430184,nan,nan,fm^4 / MeV
q20_from_e0,cosine_6,21.2110828924,40.9881802352,-13.3403020857,-4.24635003855,nan,nan,fm^4 / MeV
q20_from_e0,cosine_6,21.2884956037,39.6866256264,-13.8390614647,-4.40511007971,nan,nan,fm^4 / MeV
q20_from_e0,cosine_6,21.365908315,38.3034936897,-14.1057852244,-4.49001088932,nan,nan,fm^4 / MeV
q20_from_e0,cosine_6,21.4433210263,36.9231973506,-14.1138186829,-4.49256801856,nan,nan,fm^4 / MeV
q20_from_e0,cosine_6,21.5207337376,35.6356770045,-13.8690421127,-4.41465321637,nan,nan,fm^4 / MeV
q20_from_e0,cosine_6,21.5981464488,34.5239395094,-13.4096621582,-4.26842803533,nan,nan,fm^4 / MeV
q20_from_e0,cosine_6,21.6755591601,33.6527372068,-12.8013356045,-4.07479167926,nan,nan,fm^4 / MeV
q20_from_e0,cosine_6,21.7529718714,33.0600582244,-12.1285304871,-3.86063115891,nan,nan,fm^4 / MeV
q20_from_e0,cosine_6,21.8303845827,32.7525505185,-11.4835797093,-3.65533695024,nan,nan,fm^4 / MeV
q20_from_e0,cosine_6,21.907797294,32.7053022994,-10.9551369296,-3.48712838918,nan,nan,fm^4 / MeV
q20_from_e0,cosine_6,21.9852100053,32.8656988624,-10.6176824595,-3.37971329523,nan,nan,fm^4 / MeV
q20_from_e0,cosine_6,22.0626227166,33.1605048499,-10.5233975875,-3.34970148834,nan,nan,fm^4 / MeV
q20_from_e0,cosine_6,22.1400354278,33.5049706546,-10.6972307917,-3.40503431579,nan,nan,fm^4 / MeV
q20_from_e0,cosine_6,22.2174481391,33.8126583233,-11.1354416787,-3.54452117336,nan,nan,fm^4 / MeV
q20_from_e0,cosine_6,22.2948608504,34.0047908659,-11.8074376477,-3.75842413378,nan,nan,fm^4 / MeV
q20_from_e0,cosine_6,22.3722735617,34.0181721966,-12.6603825463,-4.02992492736,nan,nan,fm^4 / MeV
q20_from_e0,cosine_6,22.449686273,33.8110139922,-13.6258708592,-4.33724940236,nan,nan,fm^4 / MeV
q20_from_e0,cosine_6,22.5270989843,33.3662703561,-14.6278933088,-4.65620305423,nan,nan,fm^4 / MeV
q20_from_e0,cosine_6,22.6045116956,32.6922906448,-15.591313453,-4.96286921069,nan,nan,fm^4 / MeV
q20_from_e0,cosine_6,22.6819244068,31.8207676983,-16.4500777306,-5.23622237013,nan,nan,fm^4 / MeV
q20_from_e0,cosine_6,22.7593371181,30.8021246465,-17.154370854,-5.4604058341,nan,nan,fm^4 / MeV
q20_from_e0,cosine_6,22.8367498294,29.6986926334,-17.6759230419,-5.62642105167,nan,nan,fm^4 / MeV
q20_from_e0,cosine_6,22.9141625407,28.5763026396,-18.0107278617,-5.73299273575,nan,nan,fm^4 / MeV
q20_from_e0,cosine_6,22.991575252,27.495220759,-18.1786024222,-5.786428868,nan,nan,fm^4 / MeV
q20_from_e0,cosine_6,23.0689879633,26.5016256189,-18.2193569946,-5.7994014513,nan,nan,fm^4 / MeV
q20_from_e0,cosine_6,23.1464006746,25.6209598629,-18.1858313329,-5.78872990175,nan,nan,fm^4 / MeV
q20_from_e0,cosine_6,23.2238133859,24.8543919253,-18.134630442,-5.77243215197,nan,nan,fm^4 / MeV
q20_from_e0,cosine_6,23.3012260971,24.1792506507,-18.1159306009,-5.76647980769,nan,nan,fm^4 / MeV
q20_from_e0,cosine_6,23.3786388084,23.5536661624,-18.1640811207,-5.78180659417,nan,nan,fm^4 / MeV
q20_from_e0,cosine_6,23.4560515197,22.9248675466,-18.2907720902,-5.82213358223,nan,nan,fm^4 / MeV
q20_from_e0,cosine_6,23.533464231,22.2398149919,-18.4822086604,-5.88306973511,nan,nan,fm^4 / MeV
q20_from_e0,cosine_6,23.6108769423,21.456267531,-18.7010538229,-5.95273031387,nan,nan,fm^4 / MeV
q20_from_e0,cosine_6,23.6882896536,20.5521666902,-18.8929938792,-6.01382673137,nan,nan,fm^4 / MeV
q20_from_e0,cosine_6,23.7657023649,19.5314365142,-18.9968344387,-6.04688020805,nan,nan,fm^4 / MeV
q20_from_e0,cosine_6,23.8431150761,18.4249439713,-18.9562659956,-6.03396687154,nan,nan,fm^4 / MeV
q20_from_e0,cosine_6,23.9205277874,17.2863079312,-18.7310337562,-5.96227322304,nan,nan,fm^4 / MeV
q20_from_e0,cosine_6,23.9979404987,16.1832881073,-18.3053143781,-5.82676253625,nan,nan,fm^4 / MeV
q20_from_e0,cosine_6,24.07535321,15.1863951027,-17.6916416444,-5.63142443823,nan,nan,fm^4 / MeV
q20_from_e0,cosine_6,24.1527659213,14.3569326955,-16.9296215096,-5.38886589587,nan,nan,fm^4 / MeV
q20_from_e0,cosine_6,24.2301786326,13.7367844998,-16.0797369646,-5.11833924307,nan,nan,fm^4 / MeV
q20_from_e0,cosine_6,24.3075913439,13.3418682867,-15.2135297598,-4.84261692629,nan,nan,fm^4 / MeV
q20_from_e0,cosine_6,24.3850040551,13.1603942521,-14.4021430722,-4.58434452213,nan,nan,fm^4 / MeV
q20_from_e0,cosine_6,24.4624167664,13.1560591276,-13.705470218,-4.36258666519,nan,nan,fm^4 / MeV
q20_from_e0,cosine_6,24.5398294777,13.2753116012,-13.163935291,-4.19021074422,nan,nan,fm^4 / MeV
q20_from_e0,cosine_6,24.617242189,13.4570523842,-12.794297336,-4.07255132881,nan,nan,fm^4 / MeV
q20_from_e0,cosine_6,24.6946549003,13.6427422026,-12.5899758788,-4.00751378903,nan,nan,fm^4 / MeV
q20_from_e0,cosine_6,24.7720676116,13.7849486091,-12.5254488606,-3.98697420121,nan,nan,fm^4 / MeV
q20_from_e0,cosine_6,24.8494803229,13.852830569,-12.563482314,-3.99908062543,nan,nan,fm^4 / MeV
q20_from_e0,cosine_6,24.9268930341,13.8338118747,-12.6634768168,-4.03090986424,nan,nan,fm^4 / MeV
q20_from_e0,cosine_6,25.0043057454,13.7315484821,-12.7891411628,-4.0709100679,nan,nan,fm^4 / MeV
q20_from_e0,cosine_6,25.0817184567,13.5610574283,-12.9140170593,-4.11065930034,nan,nan,fm^4 / MeV
q20_from_e0,cosine_6,25.159131168,13.3423858713,-13.0239825181,-4.145662393,nan,nan,fm^4 / MeV
q20_from_e0,cosine_6,25.2365438793,13.0943652255,-13.1166002326,-4.17514352714,nan,nan,fm^4 / MeV
q20_from_e0,cosine_6,25.3139565906,12.8298088428,-13.1978759962,-4.2010144062,nan,nan,fm^4 / MeV
q20_from_e0,cosine_6,25.3913693019,12.553044118,-13.2774988037,-4.22635913302,nan,nan,fm^4 / MeV
q20_from_e0,cosine_6,25.4687820132,12.2600514418,-13.3638523075,-4.25384630698,nan,nan,fm^4 / MeV
q20_from_e0,cosine_6,25.5461947244,11.9408669346,-13.4599945834,-4.28444934388,nan,nan,fm^4 / MeV
q20_from_e0,cosine_6,25.6236074357,11.5834330423,-13.5614512552,-4.31674400554,nan,nan,fm^4 / MeV
q20_from_e0,cosine_6,25.701020147,11.1778444446,-13.6561631141,-4.34689172655,nan,nan,fm^4 / MeV
q20_from_e0,cosine_6,25.7784328583,10.7199652531,-13.7264059527,-4.36925071652,nan,nan,fm^4 / MeV
q20_from_e0,cosine_6,25.8558455696,10.2136502225,-13.7520808928,-4.37742330379,nan,nan,fm^4 / MeV
q20_from_e0,cosine_6,25.9332582809,9.67120004681,-13.7145430654,-4.3654746422,nan,nan,fm^4 / MeV
q20_from_e0,cosine_6,26.0106709922,9.11210732623,-13.6001244123,-4.32905405375,nan,nan,fm^4 / MeV
q20_from_e0,cosine_6,26.0880837034,8.56050080548,-13.402684681,-4.26620703537,nan,nan,fm^4 / MeV
q20_from_e0,cosine_6,26.1654964147,8.04189923215,-13.1248218195,-4.17776053956,nan,nan,fm^4 / MeV
q20_from_e0,cosine_6,26.242909126,7.57991857305,-12.7776976936,-4.06726749855,nan,nan,fm^4 / MeV
q20_from_e0,cosine_6,26.3203218373,7.19346134395,-12.3797032531,-3.94058193349,nan,nan,fm^4 / MeV
q20_from_e0,cosine_6,26.3977345486,6.89471347517,-11.954344107,-3.80518591212,nan,nan,fm^4 / MeV
q20_from_e0,cosine_6,26.4751472599,6.68805495192,-11.5277586275,-3.66939953667,nan,nan,fm^4 / MeV
q20_from_e0,cosine_6,26.5525599712,6.56981830724,-11.1262106754,-3.54158285373,nan,nan,fm^4 / MeV
q20_from_e0,cosine_6,26.6299726824,6.52873955248,-10.7737778803,-3.42940001083,nan,nan,fm^4 / MeV
q20_from_e0,cosine_6,26.7073853937,6.54694049429,-10.4903400846,-3.33917895836,nan,nan,fm^4 / MeV
q20_from_e0,cosine_6,26.784798105,6.60133087254,-10.2899035103,-3.2753780152,nan,nan,fm^4 / MeV
q20_from_e0,cosine_6,26.8622108163,6.66537862914,-10.1792902618,-3.24016872465,nan,nan,fm^4 / MeV
q20_from_e0,cosine_6,26.9396235276,6.71122427316,-10.1572662294,-3.23315825743,nan,nan,fm^4 / MeV
q20_from_e0,cosine_6,27.0170362389,6.71208634372,-10.214237557,-3.25129279421,nan,nan,fm^4 / MeV
q20_from_e0,cosine_6,27.0944489502,6.64482201148,-10.3326736748,-3.28899218139,nan,nan,fm^4 / MeV
q20_from_e0,cosine_6,27.1718616614,6.49239844315,-10.488380318,-3.33855514528,nan,nan,fm^4 / MeV
q20_from_e0,cosine_6,27.2492743727,6.24594084504,-10.6526387189,-3.39084021816,nan,nan,fm^4 / MeV
q20_from_e0,cosine_6,27.326687084,5.90599607153,-10.7950651469,-3.43617595825,nan,nan,fm^4 / MeV
q20_from_e0,cosine_6,27.4040997953,5.48271412727,-10.8868695774,-3.46539821609,nan,nan,fm^4 / MeV
q20_from_e0,cosine_6,27.4815125066,4.99480455552,-10.9040558763,-3.47086878494,nan,nan,fm^4 / MeV
q20_from_e0,cosine_6,27.5589252179,4.4673420281,-10.8300552751,-3.44731366198,nan,nan,fm^4 / MeV
q20_from_e0,cosine_6,27.6363379292,3.92872462786,-10.6573460225,-3.39233859946,nan,nan,fm^4 / MeV
q20_from_e0,cosine_6,27.7137506405,3.40727047995,-10.3877808669,-3.30653334546,nan,nan,fm^4 / MeV
q20_from_e0,cosine_6,27.7911633517,2.9280235775,-10.0315861008,-3.19315302998,nan,nan,fm^4 / MeV
q20_from_e0,cosine_6,27.868576063,2.51030142075,-9.60525530975,-3.05744772441,nan,nan,fm^4 / MeV
q20_from_e0,cosine_6,27.9459887743,2.16636054056,-9.12877509416,-2.90577936122,nan,nan,fm^4 / MeV
q20_from_e0,cosine_6,28.0234014856,1.90131688559,-8.62273656497,-2.74470229459,nan,nan,fm^4 / MeV
q20_from_e0,cosine_6,28.1008141969,1.71419353358,-8.10587740554,-2.58018091438,nan,nan,fm^4 / MeV
q20_from_e0,cosine_6,28.1782269082,1.59974162897,-7.59346843512,-2.41707607332,nan,nan,fm^4 / MeV
q20_from_e0,cosine_6,28.2556396195,1.55054498872,-7.09673999098,-2.2589624988,nan,nan,fm^4 / MeV
q20_from_e0,cosine_6,28.3330523307,1.5589038699,-6.62329222269,-2.10825939357,nan,nan,fm^4 / MeV
q20_from_e0,cosine_6,28.410465042,1.61809773043,-6.17821126169,-1.96658572353,nan,nan,fm^4 / MeV
q20_from_e0,cosine_6,28.4878777533,1.72281976978,-5.76547262792,-1.83520693599,nan,nan,fm^4 / MeV
q20_from_e0,cosine_6,28.5652904646,1.86880621245,-5.3891844668,-1.71543069425,nan,nan,fm^4 / MeV
q20_from_e0,cosine_6,28.6427031759,2.05189219727,-5.05430767551,-1.60883610093,nan,nan,fm^4 / MeV
q20_from_e0,cosine_6,28.7201158872,2.26686304602,-4.76666097646,-1.51727531289,nan,nan,fm^4 / MeV
q20_from_e0,cosine_6,28.7975285985,2.50650397145,-4.5322295218,-1.44265346324,nan,nan,fm^4 / MeV
q20_from_e0,cosine_6,28.8749413097,2.76117915414,-4.35599088683,-1.38655496341,nan,nan,fm^4 / MeV
q20_from_e0,cosine_6,28.952354021,3.01911542761,-4.2406036762,-1.34982607352,nan,nan,fm^4 / MeV
q20_from_e0,cosine_6,29.0297667323,3.26736931064,-4.18534068865,-1.33223531824,nan,nan,fm^4 / MeV
q20_from_e0,cosine_6,29.1071794436,3.49327007952,-4.18558471483,-1.33231299419,nan,nan,fm^4 / MeV
q20_from_e0,cosine_6,29.1845921549,3.68600278015,-4.23305992959,-1.3474248244,nan,nan,fm^4 / MeV
q20_from_e0,cosine_6,29.2620048662,3.83795448697,-4.3167844315,-1.37407516107,nan,nan,fm^4 / MeV
q20_from_e0,cosine_6,29.3394175775,3.9455027359,-4.42454803461,-1.40837738131,nan,nan,fm^4 / MeV
q20_from_e0,cosine_6,29.4168302887,4.00906074228,-4.54458930392,-1.44658770408,nan,nan,fm^4 / MeV
q20_from_e0,cosine_6,29.494243,4.03237415721,-4.66709843414,-1.48558357138,nan,nan,fm^4 / MeV
q20_from_e0,cosine_6,29.5716557113,4.02124298849,-4.78521795553,-1.52318218279,nan,nan,fm^4 / MeV
q20_from_e0,cosine_6,29.6490684226,3.98197562267,-4.89533820861,-1.55823454801,nan,nan,fm^4 / MeV
q20_from_e0,cosine_6,29.7264811339,3.91993769715,-4.9966564424,-1.59048514348,nan,nan,fm^4 / MeV
q20_from_e0,cosine_6,29.8038938452,3.83852493872,-5.09014377135,-1.62024308452,nan,nan,fm^4 / MeV
q20_from_e0,cosine_6,29.8813065565,3.73877656328,-5.17719978587,-1.64795387459,nan,nan,fm^4 / MeV
q20_from_e0,cosine_6,29.9587192678,3.61968433905,-5.25833806941,-1.67378099239,nan,nan,fm^4 / MeV
