channel,window,time_fm_c,raw_signal,reference_signal,reference_delta,delta_signal,window_value,filtered_signal
e0_diagonal,gamma_1,0,62.3932241229,62.3932241229,0,0,1,0
e0_diagonal,gamma_1,2,62.39249123,62.3932232281,-8.94895229919e-07,-0.000731998028137,0.994945088566,-0.000728297842934
e0_diagonal,gamma_1,4,62.3918014252,62.393220571,-3.55196807789e-06,-0.00141914573569,0.989915729261,-0.00140483468587
e0_diagonal,gamma_1,6,62.3911935729,62.3932162269,-7.89601014617e-06,-0.00202265408609,0.984911792922,-0.00199213586239
e0_diagonal,gamma_1,8,62.3906990383,62.3932103337,-1.3789293817e-05,-0.00251129533994,0.979933151038,-0.00246090155566
e0_diagonal,gamma_1,10,62.3903389959,62.3932030953,-2.10276713375e-05,-0.00286409937267,0.974979675748,-0.00279243867767
e0_diagonal,gamma_1,12,62.3901234562,62.3931947687,-2.93542806702e-05,-0.00307131247618,0.970051239837,-0.00297933047544
e0_diagonal,gamma_1,14,62.3900524532,62.3931856459,-3.84770854538e-05,-0.00313319268881,0.965147716732,-0.00302399376968
e0_diagonal,gamma_1,16,62.3901170814,62.3931760404,-4.80825165141e-05,-0.00305895907304,0.960268980503,-0.00293742351047
e0_diagonal,gamma_1,18,62.3903013427,62.3931662751,-5.78478290691e-05,-0.0028649324153,0.955414905854,-0.00273719913384
e0_diagonal,gamma_1,20,62.3905844939,62.3931566721,-6.74508313452e-05,-0.00257217826644,0.950585368121,-0.00244507502428
e0_diagonal,gamma_1,22,62.3909425694,62.3931475472,-7.65757992056e-05,-0.00220497777906,0.945780243275,-0.00208542442029
e0_diagonal,gamma_1,24,62.3913501382,62.3931392026,-8.49203522932e-05,-0.00178906440234,0.940999407908,-0.00168350854331
e0_diagonal,gamma_1,26,62.3917821779,62.393131921,-9.22019548071e-05,-0.00134974314226,0.936242739242,-0.00126368721678
e0_diagonal,gamma_1,28,62.3922152354,62.3931259597,-9.81632880368e-05,-0.000910724253814,0.931510115114,-0.000848348854507
e0_diagonal,gamma_1,30,62.3926286311,62.3931215441,-0.000102578885361,-0.000492912998261,0.926801413982,-0.000456832463759
e0_diagonal,gamma_1,32,62.3930055293,62.3931188624,-0.000105260592072,-0.000113333103464,0.922116514917,-0.000104506326391
e0_diagonal,gamma_1,34,62.3933333285,62.3931180612,-0.000106061731927,0.000215267310594,0.917455297602,0.000197498134505
e0_diagonal,gamma_1,36,62.3936038914,62.3931192412,-0.000104881761551,0.000484650256119,0.912817642327,0.000442397304144
e0_diagonal,gamma_1,38,62.3938136544,62.3931224543,-0.00010166868006,0.000691200120599,0.908203429989,0.000627750320337
e0_diagonal,gamma_1,40,62.3939632979,62.3931277039,-9.64190200108e-05,0.000835593988427,0.903612542086,0.000755053208034
e0_diagonal,gamma_1,42,62.3940570843,62.3931349443,-8.91786287411e-05,0.000922140001748,0.899044860715,0.000829045229431
e0_diagonal,gamma_1,44,62.3941020512,62.3931440801,-8.00428760357e-05,0.000957971164929,0.894500268569,0.00085690546431
e0_diagonal,gamma_1,46,62.3941072176,62.3931549696,-6.91533567903e-05,0.000952248028888,0.889978648933,0.000847480414199
e0_diagonal,gamma_1,48,62.394082726,62.3931674309,-5.66920856713e-05,0.000915295105976,0.885479885684,0.000810475405807
e0_diagonal,gamma_1,50,62.3940388833,62.3931812467,-4.28762049083e-05,0.000857636530277,0.881003863285,0.000755581096469
e0_diagonal,gamma_1,52,62.393985323,62.3931961687,-2.7954256808e-05,0.000789154289912,0.876550466783,0.000691733561186
e0_diagonal,gamma_1,54,62.3939303434,62.3932119223,-1.22006517387e-05,0.000718421066523,0.872119581805,0.000626549080096
e0_diagonal,gamma_1,56,62.3938803223,62.3932282162,4.0932215768e-06,0.000652106139981,0.867711094559,0.000565839732492
e0_diagonal,gamma_1,58,62.3938393902,62.3932447506,2.0627655374e-05,0.000594639615734,0.863324891826,0.000513367181929
e0_diagonal,gamma_1,60,62.3938092779,62.3932612247,3.71017040592e-05,0.000548053287098,0.858960860958,0.000470756323336
e0_diagonal,gamma_1,62,62.3937893759,62.393277344,5.32210646753e-05,0.000512031916543,0.854618889881,0.000437592148099
e0_diagonal,gamma_1,64,62.3937770019,62.3932928297,6.87067964975e-05,0.000484172179739,0.850298867082,0.000411691055905
e0_diagonal,gamma_1,66,62.3937678455,62.3933074257,8.33027583553e-05,0.000460419791665,0.846000681616,0.000389515457578
e0_diagonal,gamma_1,68,62.3937565511,62.3933209043,9.67813169837e-05,0.000435646853362,0.841724223097,0.00036669450919
e0_diagonal,gamma_1,70,62.3937374429,62.3933330702,0.000108947297022,0.000404372612337,0.837469381697,0.000338649681629
e0_diagonal,gamma_1,72,62.3937051829,62.393343764,0.000119641094983,0.000361418809348,0.833236048144,0.000301147180426
e0_diagonal,gamma_1,74,62.3936553942,62.3933528637,0.000128740743349,0.000302530478905,0.829024113716,0.000250805062146
e0_diagonal,gamma_1,76,62.3935851356,62.3933602848,0.000136161879666,0.000224850756297,0.824833470245,0.000185464429603
e0_diagonal,gamma_1,78,62.3934931526,62.3933659796,0.000141856622548,0.000127173043751,0.820664010104,0.000104366340062
e0_diagonal,gamma_1,80,62.3933800363,62.3933699348,0.00014581180357,1.01015313376e-05,0.816515626216,8.24805818588e-06
e0_diagonal,gamma_1,82,62.393248166,62.3933721689,0.000148045937301,-0.000124002853987,0.812388212041,-0.000100738456838
e0_diagonal,gamma_1,84,62.393101517,62.3933727288,0.000148605881321,-0.000271211826501,0.808281661578,-0.000219215545764
e0_diagonal,gamma_1,86,62.3929454246,62.3933716866,0.000147563638862,-0.000426261955667,0.804195869365,-0.000342798104015
e0_diagonal,gamma_1,88,62.3927863579,62.3933691367,0.000145013750981,-0.000582778814533,0.800130730469,-0.000466299238574
e0_diagonal,gamma_1,90,62.3926314677,62.3933651936,0.000141070665279,-0.000733725931795,0.796086140491,-0.000584109045221
e0_diagonal,gamma_1,92,62.3924881813,62.3933599873,0.00013586432965,-0.000871805941202,0.792061995557,-0.000690524353526
e0_diagonal,gamma_1,94,62.3923638012,62.3933536597,0.00012953677151,-0.000989858559429,0.788058192319,-0.000780066146994
e0_diagonal,gamma_1,96,62.392265021,62.3933463643,0.000122241343931,-0.00108134330952,0.784074627951,-0.000847853853101
e0_diagonal,gamma_1,98,62.3921975152,62.3933382635,0.000114140573274,-0.00114074835597,0.780111200149,-0.00088991056904
e0_diagonal,gamma_1,100,62.3921656262,62.3933295248,0.000105401864907,-0.00116389861828,0.776167807123,-0.000903380638264
e0_diagonal,gamma_1,102,62.3921720685,62.3933203166,9.61936563755e-05,-0.00114824809113,0.7722443476,-0.000886728098015
e0_diagonal,gamma_1,104,62.3922177795,62.3933108066,8.66836994859e-05,-0.00109302719299,0.768340720817,-0.000839817301332
e0_diagonal,gamma_1,106,62.3923019011,62.3933011628,7.70398400221e-05,-0.000999261739516,0.764456826522,-0.000763892458255
e0_diagonal,gamma_1,108,62.3924218689,62.3932915527,6.74297209642e-05,-0.000869683784423,0.760592564968,-0.000661475020306
e0_diagonal,gamma_1,110,62.3925737181,62.3932821404,5.80174515505e-05,-0.000708422294593,0.756747836915,-0.000536097039056
e0_diagonal,gamma_1,112,62.3927523027,62.3932730837,4.89607271348e-05,-0.000520781001264,0.752922543621,-0.000392107756141
e0_diagonal,gamma_1,114,62.3929515716,62.3932645318,4.04088103636e-05,-0.000312960182363,0.749116586846,-0.000234443663631
e0_diagonal,gamma_1,116,62.3931648682,62.3932566216,3.24986367275e-05,-9.17534073324e-05,0.745329868846,-6.83865550532e-05
e0_diagonal,gamma_1,118,62.3933851806,62.3932494735,2.53505071441e-05,0.000135707122183,0.741562292369,0.000100635284617
e0_diagonal,gamma_1,120,62.3936054463,62.3932431872,1.9064204885e-05,0.000362259182189,0.737813760658,0.000267279809544
e0_diagonal,gamma_1,122,62.3938188363,62.3932378379,1.37149433712e-05,0.000580998366452,0.734084177443,0.000426501707933
e0_diagonal,gamma_1,124,62.394018941,62.393233473,9.35002159963e-06,0.000785468004544,0.730373446941,0.00057368497394
e0_diagonal,gamma_1,126,62.3942000045,62.3932301091,5.98610540692e-06,0.000969895492851,0.726681473852,0.000704805086228
e0_diagonal,gamma_1,128,62.3943570762,62.3932277299,3.60691957724e-06,0.0011293463744,0.723008163361,0.000816526647952
e0_diagonal,gamma_1,130,62.3944860595,62.3932262848,2.16184193391e-06,0.00125977471403,0.719353421129,0.000906223250388
e0_diagonal,gamma_1,132,62.3945837903,62.3932256876,1.56465742407e-06,0.00135810264854,0.715717153295,0.000972017361494
e0_diagonal,gamma_1,134,62.3946480676,62.393225817,1.69404680861e-06,0.00142225058072,0.712099266473,0.00101278359527
e0_diagonal,gamma_1,136,62.3946775753,62.3932265194,2.396429295e-06,0.0014510558715,0.708499667748,0.00102807260284
e0_diagonal,gamma_1,138,62.3946718468,62.3932276117,3.48877579626e-06,0.00144423511765,0.704918264677,0.00101806771292
e0_diagonal,gamma_1,140,62.3946312573,62.3932288845,4.76159456753e-06,0.00140237278186,0.70135496528,0.000983561113732
e0_diagonal,gamma_1,142,62.3945569695,62.393230107,5.98403701701e-06,0.00132686251535,0.697809678047,0.000925897504648
e0_diagonal,gamma_1,144,62.3944508468,62.3932310337,6.91075045012e-06,0.00121981314135,0.694282311926,0.000846894687892
e0_diagonal,gamma_1,146,62.3943154239,62.3932314137,7.2907966171e-06,0.0010840101256,0.690772776329,0.000748804684026
e0_diagonal,gamma_1,148,62.3941539173,62.3932310013,6.87831174417e-06,0.000922916009046,0.687280981123,0.000634302620191
e0_diagonal,gamma_1,150,62.3939702676,62.3932295658,5.44289918025e-06,0.000740701773488,0.683806836633,0.000506496936617
e0_diagonal,gamma_1,152,62.393769078,62.3932269033,2.78036145573e-06,0.000542174737248,0.680350253636,0.000368868720002
e0_diagonal,gamma_1,154,62.3935555018,62.3932228467,-1.27625099822e-06,0.000332655111023,0.676911143359,0.000225177951547
e0_diagonal,gamma_1,156,62.3933351715,62.3932172762,-6.84676001583e-06,0.000117895340978,0.673489417481,7.94012645188e-05
e0_diagonal,gamma_1,158,62.3931140338,62.3932101277,-1.39952848173e-05,-9.60938677892e-05,0.670084988123,-6.43910582562e-05
e0_diagonal,gamma_1,160,62.3928981857,62.3932013993,-2.2723697704e-05,-0.000303213568607,0.666697767855,-0.000202151809374
e0_diagonal,gamma_1,162,62.3926936699,62.3931911552,-3.29677576048e-05,-0.000497485261974,0.663327669685,-0.000329995739528
e0_diagonal,gamma_1,164,62.3925062045,62.393179527,-4.459598496e-05,-0.000673322441756,0.659974607062,-0.000444375713924
e0_diagonal,gamma_1,166,62.3923409898,62.3931667116,-5.74113304026e-05,-0.000825721832378,0.656638493875,-0.000542200740372
e0_diagonal,gamma_1,168,62.3922025007,62.393152968,-7.11549393202e-05,-0.000950467323833,0.653319244444,-0.000620958593875
e0_diagonal,gamma_1,170,62.3920942767,62.3931386103,-8.55126933388e-05,-0.00104433352586,0.650016773525,-0.000678834308964
e0_diagonal,gamma_1,172,62.392018869,62.3931239969,-0.000100126083126,-0.00110512785135,0.646730996304,-0.000714720436349
e0_diagonal,gamma_1,174,62.3919777511,62.3931095175,-0.000114605491653,-0.00113176632303,0.643461828395,-0.000728248427532
e0_diagonal,gamma_1,176,62.3919712006,62.3930955789,-0.000128544070584,-0.00112437824232,0.640209185842,-0.000719837279091
e0_diagonal,gamma_1,178,62.3919983963,62.393082591,-0.000141531952053,-0.00108419469088,0.636972985108,-0.000690602728689
e0_diagonal,gamma_1,180,62.3920574958,62.3930709531,-0.000153169802715,-0.00101345737131,0.633753143082,-0.00064228179445
e0_diagonal,gamma_1,182,62.3921457317,62.3930610406,-0.000163082366328,-0.000915308842622,0.630549577072,-0.000577147603606
e0_diagonal,gamma_1,184,62.3922595943,62.3930531913,-0.000170931614306,-0.000793597009462,0.627362204805,-0.000497872769583
e0_diagonal,gamma_1,186,62.3923950055,62.3930476955,-0.000176427418928,-0.000652690004678,0.624190944423,-0.000407403190435
e0_diagonal,gamma_1,188,62.3925475259,62.3930447864,-0.000179336580686,-0.0004972604833,0.62103571448,-0.000308816519529
e0_diagonal,gamma_1,190,62.3927125376,62.3930446316,-0.000179491372478,-0.000332094024515,0.617896433946,-0.000205199713482
e0_diagonal,gamma_1,192,62.3928853799,62.3930473273,-0.000176795695907,-0.00016194738761,0.614773022197,-9.95608849182e-05
e0_diagonal,gamma_1,194,62.3930614772,62.3930528953,-0.000171227626346,8.58183629049e-06,0.611665399017,5.24921231892e-06
e0_diagonal,gamma_1,196,62.3932364464,62.393061283,-0.000162839904419,0.000175163312946,0.608573484598,0.000106599747733
e0_diagonal,gamma_1,198,62.3934061677,62.3930723644,-0.000151758568173,0.000333803362743,0.605497199532,0.000202117001335
e0_diagonal,gamma_1,200,62.3935668388,62.3930859435,-0.000138179460933,0.000480895274876,0.602436464814,0.000289708849342
e0_diagonal,gamma_1,202,62.3937149813,62.3931017601,-0.000122362836819,0.00061322123657,0.59939120184,0.000367559413981
e0_diagonal,gamma_1,204,62.3938474588,62.3931194976,-0.000104625332014,0.000727961138026,0.5963613324,0.000434127874208
e0_diagonal,gamma_1,206,62.3939614883,62.3931387934,-8.53295406671e-05,0.000822694938854,0.593346778682,0.000488143391807
e0_diagonal,gamma_1,208,62.3940546227,62.39315925,-6.48729041401e-05,0.000895372689719,0.590347463266,0.000528580996053
e0_diagonal,gamma_1,210,62.3941247701,62.3931804469,-4.36760933837e-05,0.000944323274709,0.587363309123,0.000554660843515
e0_diagonal,gamma_1,212,62.3941702622,62.3932019524,-2.21705514747e-05,0.000968309828906,0.584394239616,0.000565874686176
e0_diagonal,gamma_1,214,62.3941898762,62.3932233367,-7.8620899302e-07,0.000966539457707,0.581440178492,0.000561984874809
e0_diagonal,gamma_1,216,62.394182855,62.3932441828,2.00598928259e-05,0.000938672162533,0.578501049885,0.000543022831524
e0_diagonal,gamma_1,218,62.3941490103,62.3932640979,3.9974983558e-05,0.000884912377529,0.575576778313,0.000509335015348
e0_diagonal,gamma_1,220,62.394088779,62.3932827247,5.86017276518e-05,0.000806054316662,0.572667288675,0.000461600940048
e0_diagonal,gamma_1,222,62.3940032715,62.3932997501,7.56271706024e-05,0.000703521403608,0.56977250625,0.000400847153334
e0_diagonal,gamma_1,224,62.3938943424,62.393314912,9.07890183584e-05,0.000579430386651,0.566892356693,0.000328474657428
e0_diagonal,gamma_1,226,62.3937646029,62.3933280034,0.000103880462937,0.000436599517904,0.564026766037,0.000246253814137
e0_diagonal,gamma_1,228,62.3936173795,62.3933388768,0.000114753801242,0.000278502730438,0.561175660688,0.000156288953757
e0_diagonal,gamma_1,230,62.3934566532,62.393347445,0.000123322033595,0.00010920824311,0.558338967424,6.09752176922e-05
e0_diagonal,gamma_1,232,62.393286978,62.3933536818,0.00012955886956,-6.67038396713e-05,0.555516613393,-3.70550911146e-05
e0_diagonal,gamma_1,234,62.3931133402,62.3933576203,0.000133497379451,-0.000244280118267,0.552708526112,-0.000135015704126
e0_diagonal,gamma_1,236,62.3929410012,62.39335935,0.000135227072661,-0.000418348871982,0.549914633464,-0.000230056166596
e0_diagonal,gamma_1,238,62.3927753129,62.3933590123,0.000134889387752,-0.000583699483251,0.547134863695,-0.000319362337207
e0_diagonal,gamma_1,240,62.3926214938,62.3933567945,0.000132671517022,-0.000735300632726,0.544369145417,-0.000400274977062
e0_diagonal,gamma_1,242,62.3924844106,62.3933529223,0.000128799315775,-0.00086851167039,0.541617407599,-0.000470401039386
e0_diagonal,gamma_1,244,62.3923683952,62.3933476529,0.000123529977131,-0.000979257739125,0.538879579572,-0.000527701998753
e0_diagonal,gamma_1,246,62.3922770554,62.3933412668,0.000117143811451,-0.00106421133111,0.536155591024,-0.000570582855206
e0_diagonal,gamma_1,248,62.3922131009,62.3933340578,0.00010993484851,-0.00112095690772,0.533445371996,-0.00059796927463
e0_diagonal,gamma_1,250,62.3921782547,62.3933263241,0.000102201177754,-0.00114806943886,0.530748852885,-0.000609336537709
e0_diagonal,gamma_1,252,62.3921731986,62.3933183583,9.42353482003e-05,-0.00114515974002,0.52806596444,-0.000604719882551
e0_diagonal,gamma_1,254,62.3921975324,62.393310438,8.63150197858e-05,-0.00111290560675,0.525396637758,-0.000584716863927
e0_diagonal,gamma_1,256,62.3922498062,62.3933028173,7.86943424984e-05,-0.0010530110815,0.522740804287,-0.000550451859664
e0_diagonal,gamma_1,258,62.3923276059,62.3932957191,7.15961209181e-05,-0.000968113215251,0.520098395818,-0.000503514130222
e0_diagonal,gamma_1,260,62.3924276952,62.3932893281,6.52051247982e-05,-0.000861632908453,0.51746934449,-0.000445868616328
e0_diagonal,gamma_1,262,62.3925461952,62.393283786,5.96630608598e-05,-0.000737590767088,0.514853582783,-0.000379751249063
e0_diagonal,gamma_1,264,62.39267878,62.3932791882,5.50652245863e-05,-0.000600408188191,0.512251043521,-0.000307559720939
e0_diagonal,gamma_1,266,62.3928209055,62.3932755818,5.14588877536e-05,-0.00045467631125,0.509661659863,-0.000231731083492
e0_diagonal,gamma_1,268,62.3929680409,62.393272966,4.88430612364e-05,-0.000304925125413,0.507085365311,-0.000154623068612
e0_diagonal,gamma_1,270,62.3931158858,62.3932712925,4.71695435635e-05,-0.000155406695271,0.5045220937,-7.8406111273e-05
e0_diagonal,gamma_1,272,62.3932605752,62.3932704686,4.63456708104e-05,-9.89339783786e-06,0.5019717792,-4.966206515e-06
e0_diagonal,gamma_1,274,62.3933988106,62.3932703611,4.62381870037e-05,0.000128449508864,0.499434356313,6.41520977783e-05
e0_diagonal,gamma_1,276,62.393527891,62.3932708012,4.66782307313e-05,0.000257089850301,0.496909759875,0.000127750455779
e0_diagonal,gamma_1,278,62.3936457141,62.3932715911,4.74681387175e-05,0.000374122965042,0.494397925048,0.000184965617629
e0_diagonal,gamma_1,280,62.3937507185,62.3932725125,4.83895438208e-05,0.000478206025065,0.491898787323,0.00023522896382
e0_diagonal,gamma_1,282,62.3938417483,62.3932733353,4.92123312839e-05,0.000568413011287,0.489412282519,0.000278188309267
e0_diagonal,gamma_1,284,62.3939179391,62.3932738276,4.97046366874e-05,0.000644111478586,0.486938346776,0.000313642578522
e0_diagonal,gamma_1,286,62.3939785835,62.3932737663,4.96433376327e-05,0.000704817259432,0.484476916559,0.000341467692587
e0_diagonal,gamma_1,288,62.3940230035,62.3932729468,4.88238099692e-05,0.000750056731029,0.482027928653,0.00036154829243
e0_diagonal,gamma_1,290,62.394050531,62.3932711913,4.70683735045e-05,0.0007793396734,0.479591320165,0.000373764542823
e0_diagonal,gamma_1,292,62.3940605151,62.3932683566,4.42336179276e-05,0.000792158535631,0.477167028517,0.000377991934562
e0_diagonal,gamma_1,294,62.3940522987,62.3932643391,4.02161093689e-05,0.000787959603159,0.474754991448,0.000374087754659
e0_diagonal,gamma_1,296,62.3940252752,62.393259079,3.49560969823e-05,0.000766196122861,0.472355147014,0.000361916682255
e0_diagonal,gamma_1,298,62.3939789872,62.3932525627,2.84397238062e-05,0.000726424529674,0.46996743358,0.0003413958719
e0_diagonal,gamma_1,300,62.3939131902,62.393244822,2.06990172416e-05,0.000668368203165,0.467591789826,0.000312523484381
e0_diagonal,gamma_1,302,62.3938279496,62.3932359328,1.18098056134e-05,0.000592016861248,0.465228154741,0.000275422911934
e0_diagonal,gamma_1,304,62.3937237842,62.3932260113,1.88836612125e-06,0.000497772843673,0.462876467622,0.000230407335557
e0_diagonal,gamma_1,306,62.3936018192,62.3932152104,-8.91253869639e-06,0.000386608817088,0.460536668073,0.000178047536469
e0_diagonal,gamma_1,308,62.3934639288,62.3932037147,-2.0408216443e-05,0.000260214045632,0.458208696004,0.000119232338531
e0_diagonal,gamma_1,310,62.3933129002,62.393191735,-3.23879494033e-05,0.000121165221017,0.455892491627,5.52383145081e-05
e0_diagonal,gamma_1,312,62.3931525353,62.3931795013,-4.46216897814e-05,-2.69659801404e-05,0.453587995458,-1.22314448775e-05
e0_diagonal,gamma_1,314,62.3929876169,62.3931672565,-5.68664749778e-05,-0.000179639610081,0.451295148313,-8.10704844747e-05
e0_diagonal,gamma_1,316,62.392823763,62.3931552503,-6.88726366889e-05,-0.000331487337988,0.449013891308,-0.000148842419549
e0_diagonal,gamma_1,318,62.3926671543,62.3931437324,-8.03905728759e-05,-0.000476578046261,0.446744165855,-0.000212908461741
e0_diagonal,gamma_1,320,62.3925242155,62.3931329447,-9.11782227746e-05,-0.000608729180705,0.444485913662,-0.000270571546059
e0_diagonal,gamma_1,322,62.3924012495,62.3931231155,-0.000101007447242,-0.000721866024264,0.442239076735,-0.000319237364097
e0_diagonal,gamma_1,324,62.3923039281,62.3931144543,-0.000109668605731,-0.000810526238155,0.440003597369,-0.00035663446055
e0_diagonal,gamma_1,326,62.3922369267,62.3931071471,-0.000116975818045,-0.000870220384115,0.437779418154,-0.000380964573424
e0_diagonal,gamma_1,328,62.3922036971,62.3931013501,-0.000122772887813,-0.000897652962102,0.435566481967,-0.00039098754273
e0_diagonal,gamma_1,330,62.3922061937,62.3930971854,-0.00012693750012,-0.000890991723729,0.433364731977,-0.000386124389548
e0_diagonal,gamma_1,332,62.3922447473,62.3930947397,-0.000129383286122,-0.000849992351831,0.431174111638,-0.0003664946972
e0_diagonal,gamma_1,334,62.3923181397,62.3930940631,-0.000130059880902,-0.000775923347547,0.428994564691,-0.000332866898714
e0_diagonal,gamma_1,336,62.3924237474,62.3930951713,-0.00012895163055,-0.000671423888868,0.426826035161,-0.000286581196397
e0_diagonal,gamma_1,338,62.3925577714,62.3930980472,-0.000126075780173,-0.000540275729932,0.424668467355,-0.000229438066179
e0_diagonal,gamma_1,340,62.3927154993,62.3931026431,-0.000121479859999,-0.000387143814933,0.422521805863,-0.000163576703814
e0_diagonal,gamma_1,342,62.3928915467,62.3931088846,-0.000115238322515,-0.000217337941542,0.420385995556,-9.13658269274e-05
e0_diagonal,gamma_1,344,62.3930800777,62.3931166743,-0.000107448674655,-3.65965938514e-05,0.41826098158,-1.53069272668e-05
e0_diagonal,gamma_1,346,62.3932750381,62.3931258958,-9.82271347638e-05,0.000149142243622,0.416146709362,6.206505391e-05
e0_diagonal,gamma_1,348,62.3934703123,62.3931364189,-8.77040275782e-05,0.0003338933289,0.414043124602,0.000138246237182
e0_diagonal,gamma_1,350,62.3936598745,62.3931481029,-7.60200780121e-05,0.000511771615891,0.411950173277,0.000210824405845
e0_diagonal,gamma_1,352,62.393838073,62.3931607988,-6.33241392478e-05,0.000677274215789,0.409867801636,0.00027759289393
e0_diagonal,gamma_1,354,62.3939997671,62.3931743508,-4.97721743642e-05,0.000825416277138,0.407795956199,0.000336601419998
e0_diagonal,gamma_1,356,62.3941404591,62.3931885964,-3.55265487073e-05,0.000951862736891,0.405734583757,0.000386203631346
e0_diagonal,gamma_1,358,62.394256476,62.393203369,-2.07539120964e-05,0.0010531069583,0.40368363137,0.000425122041146
e0_diagonal,gamma_1,360,62.3943451352,62.3932185008,-5.62216695243e-06,0.00112663445675,0.401643046366,0.000452504895348
e0_diagonal,gamma_1,362,62.3944049024,62.393233824,9.70109461207e-06,0.00117107840137,0.399612776338,0.000467977891281
e0_diagonal,gamma_1,364,62.3944354192,62.393249171,2.50480541268e-05,0.0011862482119,0.397592769146,0.000471643711464
e0_diagonal,gamma_1,366,62.3944373619,62.393264373,4.02500794294e-05,0.0011729888913,0.395582972911,0.000464014432811
e0_diagonal,gamma_1,368,62.394412285,62.3932792615,5.51385345204e-05,0.00113302347641,0.393583336018,0.000445939159633
e0_diagonal,gamma_1,370,62.3943624394,62.3932936679,6.95449013506e-05,0.00106877151811,0.391593807112,0.000418524307709
e0_diagonal,gamma_1,372,62.394290493,62.3933074235,8.33005139569e-05,0.000983069542379,0.389614335099,0.00038301798611
e0_diagonal,gamma_1,374,62.3941992488,62.3933203595,9.62365065931e-05,0.000878889314301,0.387644869142,0.000340696933232
e0_diagonal,gamma_1,376,62.3940915991,62.3933323076,0.000108184698064,0.000759291427897,0.38568535866,0.000292847586696
e0_diagonal,gamma_1,378,62.3939703722,62.3933431032,0.000118980279254,0.00062726897562,0.383735753331,0.0002407055329
e0_diagonal,gamma_1,380,62.3938382842,62.3933525871,0.000128464139138,0.000485697127189,0.381796003083,0.00018543722187
e0_diagonal,gamma_1,382,62.3936980836,62.3933606089,0.000136485983845,0.000337474666409,0.379866058102,0.000128195171238
e0_diagonal,gamma_1,384,62.3935525026,62.3933670316,0.000142908672679,0.00018547100202,0.377945868821,7.00979989994e-05
e0_diagonal,gamma_1,386,62.3934042401,62.3933717347,0.000147611790055,3.25053381545e-05,0.376035385927,1.22231573776e-05
e0_diagonal,gamma_1,388,62.3932559631,62.3933746192,0.000150496213635,-0.000118656046382,0.374134560355,-4.43933277467e-05
e0_diagonal,gamma_1,390,62.3931103459,62.3933756119,0.000151488903356,-0.000265265945316,0.372243343288,-9.87434823449e-05
e0_diagonal,gamma_1,392,62.3929700318,62.3933746679,0.000150544995378,-0.00040463617372,0.370361686156,-0.000149861735578
e0_diagonal,gamma_1,394,62.3928375967,62.3933717718,0.000147648854181,-0.000534175053993,0.368489540633,-0.000196837920264
e0_diagonal,gamma_1,396,62.3927155674,62.3933669387,0.00014281571778,-0.000651371249148,0.366626858641,-0.000238810194884
e0_diagonal,gamma_1,398,62.3926063095,62.3933602157,0.000136092786306,-0.000753906216708,0.364773592341,-0.000275005078957
e0_diagonal,gamma_1,400,62.3925120404,62.3933516828,0.000127559898687,-0.000839642430989,0.362929694138,-0.000304731170664
e0_diagonal,gamma_1,402,62.3924347043,62.3933414517,0.000117328775147,-0.000906747435621,0.361095116677,-0.000327422071063
e0_diagonal,gamma_1,404,62.3923758483,62.3933296637,0.000105540797307,-0.000953815445428,0.359269812843,-0.000342677096566
e0_diagonal,gamma_1,406,62.3923366611,62.3933164884,9.23654086762e-05,-0.00097982730415,0.357453735758,-0.000350242930266
e0_diagonal,gamma_1,408,62.3923179046,62.393302121,7.79980019772e-05,-0.000984216342935,0.355646838782,-0.000350033431043
e0_diagonal,gamma_1,410,62.3923198461,62.3932867787,6.265578957e-05,-0.000966932590607,0.35384907551,-0.000342148203267
e0_diagonal,gamma_1,412,62.3923423335,62.3932706957,4.6572757995e-05,-0.000928362199318,0.352060399772,-0.000326839567025
e0_diagonal,gamma_1,414,62.3923848582,62.3932541184,2.99954060665e-05,-0.000869260163498,0.350280765632,-0.000304485115603
e0_diagonal,gamma_1,416,62.3924465228,62.3932373011,1.31781883539e-05,-0.00079077831866,0.348510127384,-0.000275594252569
e0_diagonal,gamma_1,418,62.3925259909,62.3932205004,-3.62254110087e-06,-0.000694509535407,0.346748439556,-0.000240820097659
e0_diagonal,gamma_1,420,62.3926214286,62.3932039686,-2.0154369814e-05,-0.000582539961208,0.344995656904,-0.00020097375659
e0_diagonal,gamma_1,422,62.3927303668,62.3931879488,-3.61741908605e-05,-0.000457581951729,0.343251734414,-0.000157065798567
e0_diagonal,gamma_1,424,62.3928496335,62.3931726692,-5.1453743481e-05,-0.000323035683877,0.341516627296,-0.000110322057254
e0_diagonal,gamma_1,426,62.3929754202,62.3931583384,-6.57845505287e-05,-0.000182918225917,0.339790290992,-6.21538372122e-05
e0_diagonal,gamma_1,428,62.3931033474,62.3931451408,-7.89821438474e-05,-4.17934461012e-05,0.338072681165,-1.41292223786e-05
e0_diagonal,gamma_1,430,62.3932286534,62.3931332325,-9.08904927286e-05,9.5420904529e-05,0.336363753703,3.20961336291e-05
e0_diagonal,gamma_1,432,62.3933465307,62.3931227377,-0.000101385266333,0.000223793039034,0.334663464718,7.48953538229e-05
e0_diagonal,gamma_1,434,62.3934524339,62.3931137473,-0.000110375638485,0.000338686609147,0.332971770544,0.000112773079907
e0_diagonal,gamma_1,436,62.3935423684,62.393106317,-0.00011780591911,0.000436051344884,0.331288627734,0.000144458851668
e0_diagonal,gamma_1,438,62.3936131688,62.3931004675,-0.000123655406277,0.000512701290184,0.329613993061,0.000168993519505
e0_diagonal,gamma_1,440,62.393662697,62.3930961866,-0.000127936301467,0.000566510387131,0.327947823519,0.00018578584846
e0_diagonal,gamma_1,442,62.3936899326,62.3930934297,-0.000130693279964,0.00059650293688,0.326290076316,0.000194632988797
e0_diagonal,gamma_1,444,62.3936949511,62.3930921187,-0.000132004250261,0.000602832429045,0.324640708878,0.0001957039471
e0_diagonal,gamma_1,446,62.3936787494,62.3930921445,-0.000131978422985,0.000586604919839,0.322999678847,0.000189473200718
e0_diagonal,gamma_1,448,62.3936429903,62.393093371,-0.000130751997631,0.000549619331153,0.321366944077,0.000176629484858
e0_diagonal,gamma_1,450,62.3935898111,62.3930956399,-0.000128483076736,0.000494171261899,0.319742462637,0.000158007536244
e0_diagonal,gamma_1,452,62.3935215953,62.3930987773,-0.000125345639219,0.000422817996792,0.318126192806,0.000134509479569
e0_diagonal,gamma_1,454,62.3934408219,62.3931026004,-0.000121522506376,0.000338221495355,0.316518093077,0.000107053222747
e0_diagonal,gamma_1,456,62.3933499679,62.3931069254,-0.000117197573523,0.000243042537342,0.314918122149,7.65384994619e-05
e0_diagonal,gamma_1,458,62.3932513761,62.3931115755,-0.000112547476192,0.000139800630237,0.313326238932,4.38032056724e-05
e0_diagonal,gamma_1,460,62.3931472566,62.3931163897,-0.000107733275399,3.08669693538e-05,0.311742402544,9.62254318562e-06
e0_diagonal,gamma_1,462,62.3930397873,62.3931212301,-0.000102892854514,-8.14428409228e-05,0.310166572309,-2.52608468081e-05
e0_diagonal,gamma_1,464,62.3929311736,62.3931259886,-9.81343897735e-05,-0.000194814978116,0.308598707756,-6.0119650498e-05
e0_diagonal,gamma_1,466,62.392823769,62.3931305916,-9.35313720518e-05,-0.000306822572703,0.30703876862,-9.42064249076e-05
e0_diagonal,gamma_1,468,62.392720141,62.3931350035,-8.91194164154e-05,-0.000414862515413,0.305486714837,-0.000126734986943
e0_diagonal,gamma_1,470,62.3926230934,62.393139228,-8.48949665624e-05,-0.000516134629862,0.303942506549,-0.000156875253117
e0_diagonal,gamma_1,472,62.3925356495,62.3931433073,-8.08156623791e-05,-0.000607657790006,0.302406104098,-0.0001837594249
e0_diagonal,gamma_1,474,62.3924609567,62.3931473212,-7.68017730479e-05,-0.000686364511083,0.300877468024,-0.000206511616236
e0_diagonal,gamma_1,476,62.3924021014,62.3931513829,-7.27400827074e-05,-0.000749281453885,0.299356559071,-0.000224302317811
e0_diagonal,gamma_1,478,62.39236192,62.3931556339,-6.84890862033e-05,-0.000793713838561,0.297843338177,-0.000236402379235
e0_diagonal,gamma_1,480,62.3923428526,62.3931602386,-6.38843167309e-05,-0.000817386015072,0.296337766482,-0.00024222234606
e0_diagonal,gamma_1,482,62.3923467573,62.393165377,-5.8745970037e-05,-0.000818619719368,0.294839805317,-0.000241361678687
e0_diagonal,gamma_1,484,62.3923747554,62.3931712342,-5.28887082183e-05,-0.000796478809576,0.293349416214,-0.000233646593816
e0_diagonal,gamma_1,486,62.3924271948,62.3931779919,-4.61310359938e-05,-0.000750797096693,0.291866560896,-0.000219132566542
e0_diagonal,gamma_1,488,62.3925036182,62.3931858183,-3.83046190962e-05,-0.000682200151459,0.29039120128,-0.000198104921496
e0_diagonal,gamma_1,490,62.392602789,62.3931948578,-2.92651432972e-05,-0.000592068820666,0.288923299476,-0.000171062477184
e0_diagonal,gamma_1,492,62.3927228469,62.3932052194,-1.89035839782e-05,-0.000482372419242,0.287462817786,-0.000138664134857
e0_diagonal,gamma_1,494,62.3928612283,62.3932169686,-7.1543307314e-06,-0.000355740337497,0.286009718701,-0.000101745193858
e0_diagonal,gamma_1,496,62.3930147014,62.3932301236,6.00061603961e-06,-0.000215422178755,0.284563964904,-6.13013893147e-05
e0_diagonal,gamma_1,498,62.3931795084,62.3932446519,2.05289549484e-05,-6.51435213186e-05,0.283125519264,-1.84437933e-05
e0_diagonal,gamma_1,500,62.3933513359,62.3932604693,3.63463141184e-05,9.08666253423e-05,0.281694344839,2.55966144935e-05
e0_diagonal,gamma_1,502,62.3935255494,62.3932774403,5.33173926272e-05,0.000248109063563,0.280270404874,6.95376276977e-05
e0_diagonal,gamma_1,504,62.3936973812,62.3932953816,7.12586114346e-05,0.000401999635237,0.2788536628,0.00011209907073
e0_diagonal,gamma_1,506,62.3938620206,62.3933140637,8.99407824022e-05,0.000547956896447,0.277444082231,0.000152027398237
e0_diagonal,gamma_1,508,62.3940147832,62.3933332167,0.000109093707337,0.000681566512611,0.276041626968,0.000188140729028
e0_diagonal,gamma_1,510,62.3941512377,62.3933525372,0.000128414202379,0.000798700581228,0.274646260991,0.000219360128286
e0_diagonal,gamma_1,512,62.3942673391,62.3933716989,0.00014757594483,0.000895640176289,0.273257948466,0.000244740797137
e0_diagonal,gamma_1,514,62.3943595896,62.3933903604,0.000166237480471,0.000969229180669,0.271876653738,0.000263510786345
e0_diagonal,gamma_1,516,62.3944251183,62.3934081726,0.000184049671212,0.00101694565503,0.270502341332,0.000275086180694
e0_diagonal,gamma_1,518,62.3944617779,62.3934247886,0.000200665610137,0.00103698935421,0.269134975954,0.00027909010491
e0_diagonal,gamma_1,520,62.3944683239,62.3934398742,0.00021575123035,0.00102844968128,0.267774522487,0.000275392622306
e0_diagonal,gamma_1,522,62.3944445714,62.3934531178,0.000228994801233,0.000991453653313,0.266420945991,0.000264144020222
e0_diagonal,gamma_1,524,62.3943915399,62.3934642383,0.000240115377466,0.000927301538177,0.265074211705,0.000245803724245
e0_diagonal,gamma_1,526,62.3943115877,62.3934729923,0.00024886934392,0.000838595407586,0.263734285041,0.000221166360258
e0_diagonal,gamma_1,528,62.3942083207,62.3934791779,0.000255054913424,0.000729142856848,0.262401131588,0.000191327910726
e0_diagonal,gamma_1,530,62.3940863688,62.3934826385,0.000258515579972,0.000603730263812,0.261074717108,0.000157618707834
e0_diagonal,gamma_1,532,62.3939510801,62.3934832659,0.000259142970023,0.000467814209316,0.259755007535,0.000121517083466
e0_diagonal,gamma_1,534,62.3938081286,62.3934810014,0.000256878456241,0.00032712717389,0.258441968977,8.45433909259e-05
e0_diagonal,gamma_1,536,62.3936630977,62.3934758361,0.000251713158782,0.000187261606385,0.257135567713,4.81516194686e-05
e0_diagonal,gamma_1,538,62.3935210578,62.3934678098,0.000243686846872,5.32480134368e-05,0.255835770191,1.36227465288e-05
e0_diagonal,gamma_1,540,62.3933864017,62.3934570104,0.000232887480145,-7.06087260909e-05,0.254542543031,-1.79729246994e-05
e0_diagonal,gamma_1,542,62.3932626784,62.3934435722,0.000219449243879,-0.00018089382413,0.25325585302,-4.5812419736e-05
e0_diagonal,gamma_1,544,62.3931526062,62.3934276715,0.000203548588907,-0.000275065366182,0.251975667113,-6.93097791434e-05
e0_diagonal,gamma_1,546,62.3930580609,62.3934095229,0.000185399944058,-0.000351462003479,0.250701952432,-8.81122104779e-05
e0_diagonal,gamma_1,548,62.3929800827,62.3933893745,0.000165251550378,-0.000409291789275,0.249434676266,-0.000102091564956
e0_diagonal,gamma_1,550,62.3929190384,62.3933675048,0.000143381891249,-0.000448466438073,0.248173806069,-0.000111297622831
e0_diagonal,gamma_1,552,62.3928746998,62.3933442163,0.000120093308055,-0.00046951640843,0.246919309459,-0.000115932667349
e0_diagonal,gamma_1,554,62.3928462863,62.3933198249,9.57019263694e-05,-0.000473538588565,0.245671154218,-0.00011633477162
e0_diagonal,gamma_1,556,62.3928325353,62.3932946528,7.05298777888e-05,-0.000462117546491,0.244429308291,-0.000112955072238
e0_diagonal,gamma_1,558,62.3928318393,62.393269023,4.49000115452e-05,-0.000437183709224,0.243193739786,-0.00010632034122
e0_diagonal,gamma_1,560,62.3928423213,62.3932432521,1.91291737366e-05,-0.000400930872409,0.24196441697,-9.70110047878e-05
e0_diagonal,gamma_1,562,62.3928619568,62.3932176443,-6.4786184879e-06,-0.000355687573091,0.240741308272,-8.5628691682e-05
e0_diagonal,gamma_1,564,62.3928887605,62.3931924849,-3.16380555105e-05,-0.000303724407381,0.23952438228,-7.27494010613e-05
e0_diagonal,gamma_1,566,62.3929209154,62.3931680352,-5.60877639089e-05,-0.000247119806701,0.238313607741,-5.88920126793e-05
e0_diagonal,gamma_1,568,62.3929567838,62.3931445289,-7.95940815976e-05,-0.000187745084958,0.237108953561,-4.45160406304e-05
e0_diagonal,gamma_1,570,62.3929950219,62.3931221705,-0.00010195245342,-0.000127148591595,0.2359103888,-2.99956736786e-05
e0_diagonal,gamma_1,572,62.393034633,62.3931011349,-0.000122988060106,-6.65019079733e-05,0.234717882678,-1.56091870336e-05
e0_diagonal,gamma_1,574,62.3930748955,62.393081566,-0.000142556958295,-6.67048473701e-06,0.233531404569,-1.55776766979e-06
e0_diagonal,gamma_1,576,62.3931154264,62.3930635766,-0.000160546303171,5.1849791852e-05,0.232350924002,1.20473470461e-05
e0_diagonal,gamma_1,578,62.393156116,62.3930472492,-0.000176873759159,0.000108866828555,0.231176410659,2.51674426651e-05
e0_diagonal,gamma_1,580,62.3931969153,62.3930326359,-0.000191487027685,0.000164279351075,0.230007834378,3.77855377738e-05
e0_diagonal,gamma_1,582,62.3932378098,62.3930197604,-0.000204362569406,0.000218049410606,0.228845165146,4.989955338e-05
e0_diagonal,gamma_1,584,62.3932786698,62.3930086191,-0.000215503892683,0.000270050698532,0.227688373104,6.14874042043e-05
e0_diagonal,gamma_1,586,62.3933190247,62.3929991844,-0.000224938540256,0.000319840283709,0.226537428543,7.24557954158e-05
e0_diagonal,gamma_1,588,62.3933579705,62.3929914101,-0.000232712801562,0.000366560303064,0.225392301905,8.26198704947e-05
e0_diagonal,gamma_1,590,62.3933941067,62.3929852366,-0.000238886345095,0.000408870120587,0.224252963781,9.16903363432e-05
e0_diagonal,gamma_1,592,62.3934255695,62.3929805953,-0.000243527666171,0.000444974186777,0.22311938491,9.92823668547e-05
e0_diagonal,gamma_1,594,62.3934501128,62.3929774137,-0.000246709246497,0.000472699120166,0.22199153618,0.000104935203837
e0_diagonal,gamma_1,596,62.3934652927,62.3929756204,-0.000248502573655,0.000489672305306,0.220869388626,0.0001081536227
e0_diagonal,gamma_1,598,62.3934687301,62.3929751486,-0.000248974305038,0.000493581433886,0.219752913428,0.00010846595811
e0_diagonal,gamma_1,600,62.3934583046,62.3929759389,-0.000248184010104,0.000482365614701,0.218642081913,0.000105465422241
e0_diagonal,gamma_1,602,62.3934324157,62.3929779416,-0.000246181310303,0.000454474051011,0.217536865553,9.88648605321e-05
e0_diagonal,gamma_1,604,62.3933902088,62.3929811194,-0.000243003599216,0.000409089463837,0.216437235964,8.85421928147e-05
e0_diagonal,gamma_1,606,62.3933316519,62.3929854458,-0.000238677171303,0.000346206077012,0.215343164905,7.4553112333e-05
e0_diagonal,gamma_1,608,62.3932575216,62.3929909045,-0.000233218433102,0.000266617070857,0.214254624278,5.71239403425e-05
e0_diagonal,gamma_1,610,62.3931693655,62.3929974893,-0.000226633620535,0.000171876180545,0.213171586128,3.66391180244e-05
e0_diagonal,gamma_1,612,62.3930694058,62.3930052031,-0.000218919807523,6.42026547837e-05,0.21209402264,1.36169993172e-05
e0_diagonal,gamma_1,614,62.3929604217,62.3930140546,-0.000210068329146,-5.36329123193e-05,0.21102190614,-1.13177193894e-05
e0_diagonal,gamma_1,616,62.3928456585,62.3930240541,-0.000200068879892,-0.000178395546826,0.209955209093,-3.74550743351e-05
e0_diagonal,gamma_1,618,62.3927286506,62.3930352099,-0.000188913057229,-0.000306559260792,0.208893904106,-6.40383608269e-05
e0_diagonal,gamma_1,620,62.3926131572,62.3930475256,-0.000176597373894,-0.000434368335014,0.207837963922,-9.02782303415e-05
e0_diagonal,gamma_1,622,62.3925031214,62.3930609967,-0.000163126287035,-0.000557875232715,0.206787361422,-0.000115361547376
e0_diagonal,gamma_1,624,62.3924025765,62.3930756072,-0.000148515769638,-0.000673030632299,0.205742069624,-0.000138470715209
e0_diagonal,gamma_1,626,62.3923155389,62.3930913272,-0.000132795759484,-0.000775788250884,0.204702061684,-0.000158805454386
e0_diagonal,gamma_1,628,62.3922458444,62.3931081114,-0.000116011588801,-0.000862267000898,0.203667310891,-0.000175615601343
e0_diagonal,gamma_1,630,62.3921969608,62.3931258979,-9.82250564903e-05,-0.000928937140095,0.202637790673,-0.000188237769743
e0_diagonal,gamma_1,632,62.3921717467,62.3931446086,-7.95143690624e-05,-0.000972861895164,0.201613474588,-0.000196142066978
e0_diagonal,gamma_1,634,62.392172244,62.3931641501,-5.9972880166e-05,-0.000991906026684,0.20059433633,-0.000198970731124
e0_diagonal,gamma_1,636,62.3921995471,62.3931844155,-3.97074380203e-05,-0.000984868362451,0.199580349725,-0.000196560372211
e0_diagonal,gamma_1,638,62.392253691,62.3932052864,-1.88365796276e-05,-0.000951595389687,0.198571488733,-0.000188959713202
e0_diagonal,gamma_1,640,62.39233362,62.3932266348,2.51185586819e-06,-0.000893014822594,0.197567727444,-0.000176430909074
e0_diagonal,gamma_1,642,62.3924372521,62.3932483264,2.42034768476e-05,-0.000811074361174,0.19656904008,-0.000159432108609
e0_diagonal,gamma_1,644,62.3925616106,62.3932702234,4.61004091648e-05,-0.000708612793829,0.195575400991,-0.000138587231301
e0_diagonal,gamma_1,646,62.392702984,62.3932921864,6.8063474302e-05,-0.0005892024083,0.194586784661,-0.000114651002145
e0_diagonal,gamma_1,648,62.3928571304,62.3933140765,8.99535059986e-05,-0.000456946032322,0.193603165698,-8.84661984107e-05
e0_diagonal,gamma_1,650,62.393019534,62.3933357549,0.000111631941714,-0.000316220864455,0.192624518842,-6.09118918635e-05
e0_diagonal,gamma_1,652,62.393185612,62.3933570828,0.000132959808454,-0.000171470762325,0.191650818959,-3.28625120271e-05
e0_diagonal,gamma_1,654,62.3933508988,62.3933779191,0.000153796150485,-2.70203190311e-05,0.190682041043,-5.15228958248e-06
e0_diagonal,gamma_1,656,62.3935112327,62.3933981205,0.000173997581925,0.000113112204772,0.189718160213,2.14594393871e-05
e0_diagonal,gamma_1,658,62.3936628303,62.3934175428,0.000193419867067,0.000245287471976,0.188759151716,4.63002551368e-05
e0_diagonal,gamma_1,660,62.3938023762,62.3934360429,0.000211919984579,0.000366333250909,0.187804990922,6.87992128612e-05
e0_diagonal,gamma_1,662,62.3939271384,62.3934534805,0.000229357570895,0.000473657894368,0.186855653325,8.85056553049e-05
e0_diagonal,gamma_1,664,62.3940349907,62.3934697186,0.00024559562678,0.000565272111224,0.185911114547,0.00010509036822
e0_diagonal,gamma_1,666,62.3941243861,62.393484623,0.000260500090313,0.000639763075263,0.184971350328,0.000118337839922
e0_diagonal,gamma_1,668,62.3941942982,62.3934980617,0.000273938771869,0.000696236446288,0.184036336534,0.000128132804937
e0_diagonal,gamma_1,670,62.394244129,62.3935099035,0.000285780515703,0.000734225559349,0.183106049152,0.000134441141359
e0_diagonal,gamma_1,672,62.394273635,62.3935200179,0.000295894927362,0.000753617171313,0.182180464291,0.000137294326167
e0_diagonal,gamma_1,674,62.3942828871,62.3935282753,0.000304152314413,0.000754611881177,0.181259558179,0.000136780616179
e0_diagonal,gamma_1,676,62.3942722538,62.393534547,0.00031042407624,0.000737706815322,0.180343307166,0.000133040486794
e0_diagonal,gamma_1,678,62.3942423918,62.3935387067,0.000314583703414,0.00070368513402,0.17943168772,0.000126263411221
e0_diagonal,gamma_1,680,62.3941942434,62.3935406309,0.000316507920161,0.000653612569714,0.17852467643,0.000116685972519
e0_diagonal,gamma_1,682,62.39412904,62.3935402018,0.000316078830046,0.000588838221255,0.177622250002,0.000104590769746
e0_diagonal,gamma_1,684,62.3940482834,62.3935373106,0.000313187628386,0.000510972779509,0.176724385259,9.0301350343e-05
e0_diagonal,gamma_1,686,62.3939537171,62.393531862,0.000307739099583,0.000421855006024,0.175831059144,7.41752125143e-05
e0_diagonal,gamma_1,688,62.3938473047,62.3935237805,0.000299657516692,0.000323524184807,0.174942248712,5.6598048403e-05
e0_diagonal,gamma_1,690,62.3937312423,62.3935130161,0.000288893146553,0.000218226169956,0.174057931139,3.79839956629e-05
e0_diagonal,gamma_1,692,62.3936079502,62.3934995507,0.000275427779144,0.000108399488205,0.173178083712,1.87724156428e-05
e0_diagonal,gamma_1,694,62.3934800388,62.3934834027,0.000259279732482,-3.36384726296e-06,0.172302683837,-5.79599911426e-07
e0_diagonal,gamma_1,696,62.393350298,62.3934646315,0.000240508517933,-0.00011433345442,0.17143170903,-1.96003794905e-05
e0_diagonal,gamma_1,698,62.3932216603,62.3934433416,0.000219218614504,-0.000221681280451,0.170565136924,-3.78110979535e-05
e0_diagonal,gamma_1,700,62.3930970996,62.3934196845,0.000195561600307,-0.000322584978548,0.169702945263,-5.47436209572e-05
e0_diagonal,gamma_1,702,62.3929795841,62.393393859,0.000169736041244,-0.000414274933974,0.168845111905,-6.9948297586e-05
e0_diagonal,gamma_1,704,62.3928719815,62.3933661085,0.000141985522831,-0.000494126991292,0.167991614818,-8.30091911922e-05
e0_diagonal,gamma_1,706,62.3927769078,62.3933367184,0.000112595460486,-0.000559810569108,0.167142432083,-9.35681000266e-05
e0_diagonal,gamma_1,708,62.3926966381,62.3933060116,8.18886791478e-05,-0.000609373569532,0.166297541892,-0.000101337326707
e0_diagonal,gamma_1,710,62.3926329986,62.3932743427,5.02197102108e-05,-0.000641344065613,0.165456922546,-0.00010611481539
e0_diagonal,gamma_1,712,62.3925873073,62.3932420912,1.79682443928e-05,-0.000654783898923,0.164620552456,-0.00010779088718
e0_diagonal,gamma_1,714,62.39256041,62.3932096546,-1.44683517931e-05,-0.00064924458848,0.163788410143,-0.000106338738941
e0_diagonal,gamma_1,716,62.3925526785,62.3931774395,-4.66834787431e-05,-0.000624760945513,0.162960474236,-0.000101811339965
e0_diagonal,gamma_1,718,62.3925640001,62.3931458526,-7.82703204294e-05,-0.000581852510805,0.162136723472,-9.43396596457e-05
e0_diagonal,gamma_1,720,62.3925938172,62.3931152921,-0.00010883088823,-0.000521474838671,0.161317136694,-8.41228278324e-05
e0_diagonal,gamma_1,722,62.3926411622,62.3930861384,-0.000137984564574,-0.000444976181981,0.160501692855,-7.14194304883e-05
e0_diagonal,gamma_1,724,62.3927046726,62.3930587462,-0.000165376793973,-0.000354073597521,0.159690371013,-5.6542144154e-05
e0_diagonal,gamma_1,726,62.3927826187,62.3930334352,-0.00019068776075,-0.000250816494372,0.158883150331,-3.98505147807e-05
e0_diagonal,gamma_1,728,62.3928729011,62.3930104837,-0.000213639286017,-0.000137582605852,0.158080010077,-2.17490597195e-05
e0_diagonal,gamma_1,730,62.3929730894,62.3929901232,-0.000233999772547,-1.70338189136e-05,0.157280929627,-2.67909487382e-06
e0_diagonal,gamma_1,732,62.3930804748,62.3929725353,-0.000251587621577,0.000107939463348,0.156485888457,1.68910028216e-05
e0_diagonal,gamma_1,734,62.3931921221,62.3929578497,-0.000266273246822,0.000234272426958,0.15569486615,3.64750141579e-05
e0_diagonal,gamma_1,736,62.3933049695,62.3929461428,-0.000277980169756,0.000358826709608,0.154907842391,5.55850713776e-05
e0_diagonal,gamma_1,738,62.3934158998,62.392937438,-0.000286684940022,0.000478461754362,0.154124796967,7.37428207476e-05
e0_diagonal,gamma_1,740,62.3935218026,62.3929317073,-0.000292415615505,0.000590095280685,0.153345709769,9.04885796479e-05
e0_diagonal,gamma_1,742,62.3936196622,62.3929288738,-0.000295249159421,0.0006907884257,0.152570560787,0.000105393977494
e0_diagonal,gamma_1,744,62.3937066359,62.3929288156,-0.000295307299851,0.00077782028994,0.151799330115,0.000118072598963
e0_diagonal,gamma_1,746,62.3937800904,62.3929313722,-0.000292750706265,0.000848718147644,0.151031997945,0.000128183597531
e0_diagonal,gamma_1,748,62.393837673,62.3929363511,-0.000287771831772,0.000901321932055,0.150268544572,0.000135440334921
e0_diagonal,gamma_1,750,62.3938774095,62.3929435365,-0.000280586417603,0.000933872962833,0.149508950388,0.000139622366468
e0_diagonal,gamma_1,752,62.3938977969,62.3929526979,-0.000271425067297,0.00094509903731,0.148753195885,0.000140586502227
e0_diagonal,gamma_1,754,62.3938978778,62.3929635974,-0.000260525550658,0.000934280435544,0.148001261654,0.000138274683199
e0_diagonal,gamma_1,756,62.3938773292,62.3929759973,-0.000248125617404,0.000901331897055,0.147253128384,0.000132723941554
e0_diagonal,gamma_1,758,62.393836513,62.3929896658,-0.000234457175722,0.000846847237888,0.146508776862,0.000124070553012
e0_diagonal,gamma_1,760,62.3937764262,62.3930043808,-0.000219742151955,0.000772045451257,0.14576818797,0.00011253966646
e0_diagonal,gamma_1,762,62.3936987579,62.3930199344,-0.0002041885447,0.000678823529157,0.14503134269,9.84506878833e-05
e0_diagonal,gamma_1,764,62.3936058459,62.3930361364,-0.000187986573415,0.000569709500844,0.144298222098,8.2208068084e-05
e0_diagonal,gamma_1,766,62.3935004996,62.3930528168,-0.000171306124244,0.000447682793059,0.143568807365,6.42732846772e-05
e0_diagonal,gamma_1,768,62.3933859414,62.3930698283,-0.000154294619009,0.000316113021412,0.142843079759,4.51545575304e-05
e0_diagonal,gamma_1,770,62.3932656472,62.3930870477,-0.000137075227187,0.000178599449555,0.142121020642,2.53827360568e-05
e0_diagonal,gamma_1,772,62.3931431264,62.3931043765,-0.00011974640033,3.87498682954e-05,0.141402611469,5.47933257107e-06
e0_diagonal,gamma_1,774,62.3930219211,62.3931217403,-0.000102382645061,-9.98192269961e-05,0.140687833792,-1.40433508169e-05
e0_diagonal,gamma_1,776,62.3929055252,62.3931390866,-8.50363509102e-05,-0.000233561445341,0.139976669252,-3.26931531846e-05
e0_diagonal,gamma_1,778,62.3927973006,62.3931563824,-6.77405561831e-05,-0.000359081810281,0.139269099586,-5.00090003956e-05
e0_diagonal,gamma_1,780,62.3927005431,62.3931736106,-5.05123501497e-05,-0.000473067510626,0.138565106622,-6.55506500494e-05
e0_diagonal,gamma_1,782,62.3926183629,62.3931907664,-3.33565872737e-05,-0.000572403481492,0.13786467228,-7.8914218388e-05
e0_diagonal,gamma_1,784,62.3925535339,62.3932078535,-1.62694051653e-05,-0.000654319608714,0.137167778572,-8.97515672033e-05
e0_diagonal,gamma_1,786,62.3925084496,62.3932248813,7.58310093829e-07,-0.000716431634302,0.1364744076,-9.77745828771e-05
e0_diagonal,gamma_1,788,62.3924849121,62.393241859,1.77360216611e-05,-0.00075694685718,0.135784541556,-0.000102781681985
e0_diagonal,gamma_1,790,62.3924839622,62.3932587912,3.46682186176e-05,-0.0007748289445,0.135098162724,-0.000104677966828
e0_diagonal,gamma_1,792,62.3925058564,62.3932756732,5.15502171226e-05,-0.000769816722126,0.134415253477,-0.000103475109835
e0_diagonal,gamma_1,794,62.3925499669,62.393292487,6.83640272712e-05,-0.000742520075363,0.133735796275,-9.9301513529e-05
e0_diagonal,gamma_1,796,62.3926147284,62.3933091974,8.5074407167e-05,-0.000694468924685,0.133059773669,-9.2405877939e-05
e0_diagonal,gamma_1,798,62.3926977306,62.3933257493,0.000101626393125,-0.000628018746895,0.132387168298,-8.31416235394e-05
e0_diagonal,gamma_1,800,62.3927958074,62.393342068,0.000117945092029,-0.000546260662077,0.131717962887,-7.19523416142e-05
e0_diagonal,gamma_1,802,62.3929052015,62.3933580577,0.000133934735985,-0.000452856135929,0.13105214025,-5.93477658391e-05
e0_diagonal,gamma_1,804,62.3930217838,62.3933735992,0.000149476239145,-0.00035181534092,0.130389683288,-4.58730908785e-05
e0_diagonal,gamma_1,806,62.3931412627,62.3933885505,0.000164427534301,-0.000247287797762,0.129730574987,-3.2080788191e-05
e0_diagonal,gamma_1,808,62.3932594662,62.3934027503,0.000178627336496,-0.000143284040561,0.12907479842,-1.84943586523e-05
e0_diagonal,gamma_1,810,62.3933725707,62.3934160226,0.000191899699132,-4.34519654746e-05,0.128422336746,-5.58020294245e-06
e0_diagonal,gamma_1,812,62.3934772808,62.3934281812,0.000204058258582,4.90995997566e-05,0.127773173207,6.27361166412e-06
e0_diagonal,gamma_1,814,62.3935709999,62.3934390335,0.000214910563983,0.000131966380366,0.127127291133,1.67765284565e-05
e0_diagonal,gamma_1,816,62.3936518468,62.3934483857,0.000224262783163,0.000203461056543,0.126484673936,2.57347053955e-05
e0_diagonal,gamma_1,818,62.3937185471,62.3934560488,0.000231925820543,0.000262498373779,0.125845305111,3.30341879394e-05
e0_diagonal,gamma_1,820,62.3937703147,62.3934618459,0.000237723000069,0.000308468737956,0.125209168239,3.86231141073e-05
e0_diagonal,gamma_1,822,62.3938067182,62.3934656208,0.000241497801696,0.000341097427487,0.124576246983,4.24926373719e-05
e0_diagonal,gamma_1,824,62.3938275311,62.3934672426,0.00024311966763,0.000360288467334,0.123946525088,4.46565035553e-05
e0_diagonal,gamma_1,826,62.3938326486,62.3934666109,0.000242487936809,0.000366037753508,0.123319986381,4.51397707775e-05
e0_diagonal,gamma_1,828,62.3938220357,62.3934636581,0.000239535163139,0.000358377621673,0.122696614772,4.39717209892e-05
e0_diagonal,gamma_1,830,62.3937956885,62.3934583527,0.00023422971428,0.000337335807167,0.122076394251,4.11807389906e-05
e0_diagonal,gamma_1,832,62.3937537359,62.3934507006,0.000226577648604,0.00030303530319,0.121459308889,3.68064584946e-05
e0_diagonal,gamma_1,834,62.3936965986,62.3934407473,0.000216624319279,0.000255851313327,0.12084534284,3.09184396751e-05
e0_diagonal,gamma_1,836,62.3936251455,62.3934285791,0.000204456114503,0.00019656639229,0.120234480335,2.36340580283e-05
e0_diagonal,gamma_1,838,62.3935409232,62.3934143252,0.000190202233682,0.000126597996044,0.119626705685,1.51445012131e-05
e0_diagonal,gamma_1,840,62.3934462473,62.3933981575,0.000174034569696,4.80898201332e-05,0.119022003283,5.72374672977e-06
e0_diagonal,gamma_1,842,62.3933441735,62.3933802867,0.000156163771578,-3.61132215261e-05,0.118420357598,-4.27654060712e-06
e0_diagonal,gamma_1,844,62.3932383872,62.3933609561,0.000136833159537,-0.000122568953749,0.117821753178,-1.44412890159e-05
e0_diagonal,gamma_1,846,62.3931328994,62.3933404346,0.000116311637179,-0.000207535148355,0.117226174651,-2.43285515473e-05
e0_diagonal,gamma_1,848,62.3930316351,62.3933190081,9.4885118358e-05,-0.000287373015077,0.11663360672,-3.35173512224e-05
e0_diagonal,gamma_1,850,62.3929381382,62.3932969703,7.28473757192e-05,-0.000358832108859,0.116044034168,-4.16403255008e-05
e0_diagonal,gamma_1,852,62.3928553422,62.3932746141,5.0491117193e-05,-0.000419271850447,0.115457441852,-4.84080552934e-05
e0_diagonal,gamma_1,854,62.392785378,62.3932522229,2.80999239308e-05,-0.000466844876804,0.114873814709,-5.36282518761e-05
e0_diagonal,gamma_1,856,62.3927294926,62.3932300639,5.94094574069e-06,-0.00050057126181,0.11429313775,-5.72118601797e-05
e0_diagonal,gamma_1,858,62.3926880966,62.3932083812,-1.57417676832e-05,-0.000520284612676,0.113715396061,-5.9164370795e-05
e0_diagonal,gamma_1,860,62.3926608433,62.3931873916,-3.67313539087e-05,-0.000526548275751,0.113140574805,-5.95739745812e-05
e0_diagonal,gamma_1,862,62.3926467988,62.3931672836,-5.68393734568e-05,-0.000520484780644,0.11256865922,-5.85902739015e-05
e0_diagonal,gamma_1,864,62.392644683,62.3931482172,-7.59057675026e-05,-0.00050353418461,0.111999634617,-5.63956446936e-05
e0_diagonal,gamma_1,866,62.3926529046,62.3931303262,-9.37967725676e-05,-0.00047742157637,0.111433486384,-5.32007507297e-05
e0_diagonal,gamma_1,868,62.3926696584,62.393113721,-0.000110401958196,-0.000444062572591,0.110870199979,-4.92333062264e-05
e0_diagonal,gamma_1,870,62.3926932276,62.3930984892,-0.000125633726832,-0.000405261602971,0.110309760938,-4.47043105409e-05
e0_diagonal,gamma_1,872,62.3927220837,62.393084696,-0.000139426976915,-0.00036261224956,0.109752154866,-3.97974757699e-05
e0_diagonal,gamma_1,874,62.3927547377,62.3930723874,-0.000151735550077,-0.000317649681122,0.109197367443,-3.46865089477e-05
e0_diagonal,gamma_1,876,62.392789975,62.3930615958,-0.000162527177118,-0.000271620808185,0.108645384422,-2.95103471222e-05
e0_diagonal,gamma_1,878,62.3928270564,62.3930523436,-0.000171779330188,-0.000225287192045,0.108096191626,-2.43526874821e-05
e0_diagonal,gamma_1,880,62.3928657579,62.3930446465,-0.000179476473235,-0.000178888552114,0.107549774951,-1.92394235211e-05
e0_diagonal,gamma_1,882,62.3929063961,62.3930385148,-0.000185608192353,-0.000132118667338,0.107006120364,-1.41375060194e-05
e0_diagonal,gamma_1,884,62.3929496984,62.393033956,-0.000190166941756,-8.42576312508e-05,0.106465213902,-8.970506734e-06
e0_diagonal,gamma_1,886,62.3929965346,62.3930309764,-0.000193146527039,-3.44418299818e-05,0.105927041675,-3.64832115985e-06
e0_diagonal,gamma_1,888,62.3930476947,62.3930295805,-0.0001945424046,1.81141179354e-05,0.105391589861,1.90907568814e-06
e0_diagonal,gamma_1,890,62.3931036542,62.393029772,-0.00019435091837,7.38821827113e-05,0.104858844708,7.74720032363e-06
e0_diagonal,gamma_1,892,62.3931643421,62.3930315547,-0.000192568249673,0.000132787361082,0.104328792535,1.38535450456e-05
e0_diagonal,gamma_1,894,62.3932292065,62.3930349317,-0.000189191270991,0.000194274840254,0.103801419729,2.0166004236e-05
e0_diagonal,gamma_1,896,62.3932972134,62.3930399034,-0.0001842195827,0.000257310009594,0.103276712745,2.65741319474e-05
e0_diagonal,gamma_1,898,62.3933668301,62.3930464634,-0.000177659592339,0.000320366696982,0.102754658109,3.2919170418e-05
e0_diagonal,gamma_1,900,62.3934362739,62.3930545943,-0.000169528612687,0.000381679564136,0.102235242413,3.90211027635e-05
e0_diagonal,gamma_1,902,62.3935036208,62.3930642652,-0.00015985770699,0.0004393555447,0.101718452317,4.46905660237e-05
e0_diagonal,gamma_1,904,62.3935668154,62.3930754267,-0.000148696235215,0.000491388646566,0.101204274549,4.97306314975e-05
e0_diagonal,gamma_1,906,62.3936238334,62.3930880063,-0.000136116642921,0.000535827106589,0.100692695905,5.39538759012e-05
e0_diagonal,gamma_1,908,62.3936728044,62.3931019062,-0.000122216762989,0.000570898184378,0.100183703245,5.71946942867e-05
e0_diagonal,gamma_1,910,62.3937120195,62.3931170023,-0.000107120636514,0.000595017155959,0.0996772834977,5.93096937405e-05
e0_diagonal,gamma_1,912,62.3937399134,62.3931331443,-9.09786245273e-05,0.000606769062543,0.0991734236576,6.01753653019e-05
e0_diagonal,gamma_1,914,62.3937551636,62.3931501569,-7.39660132467e-05,0.000605006639191,0.0986721107844,5.96972821275e-05
e0_diagonal,gamma_1,916,62.3937568066,62.393167844,-5.62789347143e-05,0.000588962559391,0.0981733320033,5.78204168806e-05
e0_diagonal,gamma_1,918,62.3937443125,62.3931859951,-3.81278634194e-05,0.000558317407098,0.0976770745048,5.45348109704e-05
e0_diagonal,gamma_1,920,62.3937177032,62.3932043906,-1.97323332429e-05,0.000513312619404,0.097183325544,4.98854273974e-05
e0_diagonal,gamma_1,922,62.3936777997,62.3932228058,-1.31715070495e-06,0.000454993879409,0.0966920724405,4.39943011478e-05
e0_diagonal,gamma_1,924,62.3936263179,62.3932410159,1.68929684463e-05,0.000385302013171,0.0962033025779,3.7067326157e-05
e0_diagonal,gamma_1,926,62.3935657592,62.3932588019,3.46789765473e-05,0.000306957255226,0.0957170034037,2.93810286433e-05
e0_diagonal,gamma_1,928,62.393499376,62.3932759558,5.18328977535e-05,0.000223420123632,0.0952331624287,2.12770049237e-05
e0_diagonal,gamma_1,930,62.3934310087,62.3932922867,6.81637969819e-05,0.000138721929169,0.094751767227,1.31441479419e-05
e0_diagonal,gamma_1,932,62.3933648438,62.3933076252,8.35022577874e-05,5.72185544812e-05,0.0942728054354,5.3941536539e-06
e0_diagonal,gamma_1,934,62.3933050073,62.3933218263,9.77033677145e-05,-1.68189836174e-05,0.0937962647533,-1.57755784026e-06
e0_diagonal,gamma_1,936,62.3932552074,62.3933347729,0.000110649994738,-7.95655312942e-05,0.0933221329421,-7.42522508904e-06
e0_diagonal,gamma_1,938,62.393218406,62.3933463791,0.000122256140216,-0.000127973043263,0.0928503978252,-1.18823479779e-05
e0_diagonal,gamma_1,940,62.3931965577,62.3933565916,0.000132468622176,-0.000160033918952,0.0923810472875,-1.47841010343e-05
e0_diagonal,gamma_1,942,62.3931904585,62.3933653897,0.000141266793008,-0.000174931225402,0.0919140692753,-1.607864077e-05
e0_diagonal,gamma_1,944,62.3931997848,62.3933727831,0.000148660182774,-0.000172998324622,0.0914494517955,-1.58206019482e-05
e0_diagonal,gamma_1,946,62.3932233738,62.3933788074,0.000154684487008,-0.000155433676639,0.090987182916,-1.41424723677e-05
e0_diagonal,gamma_1,948,62.3932593765,62.3933835189,0.000159395924783,-0.000124142418102,0.0905272507647,-1.1238271814e-05
e0_diagonal,gamma_1,950,62.393305369,62.3933869874,0.000162864455419,-8.16184540042e-05,0.0900696435297,-7.3513450576e-06
e0_diagonal,gamma_1,952,62.3933586421,62.393389292,0.000165169020534,-3.06498740628e-05,0.0896143494587,-2.74666852512e-06
e0_diagonal,gamma_1,954,62.39341637,62.3933905167,0.000166393771821,2.58532593875e-05,0.0891613568589,2.30511168622e-06
e0_diagonal,gamma_1,956,62.3934756647,62.3933907455,0.000166622571939,8.49192047383e-05,0.0887106540966,7.5332381977e-06
e0_diagonal,gamma_1,958,62.3935336407,62.3933900564,0.000165933490948,0.000143584216701,0.0882622295969,1.2673063101e-05
e0_diagonal,gamma_1,960,62.3935875026,62.3933885181,0.000164395141653,0.000198984469328,0.0878160718433,1.74740344542e-05
e0_diagonal,gamma_1,962,62.3936346227,62.393386187,0.000162064021808,0.000248435734534,0.0873721693776,2.17063690771e-05
e0_diagonal,gamma_1,964,62.3936725867,62.3933831044,0.0001589814349,0.000289482359889,0.0869305107995,2.51648494126e-05
e0_diagonal,gamma_1,966,62.3936992978,62.3933792932,0.000155170262346,0.000320004579393,0.0864910847665,2.7677543202e-05
e0_diagonal,gamma_1,968,62.3937130039,62.3933747571,0.000150634184081,0.000338246803182,0.0860538799931,2.91074498091e-05
e0_diagonal,gamma_1,970,62.3937123698,62.3933694825,0.000145359513255,0.000342887372192,0.0856188852512,2.93576345738e-05
e0_diagonal,gamma_1,972,62.3936965774,62.3933634388,0.000139315841849,0.000333138566873,0.0851860893691,2.837877173e-05
e0_diagonal,gamma_1,974,62.3936653681,62.3933565799,0.000132456982485,0.000308788136422,0.0847554812319,2.61714871012e-05
e0_diagonal,gamma_1,976,62.3936191053,62.3933488478,0.000124724836553,0.000270257545949,0.0843270497807,2.27900215309e-05
e0_diagonal,gamma_1,978,62.3935588034,62.3933401775,0.000116054576473,0.000218625868683,0.0839007840126,1.8342881788e-05
e0_diagonal,gamma_1,980,62.3934861726,62.3933305029,0.000106379931289,0.000155669720392,0.0834766729801,1.29947903421e-05
e0_diagonal,gamma_1,982,62.3934035982,62.3933197607,9.56377419143e-05,8.38374728289e-05,0.0830547057913,6.9630966401e-06
e0_diagonal,gamma_1,984,62.3933139256,62.3933078956,8.37726479546e-05,6.02998829891e-06,0.0826348716094,4.98287308886e-07
e0_diagonal,gamma_1,986,62.3932201912,62.3932948673,7.07443012686e-05,-7.46760069603e-05,0.082217159652,-6.13964918643e-06
e0_diagonal,gamma_1,988,62.3931254144,62.3932806573,5.65343853225e-05,-0.000155242911013,0.0818015591916,-1.26991121743e-05
e0_diagonal,gamma_1,990,62.393032343,62.3932652739,4.11509764291e-05,-0.000232930893795,0.0813880595546,-1.89577934563e-05
e0_diagonal,gamma_1,992,62.3929433033,62.3932487556,2.46326023401e-05,-0.000305452226634,0.0809766501218,-2.47344980851e-05
e0_diagonal,gamma_1,994,62.392860215,62.3932311747,7.05178138105e-06,-0.000370959768439,0.0805673203272,-2.98872344923e-05
e0_diagonal,gamma_1,996,62.392784652,62.3932126386,-1.14843778363e-05,-0.000427986544096,0.0801600596584,-3.43074269078e-05
e0_diagonal,gamma_1,998,62.3927179036,62.3931932876,-3.08353450293e-05,-0.000475383967526,0.0797548576563,-3.79141806621e-05
e0_diagonal,gamma_1,1000,62.3926611026,62.3931732944,-5.082854139e-05,-0.000512191838737,0.0793517039143,-4.06432951348e-05
e0_diagonal,gamma_1,1002,62.3926151991,62.3931528619,-7.12610736926e-05,-0.000537662789462,0.0789505880789,-4.24487934162e-05
e0_diagonal,gamma_1,1004,62.3925808877,62.3931322202,-9.19027607722e-05,-0.000551332495448,0.0785514998484,-4.33079944326e-05
e0_diagonal,gamma_1,1006,62.3925585205,62.3931116233,-0.000112499692634,-0.000553102738721,0.0781544289737,-4.32274287085e-05
e0_diagonal,gamma_1,1008,62.3925480134,62.393091346,-0.000132776963078,-0.000543332626229,0.077759365257,-4.2249200139e-05
e0_diagonal,gamma_1,1010,62.3925488213,62.3930716806,-0.000152442336976,-0.000522859319013,0.0773662985524,-4.04516901756e-05
e0_diagonal,gamma_1,1012,62.3925599986,62.3930529297,-0.000171193259462,-0.000492931076337,0.0769752187652,-3.79434774373e-05
e0_diagonal,gamma_1,1014,62.3925802929,62.3930353988,-0.000188724191979,-0.000455105860077,0.0765861158517,-3.48547901246e-05
e0_diagonal,gamma_1,1016,62.3926082678,62.3930193897,-0.000204733201016,-0.000411121960092,0.076198979819,-3.13270739402e-05
e0_diagonal,gamma_1,1018,62.3926424325,62.3930051927,-0.000218930262697,-0.000362760215843,0.0758138007246,-2.75022307148e-05
e0_diagonal,gamma_1,1020,62.3926813531,62.3929930783,-0.000231044689762,-0.000311725160913,0.0754305686765,-2.35136061584e-05
e0_diagonal,gamma_1,1022,62.3927236549,62.3929832912,-0.000240831787579,-0.000259636296605,0.0750492738324,-1.94855155207e-05
e0_diagonal,gamma_1,1024,62.3927680672,62.3929760428,-0.000248080172341,-0.000207975560159,0.0746699063999,-1.55295156105e-05
e0_diagonal,gamma_1,1026,62.3928134757,62.3929715055,-0.000252617450471,-0.000158029840577,0.0742924566363,-1.17404250783e-05
e0_diagonal,gamma_1,1028,62.3928588659,62.3929698082,-0.000254314796443,-0.000110942219671,0.0739169148477,-8.20050660441e-06
e0_diagonal,gamma_1,1030,62.3929033179,62.3929710314,-0.000253091594274,-6.77134328271e-05,0.0735432713897,-4.97986736713e-06
e0_diagonal,gamma_1,1032,62.3929460657,62.3929752049,-0.000248918079052,-2.91391985172e-05,0.0731715166662,-2.13215934994e-06
e0_diagonal,gamma_1,1034,62.3929864975,62.3929823065,-0.000241816463465,4.19104426896e-06,0.0728016411299,3.05114900829e-07
e0_diagonal,gamma_1,1036,62.3930241007,62.3929922618,-0.000231861155171,3.18388845884e-05,0.0724336352817,2.30620615405e-06
e0_diagonal,gamma_1,1038,62.3930585857,62.3930049457,-0.000219177242982,5.3640011842e-05,0.0720674896705,3.86570099935e-06
e0_diagonal,gamma_1,1040,62.3930898935,62.3930201843,-0.000203938637206,6.97092228634e-05,0.0717031948929,4.99837399281e-06
e0_diagonal,gamma_1,1042,62.3931181557,62.3930377578,-0.00018636514379,8.03979424688e-05,0.0713407415932,5.73564883829e-06
e0_diagonal,gamma_1,1044,62.3931437249,62.3930574057,-0.000166717253379,8.63191704497e-05,0.0709801204628,6.12694511676e-06
e0_diagonal,gamma_1,1046,62.393167095,62.3930788328,-0.000145290176825,8.82622624303e-05,0.0706213222402,6.23319767674e-06
e0_diagonal,gamma_1,1048,62.3931889293,62.393101717,-0.000122405955352,8.72122851661e-05,0.0702643377109,6.12791345745e-06
e0_diagonal,gamma_1,1050,62.3932099936,62.3931257186,-9.84043654313e-05,8.4274974121e-05,0.0699091577068,5.89159245656e-06
e0_diagonal,gamma_1,1052,62.3932310206,62.3931504882,-7.36347424279e-05,8.0532406102e-05,0.0695557731061,5.60149376652e-06
e0_diagonal,gamma_1,1054,62.3932527139,62.3931756749,-4.84480422855e-05,7.70390117353e-05,0.0692041748333,5.33142123711e-06
e0_diagonal,gamma_1,1056,62.3932756837,62.3932009337,-2.31892704363e-05,7.4750033761e-05,0.0688543538586,5.14686527553e-06
e0_diagonal,gamma_1,1058,62.3933003212,62.3932259328,1.80988099885e-06,7.4388338291e-05,0.068506301198,5.09606990858e-06
e0_diagonal,gamma_1,1060,62.3933267489,62.3932503611,2.62381471856e-05,7.63877804815e-05,0.0681600079128,5.20659172206e-06
e0_diagonal,gamma_1,1062,62.3933547749,62.3932739333,4.98103951685e-05,8.08415426974e-05,0.0678154651094,5.48230681818e-06
e0_diagonal,gamma_1,1064,62.393383813,62.3932963953,7.22723366806e-05,8.74176901249e-05,0.0674726639394,5.89830442815e-06
e0_diagonal,gamma_1,1066,62.3934129146,62.3933175284,9.34054389745e-05,9.53862191864e-05,0.0671315955989,6.40342909213e-06
e0_diagonal,gamma_1,1068,62.3934407652,62.3933371533,0.00011303031021,0.000103611987797,0.0667922513287,6.92047792958e-06
e0_diagonal,gamma_1,1070,62.3934657902,62.3933551316,0.000131008612655,0.000110658619775,0.0664546224138,7.35377679397e-06
e0_diagonal,gamma_1,1072,62.3934863422,62.3933713673,0.00014724435686,0.000114974901365,0.066118700183,7.60199103192e-06
e0_diagonal,gamma_1,1074,62.3935008835,62.393385806,0.000161683028907,0.000115077508291,0.0657844760095,7.57031358337e-06
e0_diagonal,gamma_1,1076,62.3935081715,62.3933984325,0.000174309506903,0.000109739091812,0.0654519413095,7.18263659663e-06
e0_diagonal,gamma_1,1078,62.3935074647,62.3934092684,0.000185145487322,9.81962897129e-05,0.0651210875429,6.39464917878e-06
e0_diagonal,gamma_1,1080,62.3934986259,62.3934183685,0.00019424554614,8.02573601106e-05,0.0647919062129,5.20002734918e-06
e0_diagonal,gamma_1,1082,62.3934821398,62.3934258151,0.000201692135889,5.63247430563e-05,0.0644643888653,3.63094013912e-06
e0_diagonal,gamma_1,1084,62.3934591307,62.393431713,0.000207590004145,2.74177628086e-05,0.0641385270889,1.75853492262e-06
e0_diagonal,gamma_1,1086,62.3934313084,62.3934361829,0.000212059902019,-4.87445176134e-06,0.063814312515,-3.11059788037e-07
e0_diagonal,gamma_1,1088,62.3934008672,62.3934393552,0.000215232209555,-3.84879292952e-05,0.063491736817,-2.44366547744e-06
e0_diagonal,gamma_1,1090,62.3933703223,62.3934413629,0.000217239942813,-7.10406287396e-05,0.0631707917105,-4.4876927611e-06
e0_diagonal,gamma_1,1092,62.3933423434,62.3934423349,0.000218211981561,-9.9991535258e-05,0.0628514689532,-6.28461487385e-06
e0_diagonal,gamma_1,1094,62.3933196108,62.3934423906,0.000218267663939,-0.000122779798616,0.0625337603441,-7.67788250176e-06
e0_diagonal,gamma_1,1096,62.3933046341,62.3934416342,0.00021751121087,-0.00013700004363,0.0622176577239,-8.52382182271e-06
e0_diagonal,gamma_1,1098,62.3932994937,62.3934401489,0.000216025953904,-0.000140655227383,0.0619031529745,-8.70700205738e-06
e0_diagonal,gamma_1,1100,62.3933056566,62.3934379934,0.000213870499223,-0.000132336804086,0.0615902380187,-8.15065526227e-06
e0_diagonal,gamma_1,1102,62.3933238964,62.3934351999,0.000211076905906,-0.000111303451689,0.0612789048203,-6.82055362222e-06
e0_diagonal,gamma_1,1104,62.393354205,62.3934317738,0.000207650864482,-7.75687770727e-05,0.0609691453836,-4.72930204657e-06
e0_diagonal,gamma_1,1106,62.3933958113,62.3934276964,0.000203573402416,-3.18850426453e-05,0.0606609517535,-1.93417703356e-06
e0_diagonal,gamma_1,1108,62.3934472757,62.3934229253,0.000198802301398,2.4350492744e-05,0.0603543160148,1.46965733419e-06
e0_diagonal,gamma_1,1110,62.393506527,62.3934173968,0.000193273821189,8.91302525616e-05,0.0600492302927,5.35220306212e-06
e0_diagonal,gamma_1,1112,62.3935709669,62.3934110296,0.000186906618204,0.000159937357829,0.0597456867519,9.55556728075e-06
e0_diagonal,gamma_1,1114,62.3936375692,62.393403731,0.00017960805453,0.000233838234195,0.0594436775967,1.39002046033e-05
e0_diagonal,gamma_1,1116,62.3937029107,62.3933954046,0.000171281634394,0.000307506117792,0.0591431950711,1.81868943102e-05
e0_diagonal,gamma_1,1118,62.3937633398,62.3933859564,0.000161833454214,0.000377383388781,0.0588442314581,2.22068354779e-05
e0_diagonal,gamma_1,1120,62.393815164,62.3933753008,0.000151177811475,0.000439863195695,0.0585467790797,2.57525733436e-05
e0_diagonal,gamma_1,1122,62.3938547813,62.3933633656,0.000139242692228,0.000491415660129,0.0582508302967,2.86253702233e-05
e0_diagonal,gamma_1,1124,62.3938789139,62.3933500975,0.00012597454721,0.000528816452793,0.0579563775085,3.06482859708e-05
e0_diagonal,gamma_1,1126,62.3938848377,62.393335466,0.000111343062215,0.000549371708964,0.0576634131532,3.16786478286e-05
e0_diagonal,gamma_1,1128,62.393870581,62.3933194685,9.53455351862e-05,0.000551112505647,0.0573719297067,3.16183879345e-05
e0_diagonal,gamma_1,1130,62.3938351581,62.3933021325,7.80095848114e-05,0.000533025515722,0.0570819196832,3.04261196775e-05
e0_diagonal,gamma_1,1132,62.3937787036,62.3932835182,5.93952514834e-05,0.000495185446795,0.0567933756347,2.81232530886e-05
e0_diagonal,gamma_1,1134,62.3937025091,62.3932637194,3.95964584357e-05,0.000438789733941,0.0565062901508,2.47943800213e-05
e0_diagonal,gamma_1,1136,62.3936089687,62.3932428642,1.87412193355e-05,0.000366104500735,0.0562206558586,2.05826351441e-05
e0_diagonal,gamma_1,1138,62.3935014011,62.3932211142,-3.00873502823e-06,0.000280286890877,0.0559364654224,1.56782579799e-05
e0_diagonal,gamma_1,1140,62.3933838448,62.3931986632,-2.54597772056e-05,0.000185181606042,0.0556537115438,1.03060436859e-05
e0_diagonal,gamma_1,1142,62.3932608046,62.3931757327,-4.83902806252e-05,8.50719096093e-05,0.0553723869609,4.71063469839e-06
e0_diagonal,gamma_1,1144,62.3931369242,62.3931525675,-7.15554211723e-05,-1.56433635894e-05,0.0550924844489,-8.61831765277e-07
e0_diagonal,gamma_1,1146,62.3930167135,62.3931294306,-9.46923666874e-05,-0.000112717062343,0.0548139968193,-6.17847269677e-06
e0_diagonal,gamma_1,1148,62.3929043828,62.3931065977,-0.000117525244136,-0.000202214900042,0.05453691692,-1.10281772036e-05
e0_diagonal,gamma_1,1150,62.392803656,62.3930843531,-0.000139769830817,-0.000280697123166,0.0542612376351,-1.52309733036e-05
e0_diagonal,gamma_1,1152,62.392717698,62.3930629838,-0.000161139157939,-0.00034528579647,0.0539869518845,-1.86409276805e-05
e0_diagonal,gamma_1,1154,62.3926490444,62.3930427733,-0.000181349654767,-0.000393728939976,0.0537140526241,-2.11487770015e-05
e0_diagonal,gamma_1,1156,62.3925995167,62.3930239954,-0.000200127595846,-0.000424478698775,0.0534425328454,-2.26852168015e-05
e0_diagonal,gamma_1,1158,62.3925702204,62.3930069064,-0.000217216541081,-0.000436685974996,0.053172385575,-2.32196350377e-05
e0_diagonal,gamma_1,1160,62.3925615036,62.3929917384,-0.000232384578339,-0.000430234796035,0.0529036038752,-2.27609712227e-05
e0_diagonal,gamma_1,1162,62.3925729061,62.3929786935,-0.000245429446565,-0.000405787363562,0.052636180843,-2.13590970522e-05
e0_diagonal,gamma_1,1164,62.3926031934,62.39296794,-0.000256182911528,-0.000364746593007,0.0523701096106,-1.91018190559e-05
e0_diagonal,gamma_1,1166,62.3926504084,62.3929596088,-0.000264514159568,-0.000309200423779,0.0521053833447,-1.61110066113e-05
e0_diagonal,gamma_1,1168,62.3927119541,62.3929537911,-0.00027033185026,-0.000241837012574,0.0518419952466,-1.25373132563e-05
e0_diagonal,gamma_1,1170,62.39278476,62.3929505371,-0.000273585893837,-0.000165777101785,0.0515799385521,-8.5507727234e-06
e0_diagonal,gamma_1,1172,62.3928654045,62.3929498551,-0.000274267825588,-8.44505827047e-05,0.0513192065309,-4.33393689548e-06
e0_diagonal,gamma_1,1174,62.3929502801,62.3929517133,-0.000272409635755,-1.43319664403e-06,0.051059792487,-7.31787232372e-08
e0_diagonal,gamma_1,1176,62.3930357902,62.3929560416,-0.000268081379943,7.97485989139e-05,0.0508016897581,4.05136358067e-06
e0_diagonal,gamma_1,1178,62.393118507,62.3929627352,-0.000261387709045,0.000155771791057,0.0505448917157,7.87346831134e-06
e0_diagonal,gamma_1,1180,62.3931953489,62.3929716595,-0.000252463490582,0.000223689448632,0.0502893917646,1.12492063158e-05
e0_diagonal,gamma_1,1182,62.3932637281,62.3929826538,-0.000241469187017,0.000281074295117,0.0500351833431,1.40636038892e-05
e0_diagonal,gamma_1,1184,62.3933216294,62.3929955371,-0.000228585844397,0.000326092340593,0.0497822599227,1.62336136582e-05
e0_diagonal,gamma_1,1186,62.3933676784,62.393010113,-0.00021400999178,0.000357565453399,0.0495306150078,1.77104368124e-05
e0_diagonal,gamma_1,1188,62.3934011647,62.3930261737,-0.000197949282764,0.000374991028444,0.0492802421357,1.84796486804e-05
e0_diagonal,gamma_1,1190,62.3934220334,62.393043505,-0.000180617971367,0.000378528386257,0.0490311348762,1.8559676361e-05
e0_diagonal,gamma_1,1192,62.3934308013,62.39306189,-0.000162232968584,0.000368911277647,0.0487832868319,1.7996704673e-05
e0_diagonal,gamma_1,1194,62.3934283785,62.3930811116,-0.000143011355902,0.000347266871401,0.0485366916375,1.68551850531e-05
e0_diagonal,gamma_1,1196,62.3934159766,62.3931009545,-0.000123168415996,0.000315022072186,0.0482913429599,1.52128389279e-05
e0_diagonal,gamma_1,1198,62.3933950177,62.3931212083,-0.000102914671245,0.000273809440202,0.0480472344982,1.31557863812e-05
e0_diagonal,gamma_1,1200,62.3933669532,62.3931416707,-8.24522198144e-05,0.000225282420928,0.0478043599832,1.07694819479e-05
e0_diagonal,gamma_1,1202,62.3933331602,62.39316215,-6.19729023867e-05,0.00017101014511,0.0475627131773,8.13370648225e-06
e0_diagonal,gamma_1,1204,62.3932949562,62.3931824665,-4.16564820043e-05,0.000112489705415,0.0473222878746,5.3232702226e-06
e0_diagonal,gamma_1,1206,62.3932536009,62.3932024562,-2.16667783235e-05,5.11447671201e-05,0.0470830779005,2.40805305452e-06
e0_diagonal,gamma_1,1208,62.3932102703,62.3932219732,-2.14971505841e-06,-1.17028996556e-05,0.0468450771116,-5.48223236795e-07
e0_diagonal,gamma_1,1210,62.3931660357,62.3932408891,1.67661100434e-05,-7.48533781589e-05,0.0466082793957,-3.48878716294e-06
e0_diagonal,gamma_1,1212,62.3931218429,62.3932590927,3.49697133259e-05,-0.000137249742906,0.0463726786713,-6.36463822549e-06
e0_diagonal,gamma_1,1214,62.3930784776,62.3932764914,5.23684445497e-05,-0.000198013766465,0.0461382688876,-9.13601240059e-06
e0_diagonal,gamma_1,1216,62.3930364785,62.3932930101,6.88871351784e-05,-0.000256531607796,0.0459050440246,-1.17760947496e-05
e0_diagonal,gamma_1,1218,62.3929961505,62.3933085897,8.44667937727e-05,-0.000312439228559,0.0456729980927,-1.427003629e-05
e0_diagonal,gamma_1,1220,62.3929576858,62.3933231862,9.90632650044e-05,-0.00036550045639,0.0454421251324,-1.66091174752e-05
e0_diagonal,gamma_1,1222,62.3929212264,62.3933367684,0.000112645472569,-0.000415541991387,0.0452124192145,-1.87876587158e-05
e0_diagonal,gamma_1,1224,62.3928869614,62.3933493169,0.000125193935148,-0.000462355524789,0.0449838744396,-2.07985428736e-05
e0_diagonal,gamma_1,1226,62.3928553044,62.3933608222,0.000136699269731,-0.000505517777739,0.0447564849383,-2.26251988054e-05
e0_diagonal,gamma_1,1228,62.3928269893,62.3933712837,0.000147160727366,-0.00054429440145,0.0445302448708,-2.42375629784e-05
e0_diagonal,gamma_1,1230,62.3928030859,62.3933807083,0.000156585385056,-0.000577622470438,0.0443051484269,-2.55916492874e-05
e0_diagonal,gamma_1,1232,62.3927850248,62.3933891092,0.000164986271855,-0.000604084392549,0.0440811898255,-2.66287587786e-05
e0_diagonal,gamma_1,1234,62.3927745216,62.3933965024,0.00017237947489,-0.000621980859584,0.043858363315,-2.72790625146e-05
e0_diagonal,gamma_1,1236,62.3927733771,62.3934029068,0.000178783838436,-0.000629529715383,0.0436366631728,-2.74705761474e-05
e0_diagonal,gamma_1,1238,62.3927832844,62.3934083445,0.000184221514729,-0.000625060030487,0.0434160837052,-2.71376586044e-05
e0_diagonal,gamma_1,1240,62.392805607,62.3934128395,0.000188716518494,-0.000607232473627,0.0431966192472,-2.62303899578e-05
e0_diagonal,gamma_1,1242,62.392841175,62.3934164167,0.00019229376322,-0.000575241715111,0.0429782641626,-2.47228903894e-05
e0_diagonal,gamma_1,1244,62.3928901472,62.3934191023,0.000194979336868,-0.000528955119542,0.0427610128437,-2.26186566605e-05
e0_diagonal,gamma_1,1246,62.3929519085,62.3934209221,0.00019679916732,-0.000469013570672,0.0425448597109,-1.99541165668e-05
e0_diagonal,gamma_1,1248,62.393025054,62.3934218982,0.000197775235733,-0.00039684414601,0.0423297992131,-1.67983330195e-05
e0_diagonal,gamma_1,1250,62.3931075125,62.3934220455,0.000197922594083,-0.000314533003603,0.042115825827,-1.32468171966e-05
e0_diagonal,gamma_1,1252,62.3931967127,62.3934213721,0.00019724913507,-0.000224659414343,0.0419029340575,-9.4138886246e-06
e0_diagonal,gamma_1,1254,62.3932897445,62.3934198793,0.000195756393552,-0.00013013485129,0.041691118437,-5.4254674979e-06
e0_diagonal,gamma_1,1256,62.3933836049,62.3934175626,0.000193439674632,-3.39576767416e-05,0.0414803735257,-1.40857711531e-06
e0_diagonal,gamma_1,1258,62.3934754665,62.3934144103,0.000190287312407,6.10562505869e-05,0.0412706939112,2.51983382934e-06
e0_diagonal,gamma_1,1260,62.3935627726,62.3934104022,0.000186279250613,0.000152370402922,0.0410620742087,6.25664479201e-06
e0_diagonal,gamma_1,1262,62.39364326,62.3934055094,0.000181386432658,0.00023775063633,0.0408545090603,9.71318552604e-06
e0_diagonal,gamma_1,1264,62.393715021,62.3933996958,0.00017557284125,0.000315325194329,0.0406479931353,1.28173363345e-05
e0_diagonal,gamma_1,1266,62.3937764306,62.3933929218,0.000168798807245,0.000383508862505,0.04044252113,1.55100652754e-05
e0_diagonal,gamma_1,1268,62.3938261343,62.3933851486,0.000161025651408,0.000440985728815,0.0402380877675,1.77444224603e-05
e0_diagonal,gamma_1,1270,62.3938630956,62.3933763444,0.0001522214164,0.000486751219981,0.0400346877975,1.9486933127e-05
e0_diagonal,gamma_1,1272,62.3938865236,62.3933664878,0.000142364815126,0.000520035865954,0.0398323159964,2.07142329421e-05
e0_diagonal,gamma_1,1274,62.393895878,62.3933555704,0.000131447490674,0.000540307532717,0.0396309671668,2.14129100891e-05
e0_diagonal,gamma_1,1276,62.3938908832,62.3933435988,0.000119475870754,0.000547284423781,0.0394306361377,2.1579772978e-05
e0_diagonal,gamma_1,1278,62.3938714103,62.3933305957,0.000106472790137,0.000540814520747,0.0392313177642,2.12168663149e-05
e0_diagonal,gamma_1,1280,62.3938374848,62.3933166028,9.24798220154e-05,0.0005208819926,0.0390330069275,2.03315904256e-05
e0_diagonal,gamma_1,1282,62.3937893209,62.3933016824,7.75594587878e-05,0.000487638537209,0.0388356985345,1.89377832248e-05
e0_diagonal,gamma_1,1284,62.3937273399,62.3932859188,6.17958795033e-05,0.00044142109121,0.0386393875179,1.70562406018e-05
e0_diagonal,gamma_1,1286,62.39365231,62.3932694183,4.52953408256e-05,0.000382891673304,0.0384440688361,1.47199138453e-05
e0_diagonal,gamma_1,1288,62.3935654539,62.3932523084,2.81854997297e-05,0.000313145448132,0.0382497374729,1.19777311819e-05
e0_diagonal,gamma_1,1290,62.3934685443,62.3932347356,1.06126667134e-05,0.000233808693203,0.0380563884376,8.89791444862e-06
e0_diagonal,gamma_1,1292,62.3933639946,62.3932168613,-7.26166399545e-06,0.000147133348122,0.0378640167646,5.57105955992e-06
e0_diagonal,gamma_1,1294,62.3932548166,62.3931988597,-2.52632436712e-05,5.59569172367e-05,0.0376726175133,2.10804354028e-06
e0_diagonal,gamma_1,1296,62.3931445328,62.393180915,-4.32079269856e-05,-3.63821820244e-05,0.0374821857682,-1.36368370529e-06
e0_diagonal,gamma_1,1298,62.3930371258,62.3931632172,-6.09057888212e-05,-0.00012609139953,0.0372927166388,-4.70229083325e-06
e0_diagonal,gamma_1,1300,62.3929367575,62.3931459571,-7.81658675351e-05,-0.000209199532989,0.0371042052591,-7.76218241213e-06
e0_diagonal,gamma_1,1302,62.3928474237,62.3931293228,-9.48001374468e-05,-0.000281899121575,0.0369166467876,-1.04067703009e-05
e0_diagonal,gamma_1,1304,62.3927727545,62.3931134971,-0.00011062582324,-0.000340742630932,0.0367300364077,-1.25154892398e-05
e0_diagonal,gamma_1,1306,62.3927157719,62.3930986551,-0.000125467828639,-0.000382883218435,0.0365443693266,-1.39922257435e-05
e0_diagonal,gamma_1,1308,62.3926786837,62.3930849613,-0.000139161615934,-0.000406277666002,0.0363596407763,-1.47721099913e-05
e0_diagonal,gamma_1,1310,62.3926628414,62.3930725673,-0.000151555690827,-0.000409725851817,0.0361758460124,-1.48221793226e-05
e0_diagonal,gamma_1,1312,62.3926687218,62.3930616093,-0.000162513641826,-0.000392887461814,0.0359929803147,-1.4141190679e-05
e0_diagonal,gamma_1,1314,62.3926959598,62.3930522071,-0.00017191584638,-0.000356247288977,0.0358110389869,-1.27575855545e-05
e0_diagonal,gamma_1,1316,62.3927434143,62.3930444616,-0.000179661323003,-0.000301047317009,0.0356300173565,-1.07263211302e-05
e0_diagonal,gamma_1,1318,62.392809205,62.3930384538,-0.00018566919762,-0.000229248732765,0.0354499107744,-8.12684712166e-06
e0_diagonal,gamma_1,1320,62.3928907852,62.3930342428,-0.000189880120956,-0.00014345767282,0.035270714615,-5.05985463737e-06
e0_diagonal,gamma_1,1322,62.3929850625,62.3930318647,-0.00019225820725,-4.6802201183e-05,0.0350924242764,-1.64240270099e-06
e0_diagonal,gamma_1,1324,62.3930885371,62.3930313306,-0.000192792376069,5.72065377042e-05,0.0349150351797,1.99736827645e-06
e0_diagonal,gamma_1,1326,62.3931974769,62.3930326262,-0.000191496760948,0.000164850708217,0.0347385427691,5.7266733779e-06
e0_diagonal,gamma_1,1328,62.3933081183,62.3930357121,-0.000188410840437,0.000272406184884,0.0345629425121,9.41515930807e-06
e0_diagonal,gamma_1,1330,62.3934168529,62.3930405232,-0.000183599743167,0.000376329658344,0.0343882298988,1.29413108089e-05
e0_diagonal,gamma_1,1332,62.3935203188,62.3930469692,-0.000177153731968,0.000473349632081,0.0342144004422,1.61953738612e-05
e0_diagonal,gamma_1,1334,62.3936154,62.3930549367,-0.000169186255889,0.000560463278156,0.0340414496782,1.90789824798e-05
e0_diagonal,gamma_1,1336,62.3936992589,62.3930642929,-0.000159830057285,0.000634966034909,0.033869373165,2.15059015834e-05
e0_diagonal,gamma_1,1338,62.3937693625,62.3930748899,-0.000149233046969,0.000694472548631,0.0336981664833,2.34024515618e-05
e0_diagonal,gamma_1,1340,62.3938235188,62.393086568,-0.000137554924194,0.000736950817682,0.0335278252362,2.47083582229e-05
e0_diagonal,gamma_1,1342,62.3938600078,62.3930991596,-0.000124963363319,0.000760848194702,0.0333583450491,2.53806366088e-05
e0_diagonal,gamma_1,1344,62.3938778015,62.3931124925,-0.000111630438383,0.000765308981073,0.0331897215693,2.54003919963e-05
e0_diagonal,gamma_1,1346,62.393876675,62.3931263935,-9.77294765789e-05,0.000750281503826,0.0330219504662,2.47757586551e-05
e0_diagonal,gamma_1,1348,62.393857321,62.3931406923,-8.34306879938e-05,0.000716628735752,0.0328550274312,2.35448567711e-05
e0_diagonal,gamma_1,1350,62.3938213431,62.393155227,-6.88959270647e-05,0.00066611612025,0.0326889481774,2.1774635335e-05
e0_diagonal,gamma_1,1352,62.3937711143,62.3931698478,-5.42751106707e-05,0.00060126642785,0.0325237084394,1.95554139938e-05
e0_diagonal,gamma_1,1354,62.3937095612,62.3931844176,-3.97053962899e-05,0.000525143613686,0.0323593039738,1.69932818251e-05
e0_diagonal,gamma_1,1356,62.3936398152,62.3931988116,-2.53113560902e-05,0.000441003624594,0.0321957305581,1.41984338726e-05
e0_diagonal,gamma_1,1358,62.3935648888,62.3932129185,-1.12044760954e-05,0.000351970370389,0.0320329839915,1.12746612402e-05
e0_diagonal,gamma_1,1360,62.3934874636,62.3932266399,2.51695493603e-06,0.000260823674992,0.0318710600945,8.31272701974e-06
e0_diagonal,gamma_1,1362,62.3934096905,62.3932398883,1.57653065145e-05,0.000169802258839,0.0317099547084,5.38442193715e-06
e0_diagonal,gamma_1,1364,62.3933331321,62.3932525824,2.84594320661e-05,8.05497104679e-05,0.0315496636958,2.54131627605e-06
e0_diagonal,gamma_1,1366,62.3932588238,62.3932646455,4.05225406723e-05,-5.82169151642e-06,0.03139018294,-1.8274396172e-07
e0_diagonal,gamma_1,1368,62.3931873453,62.393276005,5.18820257369e-05,-8.86596741054e-05,0.0312315083453,-2.76897535172e-06
e0_diagonal,gamma_1,1370,62.393118964,62.3932865913,6.24683405874e-05,-0.000167627270109,0.0310736358367,-5.20878874766e-06
e0_diagonal,gamma_1,1372,62.393053789,62.3932963354,7.22124392212e-05,-0.00024254642419,0.0309165613596,-7.498701406e-06
e0_diagonal,gamma_1,1374,62.3929919125,62.3933051671,8.10441307664e-05,-0.000313254550733,0.03076028088,-9.63579796749e-06
e0_diagonal,gamma_1,1376,62.392933408,62.3933130141,8.88911584696e-05,-0.000379606148911,0.0306047903845,-1.16177666161e-05
e0_diagonal,gamma_1,1378,62.3928783001,62.3933198028,9.56798565355e-05,-0.000441502707652,0.0304500858796,-1.34437953641e-05
e0_diagonal,gamma_1,1380,62.3928265764,62.3933254617,0.000101338774165,-0.000498885338757,0.0302961633923,-1.5114311737e-05
e0_diagonal,gamma_1,1382,62.3927782153,62.3933299249,0.000105801921684,-0.000551709593317,0.0301430189696,-1.66301927371e-05
e0_diagonal,gamma_1,1384,62.392733367,62.3933331348,0.000109011812079,-0.000599767723592,0.0299906486783,-1.79874230869e-05
e0_diagonal,gamma_1,1386,62.3926924663,62.3933350473,0.000110924388196,-0.000642581053093,0.0298390486054,-1.91740072761e-05
e0_diagonal,gamma_1,1388,62.3926562863,62.3933356364,0.000111513427029,-0.000679350121224,0.0296882148574,-2.01686923623e-05
e0_diagonal,gamma_1,1390,62.3926260426,62.3933348975,0.000110774531279,-0.000708854833675,0.0295381435607,-2.09382558408e-05
e0_diagonal,gamma_1,1392,62.3926033616,62.3933328527,0.000108729712039,-0.000729491093523,0.029388830861,-2.14388903622e-05
e0_diagonal,gamma_1,1394,62.3925901304,62.393329554,0.000105431038911,-0.00073942360185,0.0292402729239,-2.16209479244e-05
e0_diagonal,gamma_1,1396,62.3925883272,62.3933250852,0.000100962206815,-0.000736757980661,0.0290924659339,-2.14341064539e-05
e0_diagonal,gamma_1,1398,62.3925997238,62.393319561,9.54380764284e-05,-0.000719837224942,0.0289454060952,-2.08359807984e-05
e0_diagonal,gamma_1,1400,62.3926256233,62.3933131256,8.90026065719e-05,-0.000687502228637,0.028799089631,-1.9799438304e-05
e0_diagonal,gamma_1,1402,62.3926666929,62.3933059477,8.18247561796e-05,-0.000639254810984,0.0286535127835,-1.83168958985e-05
e0_diagonal,gamma_1,1404,62.3927228012,62.3932982154,7.40924599469e-05,-0.000575414229296,0.0285086718141,-1.64042954201e-05
e0_diagonal,gamma_1,1406,62.3927929501,62.3932901279,6.60049887671e-05,-0.0004971777946,0.028364563003,-1.41022308786e-05
e0_diagonal,gamma_1,1408,62.3928752955,62.3932818887,5.77657298138e-05,-0.000406593130826,0.0282211826491,-1.14745390089e-05
e0_diagonal,gamma_1,1410,62.3929671135,62.3932736983,4.95753976892e-05,-0.000306584893501,0.0280785270702,-8.60845223149e-06
e0_diagonal,gamma_1,1412,62.3930650705,62.3932657473,4.16243593975e-05,-0.000200676794229,0.0279365926027,-5.60622584519e-06
e0_diagonal,gamma_1,1414,62.3931654902,62.3932582079,3.40849550895e-05,-9.27176825485e-05,0.0277953756013,-2.57712281132e-06
e0_diagonal,gamma_1,1416,62.3932644097,62.3932512273,2.71043669287e-05,1.31823673399e-05,0.0276548724394,3.64556687235e-07
e0_diagonal,gamma_1,1418,62.393357916,62.3932449224,2.07994394543e-05,0.000112993607885,0.0275150795084,3.10902810491e-06
e0_diagonal,gamma_1,1420,62.3934423605,62.3932393753,1.52523318064e-05,0.00020298517201,0.0273759932184,5.55692069237e-06
e0_diagonal,gamma_1,1422,62.393514537,62.3932346301,1.05071831911e-05,0.000279906845364,0.0272376099973,7.62399348959e-06
e0_diagonal,gamma_1,1424,62.3935718851,62.3932306931,6.57010641447e-06,0.000341192043742,0.027099926291,9.24627923649e-06
e0_diagonal,gamma_1,1426,62.3936126206,62.3932275346,3.41160637873e-06,0.000385086066274,0.0269629385638,1.03830519467e-05
e0_diagonal,gamma_1,1428,62.3936358191,62.3932250922,9.69226213954e-07,0.000410726947301,0.0268266432973,1.10184253078e-05
e0_diagonal,gamma_1,1430,62.3936414304,62.3932232741,-8.48814515564e-07,0.000418156300391,0.0266910369914,1.11610252819e-05
e0_diagonal,gamma_1,1432,62.3936302608,62.3932219655,-2.15747522248e-06,0.000408295314372,0.0265561161633,1.08427377974e-05
e0_diagonal,gamma_1,1434,62.393603842,62.3932210347,-3.08821555706e-06,0.000382807281333,0.026421877348,1.01144870353e-05
e0_diagonal,gamma_1,1436,62.3935642524,62.3932203399,-3.78305659865e-06,0.000343912503396,0.0262883170981,9.04088094329e-06
e0_diagonal,gamma_1,1438,62.3935139451,62.3932197353,-4.38767960986e-06,0.000294209825718,0.0261554319834,7.69518508542e-06
e0_diagonal,gamma_1,1440,62.3934555158,62.393219079,-5.04396305701e-06,0.000236436802012,0.0260232185912,6.15284658178e-06
e0_diagonal,gamma_1,1442,62.3933915389,62.3932182396,-5.88334382456e-06,0.000173299342272,0.025891673526,4.48700999238e-06
e0_diagonal,gamma_1,1444,62.3933244348,62.3932171033,-7.0196644657e-06,0.000107331523381,0.0257607934094,2.76494520014e-06
e0_diagonal,gamma_1,1446,62.3932563162,62.3932155799,-8.54299982223e-06,4.07362710249e-05,0.0256305748803,1.04409404485e-06
e0_diagonal,gamma_1,1448,62.3931889217,62.393213608,-1.05149376566e-05,-2.46862864373e-05,0.0255010145942,-6.29525350714e-07
e0_diagonal,gamma_1,1450,62.3931236573,62.3932111582,-1.296470478e-05,-8.75009331196e-05,0.025372109224,-2.22008323231e-06
e0_diagonal,gamma_1,1452,62.3930616785,62.3932082348,-1.58881027801e-05,-0.000146556369621,0.0252438554589,-3.69964781131e-06
e0_diagonal,gamma_1,1454,62.3930039621,62.3932048745,-1.92484062538e-05,-0.000200912401858,0.0251162500053,-5.04616611425e-06
e0_diagonal,gamma_1,1456,62.3929515602,62.3932011467,-2.29762697543e-05,-0.000249586473807,0.024989289586,-6.2369886707e-06
e0_diagonal,gamma_1,1458,62.3929056412,62.3931971519,-2.69710881184e-05,-0.000291510643642,0.0248629709403,-7.24782066167e-06
e0_diagonal,gamma_1,1460,62.3928675559,62.3931930167,-3.11062044176e-05,-0.000325460871153,0.0247372908242,-8.05102022162e-06
e0_diagonal,gamma_1,1462,62.3928389029,62.3931888878,-3.52351664787e-05,-0.000349984907594,0.02461224601,-8.61391464548e-06
e0_diagonal,gamma_1,1464,62.3928213346,62.3931849265,-3.91964554183e-05,-0.000363591912716,0.0244878332862,-8.90357814281e-06
e0_diagonal,gamma_1,1466,62.3928163635,62.3931813042,-4.28187074419e-05,-0.000364940782582,0.0243640494577,-8.89143527597e-06
e0_diagonal,gamma_1,1468,62.3928252042,62.3931781958,-4.59271515467e-05,-0.000352991646388,0.0242408913455,-8.55683214596e-06
e0_diagonal,gamma_1,1470,62.392848546,62.3931757722,-4.83507719338e-05,-0.000327226211269,0.0241183557867,-7.89215818611e-06
e0_diagonal,gamma_1,1472,62.3928864207,62.3931741926,-4.99303810244e-05,-0.000287771864308,0.0239964396342,-6.90550017029e-06
e0_diagonal,gamma_1,1474,62.3929381132,62.3931735968,-5.05261559738e-05,-0.00023548356863,0.0238751397572,-5.62220311157e-06
e0_diagonal,gamma_1,1476,62.3930021743,62.3931740988,-5.00241754509e-05,-0.000171924476192,0.0237544530402,-4.08397189615e-06
e0_diagonal,gamma_1,1478,62.393076549,62.3931757815,-4.8341444753e-05,-9.92325193891e-05,0.0236343763839,-2.34529871277e-06
e0_diagonal,gamma_1,1480,62.3931587466,62.3931786936,-4.54293630128e-05,-1.99470012916e-05,0.0235149067045,-4.69051874406e-07
e0_diagonal,gamma_1,1482,62.3932460115,62.3931828464,-4.12765912046e-05,6.31651217589e-05,0.0233960409337,1.47781377425e-06
e0_diagonal,gamma_1,1484,62.3933355233,62.3931882123,-3.59106115013e-05,0.000147310983607,0.0232777760189,3.42907208152e-06
e0_diagonal,gamma_1,1486,62.3934244869,62.393194725,-2.93979014927e-05,0.000229761869697,0.0231601089227,5.32130992847e-06
e0_diagonal,gamma_1,1488,62.3935101464,62.3932022796,-2.18433102717e-05,0.000307866803176,0.0230430366233,7.09418602068e-06
e0_diagonal,gamma_1,1490,62.3935898689,62.3932107348,-1.33881863746e-05,0.000379134141916,0.022926556114,8.69224017936e-06
e0_diagonal,gamma_1,1492,62.3936612407,62.3932199155,-4.20740551732e-06,0.000441325174513,0.0228106644033,1.00669204486e-05
e0_diagonal,gamma_1,1494,62.3937220689,62.3932296179,5.49490648183e-06,0.000492451034575,0.022695358515,1.11763527808e-05
e0_diagonal,gamma_1,1496,62.3937704667,62.3932396141,1.54911609798e-05,0.000530852570279,0.0225806354877,1.19869883872e-05
e0_diagonal,gamma_1,1498,62.3938050063,62.39324966,2.55370686162e-05,0.000555346240311,0.0224664923752,1.24766820736e-05
e0_diagonal,gamma_1,1500,62.393824875,62.3932595032,3.53802636113e-05,0.000565371793641,0.022352926246,1.26377140048e-05
e0_diagonal,gamma_1,1502,62.3938299883,62.3932688927,4.47697497918e-05,0.000561095558339,0.0222399341835,1.24787282881e-05
e0_diagonal,gamma_1,1504,62.393821036,62.3932775868,5.34638207341e-05,0.000543449222491,0.0221275132859,1.20251798909e-05
e0_diagonal,gamma_1,1506,62.3937994282,62.3932853598,6.12368186665e-05,0.000514068396406,0.022015660666,1.13175553744e-05
e0_diagonal,gamma_1,1508,62.3937671652,62.3932920096,6.7886622162e-05,0.000475155583956,0.0219043734512,1.04079853584e-05
e0_diagonal,gamma_1,1510,62.3937266496,62.3932973647,7.32417154836e-05,0.000429284957036,0.0217936487834,9.35568558162e-06
e0_diagonal,gamma_1,1512,62.3936804198,62.3933012892,7.71662616401e-05,0.000379130603854,0.0216834838189,8.22087231392e-06
e0_diagonal,gamma_1,1514,62.3936308467,62.3933036869,7.9563947132e-05,0.000327159843302,0.0215738757286,7.05810580279e-06
e0_diagonal,gamma_1,1516,62.3935799498,62.3933045041,8.03811463541e-05,0.000275445729422,0.0214648216975,5.91239346938e-06
e0_diagonal,gamma_1,1518,62.3935292584,62.3933037321,7.96091205544e-05,0.000225526286208,0.0213563189249,4.8164112942e-06
e0_diagonal,gamma_1,1520,62.393479706,62.3933014076,7.72846195787e-05,0.000178298406965,0.0212483646242,3.7885495631e-06
e0_diagonal,gamma_1,1522,62.3934316523,62.3932976106,7.34876244906e-05,0.000134041767637,0.0211409560229,2.83377111485e-06
e0_diagonal,gamma_1,1524,62.39338499,62.3932924607,6.83377554083e-05,9.25292577705e-05,0.0210340903625,1.94626876912e-06
e0_diagonal,gamma_1,1526,62.3933392862,62.3932861139,6.19909357837e-05,5.31722832662e-05,0.0209277648986,1.11277704332e-06
e0_diagonal,gamma_1,1528,62.3932940384,62.3932787565,5.46335278031e-05,1.52819446058e-05,0.0208219769006,3.18200297577e-07
e0_diagonal,gamma_1,1530,62.393248848,62.3932705962,4.64732190437e-05,-2.17481811902e-05,0.0207167236514,-4.50551059638e-07
e0_diagonal,gamma_1,1532,62.3932035668,62.3932618538,3.77308857651e-05,-5.82870417958e-05,0.0206120024482,-1.20141264819e-06
e0_diagonal,gamma_1,1534,62.3931584306,62.3932527567,2.86337693822e-05,-9.4326139461e-05,0.0205078106013,-1.93442260282e-06
e0_diagonal,gamma_1,1536,62.3931140526,62.3932435304,1.94074633413e-05,-0.000129477859325,0.020404145435,-2.64188507228e-06
e0_diagonal,gamma_1,1538,62.3930714004,62.3932343915,1.02685554708e-05,-0.000162991129983,0.0203010042869,-3.30888362852e-06
e0_diagonal,gamma_1,1540,62.3930317136,62.3932255414,1.41845377044e-06,-0.000193827813355,0.0201983845082,-3.91500870254e-06
e0_diagonal,gamma_1,1542,62.3929963704,62.3932171602,-6.96275559875e-06,-0.000220789831566,0.0200962834634,-4.43705504099e-06
e0_diagonal,gamma_1,1544,62.3929668028,62.393209401,-1.4721916699e-05,-0.000242598271612,0.0199946985304,-4.85067930487e-06
e0_diagonal,gamma_1,1546,62.3929443774,62.393202386,-2.1736987037e-05,-0.000258008611716,0.0198936271001,-5.13272711011e-06
e0_diagonal,gamma_1,1548,62.3929302756,62.3931962035,-2.79194752437e-05,-0.000265927832501,0.019793066577,-5.26352729338e-06
e0_diagonal,gamma_1,1550,62.3929254593,62.393190907,-3.32159170142e-05,-0.000265447714199,0.0196930143785,-5.22746565245e-06
e0_diagonal,gamma_1,1552,62.3929305376,62.3931865145,-3.76084827565e-05,-0.000255976859371,0.0195934679349,-5.01547438617e-06
e0_diagonal,gamma_1,1554,62.3929456735,62.3931830098,-4.11131452438e-05,-0.000237336334635,0.0194944246898,-4.6267353017e-06
e0_diagonal,gamma_1,1556,62.3929705598,62.393180348,-4.37749689155e-05,-0.000209788186723,0.0193958820995,-4.06902693555e-06
e0_diagonal,gamma_1,1558,62.3930043437,62.3931784601,-4.56628784846e-05,-0.000174116368406,0.0192978376333,-3.3600694068e-06
e0_diagonal,gamma_1,1560,62.393045668,62.3931772582,-4.68647018508e-05,-0.00013159023846,0.0192002887732,-2.52657057818e-06
e0_diagonal,gamma_1,1562,62.393092707,62.3931766411,-4.7481882703e-05,-8.39340192869e-05,0.019103233014,-1.60341112823e-06
e0_diagonal,gamma_1,1564,62.3931432286,62.3931764989,-4.76240786824e-05,-3.32703007828e-05,0.019006667863,-6.3235755668e-07
e0_diagonal,gamma_1,1566,62.3931947417,62.3931767189,-4.7404045759e-05,1.80227499413e-05,0.0189105908402,3.40820849957e-07
e0_diagonal,gamma_1,1568,62.3932446391,62.3931771895,-4.6933469882e-05,6.74495807615e-05,0.0188149994784,1.26906382685e-06
e0_diagonal,gamma_1,1570,62.3932903249,62.3931778039,-4.63190550875e-05,0.000112521052088,0.0187198913224,2.10638186657e-06
e0_diagonal,gamma_1,1572,62.393329388,62.3931784644,-4.56585548108e-05,0.000150923584023,0.0186252639297,2.81099158564e-06
e0_diagonal,gamma_1,1574,62.3933598017,62.3931790863,-4.50366145586e-05,0.000180715322998,0.0185311148701,3.34885640925e-06
e0_diagonal,gamma_1,1576,62.393380057,62.3931796013,-4.45216517591e-05,0.000200455684165,0.0184374417256,3.69588999537e-06
e0_diagonal,gamma_1,1578,62.3933892853,62.3931799582,-4.41647231355e-05,0.000209327052573,0.0183442420906,3.83994612852e-06
e0_diagonal,gamma_1,1580,62.3933873099,62.3931801241,-4.39988254897e-05,0.000207185797201,0.0182515135715,3.78145438945e-06
e0_diagonal,gamma_1,1582,62.393374614,62.393180085,-4.40379977107e-05,0.000194529069574,0.0181592537869,3.53250274333e-06
e0_diagonal,gamma_1,1584,62.3933522893,62.3931798454,-4.42775740765e-05,0.00017244397101,0.0180674603673,3.1156246118e-06
e0_diagonal,gamma_1,1586,62.3933218884,62.3931794279,-4.46950083912e-05,0.00014246045594,0.0179761309553,2.56088781193e-06
e0_diagonal,gamma_1,1588,62.3932852493,62.3931788721,-4.52508811009e-05,0.000106377225869,0.0178852632054,1.90258468372e-06
e0_diagonal,gamma_1,1590,62.3932443292,62.393178232,-4.58909243406e-05,6.60971720592e-05,0.0177948547839,1.17618957842e-06
e0_diagonal,gamma_1,1592,62.3932009746,62.3931775745,-4.65484111487e-05,2.34000856878e-05,0.0177049033689,4.14296255928e-07
e0_diagonal,gamma_1,1594,62.3931568128,62.3931769767,-4.71462663967e-05,-2.01638341508e-05,0.0176154066505,-3.55194138199e-07
e0_diagonal,gamma_1,1596,62.3931131782,62.3931765231,-4.75998872105e-05,-6.33448421183e-05,0.01752636233,-1.1102046547e-06
e0_diagonal,gamma_1,1598,62.3930710284,62.3931763022,-4.78207089003e-05,-0.000105273876969,0.0174377681206,-1.83574145574e-06
e0_diagonal,gamma_1,1600,62.3930309764,62.3931764021,-4.7720850084e-05,-0.000145425691663,0.0173496217472,-2.52308074267e-06
e0_diagonal,gamma_1,1602,62.3929933721,62.3931769042,-4.72187430063e-05,-0.000183532107101,0.0172619209458,-3.1681167238e-06
e0_diagonal,gamma_1,1604,62.3929583798,62.3931778792,-4.62437686508e-05,-0.000219499379746,0.0171746634642,-3.76982797775e-06
e0_diagonal,gamma_1,1606,62.3929261065,62.3931793844,-4.4738592976e-05,-0.000253277852195,0.0170878470615,-4.32797320238e-06
e0_diagonal,gamma_1,1608,62.3928967305,62.3931814615,-4.2661413417e-05,-0.000284731072341,0.017001469508,-4.84084664439e-06
e0_diagonal,gamma_1,1610,62.3928705655,62.3931841344,-3.99885574751e-05,-0.000313568855837,0.0169155285854,-5.3041829444e-06
e0_diagonal,gamma_1,1612,62.3928480823,62.3931874073,-3.67156947689e-05,-0.000339324959562,0.0168300220865,-5.71084656393e-06
e0_diagonal,gamma_1,1614,62.3928298523,62.3931912651,-3.28578962012e-05,-0.000361412707171,0.0167449478154,-6.05183692142e-06
e0_diagonal,gamma_1,1616,62.3928164388,62.3931956751,-2.84478820589e-05,-0.000379236222599,0.0166603035873,-6.31819059979e-06
e0_diagonal,gamma_1,1618,62.392808355,62.3932005897,-2.35332645389e-05,-0.000392234669931,0.0165760872282,-6.50171610269e-06
e0_diagonal,gamma_1,1620,62.3928060284,62.393205949,-1.81739911298e-05,-0.000399920554081,0.0164922965753,-6.59560838445e-06
e0_diagonal,gamma_1,1622,62.3928098105,62.3932116839,-1.24390987395e-05,-0.000401873341147,0.0164089294767,-6.59431131347e-06
e0_diagonal,gamma_1,1624,62.3928200663,62.3932177194,-6.40354848969e-06,-0.000397653138862,0.0163259837915,-6.4920786997e-06
e0_diagonal,gamma_1,1626,62.3928371874,62.3932239762,-1.46767177966e-07,-0.000386788793364,0.0162434573894,-6.28278728369e-06
e0_diagonal,gamma_1,1628,62.3928616245,62.3932303714,6.24847075414e-06,-0.000368746958138,0.0161613481509,-5.95944797004e-06
e0_diagonal,gamma_1,1630,62.3928938537,62.3932368215,1.2698515377e-05,-0.0003429677515,0.0160796539673,-5.51480276607e-06
e0_diagonal,gamma_1,1632,62.392934237,62.3932432448,1.91218394576e-05,-0.00030900782329,0.0159983727406,-4.94362233676e-06
e0_diagonal,gamma_1,1634,62.3929828835,62.3932495639,2.54409816378e-05,-0.000266680441477,0.0159175023833,-4.2448865628e-06
e0_diagonal,gamma_1,1636,62.3930395235,62.3932557069,3.15839434251e-05,-0.000216183436365,0.0158370408185,-3.42370590599e-06
e0_diagonal,gamma_1,1638,62.3931033602,62.3932616086,3.74856945911e-05,-0.000158248412447,0.0157569859798,-2.49351801625e-06
e0_diagonal,gamma_1,1640,62.3931729957,62.3932672123,4.30893060468e-05,-9.42165962812e-05,0.0156773358112,-1.47706521889e-06
e0_diagonal,gamma_1,1642,62.3932465008,62.3932724703,4.83473900204e-05,-2.59695143328e-05,0.0155980882671,-4.05074776817e-07
e0_diagonal,gamma_1,1644,62.3933214847,62.3932773461,5.32231250503e-05,4.41386305425e-05,0.0155192413124,6.84998058588e-07
e0_diagonal,gamma_1,1646,62.3933952429,62.3932818128,5.76898193572e-05,0.000113430141695,0.015440792922,1.75145132904e-06
e0_diagonal,gamma_1,1648,62.3934649666,62.3932858528,6.1729814135e-05,0.000179113788469,0.0153627410813,2.75167875635e-06
e0_diagonal,gamma_1,1650,62.3935278405,62.3932894562,6.53332971865e-05,0.00023838427748,0.0152850837858,3.6437236545e-06
e0_diagonal,gamma_1,1652,62.3935811558,62.3932926199,6.8496966307e-05,0.000288535929371,0.015207819041,4.3880022007e-06
e0_diagonal,gamma_1,1654,62.3936224289,62.3932953455,7.12225307922e-05,0.000327083395192,0.0151309448626,4.94908081812e-06
e0_diagonal,gamma_1,1656,62.3936495175,62.3932976379,7.35149240825e-05,0.000351879621398,0.0150544592764,5.29735743054e-06
e0_diagonal,gamma_1,1658,62.3936608053,62.3932995033,7.53803216398e-05,0.000361302052006,0.0149783603181,5.41171231861e-06
e0_diagonal,gamma_1,1660,62.3936553311,62.3933009475,7.68245445641e-05,0.000354383570311,0.0149026460332,5.28125290834e-06
e0_diagonal,gamma_1,1662,62.3936329609,62.3933019756,7.78526425336e-05,0.000330985286212,0.0148273144774,4.90762292605e-06
e0_diagonal,gamma_1,1664,62.3935944887,62.3933025915,7.84685092015e-05,0.000291897199148,0.0147523637159,4.30617364948e-06
e0_diagonal,gamma_1,1666,62.3935416265,62.3933027967,7.86737854028e-05,0.000238829758736,0.0146777918239,3.50549348007e-06
e0_diagonal,gamma_1,1668,62.3934770281,62.3933025896,7.8466614525e-05,0.000174438547212,0.0146035968862,2.54743022489e-06
e0_diagonal,gamma_1,1670,62.3934041166,62.3933019629,7.78399921089e-05,0.000102153618293,0.0145297769973,1.48426929327e-06
e0_diagonal,gamma_1,1672,62.3933268491,62.393300903,7.67800776913e-05,2.59460547198e-05,0.0144563302614,3.7508473601e-07
e0_diagonal,gamma_1,1674,62.3932495067,62.3932993889,7.52659625007e-05,-4.98822500177e-05,0.0143832547923,-7.17469111615e-07
e0_diagonal,gamma_1,1676,62.393176416,62.3932973943,7.32713600371e-05,-0.000120978287939,0.0143105487131,-1.73126568278e-06
e0_diagonal,gamma_1,1678,62.393111676,62.393294891,7.07680202083e-05,-0.000183214995744,0.0142382101568,-2.60865361328e-06
e0_diagonal,gamma_1,1680,62.3930589568,62.3932918526,6.77296865206e-05,-0.000232895835723,0.0141662372655,-3.29925766699e-06
e0_diagonal,gamma_1,1682,62.3930212617,62.3932882581,6.41351343234e-05,-0.000266996385719,0.0140946281908,-3.76321478498e-06
e0_diagonal,gamma_1,1684,62.3930007277,62.3932840943,5.99713299607e-05,-0.00028336661552,0.0140233810935,-3.97375803862e-06
e0_diagonal,gamma_1,1686,62.3929985195,62.3932793599,5.52369778433e-05,-0.000280840469266,0.0139524941441,-3.91842500286e-06
e0_diagonal,gamma_1,1688,62.3930147527,62.3932740683,4.99453186507e-05,-0.000259315611402,0.0138819655219,-3.59981037677e-06
e0_diagonal,gamma_1,1690,62.3930485251,62.3932682488,4.41258114776e-05,-0.000219723706962,0.0138117934157,-3.03477844909e-06
e0_diagonal,gamma_1,1692,62.3930979914,62.3932619478,3.7824840561e-05,-0.000163956368134,0.0137419760232,-2.25308447975e-06
e0_diagonal,gamma_1,1694,62.3931604677,62.3932552276,3.11046610761e-05,-9.47599173671e-05,0.0136725115515,-1.29560606482e-06
e0_diagonal,gamma_1,1696,62.3932326061,62.3932481647,2.40417963226e-05,-1.55586311479e-05,0.0136033982165,-2.11650255208e-07
e0_diagonal,gamma_1,1698,62.3933105995,62.3932408491,1.6726187738e-05,6.975038972e-05,0.0135346342433,9.44046013188e-07
e0_diagonal,gamma_1,1700,62.3933903982,62.3932333828,9.25989206024e-06,0.000157015323602,0.0134662178659,2.11440255591e-06
e0_diagonal,gamma_1,1702,62.3934679246,62.3932258776,1.75465694241e-06,0.000242046984518,0.0133981473272,3.24298115868e-06
e0_diagonal,gamma_1,1704,62.393539286,62.3932184527,-5.67023163711e-06,0.000320833276838,0.0133304208791,4.27684261228e-06
e0_diagonal,gamma_1,1706,62.3936010001,62.3932112339,-1.28890169933e-05,0.000389766212237,0.0132630367822,5.16948360935e-06
e0_diagonal,gamma_1,1708,62.393650239,62.3932043528,-1.977012586e-05,0.000445886215331,0.0131959933059,5.88391151271e-06
e0_diagonal,gamma_1,1710,62.393685016,62.3931979441,-2.61788153892e-05,0.00048707184984,0.0131292887285,6.39490694804e-06
e0_diagonal,gamma_1,1712,62.3937043353,62.3931921412,-3.19817122403e-05,0.000512194050998,0.0130629213367,6.69075059733e-06
e0_diagonal,gamma_1,1714,62.3937082499,62.3931870721,-3.70508878831e-05,0.000521177822137,0.0129968894263,6.77369052575e-06
e0_diagonal,gamma_1,1716,62.3936977869,62.393182854,-4.12689439102e-05,0.000514932943354,0.0129311913013,6.65869639786e-06
e0_diagonal,gamma_1,1718,62.3936748021,62.3931795878,-4.45351254825e-05,0.000495214238327,0.0128658252746,6.3713398638e-06
e0_diagonal,gamma_1,1720,62.3936417941,62.3931773521,-4.67708424452e-05,0.000464441972163,0.0128007896673,5.94522399831e-06
e0_diagonal,gamma_1,1722,62.3936016285,62.393176197,-4.79259680617e-05,0.000425431542766,0.0127360828092,5.41833135832e-06
e0_diagonal,gamma_1,1724,62.3935571935,62.3931761383,-4.79846228956e-05,0.000381055179687,0.0126717030386,4.82861807831e-06
e0_diagonal,gamma_1,1726,62.3935111464,62.3931771537,-4.69692837228e-05,0.000333992760709,0.012607648702,4.21086339603e-06
e0_diagonal,gamma_1,1728,62.3934656997,62.3931791805,-4.49424545366e-05,0.000286519232773,0.0125439181544,3.59407380557e-06
e0_diagonal,gamma_1,1730,62.3934224179,62.3931821185,-4.20044377165e-05,0.0002402994268,0.0124805097591,2.99905934128e-06
e0_diagonal,gamma_1,1732,62.3933822423,62.3931858338,-3.82891765156e-05,0.000196408502774,0.0124174218876,2.43888724126e-06
e0_diagonal,gamma_1,1734,62.3933455444,62.3931901638,-3.39591380225e-05,0.000155380584481,0.0123546529197,1.91967319172e-06
e0_diagonal,gamma_1,1736,62.3933122551,62.393194924,-2.91989124577e-05,0.000117331037188,0.0122922012434,1.44225672122e-06
e0_diagonal,gamma_1,1738,62.3932821022,62.3931999137,-2.42092130378e-05,8.21884628834e-05,0.0122300652548,1.00517026426e-06
e0_diagonal,gamma_1,1740,62.3932547548,62.3932049221,-1.92008661628e-05,4.98327109e-05,0.0121682433581,6.06376553425e-07
e0_diagonal,gamma_1,1742,62.393229983,62.393209736,-1.43869324916e-05,2.02469706849e-05,0.0121067339656,2.45124687692e-07
e0_diagonal,gamma_1,1744,62.39320781,62.3932141488,-9.97413388859e-06,-6.33879290035e-06,0.0120455354977,-7.63541548935e-08
e0_diagonal,gamma_1,1746,62.3931884485,62.3932179674,-6.15553203431e-06,-2.95189145447e-05,0.0119846463825,-3.53773752415e-07
e0_diagonal,gamma_1,1748,62.3931721675,62.3932210186,-3.10433009787e-06,-4.88511572669e-05,0.0119240650565,-5.82504377336e-07
e0_diagonal,gamma_1,1750,62.3931591471,62.3932231556,-9.67318243283e-07,-6.40084902415e-05,0.0118637899637,-7.59383284118e-07
e0_diagonal,gamma_1,1752,62.3931493198,62.3932242642,1.41245003249e-07,-7.49443653163e-05,0.0118038195562,-8.84629764945e-07
e0_diagonal,gamma_1,1754,62.3931422437,62.3932242679,1.44917429168e-07,-8.20241633619e-05,0.0117441522937,-9.63304266287e-07
e0_diagonal,gamma_1,1756,62.3931370704,62.3932231317,-9.91211635437e-07,-8.60613694442e-05,0.011684786644,-1.00560874025e-06
e0_diagonal,gamma_1,1758,62.393132621,62.3932208635,-3.25942308166e-06,-8.82425199009e-05,0.0116257210824,-1.02588292397e-06
e0_diagonal,gamma_1,1760,62.3931275278,62.3932175135,-6.60940979458e-06,-8.99857096073e-05,0.011566954092,-1.04086057196e-06
e0_diagonal,gamma_1,1762,62.3931204165,62.3932131735,-1.09494679634e-05,-9.27569908953e-05,0.0115084841635,-1.06749236077e-06
e0_diagonal,gamma_1,1764,62.3931100392,62.3932079723,-1.61506351475e-05,-9.79331201307e-05,0.0114503097953,-1.12136456471e-06
e0_diagonal,gamma_1,1766,62.3930953749,62.39320207,-2.20529865516e-05,-0.000106695103028,0.0113924294933,-1.21551643853e-06
e0_diagonal,gamma_1,1768,62.3930757719,62.393195651,-2.84719853312e-05,-0.000119879080572,0.0113348417712,-1.35881040996e-06
e0_diagonal,gamma_1,1770,62.3930510621,62.3931889181,-3.52048880075e-05,-0.000137855940153,0.01127754515,-1.55467658927e-06
e0_diagonal,gamma_1,1772,62.3930215969,62.3931820855,-4.20374776979e-05,-0.000160488567644,0.011220538158,-1.80076809718e-06
e0_diagonal,gamma_1,1774,62.3929883351,62.393175372,-4.87509115175e-05,-0.000187036939067,0.0111638193314,-2.08804659604e-06
e0_diagonal,gamma_1,1776,62.3929528569,62.393168995,-5.51279852488e-05,-0.000216138025415,0.0111073872134,-2.40072873983e-06
e0_diagonal,gamma_1,1778,62.3929172658,62.393163164,-6.09589693781e-05,-0.000245898141614,0.0110512403548,-2.71747946577e-06
e0_diagonal,gamma_1,1780,62.392884063,62.3931580744,-6.60485925295e-05,-0.000274011389479,0.0109953773135,-3.01285861553e-06
e0_diagonal,gamma_1,1782,62.3928559885,62.3931538989,-7.02240512425e-05,-0.000297910385854,0.010939796655,-3.25907904266e-06
e0_diagonal,gamma_1,1784,62.3928357845,62.3931507811,-7.33418875711e-05,-0.000314996591406,0.0108844969518,-3.428579439e-06
e0_diagonal,gamma_1,1786,62.3928259043,62.3931488294,-7.5293554076e-05,-0.000322925137354,0.0108294767837,-3.49711027786e-06
e0_diagonal,gamma_1,1788,62.3928283009,62.3931481133,-7.60096020258e-05,-0.000319812430874,0.0107747347377,-3.44589410849e-06
e0_diagonal,gamma_1,1790,62.3928441926,62.3931486608,-7.54621580086e-05,-0.000304468228066,0.0107202694079,-3.26398143101e-06
e0_diagonal,gamma_1,1792,62.3928738839,62.3931504574,-7.36655529394e-05,-0.000276573498788,0.0106660793955,-2.94995489675e-06
e0_diagonal,gamma_1,1794,62.3929166159,62.3931534486,-7.06743324912e-05,-0.000236832754624,0.0106121633088,-2.51330786893e-06
e0_diagonal,gamma_1,1796,62.3929705226,62.3931575428,-6.65801547726e-05,-0.000187020172383,0.0105585197631,-1.97465618621e-06
e0_diagonal,gamma_1,1798,62.3930327381,62.3931626154,-6.15075936921e-05,-0.000129877285055,0.0105051473808,-1.36438002092e-06
e0_diagonal,gamma_1,1800,62.3930995322,62.3931685138,-5.56091589772e-05,-6.89816046204e-05,0.0104520447912,-7.20998821263e-07
e0_diagonal,gamma_1,1802,62.393166551,62.3931750621,-4.90608522199e-05,-8.51113685485e-06,0.0103992106305,-8.85091048586e-08
e0_diagonal,gamma_1,1804,62.3932290712,62.3931820677,-4.20551999483e-05,4.70034831395e-05,0.0103466435418,4.86328285266e-07
e0_diagonal,gamma_1,1806,62.3932823595,62.3931893311,-3.47918583898e-05,9.30283589113e-05,0.010294342175,9.57665758614e-07
e0_diagonal,gamma_1,1808,62.3933220932,62.3931966536,-2.74693589688e-05,0.000125439568507,0.0102423051871,1.28479034318e-06
e0_diagonal,gamma_1,1810,62.393344732,62.3932038451,-2.02778402283e-05,0.000140886895316,0.0101905312415,1.43571230823e-06
e0_diagonal,gamma_1,1812,62.3933478421,62.393210731,-1.33919250302e-05,0.000137111109616,0.0101390190086,1.39017214668e-06
e0_diagonal,gamma_1,1814,62.3933303493,62.3932171582,-6.96470045369e-06,0.000113191044861,0.0100877671654,1.14184490577e-06
e0_diagonal,gamma_1,1816,62.3932926574,62.3932230011,-1.12182550538e-06,6.9656231247e-05,0.0100367743958,6.99123878291e-07
e0_diagonal,gamma_1,1818,62.3932365728,62.3932281659,4.04293849954e-06,8.40693800086e-06,0.00998603939019,8.39520140274e-08
e0_diagonal,gamma_1,1820,62.3931652334,62.3932325938,8.47081453514e-06,-6.73603422854e-05,0.00993556084549,-6.69262779349e-07
e0_diagonal,gamma_1,1822,62.3930829059,62.3932362645,1.2141545966e-05,-0.000153358578601,0.00988533746536,-1.51600130268e-06
e0_diagonal,gamma_1,1824,62.3929946533,62.3932391968,1.50738758435e-05,-0.000244543488584,0.00983536795998,-2.40517519244e-06
e0_diagonal,gamma_1,1826,62.3929060523,62.3932414458,1.73228690628e-05,-0.000335393511605,0.00978565104601,-3.28204386767e-06
e0_diagonal,gamma_1,1828,62.3928227977,62.3932431003,1.89773072705e-05,-0.000420302514897,0.00973618544665,-4.09214322873e-06
e0_diagonal,gamma_1,1830,62.3927503155,62.3932442785,2.01555556671e-05,-0.000493962966772,0.00968696989151,-4.78500438664e-06
e0_diagonal,gamma_1,1832,62.3926934149,62.3932451227,2.09997456864e-05,-0.000551707748315,0.00963800311664,-5.31736099773e-06
e0_diagonal,gamma_1,1834,62.3926559538,62.3932457933,2.16703447791e-05,-0.000589839541441,0.00958928386448,-5.65613879737e-06
e0_diagonal,gamma_1,1836,62.3926406369,62.3932464626,2.23396961729e-05,-0.000605825713279,0.00954081088382,-5.78006855896e-06
e0_diagonal,gamma_1,1838,62.3926488761,62.3932473074,2.31844022167e-05,-0.00059843123109,0.00949258292979,-5.6806580889e-06
e0_diagonal,gamma_1,1840,62.3926807659,62.3932485015,2.43785104743e-05,-0.000567735606381,0.0094445987638,-5.36203500619e-06
e0_diagonal,gamma_1,1842,62.3927351413,62.3932502087,2.60857331682e-05,-0.000515067423095,0.00939685715352,-4.84001499925e-06
e0_diagonal,gamma_1,1844,62.3928096983,62.3932525743,2.84513432973e-05,-0.000442875978401,0.00934935687284,-4.14060557248e-06
e0_diagonal,gamma_1,1846,62.392901205,62.3932557192,3.1596259376e-05,-0.000354514166006,0.00930209670188,-3.29772505437e-06
e0_diagonal,gamma_1,1848,62.3930057638,62.3932597344,3.56114402749e-05,-0.000253970591068,0.0092550754269,-2.35051697655e-06
e0_diagonal,gamma_1,1850,62.3931190285,62.3932646754,4.05524862899e-05,-0.000145646966558,0.0092082918403,-1.34115977372e-06
e0_diagonal,gamma_1,1852,62.3932364568,62.3932705595,4.64365972448e-05,-3.4102709435e-05,0.00916174474058,-3.12440318806e-07
e0_diagonal,gamma_1,1854,62.3933536214,62.3932773636,5.32406199341e-05,7.62577843147e-05,0.00911543293234,6.9512271849e-07
e0_diagonal,gamma_1,1856,62.3934663993,62.3932850224,6.08994466162e-05,0.000181376854137,0.00906935522618,1.64497111997e-06
e0_diagonal,gamma_1,1858,62.3935712001,62.3932934289,6.93059404142e-05,0.000277771185537,0.00902351043874,2.50647119228e-06
e0_diagonal,gamma_1,1860,62.393665202,62.3933024352,7.83122947681e-05,0.000362766791,0.00897789739265,3.25688302705e-06
e0_diagonal,gamma_1,1862,62.3937463904,62.3933118561,8.77331380025e-05,0.000434534301,0.00893251491646,3.8814841254e-06
e0_diagonal,gamma_1,1864,62.3938136233,62.3933214739,9.73509253299e-05,0.000492149379923,0.00888736184467,4.37390962101e-06
e0_diagonal,gamma_1,1866,62.3938666466,62.3933310459,0.000106922933398,0.000535600719829,0.00884243701766,4.7360156317e-06
e0_diagonal,gamma_1,1868,62.3939059593,62.3933403134,0.000116190455877,0.00056564590701,0.00879773928167,4.97640521561e-06
e0_diagonal,gamma_1,1870,62.3939326352,62.3933490121,0.000124889112335,0.000583623132606,0.00875326748878,5.10860939234e-06
e0_diagonal,gamma_1,1872,62.3939481333,62.3933568802,0.000132757276027,0.000591253078007,0.00870902049686,5.14923517519e-06
e0_diagonal,gamma_1,1874,62.3939540291,62.3933636667,0.000139543701231,0.000590362420823,0.00866499716957,5.11548870545e-06
e0_diagonal,gamma_1,1876,62.3939518074,62.3933691395,0.000145016547847,0.000582667922465,0.0086211963763,5.02329458174e-06
e0_diagonal,gamma_1,1878,62.3939426945,62.3933730948,0.000148971811271,0.00056959973827,0.00857761699216,4.88580839371e-06
e0_diagonal,gamma_1,1880,62.3939275109,62.3933753621,0.000151239116526,0.000552148811487,0.00853425789794,4.71218035527e-06
e0_diagonal,gamma_1,1882,62.3939066132,62.3933758097,0.000151686730781,0.000530803502819,0.00849111798011,4.50711516669e-06
e0_diagonal,gamma_1,1884,62.3938798921,62.3933743493,0.000150226398617,0.000505542739198,0.00844819613074,4.27092421322e-06
e0_diagonal,gamma_1,1886,62.3938468216,62.3933709386,0.000146815602051,0.000475883034305,0.00840549124752,4.00003067969e-06
e0_diagonal,gamma_1,1888,62.3938065077,62.3933655804,0.000141457440378,0.000440927271825,0.0083630022337,3.68747575917e-06
e0_diagonal,gamma_1,1890,62.3937578518,62.3933583235,0.000134200591098,0.000399528213762,0.00832072799809,3.32436559428e-06
e0_diagonal,gamma_1,1892,62.3936997571,62.3933492601,0.000125137138468,0.000350496973496,0.00827866745499,2.90164788755e-06
e0_diagonal,gamma_1,1894,62.3936314429,62.3933385216,0.000114398604538,0.000292921305075,0.00823681952421,2.4127399247e-06
e0_diagonal,gamma_1,1896,62.393552726,62.3933262748,0.000102151838178,0.000226451205322,0.00819518313101,1.85580909785e-06
e0_diagonal,gamma_1,1898,62.3934642467,62.3933127167,8.8593743051e-05,0.000151530045763,0.00815375720609,1.23553920258e-06
e0_diagonal,gamma_1,1900,62.3933676557,62.3932980685,7.39455906711e-05,6.95872088343e-05,0.00811254068556,5.64529062863e-07
e0_diagonal,gamma_1,1902,62.3932656696,62.3932825694,5.84464689268e-05,-1.68998609382e-05,0.00807153251089,-1.36407776992e-07
e0_diagonal,gamma_1,1904,62.3931619278,62.393266469,4.23460089678e-05,-0.000104541198986,0.0080307316289,-8.39542313224e-07
e0_diagonal,gamma_1,1906,62.3930607687,62.393250021,2.58980357017e-05,-0.000189252301993,0.00799013699177,-1.51215181893e-06
e0_diagonal,gamma_1,1908,62.3929668895,62.3932334767,9.35374183797e-06,-0.000266587236858,0.00794974755692,-2.11930123492e-06
e0_diagonal,gamma_1,1910,62.3928849023,62.3932170758,-7.0471630238e-06,-0.00033217343757,0.0079095622871,-2.62734649458e-06
e0_diagonal,gamma_1,1912,62.3928189345,62.3932010387,-2.30842732378e-05,-0.000382104171308,0.00786958015025,-3.00699940185e-06
e0_diagonal,gamma_1,1914,62.3927722714,62.3931855612,-3.85617548204e-05,-0.000413289756693,0.00782980011957,-3.23597618637e-06
e0_diagonal,gamma_1,1916,62.3927471107,62.3931708108,-5.33121279673e-05,-0.000423700086195,0.00779022117341,-3.30071738265e-06
e0_diagonal,gamma_1,1918,62.3927444398,62.3931569243,-6.71986582859e-05,-0.000412484517071,0.00775084229533,-3.19710244108e-06
e0_diagonal,gamma_1,1920,62.3927640014,62.3931440058,-8.01171305511e-05,-0.000380004385384,0.00771166247398,-2.93046555872e-06
e0_diagonal,gamma_1,1922,62.3928043987,62.393132127,-9.19959032615e-05,-0.000327728311774,0.00767268070316,-2.51455469363e-06
e0_diagonal,gamma_1,1924,62.3928632096,62.3931213288,-0.000102794196195,-0.000258119180046,0.00763389598174,-1.97045497136e-06
e0_diagonal,gamma_1,1926,62.392937117,62.393111623,-0.000112499989584,-0.000174505937807,0.00759530731366,-1.3254262257e-06
e0_diagonal,gamma_1,1928,62.3930221213,62.393102995,-0.000121127915833,-8.08736868407e-05,0.00755691370787,-6.11155472693e-07
e0_diagonal,gamma_1,1930,62.3931137607,62.3930954073,-0.000128715684511,1.83534391169e-05,0.00751871417836,1.3799426291e-07
e0_diagonal,gamma_1,1932,62.3932073306,62.3930888038,-0.000135319151482,0.000118526769512,0.00748070774409,8.86664122571e-07
e0_diagonal,gamma_1,1934,62.3932981607,62.3930831158,-0.000141007152408,0.000215044928524,0.00744289342897,1.60055648544e-06
e0_diagonal,gamma_1,1936,62.3933818209,62.3930782672,-0.00014585576335,0.000303553682031,0.00740527026188,2.24789705442e-06
e0_diagonal,gamma_1,1938,62.3934543257,62.3930741812,-0.000149941762807,0.000380144535463,0.00736783727655,2.80084307886e-06
e0_diagonal,gamma_1,1940,62.3935123397,62.3930707865,-0.000153336455519,0.000441553192282,0.00733059351166,3.23684696639e-06
e0_diagonal,gamma_1,1942,62.3935532822,62.3930680224,-0.000156100538462,0.000485259798978,0.00729353801069,3.53926078891e-06
e0_diagonal,gamma_1,1944,62.3935754624,62.3930658433,-0.000158279641894,0.000509619098096,0.00725666982201,3.69813752987e-06
e0_diagonal,gamma_1,1946,62.393578165,62.3930642223,-0.000159900643133,0.000513942670047,0.00721998799875,3.71065990978e-06
e0_diagonal,gamma_1,1948,62.3935616896,62.3930631531,-0.000160969840962,0.000498536538018,0.00718349159886,3.58123303257e-06
e0_diagonal,gamma_1,1950,62.3935273233,62.3930626496,-0.000161473313213,0.000464673705224,0.00714717968503,3.32110646615e-06
e0_diagonal,gamma_1,1952,62.3934772968,62.3930627441,-0.000161378845362,0.000414552649005,0.00711105132472,2.94790516387e-06
e0_diagonal,gamma_1,1954,62.3934146259,62.3930634851,-0.000160637870934,0.000351140810409,0.00707510559007,2.48435831063e-06
e0_diagonal,gamma_1,1956,62.3933428441,62.3930649352,-0.000159187795489,0.000277908989418,0.00703934155792,1.95629629853e-06
e0_diagonal,gamma_1,1958,62.3932657467,62.3930671674,-0.000156955598761,0.000198579340321,0.00700375830979,1.39080170492e-06
e0_diagonal,gamma_1,1960,62.3931871093,62.3930702613,-0.000153861602975,0.000116847980472,0.00696835493183,8.14238200995e-07
e0_diagonal,gamma_1,1962,62.3931103993,62.3930742988,-0.00014982416559,3.6100495663e-05,0.0069331305148,2.50289448081e-07
e0_diagonal,gamma_1,1964,62.3930384645,62.393079357,-0.000144765996076,-4.08925016231e-05,0.00689808415409,-2.82079917467e-07
e0_diagonal,gamma_1,1966,62.392973358,62.3930855033,-0.000138619697537,-0.000112145281882,0.00686321494962,-7.69677175143e-07
e0_diagonal,gamma_1,1968,62.3929162926,62.3930927905,-0.000131332442791,-0.00017649788267,0.0068285220059,-1.20521967581e-06
e0_diagonal,gamma_1,1970,62.3928676294,62.3931012518,-0.000122871160897,-0.000233622430301,0.00679400443193,-1.58723182686e-06
e0_diagonal,gamma_1,1972,62.3928270221,62.3931108957,-0.000113227213689,-0.000283873592778,0.00675966134124,-1.9188893509e-06
e0_diagonal,gamma_1,1974,62.3927936156,62.3931217031,-0.000102419890212,-0.000328087486182,0.00672549185183,-2.206549715e-06
e0_diagonal,gamma_1,1976,62.3927662253,62.3931336241,-9.04988277668e-05,-0.000367398862892,0.00669149508617,-2.45844768571e-06
e0_diagonal,gamma_1,1978,62.3927435671,62.3931465773,-7.75456645385e-05,-0.000403010156802,0.00665767017115,-2.68310869961e-06
e0_diagonal,gamma_1,1980,62.3927244409,62.3931604493,-6.36736956068e-05,-0.000436008388746,0.00662401623807,-2.88812664699e-06
e0_diagonal,gamma_1,1982,62.3927078405,62.3931750974,-4.90255224221e-05,-0.000467256928587,0.00659053242265,-3.07947193756e-06
e0_diagonal,gamma_1,1984,62.3926931001,62.3931903533,-3.37696449719e-05,-0.00049725316866,0.00655721786495,-3.26059736094e-06
e0_diagonal,gamma_1,1986,62.3926800332,62.3932060271,-1.80958621741e-05,-0.000525993924676,0.00652407170938,-3.43162208328e-06
e0_diagonal,gamma_1,1988,62.3926689588,62.3932219131,-2.20987924138e-06,-0.000552954234379,0.0064910931047,-3.58927741799e-06
e0_diagonal,gamma_1,1990,62.392660743,62.3932377967,1.36737492369e-05,-0.000577053669161,0.00645828120394,-3.72677486521e-06
e0_diagonal,gamma_1,1992,62.3926568347,62.3932534635,2.93405006246e-05,-0.00059662878882,0.00642563516444,-3.83371892556e-06
e0_diagonal,gamma_1,1994,62.392659098,62.3932687072,4.45842778873e-05,-0.000609609185929,0.00639315414777,-3.89732549554e-06
e0_diagonal,gamma_1,1996,62.3926696485,62.393283338,5.92150773429e-05,-0.000613689564148,0.00636083731977,-3.90357948238e-06
e0_diagonal,gamma_1,1998,62.3926906706,62.39329719,7.30670370501e-05,-0.000606519420828,0.00632868385047,-3.83846966359e-06
e0_diagonal,gamma_1,2000,62.3927240882,62.3933101275,8.60045543192e-05,-0.000586039348661,0.00629669291411,-3.69010981411e-06
e0_diagonal,gamma_2,0,62.3932241229,62.3932241229,0,0,1,0
e0_diagonal,gamma_2,2,62.39249123,62.3932232281,-8.94895229919e-07,-0.000731998028137,0.989915729261,-0.00072461636184
e0_diagonal,gamma_2,4,62.3918014252,62.393220571,-3.55196807789e-06,-0.00141914573569,0.979933151038,-0.00139066795256
e0_diagonal,gamma_2,6,62.3911935729,62.3932162269,-7.89601014617e-06,-0.00202265408609,0.970051239837,-0.00196207810397
e0_diagonal,gamma_2,8,62.3906990383,62.3932103337,-1.3789293817e-05,-0.00251129533994,0.960268980503,-0.00241151901583
e0_diagonal,gamma_2,10,62.3903389959,62.3932030953,-2.10276713375e-05,-0.00286409937267,0.950585368121,-0.0027225709565
e0_diagonal,gamma_2,12,62.3901234562,62.3931947687,-2.93542806702e-05,-0.00307131247618,0.940999407908,-0.00289010322159
e0_diagonal,gamma_2,14,62.3900524532,62.3931856459,-3.84770854538e-05,-0.00313319268881,0.931510115114,-0.00291860068222
e0_diagonal,gamma_2,16,62.3901170814,62.3931760404,-4.80825165141e-05,-0.00305895907304,0.922116514917,-0.00282071667971
e0_diagonal,gamma_2,18,62.3903013427,62.3931662751,-5.78478290691e-05,-0.0028649324153,0.912817642327,-0.00261516085276
e0_diagonal,gamma_2,20,62.3905844939,62.3931566721,-6.74508313452e-05,-0.00257217826644,0.903612542086,-0.00232425254204
e0_diagonal,gamma_2,22,62.3909425694,62.3931475472,-7.65757992056e-05,-0.00220497777906,0.894500268569,-0.00197235321556
e0_diagonal,gamma_2,24,62.3913501382,62.3931392026,-8.49203522932e-05,-0.00178906440234,0.885479885684,-0.00158418054246
e0_diagonal,gamma_2,26,62.3917821779,62.393131921,-9.22019548071e-05,-0.00134974314226,0.876550466783,-0.00118311798138
e0_diagonal,gamma_2,28,62.3922152354,62.3931259597,-9.81632880368e-05,-0.000910724253814,0.867711094559,-0.000790245539118
e0_diagonal,gamma_2,30,62.3926286311,62.3931215441,-0.000102578885361,-0.000492912998261,0.858960860958,-0.000423392973364
e0_diagonal,gamma_2,32,62.3930055293,62.3931188624,-0.000105260592072,-0.000113333103464,0.850298867082,-9.63670094781e-05
e0_diagonal,gamma_2,34,62.3933333285,62.3931180612,-0.000106061731927,0.000215267310594,0.841724223097,0.000181195709768
e0_diagonal,gamma_2,36,62.3936038914,62.3931192412,-0.000104881761551,0.000484650256119,0.833236048144,0.000403828064141
e0_diagonal,gamma_2,38,62.3938136544,62.3931224543,-0.00010166868006,0.000691200120599,0.824833470245,0.000570124994107
e0_diagonal,gamma_2,40,62.3939632979,62.3931277039,-9.64190200108e-05,0.000835593988427,0.816515626216,0.000682275548723
e0_diagonal,gamma_2,42,62.3940570843,62.3931349443,-8.91786287411e-05,0.000922140001748,0.808281661578,0.000745348852821
e0_diagonal,gamma_2,44,62.3941020512,62.3931440801,-8.00428760357e-05,0.000957971164929,0.800130730469,0.000766502167964
e0_diagonal,gamma_2,46,62.3941072176,62.3931549696,-6.91533567903e-05,0.000952248028888,0.792061995557,0.000754239474026
e0_diagonal,gamma_2,48,62.394082726,62.3931674309,-5.66920856713e-05,0.000915295105976,0.784074627951,0.000717659669684
e0_diagonal,gamma_2,50,62.3940388833,62.3931812467,-4.28762049083e-05,0.000857636530277,0.776167807123,0.000665669865014
e0_diagonal,gamma_2,52,62.393985323,62.3931961687,-2.7954256808e-05,0.000789154289912,0.768340720817,0.000606339375947
e0_diagonal,gamma_2,54,62.3939303434,62.3932119223,-1.22006517387e-05,0.000718421066523,0.760592564968,0.000546425721714
e0_diagonal,gamma_2,56,62.3938803223,62.3932282162,4.0932215768e-06,0.000652106139981,0.752922543621,0.000490985413625
e0_diagonal,gamma_2,58,62.3938393902,62.3932447506,2.0627655374e-05,0.000594639615734,0.745329868846,0.000443202666806
e0_diagonal,gamma_2,60,62.3938092779,62.3932612247,3.71017040592e-05,0.000548053287098,0.737813760658,0.000404361256795
e0_diagonal,gamma_2,62,62.3937893759,62.393277344,5.32210646753e-05,0.000512031916543,0.730373446941,0.000373974515829
e0_diagonal,gamma_2,64,62.3937770019,62.3932928297,6.87067964975e-05,0.000484172179739,0.723008163361,0.000350060438424
e0_diagonal,gamma_2,66,62.3937678455,62.3933074257,8.33027583553e-05,0.000460419791665,0.715717153295,0.000329530342611
e0_diagonal,gamma_2,68,62.3937565511,62.3933209043,9.67813169837e-05,0.000435646853362,0.708499667748,0.000308655650862
e0_diagonal,gamma_2,70,62.3937374429,62.3933330702,0.000108947297022,0.000404372612337,0.70135496528,0.000283608739486
e0_diagonal,gamma_2,72,62.3937051829,62.393343764,0.000119641094983,0.000361418809348,0.694282311926,0.000250926686528
e0_diagonal,gamma_2,74,62.3936553942,62.3933528637,0.000128740743349,0.000302530478905,0.687280981123,0.000207923444361
e0_diagonal,gamma_2,76,62.3935851356,62.3933602848,0.000136161879666,0.000224850756297,0.680350253636,0.000152977269077
e0_diagonal,gamma_2,78,62.3934931526,62.3933659796,0.000141856622548,0.000127173043751,0.673489417481,8.5649699155e-05
e0_diagonal,gamma_2,80,62.3933800363,62.3933699348,0.00014581180357,1.01015313376e-05,0.666697767855,6.73466839471e-06
e0_diagonal,gamma_2,82,62.393248166,62.3933721689,0.000148045937301,-0.000124002853987,0.659974607062,-8.18387348346e-05
e0_diagonal,gamma_2,84,62.393101517,62.3933727288,0.000148605881321,-0.000271211826501,0.653319244444,-0.000177187905574
e0_diagonal,gamma_2,86,62.3929454246,62.3933716866,0.000147563638862,-0.000426261955667,0.646730996304,-0.000275676819275
e0_diagonal,gamma_2,88,62.3927863579,62.3933691367,0.000145013750981,-0.000582778814533,0.640209185842,-0.000373100350378
e0_diagonal,gamma_2,90,62.3926314677,62.3933651936,0.000141070665279,-0.000733725931795,0.633753143082,-0.000465001115436
e0_diagonal,gamma_2,92,62.3924881813,62.3933599873,0.00013586432965,-0.000871805941202,0.627362204805,-0.000546938097435
e0_diagonal,gamma_2,94,62.3923638012,62.3933536597,0.00012953677151,-0.000989858559429,0.62103571448,-0.000614737517689
e0_diagonal,gamma_2,96,62.392265021,62.3933463643,0.000122241343931,-0.00108134330952,0.614773022197,-0.000664780694427
e0_diagonal,gamma_2,98,62.3921975152,62.3933382635,0.000114140573274,-0.00114074835597,0.608573484598,-0.000694229202039
e0_diagonal,gamma_2,100,62.3921656262,62.3933295248,0.000105401864907,-0.00116389861828,0.602436464814,-0.000701174968999
e0_diagonal,gamma_2,102,62.3921720685,62.3933203166,9.61936563755e-05,-0.00114824809113,0.5963613324,-0.00068477076155
e0_diagonal,gamma_2,104,62.3922177795,62.3933108066,8.66836994859e-05,-0.00109302719299,0.590347463266,-0.00064526583066
e0_diagonal,gamma_2,106,62.3923019011,62.3933011628,7.70398400221e-05,-0.000999261739516,0.584394239616,-0.000583962804442
e0_diagonal,gamma_2,108,62.3924218689,62.3932915527,6.74297209642e-05,-0.000869683784423,0.578501049885,-0.000503112982357
e0_diagonal,gamma_2,110,62.3925737181,62.3932821404,5.80174515505e-05,-0.000708422294593,0.572667288675,-0.000405690274682
e0_diagonal,gamma_2,112,62.3927523027,62.3932730837,4.89607271348e-05,-0.000520781001264,0.566892356693,-0.000295226769127
e0_diagonal,gamma_2,114,62.3929515716,62.3932645318,4.04088103636e-05,-0.000312960182363,0.561175660688,-0.000175625637107
e0_diagonal,gamma_2,116,62.3931648682,62.3932566216,3.24986367275e-05,-9.17534073324e-05,0.555516613393,-5.09705421086e-05
e0_diagonal,gamma_2,118,62.3933851806,62.3932494735,2.53505071441e-05,0.000135707122183,0.549914633464,7.46273323538e-05
e0_diagonal,gamma_2,120,62.3936054463,62.3932431872,1.9064204885e-05,0.000362259182189,0.544369145417,0.000197202721428
e0_diagonal,gamma_2,122,62.3938188363,62.3932378379,1.37149433712e-05,0.000580998366452,0.538879579572,0.000313088155446
e0_diagonal,gamma_2,124,62.394018941,62.393233473,9.35002159963e-06,0.000785468004544,0.533445371996,0.000419004271875
e0_diagonal,gamma_2,126,62.3942000045,62.3932301091,5.98610540692e-06,0.000969895492851,0.52806596444,0.000512168798838
e0_diagonal,gamma_2,128,62.3943570762,62.3932277299,3.60691957724e-06,0.0011293463744,0.522740804287,0.000590355432071
e0_diagonal,gamma_2,130,62.3944860595,62.3932262848,2.16184193391e-06,0.00125977471403,0.51746934449,0.000651894795473
e0_diagonal,gamma_2,132,62.3945837903,62.3932256876,1.56465742407e-06,0.00135810264854,0.512251043521,0.000695689498922
e0_diagonal,gamma_2,134,62.3946480676,62.393225817,1.69404680861e-06,0.00142225058072,0.507085365311,0.000721202455287
e0_diagonal,gamma_2,136,62.3946775753,62.3932265194,2.396429295e-06,0.0014510558715,0.5019717792,0.000728389097534
e0_diagonal,gamma_2,138,62.3946718468,62.3932276117,3.48877579626e-06,0.00144423511765,0.496909759875,0.000717654525515
e0_diagonal,gamma_2,140,62.3946312573,62.3932288845,4.76159456753e-06,0.00140237278186,0.491898787323,0.000689825470773
e0_diagonal,gamma_2,142,62.3945569695,62.393230107,5.98403701701e-06,0.00132686251535,0.486938346776,0.000646100239622
e0_diagonal,gamma_2,144,62.3944508468,62.3932310337,6.91075045012e-06,0.00121981314135,0.482027928653,0.000587984001868
e0_diagonal,gamma_2,146,62.3943154239,62.3932314137,7.2907966171e-06,0.0010840101256,0.477167028517,0.000517253890513
e0_diagonal,gamma_2,148,62.3941539173,62.3932310013,6.87831174417e-06,0.000922916009046,0.472355147014,0.000435944127134
e0_diagonal,gamma_2,150,62.3939702676,62.3932295658,5.44289918025e-06,0.000740701773488,0.467591789826,0.000346346067992
e0_diagonal,gamma_2,152,62.393769078,62.3932269033,2.78036145573e-06,0.000542174737248,0.462876467622,0.000250959927211
e0_diagonal,gamma_2,154,62.3935555018,62.3932228467,-1.27625099822e-06,0.000332655111023,0.458208696004,0.000152425464641
e0_diagonal,gamma_2,156,62.3933351715,62.3932172762,-6.84676001583e-06,0.000117895340978,0.453587995458,5.3475911388e-05
e0_diagonal,gamma_2,158,62.3931140338,62.3932101277,-1.39952848173e-05,-9.60938677892e-05,0.449013891308,-4.31474815069e-05
e0_diagonal,gamma_2,160,62.3928981857,62.3932013993,-2.2723697704e-05,-0.000303213568607,0.444485913662,-0.000134774160077
e0_diagonal,gamma_2,162,62.3926936699,62.3931911552,-3.29677576048e-05,-0.000497485261974,0.440003597369,-0.000218895304907
e0_diagonal,gamma_2,164,62.3925062045,62.393179527,-4.459598496e-05,-0.000673322441756,0.435566481967,-0.000293276687185
e0_diagonal,gamma_2,166,62.3923409898,62.3931667116,-5.74113304026e-05,-0.000825721832378,0.431174111638,-0.000356029877536
e0_diagonal,gamma_2,168,62.3922025007,62.393152968,-7.11549393202e-05,-0.000950467323833,0.426826035161,-0.000405684199381
e0_diagonal,gamma_2,170,62.3920942767,62.3931386103,-8.55126933388e-05,-0.00104433352586,0.422521805863,-0.000441253687271
e0_diagonal,gamma_2,172,62.392018869,62.3931239969,-0.000100126083126,-0.00110512785135,0.41826098158,-0.000462231859878
e0_diagonal,gamma_2,174,62.3919777511,62.3931095175,-0.000114605491653,-0.00113176632303,0.414043124602,-0.000468600064706
e0_diagonal,gamma_2,176,62.3919712006,62.3930955789,-0.000128544070584,-0.00112437824232,0.409867801636,-0.000460846438385
e0_diagonal,gamma_2,178,62.3919983963,62.393082591,-0.000141531952053,-0.00108419469088,0.405734583757,-0.000439895281617
e0_diagonal,gamma_2,180,62.3920574958,62.3930709531,-0.000153169802715,-0.00101345737131,0.401643046366,-0.000407048105977
e0_diagonal,gamma_2,182,62.3921457317,62.3930610406,-0.000163082366328,-0.000915308842622,0.397592769146,-0.000363920177362
e0_diagonal,gamma_2,184,62.3922595943,62.3930531913,-0.000170931614306,-0.000793597009462,0.393583336018,-0.000312346558438
e0_diagonal,gamma_2,186,62.3923950055,62.3930476955,-0.000176427418928,-0.000652690004678,0.389614335099,-0.000254297382198
e0_diagonal,gamma_2,188,62.3925475259,62.3930447864,-0.000179336580686,-0.0004972604833,0.38568535866,-0.000191786087849
e0_diagonal,gamma_2,190,62.3927125376,62.3930446316,-0.000179491372478,-0.000332094024515,0.381796003083,-0.000126792171208
e0_diagonal,gamma_2,192,62.3928853799,62.3930473273,-0.000176795695907,-0.00016194738761,0.377945868821,-6.12073461137e-05
e0_diagonal,gamma_2,194,62.3930614772,62.3930528953,-0.000171227626346,8.58183629049e-06,0.374134560355,3.21076154758e-06
e0_diagonal,gamma_2,196,62.3932364464,62.393061283,-0.000162839904419,0.000175163312946,0.370361686156,6.48737799352e-05
e0_diagonal,gamma_2,198,62.3934061677,62.3930723644,-0.000151758568173,0.000333803362743,0.366626858641,0.000122381278286
e0_diagonal,gamma_2,200,62.3935668388,62.3930859435,-0.000138179460933,0.000480895274876,0.362929694138,0.000174531175023
e0_diagonal,gamma_2,202,62.3937149813,62.3931017601,-0.000122362836819,0.00061322123657,0.359269812843,0.000220311878894
e0_diagonal,gamma_2,204,62.3938474588,62.3931194976,-0.000104625332014,0.000727961138026,0.355646838782,0.000258897077495
e0_diagonal,gamma_2,206,62.3939614883,62.3931387934,-8.53295406671e-05,0.000822694938854,0.352060399772,0.000289638309064
e0_diagonal,gamma_2,208,62.3940546227,62.39315925,-6.48729041401e-05,0.000895372689719,0.348510127384,0.00031204645015
e0_diagonal,gamma_2,210,62.3941247701,62.3931804469,-4.36760933837e-05,0.000944323274709,0.344995656904,0.000325787428488
e0_diagonal,gamma_2,212,62.3941702622,62.3932019524,-2.21705514747e-05,0.000968309828906,0.341516627296,0.000330693906946
e0_diagonal,gamma_2,214,62.3941898762,62.3932233367,-7.8620899302e-07,0.000966539457707,0.338072681165,0.000326760585919
e0_diagonal,gamma_2,216,62.394182855,62.3932441828,2.00598928259e-05,0.000938672162533,0.334663464718,0.000314139278148
e0_diagonal,gamma_2,218,62.3941490103,62.3932640979,3.9974983558e-05,0.000884912377529,0.331288627734,0.000293161407216
e0_diagonal,gamma_2,220,62.394088779,62.3932827247,5.86017276518e-05,0.000806054316662,0.327947823519,0.000264343758787
e0_diagonal,gamma_2,222,62.3940032715,62.3932997501,7.56271706024e-05,0.000703521403608,0.324640708878,0.000228391687178
e0_diagonal,gamma_2,224,62.3938943424,62.393314912,9.07890183584e-05,0.000579430386651,0.321366944077,0.000186209772663
e0_diagonal,gamma_2,226,62.3937646029,62.3933280034,0.000103880462937,0.000436599517904,0.318126192806,0.000138893742412
e0_diagonal,gamma_2,228,62.3936173795,62.3933388768,0.000114753801242,0.000278502730438,0.314918122149,8.77055568829e-05
e0_diagonal,gamma_2,230,62.3934566532,62.393347445,0.000123322033595,0.00010920824311,0.311742402544,3.40448400847e-05
e0_diagonal,gamma_2,232,62.393286978,62.3933536818,0.00012955886956,-6.67038396713e-05,0.308598707756,-2.05847187249e-05
e0_diagonal,gamma_2,234,62.3931133402,62.3933576203,0.000133497379451,-0.000244280118267,0.305486714837,-7.46243308294e-05
e0_diagonal,gamma_2,236,62.3929410012,62.39335935,0.000135227072661,-0.000418348871982,0.302406104098,-0.00012651125253
e0_diagonal,gamma_2,238,62.3927753129,62.3933590123,0.000134889387752,-0.000583699483251,0.299356559071,-0.000174734268837
e0_diagonal,gamma_2,240,62.3926214938,62.3933567945,0.000132671517022,-0.000735300632726,0.296337766482,-0.000217897347195
e0_diagonal,gamma_2,242,62.3924844106,62.3933529223,0.000128799315775,-0.00086851167039,0.293349416214,-0.000254777391484
e0_diagonal,gamma_2,244,62.3923683952,62.3933476529,0.000123529977131,-0.000979257739125,0.29039120128,-0.000284367831227
e0_diagonal,gamma_2,246,62.3922770554,62.3933412668,0.000117143811451,-0.00106421133111,0.287462817786,-0.000305921187961
e0_diagonal,gamma_2,248,62.3922131009,62.3933340578,0.00010993484851,-0.00112095690772,0.284563964904,-0.000318983942147
e0_diagonal,gamma_2,250,62.3921782547,62.3933263241,0.000102201177754,-0.00114806943886,0.281694344839,-0.00032340466841
e0_diagonal,gamma_2,252,62.3921731986,62.3933183583,9.42353482003e-05,-0.00114515974002,0.2788536628,-0.000319331987996
e0_diagonal,gamma_2,254,62.3921975324,62.393310438,8.63150197858e-05,-0.00111290560675,0.276041626968,-0.000307208274348
e0_diagonal,gamma_2,256,62.3922498062,62.3933028173,7.86943424984e-05,-0.0010530110815,0.273257948466,-0.000287743647842
e0_diagonal,gamma_2,258,62.3923276059,62.3932957191,7.15961209181e-05,-0.000968113215251,0.270502341332,-0.0002618768914
e0_diagonal,gamma_2,260,62.3924276952,62.3932893281,6.52051247982e-05,-0.000861632908453,0.267774522487,-0.00023072334062
e0_diagonal,gamma_2,262,62.3925461952,62.393283786,5.96630608598e-05,-0.000737590767088,0.265074211705,-0.000195516291146
e0_diagonal,gamma_2,264,62.39267878,62.3932791882,5.50652245863e-05,-0.000600408188191,0.262401131588,-0.000157547787996
e0_diagonal,gamma_2,266,62.3928209055,62.3932755818,5.14588877536e-05,-0.00045467631125,0.259755007535,-0.000118104448655
e0_diagonal,gamma_2,268,62.3929680409,62.393272966,4.88430612364e-05,-0.000304925125413,0.257135567713,-7.84070952329e-05
e0_diagonal,gamma_2,270,62.3931158858,62.3932712925,4.71695435635e-05,-0.000155406695271,0.254542543031,-3.95576154183e-05
e0_diagonal,gamma_2,272,62.3932605752,62.3932704686,4.63456708104e-05,-9.89339783786e-06,0.251975667113,-2.49289552021e-06
e0_diagonal,gamma_2,274,62.3933988106,62.3932703611,4.62381870037e-05,0.000128449508864,0.249434676266,3.203976166e-05
e0_diagonal,gamma_2,276,62.393527891,62.3932708012,4.66782307313e-05,0.000257089850301,0.246919309459,6.34804483052e-05
e0_diagonal,gamma_2,278,62.3936457141,62.3932715911,4.74681387175e-05,0.000374122965042,0.244429308291,9.14466175611e-05
e0_diagonal,gamma_2,280,62.3937507185,62.3932725125,4.83895438208e-05,0.000478206025065,0.24196441697,0.000115708842046
e0_diagonal,gamma_2,282,62.3938417483,62.3932733353,4.92123312839e-05,0.000568413011287,0.23952438228,0.000136148775408
e0_diagonal,gamma_2,284,62.3939179391,62.3932738276,4.97046366874e-05,0.000644111478586,0.237108953561,0.000152724598664
e0_diagonal,gamma_2,286,62.3939785835,62.3932737663,4.96433376327e-05,0.000704817259432,0.234717882678,0.000165433214809
e0_diagonal,gamma_2,288,62.3940230035,62.3932729468,4.88238099692e-05,0.000750056731029,0.232350924002,0.000174276374508
e0_diagonal,gamma_2,290,62.394050531,62.3932711913,4.70683735045e-05,0.0007793396734,0.230007834378,0.000179254230523
e0_diagonal,gamma_2,292,62.3940605151,62.3932683566,4.42336179276e-05,0.000792158535631,0.227688373104,0.000180365288218
e0_diagonal,gamma_2,294,62.3940522987,62.3932643391,4.02161093689e-05,0.000787959603159,0.225392301905,0.000177600028764
e0_diagonal,gamma_2,296,62.3940252752,62.393259079,3.49560969823e-05,0.000766196122861,0.22311938491,0.000170953207653
e0_diagonal,gamma_2,298,62.3939789872,62.3932525627,2.84397238062e-05,0.000726424529674,0.220869388626,0.000160444941752
e0_diagonal,gamma_2,300,62.3939131902,62.393244822,2.06990172416e-05,0.000668368203165,0.218642081913,0.000146133415424
e0_diagonal,gamma_2,302,62.3938279496,62.3932359328,1.18098056134e-05,0.000592016861248,0.216437235964,0.000128134493092
e0_diagonal,gamma_2,304,62.3937237842,62.3932260113,1.88836612125e-06,0.000497772843673,0.214254624278,0.000106650133597
e0_diagonal,gamma_2,306,62.3936018192,62.3932152104,-8.91253869639e-06,0.000386608817088,0.21209402264,8.19974192043e-05
e0_diagonal,gamma_2,308,62.3934639288,62.3932037147,-2.0408216443e-05,0.000260214045632,0.209955209093,5.46332943597e-05
e0_diagonal,gamma_2,310,62.3933129002,62.393191735,-3.23879494033e-05,0.000121165221017,0.207837963922,2.51827328344e-05
e0_diagonal,gamma_2,312,62.3931525353,62.3931795013,-4.46216897814e-05,-2.69659801404e-05,0.205742069624,-5.54803656352e-06
e0_diagonal,gamma_2,314,62.3929876169,62.3931672565,-5.68664749778e-05,-0.000179639610081,0.203667310891,-3.65867163149e-05
e0_diagonal,gamma_2,316,62.392823763,62.3931552503,-6.88726366889e-05,-0.000331487337988,0.201613474588,-6.68323139935e-05
e0_diagonal,gamma_2,318,62.3926671543,62.3931437324,-8.03905728759e-05,-0.000476578046261,0.199580349725,-9.5115613144e-05
e0_diagonal,gamma_2,320,62.3925242155,62.3931329447,-9.11782227746e-05,-0.000608729180705,0.197567727444,-0.000120265240861
e0_diagonal,gamma_2,322,62.3924012495,62.3931231155,-0.000101007447242,-0.000721866024264,0.195575400991,-0.000141179237158
e0_diagonal,gamma_2,324,62.3923039281,62.3931144543,-0.000109668605731,-0.000810526238155,0.193603165698,-0.000156920445588
e0_diagonal,gamma_2,326,62.3922369267,62.3931071471,-0.000116975818045,-0.000870220384115,0.191650818959,-0.000166778449291
e0_diagonal,gamma_2,328,62.3922036971,62.3931013501,-0.000122772887813,-0.000897652962102,0.189718160213,-0.00017030106848
e0_diagonal,gamma_2,330,62.3922061937,62.3930971854,-0.00012693750012,-0.000890991723729,0.187804990922,-0.000167332692586
e0_diagonal,gamma_2,332,62.3922447473,62.3930947397,-0.000129383286122,-0.000849992351831,0.185911114547,-0.000158023025485
e0_diagonal,gamma_2,334,62.3923181397,62.3930940631,-0.000130059880902,-0.000775923347547,0.184036336534,-0.000142798090314
e0_diagonal,gamma_2,336,62.3924237474,62.3930951713,-0.00012895163055,-0.000671423888868,0.182180464291,-0.00012232031581
e0_diagonal,gamma_2,338,62.3925577714,62.3930980472,-0.000126075780173,-0.000540275729932,0.180343307166,-9.74351119173e-05
e0_diagonal,gamma_2,340,62.3927154993,62.3931026431,-0.000121479859999,-0.000387143814933,0.17852467643,-6.91147242929e-05
e0_diagonal,gamma_2,342,62.3928915467,62.3931088846,-0.000115238322515,-0.000217337941542,0.176724385259,-3.84089141126e-05
e0_diagonal,gamma_2,344,62.3930800777,62.3931166743,-0.000107448674655,-3.65965938514e-05,0.174942248712,-6.40229042356e-06
e0_diagonal,gamma_2,346,62.3932750381,62.3931258958,-9.82271347638e-05,0.000149142243622,0.173178083712,2.5828167951e-05
e0_diagonal,gamma_2,348,62.3934703123,62.3931364189,-8.77040275782e-05,0.0003338933289,0.17143170903,5.72399040071e-05
e0_diagonal,gamma_2,350,62.3936598745,62.3931481029,-7.60200780121e-05,0.000511771615891,0.169702945263,8.68491505187e-05
e0_diagonal,gamma_2,352,62.393838073,62.3931607988,-6.33241392478e-05,0.000677274215789,0.167991614818,0.000113776389185
e0_diagonal,gamma_2,354,62.3939997671,62.3931743508,-4.97721743642e-05,0.000825416277138,0.166297541892,0.000137264697926
e0_diagonal,gamma_2,356,62.3941404591,62.3931885964,-3.55265487073e-05,0.000951862736891,0.164620552456,0.00015669616961
e0_diagonal,gamma_2,358,62.394256476,62.393203369,-2.07539120964e-05,0.0010531069583,0.162960474236,0.000171614809345
e0_diagonal,gamma_2,360,62.3943451352,62.3932185008,-5.62216695243e-06,0.00112663445675,0.161317136694,0.000181745444663
e0_diagonal,gamma_2,362,62.3944049024,62.393233824,9.70109461207e-06,0.00117107840137,0.159690371013,0.0001870099444
e0_diagonal,gamma_2,364,62.3944354192,62.393249171,2.50480541268e-05,0.0011862482119,0.158080010077,0.000187522129291
e0_diagonal,gamma_2,366,62.3944373619,62.393264373,4.02500794294e-05,0.0011729888913,0.156485888457,0.000183556208805
e0_diagonal,gamma_2,368,62.394412285,62.3932792615,5.51385345204e-05,0.00113302347641,0.154907842391,0.00017551422211
e0_diagonal,gamma_2,370,62.3943624394,62.3932936679,6.95449013506e-05,0.00106877151811,0.153345709769,0.000163891527025
e0_diagonal,gamma_2,372,62.394290493,62.3933074235,8.33005139569e-05,0.000983069542379,0.151799330115,0.000149229297989
e0_diagonal,gamma_2,374,62.3941992488,62.3933203595,9.62365065931e-05,0.000878889314301,0.150268544572,0.0001320694181
e0_diagonal,gamma_2,376,62.3940915991,62.3933323076,0.000108184698064,0.000759291427897,0.148753195885,0.000112947026508
e0_diagonal,gamma_2,378,62.3939703722,62.3933431032,0.000118980279254,0.00062726897562,0.147253128384,9.23673189984e-05
e0_diagonal,gamma_2,380,62.3938382842,62.3933525871,0.000128464139138,0.000485697127189,0.14576818797,7.07991901328e-05
e0_diagonal,gamma_2,382,62.3936980836,62.3933606089,0.000136485983845,0.000337474666409,0.144298222098,4.86969943659e-05
e0_diagonal,gamma_2,384,62.3935525026,62.3933670316,0.000142908672679,0.00018547100202,0.142843079759,2.64932491345e-05
e0_diagonal,gamma_2,386,62.3934042401,62.3933717347,0.000147611790055,3.25053381545e-05,0.141402611469,4.59633970174e-06
e0_diagonal,gamma_2,388,62.3932559631,62.3933746192,0.000150496213635,-0.000118656046382,0.139976669252,-1.66090781592e-05
e0_diagonal,gamma_2,390,62.3931103459,62.3933756119,0.000151488903356,-0.000265265945316,0.138565106622,-3.6756603996e-05
e0_diagonal,gamma_2,392,62.3929700318,62.3933746679,0.000150544995378,-0.00040463617372,0.137167778572,-5.5503045079e-05
e0_diagonal,gamma_2,394,62.3928375967,62.3933717718,0.000147648854181,-0.000534175053993,0.135784541556,-7.25327148171e-05
e0_diagonal,gamma_2,396,62.3927155674,62.3933669387,0.00014281571778,-0.000651371249148,0.134415253477,-8.75542315618e-05
e0_diagonal,gamma_2,398,62.3926063095,62.3933602157,0.000136092786306,-0.000753906216708,0.133059773669,-0.000100314590563
e0_diagonal,gamma_2,400,62.3925120404,62.3933516828,0.000127559898687,-0.000839642430989,0.131717962887,-0.000110595990564
e0_diagonal,gamma_2,402,62.3924347043,62.3933414517,0.000117328775147,-0.000906747435621,0.130389683288,-0.000118230510953
e0_diagonal,gamma_2,404,62.3923758483,62.3933296637,0.000105540797307,-0.000953815445428,0.12907479842,-0.000123113536349
e0_diagonal,gamma_2,406,62.3923366611,62.3933164884,9.23654086762e-05,-0.00097982730415,0.127773173207,-0.000125195643847
e0_diagonal,gamma_2,408,62.3923179046,62.393302121,7.79980019772e-05,-0.000984216342935,0.126484673936,-0.000124488283218
e0_diagonal,gamma_2,410,62.3923198461,62.3932867787,6.265578957e-05,-0.000966932590607,0.125209168239,-0.000121068825413
e0_diagonal,gamma_2,412,62.3923423335,62.3932706957,4.6572757995e-05,-0.000928362199318,0.123946525088,-0.000115067268628
e0_diagonal,gamma_2,414,62.3923848582,62.3932541184,2.99954060665e-05,-0.000869260163498,0.122696614772,-0.000106655279417
e0_diagonal,gamma_2,416,62.3924465228,62.3932373011,1.31781883539e-05,-0.00079077831866,0.121459308889,-9.60473880692e-05
e0_diagonal,gamma_2,418,62.3925259909,62.3932205004,-3.62254110087e-06,-0.000694509535407,0.120234480335,-8.35039930772e-05
e0_diagonal,gamma_2,420,62.3926214286,62.3932039686,-2.0154369814e-05,-0.000582539961208,0.119022003283,-6.93350731753e-05
e0_diagonal,gamma_2,422,62.3927303668,62.3931879488,-3.61741908605e-05,-0.000457581951729,0.117821753178,-5.39131077752e-05
e0_diagonal,gamma_2,424,62.3928496335,62.3931726692,-5.1453743481e-05,-0.000323035683877,0.11663360672,-3.76768169098e-05
e0_diagonal,gamma_2,426,62.3929754202,62.3931583384,-6.57845505287e-05,-0.000182918225917,0.115457441852,-2.11192704326e-05
e0_diagonal,gamma_2,428,62.3931033474,62.3931451408,-7.89821438474e-05,-4.17934461012e-05,0.11429313775,-4.77670409229e-06
e0_diagonal,gamma_2,430,62.3932286534,62.3931332325,-9.08904927286e-05,9.5420904529e-05,0.113140574805,1.07959759868e-05
e0_diagonal,gamma_2,432,62.3933465307,62.3931227377,-0.000101385266333,0.000223793039034,0.111999634617,2.50647386017e-05
e0_diagonal,gamma_2,434,62.3934524339,62.3931137473,-0.000110375638485,0.000338686609147,0.110870199979,3.75502520864e-05
e0_diagonal,gamma_2,436,62.3935423684,62.393106317,-0.00011780591911,0.000436051344884,0.109752154866,4.78575747331e-05
e0_diagonal,gamma_2,438,62.3936131688,62.3931004675,-0.000123655406277,0.000512701290184,0.108645384422,5.57026287656e-05
e0_diagonal,gamma_2,440,62.393662697,62.3930961866,-0.000127936301467,0.000566510387131,0.107549774951,6.09280646432e-05
e0_diagonal,gamma_2,442,62.3936899326,62.3930934297,-0.000130693279964,0.00059650293688,0.106465213902,6.35068127682e-05
e0_diagonal,gamma_2,444,62.3936949511,62.3930921187,-0.000132004250261,0.000602832429045,0.105391589861,6.35334681168e-05
e0_diagonal,gamma_2,446,62.3936787494,62.3930921445,-0.000131978422985,0.000586604919839,0.104328792535,6.11997829819e-05
e0_diagonal,gamma_2,448,62.3936429903,62.393093371,-0.000130751997631,0.000549619331153,0.103276712745,5.67628777827e-05
e0_diagonal,gamma_2,450,62.3935898111,62.3930956399,-0.000128483076736,0.000494171261899,0.102235242413,5.05217187537e-05
e0_diagonal,gamma_2,452,62.3935215953,62.3930987773,-0.000125345639219,0.000422817996792,0.101204274549,4.27909886318e-05
e0_diagonal,gamma_2,454,62.3934408219,62.3931026004,-0.000121522506376,0.000338221495355,0.100183703245,3.38842819216e-05
e0_diagonal,gamma_2,456,62.3933499679,62.3931069254,-0.000117197573523,0.000243042537342,0.0991734236576,2.41033605226e-05
e0_diagonal,gamma_2,458,62.3932513761,62.3931115755,-0.000112547476192,0.000139800630237,0.0981733320033,1.37246936865e-05
e0_diagonal,gamma_2,460,62.3931472566,62.3931163897,-0.000107733275399,3.08669693538e-05,0.097183325544,2.99975473127e-06
e0_diagonal,gamma_2,462,62.3930397873,62.3931212301,-0.000102892854514,-8.14428409228e-05,0.0962033025779,-7.8350702681e-06
e0_diagonal,gamma_2,464,62.3929311736,62.3931259886,-9.81343897735e-05,-0.000194814978116,0.0952331624287,-1.85528464544e-05
e0_diagonal,gamma_2,466,62.392823769,62.3931305916,-9.35313720518e-05,-0.000306822572703,0.0942728054354,-2.89250246997e-05
e0_diagonal,gamma_2,468,62.392720141,62.3931350035,-8.91194164154e-05,-0.000414862515413,0.0933221329421,-3.87158548161e-05
e0_diagonal,gamma_2,470,62.3926230934,62.393139228,-8.48949665624e-05,-0.000516134629862,0.0923810472875,-4.7681057648e-05
e0_diagonal,gamma_2,472,62.3925356495,62.3931433073,-8.08156623791e-05,-0.000607657790006,0.0914494517955,-5.55699717753e-05
e0_diagonal,gamma_2,474,62.3924609567,62.3931473212,-7.68017730479e-05,-0.000686364511083,0.0905272507647,-6.21346922107e-05
e0_diagonal,gamma_2,476,62.3924021014,62.3931513829,-7.27400827074e-05,-0.000749281453885,0.0896143494587,-6.71463700514e-05
e0_diagonal,gamma_2,478,62.39236192,62.3931556339,-6.84890862033e-05,-0.000793713838561,0.0887106540966,-7.04108737843e-05
e0_diagonal,gamma_2,480,62.3923428526,62.3931602386,-6.38843167309e-05,-0.000817386015072,0.0878160718433,-7.17796290232e-05
e0_diagonal,gamma_2,482,62.3923467573,62.393165377,-5.8745970037e-05,-0.000818619719368,0.0869305107995,-7.11630303552e-05
e0_diagonal,gamma_2,484,62.3923747554,62.3931712342,-5.28887082183e-05,-0.000796478809576,0.0860538799931,-6.85400918964e-05
e0_diagonal,gamma_2,486,62.3924271948,62.3931779919,-4.61310359938e-05,-0.000750797096693,0.0851860893691,-6.3957468577e-05
e0_diagonal,gamma_2,488,62.3925036182,62.3931858183,-3.83046190962e-05,-0.000682200151459,0.0843270497807,-5.75279261325e-05
e0_diagonal,gamma_2,490,62.392602789,62.3931948578,-2.92651432972e-05,-0.000592068820666,0.0834766729801,-4.94239353244e-05
e0_diagonal,gamma_2,492,62.3927228469,62.3932052194,-1.89035839782e-05,-0.000482372419242,0.0826348716094,-3.9860782932e-05
e0_diagonal,gamma_2,494,62.3928612283,62.3932169686,-7.1543307314e-06,-0.000355740337497,0.0818015591916,-2.91001142746e-05
e0_diagonal,gamma_2,496,62.3930147014,62.3932301236,6.00061603961e-06,-0.000215422178755,0.0809766501218,-1.74441663975e-05
e0_diagonal,gamma_2,498,62.3931795084,62.3932446519,2.05289549484e-05,-6.51435213186e-05,0.0801600596584,-5.22190855526e-06
e0_diagonal,gamma_2,500,62.3933513359,62.3932604693,3.63463141184e-05,9.08666253423e-05,0.0793517039143,7.21042154986e-06
e0_diagonal,gamma_2,502,62.3935255494,62.3932774403,5.33173926272e-05,0.000248109063563,0.0785514998484,1.94893390688e-05
e0_diagonal,gamma_2,504,62.3936973812,62.3932953816,7.12586114346e-05,0.000401999635237,0.077759365257,3.12592364696e-05
e0_diagonal,gamma_2,506,62.3938620206,62.3933140637,8.99407824022e-05,0.000547956896447,0.0769752187652,4.2179101978e-05
e0_diagonal,gamma_2,508,62.3940147832,62.3933332167,0.000109093707337,0.000681566512611,0.076198979819,5.19346729398e-05
e0_diagonal,gamma_2,510,62.3941512377,62.3933525372,0.000128414202379,0.000798700581228,0.0754305686765,6.02464390443e-05
e0_diagonal,gamma_2,512,62.3942673391,62.3933716989,0.00014757594483,0.000895640176289,0.0746699063999,6.68773681315e-05
e0_diagonal,gamma_2,514,62.3943595896,62.3933903604,0.000166237480471,0.000969229180669,0.0739169148477,7.16424308154e-05
e0_diagonal,gamma_2,516,62.3944251183,62.3934081726,0.000184049671212,0.00101694565503,0.0731715166662,7.44114559457e-05
e0_diagonal,gamma_2,518,62.3944617779,62.3934247886,0.000200665610137,0.00103698935421,0.0724336352817,7.5112908674e-05
e0_diagonal,gamma_2,520,62.3944683239,62.3934398742,0.00021575123035,0.00102844968128,0.0717031948929,7.37431279343e-05
e0_diagonal,gamma_2,522,62.3944445714,62.3934531178,0.000228994801233,0.000991453653313,0.0709801204628,7.03734997454e-05
e0_diagonal,gamma_2,524,62.3943915399,62.3934642383,0.000240115377466,0.000927301538177,0.0702643377109,6.51562284383e-05
e0_diagonal,gamma_2,526,62.3943115877,62.3934729923,0.00024886934392,0.000838595407586,0.0695557731061,5.83291518979e-05
e0_diagonal,gamma_2,528,62.3942083207,62.3934791779,0.000255054913424,0.000729142856848,0.0688543538586,5.02046602789e-05
e0_diagonal,gamma_2,530,62.3940863688,62.3934826385,0.000258515579972,0.000603730263812,0.0681600079128,4.11502595586e-05
e0_diagonal,gamma_2,532,62.3939510801,62.3934832659,0.000259142970023,0.000467814209316,0.0674726639394,3.15646709312e-05
e0_diagonal,gamma_2,534,62.3938081286,62.3934810014,0.000256878456241,0.00032712717389,0.0667922513287,2.18495604149e-05
e0_diagonal,gamma_2,536,62.3936630977,62.3934758361,0.000251713158782,0.000187261606385,0.066118700183,1.23814940084e-05
e0_diagonal,gamma_2,538,62.3935210578,62.3934678098,0.000243686846872,5.32480134368e-05,0.0654519413095,3.48518585031e-06
e0_diagonal,gamma_2,540,62.3933864017,62.3934570104,0.000232887480145,-7.06087260909e-05,0.0647919062129,-4.57487395869e-06
e0_diagonal,gamma_2,542,62.3932626784,62.3934435722,0.000219449243879,-0.00018089382413,0.0641385270889,-1.16022634392e-05
e0_diagonal,gamma_2,544,62.3931526062,62.3934276715,0.000203548588907,-0.000275065366182,0.063491736817,-1.74643778371e-05
e0_diagonal,gamma_2,546,62.3930580609,62.3934095229,0.000185399944058,-0.000351462003479,0.0628514689532,-2.20899031999e-05
e0_diagonal,gamma_2,548,62.3929800827,62.3933893745,0.000165251550378,-0.000409291789275,0.0622176577239,-2.54651764543e-05
e0_diagonal,gamma_2,550,62.3929190384,62.3933675048,0.000143381891249,-0.000448466438073,0.0615902380187,-2.76211546643e-05
e0_diagonal,gamma_2,552,62.3928746998,62.3933442163,0.000120093308055,-0.00046951640843,0.0609691453836,-2.86260141655e-05
e0_diagonal,gamma_2,554,62.3928462863,62.3933198249,9.57019263694e-05,-0.000473538588565,0.0603543160148,-2.85800976195e-05
e0_diagonal,gamma_2,556,62.3928325353,62.3932946528,7.05298777888e-05,-0.000462117546491,0.0597456867519,-2.76095301752e-05
e0_diagonal,gamma_2,558,62.3928318393,62.393269023,4.49000115452e-05,-0.000437183709224,0.0591431950711,-2.58564413965e-05
e0_diagonal,gamma_2,560,62.3928423213,62.3932432521,1.91291737366e-05,-0.000400930872409,0.0585467790797,-2.34732112132e-05
e0_diagonal,gamma_2,562,62.3928619568,62.3932176443,-6.4786184879e-06,-0.000355687573091,0.0579563775085,-2.06143632611e-05
e0_diagonal,gamma_2,564,62.3928887605,62.3931924849,-3.16380555105e-05,-0.000303724407381,0.0573719297067,-1.74252553505e-05
e0_diagonal,gamma_2,566,62.3929209154,62.3931680352,-5.60877639089e-05,-0.000247119806701,0.0567933756347,-1.40347680088e-05
e0_diagonal,gamma_2,568,62.3929567838,62.3931445289,-7.95940815976e-05,-0.000187745084958,0.0562206558586,-1.05551518105e-05
e0_diagonal,gamma_2,570,62.3929950219,62.3931221705,-0.00010195245342,-0.000127148591595,0.0556537115438,-7.07629103983e-06
e0_diagonal,gamma_2,572,62.393034633,62.3931011349,-0.000122988060106,-6.65019079733e-05,0.0550924844489,-3.66375533084e-06
e0_diagonal,gamma_2,574,62.3930748955,62.393081566,-0.000142556958295,-6.67048473701e-06,0.05453691692,-3.63787671919e-07
e0_diagonal,gamma_2,576,62.3931154264,62.3930635766,-0.000160546303171,5.1849791852e-05,0.0539869518845,2.79921221794e-06
e0_diagonal,gamma_2,578,62.393156116,62.3930472492,-0.000176873759159,0.000108866828555,0.0534425328454,5.8181190608e-06
e0_diagonal,gamma_2,580,62.3931969153,62.3930326359,-0.000191487027685,0.000164279351075,0.0529036038752,8.69096971416e-06
e0_diagonal,gamma_2,582,62.3932378098,62.3930197604,-0.000204362569406,0.000218049410606,0.0523701096106,1.14192715339e-05
e0_diagonal,gamma_2,584,62.3932786698,62.3930086191,-0.000215503892683,0.000270050698532,0.0518419952466,1.39999670296e-05
e0_diagonal,gamma_2,586,62.3933190247,62.3929991844,-0.000224938540256,0.000319840283709,0.0513192065309,1.64139495765e-05
e0_diagonal,gamma_2,588,62.3933579705,62.3929914101,-0.000232712801562,0.000366560303064,0.0508016897581,1.86218827939e-05
e0_diagonal,gamma_2,590,62.3933941067,62.3929852366,-0.000238886345095,0.000408870120587,0.0502893917646,2.05618296751e-05
e0_diagonal,gamma_2,592,62.3934255695,62.3929805953,-0.000243527666171,0.000444974186777,0.0497822599227,2.21518206251e-05
e0_diagonal,gamma_2,594,62.3934501128,62.3929774137,-0.000246709246497,0.000472699120166,0.0492802421357,2.32947270991e-05
e0_diagonal,gamma_2,596,62.3934652927,62.3929756204,-0.000248502573655,0.000489672305306,0.0487832868319,2.38878245234e-05
e0_diagonal,gamma_2,598,62.3934687301,62.3929751486,-0.000248974305038,0.000493581433886,0.0482913429599,2.38357103025e-05
e0_diagonal,gamma_2,600,62.3934583046,62.3929759389,-0.000248184010104,0.000482365614701,0.0478043599832,2.30591794887e-05
e0_diagonal,gamma_2,602,62.3934324157,62.3929779416,-0.000246181310303,0.000454474051011,0.0473222878746,2.15067518735e-05
e0_diagonal,gamma_2,604,62.3933902088,62.3929811194,-0.000243003599216,0.000409089463837,0.0468450771116,1.9163827479e-05
e0_diagonal,gamma_2,606,62.3933316519,62.3929854458,-0.000238677171303,0.000346206077012,0.0463726786713,1.60545031633e-05
e0_diagonal,gamma_2,608,62.3932575216,62.3929909045,-0.000233218433102,0.000266617070857,0.0459050440246,1.22390683754e-05
e0_diagonal,gamma_2,610,62.3931693655,62.3929974893,-0.000226633620535,0.000171876180545,0.0454421251324,7.8104189036e-06
e0_diagonal,gamma_2,612,62.3930694058,62.3930052031,-0.000218919807523,6.42026547837e-05,0.0449838744396,2.88808416148e-06
e0_diagonal,gamma_2,614,62.3929604217,62.3930140546,-0.000210068329146,-5.36329123193e-05,0.0445302448708,-2.38828671872e-06
e0_diagonal,gamma_2,616,62.3928456585,62.3930240541,-0.000200068879892,-0.000178395546826,0.0440811898255,-7.86388796364e-06
e0_diagonal,gamma_2,618,62.3927286506,62.3930352099,-0.000188913057229,-0.000306559260792,0.0436366631728,-1.33772232057e-05
e0_diagonal,gamma_2,620,62.3926131572,62.3930475256,-0.000176597373894,-0.000434368335014,0.0431966192472,-1.87632435807e-05
e0_diagonal,gamma_2,622,62.3925031214,62.3930609967,-0.000163126287035,-0.000557875232715,0.0427610128437,-2.38553099913e-05
e0_diagonal,gamma_2,624,62.3924025765,62.3930756072,-0.000148515769638,-0.000673030632299,0.0423297992131,-2.84892515295e-05
e0_diagonal,gamma_2,626,62.3923155389,62.3930913272,-0.000132795759484,-0.000775788250884,0.0419029340575,-3.25078039194e-05
e0_diagonal,gamma_2,628,62.3922458444,62.3931081114,-0.000116011588801,-0.000862267000898,0.0414803735257,-3.57671572761e-05
e0_diagonal,gamma_2,630,62.3921969608,62.3931258979,-9.82250564903e-05,-0.000928937140095,0.0410620742087,-3.81440857818e-05
e0_diagonal,gamma_2,632,62.3921717467,62.3931446086,-7.95143690624e-05,-0.000972861895164,0.0406479931353,-3.95448836362e-05
e0_diagonal,gamma_2,634,62.392172244,62.3931641501,-5.9972880166e-05,-0.000991906026684,0.0402380877675,-3.99124017588e-05
e0_diagonal,gamma_2,636,62.3921995471,62.3931844155,-3.97074380203e-05,-0.000984868362451,0.0398323159964,-3.9229587828e-05
e0_diagonal,gamma_2,638,62.392253691,62.3932052864,-1.88365796276e-05,-0.000951595389687,0.0394306361377,-3.75220115611e-05
e0_diagonal,gamma_2,640,62.39233362,62.3932266348,2.51185586819e-06,-0.000893014822594,0.0390330069275,-3.48570537567e-05
e0_diagonal,gamma_2,642,62.3924372521,62.3932483264,2.42034768476e-05,-0.000811074361174,0.0386393875179,-3.13394165472e-05
e0_diagonal,gamma_2,644,62.3925616106,62.3932702234,4.61004091648e-05,-0.000708612793829,0.0382497374729,-2.71042533339e-05
e0_diagonal,gamma_2,646,62.392702984,62.3932921864,6.8063474302e-05,-0.0005892024083,0.0378640167646,-2.23095698656e-05
e0_diagonal,gamma_2,648,62.3928571304,62.3933140765,8.99535059986e-05,-0.000456946032322,0.0374821857682,-1.71273360696e-05
e0_diagonal,gamma_2,650,62.393019534,62.3933357549,0.000111631941714,-0.000316220864455,0.0371042052591,-1.17331238619e-05
e0_diagonal,gamma_2,652,62.393185612,62.3933570828,0.000132959808454,-0.000171470762325,0.0367300364077,-6.29812734305e-06
e0_diagonal,gamma_2,654,62.3933508988,62.3933779191,0.000153796150485,-2.70203190311e-05,0.0363596407763,-9.82449093632e-07
e0_diagonal,gamma_2,656,62.3935112327,62.3933981205,0.000173997581925,0.000113112204772,0.0359929803147,4.07124535972e-06
e0_diagonal,gamma_2,658,62.3936628303,62.3934175428,0.000193419867067,0.000245287471976,0.0356300173565,8.73959688385e-06
e0_diagonal,gamma_2,660,62.3938023762,62.3934360429,0.000211919984579,0.000366333250909,0.035270714615,1.29208355468e-05
e0_diagonal,gamma_2,662,62.3939271384,62.3934534805,0.000229357570895,0.000473657894368,0.0349150351797,1.6537782045e-05
e0_diagonal,gamma_2,664,62.3940349907,62.3934697186,0.00024559562678,0.000565272111224,0.0345629425121,1.95374674839e-05
e0_diagonal,gamma_2,666,62.3941243861,62.393484623,0.000260500090313,0.000639763075263,0.0342144004422,2.18891100452e-05
e0_diagonal,gamma_2,668,62.3941942982,62.3934980617,0.000273938771869,0.000696236446288,0.033869373165,2.35810920104e-05
e0_diagonal,gamma_2,670,62.394244129,62.3935099035,0.000285780515703,0.000734225559349,0.0335278252362,2.46169862378e-05
e0_diagonal,gamma_2,672,62.394273635,62.3935200179,0.000295894927362,0.000753617171313,0.0331897215693,2.50123440857e-05
e0_diagonal,gamma_2,674,62.3942828871,62.3935282753,0.000304152314413,0.000754611881177,0.0328550274312,2.4792794056e-05
e0_diagonal,gamma_2,676,62.3942722538,62.393534547,0.00031042407624,0.000737706815322,0.0325237084394,2.39929613753e-05
e0_diagonal,gamma_2,678,62.3942423918,62.3935387067,0.000314583703414,0.00070368513402,0.0321957305581,2.26556569726e-05
e0_diagonal,gamma_2,680,62.3941942434,62.3935406309,0.000316507920161,0.000653612569714,0.0318710600945,2.08313254879e-05
e0_diagonal,gamma_2,682,62.39412904,62.3935402018,0.000316078830046,0.000588838221255,0.0315496636958,1.85776478518e-05
e0_diagonal,gamma_2,684,62.3940482834,62.3935373106,0.000313187628386,0.000510972779509,0.0312315083453,1.59584506275e-05
e0_diagonal,gamma_2,686,62.3939537171,62.393531862,0.000307739099583,0.000421855006024,0.0309165613596,1.30423061786e-05
e0_diagonal,gamma_2,688,62.3938473047,62.3935237805,0.000299657516692,0.000323524184807,0.0306047903845,9.90138986034e-06
e0_diagonal,gamma_2,690,62.3937312423,62.3935130161,0.000288893146553,0.000218226169956,0.0302961633923,6.61141570147e-06
e0_diagonal,gamma_2,692,62.3936079502,62.3934995507,0.000275427779144,0.000108399488205,0.0299906486783,3.25097096767e-06
e0_diagonal,gamma_2,694,62.3934800388,62.3934834027,0.000259279732482,-3.36384726296e-06,0.0296882148574,-9.98666202903e-08
e0_diagonal,gamma_2,696,62.393350298,62.3934646315,0.000240508517933,-0.00011433345442,0.029388830861,-3.36012655369e-06
e0_diagonal,gamma_2,698,62.3932216603,62.3934433416,0.000219218614504,-0.000221681280451,0.0290924659339,-6.44925509969e-06
e0_diagonal,gamma_2,700,62.3930970996,62.3934196845,0.000195561600307,-0.000322584978548,0.028799089631,-9.29015371081e-06
e0_diagonal,gamma_2,702,62.3929795841,62.393393859,0.000169736041244,-0.000414274933974,0.0285086718141,-1.18104281335e-05
e0_diagonal,gamma_2,704,62.3928719815,62.3933661085,0.000141985522831,-0.000494126991292,0.0282211826491,-1.39448480731e-05
e0_diagonal,gamma_2,706,62.3927769078,62.3933367184,0.000112595460486,-0.000559810569108,0.0279365926027,-1.56391998038e-05
e0_diagonal,gamma_2,708,62.3926966381,62.3933060116,8.18886791478e-05,-0.000609373569532,0.0276548724394,-1.68521483333e-05
e0_diagonal,gamma_2,710,62.3926329986,62.3932743427,5.02197102108e-05,-0.000641344065613,0.0273759932184,-1.75574307909e-05
e0_diagonal,gamma_2,712,62.3925873073,62.3932420912,1.79682443928e-05,-0.000654783898923,0.027099926291,-1.77445953974e-05
e0_diagonal,gamma_2,714,62.39256041,62.3932096546,-1.44683517931e-05,-0.00064924458848,0.0268266432973,-1.74170529879e-05
e0_diagonal,gamma_2,716,62.3925526785,62.3931774395,-4.66834787431e-05,-0.000624760945513,0.0265561161633,-1.65912242433e-05
e0_diagonal,gamma_2,718,62.3925640001,62.3931458526,-7.82703204294e-05,-0.000581852510805,0.0262883170981,-1.52959233084e-05
e0_diagonal,gamma_2,720,62.3925938172,62.3931152921,-0.00010883088823,-0.000521474838671,0.0260232185912,-1.35704537165e-05
e0_diagonal,gamma_2,722,62.3926411622,62.3930861384,-0.000137984564574,-0.000444976181981,0.0257607934094,-1.14629394961e-05
e0_diagonal,gamma_2,724,62.3927046726,62.3930587462,-0.000165376793973,-0.000354073597521,0.0255010145942,-9.02923597781e-06
e0_diagonal,gamma_2,726,62.3927826187,62.3930334352,-0.00019068776075,-0.000250816494372,0.0252438554589,-6.33157533065e-06
e0_diagonal,gamma_2,728,62.3928729011,62.3930104837,-0.000213639286017,-0.000137582605852,0.024989289586,-3.43809157963e-06
e0_diagonal,gamma_2,730,62.3929730894,62.3929901232,-0.000233999772547,-1.70338189136e-05,0.0247372908242,-4.21370532313e-07
e0_diagonal,gamma_2,732,62.3930804748,62.3929725353,-0.000251587621577,0.000107939463348,0.0244878332862,2.64320358347e-06
e0_diagonal,gamma_2,734,62.3931921221,62.3929578497,-0.000266273246822,0.000234272426958,0.0242408913455,5.67897244715e-06
e0_diagonal,gamma_2,736,62.3933049695,62.3929461428,-0.000277980169756,0.000358826709608,0.0239964396342,8.61056347626e-06
e0_diagonal,gamma_2,738,62.3934158998,62.392937438,-0.000286684940022,0.000478461754362,0.0237544530402,1.13655972755e-05
e0_diagonal,gamma_2,740,62.3935218026,62.3929317073,-0.000292415615505,0.000590095280685,0.0235149067045,1.38760354721e-05
e0_diagonal,gamma_2,742,62.3936196622,62.3929288738,-0.000295249159421,0.0006907884257,0.0232777760189,1.60800182499e-05
e0_diagonal,gamma_2,744,62.3937066359,62.3929288156,-0.000295307299851,0.00077782028994,0.0230430366233,1.79233414274e-05
e0_diagonal,gamma_2,746,62.3937800904,62.3929313722,-0.000292750706265,0.000848718147644,0.0228106644033,1.93598248389e-05
e0_diagonal,gamma_2,748,62.393837673,62.3929363511,-0.000287771831772,0.000901321932055,0.0225806354877,2.03524220048e-05
e0_diagonal,gamma_2,750,62.3938774095,62.3929435365,-0.000280586417603,0.000933872962833,0.022352926246,2.08747934613e-05
e0_diagonal,gamma_2,752,62.3938977969,62.3929526979,-0.000271425067297,0.00094509903731,0.0221275132859,2.09126915046e-05
e0_diagonal,gamma_2,754,62.3938978778,62.3929635974,-0.000260525550658,0.000934280435544,0.0219043734512,2.04648275683e-05
e0_diagonal,gamma_2,756,62.3938773292,62.3929759973,-0.000248125617404,0.000901331897055,0.0216834838189,1.95440156053e-05
e0_diagonal,gamma_2,758,62.393836513,62.3929896658,-0.000234457175722,0.000846847237888,0.0214648216975,1.81774249663e-05
e0_diagonal,gamma_2,760,62.3937764262,62.3930043808,-0.000219742151955,0.000772045451257,0.0212483646242,1.64047032547e-05
e0_diagonal,gamma_2,762,62.3936987579,62.3930199344,-0.0002041885447,0.000678823529157,0.0210340903625,1.42784354525e-05
e0_diagonal,gamma_2,764,62.3936058459,62.3930361364,-0.000187986573415,0.000569709500844,0.0208219769006,1.18624780666e-05
e0_diagonal,gamma_2,766,62.3935004996,62.3930528168,-0.000171306124244,0.000447682793059,0.0206120024482,9.22763882653e-06
e0_diagonal,gamma_2,768,62.3933859414,62.3930698283,-0.000154294619009,0.000316113021412,0.020404145435,6.4500160628e-06
e0_diagonal,gamma_2,770,62.3932656472,62.3930870477,-0.000137075227187,0.000178599449555,0.0201983845082,3.60742035507e-06
e0_diagonal,gamma_2,772,62.3931431264,62.3931043765,-0.00011974640033,3.87498682954e-05,0.0199946985304,7.74791934658e-07
e0_diagonal,gamma_2,774,62.3930219211,62.3931217403,-0.000102382645061,-9.98192269961e-05,0.019793066577,-1.9757286056e-06
e0_diagonal,gamma_2,776,62.3929055252,62.3931390866,-8.50363509102e-05,-0.000233561445341,0.0195934679349,-4.57627869013e-06
e0_diagonal,gamma_2,778,62.3927973006,62.3931563824,-6.77405561831e-05,-0.000359081810281,0.0193958820995,-6.96470845629e-06
e0_diagonal,gamma_2,780,62.3927005431,62.3931736106,-5.05123501497e-05,-0.000473067510626,0.0192002887732,-9.08303281324e-06
e0_diagonal,gamma_2,782,62.3926183629,62.3931907664,-3.33565872737e-05,-0.000572403481492,0.019006667863,-1.08794828563e-05
e0_diagonal,gamma_2,784,62.3925535339,62.3932078535,-1.62694051653e-05,-0.000654319608714,0.0188149994784,-1.23110230966e-05
e0_diagonal,gamma_2,786,62.3925084496,62.3932248813,7.58310093829e-07,-0.000716431634302,0.0186252639297,-1.33437282764e-05
e0_diagonal,gamma_2,788,62.3924849121,62.393241859,1.77360216611e-05,-0.00075694685718,0.0184374417256,-1.39561635687e-05
e0_diagonal,gamma_2,790,62.3924839622,62.3932587912,3.46682186176e-05,-0.0007748289445,0.0182515135715,-1.41418009962e-05
e0_diagonal,gamma_2,792,62.3925058564,62.3932756732,5.15502171226e-05,-0.000769816722126,0.0180674603673,-1.39086331171e-05
e0_diagonal,gamma_2,794,62.3925499669,62.393292487,6.83640272712e-05,-0.000742520075363,0.0178852632054,-1.32801669831e-05
e0_diagonal,gamma_2,796,62.3926147284,62.3933091974,8.5074407167e-05,-0.000694468924685,0.0177049033689,-1.22955052043e-05
e0_diagonal,gamma_2,798,62.3926977306,62.3933257493,0.000101626393125,-0.000628018746895,0.01752636233,-1.10068841081e-05
e0_diagonal,gamma_2,800,62.3927958074,62.393342068,0.000117945092029,-0.000546260662077,0.0173496217472,-9.47741586238e-06
e0_diagonal,gamma_2,802,62.3929052015,62.3933580577,0.000133934735985,-0.000452856135929,0.0171746634642,-7.7776517323e-06
e0_diagonal,gamma_2,804,62.3930217838,62.3933735992,0.000149476239145,-0.00035181534092,0.017001469508,-5.98137779111e-06
e0_diagonal,gamma_2,806,62.3931412627,62.3933885505,0.000164427534301,-0.000247287797762,0.0168300220865,-4.16185909807e-06
e0_diagonal,gamma_2,808,62.3932594662,62.3934027503,0.000178627336496,-0.000143284040561,0.0166603035873,-2.38715561496e-06
e0_diagonal,gamma_2,810,62.3933725707,62.3934160226,0.000191899699132,-4.34519654746e-05,0.0164922965753,-7.16622701387e-07
e0_diagonal,gamma_2,812,62.3934772808,62.3934281812,0.000204058258582,4.90995997566e-05,0.0163259837915,8.01599269796e-07
e0_diagonal,gamma_2,814,62.3935709999,62.3934390335,0.000214910563983,0.000131966380366,0.0161613481509,2.1327546173e-06
e0_diagonal,gamma_2,816,62.3936518468,62.3934483857,0.000224262783163,0.000203461056543,0.0159983727406,3.25504582078e-06
e0_diagonal,gamma_2,818,62.3937185471,62.3934560488,0.000231925820543,0.000262498373779,0.0158370408185,4.15719746033e-06
e0_diagonal,gamma_2,820,62.3937703147,62.3934618459,0.000237723000069,0.000308468737956,0.0156773358112,4.83596799218e-06
e0_diagonal,gamma_2,822,62.3938067182,62.3934656208,0.000241497801696,0.000341097427487,0.0155192413124,5.29357328821e-06
e0_diagonal,gamma_2,824,62.3938275311,62.3934672426,0.00024311966763,0.000360288467334,0.0153627410813,5.53501843825e-06
e0_diagonal,gamma_2,826,62.3938326486,62.3934666109,0.000242487936809,0.000366037753508,0.015207819041,5.56663591752e-06
e0_diagonal,gamma_2,828,62.3938220357,62.3934636581,0.000239535163139,0.000358377621673,0.0150544592764,5.39518131105e-06
e0_diagonal,gamma_2,830,62.3937956885,62.3934583527,0.00023422971428,0.000337335807167,0.0149026460332,5.02719612855e-06
e0_diagonal,gamma_2,832,62.3937537359,62.3934507006,0.000226577648604,0.00030303530319,0.0147523637159,4.47048701142e-06
e0_diagonal,gamma_2,834,62.3936965986,62.3934407473,0.000216624319279,0.000255851313327,0.0146035968862,3.73634944262e-06
e0_diagonal,gamma_2,836,62.3936251455,62.3934285791,0.000204456114503,0.00019656639229,0.0144563302614,2.84162868524e-06
e0_diagonal,gamma_2,838,62.3935409232,62.3934143252,0.000190202233682,0.000126597996044,0.0143105487131,1.81168678937e-06
e0_diagonal,gamma_2,840,62.3934462473,62.3933981575,0.000174034569696,4.80898201332e-05,0.0141662372655,6.81251802061e-07
e0_diagonal,gamma_2,842,62.3933441735,62.3933802867,0.000156163771578,-3.61132215261e-05,0.0140233810935,-5.06429467976e-07
e0_diagonal,gamma_2,844,62.3932383872,62.3933609561,0.000136833159537,-0.000122568953749,0.0138819655219,-1.70149799e-06
e0_diagonal,gamma_2,846,62.3931328994,62.3933404346,0.000116311637179,-0.000207535148355,0.0137419760232,-2.85194303267e-06
e0_diagonal,gamma_2,848,62.3930316351,62.3933190081,9.4885118358e-05,-0.000287373015077,0.0136033982165,-3.90924956076e-06
e0_diagonal,gamma_2,850,62.3929381382,62.3932969703,7.28473757192e-05,-0.000358832108859,0.0134662178659,-4.83211135517e-06
e0_diagonal,gamma_2,852,62.3928553422,62.3932746141,5.0491117193e-05,-0.000419271850447,0.0133304208791,-5.58907022922e-06
e0_diagonal,gamma_2,854,62.392785378,62.3932522229,2.80999239308e-05,-0.000466844876804,0.0131959933059,-6.16048186921e-06
e0_diagonal,gamma_2,856,62.3927294926,62.3932300639,5.94094574069e-06,-0.00050057126181,0.0130629213367,-6.53892301645e-06
e0_diagonal,gamma_2,858,62.3926880966,62.3932083812,-1.57417676832e-05,-0.000520284612676,0.0129311913013,-6.72789985766e-06
e0_diagonal,gamma_2,860,62.3926608433,62.3931873916,-3.67313539087e-05,-0.000526548275751,0.0128007896673,-6.74023372755e-06
e0_diagonal,gamma_2,862,62.3926467988,62.3931672836,-5.68393734568e-05,-0.000520484780644,0.0126717030386,-6.59542857642e-06
e0_diagonal,gamma_2,864,62.392644683,62.3931482172,-7.59057675026e-05,-0.00050353418461,0.0125439181544,-6.31629159969e-06
e0_diagonal,gamma_2,866,62.3926529046,62.3931303262,-9.37967725676e-05,-0.00047742157637,0.0124174218876,-5.92834513204e-06
e0_diagonal,gamma_2,868,62.3926696584,62.393113721,-0.000110401958196,-0.000444062572591,0.0122922012434,-5.45850650695e-06
e0_diagonal,gamma_2,870,62.3926932276,62.3930984892,-0.000125633726832,-0.000405261602971,0.0121682433581,-4.93132180865e-06
e0_diagonal,gamma_2,872,62.3927220837,62.393084696,-0.000139426976915,-0.00036261224956,0.0120455354977,-4.36785872397e-06
e0_diagonal,gamma_2,874,62.3927547377,62.3930723874,-0.000151735550077,-0.000317649681122,0.0119240650565,-3.78767546288e-06
e0_diagonal,gamma_2,876,62.392789975,62.3930615958,-0.000162527177118,-0.000271620808185,0.0118038195562,-3.20616300751e-06
e0_diagonal,gamma_2,878,62.3928270564,62.3930523436,-0.000171779330188,-0.000225287192045,0.011684786644,-2.63243277267e-06
e0_diagonal,gamma_2,880,62.3928657579,62.3930446465,-0.000179476473235,-0.000178888552114,0.011566954092,-2.06919566987e-06
e0_diagonal,gamma_2,882,62.3929063961,62.3930385148,-0.000185608192353,-0.000132118667338,0.0114503097953,-1.51279967076e-06
e0_diagonal,gamma_2,884,62.3929496984,62.393033956,-0.000190166941756,-8.42576312508e-05,0.0113348417712,-9.55046918247e-07
e0_diagonal,gamma_2,886,62.3929965346,62.3930309764,-0.000193146527039,-3.44418299818e-05,0.011220538158,-3.86455867543e-07
e0_diagonal,gamma_2,888,62.3930476947,62.3930295805,-0.0001945424046,1.81141179354e-05,0.0111073872134,2.01200521938e-07
e0_diagonal,gamma_2,890,62.3931036542,62.393029772,-0.00019435091837,7.38821827113e-05,0.0109953773135,8.12362475659e-07
e0_diagonal,gamma_2,892,62.3931643421,62.3930315547,-0.000192568249673,0.000132787361082,0.0108844969518,1.44532362694e-06
e0_diagonal,gamma_2,894,62.3932292065,62.3930349317,-0.000189191270991,0.000194274840254,0.0107747347377,2.09325986995e-06
e0_diagonal,gamma_2,896,62.3932972134,62.3930399034,-0.0001842195827,0.000257310009594,0.0106660793955,2.74448899158e-06
e0_diagonal,gamma_2,898,62.3933668301,62.3930464634,-0.000177659592339,0.000320366696982,0.0105585197631,3.38259810154e-06
e0_diagonal,gamma_2,900,62.3934362739,62.3930545943,-0.000169528612687,0.000381679564136,0.0104520447912,3.98933190024e-06
e0_diagonal,gamma_2,902,62.3935036208,62.3930642652,-0.00015985770699,0.0004393555447,0.0103466435418,4.54585520911e-06
e0_diagonal,gamma_2,904,62.3935668154,62.3930754267,-0.000148696235215,0.000491388646566,0.0102423051871,5.03295248358e-06
e0_diagonal,gamma_2,906,62.3936238334,62.3930880063,-0.000136116642921,0.000535827106589,0.0101390190086,5.432761219e-06
e0_diagonal,gamma_2,908,62.3936728044,62.3931019062,-0.000122216762989,0.000570898184378,0.0100367743958,5.7299762796e-06
e0_diagonal,gamma_2,910,62.3937120195,62.3931170023,-0.000107120636514,0.000595017155959,0.00993556084549,5.91182915714e-06
e0_diagonal,gamma_2,912,62.3937399134,62.3931331443,-9.09786245273e-05,0.000606769062543,0.00983536795998,5.96779699684e-06
e0_diagonal,gamma_2,914,62.3937551636,62.3931501569,-7.39660132467e-05,0.000605006639191,0.00973618544665,5.89045683561e-06
e0_diagonal,gamma_2,916,62.3937568066,62.393167844,-5.62789347143e-05,0.000588962559391,0.00963800311664,5.67642298299e-06
e0_diagonal,gamma_2,918,62.3937443125,62.3931859951,-3.81278634194e-05,0.000558317407098,0.00954081088382,5.32680079427e-06
e0_diagonal,gamma_2,920,62.3937177032,62.3932043906,-1.97323332429e-05,0.000513312619404,0.0094445987638,4.84803173067e-06
e0_diagonal,gamma_2,922,62.3936777997,62.3932228058,-1.31715070495e-06,0.000454993879409,0.00934935687284,4.25390015355e-06
e0_diagonal,gamma_2,924,62.3936263179,62.3932410159,1.68929684463e-05,0.000385302013171,0.0092550754269,3.56599919404e-06
e0_diagonal,gamma_2,926,62.3935657592,62.3932588019,3.46789765473e-05,0.000306957255226,0.00916174474058,2.81226401865e-06
e0_diagonal,gamma_2,928,62.393499376,62.3932759558,5.18328977535e-05,0.000223420123632,0.00906935522618,2.02627646589e-06
e0_diagonal,gamma_2,930,62.3934310087,62.3932922867,6.81637969819e-05,0.000138721929169,0.00897789739265,1.24543124619e-06
e0_diagonal,gamma_2,932,62.3933648438,62.3933076252,8.35022577874e-05,5.72185544812e-05,0.00888736184467,5.08521997903e-07
e0_diagonal,gamma_2,934,62.3933050073,62.3933218263,9.77033677145e-05,-1.68189836174e-05,0.00879773928167,-1.47969032848e-07
e0_diagonal,gamma_2,936,62.3932552074,62.3933347729,0.000110649994738,-7.95655312942e-05,0.00870902049686,-6.92937842885e-07
e0_diagonal,gamma_2,938,62.393218406,62.3933463791,0.000122256140216,-0.000127973043263,0.0086211963763,-1.10328073684e-06
e0_diagonal,gamma_2,940,62.3931965577,62.3933565916,0.000132468622176,-0.000160033918952,0.00853425789794,-1.36577073676e-06
e0_diagonal,gamma_2,942,62.3931904585,62.3933653897,0.000141266793008,-0.000174931225402,0.00844819613074,-1.47785330159e-06
e0_diagonal,gamma_2,944,62.3931997848,62.3933727831,0.000148660182774,-0.000172998324622,0.0083630022337,-1.44678537524e-06
e0_diagonal,gamma_2,946,62.3932233738,62.3933788074,0.000154684487008,-0.000155433676639,0.00827866745499,-1.2867837202e-06
e0_diagonal,gamma_2,948,62.3932593765,62.3933835189,0.000159395924783,-0.000124142418102,0.00819518313101,-1.01736985067e-06
e0_diagonal,gamma_2,950,62.393305369,62.3933869874,0.000162864455419,-8.16184540042e-05,0.00811254068556,-6.62133028802e-07
e0_diagonal,gamma_2,952,62.3933586421,62.393389292,0.000165169020534,-3.06498740628e-05,0.0080307316289,-2.46140913058e-07
e0_diagonal,gamma_2,954,62.39341637,62.3933905167,0.000166393771821,2.58532593875e-05,0.00794974755692,2.05526885655e-07
e0_diagonal,gamma_2,956,62.3934756647,62.3933907455,0.000166622571939,8.49192047383e-05,0.00786958015025,6.68278487984e-07
e0_diagonal,gamma_2,958,62.3935336407,62.3933900564,0.000165933490948,0.000143584216701,0.00779022117341,1.11855280511e-06
e0_diagonal,gamma_2,960,62.3935875026,62.3933885181,0.000164395141653,0.000198984469328,0.00771166247398,1.53450106503e-06
e0_diagonal,gamma_2,962,62.3936346227,62.393386187,0.000162064021808,0.000248435734534,0.00763389598174,1.89653255558e-06
e0_diagonal,gamma_2,964,62.3936725867,62.3933831044,0.0001589814349,0.000289482359889,0.00755691370787,2.18759321363e-06
e0_diagonal,gamma_2,966,62.3936992978,62.3933792932,0.000155170262346,0.000320004579393,0.00748070774409,2.39386073521e-06
e0_diagonal,gamma_2,968,62.3937130039,62.3933747571,0.000150634184081,0.000338246803182,0.00740527026188,2.50480899278e-06
e0_diagonal,gamma_2,970,62.3937123698,62.3933694825,0.000145359513255,0.000342887372192,0.00733059351166,2.51356794582e-06
e0_diagonal,gamma_2,972,62.3936965774,62.3933634388,0.000139315841849,0.000333138566873,0.00725666982201,2.41747658477e-06
e0_diagonal,gamma_2,974,62.3936653681,62.3933565799,0.000132456982485,0.000308788136422,0.00718349159886,2.21817698382e-06
e0_diagonal,gamma_2,976,62.3936191053,62.3933488478,0.000124724836553,0.000270257545949,0.00711105132472,1.92181528014e-06
e0_diagonal,gamma_2,978,62.3935588034,62.3933401775,0.000116054576473,0.000218625868683,0.00703934155792,1.53898216306e-06
e0_diagonal,gamma_2,980,62.3934861726,62.3933305029,0.000106379931289,0.000155669720392,0.00696835493183,1.08476186383e-06
e0_diagonal,gamma_2,982,62.3934035982,62.3933197607,9.56377419143e-05,8.38374728289e-05,0.00689808415409,5.7831794284e-07
e0_diagonal,gamma_2,984,62.3933139256,62.3933078956,8.37726479546e-05,6.02998829891e-06,0.0068285220059,4.11759077944e-08
e0_diagonal,gamma_2,986,62.3932201912,62.3932948673,7.07443012686e-05,-7.46760069603e-05,0.00675966134124,-5.04784517368e-07
e0_diagonal,gamma_2,988,62.3931254144,62.3932806573,5.65343853225e-05,-0.000155242911013,0.00669149508617,-1.03880717621e-06
e0_diagonal,gamma_2,990,62.393032343,62.3932652739,4.11509764291e-05,-0.000232930893795,0.00662401623807,-1.54293802284e-06
e0_diagonal,gamma_2,992,62.3929433033,62.3932487556,2.46326023401e-05,-0.000305452226634,0.00655721786495,-2.00291679737e-06
e0_diagonal,gamma_2,994,62.392860215,62.3932311747,7.05178138105e-06,-0.000370959768439,0.0064910931047,-2.40793439504e-06
e0_diagonal,gamma_2,996,62.392784652,62.3932126386,-1.14843778363e-05,-0.000427986544096,0.00642563516444,-2.75008538765e-06
e0_diagonal,gamma_2,998,62.3927179036,62.3931932876,-3.08353450293e-05,-0.000475383967526,0.00636083731977,-3.02384008186e-06
e0_diagonal,gamma_2,1000,62.3926611026,62.3931732944,-5.082854139e-05,-0.000512191838737,0.00629669291411,-3.22511472164e-06
e0_diagonal,gamma_2,1002,62.3926151991,62.3931528619,-7.12610736926e-05,-0.000537662789462,0.006233195358,-3.35135720344e-06
e0_diagonal,gamma_2,1004,62.3925808877,62.3931322202,-9.19027607722e-05,-0.000551332495448,0.00617033812844,-3.40190791811e-06
e0_diagonal,gamma_2,1006,62.3925585205,62.3931116233,-0.000112499692634,-0.000553102738721,0.0061081147682,-3.37841500671e-06
e0_diagonal,gamma_2,1008,62.3925480134,62.393091346,-0.000132776963078,-0.000543332626229,0.00604651888517,-3.28527098543e-06
e0_diagonal,gamma_2,1010,62.3925488213,62.3930716806,-0.000152442336976,-0.000522859319013,0.0059855441517,-3.12959753908e-06
e0_diagonal,gamma_2,1012,62.3925599986,62.3930529297,-0.000171193259462,-0.000492931076337,0.00592518430396,-2.92070747645e-06
e0_diagonal,gamma_2,1014,62.3925802929,62.3930353988,-0.000188724191979,-0.000455105860077,0.00586543314126,-2.66939299447e-06
e0_diagonal,gamma_2,1016,62.3926082678,62.3930193897,-0.000204733201016,-0.000411121960092,0.00580628452546,-2.38709107496e-06
e0_diagonal,gamma_2,1018,62.3926424325,62.3930051927,-0.000218930262697,-0.000362760215843,0.00574773238031,-2.08504863889e-06
e0_diagonal,gamma_2,1020,62.3926813531,62.3929930783,-0.000231044689762,-0.000311725160913,0.00568977069085,-1.77364468416e-06
e0_diagonal,gamma_2,1022,62.3927236549,62.3929832912,-0.000240831787579,-0.000259636296605,0.00563239350276,-1.46237379008e-06
e0_diagonal,gamma_2,1024,62.3927680672,62.3929760428,-0.000248080172341,-0.000207975560159,0.00557559492177,-1.15958747707e-06
e0_diagonal,gamma_2,1026,62.3928134757,62.3929715055,-0.000252617450471,-0.000158029840577,0.00551936911305,-8.72225021021e-07
e0_diagonal,gamma_2,1028,62.3928588659,62.3929698082,-0.000254314796443,-0.000110942219671,0.0054637103006,-6.06156148386e-07
e0_diagonal,gamma_2,1030,62.3929033179,62.3929710314,-0.000253091594274,-6.77134328271e-05,0.00540861276669,-3.66235737265e-07
e0_diagonal,gamma_2,1032,62.3929460657,62.3929752049,-0.000248918079052,-2.91391985172e-05,0.00535407085123,-1.56013333409e-07
e0_diagonal,gamma_2,1034,62.3929864975,62.3929823065,-0.000241816463465,4.19104426896e-06,0.00530007895121,2.22128655135e-08
e0_diagonal,gamma_2,1036,62.3930241007,62.3929922618,-0.000231861155171,3.18388845884e-05,0.00524663152013,1.67046895447e-07
e0_diagonal,gamma_2,1038,62.3930585857,62.3930049457,-0.000219177242982,5.3640011842e-05,0.00519372306741,2.7859136684e-07
e0_diagonal,gamma_2,1040,62.3930898935,62.3930201843,-0.000203938637206,6.97092228634e-05,0.00514134815785,3.58399384554e-07
e0_diagonal,gamma_2,1042,62.3931181557,62.3930377578,-0.00018636514379,8.03979424688e-05,0.00508950141106,4.09185441642e-07
e0_diagonal,gamma_2,1044,62.3931437249,62.3930574057,-0.000166717253379,8.63191704497e-05,0.00503817750091,4.34891302456e-07
e0_diagonal,gamma_2,1046,62.393167095,62.3930788328,-0.000145290176825,8.82622624303e-05,0.00498737115496,4.40196661716e-07
e0_diagonal,gamma_2,1048,62.3931889293,62.393101717,-0.000122405955352,8.72122851661e-05,0.00493707715395,4.30573780637e-07
e0_diagonal,gamma_2,1050,62.3932099936,62.3931257186,-9.84043654313e-05,8.4274974121e-05,0.00488729033127,4.1187626619e-07
e0_diagonal,gamma_2,1052,62.3932310206,62.3931504882,-7.36347424279e-05,8.0532406102e-05,0.00483800557239,3.89616229479e-07
e0_diagonal,gamma_2,1054,62.3932527139,62.3931756749,-4.84480422855e-05,7.70390117353e-05,0.00478921781436,3.68956607403e-07
e0_diagonal,gamma_2,1056,62.3932756837,62.3932009337,-2.31892704363e-05,7.4750033761e-05,0.00474092204529,3.54384082944e-07
e0_diagonal,gamma_2,1058,62.3933003212,62.3932259328,1.80988099885e-06,7.4388338291e-05,0.00469311330383,3.49112900083e-07
e0_diagonal,gamma_2,1060,62.3933267489,62.3932503611,2.62381471856e-05,7.63877804815e-05,0.00464578667867,3.54881332974e-07
e0_diagonal,gamma_2,1062,62.3933547749,62.3932739333,4.98103951685e-05,8.08415426974e-05,0.004598937308,3.71785186748e-07
e0_diagonal,gamma_2,1064,62.393383813,62.3932963953,7.22723366806e-05,8.74176901249e-05,0.00455256037908,3.97974312493e-07
e0_diagonal,gamma_2,1066,62.3934129146,62.3933175284,9.34054389745e-05,9.53862191864e-05,0.00450665112766,4.29872412259e-07
e0_diagonal,gamma_2,1068,62.3934407652,62.3933371533,0.00011303031021,0.000103611987797,0.00446120483756,4.62234301187e-07
e0_diagonal,gamma_2,1070,62.3934657902,62.3933551316,0.000131008612655,0.000110658619775,0.00441621684015,4.88692460159e-07
e0_diagonal,gamma_2,1072,62.3934863422,62.3933713673,0.00014724435686,0.000114974901365,0.0043716825139,5.02633765834e-07
e0_diagonal,gamma_2,1074,62.3935008835,62.393385806,0.000161683028907,0.000115077508291,0.00432759728384,4.98009112309e-07
e0_diagonal,gamma_2,1076,62.3935081715,62.3933984325,0.000174309506903,0.000109739091812,0.00428395662118,4.7011750897e-07
e0_diagonal,gamma_2,1078,62.3935074647,62.3934092684,0.000185145487322,9.81962897129e-05,0.00424075604278,4.16426508978e-07
e0_diagonal,gamma_2,1080,62.3934986259,62.3934183685,0.00019424554614,8.02573601106e-05,0.0041979911107,3.36919684313e-07
e0_diagonal,gamma_2,1082,62.3934821398,62.3934258151,0.000201692135889,5.63247430563e-05,0.00415565743178,2.34066337075e-07
e0_diagonal,gamma_2,1084,62.3934591307,62.393431713,0.000207590004145,2.74177628086e-05,0.00411375065714,1.12789839771e-07
e0_diagonal,gamma_2,1086,62.3934313084,62.3934361829,0.000212059902019,-4.87445176134e-06,0.00407226648176,-1.98500665247e-08
e0_diagonal,gamma_2,1088,62.3934008672,62.3934393552,0.000215232209555,-3.84879292952e-05,0.00403120064404,-1.55152565362e-07
e0_diagonal,gamma_2,1090,62.3933703223,62.3934413629,0.000217239942813,-7.10406287396e-05,0.00399054892534,-2.83491104672e-07
e0_diagonal,gamma_2,1092,62.3933423434,62.3934423349,0.000218211981561,-9.9991535258e-05,0.00395030714958,-3.94997276627e-07
e0_diagonal,gamma_2,1094,62.3933196108,62.3934423906,0.000218267663939,-0.000122779798616,0.00391047118278,-4.80126864315e-07
e0_diagonal,gamma_2,1096,62.3933046341,62.3934416342,0.00021751121087,-0.00013700004363,0.00387103693265,-5.30332228665e-07
e0_diagonal,gamma_2,1098,62.3932994937,62.3934401489,0.000216025953904,-0.000140655227383,0.00383200034818,-5.38990880307e-07
e0_diagonal,gamma_2,1100,62.3933056566,62.3934379934,0.000213870499223,-0.000132336804086,0.0037933574192,-5.02000797612e-07
e0_diagonal,gamma_2,1102,62.3933238964,62.3934351999,0.000211076905906,-0.000111303451689,0.00375510417597,-4.17956056238e-07
e0_diagonal,gamma_2,1104,62.393354205,62.3934317738,0.000207650864482,-7.75687770727e-05,0.00371723668881,-2.8834150404e-07
e0_diagonal,gamma_2,1106,62.3933958113,62.3934276964,0.000203573402416,-3.18850426453e-05,0.00367975106764,-1.17329019716e-07
e0_diagonal,gamma_2,1108,62.3934472757,62.3934229253,0.000198802301398,2.4350492744e-05,0.00364264346162,8.8700163181e-08
e0_diagonal,gamma_2,1110,62.393506527,62.3934173968,0.000193273821189,8.91302525616e-05,0.00360591005874,3.2139567425e-07
e0_diagonal,gamma_2,1112,62.3935709669,62.3934110296,0.000186906618204,0.000159937357829,0.00356954708545,5.70903929492e-07
e0_diagonal,gamma_2,1114,62.3936375692,62.393403731,0.00017960805453,0.000233838234195,0.00353355080622,8.26279280965e-07
e0_diagonal,gamma_2,1116,62.3937029107,62.3933954046,0.000171281634394,0.000307506117792,0.00349791752322,1.07563103792e-06
e0_diagonal,gamma_2,1118,62.3937633398,62.3933859564,0.000161833454214,0.000377383388781,0.0034626435759,1.30674416681e-06
e0_diagonal,gamma_2,1120,62.393815164,62.3933753008,0.000151177811475,0.000439863195695,0.0034277253406,1.50773022228e-06
e0_diagonal,gamma_2,1122,62.3938547813,62.3933633656,0.000139242692228,0.000491415660129,0.00339315923025,1.66745158306e-06
e0_diagonal,gamma_2,1124,62.3938789139,62.3933500975,0.00012597454721,0.000528816452793,0.00335894169391,1.77626363171e-06
e0_diagonal,gamma_2,1126,62.3938848377,62.393335466,0.000111343062215,0.000549371708964,0.00332506921647,1.82669895788e-06
e0_diagonal,gamma_2,1128,62.393870581,62.3933194685,9.53455351862e-05,0.000551112505647,0.00329153831827,1.81400793001e-06
e0_diagonal,gamma_2,1130,62.3938351581,62.3933021325,7.80095848114e-05,0.000533025515722,0.00325834555472,1.7367813197e-06
e0_diagonal,gamma_2,1132,62.3937787036,62.3932835182,5.93952514834e-05,0.000495185446795,0.00322548751598,1.59721447673e-06
e0_diagonal,gamma_2,1134,62.3937025091,62.3932637194,3.95964584357e-05,0.000438789733941,0.0031929608266,1.40103843159e-06
e0_diagonal,gamma_2,1136,62.3936089687,62.3932428642,1.87412193355e-05,0.000366104500735,0.00316076214517,1.1571692471e-06
e0_diagonal,gamma_2,1138,62.3935014011,62.3932211142,-3.00873502823e-06,0.000280286890877,0.00312888816395,8.76986335378e-07
e0_diagonal,gamma_2,1140,62.3933838448,62.3931986632,-2.54597772056e-05,0.000185181606042,0.0030973356086,5.73569582452e-07
e0_diagonal,gamma_2,1142,62.3932608046,62.3931757327,-4.83902806252e-05,8.50719096093e-05,0.00306610123775,2.60839087351e-07
e0_diagonal,gamma_2,1144,62.3931369242,62.3931525675,-7.15554211723e-05,-1.56433635894e-05,0.00303518184275,-4.74804531261e-08
e0_diagonal,gamma_2,1146,62.3930167135,62.3931294306,-9.46923666874e-05,-0.000112717062343,0.00300457424731,-3.38666782749e-07
e0_diagonal,gamma_2,1148,62.3929043828,62.3931065977,-0.000117525244136,-0.000202214900042,0.00297427530714,-6.01442783933e-07
e0_diagonal,gamma_2,1150,62.392803656,62.3930843531,-0.000139769830817,-0.000280697123166,0.00294428190969,-8.26451461842e-07
e0_diagonal,gamma_2,1152,62.392717698,62.3930629838,-0.000161139157939,-0.00034528579647,0.00291459097378,-1.00636686577e-06
e0_diagonal,gamma_2,1154,62.3926490444,62.3930427733,-0.000181349654767,-0.000393728939976,0.00288519944931,-1.1359865208e-06
e0_diagonal,gamma_2,1156,62.3925995167,62.3930239954,-0.000200127595846,-0.000424478698775,0.00285610431693,-1.21235544402e-06
e0_diagonal,gamma_2,1158,62.3925702204,62.3930069064,-0.000217216541081,-0.000436685974996,0.00282730258774,-1.23464338714e-06
e0_diagonal,gamma_2,1160,62.3925615036,62.3929917384,-0.000232384578339,-0.000430234796035,0.00279879130298,-1.20413740538e-06
e0_diagonal,gamma_2,1162,62.3925729061,62.3929786935,-0.000245429446565,-0.000405787363562,0.00277056753374,-1.12426129508e-06
e0_diagonal,gamma_2,1164,62.3926031934,62.39296794,-0.000256182911528,-0.000364746593007,0.00274262838063,-1.00036435772e-06
e0_diagonal,gamma_2,1166,62.3926504084,62.3929596088,-0.000264514159568,-0.000309200423779,0.0027149709735,-8.39470175552e-07
e0_diagonal,gamma_2,1168,62.3927119541,62.3929537911,-0.00027033185026,-0.000241837012574,0.00268759247115,-6.4995933424e-07
e0_diagonal,gamma_2,1170,62.39278476,62.3929505371,-0.000273585893837,-0.000165777101785,0.00266049006104,-4.41048331646e-07
e0_diagonal,gamma_2,1172,62.3928654045,62.3929498551,-0.000274267825588,-8.44505827047e-05,0.00263366095896,-2.22414202631e-07
e0_diagonal,gamma_2,1174,62.3929502801,62.3929517133,-0.000272409635755,-1.43319664403e-06,0.00260710240882,-3.73649042296e-09
e0_diagonal,gamma_2,1176,62.3930357902,62.3929560416,-0.000268081379943,7.97485989139e-05,0.00258081168228,2.05816115723e-07
e0_diagonal,gamma_2,1178,62.393118507,62.3929627352,-0.000261387709045,0.000155771791057,0.00255478607855,3.97963603224e-07
e0_diagonal,gamma_2,1180,62.3931953489,62.3929716595,-0.000252463490582,0.000223689448632,0.00252902292405,5.65715743458e-07
e0_diagonal,gamma_2,1182,62.3932637281,62.3929826538,-0.000241469187017,0.000281074295117,0.00250351957218,7.03674999063e-07
e0_diagonal,gamma_2,1184,62.3933216294,62.3929955371,-0.000228585844397,0.000326092340593,0.00247827340302,8.08145974619e-07
e0_diagonal,gamma_2,1186,62.3933676784,62.393010113,-0.00021400999178,0.000357565453399,0.00245328182305,8.77208827376e-07
e0_diagonal,gamma_2,1188,62.3934011647,62.3930261737,-0.000197949282764,0.000374991028444,0.00242854226495,9.10681561554e-07
e0_diagonal,gamma_2,1190,62.3934220334,62.393043505,-0.000180617971367,0.000378528386257,0.00240405218725,9.10001994917e-07
e0_diagonal,gamma_2,1192,62.3934308013,62.39306189,-0.000162232968584,0.000368911277647,0.00237980907412,8.7793840609e-07
e0_diagonal,gamma_2,1194,62.3934283785,62.3930811116,-0.000143011355902,0.000347266871401,0.00235581043511,8.18094919415e-07
e0_diagonal,gamma_2,1196,62.3934159766,62.3931009545,-0.000123168415996,0.000315022072186,0.00233205380487,7.34648422061e-07
e0_diagonal,gamma_2,1198,62.3933950177,62.3931212083,-0.000102914671245,0.000273809440202,0.00230853674293,6.32099153266e-07
e0_diagonal,gamma_2,1200,62.3933669532,62.3931416707,-8.24522198144e-05,0.000225282420928,0.0022852568334,5.1482819187e-07
e0_diagonal,gamma_2,1202,62.3933331602,62.39316215,-6.19729023867e-05,0.00017101014511,0.00226221168478,3.86861148483e-07
e0_diagonal,gamma_2,1204,62.3932949562,62.3931824665,-4.16564820043e-05,0.000112489705415,0.00223939892968,2.51909325908e-07
e0_diagonal,gamma_2,1206,62.3932536009,62.3932024562,-2.16667783235e-05,5.11447671201e-05,0.00221681622458,1.13378549554e-07
e0_diagonal,gamma_2,1208,62.3932102703,62.3932219732,-2.14971505841e-06,-1.17028996556e-05,0.0021944612496,-2.56815598021e-08
e0_diagonal,gamma_2,1210,62.3931660357,62.3932408891,1.67661100434e-05,-7.48533781589e-05,0.00217233170823,-1.62606366843e-07
e0_diagonal,gamma_2,1212,62.3931218429,62.3932590927,3.49697133259e-05,-0.000137249742906,0.00215042532715,-2.95145323289e-07
e0_diagonal,gamma_2,1214,62.3930784776,62.3932764914,5.23684445497e-05,-0.000198013766465,0.00212873985594,-4.21519796699e-07
e0_diagonal,gamma_2,1216,62.3930364785,62.3932930101,6.88871351784e-05,-0.000256531607796,0.0021072730669,-5.40582147919e-07
e0_diagonal,gamma_2,1218,62.3929961505,62.3933085897,8.44667937727e-05,-0.000312439228559,0.00208602275478,-6.51755340258e-07
e0_diagonal,gamma_2,1220,62.3929576858,62.3933231862,9.90632650044e-05,-0.00036550045639,0.00206498673655,-7.54753594647e-07
e0_diagonal,gamma_2,1222,62.3929212264,62.3933367684,0.000112645472569,-0.000415541991387,0.00204416285122,-8.49435501917e-07
e0_diagonal,gamma_2,1224,62.3928869614,62.3933493169,0.000125193935148,-0.000462355524789,0.0020235489596,-9.35599041151e-07
e0_diagonal,gamma_2,1226,62.3928553044,62.3933608222,0.000136699269731,-0.000505517777739,0.00200314294403,-1.01262436956e-06
e0_diagonal,gamma_2,1228,62.3928269893,62.3933712837,0.000147160727366,-0.00054429440145,0.00198294270826,-1.0793046145e-06
e0_diagonal,gamma_2,1230,62.3928030859,62.3933807083,0.000156585385056,-0.000577622470438,0.00196294617713,-1.13384182017e-06
e0_diagonal,gamma_2,1232,62.3927850248,62.3933891092,0.000164986271855,-0.000604084392549,0.00194315129643,-1.17382737054e-06
e0_diagonal,gamma_2,1234,62.3927745216,62.3933965024,0.00017237947489,-0.000621980859584,0.00192355603267,-1.19641503466e-06
e0_diagonal,gamma_2,1236,62.3927733771,62.3934029068,0.000178783838436,-0.000629529715383,0.00190415837285,-1.19872427851e-06
e0_diagonal,gamma_2,1238,62.3927832844,62.3934083445,0.000184221514729,-0.000625060030487,0.00188495632429,-1.17821085753e-06
e0_diagonal,gamma_2,1240,62.392805607,62.3934128395,0.000188716518494,-0.000607232473627,0.00186594791439,-1.13306416771e-06
e0_diagonal,gamma_2,1242,62.392841175,62.3934164167,0.00019229376322,-0.000575241715111,0.00184713119043,-1.06254691402e-06
e0_diagonal,gamma_2,1244,62.3928901472,62.3934191023,0.000194979336868,-0.000528955119542,0.00182850421942,-9.67196667965e-07
e0_diagonal,gamma_2,1246,62.3929519085,62.3934209221,0.00019679916732,-0.000469013570672,0.00181006508782,-8.48945089989e-07
e0_diagonal,gamma_2,1248,62.393025054,62.3934218982,0.000197775235733,-0.00039684414601,0.00179181190142,-7.1107006383e-07
e0_diagonal,gamma_2,1250,62.3931075125,62.3934220455,0.000197922594083,-0.000314533003603,0.00177374278509,-5.57900645815e-07
e0_diagonal,gamma_2,1252,62.3931967127,62.3934213721,0.00019724913507,-0.000224659414343,0.00175585588263,-3.94469554261e-07
e0_diagonal,gamma_2,1254,62.3932897445,62.3934198793,0.000195756393552,-0.00013013485129,0.00173814935653,-2.26193808031e-07
e0_diagonal,gamma_2,1256,62.3933836049,62.3934175626,0.000193439674632,-3.39576767416e-05,0.00172062138783,-5.84283048827e-08
e0_diagonal,gamma_2,1258,62.3934754665,62.3934144103,0.000190287312407,6.10562505869e-05,0.00170327017592,1.03995290678e-07
e0_diagonal,gamma_2,1260,62.3935627726,62.3934104022,0.000186279250613,0.000152370402922,0.00168609393832,2.56910812747e-07
e0_diagonal,gamma_2,1262,62.39364326,62.3934055094,0.000181386432658,0.00023775063633,0.00166909091055,3.96827426077e-07
e0_diagonal,gamma_2,1264,62.393715021,62.3933996958,0.00017557284125,0.000315325194329,0.00165225934592,5.20998999335e-07
e0_diagonal,gamma_2,1266,62.3937764306,62.3933929218,0.000168798807245,0.000383508862505,0.00163559751535,6.27266142628e-07
e0_diagonal,gamma_2,1268,62.3938261343,62.3933851486,0.000161025651408,0.000440985728815,0.00161910370718,7.1400162834e-07
e0_diagonal,gamma_2,1270,62.3938630956,62.3933763444,0.0001522214164,0.000486751219981,0.00160277622705,7.80153283871e-07
e0_diagonal,gamma_2,1272,62.3938865236,62.3933664878,0.000142364815126,0.000520035865954,0.00158661339764,8.25095872174e-07
e0_diagonal,gamma_2,1274,62.393895878,62.3933555704,0.000131447490674,0.000540307532717,0.00157061355858,8.48614336686e-07
e0_diagonal,gamma_2,1276,62.3938908832,62.3933435988,0.000119475870754,0.000547284423781,0.00155477506623,8.50904176229e-07
e0_diagonal,gamma_2,1278,62.3938714103,62.3933305957,0.000106472790137,0.000540814520747,0.00153909629352,8.32365624363e-07
e0_diagonal,gamma_2,1280,62.3938374848,62.3933166028,9.24798220154e-05,0.0005208819926,0.0015235756298,7.93603109928e-07
e0_diagonal,gamma_2,1282,62.3937893209,62.3933016824,7.75594587878e-05,0.000487638537209,0.00150821148066,7.3546204023e-07
e0_diagonal,gamma_2,1284,62.3937273399,62.3932859188,6.17958795033e-05,0.00044142109121,0.00149300226776,6.59042690212e-07
e0_diagonal,gamma_2,1286,62.39365231,62.3932694183,4.52953408256e-05,0.000382891673304,0.00147794642867,5.65893381129e-07
e0_diagonal,gamma_2,1288,62.3935654539,62.3932523084,2.81854997297e-05,0.000313145448132,0.00146304241675,4.58145073229e-07
e0_diagonal,gamma_2,1290,62.3934685443,62.3932347356,1.06126667134e-05,0.000233808693203,0.00144828870092,3.38622488541e-07
e0_diagonal,gamma_2,1292,62.3933639946,62.3932168613,-7.26166399545e-06,0.000147133348122,0.00143368376555,2.10942692573e-07
e0_diagonal,gamma_2,1294,62.3932548166,62.3931988597,-2.52632436712e-05,5.59569172367e-05,0.0014192261103,7.94155179943e-08
e0_diagonal,gamma_2,1296,62.3931445328,62.393180915,-4.32079269856e-05,-3.63821820244e-05,0.00140491424996,-5.11138459709e-08
e0_diagonal,gamma_2,1298,62.3930371258,62.3931632172,-6.09057888212e-05,-0.00012609139953,0.0013907467143,-1.75361199598e-07
e0_diagonal,gamma_2,1300,62.3929367575,62.3931459571,-7.81658675351e-05,-0.000209199532989,0.00137672204791,-2.88009609478e-07
e0_diagonal,gamma_2,1302,62.3928474237,62.3931293228,-9.48001374468e-05,-0.000281899121575,0.00136283881004,-3.84183063399e-07
e0_diagonal,gamma_2,1304,62.3927727545,62.3931134971,-0.00011062582324,-0.000340742630932,0.00134909557451,-4.59694375437e-07
e0_diagonal,gamma_2,1306,62.3927157719,62.3930986551,-0.000125467828639,-0.000382883218435,0.00133549092948,-5.11337065271e-07
e0_diagonal,gamma_2,1308,62.3926786837,62.3930849613,-0.000139161615934,-0.000406277666002,0.00132202347738,-5.3710861279e-07
e0_diagonal,gamma_2,1310,62.3926628414,62.3930725673,-0.000151555690827,-0.000409725851817,0.00130869183471,-5.36204876743e-07
e0_diagonal,gamma_2,1312,62.3926687218,62.3930616093,-0.000162513641826,-0.000392887461814,0.00129549463193,-5.08983597734e-07
e0_diagonal,gamma_2,1314,62.3926959598,62.3930522071,-0.00017191584638,-0.000356247288977,0.00128243051332,-4.56862393673e-07
e0_diagonal,gamma_2,1316,62.3927434143,62.3930444616,-0.000179661323003,-0.000301047317009,0.00126949813682,-3.82179008039e-07
e0_diagonal,gamma_2,1318,62.392809205,62.3930384538,-0.00018566919762,-0.000229248732765,0.00125669617391,-2.88096005339e-07
e0_diagonal,gamma_2,1320,62.3928907852,62.3930342428,-0.000189880120956,-0.00014345767282,0.00124402330945,-1.78464688908e-07
e0_diagonal,gamma_2,1322,62.3929850625,62.3930318647,-0.00019225820725,-4.6802201183e-05,0.0012314782416,-5.76358924157e-08
e0_diagonal,gamma_2,1324,62.3930885371,62.3930313306,-0.000192792376069,5.72065377042e-05,0.0012190596816,6.97381836391e-08
e0_diagonal,gamma_2,1326,62.3931974769,62.3930326262,-0.000191496760948,0.000164850708217,0.00120676635372,1.98936288063e-07
e0_diagonal,gamma_2,1328,62.3933081183,62.3930357121,-0.000188410840437,0.000272406184884,0.00119459699509,3.25415609907e-07
e0_diagonal,gamma_2,1330,62.3934168529,62.3930405232,-0.000183599743167,0.000376329658344,0.00118255035557,4.45028771287e-07
e0_diagonal,gamma_2,1332,62.3935203188,62.3930469692,-0.000177153731968,0.000473349632081,0.00117062519762,5.54115006599e-07
e0_diagonal,gamma_2,1334,62.3936154,62.3930549367,-0.000169186255889,0.000560463278156,0.00115882029619,6.49476221998e-07
e0_diagonal,gamma_2,1336,62.3936992589,62.3930642929,-0.000159830057285,0.000634966034909,0.00114713443859,7.28391405978e-07
e0_diagonal,gamma_2,1338,62.3937693625,62.3930748899,-0.000149233046969,0.000694472548631,0.00113556642434,7.88619708848e-07
e0_diagonal,gamma_2,1340,62.3938235188,62.393086568,-0.000137554924194,0.000736950817682,0.00112411506507,8.28417516373e-07
e0_diagonal,gamma_2,1342,62.3938600078,62.3930991596,-0.000124963363319,0.000760848194702,0.00111277918441,8.46656033562e-07
e0_diagonal,gamma_2,1344,62.3938778015,62.3931124925,-0.000111630438383,0.000765308981073,0.00110155761784,8.43031938106e-07
e0_diagonal,gamma_2,1346,62.393876675,62.3931263935,-9.77294765789e-05,0.000750281503826,0.00109044921259,8.18143875069e-07
e0_diagonal,gamma_2,1348,62.393857321,62.3931406923,-8.34306879938e-05,0.000716628735752,0.0010794528275,7.73566915078e-07
e0_diagonal,gamma_2,1350,62.3938213431,62.393155227,-6.88959270647e-05,0.00066611612025,0.00106856733294,7.11789926045e-07
e0_diagonal,gamma_2,1352,62.3937711143,62.3931698478,-5.42751106707e-05,0.00060126642785,0.00105779161065,6.36014583147e-07
e0_diagonal,gamma_2,1354,62.3937095612,62.3931844176,-3.97053962899e-05,0.000525143613686,0.00104712455367,5.49890772091e-07
e0_diagonal,gamma_2,1356,62.3936398152,62.3931988116,-2.53113560902e-05,0.000441003624594,0.00103656506617,4.57128951308e-07
e0_diagonal,gamma_2,1358,62.3935648888,62.3932129185,-1.12044760954e-05,0.000351970370389,0.0010261120634,3.61161043016e-07
e0_diagonal,gamma_2,1360,62.3934874636,62.3932266399,2.51695493603e-06,0.000260823674992,0.00101576447155,2.64935422395e-07
e0_diagonal,gamma_2,1362,62.3934096905,62.3932398883,1.57653065145e-05,0.000169802258839,0.00100552122761,1.70739775758e-07
e0_diagonal,gamma_2,1364,62.3933331321,62.3932525824,2.84594320661e-05,8.05497104679e-05,0.000995381279315,8.0177673854e-08
e0_diagonal,gamma_2,1366,62.3932588238,62.3932646455,4.05225406723e-05,-5.82169151642e-06,0.000985343585006,-5.73636638958e-09
e0_diagonal,gamma_2,1368,62.3931873453,62.393276005,5.18820257369e-05,-8.86596741054e-05,0.000975407113523,-8.64792768051e-08
e0_diagonal,gamma_2,1370,62.393118964,62.3932865913,6.24683405874e-05,-0.000167627270109,0.00096557084411,-1.61856004695e-07
e0_diagonal,gamma_2,1372,62.393053789,62.3932963354,7.22124392212e-05,-0.00024254642419,0.0009558337663,-2.31834062136e-07
e0_diagonal,gamma_2,1374,62.3929919125,62.3933051671,8.10441307664e-05,-0.000313254550733,0.000946194879819,-2.96399851983e-07
e0_diagonal,gamma_2,1376,62.392933408,62.3933130141,8.88911584696e-05,-0.000379606148911,0.000936653194479,-3.55559312021e-07
e0_diagonal,gamma_2,1378,62.3928783001,62.3933198028,9.56798565355e-05,-0.000441502707652,0.000927207730077,-4.09364723385e-07
e0_diagonal,gamma_2,1380,62.3928265764,62.3933254617,0.000101338774165,-0.000498885338757,0.000917857516295,-4.57905657948e-07
e0_diagonal,gamma_2,1382,62.3927782153,62.3933299249,0.000105801921684,-0.000551709593317,0.000908601592601,-5.01284215141e-07
e0_diagonal,gamma_2,1384,62.392733367,62.3933331348,0.000109011812079,-0.000599767723592,0.000899439008147,-5.39454486427e-07
e0_diagonal,gamma_2,1386,62.3926924663,62.3933350473,0.000110924388196,-0.000642581053093,0.000890368821676,-5.72134135073e-07
e0_diagonal,gamma_2,1388,62.3926562863,62.3933356364,0.000111513427029,-0.000679350121224,0.00088139010142,-5.98772472246e-07
e0_diagonal,gamma_2,1390,62.3926260426,62.3933348975,0.000110774531279,-0.000708854833675,0.000872501925011,-6.18477206935e-07
e0_diagonal,gamma_2,1392,62.3926033616,62.3933328527,0.000108729712039,-0.000729491093523,0.000863703379378,-6.30063922702e-07
e0_diagonal,gamma_2,1394,62.3925901304,62.393329554,0.000105431038911,-0.00073942360185,0.000854993560662,-6.32202418183e-07
e0_diagonal,gamma_2,1396,62.3925883272,62.3933250852,0.000100962206815,-0.000736757980661,0.000846371574116,-6.23571011835e-07
e0_diagonal,gamma_2,1398,62.3925997238,62.393319561,9.54380764284e-05,-0.000719837224942,0.000837836534017,-6.03105925602e-07
e0_diagonal,gamma_2,1400,62.3926256233,62.3933131256,8.90026065719e-05,-0.000687502228637,0.000829387563573,-5.7020579836e-07
e0_diagonal,gamma_2,1402,62.3926666929,62.3933059477,8.18247561796e-05,-0.000639254810984,0.000821023794834,-5.2484341078e-07
e0_diagonal,gamma_2,1404,62.3927228012,62.3932982154,7.40924599469e-05,-0.000575414229296,0.000812744368603,-4.67664674474e-07
e0_diagonal,gamma_2,1406,62.3927929501,62.3932901279,6.60049887671e-05,-0.0004971777946,0.000804548434349,-4.00003616238e-07
e0_diagonal,gamma_2,1408,62.3928752955,62.3932818887,5.77657298138e-05,-0.000406593130826,0.000796435150114,-3.23825061185e-07
e0_diagonal,gamma_2,1410,62.3929671135,62.3932736983,4.95753976892e-05,-0.000306584893501,0.000788403682434,-2.41712659015e-07
e0_diagonal,gamma_2,1412,62.3930650705,62.3932657473,4.16243593975e-05,-0.000200676794229,0.000780453206249,-1.56618847476e-07
e0_diagonal,gamma_2,1414,62.3931654902,62.3932582079,3.40849550895e-05,-9.27176825485e-05,0.000772582904818,-7.16320965113e-08
e0_diagonal,gamma_2,1416,62.3932644097,62.3932512273,2.71043669287e-05,1.31823673399e-05,0.000764791969637,1.00817686824e-08
e0_diagonal,gamma_2,1418,62.393357916,62.3932449224,2.07994394543e-05,0.000112993607885,0.000757079600356,8.55451555007e-08
e0_diagonal,gamma_2,1420,62.3934423605,62.3932393753,1.52523318064e-05,0.00020298517201,0.000749445004695,1.5212622319e-07
e0_diagonal,gamma_2,1422,62.393514537,62.3932346301,1.05071831911e-05,0.000279906845364,0.000741887398363,2.07659361291e-07
e0_diagonal,gamma_2,1424,62.3935718851,62.3932306931,6.57010641447e-06,0.000341192043742,0.00073440600498,2.50573485775e-07
e0_diagonal,gamma_2,1426,62.3936126206,62.3932275346,3.41160637873e-06,0.000385086066274,0.000727000055993,2.79957591743e-07
e0_diagonal,gamma_2,1428,62.3936358191,62.3932250922,9.69226213954e-07,0.000410726947301,0.000719668790601,2.95587365432e-07
e0_diagonal,gamma_2,1430,62.3936414304,62.3932232741,-8.48814515564e-07,0.000418156300391,0.000712411455674,2.97899338661e-07
e0_diagonal,gamma_2,1432,62.3936302608,62.3932219655,-2.15747522248e-06,0.000408295314372,0.000705227305678,2.87941004476e-07
e0_diagonal,gamma_2,1434,62.393603842,62.3932210347,-3.08821555706e-06,0.000382807281333,0.000698115602595,2.67243735886e-07
e0_diagonal,gamma_2,1436,62.3935642524,62.3932203399,-3.78305659865e-06,0.000343912503396,0.000691075615851,2.37669545083e-07
e0_diagonal,gamma_2,1438,62.3935139451,62.3932197353,-4.38767960986e-06,0.000294209825718,0.000684106622239,2.01270890102e-07
e0_diagonal,gamma_2,1440,62.3934555158,62.393219079,-5.04396305701e-06,0.000236436802012,0.000677207905846,1.60116871556e-07
e0_diagonal,gamma_2,1442,62.3933915389,62.3932182396,-5.88334382456e-06,0.000173299342272,0.000670378757977,1.16176197831e-07
e0_diagonal,gamma_2,1444,62.3933244348,62.3932171033,-7.0196644657e-06,0.000107331523381,0.000663618477084,7.12271820892e-08
e0_diagonal,gamma_2,1446,62.3932563162,62.3932155799,-8.54299982223e-06,4.07362710249e-05,0.000656926368693,2.67607305985e-08
e0_diagonal,gamma_2,1448,62.3931889217,62.393213608,-1.05149376566e-05,-2.46862864373e-05,0.000650301745336,-1.6053535156e-08
e0_diagonal,gamma_2,1450,62.3931236573,62.3932111582,-1.296470478e-05,-8.75009331196e-05,0.000643743926473,-5.63281942565e-08
e0_diagonal,gamma_2,1452,62.3930616785,62.3932082348,-1.58881027801e-05,-0.000146556369621,0.000637252238432,-9.33933745978e-08
e0_diagonal,gamma_2,1454,62.3930039621,62.3932048745,-1.92484062538e-05,-0.000200912401858,0.000630826014331,-1.26740769694e-07
e0_diagonal,gamma_2,1456,62.3929515602,62.3932011467,-2.29762697543e-05,-0.000249586473807,0.000624464594013,-1.55857916037e-07
e0_diagonal,gamma_2,1458,62.3929056412,62.3931971519,-2.69710881184e-05,-0.000291510643642,0.00061816732398,-1.80202354492e-07
e0_diagonal,gamma_2,1460,62.3928675559,62.3931930167,-3.11062044176e-05,-0.000325460871153,0.000611933557323,-1.99160428654e-07
e0_diagonal,gamma_2,1462,62.3928389029,62.3931888878,-3.52351664787e-05,-0.000349984907594,0.000605762653656,-2.12007786364e-07
e0_diagonal,gamma_2,1464,62.3928213346,62.3931849265,-3.91964554183e-05,-0.000363591912716,0.000599653979053,-2.18029337212e-07
e0_diagonal,gamma_2,1466,62.3928163635,62.3931813042,-4.28187074419e-05,-0.000364940782582,0.000593606905978,-2.16631368814e-07
e0_diagonal,gamma_2,1468,62.3928252042,62.3931781958,-4.59271515467e-05,-0.000352991646388,0.000587620813226,-2.07425238312e-07
e0_diagonal,gamma_2,1470,62.392848546,62.3931757722,-4.83507719338e-05,-0.000327226211269,0.000581695085853,-1.90345879057e-07
e0_diagonal,gamma_2,1472,62.3928864207,62.3931741926,-4.99303810244e-05,-0.000287771864308,0.00057582911512,-1.65707417981e-07
e0_diagonal,gamma_2,1474,62.3929381132,62.3931735968,-5.05261559738e-05,-0.00023548356863,0.000570022298424,-1.34230885032e-07
e0_diagonal,gamma_2,1476,62.3930021743,62.3931740988,-5.00241754509e-05,-0.000171924476192,0.000564274039239,-9.70125186246e-08
e0_diagonal,gamma_2,1478,62.393076549,62.3931757815,-4.8341444753e-05,-9.92325193891e-05,0.000558583747056,-5.54296725102e-08
e0_diagonal,gamma_2,1480,62.3931587466,62.3931786936,-4.54293630128e-05,-1.99470012916e-05,0.00055295083732,-1.10297110662e-08
e0_diagonal,gamma_2,1482,62.3932460115,62.3931828464,-4.12765912046e-05,6.31651217589e-05,0.000547374731371,3.45749915548e-08
e0_diagonal,gamma_2,1484,62.3933355233,62.3931882123,-3.59106115013e-05,0.000147310983607,0.000541854856384,7.98211718662e-08
e0_diagonal,gamma_2,1486,62.3934244869,62.393194725,-2.93979014927e-05,0.000229761869697,0.000536390645311,1.23242117555e-07
e0_diagonal,gamma_2,1488,62.3935101464,62.3932022796,-2.18433102717e-05,0.000307866803176,0.000530981536822,1.63471588287e-07
e0_diagonal,gamma_2,1490,62.3935898689,62.3932107348,-1.33881863746e-05,0.000379134141916,0.000525626975247,1.99283132228e-07
e0_diagonal,gamma_2,1492,62.3936612407,62.3932199155,-4.20740551732e-06,0.000441325174513,0.000520326410521,2.29633143927e-07
e0_diagonal,gamma_2,1494,62.3937220689,62.3932296179,5.49490648183e-06,0.000492451034575,0.000515079298124,2.53651333249e-07
e0_diagonal,gamma_2,1496,62.3937704667,62.3932396141,1.54911609798e-05,0.000530852570279,0.00050988509903,2.70673815367e-07
e0_diagonal,gamma_2,1498,62.3938050063,62.39324966,2.55370686162e-05,0.000555346240311,0.000504743279646,2.80307282674e-07
e0_diagonal,gamma_2,1500,62.393824875,62.3932595032,3.53802636113e-05,0.000565371793641,0.00049965331176,2.82489889068e-07
e0_diagonal,gamma_2,1502,62.3938299883,62.3932688927,4.47697497918e-05,0.000561095558339,0.000494614672488,2.77526095823e-07
e0_diagonal,gamma_2,1504,62.393821036,62.3932775868,5.34638207341e-05,0.000543449222491,0.000489626844219,2.66087327802e-07
e0_diagonal,gamma_2,1506,62.3937994282,62.3932853598,6.12368186665e-05,0.000514068396406,0.000484689314561,2.49163458691e-07
e0_diagonal,gamma_2,1508,62.3937671652,62.3932920096,6.7886622162e-05,0.000475155583956,0.000479801576289,2.27980398165e-07
e0_diagonal,gamma_2,1510,62.3937266496,62.3932973647,7.32417154836e-05,0.000429284957036,0.000474963127292,2.03894525693e-07
e0_diagonal,gamma_2,1512,62.3936804198,62.3933012892,7.71662616401e-05,0.000379130603854,0.000470173470526,1.78257151796e-07
e0_diagonal,gamma_2,1514,62.3936308467,62.3933036869,7.9563947132e-05,0.000327159843302,0.000465432113954,1.52270697469e-07
e0_diagonal,gamma_2,1516,62.3935799498,62.3933045041,8.03811463541e-05,0.000275445729422,0.000460738570507,1.26908471626e-07
e0_diagonal,gamma_2,1518,62.3935292584,62.3933037321,7.96091205544e-05,0.000225526286208,0.000456092358022,1.02860815672e-07
e0_diagonal,gamma_2,1520,62.393479706,62.3933014076,7.72846195787e-05,0.000178298406965,0.000451492999201,8.05004825134e-08
e0_diagonal,gamma_2,1522,62.3934316523,62.3932976106,7.34876244906e-05,0.000134041767637,0.00044694002156,5.99086305179e-08
e0_diagonal,gamma_2,1524,62.39338499,62.3932924607,6.83377554083e-05,9.25292577705e-05,0.000442432957379,4.09379931595e-08
e0_diagonal,gamma_2,1526,62.3933392862,62.3932861139,6.19909357837e-05,5.31722832662e-05,0.000437971343653,2.32879363472e-08
e0_diagonal,gamma_2,1528,62.3932940384,62.3932787565,5.46335278031e-05,1.52819446058e-05,0.000433554722047,6.62555924589e-09
e0_diagonal,gamma_2,1530,62.393248848,62.3932705962,4.64732190437e-05,-2.17481811902e-05,0.00042918263885,-9.33394179338e-09
e0_diagonal,gamma_2,1532,62.3932035668,62.3932618538,3.77308857651e-05,-5.82870417958e-05,0.000424854644923,-2.47635204458e-08
e0_diagonal,gamma_2,1534,62.3931584306,62.3932527567,2.86337693822e-05,-9.4326139461e-05,0.000420570295659,-3.96707723615e-08
e0_diagonal,gamma_2,1536,62.3931140526,62.3932435304,1.94074633413e-05,-0.000129477859325,0.000416329150933,-5.39054072373e-08
e0_diagonal,gamma_2,1538,62.3930714004,62.3932343915,1.02685554708e-05,-0.000162991129983,0.000412130775058,-6.71736607275e-08
e0_diagonal,gamma_2,1540,62.3930317136,62.3932255414,1.41845377044e-06,-0.000193827813355,0.000407974736742,-7.90768511269e-08
e0_diagonal,gamma_2,1542,62.3929963704,62.3932171602,-6.96275559875e-06,-0.000220789831566,0.000403860609042,-8.91683158466e-08
e0_diagonal,gamma_2,1544,62.3929668028,62.393209401,-1.4721916699e-05,-0.000242598271612,0.00039978796932,-9.69878703682e-08
e0_diagonal,gamma_2,1546,62.3929443774,62.393202386,-2.1736987037e-05,-0.000258008611716,0.000395756399199,-1.02108559135e-07
e0_diagonal,gamma_2,1548,62.3929302756,62.3931962035,-2.79194752437e-05,-0.000265927832501,0.000391765484523,-1.04181346148e-07
e0_diagonal,gamma_2,1550,62.3929254593,62.393190907,-3.32159170142e-05,-0.000265447714199,0.00038781481531,-1.02944556257e-07
e0_diagonal,gamma_2,1552,62.3929305376,62.3931865145,-3.76084827565e-05,-0.000255976859371,0.000383903985716,-9.82705365638e-08
e0_diagonal,gamma_2,1554,62.3929456735,62.3931830098,-4.11131452438e-05,-0.000237336334635,0.000380032593986,-9.01955428986e-08
e0_diagonal,gamma_2,1556,62.3929705598,62.393180348,-4.37749689155e-05,-0.000209788186723,0.000376200242419,-7.89223667018e-08
e0_diagonal,gamma_2,1558,62.3930043437,62.3931784601,-4.56628784846e-05,-0.000174116368406,0.000372406537322,-6.48420738492e-08
e0_diagonal,gamma_2,1560,62.393045668,62.3931772582,-4.68647018508e-05,-0.00013159023846,0.000368651088975,-4.85108847069e-08
e0_diagonal,gamma_2,1562,62.393092707,62.3931766411,-4.7481882703e-05,-8.39340192869e-05,0.000364933511585,-3.06303363998e-08
e0_diagonal,gamma_2,1564,62.3931432286,62.3931764989,-4.76240786824e-05,-3.32703007828e-05,0.000361253423253,-1.20190100504e-08
e0_diagonal,gamma_2,1566,62.3931947417,62.3931767189,-4.7404045759e-05,1.80227499413e-05,0.000357610445927,6.44512364335e-09
e0_diagonal,gamma_2,1568,62.3932446391,62.3931771895,-4.6933469882e-05,6.74495807615e-05,0.000354004205371,2.38774352401e-08
e0_diagonal,gamma_2,1570,62.3932903249,62.3931778039,-4.63190550875e-05,0.000112521052088,0.000350434331121,3.94312396256e-08
e0_diagonal,gamma_2,1572,62.393329388,62.3931784644,-4.56585548108e-05,0.000150923584023,0.00034690045645,5.23554601867e-08
e0_diagonal,gamma_2,1574,62.3933598017,62.3931790863,-4.50366145586e-05,0.000180715322998,0.000343402218328,6.20580428032e-08
e0_diagonal,gamma_2,1576,62.393380057,62.3931796013,-4.45216517591e-05,0.000200455684165,0.000339939257386,6.8142756414e-08
e0_diagonal,gamma_2,1578,62.3933892853,62.3931799582,-4.41647231355e-05,0.000209327052573,0.000336511217879,7.04409013966e-08
e0_diagonal,gamma_2,1580,62.3933873099,62.3931801241,-4.39988254897e-05,0.000207185797201,0.000333117747651,6.90172661091e-08
e0_diagonal,gamma_2,1582,62.393374614,62.393180085,-4.40379977107e-05,0.000194529069574,0.000329758498096,6.41476138189e-08
e0_diagonal,gamma_2,1584,62.3933522893,62.3931798454,-4.42775740765e-05,0.00017244397101,0.000326433124123,5.6291424193e-08
e0_diagonal,gamma_2,1586,62.3933218884,62.3931794279,-4.46950083912e-05,0.00014246045594,0.000323141284121,4.6034854669e-08
e0_diagonal,gamma_2,1588,62.3932852493,62.3931788721,-4.52508811009e-05,0.000106377225869,0.000319882639925,3.40282278388e-08
e0_diagonal,gamma_2,1590,62.3932443292,62.393178232,-4.58909243406e-05,6.60971720592e-05,0.000316656856779,2.09301227462e-08
e0_diagonal,gamma_2,1592,62.3932009746,62.3931775745,-4.65484111487e-05,2.34000856878e-05,0.000313463603304,7.33507517732e-09
e0_diagonal,gamma_2,1594,62.3931568128,62.3931769767,-4.71462663967e-05,-2.01638341508e-05,0.000310302551461,-6.25688918424e-09
e0_diagonal,gamma_2,1596,62.3931131782,62.3931765231,-4.75998872105e-05,-6.33448421183e-05,0.000307173376521,-1.94578490387e-08
e0_diagonal,gamma_2,1598,62.3930710284,62.3931763022,-4.78207089003e-05,-0.000105273876969,0.000304075757029,-3.20112338346e-08
e0_diagonal,gamma_2,1600,62.3930309764,62.3931764021,-4.7720850084e-05,-0.000145425691663,0.000301009374769,-4.37744965229e-08
e0_diagonal,gamma_2,1602,62.3929933721,62.3931769042,-4.72187430063e-05,-0.000183532107101,0.000297973914739,-5.46877804333e-08
e0_diagonal,gamma_2,1604,62.3929583798,62.3931778792,-4.62437686508e-05,-0.000219499379746,0.00029496906511,-6.47455268358e-08
e0_diagonal,gamma_2,1606,62.3929261065,62.3931793844,-4.4738592976e-05,-0.000253277852195,0.000291994517198,-7.39557441686e-08
e0_diagonal,gamma_2,1608,62.3928967305,62.3931814615,-4.2661413417e-05,-0.000284731072341,0.000289049965432,-8.23015066175e-08
e0_diagonal,gamma_2,1610,62.3928705655,62.3931841344,-3.99885574751e-05,-0.000313568855837,0.000286135107323,-8.97230582182e-08
e0_diagonal,gamma_2,1612,62.3928480823,62.3931874073,-3.67156947689e-05,-0.000339324959562,0.000283249643433,-9.61136738038e-08
e0_diagonal,gamma_2,1614,62.3928298523,62.3931912651,-3.28578962012e-05,-0.000361412707171,0.000280393277342,-1.01337693437e-07
e0_diagonal,gamma_2,1616,62.3928164388,62.3931956751,-2.84478820589e-05,-0.000379236222599,0.00027756571562,-1.05262973515e-07
e0_diagonal,gamma_2,1618,62.392808355,62.3932005897,-2.35332645389e-05,-0.000392234669931,0.000274766667795,-1.07773013251e-07
e0_diagonal,gamma_2,1620,62.3928060284,62.393205949,-1.81739911298e-05,-0.000399920554081,0.000271995846327,-1.08776729571e-07
e0_diagonal,gamma_2,1622,62.3928098105,62.3932116839,-1.24390987395e-05,-0.000401873341147,0.000269252966573,-1.0820558929e-07
e0_diagonal,gamma_2,1624,62.3928200663,62.3932177194,-6.40354848969e-06,-0.000397653138862,0.000266537746761,-1.05989571624e-07
e0_diagonal,gamma_2,1626,62.3928371874,62.3932239762,-1.46767177966e-07,-0.000386788793364,0.00026384990796,-1.02054187529e-07
e0_diagonal,gamma_2,1628,62.3928616245,62.3932303714,6.24847075414e-06,-0.000368746958138,0.000261189174054,-9.63127134309e-08
e0_diagonal,gamma_2,1630,62.3928938537,62.3932368215,1.2698515377e-05,-0.0003429677515,0.000258555271708,-8.86761201763e-08
e0_diagonal,gamma_2,1632,62.392934237,62.3932432448,1.91218394576e-05,-0.00030900782329,0.000255947930348,-7.90899128323e-08
e0_diagonal,gamma_2,1634,62.3929828835,62.3932495639,2.54409816378e-05,-0.000266680441477,0.000253366882123,-6.75679919802e-08
e0_diagonal,gamma_2,1636,62.3930395235,62.3932557069,3.15839434251e-05,-0.000216183436365,0.000250811861887,-5.42213701838e-08
e0_diagonal,gamma_2,1638,62.3931033602,62.3932616086,3.74856945911e-05,-0.000158248412447,0.000248282607167,-3.92903284224e-08
e0_diagonal,gamma_2,1640,62.3931729957,62.3932672123,4.30893060468e-05,-9.42165962812e-05,0.000245778858137,-2.31564474515e-08
e0_diagonal,gamma_2,1642,62.3932465008,62.3932724703,4.83473900204e-05,-2.59695143328e-05,0.000243300357589,-6.31839212358e-09
e0_diagonal,gamma_2,1644,62.3933214847,62.3932773461,5.32231250503e-05,4.41386305425e-05,0.000240846850912,1.06306501698e-08
e0_diagonal,gamma_2,1646,62.3933952429,62.3932818128,5.76898193572e-05,0.000113430141695,0.000238418086061,2.70437972847e-08
e0_diagonal,gamma_2,1648,62.3934649666,62.3932858528,6.1729814135e-05,0.000179113788469,0.000236013813532,4.22733282729e-08
e0_diagonal,gamma_2,1650,62.3935278405,62.3932894562,6.53332971865e-05,0.00023838427748,0.000233633786338,5.56946213513e-08
e0_diagonal,gamma_2,1652,62.3935811558,62.3932926199,6.8496966307e-05,0.000288535929371,0.000231277759983,6.67319434196e-08
e0_diagonal,gamma_2,1654,62.3936224289,62.3932953455,7.12225307922e-05,0.000327083395192,0.000228945492435,7.48842689796e-08
e0_diagonal,gamma_2,1656,62.3936495175,62.3932976379,7.35149240825e-05,0.000351879621398,0.000226636744105,7.97488517106e-08
e0_diagonal,gamma_2,1658,62.3936608053,62.3932995033,7.53803216398e-05,0.000361302052006,0.000224351277818,8.1058577046e-08
e0_diagonal,gamma_2,1660,62.3936553311,62.3933009475,7.68245445641e-05,0.000354383570311,0.000222088858792,7.87046427051e-08
e0_diagonal,gamma_2,1662,62.3936329609,62.3933019756,7.78526425336e-05,0.000330985286212,0.000219849254612,7.27668684611e-08
e0_diagonal,gamma_2,1664,62.3935944887,62.3933025915,7.84685092015e-05,0.000291897199148,0.000217632235206,6.3526239901e-08
e0_diagonal,gamma_2,1666,62.3935416265,62.3933027967,7.86737854028e-05,0.000238829758736,0.000215437572825,5.14529035405e-08
e0_diagonal,gamma_2,1668,62.3934770281,62.3933025896,7.8466614525e-05,0.000174438547212,0.000213265042013,3.72016441e-08
e0_diagonal,gamma_2,1670,62.3934041166,62.3933019629,7.78399921089e-05,0.000102153618293,0.00021111441959,2.1566101835e-08
e0_diagonal,gamma_2,1672,62.3933268491,62.393300903,7.67800776913e-05,2.59460547198e-05,0.000208985484626,5.42234881977e-09
e0_diagonal,gamma_2,1674,62.3932495067,62.3932993889,7.52659625007e-05,-4.98822500177e-05,0.000206878018419,-1.03195410379e-08
e0_diagonal,gamma_2,1676,62.393176416,62.3932973943,7.32713600371e-05,-0.000120978287939,0.000204791804471,-2.47753618888e-08
e0_diagonal,gamma_2,1678,62.393111676,62.393294891,7.07680202083e-05,-0.000183214995744,0.00020272662847,-3.71425583722e-08
e0_diagonal,gamma_2,1680,62.3930589568,62.3932918526,6.77296865206e-05,-0.000232895835723,0.000200682278262,-4.67380669105e-08
e0_diagonal,gamma_2,1682,62.3930212617,62.3932882581,6.41351343234e-05,-0.000266996385719,0.000198658543836,-5.30411131962e-08
e0_diagonal,gamma_2,1684,62.3930007277,62.3932840943,5.99713299607e-05,-0.00028336661552,0.000196655217295,-5.57255233491e-08
e0_diagonal,gamma_2,1686,62.3929985195,62.3932793599,5.52369778433e-05,-0.000280840469266,0.000194672092841,-5.46718019065e-08
e0_diagonal,gamma_2,1688,62.3930147527,62.3932740683,4.99453186507e-05,-0.000259315611402,0.000192708966752,-4.99724435358e-08
e0_diagonal,gamma_2,1690,62.3930485251,62.3932682488,4.41258114776e-05,-0.000219723706962,0.000190765637357,-4.19157330012e-08
e0_diagonal,gamma_2,1692,62.3930979914,62.3932619478,3.7824840561e-05,-0.000163956368134,0.000188841905022,-3.09618328989e-08
e0_diagonal,gamma_2,1694,62.3931604677,62.3932552276,3.11046610761e-05,-9.47599173671e-05,0.000186937572125,-1.77141888874e-08
e0_diagonal,gamma_2,1696,62.3932326061,62.3932481647,2.40417963226e-05,-1.55586311479e-05,0.000185052443037,-2.87916270422e-09
e0_diagonal,gamma_2,1698,62.3933105995,62.3932408491,1.6726187738e-05,6.975038972e-05,0.0001831863241,1.27773174974e-08
e0_diagonal,gamma_2,1700,62.3933903982,62.3932333828,9.25989206024e-06,0.000157015323602,0.000181339023612,2.84730054741e-08
e0_diagonal,gamma_2,1702,62.3934679246,62.3932258776,1.75465694241e-06,0.000242046984518,0.000179510351802,4.34499393435e-08
e0_diagonal,gamma_2,1704,62.393539286,62.3932184527,-5.67023163711e-06,0.000320833276838,0.000177700120814,5.70121120554e-08
e0_diagonal,gamma_2,1706,62.3936010001,62.3932112339,-1.28890169933e-05,0.000389766212237,0.000175908144686,6.85630512558e-08
e0_diagonal,gamma_2,1708,62.393650239,62.3932043528,-1.977012586e-05,0.000445886215331,0.000174134239329,7.76440569342e-08
e0_diagonal,gamma_2,1710,62.393685016,62.3931979441,-2.61788153892e-05,0.00048707184984,0.000172378222515,8.39605797125e-08
e0_diagonal,gamma_2,1712,62.3937043353,62.3931921412,-3.19817122403e-05,0.000512194050998,0.00017063991385,8.74007487366e-08
e0_diagonal,gamma_2,1714,62.3937082499,62.3931870721,-3.70508878831e-05,0.000521177822137,0.00016891913476,8.80369067712e-08
e0_diagonal,gamma_2,1716,62.3936977869,62.393182854,-4.12689439102e-05,0.000514932943354,0.000167215708472,8.61048769382e-08
e0_diagonal,gamma_2,1718,62.3936748021,62.3931795878,-4.45351254825e-05,0.000495214238327,0.000165529459996,8.19725454524e-08
e0_diagonal,gamma_2,1720,62.3936417941,62.3931773521,-4.67708424452e-05,0.000464441972163,0.000163860216106,7.61035619271e-08
e0_diagonal,gamma_2,1722,62.3936016285,62.393176197,-4.79259680617e-05,0.000425431542766,0.000162207805323,6.90083168672e-08
e0_diagonal,gamma_2,1724,62.3935571935,62.3931761383,-4.79846228956e-05,0.000381055179687,0.000160572057898,6.11868143752e-08
e0_diagonal,gamma_2,1726,62.3935111464,62.3931771537,-4.69692837228e-05,0.000333992760709,0.000158952805793,5.30890864292e-08
e0_diagonal,gamma_2,1728,62.3934656997,62.3931791805,-4.49424545366e-05,0.000286519232773,0.000157349882665,4.50837676581e-08
e0_diagonal,gamma_2,1730,62.3934224179,62.3931821185,-4.20044377165e-05,0.0002402994268,0.000155763123847,3.7429789377e-08
e0_diagonal,gamma_2,1732,62.3933822423,62.3931858338,-3.82891765156e-05,0.000196408502774,0.000154192366335,3.0284691811e-08
e0_diagonal,gamma_2,1734,62.3933455444,62.3931901638,-3.39591380225e-05,0.000155380584481,0.000152637448767,2.37168960031e-08
e0_diagonal,gamma_2,1736,62.3933122551,62.393194924,-2.91989124577e-05,0.000117331037188,0.000151098211409,1.77285098619e-08
e0_diagonal,gamma_2,1738,62.3932821022,62.3931999137,-2.42092130378e-05,8.21884628834e-05,0.000149574496137,1.2293297924e-08
e0_diagonal,gamma_2,1740,62.3932547548,62.3932049221,-1.92008661628e-05,4.98327109e-05,0.000148066146422,7.37853746872e-09
e0_diagonal,gamma_2,1742,62.393229983,62.393209736,-1.43869324916e-05,2.02469706849e-05,0.000146573007314,2.96765938229e-09
e0_diagonal,gamma_2,1744,62.39320781,62.3932141488,-9.97413388859e-06,-6.33879290035e-06,0.000145094925425,-9.19726683163e-10
e0_diagonal,gamma_2,1746,62.3931884485,62.3932179674,-6.15553203431e-06,-2.95189145447e-05,0.000143631748914,-4.23985332212e-09
e0_diagonal,gamma_2,1748,62.3931721675,62.3932210186,-3.10433009787e-06,-4.88511572669e-05,0.000142183327472,-6.94582009106e-09
e0_diagonal,gamma_2,1750,62.3931591471,62.3932231556,-9.67318243283e-07,-6.40084902415e-05,0.000140749512303,-9.00916378473e-09
e0_diagonal,gamma_2,1752,62.3931493198,62.3932242642,1.41245003249e-07,-7.49443653163e-05,0.000139330156114,-1.04420101194e-08
e0_diagonal,gamma_2,1754,62.3931422437,62.3932242679,1.44917429168e-07,-8.20241633619e-05,0.000137925113098,-1.13131920085e-08
e0_diagonal,gamma_2,1756,62.3931370704,62.3932231317,-9.91211635437e-07,-8.60613694442e-05,0.000136534238916,-1.17503235771e-08
e0_diagonal,gamma_2,1758,62.393132621,62.3932208635,-3.25942308166e-06,-8.82425199009e-05,0.000135157390685,-1.19266287373e-08
e0_diagonal,gamma_2,1760,62.3931275278,62.3932175135,-6.60940979458e-06,-8.99857096073e-05,0.000133794426965,-1.2039586452e-08
e0_diagonal,gamma_2,1762,62.3931204165,62.3932131735,-1.09494679634e-05,-9.27569908953e-05,0.00013244520774,-1.22852189285e-08
e0_diagonal,gamma_2,1764,62.3931100392,62.3932079723,-1.61506351475e-05,-9.79331201307e-05,0.000131109594407,-1.28399716594e-08
e0_diagonal,gamma_2,1766,62.3930953749,62.39320207,-2.20529865516e-05,-0.000106695103028,0.000129787449761,-1.3847685324e-08
e0_diagonal,gamma_2,1768,62.3930757719,62.393195651,-2.84719853312e-05,-0.000119879080572,0.000128478637979,-1.5401900994e-08
e0_diagonal,gamma_2,1770,62.3930510621,62.3931889181,-3.52048880075e-05,-0.000137855940153,0.000127183024609,-1.7532935429e-08
e0_diagonal,gamma_2,1772,62.3930215969,62.3931820855,-4.20374776979e-05,-0.000160488567644,0.000125900476556,-2.02055871482e-08
e0_diagonal,gamma_2,1774,62.3929883351,62.393175372,-4.87509115175e-05,-0.000187036939067,0.000124630862064,-2.33105749538e-08
e0_diagonal,gamma_2,1776,62.3929528569,62.393168995,-5.51279852488e-05,-0.000216138025415,0.000123374050709,-2.66658237076e-08
e0_diagonal,gamma_2,1778,62.3929172658,62.393163164,-6.09589693781e-05,-0.000245898141614,0.000122129913379,-3.00315187354e-08
e0_diagonal,gamma_2,1780,62.392884063,62.3931580744,-6.60485925295e-05,-0.000274011389479,0.000120898322267,-3.31275172701e-08
e0_diagonal,gamma_2,1782,62.3928559885,62.3931538989,-7.02240512425e-05,-0.000297910385854,0.000119679150853,-3.56536620094e-08
e0_diagonal,gamma_2,1784,62.3928357845,62.3931507811,-7.33418875711e-05,-0.000314996591406,0.000118472273894,-3.73183624529e-08
e0_diagonal,gamma_2,1786,62.3928259043,62.3931488294,-7.5293554076e-05,-0.000322925137354,0.000117277567409,-3.78718745642e-08
e0_diagonal,gamma_2,1788,62.3928283009,62.3931481133,-7.60096020258e-05,-0.000319812430874,0.000116094908668,-3.71285949532e-08
e0_diagonal,gamma_2,1790,62.3928441926,62.3931486608,-7.54621580086e-05,-0.000304468228066,0.000114924176178,-3.49907602827e-08
e0_diagonal,gamma_2,1792,62.3928738839,62.3931504574,-7.36655529394e-05,-0.000276573498788,0.000113765249671,-3.14644531418e-08
e0_diagonal,gamma_2,1794,62.3929166159,62.3931534486,-7.06743324912e-05,-0.000236832754624,0.000112618010092,-2.66716335503e-08
e0_diagonal,gamma_2,1796,62.3929705226,62.3931575428,-6.65801547726e-05,-0.000187020172383,0.000111482339588,-2.08494463675e-08
e0_diagonal,gamma_2,1798,62.3930327381,62.3931626154,-6.15075936921e-05,-0.000129877285055,0.000110358121493,-1.43330132033e-08
e0_diagonal,gamma_2,1800,62.3930995322,62.3931685138,-5.56091589772e-05,-6.89816046204e-05,0.000109245240318,-7.53591197427e-09
e0_diagonal,gamma_2,1802,62.393166551,62.3931750621,-4.90608522199e-05,-8.51113685485e-06,0.000108143581737,-9.20424824141e-10
e0_diagonal,gamma_2,1804,62.3932290712,62.3931820677,-4.20551999483e-05,4.70034831395e-05,0.000107053032581,5.03186541193e-09
e0_diagonal,gamma_2,1806,62.3932823595,62.3931893311,-3.47918583898e-05,9.30283589113e-05,0.000105973480817,9.85853900848e-09
e0_diagonal,gamma_2,1808,62.3933220932,62.3931966536,-2.74693589688e-05,0.000125439568507,0.000104904815545,1.31592147962e-08
e0_diagonal,gamma_2,1810,62.393344732,62.3932038451,-2.02778402283e-05,0.000140886895316,0.000103846926983,1.46306711308e-08
e0_diagonal,gamma_2,1812,62.3933478421,62.393210731,-1.33919250302e-05,0.000137111109616,0.000102799706456,1.40949818204e-08
e0_diagonal,gamma_2,1814,62.3933303493,62.3932171582,-6.96470045369e-06,0.000113191044861,0.000101763046384,1.15186655484e-08
e0_diagonal,gamma_2,1816,62.3932926574,62.3932230011,-1.12182550538e-06,6.9656231247e-05,0.000100736840273,7.01694864115e-09
e0_diagonal,gamma_2,1818,62.3932365728,62.3932281659,4.04293849954e-06,8.40693800086e-06,9.97209827023e-05,8.38348118963e-10
e0_diagonal,gamma_2,1820,62.3931652334,62.3932325938,8.47081453514e-06,-6.73603422854e-05,9.87153693144e-05,-6.64950106585e-09
e0_diagonal,gamma_2,1822,62.3930829059,62.3932362645,1.2141545966e-05,-0.000153358578601,9.77198968041e-05,-1.49861844749e-08
e0_diagonal,gamma_2,1824,62.3929946533,62.3932391968,1.50738758435e-05,-0.000244543488584,9.67344629081e-05,-2.36557830259e-08
e0_diagonal,gamma_2,1826,62.3929060523,62.3932414458,1.73228690628e-05,-0.000335393511605,9.57589663944e-05,-3.21169360067e-08
e0_diagonal,gamma_2,1828,62.3928227977,62.3932431003,1.89773072705e-05,-0.000420302514897,9.47933070515e-05,-3.98418653491e-08
e0_diagonal,gamma_2,1830,62.3927503155,62.3932442785,2.01555556671e-05,-0.000493962966772,9.3837385679e-05,-4.63521934241e-08
e0_diagonal,gamma_2,1832,62.3926934149,62.3932451227,2.09997456864e-05,-0.000551707748315,9.28911040763e-05,-5.12487418684e-08
e0_diagonal,gamma_2,1834,62.3926559538,62.3932457933,2.16703447791e-05,-0.000589839541441,9.19543650335e-05,-5.42383205048e-08
e0_diagonal,gamma_2,1836,62.3926406369,62.3932464626,2.23396961729e-05,-0.000605825713279,9.10270723209e-05,-5.51465410165e-08
e0_diagonal,gamma_2,1838,62.3926488761,62.3932473074,2.31844022167e-05,-0.00059843123109,9.0109130679e-05,-5.39241180047e-08
e0_diagonal,gamma_2,1840,62.3926807659,62.3932485015,2.43785104743e-05,-0.000567735606381,8.92004458092e-05,-5.0642269191e-08
e0_diagonal,gamma_2,1842,62.3927351413,62.3932502087,2.60857331682e-05,-0.000515067423095,8.83009243636e-05,-4.54809295688e-08
e0_diagonal,gamma_2,1844,62.3928096983,62.3932525743,2.84513432973e-05,-0.000442875978401,8.74104739358e-05,-3.87119991668e-08
e0_diagonal,gamma_2,1846,62.392901205,62.3932557192,3.1596259376e-05,-0.000354514166006,8.65290030512e-05,-3.0675757352e-08
e0_diagonal,gamma_2,1848,62.3930057638,62.3932597344,3.56114402749e-05,-0.000253970591068,8.56564211576e-05,-2.17542119101e-08
e0_diagonal,gamma_2,1850,62.3931190285,62.3932646754,4.05524862899e-05,-0.000145646966558,8.47926386161e-05,-1.23497906009e-08
e0_diagonal,gamma_2,1852,62.3932364568,62.3932705595,4.64365972448e-05,-3.4102709435e-05,8.39375666916e-05,-2.86249844757e-09
e0_diagonal,gamma_2,1854,62.3933536214,62.3932773636,5.32406199341e-05,7.62577843147e-05,8.30911175439e-05,6.33634452013e-09
e0_diagonal,gamma_2,1856,62.3934663993,62.3932850224,6.08994466162e-05,0.000181376854137,8.22532042186e-05,1.49188274238e-08
e0_diagonal,gamma_2,1858,62.3935712001,62.3932934289,6.93059404142e-05,0.000277771185537,8.14237406381e-05,2.26171689679e-08
e0_diagonal,gamma_2,1860,62.393665202,62.3933024352,7.83122947681e-05,0.000362766791,8.06026415929e-05,2.92399616367e-08
e0_diagonal,gamma_2,1862,62.3937463904,62.3933118561,8.77331380025e-05,0.000434534301,7.97898227328e-05,3.46714148481e-08
e0_diagonal,gamma_2,1864,62.3938136233,62.3933214739,9.73509253299e-05,0.000492149379923,7.89852005581e-05,3.88725174778e-08
e0_diagonal,gamma_2,1866,62.3938666466,62.3933310459,0.000106922933398,0.000535600719829,7.81886924113e-05,4.18779199379e-08
e0_diagonal,gamma_2,1868,62.3939059593,62.3933403134,0.000116190455877,0.00056564590701,7.74002164682e-05,4.37811156469e-08
e0_diagonal,gamma_2,1870,62.3939326352,62.3933490121,0.000124889112335,0.000583623132606,7.66196917301e-05,4.47170245068e-08
e0_diagonal,gamma_2,1872,62.3939481333,62.3933568802,0.000132757276027,0.000591253078007,7.58470380148e-05,4.48447946839e-08
e0_diagonal,gamma_2,1874,62.3939540291,62.3933636667,0.000139543701231,0.000590362420823,7.50821759486e-05,4.43256951537e-08
e0_diagonal,gamma_2,1876,62.3939518074,62.3933691395,0.000145016547847,0.000582667922465,7.43250269587e-05,4.33068090452e-08
e0_diagonal,gamma_2,1878,62.3939426945,62.3933730948,0.000148971811271,0.00056959973827,7.35755132641e-05,4.19085930984e-08
e0_diagonal,gamma_2,1880,62.3939275109,62.3933753621,0.000151239116526,0.000552148811487,7.28335578686e-05,4.02149624135e-08
e0_diagonal,gamma_2,1882,62.3939066132,62.3933758097,0.000151686730781,0.000530803502819,7.20990845522e-05,3.82704466304e-08
e0_diagonal,gamma_2,1884,62.3938798921,62.3933743493,0.000150226398617,0.000505542739198,7.13720178635e-05,3.60816054128e-08
e0_diagonal,gamma_2,1886,62.3938468216,62.3933709386,0.000146815602051,0.000475883034305,7.06522831122e-05,3.3622222868e-08
e0_diagonal,gamma_2,1888,62.3938065077,62.3933655804,0.000141457440378,0.000440927271825,6.99398063609e-05,3.08383680107e-08
e0_diagonal,gamma_2,1890,62.3937578518,62.3933583235,0.000134200591098,0.000399528213762,6.92345144181e-05,2.76611418762e-08
e0_diagonal,gamma_2,1892,62.3936997571,62.3933492601,0.000125137138468,0.000350496973496,6.85363348302e-05,2.40217779325e-08
e0_diagonal,gamma_2,1894,62.3936314429,62.3933385216,0.000114398604538,0.000292921305075,6.78451958743e-05,1.98733033186e-08
e0_diagonal,gamma_2,1896,62.393552726,62.3933262748,0.000102151838178,0.000226451205322,6.71610265508e-05,1.52086954131e-08
e0_diagonal,gamma_2,1898,62.3934642467,62.3933127167,8.8593743051e-05,0.000151530045763,6.64837565759e-05,1.00742866764e-08
e0_diagonal,gamma_2,1900,62.3933676557,62.3932980685,7.39455906711e-05,6.95872088343e-05,6.58133163749e-05,4.57976499066e-09
e0_diagonal,gamma_2,1902,62.3932656696,62.3932825694,5.84464689268e-05,-1.68998609382e-05,6.51496370743e-05,-1.10101980673e-09
e0_diagonal,gamma_2,1904,62.3931619278,62.393266469,4.23460089678e-05,-0.000104541198986,6.44926504955e-05,-6.74213900861e-09
e0_diagonal,gamma_2,1906,62.3930607687,62.393250021,2.58980357017e-05,-0.000189252301993,6.38422891472e-05,-1.20823001856e-08
e0_diagonal,gamma_2,1908,62.3929668895,62.3932334767,9.35374183797e-06,-0.000266587236858,6.31984862188e-05,-1.68479098147e-08
e0_diagonal,gamma_2,1910,62.3928849023,62.3932170758,-7.0471630238e-06,-0.00033217343757,6.25611755735e-05,-2.07811607487e-08
e0_diagonal,gamma_2,1912,62.3928189345,62.3932010387,-2.30842732378e-05,-0.000382104171308,6.19302917412e-05,-2.36638228047e-08
e0_diagonal,gamma_2,1914,62.3927722714,62.3931855612,-3.85617548204e-05,-0.000413289756693,6.13057699124e-05,-2.5337046731e-08
e0_diagonal,gamma_2,1916,62.3927471107,62.3931708108,-5.33121279673e-05,-0.000423700086195,6.06875459307e-05,-2.57133184418e-08
e0_diagonal,gamma_2,1918,62.3927444398,62.3931569243,-6.71986582859e-05,-0.000412484517071,6.0075556287e-05,-2.47802368228e-08
e0_diagonal,gamma_2,1920,62.3927640014,62.3931440058,-8.01171305511e-05,-0.000380004385384,5.94697381126e-05,-2.25987612805e-08
e0_diagonal,gamma_2,1922,62.3928043987,62.393132127,-9.19959032615e-05,-0.000327728311774,5.88700291727e-05,-1.92933752749e-08
e0_diagonal,gamma_2,1924,62.3928632096,62.3931213288,-0.000102794196195,-0.000258119180046,5.82763678601e-05,-1.50422482881e-08
e0_diagonal,gamma_2,1926,62.392937117,62.393111623,-0.000112499989584,-0.000174505937807,5.76886931889e-05,-1.00670195058e-08
e0_diagonal,gamma_2,1928,62.3930221213,62.393102995,-0.000121127915833,-8.08736868407e-05,5.71069447882e-05,-4.61844916923e-09
e0_diagonal,gamma_2,1930,62.3931137607,62.3930954073,-0.000128715684511,1.83534391169e-05,5.65310628959e-05,1.03753942107e-09
e0_diagonal,gamma_2,1932,62.3932073306,62.3930888038,-0.000135319151482,0.000118526769512,5.59609883524e-05,6.63287516812e-09
e0_diagonal,gamma_2,1934,62.3932981607,62.3930831158,-0.000141007152408,0.000215044928524,5.53966625951e-05,1.19127713482e-08
e0_diagonal,gamma_2,1936,62.3933818209,62.3930782672,-0.00014585576335,0.000303553682031,5.48380276514e-05,1.66462852089e-08
e0_diagonal,gamma_2,1938,62.3934543257,62.3930741812,-0.000149941762807,0.000380144535463,5.42850261338e-05,2.06361560422e-08
e0_diagonal,gamma_2,1940,62.3935123397,62.3930707865,-0.000153336455519,0.000441553192282,5.37376012332e-05,2.37280093701e-08
e0_diagonal,gamma_2,1942,62.3935532822,62.3930680224,-0.000156100538462,0.000485259798978,5.31956967134e-05,2.58137330937e-08
e0_diagonal,gamma_2,1944,62.3935754624,62.3930658433,-0.000158279641894,0.000509619098096,5.26592569056e-05,2.68361630107e-08
e0_diagonal,gamma_2,1946,62.393578165,62.3930642223,-0.000159900643133,0.000513942670047,5.21282267021e-05,2.67909200161e-08
e0_diagonal,gamma_2,1948,62.3935616896,62.3930631531,-0.000160969840962,0.000498536538018,5.16025515508e-05,2.5725757403e-08
e0_diagonal,gamma_2,1950,62.3935273233,62.3930626496,-0.000161473313213,0.000464673705224,5.10821774502e-05,2.37365446667e-08
e0_diagonal,gamma_2,1952,62.3934772968,62.3930627441,-0.000161378845362,0.000414552649005,5.05670509428e-05,2.09627049207e-08
e0_diagonal,gamma_2,1954,62.3934146259,62.3930634851,-0.000160637870934,0.000351140810409,5.00571191106e-05,1.75770973712e-08
e0_diagonal,gamma_2,1956,62.3933428441,62.3930649352,-0.000159187795489,0.000277908989418,4.95523295691e-05,1.37710378338e-08
e0_diagonal,gamma_2,1958,62.3932657467,62.3930671674,-0.000156955598761,0.000198579340321,4.9052630462e-05,9.74083899813e-09
e0_diagonal,gamma_2,1960,62.3931871093,62.3930702613,-0.000153861602975,0.000116847980472,4.85579704559e-05,5.67390078359e-09
e0_diagonal,gamma_2,1962,62.3931103993,62.3930742988,-0.00014982416559,3.6100495663e-05,4.80682987353e-05,1.73528941002e-09
e0_diagonal,gamma_2,1964,62.3930384645,62.393079357,-0.000144765996076,-4.08925016231e-05,4.75835649969e-05,-1.94581100887e-09
e0_diagonal,gamma_2,1966,62.392973358,62.3930855033,-0.000138619697537,-0.000112145281882,4.71037194447e-05,-5.28245989483e-09
e0_diagonal,gamma_2,1968,62.3929162926,62.3930927905,-0.000131332442791,-0.00017649788267,4.6628712785e-05,-8.22986907818e-09
e0_diagonal,gamma_2,1970,62.3928676294,62.3931012518,-0.000122871160897,-0.000233622430301,4.61584962211e-05,-1.07836600662e-08
e0_diagonal,gamma_2,1972,62.3928270221,62.3931108957,-0.000113227213689,-0.000283873592778,4.56930214483e-05,-1.29710421634e-08
e0_diagonal,gamma_2,1974,62.3927936156,62.3931217031,-0.000102419890212,-0.000328087486182,4.52322406491e-05,-1.48401321289e-08
e0_diagonal,gamma_2,1976,62.3927662253,62.3931336241,-9.04988277668e-05,-0.000367398862892,4.47761064882e-05,-1.64506906085e-08
e0_diagonal,gamma_2,1978,62.3927435671,62.3931465773,-7.75456645385e-05,-0.000403010156802,4.43245721078e-05,-1.78632527553e-08
e0_diagonal,gamma_2,1980,62.3927244409,62.3931604493,-6.36736956068e-05,-0.000436008388746,4.38775911222e-05,-1.91309978073e-08
e0_diagonal,gamma_2,1982,62.3927078405,62.3931750974,-4.90255224221e-05,-0.000467256928587,4.3435117614e-05,-2.02953596491e-08
e0_diagonal,gamma_2,1984,62.3926931001,62.3931903533,-3.37696449719e-05,-0.00049725316866,4.29971061284e-05,-2.13804472656e-08
e0_diagonal,gamma_2,1986,62.3926800332,62.3932060271,-1.80958621741e-05,-0.000525993924676,4.25635116692e-05,-2.23881485508e-08
e0_diagonal,gamma_2,1988,62.3926689588,62.3932219131,-2.20987924138e-06,-0.000552954234379,4.21342896939e-05,-2.32983338988e-08
e0_diagonal,gamma_2,1990,62.392660743,62.3932377967,1.36737492369e-05,-0.000577053669161,4.17093961092e-05,-2.40685600633e-08
e0_diagonal,gamma_2,1992,62.3926568347,62.3932534635,2.93405006246e-05,-0.00059662878882,4.12887872665e-05,-2.46340791386e-08
e0_diagonal,gamma_2,1994,62.392659098,62.3932687072,4.45842778873e-05,-0.000609609185929,4.08724199572e-05,-2.4916202657e-08
e0_diagonal,gamma_2,1996,62.3926696485,62.393283338,5.92150773429e-05,-0.000613689564148,4.04602514086e-05,-2.48300340522e-08
e0_diagonal,gamma_2,1998,62.3926906706,62.39329719,7.30670370501e-05,-0.000606519420828,4.00522392792e-05,-2.42924609705e-08
e0_diagonal,gamma_2,2000,62.3927240882,62.3933101275,8.60045543192e-05,-0.000586039348661,3.96483416546e-05,-2.32354883188e-08
e0_diagonal,cosine_6,0,62.3932241229,62.3932241229,0,0,1,0
e0_diagonal,cosine_6,2,62.39249123,62.3932232281,-8.94895229919e-07,-0.000731998028137,0.999992597821,-0.000731992609756
e0_diagonal,cosine_6,4,62.3918014252,62.393220571,-3.55196807789e-06,-0.00141914573569,0.999970391576,-0.00141910371702
e0_diagonal,cosine_6,6,62.3911935729,62.3932162269,-7.89601014617e-06,-0.00202265408609,0.999933382143,-0.00202251934121
e0_diagonal,cosine_6,8,62.3906990383,62.3932103337,-1.3789293817e-05,-0.00251129533994,0.999881570981,-0.0025109979297
e0_diagonal,cosine_6,10,62.3903389959,62.3932030953,-2.10276713375e-05,-0.00286409937267,0.999814960137,-0.00286356940011
e0_diagonal,cosine_6,12,62.3901234562,62.3931947687,-2.93542806702e-05,-0.00307131247618,0.99973355224,-0.00307049413185
e0_diagonal,cosine_6,14,62.3900524532,62.3931856459,-3.84770854538e-05,-0.00313319268881,0.999637350503,-0.00313205643805
e0_diagonal,cosine_6,16,62.3901170814,62.3931760404,-4.80825165141e-05,-0.00305895907304,0.999526358723,-0.00305751022376
e0_diagonal,cosine_6,18,62.3903013427,62.3931662751,-5.78478290691e-05,-0.0028649324153,0.999400581283,-0.00286321512119
e0_diagonal,cosine_6,20,62.3905844939,62.3931566721,-6.74508313452e-05,-0.00257217826644,0.999260023146,-0.00257027491406
e0_diagonal,cosine_6,22,62.3909425694,62.3931475472,-7.65757992056e-05,-0.00220497777906,0.999104689859,-0.00220300364009
e0_diagonal,cosine_6,24,62.3913501382,62.3931392026,-8.49203522932e-05,-0.00178906440234,0.998934587553,-0.00178715831086
e0_diagonal,cosine_6,26,62.3917821779,62.393131921,-9.22019548071e-05,-0.00134974314226,0.99874972294,-0.00134805558937
e0_diagonal,cosine_6,28,62.3922152354,62.3931259597,-9.81632880368e-05,-0.000910724253814,0.998550103316,-0.000909403797738
e0_diagonal,cosine_6,30,62.3926286311,62.3931215441,-0.000102578885361,-0.000492912998261,0.998335736555,-0.000492092661177
e0_diagonal,cosine_6,32,62.3930055293,62.3931188624,-0.000105260592072,-0.000113333103464,0.998106631116,-0.000113118522092
e0_diagonal,cosine_6,34,62.3933333285,62.3931180612,-0.000106061731927,0.000215267310594,0.997862796037,0.000214807240445
e0_diagonal,cosine_6,36,62.3936038914,62.3931192412,-0.000104881761551,0.000484650256119,0.997604240934,0.000483489150875
e0_diagonal,cosine_6,38,62.3938136544,62.3931224543,-0.00010166868006,0.000691200120599,0.997330976008,0.000689355290894
e0_diagonal,cosine_6,40,62.3939632979,62.3931277039,-9.64190200108e-05,0.000835593988427,0.997043012032,0.000833123147057
e0_diagonal,cosine_6,42,62.3940570843,62.3931349443,-8.91786287411e-05,0.000922140001748,0.996740360364,0.000919134157649
e0_diagonal,cosine_6,44,62.3941020512,62.3931440801,-8.00428760357e-05,0.000957971164929,0.996423032935,0.000954544533623
e0_diagonal,cosine_6,46,62.3941072176,62.3931549696,-6.91533567903e-05,0.000952248028888,0.996091042255,0.00094852573158
e0_diagonal,cosine_6,48,62.394082726,62.3931674309,-5.66920856713e-05,0.000915295105976,0.99574440141,0.000911399977414
e0_diagonal,cosine_6,50,62.3940388833,62.3931812467,-4.28762049083e-05,0.000857636530277,0.995383124061,0.000853676928817
e0_diagonal,cosine_6,52,62.393985323,62.3931961687,-2.7954256808e-05,0.000789154289912,0.995007224445,0.000785214219664
e0_diagonal,cosine_6,54,62.3939303434,62.3932119223,-1.22006517387e-05,0.000718421066523,0.994616717372,0.000714553602876
e0_diagonal,cosine_6,56,62.3938803223,62.3932282162,4.0932215768e-06,0.000652106139981,0.994211618224,0.000648331500684
e0_diagonal,cosine_6,58,62.3938393902,62.3932447506,2.0627655374e-05,0.000594639615734,0.993791942957,0.000590948059079
e0_diagonal,cosine_6,60,62.3938092779,62.3932612247,3.71017040592e-05,0.000548053287098,0.993357708097,0.000544412957186
e0_diagonal,cosine_6,62,62.3937893759,62.393277344,5.32210646753e-05,0.000512031916543,0.992908930741,0.00050840106276
e0_diagonal,cosine_6,64,62.3937770019,62.3932928297,6.87067964975e-05,0.000484172179739,0.992445628555,0.00048051456325
e0_diagonal,cosine_6,66,62.3937678455,62.3933074257,8.33027583553e-05,0.000460419791665,0.991967819774,0.000456721616919
e0_diagonal,cosine_6,68,62.3937565511,62.3933209043,9.67813169837e-05,0.000435646853362,0.991475523199,0.000431933191866
e0_diagonal,cosine_6,70,62.3937374429,62.3933330702,0.000108947297022,0.000404372612337,0.990968758196,0.000400720625496
e0_diagonal,cosine_6,72,62.3937051829,62.393343764,0.000119641094983,0.000361418809348,0.9904475447,0.000357966372327
e0_diagonal,cosine_6,74,62.3936553942,62.3933528637,0.000128740743349,0.000302530478905,0.989911903207,0.000299478522151
e0_diagonal,cosine_6,76,62.3935851356,62.3933602848,0.000136161879666,0.000224850756297,0.989361854774,0.000222458761297
e0_diagonal,cosine_6,78,62.3934931526,62.3933659796,0.000141856622548,0.000127173043751,0.988797421024,0.000125748377685
e0_diagonal,cosine_6,80,62.3933800363,62.3933699348,0.00014581180357,1.01015313376e-05,0.988218624137,9.98252140014e-06
e0_diagonal,cosine_6,82,62.393248166,62.3933721689,0.000148045937301,-0.000124002853987,0.987625486852,-0.00012246837904
e0_diagonal,cosine_6,84,62.393101517,62.3933727288,0.000148605881321,-0.000271211826501,0.987018032466,-0.000267690963374
e0_diagonal,cosine_6,86,62.3929454246,62.3933716866,0.000147563638862,-0.000426261955667,0.986396284833,-0.000420463209436
e0_diagonal,cosine_6,88,62.3927863579,62.3933691367,0.000145013750981,-0.000582778814533,0.985760268362,-0.000574480200609
e0_diagonal,cosine_6,90,62.3926314677,62.3933651936,0.000141070665279,-0.000733725931795,0.985110008014,-0.000722800758551
e0_diagonal,cosine_6,92,62.3924881813,62.3933599873,0.00013586432965,-0.000871805941202,0.984445529303,-0.000858245461236
e0_diagonal,cosine_6,94,62.3923638012,62.3933536597,0.00012953677151,-0.000989858559429,0.983766858293,-0.000973790045163
e0_diagonal,cosine_6,96,62.392265021,62.3933463643,0.000122241343931,-0.00108134330952,0.983074021597,-0.00106304051602
e0_diagonal,cosine_6,98,62.3921975152,62.3933382635,0.000114140573274,-0.00114074835597,0.982367046378,-0.00112063359311
e0_diagonal,cosine_6,100,62.3921656262,62.3933295248,0.000105401864907,-0.00116389861828,0.98164596034,-0.00114253637688
e0_diagonal,cosine_6,102,62.3921720685,62.3933203166,9.61936563755e-05,-0.00114824809113,0.980910791736,-0.00112632894418
e0_diagonal,cosine_6,104,62.3922177795,62.3933108066,8.66836994859e-05,-0.00109302719299,0.98016156936,-0.00107134324883
e0_diagonal,cosine_6,106,62.3923019011,62.3933011628,7.70398400221e-05,-0.000999261739516,0.979398322546,-0.000978675271466
e0_diagonal,cosine_6,108,62.3924218689,62.3932915527,6.74297209642e-05,-0.000869683784423,0.978621081169,-0.000851090885387
e0_diagonal,cosine_6,110,62.3925737181,62.3932821404,5.80174515505e-05,-0.000708422294593,0.97782987564,-0.000692716484223
e0_diagonal,cosine_6,112,62.3927523027,62.3932730837,4.89607271348e-05,-0.000520781001264,0.977024736908,-0.000508815920746
e0_diagonal,cosine_6,114,62.3929515716,62.3932645318,4.04088103636e-05,-0.000312960182363,0.976205696454,-0.000305513512786
e0_diagonal,cosine_6,116,62.3931648682,62.3932566216,3.24986367275e-05,-9.17534073324e-05,0.975372786293,-8.94937765616e-05
e0_diagonal,cosine_6,118,62.3933851806,62.3932494735,2.53505071441e-05,0.000135707122183,0.974526038969,0.000132250124241
e0_diagonal,cosine_6,120,62.3936054463,62.3932431872,1.9064204885e-05,0.000362259182189,0.973665487555,0.000352719263248
e0_diagonal,cosine_6,122,62.3938188363,62.3932378379,1.37149433712e-05,0.000580998366452,0.972791165652,0.000565190078143
e0_diagonal,cosine_6,124,62.394018941,62.393233473,9.35002159963e-06,0.000785468004544,0.971903107383,0.000763398794367
e0_diagonal,cosine_6,126,62.3942000045,62.3932301091,5.98610540692e-06,0.000969895492851,0.971001347397,0.000941769830393
e0_diagonal,cosine_6,128,62.3943570762,62.3932277299,3.60691957724e-06,0.0011293463744,0.970085920862,0.00109556301758
e0_diagonal,cosine_6,130,62.3944860595,62.3932262848,2.16184193391e-06,0.00125977471403,0.969156863464,0.00122091931052
e0_diagonal,cosine_6,132,62.3945837903,62.3932256876,1.56465742407e-06,0.00135810264854,0.968214211408,0.00131493428486
e0_diagonal,cosine_6,134,62.3946480676,62.393225817,1.69404680861e-06,0.00142225058072,0.96725800141,0.00137568325421
e0_diagonal,cosine_6,136,62.3946775753,62.3932265194,2.396429295e-06,0.0014510558715,0.966288270703,0.00140213826876
e0_diagonal,cosine_6,138,62.3946718468,62.3932276117,3.48877579626e-06,0.00144423511765,0.965305057028,0.00139412746261
e0_diagonal,cosine_6,140,62.3946312573,62.3932288845,4.76159456753e-06,0.00140237278186,0.964308398633,0.00135231985156
e0_diagonal,cosine_6,142,62.3945569695,62.393230107,5.98403701701e-06,0.00132686251535,0.963298334274,0.00127816445085
e0_diagonal,cosine_6,144,62.3944508468,62.3932310337,6.91075045012e-06,0.00121981314135,0.962274903211,0.00117379557253
e0_diagonal,cosine_6,146,62.3943154239,62.3932314137,7.2907966171e-06,0.0010840101256,0.961238145205,0.00104199188251
e0_diagonal,cosine_6,148,62.3941539173,62.3932310013,6.87831174417e-06,0.000922916009046,0.960188100514,0.000886172969659
e0_diagonal,cosine_6,150,62.3939702676,62.3932295658,5.44289918025e-06,0.000740701773488,0.959124809897,0.000710425447687
e0_diagonal,cosine_6,152,62.393769078,62.3932269033,2.78036145573e-06,0.000542174737248,0.958048314604,0.000519429593242
e0_diagonal,cosine_6,154,62.3935555018,62.3932228467,-1.27625099822e-06,0.000332655111023,0.956958656381,0.000318337188083
e0_diagonal,cosine_6,156,62.3933351715,62.3932172762,-6.84676001583e-06,0.000117895340978,0.955855877459,0.000112690954599
e0_diagonal,cosine_6,158,62.3931140338,62.3932101277,-1.39952848173e-05,-9.60938677892e-05,0.954740020562,-9.17446613089e-05
e0_diagonal,cosine_6,160,62.3928981857,62.3932013993,-2.2723697704e-05,-0.000303213568607,0.953611128894,-0.000289147833455
e0_diagonal,cosine_6,162,62.3926936699,62.3931911552,-3.29677576048e-05,-0.000497485261974,0.952469246145,-0.000473839412441
e0_diagonal,cosine_6,164,62.3925062045,62.393179527,-4.459598496e-05,-0.000673322441756,0.951314416484,-0.000640541345784
e0_diagonal,cosine_6,166,62.3923409898,62.3931667116,-5.74113304026e-05,-0.000825721832378,0.950146684556,-0.000784556861399
e0_diagonal,cosine_6,168,62.3922025007,62.393152968,-7.11549393202e-05,-0.000950467323833,0.948966095483,-0.000901961265181
e0_diagonal,cosine_6,170,62.3920942767,62.3931386103,-8.55126933388e-05,-0.00104433352586,0.947772694859,-0.000989790800137
e0_diagonal,cosine_6,172,62.392018869,62.3931239969,-0.000100126083126,-0.00110512785135,0.946566528747,-0.00104607703408
e0_diagonal,cosine_6,174,62.3919777511,62.3931095175,-0.000114605491653,-0.00113176632303,0.945347643678,-0.00106991262667
e0_diagonal,cosine_6,176,62.3919712006,62.3930955789,-0.000128544070584,-0.00112437824232,0.944116086646,-0.00106154358605
e0_diagonal,cosine_6,178,62.3919983963,62.393082591,-0.000141531952053,-0.00108419469088,0.94287190511,-0.0010222567137
e0_diagonal,cosine_6,180,62.3920574958,62.3930709531,-0.000153169802715,-0.00101345737131,0.941615146984,-0.000954286811652
e0_diagonal,cosine_6,182,62.3921457317,62.3930610406,-0.000163082366328,-0.000915308842622,0.940345860642,-0.000860706881368
e0_diagonal,cosine_6,184,62.3922595943,62.3930531913,-0.000170931614306,-0.000793597009462,0.939064094909,-0.000745238457413
e0_diagonal,cosine_6,186,62.3923950055,62.3930476955,-0.000176427418928,-0.000652690004678,0.937769899062,-0.000612073039806
e0_diagonal,cosine_6,188,62.3925475259,62.3930447864,-0.000179336580686,-0.0004972604833,0.936463322827,-0.000465666204502
e0_diagonal,cosine_6,190,62.3927125376,62.3930446316,-0.000179491372478,-0.000332094024515,0.935144416374,-0.000310555872736
e0_diagonal,cosine_6,192,62.3928853799,62.3930473273,-0.000176795695907,-0.00016194738761,0.933813230314,-0.000151228613165
e0_diagonal,cosine_6,194,62.3930614772,62.3930528953,-0.000171227626346,8.58183629049e-06,0.932469815701,8.00230330417e-06
e0_diagonal,cosine_6,196,62.3932364464,62.393061283,-0.000162839904419,0.000175163312946,0.931114224023,0.000163097052211
e0_diagonal,cosine_6,198,62.3934061677,62.3930723644,-0.000151758568173,0.000333803362743,0.929746507203,0.000310352510603
e0_diagonal,cosine_6,200,62.3935668388,62.3930859435,-0.000138179460933,0.000480895274876,0.928366717593,0.000446447167843
e0_diagonal,cosine_6,202,62.3937149813,62.3931017601,-0.000122362836819,0.00061322123657,0.926974907974,0.000568440699337
e0_diagonal,cosine_6,204,62.3938474588,62.3931194976,-0.000104625332014,0.000727961138026,0.925571131552,0.000673779814248
e0_diagonal,cosine_6,206,62.3939614883,62.3931387934,-8.53295406671e-05,0.000822694938854,0.924155441955,0.000760298004811
e0_diagonal,cosine_6,208,62.3940546227,62.39315925,-6.48729041401e-05,0.000895372689719,0.922727893228,0.000826185355638
e0_diagonal,cosine_6,210,62.3941247701,62.3931804469,-4.36760933837e-05,0.000944323274709,0.921288539833,0.000869994210887
e0_diagonal,cosine_6,212,62.3941702622,62.3932019524,-2.21705514747e-05,0.000968309828906,0.919837436645,0.000890687630899
e0_diagonal,cosine_6,214,62.3941898762,62.3932233367,-7.8620899302e-07,0.000966539457707,0.918374638947,0.0008876453255
e0_diagonal,cosine_6,216,62.394182855,62.3932441828,2.00598928259e-05,0.000938672162533,0.91690020243,0.000860668695842
e0_diagonal,cosine_6,218,62.3941490103,62.3932640979,3.9974983558e-05,0.000884912377529,0.915414183186,0.000810061341267
e0_diagonal,cosine_6,220,62.394088779,62.3932827247,5.86017276518e-05,0.000806054316662,0.91391663771,0.000736666450895
e0_diagonal,cosine_6,222,62.3940032715,62.3932997501,7.56271706024e-05,0.000703521403608,0.912407622891,0.000641898291519
e0_diagonal,cosine_6,224,62.3938943424,62.393314912,9.07890183584e-05,0.000579430386651,0.910887196013,0.000527795720181
e0_diagonal,cosine_6,226,62.3937646029,62.3933280034,0.000103880462937,0.000436599517904,0.909355414751,0.000397024135684
e0_diagonal,cosine_6,228,62.3936173795,62.3933388768,0.000114753801242,0.000278502730438,0.907812337166,0.000252828214626
e0_diagonal,cosine_6,230,62.3934566532,62.393347445,0.000123322033595,0.00010920824311,0.906258021703,9.89708463545e-05
e0_diagonal,cosine_6,232,62.393286978,62.3933536818,0.00012955886956,-6.67038396713e-05,0.904692527188,-6.03464652854e-05
e0_diagonal,cosine_6,234,62.3931133402,62.3933576203,0.000133497379451,-0.000244280118267,0.903115912824,-0.000220613261993
e0_diagonal,cosine_6,236,62.3929410012,62.39335935,0.000135227072661,-0.000418348871982,0.901528238189,-0.000377153321506
e0_diagonal,cosine_6,238,62.3927753129,62.3933590123,0.000134889387752,-0.000583699483251,0.899929563231,-0.00052528842102
e0_diagonal,cosine_6,240,62.3926214938,62.3933567945,0.000132671517022,-0.000735300632726,0.898319948263,-0.000660535226349
e0_diagonal,cosine_6,242,62.3924844106,62.3933529223,0.000128799315775,-0.00086851167039,0.896699453966,-0.000778793940602
e0_diagonal,cosine_6,244,62.3923683952,62.3933476529,0.000123529977131,-0.000979257739125,0.895068141378,-0.000876502404488
e0_diagonal,cosine_6,246,62.3922770554,62.3933412668,0.000117143811451,-0.00106421133111,0.893426071895,-0.000950794149222
e0_diagonal,cosine_6,248,62.3922131009,62.3933340578,0.00010993484851,-0.00112095690772,0.891773307269,-0.000999639448903
e0_diagonal,cosine_6,250,62.3921782547,62.3933263241,0.000102201177754,-0.00114806943886,0.890109909599,-0.00102190798444
e0_diagonal,cosine_6,252,62.3921731986,62.3933183583,9.42353482003e-05,-0.00114515974002,0.888435941331,-0.0010174010716
e0_diagonal,cosine_6,254,62.3921975324,62.393310438,8.63150197858e-05,-0.00111290560675,0.886751465255,-0.000986870677473
e0_diagonal,cosine_6,256,62.3922498062,62.3933028173,7.86943424984e-05,-0.0010530110815,0.885056544502,-0.000931974349111
e0_diagonal,cosine_6,258,62.3923276059,62.3932957191,7.15961209181e-05,-0.000968113215251,0.883351242537,-0.000855184011609
e0_diagonal,cosine_6,260,62.3924276952,62.3932893281,6.52051247982e-05,-0.000861632908453,0.881635623159,-0.000759646266178
e0_diagonal,cosine_6,262,62.3925461952,62.393283786,5.96630608598e-05,-0.000737590767088,0.879909750494,-0.000649013307835
e0_diagonal,cosine_6,264,62.39267878,62.3932791882,5.50652245863e-05,-0.000600408188191,0.878173688995,-0.000527262673527
e0_diagonal,cosine_6,266,62.3928209055,62.3932755818,5.14588877536e-05,-0.00045467631125,0.876427503438,-0.000398490824341
e0_diagonal,cosine_6,268,62.3929680409,62.393272966,4.88430612364e-05,-0.000304925125413,0.874671258915,-0.00026670924332
e0_diagonal,cosine_6,270,62.3931158858,62.3932712925,4.71695435635e-05,-0.000155406695271,0.872905020835,-0.000135655284573
e0_diagonal,cosine_6,272,62.3932605752,62.3932704686,4.63456708104e-05,-9.89339783786e-06,0.871128854914,-8.61842432971e-06
e0_diagonal,cosine_6,274,62.3933988106,62.3932703611,4.62381870037e-05,0.000128449508864,0.869342827181,0.000111666659186
e0_diagonal,cosine_6,276,62.393527891,62.3932708012,4.66782307313e-05,0.000257089850301,0.867547003964,0.000223037529378
e0_diagonal,cosine_6,278,62.3936457141,62.3932715911,4.74681387175e-05,0.000374122965042,0.865741451894,0.000323893758942
e0_diagonal,cosine_6,280,62.3937507185,62.3932725125,4.83895438208e-05,0.000478206025065,0.863926237895,0.000413134732173
e0_diagonal,cosine_6,282,62.3938417483,62.3932733353,4.92123312839e-05,0.000568413011287,0.862101429188,0.000490029669399
e0_diagonal,cosine_6,284,62.3939179391,62.3932738276,4.97046366874e-05,0.000644111478586,0.860267093279,0.000554107909431
e0_diagonal,cosine_6,286,62.3939785835,62.3932737663,4.96433376327e-05,0.000704817259432,0.858423297962,0.000605031556303
e0_diagonal,cosine_6,288,62.3940230035,62.3932729468,4.88238099692e-05,0.000750056731029,0.856570111311,0.000642476177587
e0_diagonal,cosine_6,290,62.394050531,62.3932711913,4.70683735045e-05,0.0007793396734,0.854707601678,0.000666107543144
e0_diagonal,cosine_6,292,62.3940605151,62.3932683566,4.42336179276e-05,0.000792158535631,0.852835837687,0.000675581188316
e0_diagonal,cosine_6,294,62.3940522987,62.3932643391,4.02161093689e-05,0.000787959603159,0.850954888237,0.000670518076041
e0_diagonal,cosine_6,296,62.3940252752,62.393259079,3.49560969823e-05,0.000766196122861,0.849064822487,0.000650550175047
e0_diagonal,cosine_6,298,62.3939789872,62.3932525627,2.84397238062e-05,0.000726424529674,0.847165709864,0.000615401952344
e0_diagonal,cosine_6,300,62.3939131902,62.393244822,2.06990172416e-05,0.000668368203165,0.845257620051,0.000564943316725
e0_diagonal,cosine_6,302,62.3938279496,62.3932359328,1.18098056134e-05,0.000592016861248,0.843340622985,0.000499271868582
e0_diagonal,cosine_6,304,62.3937237842,62.3932260113,1.88836612125e-06,0.000497772843673,0.841414788857,0.000418833432158
e0_diagonal,cosine_6,306,62.3936018192,62.3932152104,-8.91253869639e-06,0.000386608817088,0.839480188102,0.000324550442491
e0_diagonal,cosine_6,308,62.3934639288,62.3932037147,-2.0408216443e-05,0.000260214045632,0.837536891401,0.000217938862877
e0_diagonal,cosine_6,310,62.3933129002,62.393191735,-3.23879494033e-05,0.000121165221017,0.835584969673,0.000101243837529
e0_diagonal,cosine_6,312,62.3931525353,62.3931795013,-4.46216897814e-05,-2.69659801404e-05,0.833624494072,-2.24795015517e-05
e0_diagonal,cosine_6,314,62.3929876169,62.3931672565,-5.68664749778e-05,-0.000179639610081,0.831655535985,-0.000149398276206
e0_diagonal,cosine_6,316,62.392823763,62.3931552503,-6.88726366889e-05,-0.000331487337988,0.829678167026,-0.000275027806974
e0_diagonal,cosine_6,318,62.3926671543,62.3931437324,-8.03905728759e-05,-0.000476578046261,0.827692459033,-0.000394460055031
e0_diagonal,cosine_6,320,62.3925242155,62.3931329447,-9.11782227746e-05,-0.000608729180705,0.825698484064,-0.000502626761714
e0_diagonal,cosine_6,322,62.3924012495,62.3931231155,-0.000101007447242,-0.000721866024264,0.823696314394,-0.000594598383673
e0_diagonal,cosine_6,324,62.3923039281,62.3931144543,-0.000109668605731,-0.000810526238155,0.821686022507,-0.000665998080767
e0_diagonal,cosine_6,326,62.3922369267,62.3931071471,-0.000116975818045,-0.000870220384115,0.819667681099,-0.000713291524293
e0_diagonal,cosine_6,328,62.3922036971,62.3931013501,-0.000122772887813,-0.000897652962102,0.817641363068,-0.000733958191495
e0_diagonal,cosine_6,330,62.3922061937,62.3930971854,-0.00012693750012,-0.000890991723729,0.815607141512,-0.000726699212902
e0_diagonal,cosine_6,332,62.3922447473,62.3930947397,-0.000129383286122,-0.000849992351831,0.813565089726,-0.000691524103985
e0_diagonal,cosine_6,334,62.3923181397,62.3930940631,-0.000130059880902,-0.000775923347547,0.811515281198,-0.000629673653573
e0_diagonal,cosine_6,336,62.3924237474,62.3930951713,-0.00012895163055,-0.000671423888868,0.809457789603,-0.00054348929697
e0_diagonal,cosine_6,338,62.3925577714,62.3930980472,-0.000126075780173,-0.000540275729932,0.807392688801,-0.000436214674284
e0_diagonal,cosine_6,340,62.3927154993,62.3931026431,-0.000121479859999,-0.000387143814933,0.805320052831,-0.000311774677495
e0_diagonal,cosine_6,342,62.3928915467,62.3931088846,-0.000115238322515,-0.000217337941542,0.803239955911,-0.000174574518582
e0_diagonal,cosine_6,344,62.3930800777,62.3931166743,-0.000107448674655,-3.65965938514e-05,0.801152472429,-2.93194516465e-05
e0_diagonal,cosine_6,346,62.3932750381,62.3931258958,-9.82271347638e-05,0.000149142243622,0.799057676942,0.000119173254722
e0_diagonal,cosine_6,348,62.3934703123,62.3931364189,-8.77040275782e-05,0.0003338933289,0.796955644172,0.000266098173018
e0_diagonal,cosine_6,350,62.3936598745,62.3931481029,-7.60200780121e-05,0.000511771615891,0.794846449001,0.00040677985159
e0_diagonal,cosine_6,352,62.393838073,62.3931607988,-6.33241392478e-05,0.000677274215789,0.792730166466,0.000536895701826
e0_diagonal,cosine_6,354,62.3939997671,62.3931743508,-4.97721743642e-05,0.000825416277138,0.790606871758,0.000652579780766
e0_diagonal,cosine_6,356,62.3941404591,62.3931885964,-3.55265487073e-05,0.000951862736891,0.788476640216,0.00075052153273
e0_diagonal,cosine_6,358,62.394256476,62.393203369,-2.07539120964e-05,0.0010531069583,0.786339547322,0.000828099648867
e0_diagonal,cosine_6,360,62.3943451352,62.3932185008,-5.62216695243e-06,0.00112663445675,0.784195668699,0.000883501861187
e0_diagonal,cosine_6,362,62.3944049024,62.393233824,9.70109461207e-06,0.00117107840137,0.782045080106,0.000915836102209
e0_diagonal,cosine_6,364,62.3944354192,62.393249171,2.50480541268e-05,0.0011862482119,0.779887857434,0.000925140576364
e0_diagonal,cosine_6,366,62.3944373619,62.393264373,4.02500794294e-05,0.0011729888913,0.777724076702,0.000912261702467
e0_diagonal,cosine_6,368,62.394412285,62.3932792615,5.51385345204e-05,0.00113302347641,0.775553814054,0.000878720678545
e0_diagonal,cosine_6,370,62.3943624394,62.3932936679,6.95449013506e-05,0.00106877151811,0.773377145752,0.000826563466134
e0_diagonal,cosine_6,372,62.394290493,62.3933074235,8.33005139569e-05,0.000983069542379,0.771194148175,0.000758137478331
e0_diagonal,cosine_6,374,62.3941992488,62.3933203595,9.62365065931e-05,0.000878889314301,0.769004897814,0.000675870187333
e0_diagonal,cosine_6,376,62.3940915991,62.3933323076,0.000108184698064,0.000759291427897,0.766809471267,0.000582231858364
e0_diagonal,cosine_6,378,62.3939703722,62.3933431032,0.000118980279254,0.00062726897562,0.764607945237,0.00047961484256
e0_diagonal,cosine_6,380,62.3938382842,62.3933525871,0.000128464139138,0.000485697127189,0.762400396526,0.000370295682361
e0_diagonal,cosine_6,382,62.3936980836,62.3933606089,0.000136485983845,0.000337474666409,0.76018690203,0.000256543821171
e0_diagonal,cosine_6,384,62.3935525026,62.3933670316,0.000142908672679,0.00018547100202,0.75796753874,0.000140580998909
e0_diagonal,cosine_6,386,62.3934042401,62.3933717347,0.000147611790055,3.25053381545e-05,0.755742383731,2.45656617408e-05
e0_diagonal,cosine_6,388,62.3932559631,62.3933746192,0.000150496213635,-0.000118656046382,0.753511514164,-8.94086971741e-05
e0_diagonal,cosine_6,390,62.3931103459,62.3933756119,0.000151488903356,-0.000265265945316,0.751275007278,-0.000199287674998
e0_diagonal,cosine_6,392,62.3929700318,62.3933746679,0.000150544995378,-0.00040463617372,0.749032940387,-0.000303085822988
e0_diagonal,cosine_6,394,62.3928375967,62.3933717718,0.000147648854181,-0.000534175053993,0.746785390878,-0.000398914126493
e0_diagonal,cosine_6,396,62.3927155674,62.3933669387,0.00014281571778,-0.000651371249148,0.744532436203,-0.000484967023001
e0_diagonal,cosine_6,398,62.3926063095,62.3933602157,0.000136092786306,-0.000753906216708,0.742274153881,-0.000559605099112
e0_diagonal,cosine_6,400,62.3925120404,62.3933516828,0.000127559898687,-0.000839642430989,0.740010621484,-0.000621344317181
e0_diagonal,cosine_6,402,62.3924347043,62.3933414517,0.000117328775147,-0.000906747435621,0.737741916646,-0.000668945591069
e0_diagonal,cosine_6,404,62.3923758483,62.3933296637,0.000105540797307,-0.000953815445428,0.735468117046,-0.000701500849658
e0_diagonal,cosine_6,406,62.3923366611,62.3933164884,9.23654086762e-05,-0.00097982730415,0.733189300414,-0.000718398895656
e0_diagonal,cosine_6,408,62.3923179046,62.393302121,7.79980019772e-05,-0.000984216342935,0.730905544522,-0.000719369182061
e0_diagonal,cosine_6,410,62.3923198461,62.3932867787,6.265578957e-05,-0.000966932590607,0.72861692718,-0.000704523452959
e0_diagonal,cosine_6,412,62.3923423335,62.3932706957,4.6572757995e-05,-0.000928362199318,0.726323526234,-0.00067429130623
e0_diagonal,cosine_6,414,62.3923848582,62.3932541184,2.99954060665e-05,-0.000869260163498,0.724025419559,-0.000629366454583
e0_diagonal,cosine_6,416,62.3924465228,62.3932373011,1.31781883539e-05,-0.00079077831866,0.72172268506,-0.000570722651431
e0_diagonal,cosine_6,418,62.3925259909,62.3932205004,-3.62254110087e-06,-0.000694509535407,0.719415400663,-0.000499640855679
e0_diagonal,cosine_6,420,62.3926214286,62.3932039686,-2.0154369814e-05,-0.000582539961208,0.717103644312,-0.00041774152914
e0_diagonal,cosine_6,422,62.3927303668,62.3931879488,-3.61741908605e-05,-0.000457581951729,0.714787493968,-0.000327073856561
e0_diagonal,cosine_6,424,62.3928496335,62.3931726692,-5.1453743481e-05,-0.000323035683877,0.7124670276,-0.000230152273501
e0_diagonal,cosine_6,426,62.3929754202,62.3931583384,-6.57845505287e-05,-0.000182918225917,0.710142323187,-0.000129897973906
e0_diagonal,cosine_6,428,62.3931033474,62.3931451408,-7.89821438474e-05,-4.17934461012e-05,0.707813458708,-2.95819636362e-05
e0_diagonal,cosine_6,430,62.3932286534,62.3931332325,-9.08904927286e-05,9.5420904529e-05,0.705480512144,6.73175885963e-05
e0_diagonal,cosine_6,432,62.3933465307,62.3931227377,-0.000101385266333,0.000223793039034,0.703143561467,0.000157358634498
e0_diagonal,cosine_6,434,62.3934524339,62.3931137473,-0.000110375638485,0.000338686609147,0.700802684643,0.000237352484943
e0_diagonal,cosine_6,436,62.3935423684,62.393106317,-0.00011780591911,0.000436051344884,0.698457959625,0.00030456353264
e0_diagonal,cosine_6,438,62.3936131688,62.3931004675,-0.000123655406277,0.000512701290184,0.696109464346,0.000356896220479
e0_diagonal,cosine_6,440,62.393662697,62.3930961866,-0.000127936301467,0.000566510387131,0.69375727672,0.00039302070341
e0_diagonal,cosine_6,442,62.3936899326,62.3930934297,-0.000130693279964,0.00059650293688,0.691401474638,0.000412423010184
e0_diagonal,cosine_6,444,62.3936949511,62.3930921187,-0.000132004250261,0.000602832429045,0.689042135958,0.000415376944534
e0_diagonal,cosine_6,446,62.3936787494,62.3930921445,-0.000131978422985,0.000586604919839,0.686679338508,0.000402809478321
e0_diagonal,cosine_6,448,62.3936429903,62.393093371,-0.000130751997631,0.000549619331153,0.68431316008,0.000376111741342
e0_diagonal,cosine_6,450,62.3935898111,62.3930956399,-0.000128483076736,0.000494171261899,0.681943678423,0.00033699696811
e0_diagonal,cosine_6,452,62.3935215953,62.3930987773,-0.000125345639219,0.000422817996792,0.679570971242,0.000287334836739
e0_diagonal,cosine_6,454,62.3934408219,62.3931026004,-0.000121522506376,0.000338221495355,0.677195116196,0.000229041944847
e0_diagonal,cosine_6,456,62.3933499679,62.3931069254,-0.000117197573523,0.000243042537342,0.674816190888,0.000164009039273
e0_diagonal,cosine_6,458,62.3932513761,62.3931115755,-0.000112547476192,0.000139800630237,0.672434272868,9.40067351397e-05
e0_diagonal,cosine_6,460,62.3931472566,62.3931163897,-0.000107733275399,3.08669693538e-05,0.670049439625,2.06823955185e-05
e0_diagonal,cosine_6,462,62.3930397873,62.3931212301,-0.000102892854514,-8.14428409228e-05,0.667661768583,-5.43762712089e-05
e0_diagonal,cosine_6,464,62.3929311736,62.3931259886,-9.81343897735e-05,-0.000194814978116,0.665271337099,-0.000129604820978
e0_diagonal,cosine_6,466,62.392823769,62.3931305916,-9.35313720518e-05,-0.000306822572703,0.66287822246,-0.000203386001604
e0_diagonal,cosine_6,468,62.392720141,62.3931350035,-8.91194164154e-05,-0.000414862515413,0.660482501876,-0.000274009432114
e0_diagonal,cosine_6,470,62.3926230934,62.393139228,-8.48949665624e-05,-0.000516134629862,0.658084252477,-0.00033966007207
e0_diagonal,cosine_6,472,62.3925356495,62.3931433073,-8.08156623791e-05,-0.000607657790006,0.655683551312,-0.000398431217734
e0_diagonal,cosine_6,474,62.3924609567,62.3931473212,-7.68017730479e-05,-0.000686364511083,0.653280475342,-0.000448388534058
e0_diagonal,cosine_6,476,62.3924021014,62.3931513829,-7.27400827074e-05,-0.000749281453885,0.650875101438,-0.000487688642303
e0_diagonal,cosine_6,478,62.39236192,62.3931556339,-6.84890862033e-05,-0.000793713838561,0.648467506377,-0.000514697633668
e0_diagonal,cosine_6,480,62.3923428526,62.3931602386,-6.38843167309e-05,-0.000817386015072,0.646057766836,-0.00052807858354
e0_diagonal,cosine_6,482,62.3923467573,62.393165377,-5.8745970037e-05,-0.000818619719368,0.643645959393,-0.00052690127465
e0_diagonal,cosine_6,484,62.3923747554,62.3931712342,-5.28887082183e-05,-0.000796478809576,0.641232160518,-0.000510727827872
e0_diagonal,cosine_6,486,62.3924271948,62.3931779919,-4.61310359938e-05,-0.000750797096693,0.638816446574,-0.000479621533407
e0_diagonal,cosine_6,488,62.3925036182,62.3931858183,-3.83046190962e-05,-0.000682200151459,0.636398893809,-0.000434151421745
e0_diagonal,cosine_6,490,62.392602789,62.3931948578,-2.92651432972e-05,-0.000592068820666,0.633979578356,-0.000375359541284
e0_diagonal,cosine_6,492,62.3927228469,62.3932052194,-1.89035839782e-05,-0.000482372419242,0.631558576227,-0.000304646438308
e0_diagonal,cosine_6,494,62.3928612283,62.3932169686,-7.1543307314e-06,-0.000355740337497,0.629135963309,-0.000223809039919
e0_diagonal,cosine_6,496,62.3930147014,62.3932301236,6.00061603961e-06,-0.000215422178755,0.626711815363,-0.000135007624717
e0_diagonal,cosine_6,498,62.3931795084,62.3932446519,2.05289549484e-05,-6.51435213186e-05,0.624286208019,-4.0668201901e-05
e0_diagonal,cosine_6,500,62.3933513359,62.3932604693,3.63463141184e-05,9.08666253423e-05,0.621859216769,5.65062484658e-05
e0_diagonal,cosine_6,502,62.3935255494,62.3932774403,5.33173926272e-05,0.000248109063563,0.619430916971,0.000153686424751
e0_diagonal,cosine_6,504,62.3936973812,62.3932953816,7.12586114346e-05,0.000401999635237,0.617001383837,0.000248034331243
e0_diagonal,cosine_6,506,62.3938620206,62.3933140637,8.99407824022e-05,0.000547956896447,0.614570692437,0.000336758249275
e0_diagonal,cosine_6,508,62.3940147832,62.3933332167,0.000109093707337,0.000681566512611,0.612138917688,0.000417213387362
e0_diagonal,cosine_6,510,62.3941512377,62.3933525372,0.000128414202379,0.000798700581228,0.609706134357,0.00048697264389
e0_diagonal,cosine_6,512,62.3942673391,62.3933716989,0.00014757594483,0.000895640176289,0.607272417055,0.000543897574666
e0_diagonal,cosine_6,514,62.3943595896,62.3933903604,0.000166237480471,0.000969229180669,0.60483784023,0.000586226484323
e0_diagonal,cosine_6,516,62.3944251183,62.3934081726,0.000184049671212,0.00101694565503,0.60240247817,0.000612610582755
e0_diagonal,cosine_6,518,62.3944617779,62.3934247886,0.000200665610137,0.00103698935421,0.599966404995,0.000622158774865
e0_diagonal,cosine_6,520,62.3944683239,62.3934398742,0.00021575123035,0.00102844968128,0.597529694656,0.000614529224023
e0_diagonal,cosine_6,522,62.3944445714,62.3934531178,0.000228994801233,0.000991453653313,0.595092420927,0.000590006554787
e0_diagonal,cosine_6,524,62.3943915399,62.3934642383,0.000240115377466,0.000927301538177,0.592654657409,0.000549569575423
e0_diagonal,cosine_6,526,62.3943115877,62.3934729923,0.00024886934392,0.000838595407586,0.59021647752,0.00049495282753
e0_diagonal,cosine_6,528,62.3942083207,62.3934791779,0.000255054913424,0.000729142856848,0.587777954496,0.000428574096933
e0_diagonal,cosine_6,530,62.3940863688,62.3934826385,0.000258515579972,0.000603730263812,0.585339161383,0.000353386966321
e0_diagonal,cosine_6,532,62.3939510801,62.3934832659,0.000259142970023,0.000467814209316,0.582900171039,0.000272688982624
e0_diagonal,cosine_6,534,62.3938081286,62.3934810014,0.000256878456241,0.00032712717389,0.580461056126,0.000189884584843
e0_diagonal,cosine_6,536,62.3936630977,62.3934758361,0.000251713158782,0.000187261606385,0.578021889111,0.000108241307481
e0_diagonal,cosine_6,538,62.3935210578,62.3934678098,0.000243686846872,5.32480134368e-05,0.575582742259,3.06486375938e-05
e0_diagonal,cosine_6,540,62.3933864017,62.3934570104,0.000232887480145,-7.06087260909e-05,0.573143687631,-4.04689456507e-05
e0_diagonal,cosine_6,542,62.3932626784,62.3934435722,0.000219449243879,-0.00018089382413,0.570704797082,-0.000103236973193
e0_diagonal,cosine_6,544,62.3931526062,62.3934276715,0.000203548588907,-0.000275065366182,0.568266142255,-0.000156310334508
e0_diagonal,cosine_6,546,62.3930580609,62.3934095229,0.000185399944058,-0.000351462003479,0.56582779458,-0.000198866970307
e0_diagonal,cosine_6,548,62.3929800827,62.3933893745,0.000165251550378,-0.000409291789275,0.563389825272,-0.000230590829645
e0_diagonal,cosine_6,550,62.3929190384,62.3933675048,0.000143381891249,-0.000448466438073,0.560952305324,-0.000251568282297
e0_diagonal,cosine_6,552,62.3928746998,62.3933442163,0.000120093308055,-0.00046951640843,0.558515305506,-0.000262232100294
e0_diagonal,cosine_6,554,62.3928462863,62.3933198249,9.57019263694e-05,-0.000473538588565,0.556078896362,-0.000263324815714
e0_diagonal,cosine_6,556,62.3928325353,62.3932946528,7.05298777888e-05,-0.000462117546491,0.553643148207,-0.000255848213281
e0_diagonal,cosine_6,558,62.3928318393,62.393269023,4.49000115452e-05,-0.000437183709224,0.551208131124,-0.000240979215319
e0_diagonal,cosine_6,560,62.3928423213,62.3932432521,1.91291737366e-05,-0.000400930872409,0.548773914959,-0.00022002040448
e0_diagonal,cosine_6,562,62.3928619568,62.3932176443,-6.4786184879e-06,-0.000355687573091,0.546340569319,-0.000194326551182
e0_diagonal,cosine_6,564,62.3928887605,62.3931924849,-3.16380555105e-05,-0.000303724407381,0.543908163571,-0.00016519818465
e0_diagonal,cosine_6,566,62.3929209154,62.3931680352,-5.60877639089e-05,-0.000247119806701,0.541476766837,-0.000133809633954
e0_diagonal,cosine_6,568,62.3929567838,62.3931445289,-7.95940815976e-05,-0.000187745084958,0.53904644799,-0.000101203321174
e0_diagonal,cosine_6,570,62.3929950219,62.3931221705,-0.00010195245342,-0.000127148591595,0.536617275653,-6.82301308248e-05
e0_diagonal,cosine_6,572,62.393034633,62.3931011349,-0.000122988060106,-6.65019079733e-05,0.534189318196,-3.5524608879e-05
e0_diagonal,cosine_6,574,62.3930748955,62.393081566,-0.000142556958295,-6.67048473701e-06,0.53176264373,-3.54711459872e-06
e0_diagonal,cosine_6,576,62.3931154264,62.3930635766,-0.000160546303171,5.1849791852e-05,0.52933732011,2.74460298672e-05
e0_diagonal,cosine_6,578,62.393156116,62.3930472492,-0.000176873759159,0.000108866828555,0.526913414926,5.7363392406e-05
e0_diagonal,cosine_6,580,62.3931969153,62.3930326359,-0.000191487027685,0.000164279351075,0.524490995504,8.61630403863e-05
e0_diagonal,cosine_6,582,62.3932378098,62.3930197604,-0.000204362569406,0.000218049410606,0.5220701289,0.000113837083901
e0_diagonal,cosine_6,584,62.3932786698,62.3930086191,-0.000215503892683,0.000270050698532,0.519650881901,0.00014033208365
e0_diagonal,cosine_6,586,62.3933190247,62.3929991844,-0.000224938540256,0.000319840283709,0.51723332102,0.000165432052139
e0_diagonal,cosine_6,588,62.3933579705,62.3929914101,-0.000232712801562,0.000366560303064,0.514817512493,0.000188711663402
e0_diagonal,cosine_6,590,62.3933941067,62.3929852366,-0.000238886345095,0.000408870120587,0.512403522276,0.000209506489942
e0_diagonal,cosine_6,592,62.3934255695,62.3929805953,-0.000243527666171,0.000444974186777,0.509991416043,0.000226933015617
e0_diagonal,cosine_6,594,62.3934501128,62.3929774137,-0.000246709246497,0.000472699120166,0.507581259186,0.00023993321463
e0_diagonal,cosine_6,596,62.3934652927,62.3929756204,-0.000248502573655,0.000489672305306,0.505173116805,0.000247369284685
e0_diagonal,cosine_6,598,62.3934687301,62.3929751486,-0.000248974305038,0.000493581433886,0.502767053714,0.000248156483283
e0_diagonal,cosine_6,600,62.3934583046,62.3929759389,-0.000248184010104,0.000482365614701,0.500363134433,0.000241357970914
e0_diagonal,cosine_6,602,62.3934324157,62.3929779416,-0.000246181310303,0.000454474051011,0.497961423184,0.000226310545242
e0_diagonal,cosine_6,604,62.3933902088,62.3929811194,-0.000243003599216,0.000409089463837,0.495561983895,0.000202729186289
e0_diagonal,cosine_6,606,62.3933316519,62.3929854458,-0.000238677171303,0.000346206077012,0.49316488019,0.000170736678491
e0_diagonal,cosine_6,608,62.3932575216,62.3929909045,-0.000233218433102,0.000266617070857,0.490770175394,0.000130847706627
e0_diagonal,cosine_6,610,62.3931693655,62.3929974893,-0.000226633620535,0.000171876180545,0.488377932522,8.39405337044e-05
e0_diagonal,cosine_6,612,62.3930694058,62.3930052031,-0.000218919807523,6.42026547837e-05,0.485988214285,3.12017335507e-05
e0_diagonal,cosine_6,614,62.3929604217,62.3930140546,-0.000210068329146,-5.36329123193e-05,0.483601083079,-2.59369344863e-05
e0_diagonal,cosine_6,616,62.3928456585,62.3930240541,-0.000200068879892,-0.000178395546826,0.481216600991,-8.58468986753e-05
e0_diagonal,cosine_6,618,62.3927286506,62.3930352099,-0.000188913057229,-0.000306559260792,0.47883482979,-0.000146791251462
e0_diagonal,cosine_6,620,62.3926131572,62.3930475256,-0.000176597373894,-0.000434368335014,0.476455830929,-0.000206957325989
e0_diagonal,cosine_6,622,62.3925031214,62.3930609967,-0.000163126287035,-0.000557875232715,0.47407966554,-0.000264477303739
e0_diagonal,cosine_6,624,62.3924025765,62.3930756072,-0.000148515769638,-0.000673030632299,0.471706394431,-0.000317472852904
e0_diagonal,cosine_6,626,62.3923155389,62.3930913272,-0.000132795759484,-0.000775788250884,0.469336078089,-0.000364105415097
e0_diagonal,cosine_6,628,62.3922458444,62.3931081114,-0.000116011588801,-0.000862267000898,0.466968776669,-0.000402651766571
e0_diagonal,cosine_6,630,62.3921969608,62.3931258979,-9.82250564903e-05,-0.000928937140095,0.46460455,-0.000431588421953
e0_diagonal,cosine_6,632,62.3921717467,62.3931446086,-7.95143690624e-05,-0.000972861895164,0.462243457579,-0.000449699046167
e0_diagonal,cosine_6,634,62.392172244,62.3931641501,-5.9972880166e-05,-0.000991906026684,0.459885558567,-0.000456163257128
e0_diagonal,cosine_6,636,62.3921995471,62.3931844155,-3.97074380203e-05,-0.000984868362451,0.457530911792,-0.000450607719867
e0_diagonal,cosine_6,638,62.392253691,62.3932052864,-1.88365796276e-05,-0.000951595389687,0.455179575741,-0.000433146785754
e0_diagonal,cosine_6,640,62.39233362,62.3932266348,2.51185586819e-06,-0.000893014822594,0.452831608562,-0.000404385338585
e0_diagonal,cosine_6,642,62.3924372521,62.3932483264,2.42034768476e-05,-0.000811074361174,0.45048706806,-0.000365378510944
e0_diagonal,cosine_6,644,62.3925616106,62.3932702234,4.61004091648e-05,-0.000708612793829,0.448146011697,-0.000317561997392
e0_diagonal,cosine_6,646,62.392702984,62.3932921864,6.8063474302e-05,-0.0005892024083,0.445808496586,-0.000262671439829
e0_diagonal,cosine_6,648,62.3928571304,62.3933140765,8.99535059986e-05,-0.000456946032322,0.443474579492,-0.000202643949535
e0_diagonal,cosine_6,650,62.393019534,62.3933357549,0.000111631941714,-0.000316220864455,0.44114431683,-0.000139499037218
e0_diagonal,cosine_6,652,62.393185612,62.3933570828,0.000132959808454,-0.000171470762325,0.438817764663,-7.52444166286e-05
e0_diagonal,cosine_6,654,62.3933508988,62.3933779191,0.000153796150485,-2.70203190311e-05,0.436494978698,-1.17942335799e-05
e0_diagonal,cosine_6,656,62.3935112327,62.3933981205,0.000173997581925,0.000113112204772,0.434176014285,4.91106062351e-05
e0_diagonal,cosine_6,658,62.3936628303,62.3934175428,0.000193419867067,0.000245287471976,0.431860926418,0.000105930074886
e0_diagonal,cosine_6,660,62.3938023762,62.3934360429,0.000211919984579,0.000366333250909,0.429549769727,0.000157358363572
e0_diagonal,cosine_6,662,62.3939271384,62.3934534805,0.000229357570895,0.000473657894368,0.427242598485,0.000202366829582
e0_diagonal,cosine_6,664,62.3940349907,62.3934697186,0.00024559562678,0.000565272111224,0.424939466595,0.000240206429425
e0_diagonal,cosine_6,666,62.3941243861,62.393484623,0.000260500090313,0.000639763075263,0.422640427599,0.000270389739691
e0_diagonal,cosine_6,668,62.3941942982,62.3934980617,0.000273938771869,0.000696236446288,0.420345534669,0.000292659881271
e0_diagonal,cosine_6,670,62.394244129,62.3935099035,0.000285780515703,0.000734225559349,0.418054840609,0.000306946549185
e0_diagonal,cosine_6,672,62.394273635,62.3935200179,0.000295894927362,0.000753617171313,0.415768397852,0.00031333020391
e0_diagonal,cosine_6,674,62.3942828871,62.3935282753,0.000304152314413,0.000754611881177,0.413486258456,0.000312021643334
e0_diagonal,cosine_6,676,62.3942722538,62.393534547,0.00031042407624,0.000737706815322,0.411208474107,0.000303351293867
e0_diagonal,cosine_6,678,62.3942423918,62.3935387067,0.000314583703414,0.00070368513402,0.408935096116,0.000287761547916
e0_diagonal,cosine_6,680,62.3941942434,62.3935406309,0.000316507920161,0.000653612569714,0.406666175413,0.000265802123928
e0_diagonal,cosine_6,682,62.39412904,62.3935402018,0.000316078830046,0.000588838221255,0.404401762552,0.000238127214534
e0_diagonal,cosine_6,684,62.3940482834,62.3935373106,0.000313187628386,0.000510972779509,0.402141907706,0.000205483568337
e0_diagonal,cosine_6,686,62.3939537171,62.393531862,0.000307739099583,0.000421855006024,0.399886660663,0.000168694189643
e0_diagonal,cosine_6,688,62.3938473047,62.3935237805,0.000299657516692,0.000323524184807,0.39763607083,0.000128644885665
e0_diagonal,cosine_6,690,62.3937312423,62.3935130161,0.000288893146553,0.000218226169956,0.395390187229,8.62844861972e-05
e0_diagonal,cosine_6,692,62.3936079502,62.3934995507,0.000275427779144,0.000108399488205,0.393149058495,4.26171567292e-05
e0_diagonal,cosine_6,694,62.3934800388,62.3934834027,0.000259279732482,-3.36384726296e-06,0.390912732873,-1.31497072653e-06
e0_diagonal,cosine_6,696,62.393350298,62.3934646315,0.000240508517933,-0.00011433345442,0.388681258222,-4.44392709206e-05
e0_diagonal,cosine_6,698,62.3932216603,62.3934433416,0.000219218614504,-0.000221681280451,0.386454682007,-8.56697687435e-05
e0_diagonal,cosine_6,700,62.3930970996,62.3934196845,0.000195561600307,-0.000322584978548,0.384233051304,-0.000123947810612
e0_diagonal,cosine_6,702,62.3929795841,62.393393859,0.000169736041244,-0.000414274933974,0.382016412795,-0.000158259824187
e0_diagonal,cosine_6,704,62.3928719815,62.3933661085,0.000141985522831,-0.000494126991292,0.379804812765,-0.00018767180941
e0_diagonal,cosine_6,706,62.3927769078,62.3933367184,0.000112595460486,-0.000559810569108,0.377598297106,-0.000211383517597
e0_diagonal,cosine_6,708,62.3926966381,62.3933060116,8.18886791478e-05,-0.000609373569532,0.375396911312,-0.000228756955837
e0_diagonal,cosine_6,710,62.3926329986,62.3932743427,5.02197102108e-05,-0.000641344065613,0.373200700478,-0.000239350054534
e0_diagonal,cosine_6,712,62.3925873073,62.3932420912,1.79682443928e-05,-0.000654783898923,0.371009709302,-0.000242931183995
e0_diagonal,cosine_6,714,62.39256041,62.3932096546,-1.44683517931e-05,-0.00064924458848,0.368823982078,-0.000239456974466
e0_diagonal,cosine_6,716,62.3925526785,62.3931774395,-4.66834787431e-05,-0.000624760945513,0.366643562703,-0.0002290645789
e0_diagonal,cosine_6,718,62.3925640001,62.3931458526,-7.82703204294e-05,-0.000581852510805,0.364468494667,-0.000212066908731
e0_diagonal,cosine_6,720,62.3925938172,62.3931152921,-0.00010883088823,-0.000521474838671,0.362298821058,-0.000188929719262
e0_diagonal,cosine_6,722,62.3926411622,62.3930861384,-0.000137984564574,-0.000444976181981,0.360134584561,-0.000160251312437
e0_diagonal,cosine_6,724,62.3927046726,62.3930587462,-0.000165376793973,-0.000354073597521,0.357975827452,-0.000126749789051
e0_diagonal,cosine_6,726,62.3927826187,62.3930334352,-0.00019068776075,-0.000250816494372,0.355822591604,-8.92461750445e-05
e0_diagonal,cosine_6,728,62.3928729011,62.3930104837,-0.000213639286017,-0.000137582605852,0.35367491848,-4.8659516909e-05
e0_diagonal,cosine_6,730,62.3929730894,62.3929901232,-0.000233999772547,-1.70338189136e-05,0.351532849136,-5.98794689436e-06
e0_diagonal,cosine_6,732,62.3930804748,62.3929725353,-0.000251587621577,0.000107939463348,0.349396424216,3.77136625256e-05
e0_diagonal,cosine_6,734,62.3931921221,62.3929578497,-0.000266273246822,0.000234272426958,0.347265683958,8.13547745802e-05
e0_diagonal,cosine_6,736,62.3933049695,62.3929461428,-0.000277980169756,0.000358826709608,0.345140668187,0.000123845690317
e0_diagonal,cosine_6,738,62.3934158998,62.392937438,-0.000286684940022,0.000478461754362,0.343021416315,0.000164122628634
e0_diagonal,cosine_6,740,62.3935218026,62.3929317073,-0.000292415615505,0.000590095280685,0.340907967344,0.000201168182678
e0_diagonal,cosine_6,742,62.3936196622,62.3929288738,-0.000295249159421,0.0006907884257,0.33880035986,0.000234039367214
e0_diagonal,cosine_6,744,62.3937066359,62.3929288156,-0.000295307299851,0.00077782028994,0.336698632038,0.000261891027594
e0_diagonal,cosine_6,746,62.3937800904,62.3929313722,-0.000292750706265,0.000848718147644,0.334602821637,0.000283983486976
e0_diagonal,cosine_6,748,62.393837673,62.3929363511,-0.000287771831772,0.000901321932055,0.332512966001,0.000299701228949
e0_diagonal,cosine_6,750,62.3938774095,62.3929435365,-0.000280586417603,0.000933872962833,0.330429102058,0.000308578804545
e0_diagonal,cosine_6,752,62.3938977969,62.3929526979,-0.000271425067297,0.00094509903731,0.328351266319,0.000310324465697
e0_diagonal,cosine_6,754,62.3938978778,62.3929635974,-0.000260525550658,0.000934280435544,0.32627949488,0.000304836548585
e0_diagonal,cosine_6,756,62.3938773292,62.3929759973,-0.000248125617404,0.000901331897055,0.324213823417,0.000292224260512
e0_diagonal,cosine_6,758,62.393836513,62.3929896658,-0.000234457175722,0.000846847237888,0.32215428719,0.000272815468281
e0_diagonal,cosine_6,760,62.3937764262,62.3930043808,-0.000219742151955,0.000772045451257,0.32010092104,0.000247132460032
e0_diagonal,cosine_6,762,62.3936987579,62.3930199344,-0.0002041885447,0.000678823529157,0.318053759389,0.00021590237541
e0_diagonal,cosine_6,764,62.3936058459,62.3930361364,-0.000187986573415,0.000569709500844,0.316012836239,0.000180035515194
e0_diagonal,cosine_6,766,62.3935004996,62.3930528168,-0.000171306124244,0.000447682793059,0.313978185173,0.000140562630898
e0_diagonal,cosine_6,768,62.3933859414,62.3930698283,-0.000154294619009,0.000316113021412,0.311949839354,9.86114062474e-05
e0_diagonal,cosine_6,770,62.3932656472,62.3930870477,-0.000137075227187,0.000178599449555,0.309927831526,5.53529401122e-05
e0_diagonal,cosine_6,772,62.3931431264,62.3931043765,-0.00011974640033,3.87498682954e-05,0.307912194008,1.19315569644e-05
e0_diagonal,cosine_6,774,62.3930219211,62.3931217403,-0.000102382645061,-9.98192269961e-05,0.305902958703,-3.05349968736e-05
e0_diagonal,cosine_6,776,62.3929055252,62.3931390866,-8.50363509102e-05,-0.000233561445341,0.30390015709,-7.09793599294e-05
e0_diagonal,cosine_6,778,62.3927973006,62.3931563824,-6.77405561831e-05,-0.000359081810281,0.301903820227,-0.000108408170298
e0_diagonal,cosine_6,780,62.3927005431,62.3931736106,-5.05123501497e-05,-0.000473067510626,0.299913978751,-0.000141879559329
e0_diagonal,cosine_6,782,62.3926183629,62.3931907664,-3.33565872737e-05,-0.000572403481492,0.297930662876,-0.000170536548673
e0_diagonal,cosine_6,784,62.3925535339,62.3932078535,-1.62694051653e-05,-0.000654319608714,0.295953902395,-0.000193648441613
e0_diagonal,cosine_6,786,62.3925084496,62.3932248813,7.58310093829e-07,-0.000716431634302,0.29398372668,-0.000210619241764
e0_diagonal,cosine_6,788,62.3924849121,62.393241859,1.77360216611e-05,-0.00075694685718,0.292020164678,-0.000221043745886
e0_diagonal,cosine_6,790,62.3924839622,62.3932587912,3.46682186176e-05,-0.0007748289445,0.290063244917,-0.000224749397898
e0_diagonal,cosine_6,792,62.3925058564,62.3932756732,5.15502171226e-05,-0.000769816722126,0.288112995501,-0.000221794201798
e0_diagonal,cosine_6,794,62.3925499669,62.393292487,6.83640272712e-05,-0.000742520075363,0.286169444111,-0.000212486557208
e0_diagonal,cosine_6,796,62.3926147284,62.3933091974,8.5074407167e-05,-0.000694468924685,0.284232618009,-0.000197390720589
e0_diagonal,cosine_6,798,62.3926977306,62.3933257493,0.000101626393125,-0.000628018746895,0.282302544031,-0.000177291289947
e0_diagonal,cosine_6,800,62.3927958074,62.393342068,0.000117945092029,-0.000546260662077,0.280379248594,-0.000153160153969
e0_diagonal,cosine_6,802,62.3929052015,62.3933580577,0.000133934735985,-0.000452856135929,0.278462757691,-0.000126103568448
e0_diagonal,cosine_6,804,62.3930217838,62.3933735992,0.000149476239145,-0.00035181534092,0.276553096895,-9.72956220668e-05
e0_diagonal,cosine_6,806,62.3931412627,62.3933885505,0.000164427534301,-0.000247287797762,0.274650291357,-6.79176657044e-05
e0_diagonal,cosine_6,808,62.3932594662,62.3934027503,0.000178627336496,-0.000143284040561,0.272754365805,-3.90813476132e-05
e0_diagonal,cosine_6,810,62.3933725707,62.3934160226,0.000191899699132,-4.34519654746e-05,0.270865344547,-1.17696315995e-05
e0_diagonal,cosine_6,812,62.3934772808,62.3934281812,0.000204058258582,4.90995997566e-05,0.26898325147,1.32069699884e-05
e0_diagonal,cosine_6,814,62.3935709999,62.3934390335,0.000214910563983,0.000131966380366,0.267108110041,3.52492904485e-05
e0_diagonal,cosine_6,816,62.3936518468,62.3934483857,0.000224262783163,0.000203461056543,0.265239943306,5.39659991024e-05
e0_diagonal,cosine_6,818,62.3937185471,62.3934560488,0.000231925820543,0.000262498373779,0.263378773889,6.91364998339e-05
e0_diagonal,cosine_6,820,62.3937703147,62.3934618459,0.000237723000069,0.000308468737956,0.261524623998,8.06721707091e-05
e0_diagonal,cosine_6,822,62.3938067182,62.3934656208,0.000241497801696,0.000341097427487,0.259677515419,8.85753324857e-05
e0_diagonal,cosine_6,824,62.3938275311,62.3934672426,0.00024311966763,0.000360288467334,0.25783746952,9.28958667146e-05
e0_diagonal,cosine_6,826,62.3938326486,62.3934666109,0.000242487936809,0.000366037753508,0.256004507249,9.37073147216e-05
e0_diagonal,cosine_6,828,62.3938220357,62.3934636581,0.000239535163139,0.000358377621673,0.254178649139,9.10919397586e-05
e0_diagonal,cosine_6,830,62.3937956885,62.3934583527,0.00023422971428,0.000337335807167,0.252359915303,8.51300357253e-05
e0_diagonal,cosine_6,832,62.3937537359,62.3934507006,0.000226577648604,0.00030303530319,0.250548325437,7.59249877626e-05
e0_diagonal,cosine_6,834,62.3936965986,62.3934407473,0.000216624319279,0.000255851313327,0.248743898821,6.36414531954e-05
e0_diagonal,cosine_6,836,62.3936251455,62.3934285791,0.000204456114503,0.00019656639229,0.24694665432,4.85414129278e-05
e0_diagonal,cosine_6,838,62.3935409232,62.3934143252,0.000190202233682,0.000126597996044,0.245156610382,3.10363355912e-05
e0_diagonal,cosine_6,840,62.3934462473,62.3933981575,0.000174034569696,4.80898201332e-05,0.24337378504,1.17038015477e-05
e0_diagonal,cosine_6,842,62.3933441735,62.3933802867,0.000156163771578,-3.61132215261e-05,0.241598195915,-8.72488916937e-06
e0_diagonal,cosine_6,844,62.3932383872,62.3933609561,0.000136833159537,-0.000122568953749,0.239829860212,-2.9395695044e-05
e0_diagonal,cosine_6,846,62.3931328994,62.3933404346,0.000116311637179,-0.000207535148355,0.238068794725,-4.94076426321e-05
e0_diagonal,cosine_6,848,62.3930316351,62.3933190081,9.4885118358e-05,-0.000287373015077,0.236315015835,-6.79105586084e-05
e0_diagonal,cosine_6,850,62.3929381382,62.3932969703,7.28473757192e-05,-0.000358832108859,0.234568539512,-8.41707237049e-05
e0_diagonal,cosine_6,852,62.3928553422,62.3932746141,5.0491117193e-05,-0.000419271850447,0.232829381315,-9.76188055422e-05
e0_diagonal,cosine_6,854,62.392785378,62.3932522229,2.80999239308e-05,-0.000466844876804,0.231097556392,-0.000107886710244
e0_diagonal,cosine_6,856,62.3927294926,62.3932300639,5.94094574069e-06,-0.00050057126181,0.229373079486,-0.000114817571824
e0_diagonal,cosine_6,858,62.3926880966,62.3932083812,-1.57417676832e-05,-0.000520284612676,0.227655964927,-0.000118445895536
e0_diagonal,cosine_6,860,62.3926608433,62.3931873916,-3.67313539087e-05,-0.000526548275751,0.225946226641,-0.00011897159605
e0_diagonal,cosine_6,862,62.3926467988,62.3931672836,-5.68393734568e-05,-0.000520484780644,0.224243878145,-0.000116715525727
e0_diagonal,cosine_6,864,62.392644683,62.3931482172,-7.59057675026e-05,-0.00050353418461,0.222548932552,-0.000112060995288
e0_diagonal,cosine_6,866,62.3926529046,62.3931303262,-9.37967725676e-05,-0.00047742157637,0.220861402571,-0.000105443998975
e0_diagonal,cosine_6,868,62.3926696584,62.393113721,-0.000110401958196,-0.000444062572591,0.219181300505,-9.73302121659e-05
e0_diagonal,cosine_6,870,62.3926932276,62.3930984892,-0.000125633726832,-0.000405261602971,0.217508638256,-8.81478993998e-05
e0_diagonal,cosine_6,872,62.3927220837,62.393084696,-0.000139426976915,-0.00036261224956,0.215843427325,-7.82674707351e-05
e0_diagonal,cosine_6,874,62.3927547377,62.3930723874,-0.000151735550077,-0.000317649681122,0.21418567881,-6.80360125748e-05
e0_diagonal,cosine_6,876,62.392789975,62.3930615958,-0.000162527177118,-0.000271620808185,0.21253540341,-5.77290380422e-05
e0_diagonal,cosine_6,878,62.3928270564,62.3930523436,-0.000171779330188,-0.000225287192045,0.210892611428,-4.75114042515e-05
e0_diagonal,cosine_6,880,62.3928657579,62.3930446465,-0.000179476473235,-0.000178888552114,0.209257312765,-3.74337376997e-05
e0_diagonal,cosine_6,882,62.3929063961,62.3930385148,-0.000185608192353,-0.000132118667338,0.207629516929,-2.74317350767e-05
e0_diagonal,cosine_6,884,62.3929496984,62.393033956,-0.000190166941756,-8.42576312508e-05,0.206009233033,-1.73578499911e-05
e0_diagonal,cosine_6,886,62.3929965346,62.3930309764,-0.000193146527039,-3.44418299818e-05,0.204396469792,-7.03978846147e-06
e0_diagonal,cosine_6,888,62.3930476947,62.3930295805,-0.0001945424046,1.81141179354e-05,0.202791235533,3.67338435672e-06
e0_diagonal,cosine_6,890,62.3931036542,62.393029772,-0.00019435091837,7.38821827113e-05,0.201193538189,1.48646177488e-05
e0_diagonal,cosine_6,892,62.3931643421,62.3930315547,-0.000192568249673,0.000132787361082,0.1996033853,2.6504806797e-05
e0_diagonal,cosine_6,894,62.3932292065,62.3930349317,-0.000189191270991,0.000194274840254,0.198020784022,3.84704561828e-05
e0_diagonal,cosine_6,896,62.3932972134,62.3930399034,-0.0001842195827,0.000257310009594,0.196445741118,5.0547455532e-05
e0_diagonal,cosine_6,898,62.3933668301,62.3930464634,-0.000177659592339,0.000320366696982,0.194878262969,6.24325054209e-05
e0_diagonal,cosine_6,900,62.3934362739,62.3930545943,-0.000169528612687,0.000381679564136,0.193318355565,7.37856656916e-05
e0_diagonal,cosine_6,902,62.3935036208,62.3930642652,-0.00015985770699,0.0004393555447,0.191766024518,8.42534661569e-05
e0_diagonal,cosine_6,904,62.3935668154,62.3930754267,-0.000148696235215,0.000491388646566,0.190221275053,9.34725748961e-05
e0_diagonal,cosine_6,906,62.3936238334,62.3930880063,-0.000136116642921,0.000535827106589,0.188684112014,0.0001011020618
e0_diagonal,cosine_6,908,62.3936728044,62.3931019062,-0.000122216762989,0.000570898184378,0.187154539868,0.000106846187009
e0_diagonal,cosine_6,910,62.3937120195,62.3931170023,-0.000107120636514,0.000595017155959,0.1856325627,0.000110454559511
e0_diagonal,cosine_6,912,62.3937399134,62.3931331443,-9.09786245273e-05,0.000606769062543,0.18411818422,0.000111717218036
e0_diagonal,cosine_6,914,62.3937551636,62.3931501569,-7.39660132467e-05,0.000605006639191,0.182611407762,0.000110481114088
e0_diagonal,cosine_6,916,62.3937568066,62.393167844,-5.62789347143e-05,0.000588962559391,0.181112236285,0.000106668326219
e0_diagonal,cosine_6,918,62.3937443125,62.3931859951,-3.81278634194e-05,0.000558317407098,0.179620672376,0.000100285348062
e0_diagonal,cosine_6,920,62.3937177032,62.3932043906,-1.97323332429e-05,0.000513312619404,0.17813671825,9.14398254571e-05
e0_diagonal,cosine_6,922,62.3936777997,62.3932228058,-1.31715070495e-06,0.000454993879409,0.176660375755,8.03793897024e-05
e0_diagonal,cosine_6,924,62.3936263179,62.3932410159,1.68929684463e-05,0.000385302013171,0.175191646367,6.7501694036e-05
e0_diagonal,cosine_6,926,62.3935657592,62.3932588019,3.46789765473e-05,0.000306957255226,0.173730531198,5.33278470057e-05
e0_diagonal,cosine_6,928,62.393499376,62.3932759558,5.18328977535e-05,0.000223420123632,0.172277030996,3.8490155564e-05
e0_diagonal,cosine_6,930,62.3934310087,62.3932922867,6.81637969819e-05,0.000138721929169,0.170831146142,2.36980261549e-05
e0_diagonal,cosine_6,932,62.3933648438,62.3933076252,8.35022577874e-05,5.72185544812e-05,0.169392876658,9.69241554179e-06
e0_diagonal,cosine_6,934,62.3933050073,62.3933218263,9.77033677145e-05,-1.68189836174e-05,0.167962222207,-2.82495386363e-06
e0_diagonal,cosine_6,936,62.3932552074,62.3933347729,0.000110649994738,-7.95655312942e-05,0.16653918209,-1.32507785043e-05
e0_diagonal,cosine_6,938,62.393218406,62.3933463791,0.000122256140216,-0.000127973043263,0.165123755255,-2.1131389475e-05
e0_diagonal,cosine_6,940,62.3931965577,62.3933565916,0.000132468622176,-0.000160033918952,0.163715940293,-2.620010352e-05
e0_diagonal,cosine_6,942,62.3931904585,62.3933653897,0.000141266793008,-0.000174931225402,0.162315735441,-2.83940905028e-05
e0_diagonal,cosine_6,944,62.3931997848,62.3933727831,0.000148660182774,-0.000172998324622,0.160923138587,-2.78394333686e-05
e0_diagonal,cosine_6,946,62.3932233738,62.3933788074,0.000154684487008,-0.000155433676639,0.159538147268,-2.4797600794e-05
e0_diagonal,cosine_6,948,62.3932593765,62.3933835189,0.000159395924783,-0.000124142418102,0.158160758671,-1.96344590303e-05
e0_diagonal,cosine_6,950,62.393305369,62.3933869874,0.000162864455419,-8.16184540042e-05,0.15679096964,-1.27970365439e-05
e0_diagonal,cosine_6,952,62.3933586421,62.393389292,0.000165169020534,-3.06498740628e-05,0.155428776673,-4.76387243076e-06
e0_diagonal,cosine_6,954,62.39341637,62.3933905167,0.000166393771821,2.58532593875e-05,0.154074175925,3.98331963512e-06
e0_diagonal,cosine_6,956,62.3934756647,62.3933907455,0.000166622571939,8.49192047383e-05,0.152727163211,1.29694692419e-05
e0_diagonal,cosine_6,958,62.3935336407,62.3933900564,0.000165933490948,0.000143584216701,0.151387734007,2.17368892056e-05
e0_diagonal,cosine_6,960,62.3935875026,62.3933885181,0.000164395141653,0.000198984469328,0.150055883452,2.98587903383e-05
e0_diagonal,cosine_6,962,62.3936346227,62.393386187,0.000162064021808,0.000248435734534,0.148731606349,3.69502458717e-05
e0_diagonal,cosine_6,964,62.3936725867,62.3933831044,0.0001589814349,0.000289482359889,0.147414897169,4.26740123152e-05
e0_diagonal,cosine_6,966,62.3936992978,62.3933792932,0.000155170262346,0.000320004579393,0.14610575005,4.67545090917e-05
e0_diagonal,cosine_6,968,62.3937130039,62.3933747571,0.000150634184081,0.000338246803182,0.144804158803,4.89795438024e-05
e0_diagonal,cosine_6,970,62.3937123698,62.3933694825,0.000145359513255,0.000342887372192,0.143510116909,4.92078068698e-05
e0_diagonal,cosine_6,972,62.3936965774,62.3933634388,0.000139315841849,0.000333138566873,0.142223617526,4.73801721179e-05
e0_diagonal,cosine_6,974,62.3936653681,62.3933565799,0.000132456982485,0.000308788136422,0.140944653485,4.35220368885e-05
e0_diagonal,cosine_6,976,62.3936191053,62.3933488478,0.000124724836553,0.000270257545949,0.1396732173,3.77477409425e-05
e0_diagonal,cosine_6,978,62.3935588034,62.3933401775,0.000116054576473,0.000218625868683,0.138409301162,3.02598537005e-05
e0_diagonal,cosine_6,980,62.3934861726,62.3933305029,0.000106379931289,0.000155669720392,0.137152896946,2.13505531186e-05
e0_diagonal,cosine_6,982,62.3934035982,62.3933197607,9.56377419143e-05,8.38374728289e-05,0.135903996211,1.13938475897e-05
e0_diagonal,cosine_6,984,62.3933139256,62.3933078956,8.37726479546e-05,6.02998829891e-06,0.134662590203,8.12013843223e-07
e0_diagonal,cosine_6,986,62.3932201912,62.3932948673,7.07443012686e-05,-7.46760069603e-05,0.133428669855,-9.96392027882e-06
e0_diagonal,cosine_6,988,62.3931254144,62.3932806573,5.65343853225e-05,-0.000155242911013,0.132202225794,-2.05234583747e-05
e0_diagonal,cosine_6,990,62.393032343,62.3932652739,4.11509764291e-05,-0.000232930893795,0.130983248337,-3.05100451072e-05
e0_diagonal,cosine_6,992,62.3929433033,62.3932487556,2.46326023401e-05,-0.000305452226634,0.129771727496,-3.96390631179e-05
e0_diagonal,cosine_6,994,62.392860215,62.3932311747,7.05178138105e-06,-0.000370959768439,0.128567652983,-4.76934267792e-05
e0_diagonal,cosine_6,996,62.392784652,62.3932126386,-1.14843778363e-05,-0.000427986544096,0.127371014205,-5.45130801874e-05
e0_diagonal,cosine_6,998,62.3927179036,62.3931932876,-3.08353450293e-05,-0.000475383967526,0.126181800272,-5.99848048431e-05
e0_diagonal,cosine_6,1000,62.3926611026,62.3931732944,-5.082854139e-05,-0.000512191838737,0.125,-6.40239798422e-05
e0_diagonal,cosine_6,1002,62.3926151991,62.3931528619,-7.12610736926e-05,-0.000537662789462,0.123825601907,-6.65764185279e-05
e0_diagonal,cosine_6,1004,62.3925808877,62.3931322202,-9.19027607722e-05,-0.000551332495448,0.122658594219,-6.76256688389e-05
e0_diagonal,cosine_6,1006,62.3925585205,62.3931116233,-0.000112499692634,-0.000553102738721,0.121498964875,-6.72014102239e-05
e0_diagonal,cosine_6,1008,62.3925480134,62.393091346,-0.000132776963078,-0.000543332626229,0.120346701522,-6.53882893962e-05
e0_diagonal,cosine_6,1010,62.3925488213,62.3930716806,-0.000152442336976,-0.000522859319013,0.119201791526,-6.23257675425e-05
e0_diagonal,cosine_6,1012,62.3925599986,62.3930529297,-0.000171193259462,-0.000492931076337,0.118064221966,-5.81975240106e-05
e0_diagonal,cosine_6,1014,62.3925802929,62.3930353988,-0.000188724191979,-0.000455105860077,0.11693397964,-5.32173393765e-05
e0_diagonal,cosine_6,1016,62.3926082678,62.3930193897,-0.000204733201016,-0.000411121960092,0.11581105107,-4.76124663162e-05
e0_diagonal,cosine_6,1018,62.3926424325,62.3930051927,-0.000218930262697,-0.000362760215843,0.114695422498,-4.16069362216e-05
e0_diagonal,cosine_6,1020,62.3926813531,62.3929930783,-0.000231044689762,-0.000311725160913,0.113587079893,-3.54079507572e-05
e0_diagonal,cosine_6,1022,62.3927236549,62.3929832912,-0.000240831787579,-0.000259636296605,0.112486008952,-2.92054507841e-05
e0_diagonal,cosine_6,1024,62.3927680672,62.3929760428,-0.000248080172341,-0.000207975560159,0.111392195102,-2.31668541736e-05
e0_diagonal,cosine_6,1026,62.3928134757,62.3929715055,-0.000252617450471,-0.000158029840577,0.110305623502,-1.74315800967e-05
e0_diagonal,cosine_6,1028,62.3928588659,62.3929698082,-0.000254314796443,-0.000110942219671,0.109226279046,-1.21178058437e-05
e0_diagonal,cosine_6,1030,62.3929033179,62.3929710314,-0.000253091594274,-6.77134328271e-05,0.108154146365,-7.32348852484e-06
e0_diagonal,cosine_6,1032,62.3929460657,62.3929752049,-0.000248918079052,-2.91391985172e-05,0.107089209829,-3.12049374427e-06
e0_diagonal,cosine_6,1034,62.3929864975,62.3929823065,-0.000241816463465,4.19104426896e-06,0.106031453551,4.44382515735e-07
e0_diagonal,cosine_6,1036,62.3930241007,62.3929922618,-0.000231861155171,3.18388845884e-05,0.104980861386,3.34247352967e-06
e0_diagonal,cosine_6,1038,62.3930585857,62.3930049457,-0.000219177242982,5.3640011842e-05,0.103937416937,5.57520427535e-06
e0_diagonal,cosine_6,1040,62.3930898935,62.3930201843,-0.000203938637206,6.97092228634e-05,0.102901103555,7.17315596061e-06
e0_diagonal,cosine_6,1042,62.3931181557,62.3930377578,-0.00018636514379,8.03979424688e-05,0.101871904341,8.19029150444e-06
e0_diagonal,cosine_6,1044,62.3931437249,62.3930574057,-0.000166717253379,8.63191704497e-05,0.100849802152,8.7052712618e-06
e0_diagonal,cosine_6,1046,62.393167095,62.3930788328,-0.000145290176825,8.82622624303e-05,0.0998347795987,8.81164351661e-06
e0_diagonal,cosine_6,1048,62.3931889293,62.393101717,-0.000122405955352,8.72122851661e-05,0.0988268190501,8.61891272505e-06
e0_diagonal,cosine_6,1050,62.3932099936,62.3931257186,-9.84043654313e-05,8.4274974121e-05,0.0978259026365,8.24427541305e-06
e0_diagonal,cosine_6,1052,62.3932310206,62.3931504882,-7.36347424279e-05,8.0532406102e-05,0.0968320122508,7.79811493425e-06
e0_diagonal,cosine_6,1054,62.3932527139,62.3931756749,-4.84480422855e-05,7.70390117353e-05,0.0958451295514,7.38381406028e-06
e0_diagonal,cosine_6,1056,62.3932756837,62.3932009337,-2.31892704363e-05,7.4750033761e-05,0.0948652359642,7.09117959107e-06
e0_diagonal,cosine_6,1058,62.3933003212,62.3932259328,1.80988099885e-06,7.4388338291e-05,0.0938923126855,6.98449311897e-06
e0_diagonal,cosine_6,1060,62.3933267489,62.3932503611,2.62381471856e-05,7.63877804815e-05,0.092926340684,7.09843691312e-06
e0_diagonal,cosine_6,1062,62.3933547749,62.3932739333,4.98103951685e-05,8.08415426974e-05,0.0919673007037,7.4347784666e-06
e0_diagonal,cosine_6,1064,62.393383813,62.3932963953,7.22723366806e-05,8.74176901249e-05,0.0910151732657,7.95633621321e-06
e0_diagonal,cosine_6,1066,62.3934129146,62.3933175284,9.34054389745e-05,9.53862191864e-05,0.0900699386712,8.5914309122e-06
e0_diagonal,cosine_6,1068,62.3934407652,62.3933371533,0.00011303031021,0.000103611987797,0.0891315770037,9.2350998688e-06
e0_diagonal,cosine_6,1070,62.3934657902,62.3933551316,0.000131008612655,0.000110658619775,0.0882000681312,9.76009780346e-06
e0_diagonal,cosine_6,1072,62.3934863422,62.3933713673,0.00014724435686,0.000114974901365,0.0872753917094,1.00344795534e-05
e0_diagonal,cosine_6,1074,62.3935008835,62.393385806,0.000161683028907,0.000115077508291,0.0863575271833,9.93780905038e-06
e0_diagonal,cosine_6,1076,62.3935081715,62.3933984325,0.000174309506903,0.000109739091812,0.08544645379,9.37681623746e-06
e0_diagonal,cosine_6,1078,62.3935074647,62.3934092684,0.000185145487322,9.81962897129e-05,0.0845421505615,8.30172550948e-06
e0_diagonal,cosine_6,1080,62.3934986259,62.3934183685,0.00019424554614,8.02573601106e-05,0.0836445963265,6.71309448869e-06
e0_diagonal,cosine_6,1082,62.3934821398,62.3934258151,0.000201692135889,5.63247430563e-05,0.0827537697135,4.66108481605e-06
e0_diagonal,cosine_6,1084,62.3934591307,62.393431713,0.000207590004145,2.74177628086e-05,0.0818696491529,2.2446826217e-06
e0_diagonal,cosine_6,1086,62.3934313084,62.3934361829,0.000212059902019,-4.87445176134e-06,0.0809922128796,-3.94792634725e-07
e0_diagonal,cosine_6,1088,62.3934008672,62.3934393552,0.000215232209555,-3.84879292952e-05,0.0801214389352,-3.08370827677e-06
e0_diagonal,cosine_6,1090,62.3933703223,62.3934413629,0.000217239942813,-7.10406287396e-05,0.0792573051712,-5.63048879157e-06
e0_diagonal,cosine_6,1092,62.3933423434,62.3934423349,0.000218211981561,-9.9991535258e-05,0.0783997892507,-7.83931529108e-06
e0_diagonal,cosine_6,1094,62.3933196108,62.3934423906,0.000218267663939,-0.000122779798616,0.0775488686513,-9.52143447592e-06
e0_diagonal,cosine_6,1096,62.3933046341,62.3934416342,0.00021751121087,-0.00013700004363,0.0767045206675,-1.0508522678e-05
e0_diagonal,cosine_6,1098,62.3932994937,62.3934401489,0.000216025953904,-0.000140655227383,0.0758667224131,-1.06710510919e-05
e0_diagonal,cosine_6,1100,62.3933056566,62.3934379934,0.000213870499223,-0.000132336804086,0.0750354508239,-9.92995175517e-06
e0_diagonal,cosine_6,1102,62.3933238964,62.3934351999,0.000211076905906,-0.000111303451689,0.0742106826601,-8.25990513227e-06
e0_diagonal,cosine_6,1104,62.393354205,62.3934317738,0.000207650864482,-7.75687770727e-05,0.0733923945086,-5.69295828846e-06
e0_diagonal,cosine_6,1106,62.3933958113,62.3934276964,0.000203573402416,-3.18850426453e-05,0.0725805627858,-2.31423433964e-06
e0_diagonal,cosine_6,1108,62.3934472757,62.3934229253,0.000198802301398,2.4350492744e-05,0.0717751637399,1.74776060385e-06
e0_diagonal,cosine_6,1110,62.393506527,62.3934173968,0.000193273821189,8.91302525616e-05,0.0709761734536,6.32612426578e-06
e0_diagonal,cosine_6,1112,62.3935709669,62.3934110296,0.000186906618204,0.000159937357829,0.0701835678464,1.12249744043e-05
e0_diagonal,cosine_6,1114,62.3936375692,62.393403731,0.00017960805453,0.000233838234195,0.0693973226769,1.62277473926e-05
e0_diagonal,cosine_6,1116,62.3937029107,62.3933954046,0.000171281634394,0.000307506117792,0.0686174135461,2.11002744525e-05
e0_diagonal,cosine_6,1118,62.3937633398,62.3933859564,0.000161833454214,0.000377383388781,0.0678438158988,2.56031291517e-05
e0_diagonal,cosine_6,1120,62.393815164,62.3933753008,0.000151177811475,0.000439863195695,0.067076505027,2.95044858572e-05
e0_diagonal,cosine_6,1122,62.3938547813,62.3933633656,0.000139242692228,0.000491415660129,0.066315456072,3.25884536223e-05
e0_diagonal,cosine_6,1124,62.3938789139,62.3933500975,0.00012597454721,0.000528816452793,0.0655606440268,3.46695472171e-05
e0_diagonal,cosine_6,1126,62.3938848377,62.393335466,0.000111343062215,0.000549371708964,0.0648120437391,3.56059032304e-05
e0_diagonal,cosine_6,1128,62.393870581,62.3933194685,9.53455351862e-05,0.000551112505647,0.064069629913,3.53095742772e-05
e0_diagonal,cosine_6,1130,62.3938351581,62.3933021325,7.80095848114e-05,0.000533025515722,0.0633333771122,3.37583059977e-05
e0_diagonal,cosine_6,1132,62.3937787036,62.3932835182,5.93952514834e-05,0.000495185446795,0.0626032597623,3.10002231562e-05
e0_diagonal,cosine_6,1134,62.3937025091,62.3932637194,3.95964584357e-05,0.000438789733941,0.0618792521531,2.71519805887e-05
e0_diagonal,cosine_6,1136,62.3936089687,62.3932428642,1.87412193355e-05,0.000366104500735,0.0611613284411,2.23914376132e-05
e0_diagonal,cosine_6,1138,62.3935014011,62.3932211142,-3.00873502823e-06,0.000280286890877,0.0604494626524,1.69431919421e-05
e0_diagonal,cosine_6,1140,62.3933838448,62.3931986632,-2.54597772056e-05,0.000185181606042,0.0597436286846,1.10634211106e-05
e0_diagonal,cosine_6,1142,62.3932608046,62.3931757327,-4.83902806252e-05,8.50719096093e-05,0.0590438003098,5.02296884294e-06
e0_diagonal,cosine_6,1144,62.3931369242,62.3931525675,-7.15554211723e-05,-1.56433635894e-05,0.0583499511766,-9.12789501679e-07
e0_diagonal,cosine_6,1146,62.3930167135,62.3931294306,-9.46923666874e-05,-0.000112717062343,0.0576620548131,-6.49949742721e-06
e0_diagonal,cosine_6,1148,62.3929043828,62.3931065977,-0.000117525244136,-0.000202214900042,0.0569800846288,-1.15222221176e-05
e0_diagonal,cosine_6,1150,62.392803656,62.3930843531,-0.000139769830817,-0.000280697123166,0.0563040139175,-1.58043747294e-05
e0_diagonal,cosine_6,1152,62.392717698,62.3930629838,-0.000161139157939,-0.00034528579647,0.0556338158599,-1.92095664199e-05
e0_diagonal,cosine_6,1154,62.3926490444,62.3930427733,-0.000181349654767,-0.000393728939976,0.0549694635253,-2.16430686048e-05
e0_diagonal,cosine_6,1156,62.3925995167,62.3930239954,-0.000200127595846,-0.000424478698775,0.0543109298749,-2.30538328426e-05
e0_diagonal,cosine_6,1158,62.3925702204,62.3930069064,-0.000217216541081,-0.000436685974996,0.0536581877638,-2.34317780402e-05
e0_diagonal,cosine_6,1160,62.3925615036,62.3929917384,-0.000232384578339,-0.000430234796035,0.0530112099435,-2.28072670976e-05
e0_diagonal,cosine_6,1162,62.3925729061,62.3929786935,-0.000245429446565,-0.000405787363562,0.0523699690646,-2.12510716765e-05
e0_diagonal,cosine_6,1164,62.3926031934,62.39296794,-0.000256182911528,-0.000364746593007,0.0517344376789,-1.88699598845e-05
e0_diagonal,cosine_6,1166,62.3926504084,62.3929596088,-0.000264514159568,-0.000309200423779,0.051104588242,-1.58015603415e-05
e0_diagonal,cosine_6,1168,62.3927119541,62.3929537911,-0.00027033185026,-0.000241837012574,0.0504803931157,-1.22080274647e-05
e0_diagonal,cosine_6,1170,62.39278476,62.3929505371,-0.000273585893837,-0.000165777101785,0.0498618245706,-8.26594876701e-06
e0_diagonal,cosine_6,1172,62.3928654045,62.3929498551,-0.000274267825588,-8.44505827047e-05,0.0492488547881,-4.15909448439e-06
e0_diagonal,cosine_6,1174,62.3929502801,62.3929517133,-0.000272409635755,-1.43319664403e-06,0.0486414558633,-6.9712771304e-08
e0_diagonal,cosine_6,1176,62.3930357902,62.3929560416,-0.000268081379943,7.97485989139e-05,0.0480395998072,3.83109077701e-06
e0_diagonal,cosine_6,1178,62.393118507,62.3929627352,-0.000261387709045,0.000155771791057,0.0474432585489,7.39032135775e-06
e0_diagonal,cosine_6,1180,62.3931953489,62.3929716595,-0.000252463490582,0.000223689448632,0.0468524039384,1.04803884041e-05
e0_diagonal,cosine_6,1182,62.3932637281,62.3929826538,-0.000241469187017,0.000281074295117,0.0462670077488,1.30044665902e-05
e0_diagonal,cosine_6,1184,62.3933216294,62.3929955371,-0.000228585844397,0.000326092340593,0.0456870416784,1.48981943557e-05
e0_diagonal,cosine_6,1186,62.3933676784,62.393010113,-0.00021400999178,0.000357565453399,0.0451124773537,1.61306634189e-05
e0_diagonal,cosine_6,1188,62.3934011647,62.3930261737,-0.000197949282764,0.000374991028444,0.0445432863312,1.67033327516e-05
e0_diagonal,cosine_6,1190,62.3934220334,62.393043505,-0.000180617971367,0.000378528386257,0.0439794401002,1.66474664896e-05
e0_diagonal,cosine_6,1192,62.3934308013,62.39306189,-0.000162232968584,0.000368911277647,0.0434209100847,1.60184634159e-05
e0_diagonal,cosine_6,1194,62.3934283785,62.3930811116,-0.000143011355902,0.000347266871401,0.0428676676462,1.48865208278e-05
e0_diagonal,cosine_6,1196,62.3934159766,62.3931009545,-0.000123168415996,0.000315022072186,0.0423196840857,1.3331634575e-05
e0_diagonal,cosine_6,1198,62.3933950177,62.3931212083,-0.000102914671245,0.000273809440202,0.0417769306464,1.14389179937e-05
e0_diagonal,cosine_6,1200,62.3933669532,62.3931416707,-8.24522198144e-05,0.000225282420928,0.0412393785157,9.29050702957e-06
e0_diagonal,cosine_6,1202,62.3933331602,62.39316215,-6.19729023867e-05,0.00017101014511,0.0407069988274,6.96130977645e-06
e0_diagonal,cosine_6,1204,62.3932949562,62.3931824665,-4.16564820043e-05,0.000112489705415,0.0401797626647,4.51980966582e-06
e0_diagonal,cosine_6,1206,62.3932536009,62.3932024562,-2.16667783235e-05,5.11447671201e-05,0.0396576410617,2.02828081663e-06
e0_diagonal,cosine_6,1208,62.3932102703,62.3932219732,-2.14971505841e-06,-1.17028996556e-05,0.0391406050063,-4.58058572847e-07
e0_diagonal,cosine_6,1210,62.3931660357,62.3932408891,1.67661100434e-05,-7.48533781589e-05,0.0386286254419,-2.89148310796e-06
e0_diagonal,cosine_6,1212,62.3931218429,62.3932590927,3.49697133259e-05,-0.000137249742906,0.0381216732704,-5.23218985551e-06
e0_diagonal,cosine_6,1214,62.3930784776,62.3932764914,5.23684445497e-05,-0.000198013766465,0.0376197193539,-7.44922232261e-06
e0_diagonal,cosine_6,1216,62.3930364785,62.3932930101,6.88871351784e-05,-0.000256531607796,0.0371227345171,-9.52315477147e-06
e0_diagonal,cosine_6,1218,62.3929961505,62.3933085897,8.44667937727e-05,-0.000312439228559,0.0366306895497,-1.14448643845e-05
e0_diagonal,cosine_6,1220,62.3929576858,62.3933231862,9.90632650044e-05,-0.00036550045639,0.0361435552084,-1.32104859242e-05
e0_diagonal,cosine_6,1222,62.3929212264,62.3933367684,0.000112645472569,-0.000415541991387,0.0356613022195,-1.48187685398e-05
e0_diagonal,cosine_6,1224,62.3928869614,62.3933493169,0.000125193935148,-0.000462355524789,0.0351839012807,-1.62674711408e-05
e0_diagonal,cosine_6,1226,62.3928553044,62.3933608222,0.000136699269731,-0.000505517777739,0.0347113230636,-1.75471908975e-05
e0_diagonal,cosine_6,1228,62.3928269893,62.3933712837,0.000147160727366,-0.00054429440145,0.0342435382158,-1.86385661367e-05
e0_diagonal,cosine_6,1230,62.3928030859,62.3933807083,0.000156585385056,-0.000577622470438,0.033780517363,-1.95123858919e-05
e0_diagonal,cosine_6,1232,62.3927850248,62.3933891092,0.000164986271855,-0.000604084392549,0.0333222311116,-2.01294397394e-05
e0_diagonal,cosine_6,1234,62.3927745216,62.3933965024,0.00017237947489,-0.000621980859584,0.0328686500501,-2.04436712115e-05
e0_diagonal,cosine_6,1236,62.3927733771,62.3934029068,0.000178783838436,-0.000629529715383,0.0324197447521,-2.04091926866e-05
e0_diagonal,cosine_6,1238,62.3927832844,62.3934083445,0.000184221514729,-0.000625060030487,0.031975485778,-1.99865981152e-05
e0_diagonal,cosine_6,1240,62.392805607,62.3934128395,0.000188716518494,-0.000607232473627,0.0315358436771,-1.9149588364e-05
e0_diagonal,cosine_6,1242,62.392841175,62.3934164167,0.00019229376322,-0.000575241715111,0.0311007889899,-1.78904711999e-05
e0_diagonal,cosine_6,1244,62.3928901472,62.3934191023,0.000194979336868,-0.000528955119542,0.0306702922503,-1.62232081036e-05
e0_diagonal,cosine_6,1246,62.3929519085,62.3934209221,0.00019679916732,-0.000469013570672,0.0302443239873,-1.41849983859e-05
e0_diagonal,cosine_6,1248,62.393025054,62.3934218982,0.000197775235733,-0.00039684414601,0.0298228547276,-1.1835025316e-05
e0_diagonal,cosine_6,1250,62.3931075125,62.3934220455,0.000197922594083,-0.000314533003603,0.0294058549974,-9.24911189585e-06
e0_diagonal,cosine_6,1252,62.3931967127,62.3934213721,0.00019724913507,-0.000224659414343,0.0289932953244,-6.51361674745e-06
e0_diagonal,cosine_6,1254,62.3932897445,62.3934198793,0.000195756393552,-0.00013013485129,0.0285851462402,-3.71992375506e-06
e0_diagonal,cosine_6,1256,62.3933836049,62.3934175626,0.000193439674632,-3.39576767416e-05,0.0281813782819,-9.56974133832e-07
e0_diagonal,cosine_6,1258,62.3934754665,62.3934144103,0.000190287312407,6.10562505869e-05,0.0277819619947,1.69626243334e-06
e0_diagonal,cosine_6,1260,62.3935627726,62.3934104022,0.000186279250613,0.000152370402922,0.0273868679331,4.17294810176e-06
e0_diagonal,cosine_6,1262,62.39364326,62.3934055094,0.000181386432658,0.00023775063633,0.026996066664,6.41833202778e-06
e0_diagonal,cosine_6,1264,62.393715021,62.3933996958,0.00017557284125,0.000315325194329,0.0266095287676,8.39065482965e-06
e0_diagonal,cosine_6,1266,62.3937764306,62.3933929218,0.000168798807245,0.000383508862505,0.0262272248402,1.00583731651e-05
e0_diagonal,cosine_6,1268,62.3938261343,62.3933851486,0.000161025651408,0.000440985728815,0.0258491254958,1.1399095446e-05
e0_diagonal,cosine_6,1270,62.3938630956,62.3933763444,0.0001522214164,0.000486751219981,0.0254752013681,1.24000853452e-05
e0_diagonal,cosine_6,1272,62.3938865236,62.3933664878,0.000142364815126,0.000520035865954,0.0251054231125,1.30557204484e-05
e0_diagonal,cosine_6,1274,62.393895878,62.3933555704,0.000131447490674,0.000540307532717,0.024739761408,1.33670794464e-05
e0_diagonal,cosine_6,1276,62.3938908832,62.3933435988,0.000119475870754,0.000547284423781,0.0243781869593,1.33418020028e-05
e0_diagonal,cosine_6,1278,62.3938714103,62.3933305957,0.000106472790137,0.000540814520747,0.0240206704982,1.29907274035e-05
e0_diagonal,cosine_6,1280,62.3938374848,62.3933166028,9.24798220154e-05,0.0005208819926,0.0236671827863,1.23278093289e-05
e0_diagonal,cosine_6,1282,62.3937893209,62.3933016824,7.75594587878e-05,0.000487638537209,0.023317694616,1.13706064936e-05
e0_diagonal,cosine_6,1284,62.3937273399,62.3932859188,6.17958795033e-05,0.00044142109121,0.0229721768132,1.01404033564e-05
e0_diagonal,cosine_6,1286,62.39365231,62.3932694183,4.52953408256e-05,0.000382891673304,0.0226306002385,8.66506839322e-06
e0_diagonal,cosine_6,1288,62.3935654539,62.3932523084,2.81854997297e-05,0.000313145448132,0.0222929357894,6.98093136796e-06
e0_diagonal,cosine_6,1290,62.3934685443,62.3932347356,1.06126667134e-05,0.000233808693203,0.021959154402,5.13424119458e-06
e0_diagonal,cosine_6,1292,62.3933639946,62.3932168613,-7.26166399545e-06,0.000147133348122,0.0216292270529,3.18238059358e-06
e0_diagonal,cosine_6,1294,62.3932548166,62.3931988597,-2.52632436712e-05,5.59569172367e-05,0.0213031247608,1.19205718912e-06
e0_diagonal,cosine_6,1296,62.3931445328,62.393180915,-4.32079269856e-05,-3.63821820244e-05,0.0209808185886,-7.63327960909e-07
e0_diagonal,cosine_6,1298,62.3930371258,62.3931632172,-6.09057888212e-05,-0.00012609139953,0.0206622796448,-2.60533575789e-06
e0_diagonal,cosine_6,1300,62.3929367575,62.3931459571,-7.81658675351e-05,-0.000209199532989,0.0203474790858,-4.25668312227e-06
e0_diagonal,cosine_6,1302,62.3928474237,62.3931293228,-9.48001374468e-05,-0.000281899121575,0.0200363881171,-5.64824020973e-06
e0_diagonal,cosine_6,1304,62.3927727545,62.3931134971,-0.00011062582324,-0.000340742630932,0.019728977995,-6.72250386763e-06
e0_diagonal,cosine_6,1306,62.3927157719,62.3930986551,-0.000125467828639,-0.000382883218435,0.019425220029,-7.43759076352e-06
e0_diagonal,cosine_6,1308,62.3926786837,62.3930849613,-0.000139161615934,-0.000406277666002,0.0191250855827,-7.77009513264e-06
e0_diagonal,cosine_6,1310,62.3926628414,62.3930725673,-0.000151555690827,-0.000409725851817,0.0188285460761,-7.71454207949e-06
e0_diagonal,cosine_6,1312,62.3926687218,62.3930616093,-0.000162513641826,-0.000392887461814,0.0185355729866,-7.28239422399e-06
e0_diagonal,cosine_6,1314,62.3926959598,62.3930522071,-0.00017191584638,-0.000356247288977,0.0182461378516,-6.50013714392e-06
e0_diagonal,cosine_6,1316,62.3927434143,62.3930444616,-0.000179661323003,-0.000301047317009,0.017960212269,-5.40687371651e-06
e0_diagonal,cosine_6,1318,62.392809205,62.3930384538,-0.00018566919762,-0.000229248732765,0.0176777679,-4.05260588919e-06
e0_diagonal,cosine_6,1320,62.3928907852,62.3930342428,-0.000189880120956,-0.00014345767282,0.0173987764696,-2.49598798225e-06
e0_diagonal,cosine_6,1322,62.3929850625,62.3930318647,-0.00019225820725,-4.6802201183e-05,0.0171232097692,-8.01403908515e-07
e0_diagonal,cosine_6,1324,62.3930885371,62.3930313306,-0.000192792376069,5.72065377042e-05,0.0168510396572,9.63989635505e-07
e0_diagonal,cosine_6,1326,62.3931974769,62.3930326262,-0.000191496760948,0.000164850708217,0.0165822380615,2.73359368825e-06
e0_diagonal,cosine_6,1328,62.3933081183,62.3930357121,-0.000188410840437,0.000272406184884,0.0163167769803,4.44479096681e-06
e0_diagonal,cosine_6,1330,62.3934168529,62.3930405232,-0.000183599743167,0.000376329658344,0.0160546284842,6.04183285229e-06
e0_diagonal,cosine_6,1332,62.3935203188,62.3930469692,-0.000177153731968,0.000473349632081,0.0157957647172,7.47691941731e-06
e0_diagonal,cosine_6,1334,62.3936154,62.3930549367,-0.000169186255889,0.000560463278156,0.0155401578986,8.70968783889e-06
e0_diagonal,cosine_6,1336,62.3936992589,62.3930642929,-0.000159830057285,0.000634966034909,0.0152877803243,9.70722125508e-06
e0_diagonal,cosine_6,1338,62.3937693625,62.3930748899,-0.000149233046969,0.000694472548631,0.0150386043684,1.04438979036e-05
e0_diagonal,cosine_6,1340,62.3938235188,62.393086568,-0.000137554924194,0.000736950817682,0.0147926024844,1.09014204965e-05
e0_diagonal,cosine_6,1342,62.3938600078,62.3930991596,-0.000124963363319,0.000760848194702,0.0145497472069,1.10701488957e-05
e0_diagonal,cosine_6,1344,62.3938778015,62.3931124925,-0.000111630438383,0.000765308981073,0.0143100111529,1.09515800545e-05
e0_diagonal,cosine_6,1346,62.393876675,62.3931263935,-9.77294765789e-05,0.000750281503826,0.0140733670232,1.0558986974e-05
e0_diagonal,cosine_6,1348,62.393857321,62.3931406923,-8.34306879938e-05,0.000716628735752,0.0138397876038,9.91798949359e-06
e0_diagonal,cosine_6,1350,62.3938213431,62.393155227,-6.88959270647e-05,0.00066611612025,0.0136092457674,9.06533799011e-06
e0_diagonal,cosine_6,1352,62.3937711143,62.3931698478,-5.42751106707e-05,0.00060126642785,0.0133817144745,8.04597566058e-06
e0_diagonal,cosine_6,1354,62.3937095612,62.3931844176,-3.97053962899e-05,0.000525143613686,0.0131571667749,6.90940210604e-06
e0_diagonal,cosine_6,1356,62.3936398152,62.3931988116,-2.53113560902e-05,0.000441003624594,0.0129355758091,5.70463581802e-06
e0_diagonal,cosine_6,1358,62.3935648888,62.3932129185,-1.12044760954e-05,0.000351970370389,0.0127169148093,4.47597721564e-06
e0_diagonal,cosine_6,1360,62.3934874636,62.3932266399,2.51695493603e-06,0.000260823674992,0.0125011571012,3.26059773679e-06
e0_diagonal,cosine_6,1362,62.3934096905,62.3932398883,1.57653065145e-05,0.000169802258839,0.0122882761047,2.08657703982e-06
e0_diagonal,cosine_6,1364,62.3933331321,62.3932525824,2.84594320661e-05,8.05497104679e-05,0.0120782453356,9.72899164744e-07
e0_diagonal,cosine_6,1366,62.3932588238,62.3932646455,4.05225406723e-05,-5.82169151642e-06,0.0118710384066,-6.91095235826e-08
e0_diagonal,cosine_6,1368,62.3931873453,62.393276005,5.18820257369e-05,-8.86596741054e-05,0.0116666290285,-1.03435952758e-06
e0_diagonal,cosine_6,1370,62.393118964,62.3932865913,6.24683405874e-05,-0.000167627270109,0.0114649910117,-1.92184514511e-06
e0_diagonal,cosine_6,1372,62.393053789,62.3932963354,7.22124392212e-05,-0.00024254642419,0.0112660982671,-2.73255184924e-06
e0_diagonal,cosine_6,1374,62.3929919125,62.3933051671,8.10441307664e-05,-0.000313254550733,0.0110699248072,-3.46770432214e-06
e0_diagonal,cosine_6,1376,62.392933408,62.3933130141,8.88911584696e-05,-0.000379606148911,0.0108764447478,-4.12876530457e-06
e0_diagonal,cosine_6,1378,62.3928783001,62.3933198028,9.56798565355e-05,-0.000441502707652,0.0106856323085,-4.71773559717e-06
e0_diagonal,cosine_6,1380,62.3928265764,62.3933254617,0.000101338774165,-0.000498885338757,0.010497461814,-5.23702979318e-06
e0_diagonal,cosine_6,1382,62.3927782153,62.3933299249,0.000105801921684,-0.000551709593317,0.0103119076956,-5.68917840106e-06
e0_diagonal,cosine_6,1384,62.392733367,62.3933331348,0.000109011812079,-0.000599767723592,0.0101289444917,-6.07501398017e-06
e0_diagonal,cosine_6,1386,62.3926924663,62.3933350473,0.000110924388196,-0.000642581053093,0.00994854684929,-6.39274771116e-06
e0_diagonal,cosine_6,1388,62.3926562863,62.3933356364,0.000111513427029,-0.000679350121224,0.00977068952489,-6.63771911318e-06
e0_diagonal,cosine_6,1390,62.3926260426,62.3933348975,0.000110774531279,-0.000708854833675,0.00959534738553,-6.80170837502e-06
e0_diagonal,cosine_6,1392,62.3926033616,62.3933328527,0.000108729712039,-0.000729491093523,0.00942249540982,-6.87362648022e-06
e0_diagonal,cosine_6,1394,62.3925901304,62.393329554,0.000105431038911,-0.00073942360185,0.00925210868896,-6.8412275315e-06
e0_diagonal,cosine_6,1396,62.3925883272,62.3933250852,0.000100962206815,-0.000736757980661,0.00908416242772,-6.69282916624e-06
e0_diagonal,cosine_6,1398,62.3925997238,62.393319561,9.54380764284e-05,-0.000719837224942,0.0089186319454,-6.41996326986e-06
e0_diagonal,cosine_6,1400,62.3926256233,62.3933131256,8.90026065719e-05,-0.000687502228637,0.00875549267682,-6.01942072813e-06
e0_diagonal,cosine_6,1402,62.3926666929,62.3933059477,8.18247561796e-05,-0.000639254810984,0.00859472017322,-5.49421621979e-06
e0_diagonal,cosine_6,1404,62.3927228012,62.3932982154,7.40924599469e-05,-0.000575414229296,0.00843629010318,-4.85436136784e-06
e0_diagonal,cosine_6,1406,62.3927929501,62.3932901279,6.60049887671e-05,-0.0004971777946,0.00828017825356,-4.116720763e-06
e0_diagonal,cosine_6,1408,62.3928752955,62.3932818887,5.77657298138e-05,-0.000406593130826,0.00812636053035,-3.30412237026e-06
e0_diagonal,cosine_6,1410,62.3929671135,62.3932736983,4.95753976892e-05,-0.000306584893501,0.00797481295957,-2.4449571819e-06
e0_diagonal,cosine_6,1412,62.3930650705,62.3932657473,4.16243593975e-05,-0.000200676794229,0.00782551168809,-1.57039859877e-06
e0_diagonal,cosine_6,1414,62.3931654902,62.3932582079,3.40849550895e-05,-9.27176825485e-05,0.00767843298449,-7.11926511926e-07
e0_diagonal,cosine_6,1416,62.3932644097,62.3932512273,2.71043669287e-05,1.31823673399e-05,0.00753355323987,9.9310066183e-08
e0_diagonal,cosine_6,1418,62.393357916,62.3932449224,2.07994394543e-05,0.000112993607885,0.00739084896866,8.35118690305e-07
e0_diagonal,cosine_6,1420,62.3934423605,62.3932393753,1.52523318064e-05,0.00020298517201,0.00725029680938,1.47170274497e-06
e0_diagonal,cosine_6,1422,62.393514537,62.3932346301,1.05071831911e-05,0.000279906845364,0.00711187352544,1.99066208313e-06
e0_diagonal,cosine_6,1424,62.3935718851,62.3932306931,6.57010641447e-06,0.000341192043742,0.00697555600586,2.38000420987e-06
e0_diagonal,cosine_6,1426,62.3936126206,62.3932275346,3.41160637873e-06,0.000385086066274,0.00684132126604,2.63449749446e-06
e0_diagonal,cosine_6,1428,62.3936358191,62.3932250922,9.69226213954e-07,0.000410726947301,0.00670914644844,2.75562723977e-06
e0_diagonal,cosine_6,1430,62.3936414304,62.3932232741,-8.48814515564e-07,0.000418156300391,0.00657900882331,2.75105398979e-06
e0_diagonal,cosine_6,1432,62.3936302608,62.3932219655,-2.15747522248e-06,0.000408295314372,0.00645088578933,2.63386644133e-06
e0_diagonal,cosine_6,1434,62.393603842,62.3932210347,-3.08821555706e-06,0.000382807281333,0.00632475487433,2.42116221854e-06
e0_diagonal,cosine_6,1436,62.3935642524,62.3932203399,-3.78305659865e-06,0.000343912503396,0.00620059373591,2.13246171426e-06
e0_diagonal,cosine_6,1438,62.3935139451,62.3932197353,-4.38767960986e-06,0.000294209825718,0.00607838016208,1.78831916813e-06
e0_diagonal,cosine_6,1440,62.3934555158,62.393219079,-5.04396305701e-06,0.000236436802012,0.00595809207185,1.40871223556e-06
e0_diagonal,cosine_6,1442,62.3933915389,62.3932182396,-5.88334382456e-06,0.000173299342272,0.00583970751588,1.01201747156e-06
e0_diagonal,cosine_6,1444,62.3933244348,62.3932171033,-7.0196644657e-06,0.000107331523381,0.005723204677,6.14280276604e-07
e0_diagonal,cosine_6,1446,62.3932563162,62.3932155799,-8.54299982223e-06,4.07362710249e-05,0.00560856187084,2.2847189643e-07
e0_diagonal,cosine_6,1448,62.3931889217,62.393213608,-1.05149376566e-05,-2.46862864373e-05,0.00549575754633,-1.35669844979e-07
e0_diagonal,cosine_6,1450,62.3931236573,62.3932111582,-1.296470478e-05,-8.75009331196e-05,0.00538477028625,-4.71172424681e-07
e0_diagonal,cosine_6,1452,62.3930616785,62.3932082348,-1.58881027801e-05,-0.000146556369621,0.00527557880773,-7.73169677713e-07
e0_diagonal,cosine_6,1454,62.3930039621,62.3932048745,-1.92484062538e-05,-0.000200912401858,0.00516816196278,-1.03834783314e-06
e0_diagonal,cosine_6,1456,62.3929515602,62.3932011467,-2.29762697543e-05,-0.000249586473807,0.00506249873875,-1.26353120885e-06
e0_diagonal,cosine_6,1458,62.3929056412,62.3931971519,-2.69710881184e-05,-0.000291510643642,0.00495856825879,-1.44547542466e-06
e0_diagonal,cosine_6,1460,62.3928675559,62.3931930167,-3.11062044176e-05,-0.000325460871153,0.00485634978231,-1.58055183077e-06
e0_diagonal,cosine_6,1462,62.3928389029,62.3931888878,-3.52351664787e-05,-0.000349984907594,0.00475582270542,-1.66446617009e-06
e0_diagonal,cosine_6,1464,62.3928213346,62.3931849265,-3.91964554183e-05,-0.000363591912716,0.00465696656133,-1.69323537949e-06
e0_diagonal,cosine_6,1466,62.3928163635,62.3931813042,-4.28187074419e-05,-0.000364940782582,0.00455976102075,-1.6640427553e-06
e0_diagonal,cosine_6,1468,62.3928252042,62.3931781958,-4.59271515467e-05,-0.000352991646388,0.00446418589228,-1.5758203279e-06
e0_diagonal,cosine_6,1470,62.392848546,62.3931757722,-4.83507719338e-05,-0.000327226211269,0.00437022112279,-1.43005090042e-06
e0_diagonal,cosine_6,1472,62.3928864207,62.3931741926,-4.99303810244e-05,-0.000287771864308,0.00427784679775,-1.23104394821e-06
e0_diagonal,cosine_6,1474,62.3929381132,62.3931735968,-5.05261559738e-05,-0.00023548356863,0.00418704314156,-9.85979860985e-07
e0_diagonal,cosine_6,1476,62.3930021743,62.3931740988,-5.00241754509e-05,-0.000171924476192,0.0040977905179,-7.04510488332e-07
e0_diagonal,cosine_6,1478,62.393076549,62.3931757815,-4.8341444753e-05,-9.92325193891e-05,0.00401006942999,-3.97929292463e-07
e0_diagonal,cosine_6,1480,62.3931587466,62.3931786936,-4.54293630128e-05,-1.99470012916e-05,0.00392386052092,-7.82692508789e-08
e0_diagonal,cosine_6,1482,62.3932460115,62.3931828464,-4.12765912046e-05,6.31651217589e-05,0.0038391445739,2.4250003446e-07
e0_diagonal,cosine_6,1484,62.3933355233,62.3931882123,-3.59106115013e-05,0.000147310983607,0.0037559025125,5.53285693448e-07
e0_diagonal,cosine_6,1486,62.3934244869,62.393194725,-2.93979014927e-05,0.000229761869697,0.0036741154009,8.44171623994e-07
e0_diagonal,cosine_6,1488,62.3935101464,62.3932022796,-2.18433102717e-05,0.000307866803176,0.00359376444414,1.10640077079e-06
e0_diagonal,cosine_6,1490,62.3935898689,62.3932107348,-1.33881863746e-05,0.000379134141916,0.00351483098829,1.33259243072e-06
e0_diagonal,cosine_6,1492,62.3936612407,62.3932199155,-4.20740551732e-06,0.000441325174513,0.00343729652064,1.51696548683e-06
e0_diagonal,cosine_6,1494,62.3937220689,62.3932296179,5.49490648183e-06,0.000492451034575,0.00336114266992,1.65519818515e-06
e0_diagonal,cosine_6,1496,62.3937704667,62.3932396141,1.54911609798e-05,0.000530852570279,0.00328635120641,1.74456798476e-06
e0_diagonal,cosine_6,1498,62.3938050063,62.39324966,2.55370686162e-05,0.000555346240311,0.00321290404211,1.78427418027e-06
e0_diagonal,cosine_6,1500,62.393824875,62.3932595032,3.53802636113e-05,0.000565371793641,0.00314078323089,1.77571024868e-06
e0_diagonal,cosine_6,1502,62.3938299883,62.3932688927,4.47697497918e-05,0.000561095558339,0.00306997096853,1.72254707467e-06
e0_diagonal,cosine_6,1504,62.393821036,62.3932775868,5.34638207341e-05,0.000543449222491,0.00300044959293,1.6305919984e-06
e0_diagonal,cosine_6,1506,62.3937994282,62.3932853598,6.12368186665e-05,0.000514068396406,0.00293220158408,1.50735216627e-06
e0_diagonal,cosine_6,1508,62.3937671652,62.3932920096,6.7886622162e-05,0.000475155583956,0.00286520956422,1.36142032364e-06
e0_diagonal,cosine_6,1510,62.3937266496,62.3932973647,7.32417154836e-05,0.000429284957036,0.00279945629783,1.20176447654e-06
e0_diagonal,cosine_6,1512,62.3936804198,62.3933012892,7.71662616401e-05,0.000379130603854,0.00273492469173,1.03689364987e-06
e0_diagonal,cosine_6,1514,62.3936308467,62.3933036869,7.9563947132e-05,0.000327159843302,0.00267159779502,8.74039515984e-07
e0_diagonal,cosine_6,1516,62.3935799498,62.3933045041,8.03811463541e-05,0.000275445729422,0.00260945879918,7.18764282336e-07
e0_diagonal,cosine_6,1518,62.3935292584,62.3933037321,7.96091205544e-05,0.000225526286208,0.00254849103801,5.74751719236e-07
e0_diagonal,cosine_6,1520,62.393479706,62.3933014076,7.72846195787e-05,0.000178298406965,0.00248867798761,4.43727320639e-07
e0_diagonal,cosine_6,1522,62.3934316523,62.3932976106,7.34876244906e-05,0.000134041767637,0.00243000326637,3.25721933189e-07
e0_diagonal,cosine_6,1524,62.39338499,62.3932924607,6.83377554083e-05,9.25292577705e-05,0.00237245063492,2.19521096346e-07
e0_diagonal,cosine_6,1526,62.3933392862,62.3932861139,6.19909357837e-05,5.31722832662e-05,0.00231600399603,1.23147220522e-07
e0_diagonal,cosine_6,1528,62.3932940384,62.3932787565,5.46335278031e-05,1.52819446058e-05,0.00226064739458,3.45470882571e-08
e0_diagonal,cosine_6,1530,62.393248848,62.3932705962,4.64732190437e-05,-2.17481811902e-05,0.00220636501743,-4.79844261707e-08
e0_diagonal,cosine_6,1532,62.3932035668,62.3932618538,3.77308857651e-05,-5.82870417958e-05,0.00215314119335,-1.25500230729e-07
e0_diagonal,cosine_6,1534,62.3931584306,62.3932527567,2.86337693822e-05,-9.4326139461e-05,0.00210096039287,-1.9817548302e-07
e0_diagonal,cosine_6,1536,62.3931140526,62.3932435304,1.94074633413e-05,-0.000129477859325,0.00204980722814,-2.65404651928e-07
e0_diagonal,cosine_6,1538,62.3930714004,62.3932343915,1.02685554708e-05,-0.000162991129983,0.00199966645283,-3.25927894735e-07
e0_diagonal,cosine_6,1540,62.3930317136,62.3932255414,1.41845377044e-06,-0.000193827813355,0.00195052296191,-3.78065600606e-07
e0_diagonal,cosine_6,1542,62.3929963704,62.3932171602,-6.96275559875e-06,-0.000220789831566,0.00190236179152,-4.20022139528e-07
e0_diagonal,cosine_6,1544,62.3929668028,62.393209401,-1.4721916699e-05,-0.000242598271612,0.00185516811877,-4.50060579162e-07
e0_diagonal,cosine_6,1546,62.3929443774,62.393202386,-2.1736987037e-05,-0.000258008611716,0.0018089272615,-4.66718811436e-07
e0_diagonal,cosine_6,1548,62.3929302756,62.3931962035,-2.79194752437e-05,-0.000265927832501,0.00176362467814,-4.68996888003e-07
e0_diagonal,cosine_6,1550,62.3929254593,62.393190907,-3.32159170142e-05,-0.000265447714199,0.0017192459674,-4.56369912192e-07
e0_diagonal,cosine_6,1552,62.3929305376,62.3931865145,-3.76084827565e-05,-0.000255976859371,0.0016757768681,-4.28960099702e-07
e0_diagonal,cosine_6,1554,62.3929456735,62.3931830098,-4.11131452438e-05,-0.000237336334635,0.00163320325885,-3.87618475169e-07
e0_diagonal,cosine_6,1556,62.3929705598,62.393180348,-4.37749689155e-05,-0.000209788186723,0.00159151115784,-3.33880239953e-07
e0_diagonal,cosine_6,1558,62.3930043437,62.3931784601,-4.56628784846e-05,-0.000174116368406,0.00155068672253,-2.69999940662e-07
e0_diagonal,cosine_6,1560,62.393045668,62.3931772582,-4.68647018508e-05,-0.00013159023846,0.00151071624935,-1.98795511498e-07
e0_diagonal,cosine_6,1562,62.393092707,62.3931766411,-4.7481882703e-05,-8.39340192869e-05,0.00147158617342,-1.23516142262e-07
e0_diagonal,cosine_6,1564,62.3931432286,62.3931764989,-4.76240786824e-05,-3.32703007828e-05,0.00143328306822,-4.76857587864e-08
e0_diagonal,cosine_6,1566,62.3931947417,62.3931767189,-4.7404045759e-05,1.80227499413e-05,0.00139579364523,2.51560398377e-08
e0_diagonal,cosine_6,1568,62.3932446391,62.3931771895,-4.6933469882e-05,6.74495807615e-05,0.00135910475366,9.16710458452e-08
e0_diagonal,cosine_6,1570,62.3932903249,62.3931778039,-4.63190550875e-05,0.000112521052088,0.00132320338001,1.48888236445e-07
e0_diagonal,cosine_6,1572,62.393329388,62.3931784644,-4.56585548108e-05,0.000150923584023,0.00128807664776,1.94401144177e-07
e0_diagonal,cosine_6,1574,62.3933598017,62.3931790863,-4.50366145586e-05,0.000180715322998,0.00125371181699,2.26564935953e-07
e0_diagonal,cosine_6,1576,62.393380057,62.3931796013,-4.45216517591e-05,0.000200455684165,0.00122009628395,2.44575235347e-07
e0_diagonal,cosine_6,1578,62.3933892853,62.3931799582,-4.41647231355e-05,0.000209327052573,0.00118721758069,2.48516756929e-07
e0_diagonal,cosine_6,1580,62.3933873099,62.3931801241,-4.39988254897e-05,0.000207185797201,0.00115506337464,2.39312726093e-07
e0_diagonal,cosine_6,1582,62.393374614,62.393180085,-4.40379977107e-05,0.000194529069574,0.00112362146819,2.18577038761e-07
e0_diagonal,cosine_6,1584,62.3933522893,62.3931798454,-4.42775740765e-05,0.00017244397101,0.00109287979824,1.88460532245e-07
e0_diagonal,cosine_6,1586,62.3933218884,62.3931794279,-4.46950083912e-05,0.00014246045594,0.00106282643575,1.51410738623e-07
e0_diagonal,cosine_6,1588,62.3932852493,62.3931788721,-4.52508811009e-05,0.000106377225869,0.00103344958531,1.09935499961e-07
e0_diagonal,cosine_6,1590,62.3932443292,62.393178232,-4.58909243406e-05,6.60971720592e-05,0.00100473758463,6.64103130059e-08
e0_diagonal,cosine_6,1592,62.3932009746,62.3931775745,-4.65484111487e-05,2.34000856878e-05,0.000976678904101,2.28543700454e-08
e0_diagonal,cosine_6,1594,62.3931568128,62.3931769767,-4.71462663967e-05,-2.01638341508e-05,0.000949262146259,-1.91407644828e-08
e0_diagonal,cosine_6,1596,62.3931131782,62.3931765231,-4.75998872105e-05,-6.33448421183e-05,0.000922476045323,-5.84340994489e-08
e0_diagonal,cosine_6,1598,62.3930710284,62.3931763022,-4.78207089003e-05,-0.000105273876969,0.000896309466658,-9.43579725188e-08
e0_diagonal,cosine_6,1600,62.3930309764,62.3931764021,-4.7720850084e-05,-0.000145425691663,0.000870751406263,-1.26629625522e-07
e0_diagonal,cosine_6,1602,62.3929933721,62.3931769042,-4.72187430063e-05,-0.000183532107101,0.000845790990234,-1.55229802605e-07
e0_diagonal,cosine_6,1604,62.3929583798,62.3931778792,-4.62437686508e-05,-0.000219499379746,0.000821417474222,-1.80300626104e-07
e0_diagonal,cosine_6,1606,62.3929261065,62.3931793844,-4.4738592976e-05,-0.000253277852195,0.000797620242879,-2.02019541984e-07
e0_diagonal,cosine_6,1608,62.3928967305,62.3931814615,-4.2661413417e-05,-0.000284731072341,0.000774388809296,-2.2049255608e-07
e0_diagonal,cosine_6,1610,62.3928705655,62.3931841344,-3.99885574751e-05,-0.000313568855837,0.00075171281443,-2.35713727139e-07
e0_diagonal,cosine_6,1612,62.3928480823,62.3931874073,-3.67156947689e-05,-0.000339324959562,0.000729582026522,-2.47565391647e-07
e0_diagonal,cosine_6,1614,62.3928298523,62.3931912651,-3.28578962012e-05,-0.000361412707171,0.000707986340504,-2.55875259962e-07
e0_diagonal,cosine_6,1616,62.3928164388,62.3931956751,-2.84478820589e-05,-0.000379236222599,0.000686915777401,-2.60503344665e-07
e0_diagonal,cosine_6,1618,62.392808355,62.3932005897,-2.35332645389e-05,-0.000392234669931,0.000666360483716,-2.61369684386e-07
e0_diagonal,cosine_6,1620,62.3928060284,62.393205949,-1.81739911298e-05,-0.000399920554081,0.000646310730818,-2.58472945577e-07
e0_diagonal,cosine_6,1622,62.3928098105,62.3932116839,-1.24390987395e-05,-0.000401873341147,0.000626756914306,-2.51876895239e-07
e0_diagonal,cosine_6,1624,62.3928200663,62.3932177194,-6.40354848969e-06,-0.000397653138862,0.000607689553376,-2.41649658353e-07
e0_diagonal,cosine_6,1626,62.3928371874,62.3932239762,-1.46767177966e-07,-0.000386788793364,0.000589099290176,-2.27857003618e-07
e0_diagonal,cosine_6,1628,62.3928616245,62.3932303714,6.24847075414e-06,-0.000368746958138,0.00057097688915,-2.10545991041e-07
e0_diagonal,cosine_6,1630,62.3928938537,62.3932368215,1.2698515377e-05,-0.0003429677515,0.000553313236376,-1.89768596555e-07
e0_diagonal,cosine_6,1632,62.392934237,62.3932432448,1.91218394576e-05,-0.00030900782329,0.000536099338898,-1.6565888978e-07
e0_diagonal,cosine_6,1634,62.3929828835,62.3932495639,2.54409816378e-05,-0.000266680441477,0.000519326324042,-1.38494173366e-07
e0_diagonal,cosine_6,1636,62.3930395235,62.3932557069,3.15839434251e-05,-0.000216183436365,0.000502985438732,-1.08737120586e-07
e0_diagonal,cosine_6,1638,62.3931033602,62.3932616086,3.74856945911e-05,-0.000158248412447,0.000487068048797,-7.70777454758e-08
e0_diagonal,cosine_6,1640,62.3931729957,62.3932672123,4.30893060468e-05,-9.42165962812e-05,0.000471565638266,-4.44293093606e-08
e0_diagonal,cosine_6,1642,62.3932465008,62.3932724703,4.83473900204e-05,-2.59695143328e-05,0.000456469808659,-1.18542992384e-08
e0_diagonal,cosine_6,1644,62.3933214847,62.3932773461,5.32231250503e-05,4.41386305425e-05,0.000441772278269,1.94992233745e-08
e0_diagonal,cosine_6,1646,62.3933952429,62.3932818128,5.76898193572e-05,0.000113430141695,0.000427464881439,4.84874020715e-08
e0_diagonal,cosine_6,1648,62.3934649666,62.3932858528,6.1729814135e-05,0.000179113788469,0.00041353956783,7.40706386761e-08
e0_diagonal,cosine_6,1650,62.3935278405,62.3932894562,6.53332971865e-05,0.00023838427748,0.000399988401679,9.53509461349e-08
e0_diagonal,cosine_6,1652,62.3935811558,62.3932926199,6.8496966307e-05,0.000288535929371,0.00038680356106,1.11606724974e-07
e0_diagonal,cosine_6,1654,62.3936224289,62.3932953455,7.12225307922e-05,0.000327083395192,0.000373977337123,1.22321777151e-07
e0_diagonal,cosine_6,1656,62.3936495175,62.3932976379,7.35149240825e-05,0.000351879621398,0.000361502133343,1.27205233815e-07
e0_diagonal,cosine_6,1658,62.3936608053,62.3932995033,7.53803216398e-05,0.000361302052006,0.000349370464752,1.26228265825e-07
e0_diagonal,cosine_6,1660,62.3936553311,62.3933009475,7.68245445641e-05,0.000354383570311,0.000337574957165,1.19631018568e-07
e0_diagonal,cosine_6,1662,62.3936329609,62.3933019756,7.78526425336e-05,0.000330985286212,0.000326108346404,1.07937064371e-07
e0_diagonal,cosine_6,1664,62.3935944887,62.3933025915,7.84685092015e-05,0.000291897199148,0.000314963477518,9.19369569213e-08
e0_diagonal,cosine_6,1666,62.3935416265,62.3933027967,7.86737854028e-05,0.000238829758736,0.000304133303986,7.26360836144e-08
e0_diagonal,cosine_6,1668,62.3934770281,62.3933025896,7.8466614525e-05,0.000174438547212,0.000293610886927,5.12170565612e-08
e0_diagonal,cosine_6,1670,62.3934041166,62.3933019629,7.78399921089e-05,0.000102153618293,0.000283389394298,2.89492520135e-08
e0_diagonal,cosine_6,1672,62.3933268491,62.393300903,7.67800776913e-05,2.59460547198e-05,0.000273462100088,7.09526261269e-09
e0_diagonal,cosine_6,1674,62.3932495067,62.3932993889,7.52659625007e-05,-4.98822500177e-05,0.000263822383505,-1.31600540942e-08
e0_diagonal,cosine_6,1676,62.393176416,62.3932973943,7.32713600371e-05,-0.000120978287939,0.00025446372816,-3.07845861752e-08
e0_diagonal,cosine_6,1678,62.393111676,62.393294891,7.07680202083e-05,-0.000183214995744,0.000245379721245,-4.49572445836e-08
e0_diagonal,cosine_6,1680,62.3930589568,62.3932918526,6.77296865206e-05,-0.000232895835723,0.00023656405271,-5.50947827577e-08
e0_diagonal,cosine_6,1682,62.3930212617,62.3932882581,6.41351343234e-05,-0.000266996385719,0.000228010514424,-6.08779832571e-08
e0_diagonal,cosine_6,1684,62.3930007277,62.3932840943,5.99713299607e-05,-0.00028336661552,0.000219712999347,-6.22593290107e-08
e0_diagonal,cosine_6,1686,62.3929985195,62.3932793599,5.52369778433e-05,-0.000280840469266,0.000211665500686,-5.94442385401e-08
e0_diagonal,cosine_6,1688,62.3930147527,62.3932740683,4.99453186507e-05,-0.000259315611402,0.00020386211105,-5.28646279687e-08
e0_diagonal,cosine_6,1690,62.3930485251,62.3932682488,4.41258114776e-05,-0.000219723706962,0.000196297021604,-4.31311092526e-08
e0_diagonal,cosine_6,1692,62.3930979914,62.3932619478,3.7824840561e-05,-0.000163956368134,0.000188964521214,-3.09819366043e-08
e0_diagonal,cosine_6,1694,62.3931604677,62.3932552276,3.11046610761e-05,-9.47599173671e-05,0.00018185899559,-1.72329433946e-08
e0_diagonal,cosine_6,1696,62.3932326061,62.3932481647,2.40417963226e-05,-1.55586311479e-05,0.000174974926431,-2.72237034047e-09
e0_diagonal,cosine_6,1698,62.3933105995,62.3932408491,1.6726187738e-05,6.975038972e-05,0.000168306890555,1.17394712088e-08
e0_diagonal,cosine_6,1700,62.3933903982,62.3932333828,9.25989206024e-06,0.000157015323602,0.000161849559034,2.54128608865e-08
e0_diagonal,cosine_6,1702,62.3934679246,62.3932258776,1.75465694241e-06,0.000242046984518,0.000155597696327,3.76619531939e-08
e0_diagonal,cosine_6,1704,62.393539286,62.3932184527,-5.67023163711e-06,0.000320833276838,0.000149546159403,4.79793843597e-08
e0_diagonal,cosine_6,1706,62.3936010001,62.3932112339,-1.28890169933e-05,0.000389766212237,0.000143689896864,5.60054668373e-08
e0_diagonal,cosine_6,1708,62.393650239,62.3932043528,-1.977012586e-05,0.000445886215331,0.00013802394807,6.15429758299e-08
e0_diagonal,cosine_6,1710,62.393685016,62.3931979441,-2.61788153892e-05,0.00048707184984,0.000132543442254,6.45581796025e-08
e0_diagonal,cosine_6,1712,62.3937043353,62.3931921412,-3.19817122403e-05,0.000512194050998,0.000127243597637,6.51734137373e-08
e0_diagonal,cosine_6,1714,62.3937082499,62.3931870721,-3.70508878831e-05,0.000521177822137,0.000122119720546,6.36460899938e-08
e0_diagonal,cosine_6,1716,62.3936977869,62.393182854,-4.12689439102e-05,0.000514932943354,0.000117167204518,6.03332534869e-08
e0_diagonal,cosine_6,1718,62.3936748021,62.3931795878,-4.45351254825e-05,0.000495214238327,0.000112381529416,5.56529334917e-08
e0_diagonal,cosine_6,1720,62.3936417941,62.3931773521,-4.67708424452e-05,0.000464441972163,0.000107758260531,5.00474590378e-08
e0_diagonal,cosine_6,1722,62.3936016285,62.393176197,-4.79259680617e-05,0.000425431542766,0.000103293047691,4.3944120636e-08
e0_diagonal,cosine_6,1724,62.3935571935,62.3931761383,-4.79846228956e-05,0.000381055179687,9.89816243605e-05,3.77174606564e-08
e0_diagonal,cosine_6,1726,62.3935111464,62.3931771537,-4.69692837228e-05,0.000333992760709,9.48198067477e-05,3.16691290255e-08
e0_diagonal,cosine_6,1728,62.3934656997,62.3931791805,-4.49424545366e-05,0.000286519232773,9.08034929009e-05,2.60169471191e-08
e0_diagonal,cosine_6,1730,62.3934224179,62.3931821185,-4.20044377165e-05,0.0002402994268,8.69286618103e-05,2.08889076055e-08
e0_diagonal,cosine_6,1732,62.3933822423,62.3931858338,-3.82891765156e-05,0.000196408502774,8.3191372506e-05,1.63394929176e-08
e0_diagonal,cosine_6,1734,62.3933455444,62.3931901638,-3.39591380225e-05,0.000155380584481,7.95877631559e-05,1.23663931567e-08
e0_diagonal,cosine_6,1736,62.3933122551,62.393194924,-2.91989124577e-05,0.000117331037188,7.61140501617e-05,8.93054045007e-09
e0_diagonal,cosine_6,1738,62.3932821022,62.3931999137,-2.42092130378e-05,8.21884628834e-05,7.2766527256e-05,5.98056902454e-09
e0_diagonal,cosine_6,1740,62.3932547548,62.3932049221,-1.92008661628e-05,4.98327109e-05,6.95415645976e-05,3.46544468412e-09
e0_diagonal,cosine_6,1742,62.393229983,62.393209736,-1.43869324916e-05,2.02469706849e-05,6.64356078667e-05,1.34511980491e-09
e0_diagonal,cosine_6,1744,62.39320781,62.3932141488,-9.97413388859e-06,-6.33879290035e-06,6.34451773601e-05,-4.02165839812e-10
e0_diagonal,cosine_6,1746,62.3931884485,62.3932179674,-6.15553203431e-06,-2.95189145447e-05,6.05668670866e-05,-1.78786817377e-09
e0_diagonal,cosine_6,1748,62.3931721675,62.3932210186,-3.10433009787e-06,-4.88511572669e-05,5.77973438616e-05,-2.8234671346e-09
e0_diagonal,cosine_6,1750,62.3931591471,62.3932231556,-9.67318243283e-07,-6.40084902415e-05,5.51333464029e-05,-3.52900226521e-09
e0_diagonal,cosine_6,1752,62.3931493198,62.3932242642,1.41245003249e-07,-7.49443653163e-05,5.25716844262e-05,-3.93995152293e-09
e0_diagonal,cosine_6,1754,62.3931422437,62.3932242679,1.44917429168e-07,-8.20241633619e-05,5.01092377413e-05,-4.11016830243e-09
e0_diagonal,cosine_6,1756,62.3931370704,62.3932231317,-9.91211635437e-07,-8.60613694442e-05,4.77429553491e-05,-4.10882411866e-09
e0_diagonal,cosine_6,1758,62.393132621,62.3932208635,-3.25942308166e-06,-8.82425199009e-05,4.54698545392e-05,-4.01237454407e-09
e0_diagonal,cosine_6,1760,62.3931275278,62.3932175135,-6.60940979458e-06,-8.99857096073e-05,4.32870199883e-05,-3.89521321043e-09
e0_diagonal,cosine_6,1762,62.3931204165,62.3932131735,-1.09494679634e-05,-9.27569908953e-05,4.119160286e-05,-3.82080913145e-09
e0_diagonal,cosine_6,1764,62.3931100392,62.3932079723,-1.61506351475e-05,-9.79331201307e-05,3.91808199055e-05,-3.83709994263e-09
e0_diagonal,cosine_6,1766,62.3930953749,62.39320207,-2.20529865516e-05,-0.000106695103028,3.7251952566e-05,-3.97460091703e-09
e0_diagonal,cosine_6,1768,62.3930757719,62.393195651,-2.84719853312e-05,-0.000119879080572,3.54023460758e-05,-4.24400069764e-09
e0_diagonal,cosine_6,1770,62.3930510621,62.3931889181,-3.52048880075e-05,-0.000137855940153,3.36294085679e-05,-4.63601373492e-09
e0_diagonal,cosine_6,1772,62.3930215969,62.3931820855,-4.20374776979e-05,-0.000160488567644,3.19306101812e-05,-5.12449789199e-09
e0_diagonal,cosine_6,1774,62.3929883351,62.393175372,-4.87509115175e-05,-0.000187036939067,3.03034821687e-05,-5.66787054791e-09
e0_diagonal,cosine_6,1776,62.3929528569,62.393168995,-5.51279852488e-05,-0.000216138025415,2.87456160089e-05,-6.2130206835e-09
e0_diagonal,cosine_6,1778,62.3929172658,62.393163164,-6.09589693781e-05,-0.000245898141614,2.72546625186e-05,-6.70187086363e-09
e0_diagonal,cosine_6,1780,62.392884063,62.3931580744,-6.60485925295e-05,-0.000274011389479,2.58283309682e-05,-7.07725685651e-09
e0_diagonal,cosine_6,1782,62.3928559885,62.3931538989,-7.02240512425e-05,-0.000297910385854,2.44643881996e-05,-7.28819532821e-09
e0_diagonal,cosine_6,1784,62.3928357845,62.3931507811,-7.33418875711e-05,-0.000314996591406,2.31606577462e-05,-7.29552824477e-09
e0_diagonal,cosine_6,1786,62.3928259043,62.3931488294,-7.5293554076e-05,-0.000322925137354,2.19150189561e-05,-7.0769105065e-09
e0_diagonal,cosine_6,1788,62.3928283009,62.3931481133,-7.60096020258e-05,-0.000319812430874,2.07254061177e-05,-6.62824251134e-09
e0_diagonal,cosine_6,1790,62.3928441926,62.3931486608,-7.54621580086e-05,-0.000304468228066,1.95898075885e-05,-5.96447400461e-09
e0_diagonal,cosine_6,1792,62.3928738839,62.3931504574,-7.36655529394e-05,-0.000276573498788,1.85062649269e-05,-5.11834244031e-09
e0_diagonal,cosine_6,1794,62.3929166159,62.3931534486,-7.06743324912e-05,-0.000236832754624,1.74728720272e-05,-4.13814841338e-09
e0_diagonal,cosine_6,1796,62.3929705226,62.3931575428,-6.65801547726e-05,-0.000187020172383,1.64877742578e-05,-3.08354638391e-09
e0_diagonal,cosine_6,1798,62.3930327381,62.3931626154,-6.15075936921e-05,-0.000129877285055,1.55491676033e-05,-2.01948367318e-09
e0_diagonal,cosine_6,1800,62.3930995322,62.3931685138,-5.56091589772e-05,-6.89816046204e-05,1.46552978096e-05,-1.0109459591e-09
e0_diagonal,cosine_6,1802,62.393166551,62.3931750621,-4.90608522199e-05,-8.51113685485e-06,1.38044595331e-05,-1.17491644293e-10
e0_diagonal,cosine_6,1804,62.3932290712,62.3931820677,-4.20551999483e-05,4.70034831395e-05,1.29949954936e-05,6.10810051583e-10
e0_diagonal,cosine_6,1806,62.3932823595,62.3931893311,-3.47918583898e-05,9.30283589113e-05,1.22252956315e-05,1.1372991898e-09
e0_diagonal,cosine_6,1808,62.3933220932,62.3931966536,-2.74693589688e-05,0.000125439568507,1.14937962683e-05,1.4417768444e-09
e0_diagonal,cosine_6,1810,62.393344732,62.3932038451,-2.02778402283e-05,0.000140886895316,1.07989792723e-05,1.52143466226e-09
e0_diagonal,cosine_6,1812,62.3933478421,62.393210731,-1.33919250302e-05,0.000137111109616,1.01393712279e-05,1.39022043987e-09
e0_diagonal,cosine_6,1814,62.3933303493,62.3932171582,-6.96470045369e-06,0.000113191044861,9.51354260985e-06,1.07684782833e-09
e0_diagonal,cosine_6,1816,62.3932926574,62.3932230011,-1.12182550538e-06,6.9656231247e-05,8.92010696149e-06,6.21341033257e-10
e0_diagonal,cosine_6,1818,62.3932365728,62.3932281659,4.04293849954e-06,8.40693800086e-06,8.35772007846e-06,7.02628345282e-11
e0_diagonal,cosine_6,1820,62.3931652334,62.3932325938,8.47081453514e-06,-6.73603422854e-05,7.82507919664e-06,-5.27100013096e-10
e0_diagonal,cosine_6,1822,62.3930829059,62.3932362645,1.2141545966e-05,-0.000153358578601,7.32092218524e-06,-1.12272622037e-09
e0_diagonal,cosine_6,1824,62.3929946533,62.3932391968,1.50738758435e-05,-0.000244543488584,6.84402674495e-06,-1.67366217617e-09
e0_diagonal,cosine_6,1826,62.3929060523,62.3932414458,1.73228690628e-05,-0.000335393511605,6.39320961127e-06,-2.14424102195e-09
e0_diagonal,cosine_6,1828,62.3928227977,62.3932431003,1.89773072705e-05,-0.000420302514897,5.96732576311e-06,-2.50808202544e-09
e0_diagonal,cosine_6,1830,62.3927503155,62.3932442785,2.01555556671e-05,-0.000493962966772,5.56526763675e-06,-2.74903611273e-09
e0_diagonal,cosine_6,1832,62.3926934149,62.3932451227,2.09997456864e-05,-0.000551707748315,5.18596434545e-06,-2.86113671187e-09
e0_diagonal,cosine_6,1834,62.3926559538,62.3932457933,2.16703447791e-05,-0.000589839541441,4.82838090455e-06,-2.84796997864e-09
e0_diagonal,cosine_6,1836,62.3926406369,62.3932464626,2.23396961729e-05,-0.000605825713279,4.49151746241e-06,-2.72107677037e-09
e0_diagonal,cosine_6,1838,62.3926488761,62.3932473074,2.31844022167e-05,-0.00059843123109,4.17440853716e-06,-2.49809643997e-09
e0_diagonal,cosine_6,1840,62.3926807659,62.3932485015,2.43785104743e-05,-0.000567735606381,3.87612225948e-06,-2.20061262139e-09
e0_diagonal,cosine_6,1842,62.3927351413,62.3932502087,2.60857331682e-05,-0.000515067423095,3.59575962133e-06,-1.85205864223e-09
e0_diagonal,cosine_6,1844,62.3928096983,62.3932525743,2.84513432973e-05,-0.000442875978401,3.33245373103e-06,-1.4758637066e-09
e0_diagonal,cosine_6,1846,62.392901205,62.3932557192,3.1596259376e-05,-0.000354514166006,3.08536907449e-06,-1.09380704426e-09
e0_diagonal,cosine_6,1848,62.3930057638,62.3932597344,3.56114402749e-05,-0.000253970591068,2.85370078295e-06,-7.24756074576e-10
e0_diagonal,cosine_6,1850,62.3931190285,62.3932646754,4.05524862899e-05,-0.000145646966558,2.6366739071e-06,-3.84023556373e-10
e0_diagonal,cosine_6,1852,62.3932364568,62.3932705595,4.64365972448e-05,-3.4102709435e-05,2.43354269795e-06,-8.2990399526e-11
e0_diagonal,cosine_6,1854,62.3933536214,62.3932773636,5.32406199341e-05,7.62577843147e-05,2.24358989429e-06,1.7109119425e-10
e0_diagonal,cosine_6,1856,62.3934663993,62.3932850224,6.08994466162e-05,0.000181376854137,2.06612601705e-06,3.74747437223e-10
e0_diagonal,cosine_6,1858,62.3935712001,62.3932934289,6.93059404142e-05,0.000277771185537,1.90048867049e-06,5.27900991102e-10
e0_diagonal,cosine_6,1860,62.393665202,62.3933024352,7.83122947681e-05,0.000362766791,1.74604185049e-06,6.33405999055e-10
e0_diagonal,cosine_6,1862,62.3937463904,62.3933118561,8.77331380025e-05,0.000434534301,1.60217525991e-06,6.96200106643e-10
e0_diagonal,cosine_6,1864,62.3938136233,62.3933214739,9.73509253299e-05,0.000492149379923,1.46830363111e-06,7.22624721591e-10
e0_diagonal,cosine_6,1866,62.3938666466,62.3933310459,0.000106922933398,0.000535600719829,1.34386605591e-06,7.19775626901e-10
e0_diagonal,cosine_6,1868,62.3939059593,62.3933403134,0.000116190455877,0.00056564590701,1.22832532281e-06,6.94797191324e-10
e0_diagonal,cosine_6,1870,62.3939326352,62.3933490121,0.000124889112335,0.000583623132606,1.12116726177e-06,6.5433914949e-10
e0_diagonal,cosine_6,1872,62.3939481333,62.3933568802,0.000132757276027,0.000591253078007,1.02190009661e-06,6.04201577538e-10
e0_diagonal,cosine_6,1874,62.3939540291,62.3933636667,0.000139543701231,0.000590362420823,9.30053805032e-07,5.49068815834e-10
e0_diagonal,cosine_6,1876,62.3939518074,62.3933691395,0.000145016547847,0.000582667922465,8.45179486432e-07,4.9245897547e-10
e0_diagonal,cosine_6,1878,62.3939426945,62.3933730948,0.000148971811271,0.00056959973827,7.66848737602e-07,4.36796840231e-10
e0_diagonal,cosine_6,1880,62.3939275109,62.3933753621,0.000151239116526,0.000552148811487,6.94653036348e-07,3.83551848415e-10
e0_diagonal,cosine_6,1882,62.3939066132,62.3933758097,0.000151686730781,0.000530803502819,6.28203133158e-07,3.33452423562e-10
e0_diagonal,cosine_6,1884,62.3938798921,62.3933743493,0.000150226398617,0.000505542739198,5.67128450996e-07,2.86707670594e-10
e0_diagonal,cosine_6,1886,62.3938468216,62.3933709386,0.000146815602051,0.000475883034305,5.11076493298e-07,2.43212632393e-10
e0_diagonal,cosine_6,1888,62.3938065077,62.3933655804,0.000141457440378,0.000440927271825,4.59712260265e-07,2.02699672743e-10
e0_diagonal,cosine_6,1890,62.3937578518,62.3933583235,0.000134200591098,0.000399528213762,4.12717673525e-07,1.64892354892e-10
e0_diagonal,cosine_6,1892,62.3936997571,62.3933492601,0.000125137138468,0.000350496973496,3.69791009255e-07,1.2961062957e-10
e0_diagonal,cosine_6,1894,62.3936314429,62.3933385216,0.000114398604538,0.000292921305075,3.30646339833e-07,9.68533573821e-11
e0_diagonal,cosine_6,1896,62.393552726,62.3933262748,0.000102151838178,0.000226451205322,2.95012984105e-07,6.68060458362e-11
e0_diagonal,cosine_6,1898,62.3934642467,62.3933127167,8.8593743051e-05,0.000151530045763,2.62634966348e-07,3.97970884696e-11
e0_diagonal,cosine_6,1900,62.3933676557,62.3932980685,7.39455906711e-05,6.95872088343e-05,2.3327048399e-07,1.62326418843e-11
e0_diagonal,cosine_6,1902,62.3932656696,62.3932825694,5.84464689268e-05,-1.68998609382e-05,2.0669138418e-07,-3.49305564977e-12
e0_diagonal,cosine_6,1904,62.3931619278,62.393266469,4.23460089678e-05,-0.000104541198986,1.82682649268e-07,-1.90978631885e-11
e0_diagonal,cosine_6,1906,62.3930607687,62.393250021,2.58980357017e-05,-0.000189252301993,1.61041891279e-07,-3.04775486418e-11
e0_diagonal,cosine_6,1908,62.3929668895,62.3932334767,9.35374183797e-06,-0.000266587236858,1.41578855431e-07,-3.7743115867e-11
e0_diagonal,cosine_6,1910,62.3928849023,62.3932170758,-7.0471630238e-06,-0.00033217343757,1.24114932802e-07,-4.12276838827e-11
e0_diagonal,cosine_6,1912,62.3928189345,62.3932010387,-2.30842732378e-05,-0.000382104171308,1.08482682171e-07,-4.14516853723e-11
e0_diagonal,cosine_6,1914,62.3927722714,62.3931855612,-3.85617548204e-05,-0.000413289756693,9.45253611375e-08,-3.90663635059e-11
e0_diagonal,cosine_6,1916,62.3927471107,62.3931708108,-5.33121279673e-05,-0.000423700086195,8.20964665612e-08,-3.47842799583e-11
e0_diagonal,cosine_6,1918,62.3927444398,62.3931569243,-6.71986582859e-05,-0.000412484517071,7.10592843992e-08,-2.93108546088e-11
e0_diagonal,cosine_6,1920,62.3927640014,62.3931440058,-8.01171305511e-05,-0.000380004385384,6.12864489952e-08,-2.32891193828e-11
e0_diagonal,cosine_6,1922,62.3928043987,62.393132127,-9.19959032615e-05,-0.000327728311774,5.2659511888e-08,-1.72580129299e-11
e0_diagonal,cosine_6,1924,62.3928632096,62.3931213288,-0.000102794196195,-0.000258119180046,4.50685201965e-08,-1.1633049479e-11
e0_diagonal,cosine_6,1926,62.392937117,62.393111623,-0.000112499989584,-0.000174505937807,3.84116046411e-08,-6.70305309055e-12
e0_diagonal,cosine_6,1928,62.3930221213,62.393102995,-0.000121127915833,-8.08736868407e-05,3.25945772587e-08,-2.63604363392e-12
e0_diagonal,cosine_6,1930,62.3931137607,62.3930954073,-0.000128715684511,1.83534391169e-05,2.75305388675e-08,5.0528006896e-13
e0_diagonal,cosine_6,1932,62.3932073306,62.3930888038,-0.000135319151482,0.000118526769512,2.31394963359e-08,2.74264974883e-12
e0_diagonal,cosine_6,1934,62.3932981607,62.3930831158,-0.000141007152408,0.000215044928524,1.93479897093e-08,4.16068706411e-12
e0_diagonal,cosine_6,1936,62.3933818209,62.3930782672,-0.00014585576335,0.000303553682031,1.60887292464e-08,4.88379300193e-12
e0_diagonal,cosine_6,1938,62.3934543257,62.3930741812,-0.000149941762807,0.000380144535463,1.33002424156e-08,5.05601447463e-12
e0_diagonal,cosine_6,1940,62.3935123397,62.3930707865,-0.000153336455519,0.000441553192282,1.09265309007e-08,4.82464459975e-12
e0_diagonal,cosine_6,1942,62.3935532822,62.3930680224,-0.000156100538462,0.000485259798978,8.91673766286e-09,4.32693432582e-12
e0_diagonal,cosine_6,1944,62.3935754624,62.3930658433,-0.000158279641894,0.000509619098096,7.22482410684e-09,3.68190834523e-12
e0_diagonal,cosine_6,1946,62.393578165,62.3930642223,-0.000159900643133,0.000513942670047,5.80925739403e-09,2.98562525608e-12
e0_diagonal,cosine_6,1948,62.3935616896,62.3930631531,-0.000160969840962,0.000498536538018,4.63270794764e-09,2.30957418186e-12
e0_diagonal,cosine_6,1950,62.3935273233,62.3930626496,-0.000161473313213,0.000464673705224,3.66175719101e-09,1.70152228158e-12
e0_diagonal,cosine_6,1952,62.3934772968,62.3930627441,-0.000161378845362,0.000414552649005,2.86661555995e-09,1.18836307406e-12
e0_diagonal,cosine_6,1954,62.3934146259,62.3930634851,-0.000160637870934,0.000351140810409,2.22085082816e-09,7.79831359598e-13
e0_diagonal,cosine_6,1956,62.3933428441,62.3930649352,-0.000159187795489,0.000277908989418,1.7011267834e-09,4.72758425247e-13
e0_diagonal,cosine_6,1958,62.3932657467,62.3930671674,-0.000156955598761,0.000198579340321,1.28695229072e-09,2.55562136915e-13
e0_diagonal,cosine_6,1960,62.3931871093,62.3930702613,-0.000153861602975,0.000116847980472,9.60440777373e-10,1.12225565199e-13
e0_diagonal,cosine_6,1962,62.3931103993,62.3930742988,-0.00014982416559,3.6100495663e-05,7.06080172993e-10,2.54898442229e-14
e0_diagonal,cosine_6,1964,62.3930384645,62.393079357,-0.000144765996076,-4.08925016231e-05,5.10513336621e-10,-2.08761674464e-14
e0_diagonal,cosine_6,1966,62.392973358,62.3930855033,-0.000138619697537,-0.000112145281882,3.62329001225e-10,-4.06334879765e-14
e0_diagonal,cosine_6,1968,62.3929162926,62.3930927905,-0.000131332442791,-0.00017649788267,2.51863264543e-10,-4.44533329141e-14
e0_diagonal,cosine_6,1970,62.3928676294,62.3931012518,-0.000122871160897,-0.000233622430301,1.71011653767e-10,-3.99521581628e-14
e0_diagonal,cosine_6,1972,62.3928270221,62.3931108957,-0.000113227213689,-0.000283873592778,1.13051790085e-10,-3.20924178214e-14
e0_diagonal,cosine_6,1974,62.3927936156,62.3931217031,-0.000102419890212,-0.000328087486182,7.24766776092e-11,-2.37786909636e-14
e0_diagonal,cosine_6,1976,62.3927662253,62.3931336241,-9.04988277668e-05,-0.000367398862892,4.48386397692e-11,-1.64736652648e-14
e0_diagonal,cosine_6,1978,62.3927435671,62.3931465773,-7.75456645385e-05,-0.000403010156802,2.66039247543e-11,-1.07216518868e-14
e0_diagonal,cosine_6,1980,62.3927244409,62.3931604493,-6.36736956068e-05,-0.000436008388746,1.50180001189e-11,-6.54797403405e-15
e0_diagonal,cosine_6,1982,62.3927078405,62.3931750974,-4.90255224221e-05,-0.000467256928587,7.98155517827e-12,-3.72943695795e-15
e0_diagonal,cosine_6,1984,62.3926931001,62.3931903533,-3.37696449719e-05,-0.00049725316866,3.93722834234e-12,-1.95779926897e-15
e0_diagonal,cosine_6,1986,62.3926800332,62.3932060271,-1.80958621741e-05,-0.000525993924676,1.76707504896e-12,-9.29470740197e-16
e0_diagonal,cosine_6,1988,62.3926689588,62.3932219131,-2.20987924138e-06,-0.000552954234379,7.00790470445e-13,-3.87505058045e-16
e0_diagonal,cosine_6,1990,62.392660743,62.3932377967,1.36737492369e-05,-0.000577053669161,2.34699680655e-13,-1.35434311873e-16
e0_diagonal,cosine_6,1992,62.3926568347,62.3932534635,2.93405006246e-05,-0.00059662878882,6.15264793696e-14,-3.67084688667e-17
e0_diagonal,cosine_6,1994,62.392659098,62.3932687072,4.45842778873e-05,-0.000609609185929,1.09505806049e-14,-6.67557452801e-18
e0_diagonal,cosine_6,1996,62.3926696485,62.393283338,5.92150773429e-05,-0.000613689564148,9.61379705088e-16,-5.89988692196e-19
e0_diagonal,cosine_6,1998,62.3926906706,62.39329719,7.30670370501e-05,-0.000606519420828,1.50216690851e-17,-9.11093403335e-21
e0_diagonal,cosine_6,2000,62.3927240882,62.3933101275,8.60045543192e-05,-0.000586039348661,5.27090436347e-98,-3.08895736003e-101
q20_from_e0,gamma_1,0,79.8125873639,79.8125873639,0,0,1,0
q20_from_e0,gamma_1,2,79.8116352575,79.8125825284,-4.83552952346e-06,-0.00094727082319,0.994945088566,-0.000942482453074
q20_from_e0,gamma_1,4,79.8106687391,79.8125681414,-1.92225085414e-05,-0.00189940228569,0.989915729261,-0.0018802481988
q20_from_e0,gamma_1,6,79.8096865592,79.8125445731,-4.27907549465e-05,-0.00285801391136,0.984911792922,-0.00281489160564
q20_from_e0,gamma_1,8,79.8086914483,79.8125124793,-7.48845665441e-05,-0.00382103103549,0.979933151038,-0.00374435498282
q20_from_e0,gamma_1,10,79.8076923678,79.8124727933,-0.000114570609668,-0.00478042547664,0.974979675748,-0.00466081768115
q20_from_e0,gamma_1,12,79.8067063858,79.8124267006,-0.000160663310652,-0.00572031481887,0.970051239837,-0.0055489984823
q20_from_e0,gamma_1,14,79.8057574989,79.8123756063,-0.00021175761195,-0.00661810742345,0.965147716732,-0.00638745126883
q20_from_e0,gamma_1,16,79.8048756891,79.8123210945,-0.000266269394132,-0.00744540542027,0.960268980503,-0.00714959187236
q20_from_e0,gamma_1,18,79.8040948126,79.8122648901,-0.000322473828604,-0.00817007746629,0.955414905854,-0.00780581379327
q20_from_e0,gamma_1,20,79.8034494894,79.8122088163,-0.000378547569198,-0.00875932692281,0.950585368121,-0.00832648800742
q20_from_e0,gamma_1,22,79.8029729637,79.812154751,-0.000432612929018,-0.00918178728969,0.945780243275,-0.00868395301654
q20_from_e0,gamma_1,24,79.8026949844,79.8121045838,-0.000482780128678,-0.00940959935062,0.940999407908,-0.00885442741759
q20_from_e0,gamma_1,26,79.8026393251,79.8120601696,-0.000527194283251,-0.00942084446959,0.936242739242,-0.00882019723218
q20_from_e0,gamma_1,28,79.8028222563,79.8120232806,-0.000564083332705,-0.00920102428518,0.931510115114,-0.00857084719105
q20_from_e0,gamma_1,30,79.8032513789,79.8119955617,-0.000591802222445,-0.00874418277431,0.926801413982,-0.00810412095934
q20_from_e0,gamma_1,32,79.8039244937,79.8119784845,-0.000608879350523,-0.00805399078776,0.922116514917,-0.00742671791638
q20_from_e0,gamma_1,34,79.8048293737,79.8119733029,-0.000614061008037,-0.00714392913294,0.917455297602,-0.0065542356287
q20_from_e0,gamma_1,36,79.805944017,79.8119810163,-0.00060634761951,-0.00603699923093,0.912817642327,-0.00551067940471
q20_from_e0,gamma_1,38,79.8072371163,79.8120023383,-0.000585025615919,-0.0047652219621,0.908203429989,-0.00432779093064
q20_from_e0,gamma_1,40,79.8086693314,79.8120376679,-0.000549695982244,-0.00336833650131,0.903612542086,-0.00304367110855
q20_from_e0,gamma_1,42,79.8101950731,79.8120870681,-0.000500295828076,-0.00189199497994,0.899044860715,-0.00170098836322
q20_from_e0,gamma_1,44,79.8117643345,79.8121502556,-0.00043710833431,-0.000385921051873,0.894500268569,-0.000345206484546
q20_from_e0,gamma_1,46,79.8133247542,79.8122266015,-0.000360762365531,0.00109815263924,0.889978648933,0.000977332402197
q20_from_e0,gamma_1,48,79.8148238612,79.812315135,-0.000272228915151,0.00250872622738,0.885479885684,0.00222142661303
q20_from_e0,gamma_1,50,79.8162115086,79.8124145535,-0.000172810433341,0.00379695518394,0.881003863285,0.00334513218577
q20_from_e0,gamma_1,52,79.8174420402,79.8125232472,-6.41167079323e-05,0.00491879303246,0.876550466783,0.00431157032861
q20_from_e0,gamma_1,54,79.8184759709,79.8126393327,5.19688214951e-05,0.00583663816248,0.872119581805,0.00509024643341
q20_from_e0,gamma_1,56,79.8192814164,79.8127606952,0.000173331348009,0.0065207211901,0.867711094559,0.00565810212118
q20_from_e0,gamma_1,58,79.8198353002,79.812885042,0.000297678117178,0.00695025815004,0.863324891826,0.00600033086554
q20_from_e0,gamma_1,60,79.8201242022,79.8130099596,0.000422595734648,0.00711424257022,0.858960860958,0.00611085592319
q20_from_e0,gamma_1,62,79.8201446976,79.8131329746,0.000545610687112,0.00701172307231,0.854618889881,0.00599235098821
q20_from_e0,gamma_1,64,79.8199031232,79.8132516193,0.000664255429058,0.00665150385535,0.850298867082,0.0056557661926
q20_from_e0,gamma_1,66,79.8194149749,79.8133634987,0.000776134838276,0.00605147615158,0.846000681616,0.00511955294902
q20_from_e0,gamma_1,68,79.8187039298,79.8134663562,0.000878992359375,0.00523757358701,0.841724223097,0.00440859255844
q20_from_e0,gamma_1,70,79.8178006733,79.8135581397,0.000970775823717,0.00424253361376,0.837469381697,0.00355299200235
q20_from_e0,gamma_1,72,79.8167414948,79.813637061,0.00104969706823,0.00310443382941,0.833236048144,0.00258672617574
q20_from_e0,gamma_1,74,79.815566727,79.8137016496,0.00111428574428,0.00186507738597,0.829024113716,0.00154619412692
q20_from_e0,gamma_1,76,79.8143191051,79.8137508015,0.00116343757253,0.000568303648137,0.824833470245,0.000468755870246
q20_from_e0,gamma_1,78,79.8130421201,79.8137838136,0.00119644966931,-0.000741693498682,0.820664010104,-0.000608681160897
q20_from_e0,gamma_1,80,79.8117786738,79.8138004083,0.00121304439301,-0.0020217344821,0.816515626216,-0.00165077779669
q20_from_e0,gamma_1,82,79.8105695514,79.8138007416,0.00121337768336,-0.00323119020494,0.812388212041,-0.00262498083336
q20_from_e0,gamma_1,84,79.8094523983,79.8137853978,0.00119803393498,-0.00433299949405,0.808281661578,-0.00350228403067
q20_from_e0,gamma_1,86,79.8084607481,79.8137553737,0.00116800986009,-0.00529462569128,0.804195869365,-0.00425791611076
q20_from_e0,gamma_1,88,79.8076229821,79.8137120474,0.00112468349462,-0.00608906525915,0.800130730469,-0.00487204823368
q20_from_e0,gamma_1,90,79.806962026,79.8136571351,0.0010697711694,-0.00669510902262,0.796086140491,-0.00532988350198
q20_from_e0,gamma_1,92,79.8064949846,79.8135926373,0.00100527339443,-0.00709765270567,0.792061995557,-0.00562178096582
q20_from_e0,gamma_1,94,79.806232628,79.8135207718,0.000933407951791,-0.00728814381118,0.788058192319,-0.0057434814372
q20_from_e0,gamma_1,96,79.8061794402,79.8134439021,0.000856538179164,-0.0072644618372,0.784074627951,-0.00569588021226
q20_from_e0,gamma_1,98,79.8063338419,79.8133644623,0.000777098391836,-0.00703062037212,0.780111200149,-0.00548466569629
q20_from_e0,gamma_1,100,79.8066886662,79.8132848744,0.00069751050151,-0.00659620821028,0.776167807123,-0.0051197644619
q20_from_e0,gamma_1,102,79.807231661,79.8132074656,0.000620101713167,-0.00597580458984,0.7722443476,-0.00461478131686
q20_from_e0,gamma_1,104,79.8079458238,79.8131343949,0.000547030981522,-0.00518857105774,0.768340720817,-0.00398659042652
q20_from_e0,gamma_1,106,79.808810176,79.8130675833,0.000480219410463,-0.00425740729467,0.764456826522,-0.0032546040697
q20_from_e0,gamma_1,108,79.8098006038,79.8130086515,0.000421287655087,-0.00320804770161,0.760592564968,-0.00244001722991
q20_from_e0,gamma_1,110,79.8108904001,79.8129588675,0.000371503594693,-0.00206846740963,0.756747836915,-0.00156530823797
q20_from_e0,gamma_1,112,79.8120510491,79.8129191049,0.000331740993758,-0.000868055786256,0.752922543621,-0.000653578770593
q20_from_e0,gamma_1,114,79.8132528552,79.8128898159,0.000302452027654,0.000363039238735,0.749116586846,0.000271958715412
q20_from_e0,gamma_1,116,79.8144653297,79.8128710183,0.000283654444885,0.00159431140177,0.745329868846,0.00118828790798
q20_from_e0,gamma_1,118,79.815658057,79.8128622992,0.000274935275399,0.00279575781599,0.741562292369,0.00207322857493
q20_from_e0,gamma_1,120,79.8168012191,79.8128628348,0.000275470934696,0.00393838428158,0.737813760658,0.00290579411771
q20_from_e0,gamma_1,122,79.8178662435,79.8128714264,0.000284062561605,0.00499481702025,0.734084177443,0.00366661614379
q20_from_e0,gamma_1,124,79.8188266373,79.8128865492,0.000299185301401,0.00594008806928,0.730373446941,0.00433848259829
q20_from_e0,gamma_1,126,79.8196584489,79.8129064113,0.000319047413711,0.00675203764595,0.726681473852,0.00490658066807
q20_from_e0,gamma_1,128,79.8203407815,79.8129290214,0.000341657499192,0.00741176010457,0.723008163361,0.00535876306048
q20_from_e0,gamma_1,130,79.8208565314,79.812952266,0.000364902070871,0.00790426541555,0.719353421129,0.00568596036818
q20_from_e0,gamma_1,132,79.8211927216,79.8129739915,0.000386627658017,0.008218730099,0.715717153295,0.00588228611016
q20_from_e0,gamma_1,134,79.8213407908,79.8129920847,0.000404720852629,0.00834870608756,0.712099266473,0.00594510748095
q20_from_e0,gamma_1,136,79.8212969219,79.8130045528,0.000417188933739,0.00829236908416,0.708499667748,0.00587514074097
q20_from_e0,gamma_1,138,79.8210621629,79.8130096011,0.000422237175513,0.00805256179642,0.704918264677,0.00567639788773
q20_from_e0,gamma_1,140,79.8206424863,79.8130056986,0.000418334750123,0.00763678770144,0.70135496528,0.0053560989732
q20_from_e0,gamma_1,142,79.8200486423,79.8129916322,0.000404268298283,0.00705701006876,0.697809678047,0.00492444992406
q20_from_e0,gamma_1,144,79.8192957591,79.812966548,0.000379184119879,0.00632921104651,0.694282311926,0.00439425927804
q20_from_e0,gamma_1,146,79.8184029707,79.8129299831,0.000342619249764,0.00547298761356,0.690772776329,0.00378059084863
q20_from_e0,gamma_1,148,79.8173929132,79.8128818824,0.000294518486442,0.00451103083415,0.687280981123,0.00310034569757
q20_from_e0,gamma_1,150,79.8162911343,79.8128225981,0.000235234172862,0.00346853624498,0.683806836633,0.00237180879743
q20_from_e0,gamma_1,152,79.8151254137,79.8127528757,0.000165511816562,0.00237253798743,0.680350253636,0.00161415682151
q20_from_e0,gamma_1,154,79.8139249698,79.8126738288,8.64649591392e-05,0.00125114091287,0.676911143359,0.000846911225835
q20_from_e0,gamma_1,156,79.8127196973,79.8125869012,-4.62685576963e-07,0.000132796050806,0.673489417481,8.94367349013e-05
q20_from_e0,gamma_1,158,79.8115393664,79.8124938163,-9.35475364798e-05,-0.000954449964027,0.670084988123,-0.000639562592809
q20_from_e0,gamma_1,160,79.8104128866,79.8123965191,-0.000190844789927,-0.00198363251835,0.666697767855,-0.00132248337223
q20_from_e0,gamma_1,162,79.8093676218,79.8122971097,-0.000290254144048,-0.00292948795502,0.663327669685,-0.00194321041857
q20_from_e0,gamma_1,164,79.8084287023,79.8121977742,-0.000389589652514,-0.00376907195805,0.659974607062,-0.0024874917845
q20_from_e0,gamma_1,166,79.8076182806,79.8121007137,-0.000486650164049,-0.00448243311789,0.656638493875,-0.00294333813142
q20_from_e0,gamma_1,168,79.8069550079,79.8120080769,-0.000579287026966,-0.00505306891753,0.653319244444,-0.00330126716733
q20_from_e0,gamma_1,170,79.8064536695,79.8119218965,-0.00066546738276,-0.00546822701702,0.650016773525,-0.0035544392825
q20_from_e0,gamma_1,172,79.8061248193,79.8118440299,-0.000743334024889,-0.00571921055869,0.646730996304,-0.0036987907427
q20_from_e0,gamma_1,174,79.8059745592,79.8117761061,-0.000811257817446,-0.00580154684656,0.643461828395,-0.00373307394141
q20_from_e0,gamma_1,176,79.8060044048,79.8117194842,-0.000867879641049,-0.0057150794685,0.640209185842,-0.00365884637355
q20_from_e0,gamma_1,178,79.8062112462,79.8116752236,-0.000912140270131,-0.00546397745119,0.636972985108,-0.00348040602764
q20_from_e0,gamma_1,180,79.8065873849,79.8116440653,-0.000943298609144,-0.00505668036284,0.633753143082,-0.00320468707351
q20_from_e0,gamma_1,182,79.8071207977,79.8116264242,-0.000960939659251,-0.00450562650849,0.630549577072,-0.00284102088937
q20_from_e0,gamma_1,184,79.8077954234,79.8116223913,-0.000964972630996,-0.00382696789674,0.627362204805,-0.00240089501742
q20_from_e0,gamma_1,186,79.8085915114,79.8116317455,-0.00095561840331,-0.00304023408478,0.624190944423,-0.00189768658464
q20_from_e0,gamma_1,188,79.809486133,79.811653978,-0.000933385856129,-0.00216784505051,0.62103571448,-0.00134630919982
q20_from_e0,gamma_1,190,79.8104537672,79.8116883216,-0.000899042263001,-0.00123455439524,0.617896433946,-0.000762826758331
q20_from_e0,gamma_1,192,79.811467007,79.8117337855,-0.000853578388046,-0.000266778519148,0.614773022197,-0.000164008236474
q20_from_e0,gamma_1,194,79.8124971989,79.8117891966,-0.000798167263071,0.000708002314354,0.611665399017,0.000433060518115
q20_from_e0,gamma_1,196,79.8135152103,79.811853244,-0.000734119872547,0.00166196631584,0.608573484598,0.00101142863211
q20_from_e0,gamma_1,198,79.8144922551,79.811924523,-0.00066284089371,0.00256773214784,0.605497199532,0.00155475462466
q20_from_e0,gamma_1,200,79.8154007043,79.812001579,-0.000585784836943,0.00339912520469,0.602436464814,0.00204775697178
q20_from_e0,gamma_1,202,79.8162149229,79.8120829507,-0.000504413190882,0.00413197215865,0.59939120184,0.00247666775814
q20_from_e0,gamma_1,204,79.8169119597,79.8121672098,-0.000420154042573,0.00474474983605,0.5963613324,0.00282958533413
q20_from_e0,gamma_1,206,79.8174721413,79.8122529974,-0.000334366483258,0.00521914388695,0.593346778682,0.0030967622128
q20_from_e0,gamma_1,208,79.8178797521,79.8123390538,-0.000248310072692,0.0055406983146,0.590347463266,0.00327093719475
q20_from_e0,gamma_1,210,79.8181235118,79.8124242431,-0.000163120746038,0.00569926864415,0.587363309123,0.00334754129041
q20_from_e0,gamma_1,212,79.8181968597,79.8125075689,-7.97949793139e-05,0.00568929076853,0.584394239616,0.00332478875263
q20_from_e0,gamma_1,214,79.8180981957,79.8125881836,8.19730800572e-07,0.00551001204362,0.581440178492,0.00320374238613
q20_from_e0,gamma_1,216,79.8178308549,79.8126653922,7.80282774713e-05,0.00516546275846,0.578501049885,0.00298822562891
q20_from_e0,gamma_1,218,79.8174029064,79.8127386496,0.000151285681511,0.00466425685337,0.575576778313,0.00268463793289
q20_from_e0,gamma_1,220,79.8168268661,79.8128075546,0.000220190668188,0.00401931154562,0.572667288675,0.00230172824517
q20_from_e0,gamma_1,222,79.8161194045,79.8128718387,0.000284474783655,0.00324756583232,0.56977250625,0.00185037372349
q20_from_e0,gamma_1,224,79.8153007499,79.8129313497,0.000343985839294,0.00236940019221,0.566892356693,0.00134319485891
q20_from_e0,gamma_1,226,79.8143939852,79.8129860325,0.000398668659244,0.00140795270116,0.564026766037,0.000794123008767
q20_from_e0,gamma_1,228,79.8134243852,79.8130359097,0.000448545849508,0.000388475464405,0.561175660688,0.000218002975398
q20_from_e0,gamma_1,230,79.8124186948,79.8130810614,0.000493697514287,-0.000662366609248,0.558338967424,-0.000369825088664
q20_from_e0,gamma_1,232,79.8114043482,79.8131216057,0.000534241791883,-0.00171725749183,0.555516613393,-0.000953965066188
q20_from_e0,gamma_1,234,79.8104086792,79.8131576825,0.000570318617605,-0.00274900330371,0.552708526112,-0.00151939756427
q20_from_e0,gamma_1,236,79.8094581961,79.8131894398,0.000602075962121,-0.00373124373077,0.549914633464,-0.00205186552857
q20_from_e0,gamma_1,238,79.8085778989,79.8132170224,0.000629658495995,-0.00463912345482,0.547134863695,-0.00253822617912
q20_from_e0,gamma_1,240,79.8077906843,79.8132405635,0.000653199587987,-0.00544987921123,0.544369145417,-0.00296674608884
q20_from_e0,gamma_1,242,79.8071167832,79.8132601812,0.000672817336351,-0.00614339805831,0.541617407599,-0.00332737133019
q20_from_e0,gamma_1,244,79.8065732009,79.8132759789,0.000688614977392,-0.00670277799136,0.538879579572,-0.00361199018595
q20_from_e0,gamma_1,246,79.8061733681,79.8132880489,0.000700685032939,-0.00711468084224,0.536155591024,-0.00381457591191
q20_from_e0,gamma_1,248,79.805926945,79.8132964796,0.00070911572783,-0.00736953456502,0.533445371996,-0.00393124410747
q20_from_e0,gamma_1,250,79.8058396039,79.8133013634,0.000713999525487,-0.00746175949868,0.530748852885,-0.00396032029443
q20_from_e0,gamma_1,252,79.8059129321,79.8133028067,0.000715442772787,-0.00738987454585,0.52806596444,-0.00390234122915
q20_from_e0,gamma_1,254,79.8061444727,79.8133009391,0.000713575204045,-0.00715646639136,0.525396637758,-0.00375998338025
q20_from_e0,gamma_1,256,79.8065278202,79.8132959235,0.000708559601634,-0.00676810323773,0.522740804287,-0.00353796372999
q20_from_e0,gamma_1,258,79.8070528279,79.8132879638,0.000700599939734,-0.00623513590646,0.520098395818,-0.00324288418266
q20_from_e0,gamma_1,260,79.8077058762,79.8132773108,0.000689946927039,-0.0055714346277,0.51746934449,-0.00288304662466
q20_from_e0,gamma_1,262,79.8084702,79.8132642642,0.000676900314986,-0.00479406421276,0.514853582783,-0.00246824113603
q20_from_e0,gamma_1,264,79.8093263059,79.8132491708,0.0006618069322,-0.00392286490462,0.512251043521,-0.00200949164098
q20_from_e0,gamma_1,266,79.8102523624,79.8132324194,0.000645055513957,-0.00298005701438,0.509661659863,-0.00151882080444
q20_from_e0,gamma_1,268,79.8112246932,79.813214433,0.000627069073573,-0.00198973974179,0.507085365311,-0.00100896790384
q20_from_e0,gamma_1,270,79.8122183796,79.813195657,0.000608293088959,-0.000977277362054,0.5045220937,-0.000493058020829
q20_from_e0,gamma_1,272,79.8132078103,79.8131765429,0.000589178993465,3.12673867313e-05,0.5019717792,1.56953457484e-05
q20_from_e0,gamma_1,274,79.8141673209,79.8131575289,0.000570165010359,0.00100979200732,0.499434356313,0.000504324821188
q20_from_e0,gamma_1,276,79.8150719246,79.8131390193,0.000551655394815,0.00193290533674,0.496909759875,0.000960479526742
q20_from_e0,gamma_1,278,79.8158979651,79.8131213626,0.000533998714076,0.00277660250009,0.494397925048,0.00137274651473
q20_from_e0,gamma_1,280,79.8166238563,79.81310483,0.000517466114246,0.0035190262992,0.491898787323,0.00173100476914
q20_from_e0,gamma_1,282,79.8172308059,79.8130895951,0.000502231219372,0.00414121075406,0.489412282519,0.00202675940753
q20_from_e0,gamma_1,284,79.8177033701,79.8130757173,0.000488353415449,0.00462765281183,0.486938346776,0.00225338160965
q20_from_e0,gamma_1,286,79.8180300003,79.8130631294,0.000475765526005,0.00496687092479,0.484476916559,0.00240633431059
q20_from_e0,gamma_1,288,79.8182035174,79.8130516307,0.000464266832125,0.00515188668331,0.482027928653,0.00248335326661
q20_from_e0,gamma_1,290,79.8182212998,79.8130408849,0.000453521016979,0.00518041492569,0.479591320165,0.00248448203321
q20_from_e0,gamma_1,292,79.8180853312,79.813030423,0.000443059154378,0.00505490820336,0.477167028517,0.00241203552682
q20_from_e0,gamma_1,294,79.8178020758,79.8130196547,0.000432290789718,0.00478242115999,0.474754991448,0.00227047831691
q20_from_e0,gamma_1,296,79.8173822928,79.8130078875,0.000420523657823,0.0043744052397,0.472355147014,0.0020662728301
q20_from_e0,gamma_1,298,79.816840625,79.8129943541,0.000406990223269,0.00384627086984,0.46996743358,0.00180762204955
q20_from_e0,gamma_1,300,79.8161951081,79.8129782437,0.000390879864455,0.00321686430328,0.467591789826,0.0015041793372
q20_from_e0,gamma_1,302,79.81546664,79.8129587399,0.000371375977693,0.00250790016551,0.465228154741,0.00116674576628
q20_from_e0,gamma_1,304,79.8146781937,79.812935061,0.000347697106875,0.00174313266804,0.462876467622,0.000806855091979
q20_from_e0,gamma_1,306,79.8138540806,79.8129065039,0.000319139982707,0.000947576730852,0.460536668073,0.00043639383037
q20_from_e0,gamma_1,308,79.8130191824,79.8128724863,0.000285122372532,0.000146696154715,0.458208696004,6.72174537608e-05
q20_from_e0,gamma_1,310,79.8121981459,79.8128325873,0.000245223444011,-0.00063444145394,0.455892491627,-0.000289237095228
q20_from_e0,gamma_1,312,79.8114146217,79.8127865824,0.000199218535954,-0.00137196070736,0.453587995458,-0.000622304907099
q20_from_e0,gamma_1,314,79.8106905271,79.8127344709,0.000147107039979,-0.00204394385732,0.451295148313,-0.000922421946232
q20_from_e0,gamma_1,316,79.8100454537,79.8126764991,8.91352169106e-05,-0.00263104539133,0.449013891308,-0.00118137592937
q20_from_e0,gamma_1,318,79.809496234,79.8126131771,2.58132241413e-05,-0.00311694310638,0.446744165855,-0.00139247614807
q20_from_e0,gamma_1,320,79.8090566349,79.8125452862,-4.20777215453e-05,-0.0034886512578,0.444485913662,-0.00155065634177
q20_from_e0,gamma_1,322,79.8087371231,79.8124738729,-0.000113490998103,-0.0037367497936,0.442239076735,-0.00165253677871
q20_from_e0,gamma_1,324,79.8085448889,79.8124002331,-0.000187130805926,-0.00385534418297,0.440003597369,-0.0016963653096
q20_from_e0,gamma_1,326,79.8084840226,79.8123258868,-0.000261477126912,-0.00384186414115,0.437779418154,-0.00168188904834
q20_from_e0,gamma_1,328,79.8085555368,79.8122525394,-0.000334824513942,-0.00369700252162,0.435566481967,-0.00161029038217
q20_from_e0,gamma_1,330,79.8087575142,79.8121820302,-0.000405333705956,-0.00342451592999,0.433364731977,-0.00148406442815
q20_from_e0,gamma_1,332,79.8090852949,79.8121162769,-0.000471087028387,-0.00303098192163,0.431174111638,-0.00130688093745
q20_from_e0,gamma_1,334,79.8095315426,79.8120572158,-0.000530148091286,-0.00252567320386,0.428994564691,-0.00108350007664
q20_from_e0,gamma_1,336,79.810086355,79.8120067372,-0.00058062671161,-0.00192038218006,0.426826035161,-0.000819669111908
q20_from_e0,gamma_1,338,79.8107374509,79.8119666185,-0.000620745340058,-0.00122916763942,0.424668467355,-0.000521988737556
q20_from_e0,gamma_1,340,79.8114702225,79.8119384578,-0.000648906115259,-0.000468235267505,0.422521805863,-0.000197839610795
q20_from_e0,gamma_1,342,79.8122679556,79.8119236084,-0.000663755464927,0.000344347206749,0.420385995556,0.000144758743326
q20_from_e0,gamma_1,344,79.8131121653,79.8119231218,-0.000664242087851,0.00118904353265,0.41826098158,0.000497330515107
q20_from_e0,gamma_1,346,79.8139828451,79.8119376969,-0.000649667007082,0.0020451482269,0.416146709362,0.00085108170478
q20_from_e0,gamma_1,348,79.8148589889,79.8119676423,-0.00061972157701,0.00289134657027,0.414043124602,0.00119714216826
q20_from_e0,gamma_1,350,79.8157191496,79.8120128516,-0.000574512277183,0.00370629800446,0.411950173277,0.00152681010515
q20_from_e0,gamma_1,352,79.8165419156,79.8120727884,-0.000514575443702,0.00446912715242,0.409867801636,0.00183175132119
q20_from_e0,gamma_1,354,79.8173064301,79.8121464856,-0.000440878293887,0.00515994455401,0.407795956199,0.00210420452333
q20_from_e0,gamma_1,356,79.8179929151,79.8122325621,-0.000354801787111,0.00576035297129,0.405734583757,0.0023371744151
q20_from_e0,gamma_1,358,79.8185830474,79.8123292577,-0.000258106161212,0.00625378971701,0.40368363137,0.00252455254279
q20_from_e0,gamma_1,360,79.819060435,79.8124344819,-0.000152881998901,0.00662595310718,0.401643046366,0.00266126799104
q20_from_e0,gamma_1,362,79.8194111124,79.8125458723,-4.1491583687e-05,0.00686524009315,0.399612776338,0.00274343765385
q20_from_e0,gamma_1,364,79.8196239065,79.8126608615,7.34975656371e-05,0.00696304507949,0.397592769146,0.00276845637484
q20_from_e0,gamma_1,366,79.8196908142,79.8127767526,0.000189388719974,0.006914061553,0.395582972911,0.00273508502403
q20_from_e0,gamma_1,368,79.8196074148,79.8128908018,0.000303437891603,0.00671661300376,0.393583336018,0.00264354695276
q20_from_e0,gamma_1,370,79.8193729543,79.8130002989,0.000412935020563,0.0063726553602,0.391593807112,0.00249549237391
q20_from_e0,gamma_1,372,79.8189906129,79.813102648,0.000515284129534,0.00588796493088,0.389614335099,0.00229403554163
q20_from_e0,gamma_1,374,79.8184677004,79.8131954455,0.000608081604781,0.00527225491138,0.387644869142,0.0020437625652
q20_from_e0,gamma_1,376,79.8178153567,79.8132765541,0.00068919021632,0.0045388025664,0.38568535866,0.00175054969571
q20_from_e0,gamma_1,378,79.8170484571,79.813344168,0.000756804161412,0.00370428907279,0.383735753331,0.0014214681579
q20_from_e0,gamma_1,380,79.8161853083,79.8133968663,0.000809502446884,0.00278844192698,0.381796003083,0.00106461598255
q20_from_e0,gamma_1,382,79.8152470039,79.8134336542,0.000846290357401,0.00181334962571,0.379866058102,0.000688829974277
q20_from_e0,gamma_1,384,79.8142568158,79.8134539896,0.000866625688161,0.000802826259459,0.377945868821,0.000303424868144
q20_from_e0,gamma_1,386,79.8132395498,79.8134577927,0.000870428813229,-0.000218242856391,0.376035385927,-8.20670367289e-05
q20_from_e0,gamma_1,388,79.8122206206,79.8134454427,0.000858078811632,-0.00122482211475,0.374134560355,-0.000458248283415
q20_from_e0,gamma_1,390,79.811225269,79.8134177551,0.000830391181609,-0.00219248602318,0.372243343288,-0.000816138327379
q20_from_e0,gamma_1,392,79.8102780342,79.8133759431,0.000788579232051,-0.00309790891777,0.370361686156,-0.00114734677034
q20_from_e0,gamma_1,394,79.8094019359,79.8133215683,0.000734204376428,-0.00391963232151,0.368489540633,-0.00144434351361
q20_from_e0,gamma_1,396,79.8086179007,79.8132564808,0.000669116940969,-0.00463858014315,0.366626858641,-0.00170062806644
q20_from_e0,gamma_1,398,79.8079441248,79.8131827543,0.000595390419335,-0.00523862951333,0.364773592341,-0.00191091370652
q20_from_e0,gamma_1,400,79.8073955144,79.8131026133,0.000515249408949,-0.00570709885568,0.362929694138,-0.00207127564211
q20_from_e0,gamma_1,402,79.8069834003,79.8130183547,0.000430990796843,-0.00603495435062,0.361095116677,-0.00217919254538
q20_from_e0,gamma_1,404,79.8067152994,79.8129322683,0.000344904414433,-0.0062169688797,0.359269812843,-0.00223356924586
q20_from_e0,gamma_1,406,79.8065944991,79.8128465612,0.000259197362141,-0.00625206212018,0.357453735758,-0.00223482296105
q20_from_e0,gamma_1,408,79.8066199872,79.8127632839,0.000175920030529,-0.00614329671069,0.355646838782,-0.00218484405486
q20_from_e0,gamma_1,410,79.8067866113,79.812684267,9.69031375604e-05,-0.00589765575673,0.35384907551,-0.00208688003719
q20_from_e0,gamma_1,412,79.8070851917,79.8126110721,2.37082389845e-05,-0.00552588046526,0.352060399772,-0.00194544368569
q20_from_e0,gamma_1,414,79.8075029277,79.8125449502,-4.24136799069e-05,-0.0050420224578,0.350280765632,-0.00176612348685
q20_from_e0,gamma_1,416,79.8080238553,79.8124868119,-0.000100551961111,-0.00446295666067,0.348510127384,-0.00155538559432
q20_from_e0,gamma_1,418,79.8086294524,79.812437213,-0.000150150883201,-0.00380776056809,0.346748439556,-0.00132033503519
q20_from_e0,gamma_1,420,79.80929931,79.8123963522,-0.000191011664953,-0.00309704222677,0.344995656904,-0.00106846611749
q20_from_e0,gamma_1,422,79.8100117899,79.8123640827,-0.00022328115044,-0.00235229282229,0.343251734414,-0.000807428591101
q20_from_e0,gamma_1,424,79.8107448033,79.8123399387,-0.000247425177861,-0.00159513537079,0.341516627296,-0.000544765251914
q20_from_e0,gamma_1,426,79.8114764268,79.8123231734,-0.000264190453521,-0.000846746610833,0.339790290992,-0.000287716277291
q20_from_e0,gamma_1,428,79.8121855061,79.8123128076,-0.000274556324399,-0.000127301441324,0.338072681165,-4.30371395847e-05
q20_from_e0,gamma_1,430,79.8128522545,79.8123076877,-0.000279676181407,0.000544566752481,0.336363753703,0.000183172517006
q20_from_e0,gamma_1,432,79.8134585797,79.8123065488,-0.000280815127439,0.00115203094572,0.334663464718,0.000385542667757
q20_from_e0,gamma_1,434,79.8139883278,79.8123080768,-0.00027928706271,0.00168025100123,0.332971770544,0.000559476150839
q20_from_e0,gamma_1,436,79.8144276053,79.8123109723,-0.00027639153717,0.00211663299154,0.331288627734,0.000701216439185
q20_from_e0,gamma_1,438,79.8147649991,79.8123140106,-0.000273353242918,0.00245098844621,0.329613993061,0.000807880088703
q20_from_e0,gamma_1,440,79.8149918038,79.8123160993,-0.000271264541155,0.00267570441865,0.327947823519,0.000877491440476
q20_from_e0,gamma_1,442,79.8151023477,79.8123163294,-0.000271034527088,0.00278601834675,0.326290076316,0.00090905013898
q20_from_e0,gamma_1,444,79.8150941557,79.8123140158,-0.000273348039499,0.00278013990393,0.324640708878,0.000902546589193
q20_from_e0,gamma_1,446,79.814968023,79.8123087299,-0.000278633945243,0.00265929305587,0.322999678847,0.000858950803006
q20_from_e0,gamma_1,448,79.8147281513,79.8123003203,-0.000287043608608,0.002427831018,0.321366944077,0.000780224634989
q20_from_e0,gamma_1,450,79.8143820889,79.8122889234,-0.000298440503286,0.00209316548545,0.319742462637,0.000669273887023
q20_from_e0,gamma_1,452,79.8139406481,79.8122749576,-0.000312406269273,0.00166569052317,0.318126192806,0.000529899784529
q20_from_e0,gamma_1,454,79.8134177805,79.8122591003,-0.000328263601176,0.00115868024182,0.316518093077,0.000366743260625
q20_from_e0,gamma_1,456,79.8128301605,79.8122422537,-0.00034511022811,0.000587906797534,0.314918122149,0.000185142504678
q20_from_e0,gamma_1,458,79.8121967212,79.8122255002,-0.000361863717103,-2.87789493996e-05,0.313326238932,-9.01719997578e-06
q20_from_e0,gamma_1,460,79.8115381076,79.8122100509,-0.000377312936592,-0.000671943335675,0.311742402544,-0.000209473229837
q20_from_e0,gamma_1,462,79.8108758295,79.8121971944,-0.000390169493699,-0.00132136486994,0.310166572309,-0.000409843212478
q20_from_e0,gamma_1,464,79.8102316203,79.8121882415,-0.000399122383413,-0.00195662120863,0.308598707756,-0.000603810776553
q20_from_e0,gamma_1,466,79.8096268806,79.812184469,-0.00040289486148,-0.00255758844538,0.30703876862,-0.000785278806907
q20_from_e0,gamma_1,468,79.8090818214,79.8121870657,-0.000400298169623,-0.00310524434038,0.305486714837,-0.000948610892308
q20_from_e0,gamma_1,470,79.8086148063,79.8121970821,-0.000390281827364,-0.00358227571211,0.303942506549,-0.00108880585909
q20_from_e0,gamma_1,472,79.8082418294,79.8122153844,-0.000371979528438,-0.00397355492694,0.302406104098,-0.00120162726488
q20_from_e0,gamma_1,474,79.8079759843,79.812242616,-0.000344747891631,-0.00426663166022,0.300877468024,-0.00128373333092
q20_from_e0,gamma_1,476,79.807827241,79.8122791664,-0.000308197505888,-0.00445192539998,0.299356559071,-0.00133271306898
q20_from_e0,gamma_1,478,79.8078022213,79.812325152,-0.000262211843108,-0.00452293071501,0.297843338177,-0.0013471247825
q20_from_e0,gamma_1,480,79.8079039585,79.8123804103,-0.000206953575145,-0.00447645176757,0.296337766482,-0.00132654171856
q20_from_e0,gamma_1,482,79.8081319696,79.8124445038,-0.000142860130666,-0.00431253411942,0.294839805317,-0.00127150672019
q20_from_e0,gamma_1,484,79.8084823319,79.812516739,-7.06248762583e-05,-0.00403440715233,0.293349416214,-0.00118349098291
q20_from_e0,gamma_1,486,79.8089476799,79.8125961949,8.83097749238e-06,-0.00364851500294,0.291866560896,-0.00106487952628
q20_from_e0,gamma_1,488,79.8095175858,79.8126817566,9.43927489772e-05,-0.00316417079819,0.29039120128,-0.00091884735914
q20_from_e0,gamma_1,490,79.8101788909,79.8127721576,0.000184793680262,-0.00259326667938,0.288923299476,-0.000749255165429
q20_from_e0,gamma_1,492,79.8109159926,79.8128660229,0.00027865900843,-0.00195003026143,0.287462817786,-0.000560561193717
q20_from_e0,gamma_1,494,79.8117114839,79.8129619146,0.000374550709665,-0.00125043070454,0.286009718701,-0.000357635334062
q20_from_e0,gamma_1,496,79.8125466408,79.813058379,0.00047101509368,-0.000511738156334,0.284563964904,-0.000145622238759
q20_from_e0,gamma_1,498,79.8134017688,79.8131539951,0.000566631201295,0.000247773695918,0.283125519264,7.01510563167e-05
q20_from_e0,gamma_1,500,79.814257011,79.8132474183,0.000660054429147,0.00100959273024,0.281694344839,0.0002843965627
q20_from_e0,gamma_1,502,79.8150930137,79.8133374176,0.000750053701751,0.00175559609799,0.280270404874,0.00049204162918
q20_from_e0,gamma_1,504,79.8158913669,79.8134229013,0.000835537384205,0.00246846560717,0.2788536628,0.000688340676054
q20_from_e0,gamma_1,506,79.81663516,79.8135029352,0.000915571314891,0.00313222478479,0.277444082231,0.000869017230759
q20_from_e0,gamma_1,508,79.8173092248,79.8135767564,0.000989392542238,0.00373246840564,0.276041626968,0.0010303166513
q20_from_e0,gamma_1,510,79.8179003725,79.8136437775,0.00105641359552,0.00425659497752,0.274646260991,0.00116905789513
q20_from_e0,gamma_1,512,79.8183977005,79.8137035837,0.00111621983942,0.00469411680798,0.273257948466,0.00128270472881
q20_from_e0,gamma_1,514,79.8187926621,79.8137559227,0.00116855884293,0.00503673940072,0.271876653738,0.00136937185402
q20_from_e0,gamma_1,516,79.8190792701,79.8138006831,0.00121331924331,0.00527858698203,0.270502341332,0.00142787013756
q20_from_e0,gamma_1,518,79.8192539994,79.8138378688,0.00125050493139,0.00541613054257,0.269134975954,0.00145767016334
q20_from_e0,gamma_1,520,79.8193156277,79.8138675697,0.00128020577461,0.00544805799265,0.267774522487,0.00145885112746
q20_from_e0,gamma_1,522,79.8192652969,79.8138899296,0.00130256571468,0.00537536726803,0.266420945991,0.0014321104326
q20_from_e0,gamma_1,524,79.8191063552,79.8139051151,0.00131775121838,0.00520124005823,0.265074211705,0.00137871460832
q20_from_e0,gamma_1,526,79.8188441813,79.8139132847,0.00132592082838,0.00493089663446,0.263734285041,0.0013004464985
q20_from_e0,gamma_1,528,79.8184860262,79.8139145623,0.00132719844071,0.00457146390393,0.262401131588,0.0011995573014
q20_from_e0,gamma_1,530,79.818040764,79.8139090184,0.00132165452968,0.00413174555555,0.261074717108,0.00107869430208
q20_from_e0,gamma_1,532,79.817518803,79.8138966569,0.00130929300022,0.00362214613833,0.259755007535,0.000940870597453
q20_from_e0,gamma_1,534,79.8169319974,79.8138774051,0.0012900412024,0.00305459228962,0.258441968977,0.00078943484575
q20_from_e0,gamma_1,536,79.8162935428,79.813851112,0.00126374810276,0.00244243078838,0.257135567713,0.000628035827369
q20_from_e0,gamma_1,538,79.8156178575,79.8138175548,0.00123019092858,0.00180030270026,0.255835770191,0.000460581827899
q20_from_e0,gamma_1,540,79.8149204263,79.8137764491,0.00118908521605,0.00114397722101,0.254542543031,0.000291190871005
q20_from_e0,gamma_1,542,79.8142174956,79.8137274641,0.00114010021565,0.000490031487203,0.25325585302,0.000124103342298
q20_from_e0,gamma_1,544,79.8135256719,79.8136702456,0.00108288173213,-0.000144573726786,0.251975667113,-3.64290612538e-05
q20_from_e0,gamma_1,546,79.8128614201,79.8136044477,0.00101708380808,-0.00074302756353,0.250701952432,-0.000186278460888
q20_from_e0,gamma_1,548,79.8122406156,79.8135297708,0.000942406942741,-0.00128915525039,0.249434676266,-0.000321560022538
q20_from_e0,gamma_1,550,79.8116779353,79.8134459979,0.000858633975128,-0.0017680626104,0.248173806069,-0.00043878682739
q20_from_e0,gamma_1,552,79.8111864471,79.8133530307,0.000765666851606,-0.00216658365002,0.246919309459,-0.000534971338748
q20_from_e0,gamma_1,554,79.8107773417,79.8132509265,0.000663562658445,-0.00247358486496,0.245671154218,-0.000607688448831
q20_from_e0,gamma_1,556,79.8104595834,79.8131399253,0.000552561413031,-0.00268034191983,0.244429308291,-0.000655154121448
q20_from_e0,gamma_1,558,79.8102393717,79.8130204754,0.000433111545675,-0.0027811036951,0.243193739786,-0.000676347008344
q20_from_e0,gamma_1,560,79.8101200279,79.8128932545,0.000305890618833,-0.0027732265565,0.24196441697,-0.000671022146869
q20_from_e0,gamma_1,562,79.8101019263,79.8127591806,0.000171816736298,-0.00265725437063,0.240741308272,-0.000639710893598
q20_from_e0,gamma_1,564,79.8101822694,79.8126194138,3.20499556352e-05,-0.00243714447885,0.23952438228,-0.000583755525823
q20_from_e0,gamma_1,566,79.81035526,79.8124753456,-0.000112018244153,-0.00212008568133,0.238313607741,-0.000505245267438
q20_from_e0,gamma_1,568,79.8106121812,79.812328579,-0.000258784906507,-0.00171639776066,0.237108953561,-0.000406973276924
q20_from_e0,gamma_1,570,79.8109415131,79.812180901,-0.000406462928424,-0.00123938781553,0.2359103888,-0.000292384461436
q20_from_e0,gamma_1,572,79.8113294039,79.8120342466,-0.000553117322667,-0.000704842705773,0.234717882678,-0.00016543918752
q20_from_e0,gamma_1,574,79.811760062,79.8118906551,-0.000696708807496,-0.000130593098092,0.233531404569,-3.04975896244e-05
q20_from_e0,gamma_1,576,79.8122161771,79.8117522192,-0.000835144692104,0.00046395789127,0.232350924002,0.000107801044735
q20_from_e0,gamma_1,578,79.8126795391,79.8116210262,-0.000966337712981,0.0010585129636,0.231176410659,0.00024470322756
q20_from_e0,gamma_1,580,79.8131315873,79.8114990994,-0.00108826450878,0.0016324878743,0.230007834378,0.000375485000617
q20_from_e0,gamma_1,582,79.8135540868,79.8113883395,-0.00119902441548,0.00216574735313,0.228845165146,0.000495620810692
q20_from_e0,gamma_1,584,79.813929794,79.8112904633,-0.00129690061686,0.00263933077656,0.227688373104,0.000600944930598
q20_from_e0,gamma_1,586,79.8142430152,79.8112069498,-0.00138041403855,0.00303606535452,0.226537428543,0.000687782438302
q20_from_e0,gamma_1,588,79.8144802161,79.8111389925,-0.00144837135477,0.00334122354852,0.225392301905,0.00075308606678
q20_from_e0,gamma_1,590,79.8146305166,79.8110874587,-0.00149990519682,0.00354305786989,0.224252963781,0.000794541228171
q20_from_e0,gamma_1,592,79.8146859285,79.811052863,-0.00153450087493,0.00363306549102,0.22311938491,0.000810607337694
q20_from_e0,gamma_1,594,79.8146417696,79.8110353514,-0.001552012454,0.00360641815928,0.22199153618,0.000800594307287
q20_from_e0,gamma_1,596,79.8144966173,79.8110346963,-0.00155266754808,0.00346192095415,0.220869388626,0.000764632364614
q20_from_e0,gamma_1,598,79.814252159,79.8110503048,-0.00153705908835,0.00320185415762,0.219752913428,0.000703616779508
q20_from_e0,gamma_1,600,79.813913208,79.8110812419,-0.00150612202549,0.00283196616533,0.218642081913,0.000619186978295
q20_from_e0,gamma_1,602,79.813487399,79.8111262672,-0.00146109664398,0.0023611317574,0.217536865553,0.000513633201661
q20_from_e0,gamma_1,604,79.8129848582,79.8111838803,-0.00140348360367,0.00180097790779,0.216437235964,0.000389798680394
q20_from_e0,gamma_1,606,79.812418018,79.8112523723,-0.00133499159477,0.001165645692,0.215343164905,0.000251013832473
q20_from_e0,gamma_1,608,79.811801135,79.8113298913,-0.0012574726059,0.00047124369361,0.214254624278,0.000100966140518
q20_from_e0,gamma_1,610,79.8111497894,79.8114145147,-0.00117284922621,-0.000264725242033,0.213171586128,-5.64318997324e-05
q20_from_e0,gamma_1,612,79.810480685,79.8115043237,-0.00108304016746,-0.00102363868386,0.21209402264,-0.00021710764619
q20_from_e0,gamma_1,614,79.8098111806,79.8115974749,-0.000989888992649,-0.00178629429661,0.21102190614,-0.000376947227397
q20_from_e0,gamma_1,616,79.8091588417,79.8116922658,-0.000895098042378,-0.0025334241256,0.209955209093,-0.000531905592013
q20_from_e0,gamma_1,618,79.8085410676,79.8117871959,-0.000800167947773,-0.00324612835132,0.208893904106,-0.000678096424538
q20_from_e0,gamma_1,620,79.807974499,79.8118810192,-0.000706344653878,-0.00390652026982,0.207837963922,-0.000811923218899
q20_from_e0,gamma_1,622,79.8074745974,79.8119727854,-0.00061457845004,-0.0044981880765,0.206787361422,-0.000930168443517
q20_from_e0,gamma_1,624,79.8070552898,79.8120618671,-0.000525496782558,-0.00500657732303,0.205742069624,-0.00103006358017
q20_from_e0,gamma_1,626,79.8067285147,79.812147973,-0.000439390848555,-0.00541945837401,0.204702061684,-0.00110937430237
q20_from_e0,gamma_1,628,79.8065039579,79.8122311453,-0.000356218553989,-0.00572718740914,0.203667310891,-0.00116644085859
q20_from_e0,gamma_1,630,79.8063888547,79.8123117414,-0.000275622483699,-0.00592288669584,0.202637790673,-0.00120020067445
q20_from_e0,gamma_1,632,79.8063878473,79.8123904026,-0.000196961319403,-0.0060025553046,0.201613474588,-0.00121019603137
q20_from_e0,gamma_1,634,79.8065030427,79.8124680074,-0.000119356460772,-0.00596496469312,0.20059433633,-0.00119653813385
q20_from_e0,gamma_1,636,79.8067339655,79.812545614,-4.17498963543e-05,-0.00581164844476,0.199580349725,-0.00115989082909
q20_from_e0,gamma_1,638,79.8070776095,79.8126243942,3.70302833232e-05,-0.00554678463163,0.198571488733,-0.00110143328199
q20_from_e0,gamma_1,640,79.8075286067,79.8127055627,0.00011819883747,-0.0051769560463,0.197567727444,-0.00102279944115
q20_from_e0,gamma_1,642,79.8080792474,79.8127903036,0.000202939683163,-0.00471105617379,0.19656904008,-0.000926047789844
q20_from_e0,gamma_1,644,79.8087196211,79.812879696,0.00029233213462,-0.00416007496925,0.195575400991,-0.000813608330265
q20_from_e0,gamma_1,646,79.8094378466,79.8129746438,0.000387279907514,-0.00353679720709,0.194586784661,-0.000688213996524
q20_from_e0,gamma_1,648,79.8102201719,79.813075811,0.000488447116567,-0.0028556390813,0.193603165698,-0.000552860766231
q20_from_e0,gamma_1,650,79.8110513323,79.8131835664,0.000596202546021,-0.00213223417164,0.192624518842,-0.00041072058137
q20_from_e0,gamma_1,652,79.8119148838,79.8132979359,0.000710571968625,-0.00138305206966,0.191650818959,-0.000265063061812
q20_from_e0,gamma_1,654,79.8127934417,79.8134185676,0.000831203722583,-0.00062512590776,0.190682041043,-0.000119200284
q20_from_e0,gamma_1,656,79.8136689978,79.8135447148,0.000957350958615,0.000124282950409,0.189718160213,2.35787326975e-05
q20_from_e0,gamma_1,658,79.814523218,79.8136752346,0.00108787067273,0.000847983418538,0.188759151716,0.000160064630752
q20_from_e0,gamma_1,660,79.815337814,79.813808607,0.0012212431121,0.00152920697427,0.187804990922,0.00028719270192
q20_from_e0,gamma_1,662,79.8160950807,79.8139429698,0.00135560587063,0.00215211097,0.186855653325,0.000402134101329
q20_from_e0,gamma_1,664,79.8167783752,79.8140761608,0.00148879693782,0.00270221441522,0.185911114547,0.000502371693679
q20_from_e0,gamma_1,666,79.8173725978,79.814205775,0.00161841109589,0.00316682279765,0.184971350328,0.000585771489132
q20_from_e0,gamma_1,668,79.8178646853,79.8143292331,0.00174186922618,0.00353545217513,0.184036336534,0.000650651666303
q20_from_e0,gamma_1,670,79.8182439509,79.8144438596,0.00185649568581,0.00380009134402,0.183106049152,0.000695819712422
q20_from_e0,gamma_1,672,79.8185024284,79.8145469677,0.00195960377822,0.00395546076238,0.182180464291,0.000720607678176
q20_from_e0,gamma_1,674,79.8186352013,79.8146359477,0.00204858381841,0.00399925357343,0.181259558179,0.000724902935764
q20_from_e0,gamma_1,676,79.8186405898,79.8147083544,0.00212099051819,0.00393223537799,0.180343307166,0.00070915233262
q20_from_e0,gamma_1,678,79.818520249,79.8147619916,0.00217462773837,0.003758257339,0.17943168772,0.000674350457223
q20_from_e0,gamma_1,680,79.8182792118,79.8147949887,0.00220762482479,0.00348422306905,0.17852467643,0.000622019796013
q20_from_e0,gamma_1,682,79.8179256988,79.8148058669,0.00221850301136,0.00311983194933,0.177622250002,0.000554151570469
q20_from_e0,gamma_1,684,79.8174708826,79.8147935936,0.00220622970571,0.00267728904414,0.176724385259,0.000473142260488
q20_from_e0,gamma_1,686,79.8169286075,79.8147576219,0.00217025799957,0.00217098561772,0.175831059144,0.00038172670055
q20_from_e0,gamma_1,688,79.8163149123,79.8146979144,0.00211055055428,0.00161699786533,0.174942248712,0.000282881242723
q20_from_e0,gamma_1,690,79.8156475761,79.8146149508,0.00202758689093,0.00103262537182,0.174057931139,0.000179736635861
q20_from_e0,gamma_1,692,79.8149456182,79.8145097171,0.00192235323391,0.000435901117584,0.173178083712,7.54885202313e-05
q20_from_e0,gamma_1,694,79.8142287603,79.8143836811,0.00179631720584,-0.000154920787466,0.172302683837,-2.66932674625e-05
q20_from_e0,gamma_1,696,79.813516862,79.8142387504,0.00165138656074,-0.000721888475013,0.17143170903,-0.000123754575001
q20_from_e0,gamma_1,698,79.8128293291,79.8140772175,0.00148985358013,-0.0012478883514,0.170565136924,-0.000212846247523
q20_from_e0,gamma_1,700,79.8121845435,79.8139016952,0.00131433127758,-0.00171715170053,0.169702945263,-0.000291405701044
q20_from_e0,gamma_1,702,79.8115994207,79.8137150443,0.00112768039801,-0.00211562356746,0.168845111905,-0.000357212697996
q20_from_e0,gamma_1,704,79.8110889319,79.8135202905,0.000932926637404,-0.00243135865323,0.167991614818,-0.000408447866357
q20_from_e0,gamma_1,706,79.8106656862,79.8133205386,0.000733174676242,-0.00265485237522,0.167142432083,-0.000443738482815
q20_from_e0,gamma_1,708,79.8103395523,79.8131188873,0.000531523439847,-0.00277933507289,0.166297541892,-0.000462196590716
q20_from_e0,gamma_1,710,79.8101173672,79.8129183494,0.00033098547938,-0.00280098221022,0.165456922546,-0.000463441896609
q20_from_e0,gamma_1,712,79.810002838,79.8127217758,0.000134411959607,-0.00271893783639,0.164620552456,-0.000447593048721
q20_from_e0,gamma_1,714,79.8099965009,79.8125317866,-5.55773089843e-05,-0.00253528567237,0.163788410143,-0.000415250409536
q20_from_e0,gamma_1,716,79.8100957152,79.8123507111,-0.00023665276106,-0.00225499591269,0.162960474236,-0.000367475203333
q20_from_e0,gamma_1,718,79.8102948153,79.8121805448,-0.000406819054845,-0.00188572956378,0.162136723472,-0.000305746012825
q20_from_e0,gamma_1,720,79.8105853225,79.8120229165,-0.000564447414618,-0.00143759398456,0.161317136694,-0.000231908545318
q20_from_e0,gamma_1,722,79.8109562116,79.8118790701,-0.000708293758166,-0.000922858537379,0.160501692855,-0.000148120357515
q20_from_e0,gamma_1,724,79.811394295,79.8117498609,-0.000837502943455,-0.000355565987974,0.159690371013,-5.67804645391e-05
q20_from_e0,gamma_1,726,79.8118846881,79.8116357629,-0.000951601003493,0.000248925256216,0.158883150331,3.95500289044e-05
q20_from_e0,gamma_1,728,79.8124112645,79.8115368897,-0.0010504742246,0.000874374870136,0.158080010077,0.000138221188282
q20_from_e0,gamma_1,730,79.812957131,79.8114530263,-0.00113433756655,0.00150410464028,0.157280929627,0.000236566976078
q20_from_e0,gamma_1,732,79.8135051393,79.8113836708,-0.00120369305255,0.00212146849977,0.156485888457,0.00033197988302
q20_from_e0,gamma_1,734,79.8140383541,79.8113280843,-0.00125927961565,0.00271026982531,0.15569486615,0.000421975097683
q20_from_e0,gamma_1,736,79.8145405261,79.8112853439,-0.00130201996873,0.00325518214257,0.154907842391,0.000504253242295
q20_from_e0,gamma_1,738,79.8149965395,79.8112543994,-0.00133296451114,0.00374214012039,0.154124796967,0.000576756586279
q20_from_e0,gamma_1,740,79.8153928525,79.8112341314,-0.00135323247247,0.00415872103969,0.153345709769,0.000637722029561
q20_from_e0,gamma_1,742,79.8157178344,79.8112234075,-0.00136395637759,0.00449442691647,0.152570560787,0.000685717235061
q20_from_e0,gamma_1,744,79.8159620301,79.8112211328,-0.00136623106233,0.00474089728483,0.151799330115,0.00071966503198
q20_from_e0,gamma_1,746,79.8161183921,79.8112262954,-0.00136106849125,0.00489209673403,0.151031997945,0.000738863143881
q20_from_e0,gamma_1,748,79.816182423,79.8112380025,-0.00134936138765,0.0049444205452,0.150268544572,0.000742990879078
q20_from_e0,gamma_1,750,79.8161522044,79.8112555104,-0.00133185353479,0.00489669406045,0.149508950388,0.000732099589347
q20_from_e0,gamma_1,752,79.8160284277,79.8112782448,-0.00130911910598,0.00475018295354,0.148753195885,0.000706604895377
q20_from_e0,gamma_1,754,79.81581442,79.8113058093,-0.00128155460277,0.0045086107439,0.148001261654,0.000667280078404
q20_from_e0,gamma_1,756,79.8155158709,79.8113379829,-0.00124938094055,0.00417788793445,0.147253128384,0.000615207068386
q20_from_e0,gamma_1,758,79.8151405953,79.8113747095,-0.00121265438815,0.00376588578342,0.146508776862,0.00055173531993
q20_from_e0,gamma_1,760,79.8146983707,79.8114160777,-0.00117128620843,0.00328229306868,0.14576818797,0.000478453913009
q20_from_e0,gamma_1,762,79.8142005071,79.8114622954,-0.00112506844289,0.00273821164097,0.14503134269,0.00039712651086
q20_from_e0,gamma_1,764,79.8136596575,79.8115136592,-0.00107370471609,0.00214599831504,0.144298222098,0.000309663741485
q20_from_e0,gamma_1,766,79.8130896997,79.8115705181,-0.00101684578809,0.00151918158076,0.143568807365,0.000218107087721
q20_from_e0,gamma_1,768,79.8125052311,79.8116332348,-0.000954129106191,0.000871996276828,0.142843079759,0.00012455863372
q20_from_e0,gamma_1,770,79.8119213071,79.8117021442,-0.000885219711463,0.000219162927763,0.142121020642,3.11476589805e-05
q20_from_e0,gamma_1,772,79.8113531392,79.8117775138,-0.000809850086426,-0.000424374622554,0.141402611469,-6.00076798705e-05
q20_from_e0,gamma_1,774,79.8108156139,79.8118595056,-0.000727858294596,-0.00104389170826,0.140687833792,-0.000146862863149
q20_from_e0,gamma_1,776,79.8103229644,79.8119481408,-0.000639223065775,-0.00162517643908,0.139976669252,-0.000227486784889
q20_from_e0,gamma_1,778,79.8098884133,79.812043274,-0.000544089913063,-0.00215486067813,0.139269099586,-0.000300105506377
q20_from_e0,gamma_1,780,79.8095235967,79.8121445762,-0.000442787690019,-0.0026209794591,0.138565106622,-0.000363176298204
q20_from_e0,gamma_1,782,79.8092382696,79.8122515264,-0.000335837444396,-0.00301325688375,0.13786467228,-0.000415421672774
q20_from_e0,gamma_1,784,79.8090399995,79.8123634126,-0.000223951296562,-0.00332341310265,0.137167778572,-0.000455865192567
q20_from_e0,gamma_1,786,79.8089338277,79.8124793407,-0.00010802314624,-0.00354551302162,0.1364744076,-0.000483871789263
q20_from_e0,gamma_1,788,79.808922232,79.8125982509,1.08870436293e-05,-0.00367601897241,0.135784541556,-0.000499146550921
q20_from_e0,gamma_1,790,79.8090050936,79.8127189414,0.000131577552438,-0.00371384780726,0.135098162724,-0.000501734015399
q20_from_e0,gamma_1,792,79.8091796431,79.8128400992,0.00025273536157,-0.00366045615719,0.134415253477,-0.00049202114221
q20_from_e0,gamma_1,794,79.8094407348,79.8129603343,0.000372970374826,-0.00351959948757,0.133735796275,-0.000470696440041
q20_from_e0,gamma_1,796,79.8097810162,79.8130782204,0.000490856518383,-0.00329720423807,0.133059773669,-0.000438725249659
q20_from_e0,gamma_1,798,79.8101909812,79.8131923391,0.000604975222416,-0.00300135794342,0.132387168298,-0.000397341279178
q20_from_e0,gamma_1,800,79.8106593254,79.8133013208,0.000713956872616,-0.00264199532573,0.131717962887,-0.000347998242263
q20_from_e0,gamma_1,802,79.811173129,79.8134038853,0.00081652141148,-0.00223075629511,0.13105214025,-0.000292345386851
q20_from_e0,gamma_1,804,79.8117181761,79.813498876,0.000911512115806,-0.0017806999187,0.130389683288,-0.00023218489843
q20_from_e0,gamma_1,806,79.8122792498,79.8135852871,0.00099792321825,-0.00130603735022,0.129730574987,-0.000169432976399
q20_from_e0,gamma_1,808,79.8128402358,79.8136622898,0.00107492588995,-0.000822053979661,0.12907479842,-0.000106106451715
q20_from_e0,gamma_1,810,79.8133845985,79.8137292514,0.00114188751394,-0.00034465294226,0.128422336746,-4.42611362114e-05
q20_from_e0,gamma_1,812,79.8138959821,79.8137857462,0.00119838229585,0.000110235889792,0.127773173207,1.40851894401e-05
q20_from_e0,gamma_1,814,79.8143586231,79.8138315553,0.00124419145682,0.000527067738588,0.127127291133,6.70046938504e-05
q20_from_e0,gamma_1,816,79.8147579608,79.8138666562,0.00127929229868,0.000891304605688,0.126484673936,0.000112736372428
q20_from_e0,gamma_1,818,79.8150811242,79.8138912032,0.00130383926785,0.001189921029,0.125845305111,0.000149745974952
q20_from_e0,gamma_1,820,79.8153173664,79.8139055053,0.00131814139982,0.0014118610772,0.125209168239,0.000176777951146
q20_from_e0,gamma_1,822,79.8154586977,79.8139100025,0.00132263860787,0.00154869519717,0.124576246983,0.000192930635385
q20_from_e0,gamma_1,824,79.815500309,79.8139052385,0.00131787465166,0.00159507044678,0.123946525088,0.000197703439149
q20_from_e0,gamma_1,826,79.8154408336,79.8138918284,0.00130446451841,0.00154900524002,0.123319986381,0.000191023305103
q20_from_e0,gamma_1,828,79.8152824118,79.8138704249,0.00128306106447,0.00141198685887,0.122696614772,0.000173246007685
q20_from_e0,gamma_1,830,79.8150305707,79.813841686,0.0012543221268,0.00118888469329,0.122076394251,0.000145134756537
q20_from_e0,gamma_1,832,79.8146939612,79.8138062422,0.00121887827561,0.00088771900451,0.121459308889,0.000107821736776
q20_from_e0,gamma_1,834,79.8142838813,79.8137646702,0.00117730635584,0.000519211072444,0.12084534284,6.27442400559e-05
q20_from_e0,gamma_1,836,79.8138135618,79.8137174741,0.00113011024777,9.60876607223e-05,0.120234480335,1.15530499535e-05
q20_from_e0,gamma_1,838,79.8132976393,79.8136650706,0.00107770670053,-0.000367431248392,0.119626705685,-4.3954589811e-05
q20_from_e0,gamma_1,840,79.8127516069,79.8136077848,0.00102042093845,-0.000856177918592,0.119022003283,-0.000101904011038
q20_from_e0,gamma_1,842,79.8121912793,79.8135458542,0.000958490300349,-0.00135457485774,0.118420357598,-0.000160409239047
q20_from_e0,gamma_1,844,79.8116323327,79.8134794371,0.000892073257603,-0.00184710447556,0.117821753178,-0.000217629087613
q20_from_e0,gamma_1,846,79.8110897312,79.8134086326,0.000821268746307,-0.00231890142638,0.117226174651,-0.000271835943606
q20_from_e0,gamma_1,848,79.8105775133,79.8133335071,0.000746143192259,-0.00275599379727,0.11663360672,-0.000321441496673
q20_from_e0,gamma_1,850,79.81010857,79.813254126,0.000666762115685,-0.00314555604666,0.116044034168,-0.000365023013355
q20_from_e0,gamma_1,852,79.8096941891,79.8131705865,0.00058322265869,-0.0034763974609,0.115457441852,-0.000401375957698
q20_from_e0,gamma_1,854,79.8093442041,79.8130830475,0.000495683663189,-0.00373884346234,0.114873814709,-0.000429495211121
q20_from_e0,gamma_1,856,79.8090668056,79.8129917586,0.000404394733224,-0.00392495298952,0.11429313775,-0.000448595192694
q20_from_e0,gamma_1,858,79.8088683254,79.8128970867,0.000309722779548,-0.00402876125378,0.113715396061,-0.000458132181609
q20_from_e0,gamma_1,860,79.8087533852,79.8127995373,0.000212173427471,-0.00404615213394,0.113140574805,-0.000457783978183
q20_from_e0,gamma_1,862,79.8087245827,79.8126997693,0.000112405413347,-0.00397518656588,0.11256865922,-0.000447481421871
q20_from_e0,gamma_1,864,79.8087823749,79.8125986008,1.12369051237e-05,-0.00381622590686,0.111999634617,-0.000427415907186
q20_from_e0,gamma_1,866,79.8089252628,79.8124970095,-9.035435518e-05,-0.00357174673239,0.111433486384,-0.00039801219087
q20_from_e0,gamma_1,868,79.8091498409,79.8123961272,-0.00019123669972,-0.00324628626208,0.110870199979,-0.000359916407067
q20_from_e0,gamma_1,870,79.8094506381,79.8122972213,-0.00029014259519,-0.00284658318169,0.110309760938,-0.000314005910261
q20_from_e0,gamma_1,872,79.8098201165,79.812201665,-0.000385698929392,-0.00238154843589,0.109752154866,-0.000261380072756
q20_from_e0,gamma_1,874,79.8102487756,79.8121109028,-0.000476461075579,-0.00186212723764,0.109197367443,-0.000203339392195
q20_from_e0,gamma_1,876,79.8107254966,79.81202642,-0.000560943919623,-0.00130092340611,0.108645384422,-0.00014133932356
q20_from_e0,gamma_1,878,79.8112377569,79.8119497037,-0.000637660212391,-0.000711946724948,0.108096191626,-7.69587296073e-05
q20_from_e0,gamma_1,880,79.8117722443,79.811882195,-0.000705168860321,-0.000109950748822,0.107549774951,-1.18251782915e-05
q20_from_e0,gamma_1,882,79.8123150656,79.8118252425,-0.000762121406297,0.000489823094512,0.107006120364,5.24140690082e-05
q20_from_e0,gamma_1,884,79.8128523704,79.8117800534,-0.000807310528387,0.00107231703169,0.106465213902,0.000114164462149
q20_from_e0,gamma_1,886,79.8133710289,79.8117476455,-0.000839718350363,0.00162338331722,0.105927041675,0.000171960192298
q20_from_e0,gamma_1,888,79.8138587074,79.8117288075,-0.000858556342621,0.0021298998839,0.105391589861,0.000224473535008
q20_from_e0,gamma_1,890,79.8143043966,79.8117240655,-0.000863298340846,0.00258033107674,0.104858844708,0.000270570535672
q20_from_e0,gamma_1,892,79.8146988841,79.8117336579,-0.000853706013203,0.00296522620249,0.104328792535,0.000309358469299
q20_from_e0,gamma_1,894,79.8150348037,79.8117575152,-0.000829848658611,0.00327728845959,0.103801419729,0.000340187194966
q20_from_e0,gamma_1,896,79.815306795,79.8117952479,-0.000792116030283,0.0035115471765,0.103276712745,0.000362661049039
q20_from_e0,gamma_1,898,79.8155116298,79.8118461481,-0.000741215765331,0.00366548164399,0.102754658109,0.000376645313134
q20_from_e0,gamma_1,900,79.8156480467,79.8119092055,-0.000678158375976,0.00373884119927,0.102235242413,0.00038224133635
q20_from_e0,gamma_1,902,79.8157166309,79.8119831309,-0.000604233024873,0.00373350007852,0.101718452317,0.000379765849713
q20_from_e0,gamma_1,904,79.8157198716,79.8120663939,-0.000520969946422,0.00365347765691,0.101204274549,0.00036974755585
q20_from_e0,gamma_1,906,79.8156621798,79.8121572686,-0.000430095262601,0.00350491122448,0.100692695905,0.0003529189601
q20_from_e0,gamma_1,908,79.8155496319,79.8122538788,-0.00033348512585,0.00329575316474,0.100183703245,0.000330180757024
q20_from_e0,gamma_1,910,79.8153897664,79.8123542478,-0.000233116049088,0.00303551857078,0.0996772834977,0.000302572245143
q20_from_e0,gamma_1,912,79.8151914498,79.8124563528,-0.000131011061598,0.00273509702438,0.0991734236576,0.000271248935944
q20_from_e0,gamma_1,914,79.8149644683,79.8125581797,-2.91842061841e-05,0.00240628857405,0.0986721107844,0.000237433572758
q20_from_e0,gamma_1,916,79.814719063,79.8126577807,7.04168263326e-05,0.00206128225142,0.0981733320033,0.000202362946821
q20_from_e0,gamma_1,918,79.8144656112,79.8127533325,0.000165968652766,0.00171227864818,0.0976770745048,0.000167250369092
q20_from_e0,gamma_1,920,79.8142143171,79.8128431928,0.000255828892449,0.00137112434012,0.097183325544,0.000133250423108
q20_from_e0,gamma_1,922,79.8139748024,79.812925949,0.000338585135438,0.00104885341335,0.0966920724405,0.000101415810223
q20_from_e0,gamma_1,924,79.8137557468,79.8130004554,0.000413091535961,0.000755291345996,0.0962033025779,7.26615218933e-05
q20_from_e0,gamma_1,926,79.8135646156,79.8130658632,0.000478499275673,0.000498752413691,0.0957170034037,4.77390864788e-05
q20_from_e0,gamma_1,928,79.8134074331,79.8131216425,0.000534278602544,0.000285790644568,0.0952331624287,2.72167468748e-05
q20_from_e0,gamma_1,930,79.8132885895,79.8131675885,0.000580224564771,0.000121001074831,0.094751767227,1.14650656766e-05
q20_from_e0,gamma_1,932,79.8132109309,79.8132038133,0.000616449418871,7.11755784266e-06,0.0942728054354,6.70992145677e-07
q20_from_e0,gamma_1,934,79.8131758696,79.8132307286,0.000643364757366,-5.48590000164e-05,0.0937962647533,-5.14556928964e-06
q20_from_e0,gamma_1,936,79.8131834519,79.8132490169,0.00066165305256,-6.55650388097e-05,0.0933221329421,-6.11866926815e-06
q20_from_e0,gamma_1,938,79.8132325184,79.813259595,0.000672231155065,-2.70766520458e-05,0.0928503978252,-2.51407791423e-06
q20_from_e0,gamma_1,940,79.8133207491,79.8132635726,0.0006762086783,5.71765403663e-05,0.0923810472875,5.28202867932e-06
q20_from_e0,gamma_1,942,79.8134449605,79.8132622038,0.000674839914993,0.000182756670753,0.0919140692753,1.67979092961e-05
q20_from_e0,gamma_1,944,79.8136012496,79.813256831,0.000669467068178,0.000344418672825,0.0914494517955,3.14968988179e-05
q20_from_e0,gamma_1,946,79.8137847608,79.8132488203,0.000661456436887,0.000535940484326,0.090987182916,4.87637148795e-05
q20_from_e0,gamma_1,948,79.8139897974,79.8132394987,0.000652134778534,0.000750298754667,0.0905272507647,6.79224835122e-05
q20_from_e0,gamma_1,950,79.8142099546,79.8132300952,0.000642731269451,0.000979859435589,0.0900696435297,8.82555900726e-05
q20_from_e0,gamma_1,952,79.8144379278,79.8132216884,0.000634324562071,0.0012162393337,0.0896143494587,0.000108992496676
q20_from_e0,gamma_1,954,79.8146656865,79.8132151553,0.000627791435562,0.00145053120619,0.0891613568589,0.00012933133051
q20_from_e0,gamma_1,956,79.8148848268,79.8132111254,0.000623761516636,0.00167370139835,0.0887106540966,0.00014847514581
q20_from_e0,gamma_1,958,79.8150867549,79.8132099492,0.000622585351138,0.00187680569567,0.0882622295969,0.00016565105522
q20_from_e0,gamma_1,960,79.8152630957,79.8132116774,0.000624313529073,0.00205141826791,0.0878160718433,0.000180147493995
q20_from_e0,gamma_1,962,79.815405976,79.8132160512,0.00062868736029,0.00218992476425,0.0873721693776,0.000191338477426
q20_from_e0,gamma_1,964,79.8155082522,79.8132225078,0.000635143867072,0.00228574443906,0.0869305107995,0.000198700931645
q20_from_e0,gamma_1,966,79.8155636975,79.8132302,0.000642836117947,0.0023334974602,0.0864910847665,0.000201826726633
q20_from_e0,gamma_1,968,79.8155670919,79.8132380288,0.000650664919334,0.00232906309728,0.0860538799931,0.00020042491627
q20_from_e0,gamma_1,970,79.815514428,79.8132446845,0.000657320605114,0.00226974350807,0.0856188852512,0.000194332908967
q20_from_e0,gamma_1,972,79.8154028731,79.8132486992,0.000661335275083,0.0021541739287,0.0851860893691,0.000183505652807
q20_from_e0,gamma_1,974,79.8152307385,79.8132485064,0.000661142518567,0.00198223206496,0.0847554812319,0.000168005032579
q20_from_e0,gamma_1,976,79.8149974422,79.813242508,0.000655144107299,0.00175493421935,0.0843270497807,0.000147988425277
q20_from_e0,gamma_1,978,79.8147034834,79.8132291461,0.000641782176672,0.00147433735739,0.0839007840126,0.000123698060184
q20_from_e0,gamma_1,980,79.8143506022,79.8132069744,0.000619610467339,0.001143627831,0.0834766729801,9.54662464592e-05
q20_from_e0,gamma_1,982,79.8139417831,79.8131747254,0.000587361485003,0.000767057727728,0.0830547057913,6.37077539014e-05
q20_from_e0,gamma_1,984,79.8134812594,79.8131313734,0.000544009515437,0.000349885965875,0.0826348716094,2.8912781868e-05
q20_from_e0,gamma_1,986,79.8129745831,79.8130761921,0.000488828179769,-0.000101609005455,0.082217159652,-8.35400382356e-06
q20_from_e0,gamma_1,988,79.8124285726,79.813008801,0.000421437151871,-0.000580228390831,0.0818015591916,-4.74635870572e-05
q20_from_e0,gamma_1,990,79.8118513404,79.812929201,0.000341837083994,-0.00107786054018,0.0813880595546,-8.77249778356e-05
q20_from_e0,gamma_1,992,79.8112522769,79.8128377961,0.000250432190654,-0.00158551919378,0.0809766501218,-0.000128390033016
q20_from_e0,gamma_1,994,79.8106419149,79.8127354021,0.000148038171034,-0.00209348716143,0.0805673203272,-0.000168666650736
q20_from_e0,gamma_1,996,79.8100318581,79.8126232394,3.58754757315e-05,-0.00259138127056,0.0801600596584,-0.000207725277246
q20_from_e0,gamma_1,998,79.8094345813,79.812502913,-8.4450899692e-05,-0.00306833165121,0.0797548576563,-0.000244714354084
q20_from_e0,gamma_1,1000,79.8088631284,79.8123763761,-0.000210987832375,-0.00351324764047,0.0793517039143,-0.000278782186544
q20_from_e0,gamma_1,1002,79.8083307608,79.8122458802,-0.000341483658275,-0.00391511944763,0.0789505880789,-0.000309100982789
q20_from_e0,gamma_1,1004,79.8078504862,79.8121139154,-0.000473448474651,-0.00426342919721,0.0785514998484,-0.000334898757938
q20_from_e0,gamma_1,1006,79.8074346987,79.81198314,-0.000604223847091,-0.00454844133074,0.0781544289737,-0.000355480834924
q20_from_e0,gamma_1,1008,79.8070947056,79.8118563039,-0.000731059954262,-0.00476159831595,0.077759365257,-0.000370258862657
q20_from_e0,gamma_1,1010,79.8068403912,79.8117361663,-0.00085119758964,-0.00489577508097,0.0773662985524,-0.00037876799656
q20_from_e0,gamma_1,1012,79.8066799259,79.8116254129,-0.000961951032934,-0.00494548691429,0.0769752187652,-0.000380679937129
q20_from_e0,gamma_1,1014,79.8066194345,79.8115265748,-0.00106078910912,-0.00490714028598,0.0765861158517,-0.000375818814443
q20_from_e0,gamma_1,1016,79.8066627871,79.811441952,-0.0011454119014,-0.00477916486682,0.076198979819,-0.000364167487238
q20_from_e0,gamma_1,1018,79.8068113,79.8113735431,-0.0012138207436,-0.00456224316548,0.0758138007246,-0.000345880994205
q20_from_e0,gamma_1,1020,79.8070634945,79.8113229889,-0.00126437498774,-0.00425949440734,0.0754305686765,-0.00032129608542
q20_from_e0,gamma_1,1022,79.8074149534,79.8112915256,-0.00129583823963,-0.00387657225374,0.0750492738324,-0.000290933932602
q20_from_e0,gamma_1,1024,79.8078583471,79.8112799502,-0.00130741367556,-0.00342160314693,0.0746699063999,-0.000255490786719
q20_from_e0,gamma_1,1026,79.808383436,79.8112886019,-0.00129876194293,-0.00290516589673,0.0742924566363,-0.000215831911404
q20_from_e0,gamma_1,1028,79.8089774159,79.8113173584,-0.00127000549477,-0.00233994250635,0.0739169148477,-0.000172961330991
q20_from_e0,gamma_1,1030,79.8096252853,79.8113656455,-0.0012217184034,-0.00174036018592,0.0735432713897,-0.000127991781469
q20_from_e0,gamma_1,1032,79.8103101705,79.8114324603,-0.0011549035675,-0.0011222897801,0.0731715166662,-8.21196453488e-05
q20_from_e0,gamma_1,1034,79.8110139137,79.811516406,-0.00107095784278,-0.000502492363665,0.0728016411299,-3.65822687301e-05
q20_from_e0,gamma_1,1036,79.8117177085,79.8116157403,-0.000971623599298,0.000101968207218,0.0724336352817,7.38592793198e-06
q20_from_e0,gamma_1,1038,79.8124026253,79.8117284316,-0.000858932284146,0.000674193748168,0.0720674896705,4.8587450982e-05
q20_from_e0,gamma_1,1040,79.8130502884,79.8118522226,-0.000735141294371,0.0011980657703,0.0717031948929,8.59051434221e-05
q20_from_e0,gamma_1,1042,79.8136435533,79.8119847021,-0.000602661813986,0.00165885121788,0.0713407415932,0.000118343676076
q20_from_e0,gamma_1,1044,79.8141670877,79.8121233783,-0.000463985620826,0.00204370947483,0.0709801204628,0.000145062744715
q20_from_e0,gamma_1,1046,79.8146080103,79.8122657496,-0.000321614246843,0.00234226068298,0.0706213222402,0.000165413546463
q20_from_e0,gamma_1,1048,79.8149562219,79.8124093782,-0.000177985726793,0.00254684372487,0.0702643377109,0.000178952287581
q20_from_e0,gamma_1,1050,79.8152048232,79.8125519569,-3.54069364334e-05,0.00265286623311,0.0699091577068,0.000185459643865
q20_from_e0,gamma_1,1052,79.8153505042,79.8126913679,0.000104004029268,0.00265913633122,0.0695557731061,0.000184958283312
q20_from_e0,gamma_1,1054,79.8153935351,79.8128257311,0.000238367172415,0.00256780403657,0.0692041748333,0.000177702759485
q20_from_e0,gamma_1,1056,79.8153377672,79.8129534423,0.00036607842857,0.00238432491109,0.0688543538586,0.000164171151142
q20_from_e0,gamma_1,1058,79.8151905345,79.8130732007,0.000485836780626,0.00211733380736,0.068506301198,0.000145050707544
q20_from_e0,gamma_1,1060,79.8149623272,79.813184024,0.000596660141468,0.0017783031409,0.0681600079128,0.000121209156155
q20_from_e0,gamma_1,1062,79.8146664889,79.8132852539,0.000697890056699,0.00138123495007,0.0678154651094,9.36690905646e-05
q20_from_e0,gamma_1,1064,79.8143187116,79.8133765491,0.000789185235647,0.000942162435578,0.0674726639394,6.35702093921e-05
q20_from_e0,gamma_1,1066,79.8139364389,79.8134578671,0.000870503253154,0.000478571808443,0.0671315955989,3.21272891095e-05
q20_from_e0,gamma_1,1068,79.8135382391,79.8135294343,0.000942070430341,8.80476871146e-06,0.0667922513287,5.88090324667e-07
q20_from_e0,gamma_1,1070,79.8131431457,79.8135917091,0.00100434518195,-0.000448563401605,0.0664546224138,-2.98091114823e-05
q20_from_e0,gamma_1,1072,79.8127698663,79.8136453395,0.00105797558885,-0.000875473222081,0.066118700183,-5.7885151489e-05
q20_from_e0,gamma_1,1074,79.8124360614,79.8136911152,0.00110375135628,-0.0012550538743,0.0657844760095,-8.25630614847e-05
q20_from_e0,gamma_1,1076,79.812157583,79.8137299178,0.00114255396232,-0.00157233486215,0.0654519413095,-0.000102912369116
q20_from_e0,gamma_1,1078,79.8119477936,79.8137626692,0.00117530531375,-0.00181487555901,0.0651210875429,-0.000118186670158
q20_from_e0,gamma_1,1080,79.8118170553,79.8137902795,0.00120291557403,-0.00197322414968,0.0647919062129,-0.000127848954043
q20_from_e0,gamma_1,1082,79.8117723556,79.8138135991,0.00122623517939,-0.00204124341832,0.0644643888653,-0.000131587509487
q20_from_e0,gamma_1,1084,79.8118170528,79.813833376,0.00124601216351,-0.00201632325329,0.0641385270889,-0.000129324003601
q20_from_e0,gamma_1,1086,79.8119508281,79.8138502184,0.00126285449647,-0.00189939031898,0.063814312515,-0.000121208287403
q20_from_e0,gamma_1,1088,79.8121698171,79.8138645662,0.0012772023386,-0.00169474912542,0.063491736817,-0.000107602565442
q20_from_e0,gamma_1,1090,79.812466929,79.8138766748,0.00128931095566,-0.00140974585662,0.0631707917105,-8.90547618733e-05
q20_from_e0,gamma_1,1092,79.8128323296,79.8138866084,0.00129924452216,-0.00105427882767,0.0628514689532,-6.62629730051e-05
q20_from_e0,gamma_1,1094,79.8132538283,79.8138942426,0.00130687873893,-0.000640414365805,0.0625337603441,-4.00475184722e-05
q20_from_e0,gamma_1,1096,79.8137174647,79.8138992737,0.00131190979869,-0.000181808994157,0.0622176577239,-1.13117297696e-05
q20_from_e0,gamma_1,1098,79.8142080903,79.8139012374,0.00131387355071,0.000306852894283,0.0619031529745,1.89951616555e-05
q20_from_e0,gamma_1,1100,79.8147099257,79.813899536,0.00131217214303,0.000810389657119,0.0615902380187,4.99120918698e-05
q20_from_e0,gamma_1,1102,79.8152070554,79.8138934695,0.00130610563428,0.00131358587808,0.0612789048203,8.04951039961e-05
q20_from_e0,gamma_1,1104,79.8156839009,79.813882272,0.00129490814726,0.00180162883575,0.0609691453836,0.000109843770414
q20_from_e0,gamma_1,1106,79.8161256968,79.81386515,0.00127778611363,0.00226054676278,0.0606609517535,0.000137126918114
q20_from_e0,gamma_1,1108,79.8165189845,79.8138413214,0.00125395752201,0.00267766304951,0.0603543160148,0.000161608521871
q20_from_e0,gamma_1,1110,79.8168519696,79.8138100563,0.0012226924409,0.00304191330048,0.0600492302927,0.000182664552311
q20_from_e0,gamma_1,1112,79.8171147368,79.8137707144,0.00118335054097,0.00334402241913,0.0597456867519,0.000199790915944
q20_from_e0,gamma_1,1114,79.8172994069,79.813722779,0.00113541506764,0.00357662793138,0.0594436775967,0.000212607917636
q20_from_e0,gamma_1,1116,79.8174003506,79.8136658877,0.00107852384048,0.00373446289092,0.0591431950711,0.000220868067244
q20_from_e0,gamma_1,1118,79.8174143135,79.8135998561,0.00101249219668,0.00381445743064,0.0588442314581,0.000224458815935
q20_from_e0,gamma_1,1120,79.8173404106,79.813524691,0.000937327135944,0.0038157195844,0.0585467790797,0.000223398091538
q20_from_e0,gamma_1,1122,79.8171801173,79.8134405986,0.000853234723564,0.00373951869625,0.0582508302967,0.000217830068966
q20_from_e0,gamma_1,1124,79.8169371008,79.8133479839,0.00076061998368,0.0035891168844,0.0579563775085,0.000208012213074
q20_from_e0,gamma_1,1126,79.8166169996,79.8132474441,0.000660080206487,0.00336955547473,0.0576634131532,0.000194300069482
q20_from_e0,gamma_1,1128,79.8162272353,79.8131397545,0.00055239058419,0.00308748079102,0.0573719297067,0.000177134730913
q20_from_e0,gamma_1,1130,79.8157766813,79.8130258474,0.000438483506485,0.00275083395266,0.0570819196832,0.000157022882748
q20_from_e0,gamma_1,1132,79.8152753245,79.8129067893,0.000319425366911,0.00236853528349,0.0567933756347,0.000134517114059
q20_from_e0,gamma_1,1134,79.814733986,79.8127837554,0.000196391482291,0.00195023063765,0.0565062901508,0.000110200298272
q20_from_e0,gamma_1,1136,79.8141640737,79.812658001,7.0637094268e-05,0.0015060727641,0.0562206558586,8.46723985685e-05
q20_from_e0,gamma_1,1138,79.8135774262,79.8125308316,-5.65323300918e-05,0.00104659461832,0.0559364654224,5.85428036787e-05
q20_from_e0,gamma_1,1140,79.8129860981,79.8124035745,-0.000183789416411,0.000582523677167,0.0556537115438,3.24196046965e-05
q20_from_e0,gamma_1,1142,79.8124021565,79.812277548,-0.000309815902028,0.000124608485521,0.0553723869609,6.89986927889e-06
q20_from_e0,gamma_1,1144,79.8118376383,79.8121540303,-0.000433333581299,-0.000316392045079,0.0550924844489,-1.74308238233e-05
q20_from_e0,gamma_1,1146,79.8113042472,79.8120342344,-0.000553129508603,-0.000729987149725,0.0548139968193,-4.00135133032e-05
q20_from_e0,gamma_1,1148,79.8108131038,79.8119192877,-0.000668076166505,-0.00110618393035,0.05453691692,-6.03278611076e-05
q20_from_e0,gamma_1,1150,79.8103745274,79.8118102183,-0.000777145571817,-0.00143569093215,0.0542612376351,-7.79023668402e-05
q20_from_e0,gamma_1,1152,79.8099976368,79.8117079457,-0.000879418159244,-0.00171030891762,0.0539869518845,-9.23343652434e-05
q20_from_e0,gamma_1,1154,79.8096900928,79.8116132769,-0.00097408702905,-0.00192318408915,0.0537140526241,-0.000103302011371
q20_from_e0,gamma_1,1156,79.8094579897,79.8115269082,-0.00106045569947,-0.00206891847739,0.0534425328454,-0.000110568243682
q20_from_e0,gamma_1,1158,79.8093055667,79.811449429,-0.00113793486756,-0.0021438623607,0.053172385575,-0.000113994276063
q20_from_e0,gamma_1,1160,79.8092350449,79.8113813244,-0.00120603946746,-0.00214627947744,0.0529036038752,-0.00011354591928
q20_from_e0,gamma_1,1162,79.8092464981,79.8113229829,-0.00126438102271,-0.00207648479007,0.052636180843,-0.000109298228928
q20_from_e0,gamma_1,1164,79.8093377747,79.8112747073,-0.00131265657967,-0.00193693264112,0.0523701096106,-0.000101437374724
q20_from_e0,gamma_1,1166,79.8095046226,79.8112367265,-0.00135063739174,-0.0017321038799,0.0521053833447,-9.02519366552e-05
q20_from_e0,gamma_1,1168,79.8097407656,79.8112092051,-0.00137815878725,-0.00146843946935,0.0518419952466,-7.612683199e-05
q20_from_e0,gamma_1,1170,79.8100380122,79.8111922514,-0.00139511248858,-0.00115423920299,0.0515799385521,-5.95355871646e-05
q20_from_e0,gamma_1,1172,79.8103864791,79.8111859237,-0.00140144022086,-0.00079944459236,0.0513192065309,-4.10268621453e-05
q20_from_e0,gamma_1,1174,79.8107748237,79.811190235,-0.00139712886946,-0.000415411334245,0.051059792487,-2.12108165233e-05
q20_from_e0,gamma_1,1176,79.8111905735,79.8112051553,-0.00138220854767,-1.4581811044e-05,0.0508016897581,-7.40780640767e-07
q20_from_e0,gamma_1,1178,79.8116205004,79.8112306117,-0.00135675221826,0.000389888707943,0.0505448917157,1.97068825241e-05
q20_from_e0,gamma_1,1180,79.8120509888,79.8112664862,-0.00132087768384,0.000784502553429,0.0502893917646,3.94521562497e-05
q20_from_e0,gamma_1,1182,79.8124684353,79.8113126101,-0.00127475380793,0.00115582521464,0.0500351833431,5.78319265271e-05
q20_from_e0,gamma_1,1184,79.8128596533,79.8113687544,-0.00121860951069,0.00149089894599,0.0497822599227,7.42203188477e-05
q20_from_e0,gamma_1,1186,79.8132122329,79.8114346201,-0.0011527438144,0.00177761279926,0.0495306150078,8.80462551931e-05
q20_from_e0,gamma_1,1188,79.8135149003,79.8115098266,-0.00107753730489,0.0020050737356,0.0492802421357,9.88105191904e-05
q20_from_e0,gamma_1,1190,79.8137577325,79.8115939008,-0.000993463090822,0.00216383173532,0.0490311348762,0.000106095125664
q20_from_e0,gamma_1,1192,79.8139324088,79.8116862683,-0.000901095618133,0.00224614048881,0.0487832868319,0.00010957411573
q20_from_e0,gamma_1,1194,79.8140327294,79.811786248,-0.000801115884173,0.00224648143509,0.0485366916375,0.000109036776684
q20_from_e0,gamma_1,1196,79.8140547053,79.8118930512,-0.000694312685738,0.00216165411956,0.0482913429599,0.000104389180448
q20_from_e0,gamma_1,1198,79.813996649,79.812005782,-0.000581581921665,0.00199086699794,0.0480472344982,9.56556535049e-05
q20_from_e0,gamma_1,1200,79.8138594521,79.812123442,-0.000463921922574,0.00173601016238,0.0478043599832,8.29888547366e-05
q20_from_e0,gamma_1,1202,79.8136465492,79.8122449404,-0.000342423528153,0.00140160885341,0.0475627131773,6.66643198816e-05
q20_from_e0,gamma_1,1204,79.8133638405,79.8123691064,-0.000218257453156,0.000994734085566,0.0473222878746,4.70730927558e-05
q20_from_e0,gamma_1,1206,79.8130194845,79.8124947066,-9.2657296932e-05,0.00052477791364,0.0470830779005,2.47081593884e-05
q20_from_e0,gamma_1,1208,79.8126236842,79.8126204645,3.31006131944e-05,3.21968451544e-06,0.0468450771116,1.50826369401e-07
q20_from_e0,gamma_1,1210,79.8121884775,79.812745082,0.000157718158135,-0.00055660455007,0.0466082793957,-2.59423803826e-05
q20_from_e0,gamma_1,1212,79.8117273191,79.812867263,0.000279899107923,-0.00113994393693,0.0463726786713,-5.28622538907e-05
q20_from_e0,gamma_1,1214,79.8112545392,79.8129857405,0.000398376663213,-0.00173120137813,0.0461382688876,-7.9874634683e-05
q20_from_e0,gamma_1,1216,79.8107850248,79.8130993087,0.000511944860648,-0.00231428397504,0.0459050440246,-0.00010623730776
q20_from_e0,gamma_1,1218,79.8103338022,79.8132068536,0.000619489669859,-0.00287305138259,0.0456729980927,-0.000131220870317
q20_from_e0,gamma_1,1220,79.809915446,79.8133073803,0.000720016379489,-0.00339193422069,0.0454421251324,-0.000154136699297
q20_from_e0,gamma_1,1222,79.8095436745,79.8134000374,0.000812673562905,-0.00385636298184,0.0452124192145,-0.000174355499778
q20_from_e0,gamma_1,1224,79.8092309339,79.8134841382,0.000896774279028,-0.00425320427158,0.0449838744396,-0.000191325606919
q20_from_e0,gamma_1,1226,79.8089878936,79.8135591771,0.000971813241961,-0.00457128349646,0.0447564849383,-0.000204594580958
q20_from_e0,gamma_1,1228,79.8088231169,79.8136248428,0.00103747893198,-0.00480172595996,0.0445302448708,-0.0002138220328
q20_from_e0,gamma_1,1230,79.808742933,79.8136810239,0.00109366005853,-0.00493809093685,0.0443051484269,-0.000218782851902
q20_from_e0,gamma_1,1232,79.8087512282,79.8137278081,0.00114044417904,-0.00497657991441,0.0440811898255,-0.000219373563889
q20_from_e0,gamma_1,1234,79.8088493446,79.8137654721,0.00117810826096,-0.00491612749828,0.043858363315,-0.000215613305922
q20_from_e0,gamma_1,1236,79.8090360824,79.8137944672,0.00120710331342,-0.00475838479201,0.0436366631728,-0.000207640034416
q20_from_e0,gamma_1,1238,79.8093077669,79.8138153965,0.00122803264372,-0.00450762961665,0.0434160837052,-0.000195703624748
q20_from_e0,gamma_1,1240,79.8096585032,79.8138289891,0.0012416252583,-0.00417048591252,0.0431966192472,-0.000180150892039
q20_from_e0,gamma_1,1242,79.8100802947,79.8138360686,0.0012487047412,-0.00375577388287,0.0429782641626,-0.000161416642073
q20_from_e0,gamma_1,1244,79.810563304,79.8138375167,0.0012501528572,-0.00327421272071,0.0427610128437,-0.000140008652203
q20_from_e0,gamma_1,1246,79.8110963388,79.8138342361,0.00124687224417,-0.00273789733734,0.0425448597109,-0.00011648345812
q20_from_e0,gamma_1,1248,79.8116671308,79.8138271114,0.00123974748867,-0.00215998056662,0.0423297992131,-9.14315436891e-05
q20_from_e0,gamma_1,1250,79.8122625904,79.8138169692,0.00122960532761,-0.00155437878595,0.042115825827,-6.54639462185e-05
q20_from_e0,gamma_1,1252,79.8128690438,79.8138045473,0.00121718340969,-0.000935503462202,0.0419029340575,-3.92003398872e-05
q20_from_e0,gamma_1,1254,79.8134725571,79.8137904686,0.00120310467688,-0.000317911419643,0.041691118437,-1.32540826488e-05
q20_from_e0,gamma_1,1256,79.814059311,79.8137752164,0.00118785253348,0.000284094601795,0.0414803735257,1.17843501991e-05
q20_from_e0,gamma_1,1258,79.8146158146,79.8137591139,0.00117175004667,0.000856700646978,0.0412706939112,3.5356630175e-05
q20_from_e0,gamma_1,1260,79.815129336,79.8137423082,0.00115494436105,0.0013870277341,0.0410620742087,5.6954235747e-05
q20_from_e0,gamma_1,1262,79.8155882438,79.8137247624,0.00113739853103,0.00186348137655,0.0408545090603,7.61316167817e-05
q20_from_e0,gamma_1,1264,79.8159821711,79.8137062572,0.00111889326995,0.00227591397636,0.0406479931353,9.25113356876e-05
q20_from_e0,gamma_1,1266,79.81630238,79.8136864008,0.00109903691978,0.00261597921285,0.04044252113,0.000105796794591
q20_from_e0,gamma_1,1268,79.8165420754,79.8136646474,0.00107728354928,0.00287742797479,0.0402380877675,0.000115782199394
q20_from_e0,gamma_1,1270,79.8166965818,79.8136403212,0.00105295732119,0.00305626056526,0.0400346877975,0.000122356437558
q20_from_e0,gamma_1,1272,79.8167636733,79.8136126462,0.00102528234265,0.00315102708727,0.0398323159964,0.000125512706653
q20_from_e0,gamma_1,1274,79.8167436218,79.8135807808,0.000993416950706,0.00316284100816,0.0396309671668,0.000125346448148
q20_from_e0,gamma_1,1276,79.8166391112,79.8135438541,0.000956490234216,0.00309525705185,0.0394306361377,0.000122047954564
q20_from_e0,gamma_1,1278,79.8164553396,79.8135010075,0.000913643640899,0.00295433204192,0.0392313177642,0.000115902339118
q20_from_e0,gamma_1,1280,79.8161996766,79.8134514412,0.000864077350315,0.00274823536185,0.0390330069275,0.000107271889917
q20_from_e0,gamma_1,1282,79.8158813386,79.8133944595,0.000807095591057,0.00248687912497,0.0388356985345,9.65796879891e-05
q20_from_e0,gamma_1,1284,79.8155110836,79.8133295137,0.000742149792245,0.00218156994126,0.0386393875179,8.42945263576e-05
q20_from_e0,gamma_1,1286,79.8151006554,79.8132562429,0.000668879060839,0.00184441240907,0.0384440688361,7.09067176165e-05
q20_from_e0,gamma_1,1288,79.8146623517,79.8131745078,0.000587143911986,0.00148784385954,0.0382497374729,5.6909637028e-05
q20_from_e0,gamma_1,1290,79.8142085165,79.8130844175,0.000497053629545,0.00112409896946,0.0380563884376,4.27791470239e-05
q20_from_e0,gamma_1,1292,79.8137510063,79.8129863496,0.000398985676156,0.000764656727995,0.0378640167646,2.89529751679e-05
q20_from_e0,gamma_1,1294,79.8133010499,79.8128809585,0.000293594659141,0.000420091309294,0.0376726175133,1.58259392157e-05
q20_from_e0,gamma_1,1296,79.8128690603,79.8127691774,0.000181813524648,9.98828591605e-05,0.0374821857682,3.74382788212e-06
q20_from_e0,gamma_1,1298,79.8124644725,79.8126522069,6.48430187482e-05,-0.000187734400711,0.0372927166388,-7.00112580908e-06
q20_from_e0,gamma_1,1300,79.8120958487,79.8125314926,-5.58713147427e-05,-0.00043564384228,0.0371042052591,-1.61642185438e-05
q20_from_e0,gamma_1,1302,79.8117708951,79.8124086953,-0.000178668603994,-0.000637800219238,0.0369166467876,-2.35454454147e-05
q20_from_e0,gamma_1,1304,79.811496301,79.8122856534,-0.000301710514989,-0.000789352321249,0.0367300364077,-2.89929394979e-05
q20_from_e0,gamma_1,1306,79.8112778835,79.812164334,-0.000423029901185,-0.000886450511047,0.0365443693266,-3.23947748655e-05
q20_from_e0,gamma_1,1308,79.8111205222,79.8120467794,-0.000540584443002,-0.000926257261284,0.0363596407763,-3.36783812867e-05
q20_from_e0,gamma_1,1310,79.8110279786,79.8119350493,-0.00065231462068,-0.000907070699867,0.0361758460124,-3.28140499607e-05
q20_from_e0,gamma_1,1312,79.8110028603,79.8118311586,-0.000756205306345,-0.000828298267692,0.0359929803147,-2.98129232437e-05
q20_from_e0,gamma_1,1314,79.8110464442,79.811737019,-0.000850344861078,-0.000690574865786,0.0358110389869,-2.47302034421e-05
q20_from_e0,gamma_1,1316,79.8111586684,79.8116543814,-0.000932982479782,-0.000495713012526,0.0356300173565,-1.76622632402e-05
q20_from_e0,gamma_1,1318,79.8113379993,79.811584782,-0.00100258192751,-0.000246782689572,0.0354499107744,-8.748424326e-06
q20_from_e0,gamma_1,1320,79.8115812784,79.8115294964,-0.00105786744888,5.17820123065e-05,0.035270714615,1.82638857825e-06
q20_from_e0,gamma_1,1322,79.8118837667,79.811489501,-0.00109786290952,0.00039426571098,0.0350924242764,1.38357396074e-05
q20_from_e0,gamma_1,1324,79.8122391149,79.8114654408,-0.0011219230451,0.000773674108572,0.0349150351797,2.70128587184e-05
q20_from_e0,gamma_1,1326,79.812639383,79.8114576106,-0.00112975329782,0.00118177246219,0.0347385427691,4.10530532211e-05
q20_from_e0,gamma_1,1328,79.813075201,79.8114659436,-0.00112142027324,0.00160925735601,0.0345629425121,5.56206694828e-05
q20_from_e0,gamma_1,1330,79.8135358546,79.8114900114,-0.00109735244038,0.0020458431681,0.0343882298988,7.03529252016e-05
q20_from_e0,gamma_1,1332,79.8140094568,79.811529036,-0.0010583278723,0.00248042082261,0.0342144004422,8.48661112899e-05
q20_from_e0,gamma_1,1334,79.8144832694,79.811581913,-0.00100545092099,0.00290135641683,0.0340414496782,9.8766378462e-05
q20_from_e0,gamma_1,1336,79.8149438414,79.8116472472,-0.000940116640692,0.00329659418782,0.033869373165,0.000111653578721
q20_from_e0,gamma_1,1338,79.8153772463,79.8117233964,-0.000863967468987,0.00365384987806,0.0336981664833,0.000123128041496
q20_from_e0,gamma_1,1340,79.8157696001,79.8118085175,-0.000778846344787,0.00396108252227,0.0335278252362,0.000132806482553
q20_from_e0,gamma_1,1342,79.8161073912,79.8119006207,-0.000686743219887,0.00420677052682,0.0333583450491,0.000140330902776
q20_from_e0,gamma_1,1344,79.8163778342,79.8119976281,-0.000589735802635,0.00438020609134,0.0331897215693,0.000145377820588
q20_from_e0,gamma_1,1346,79.8165693244,79.8120974349,-0.000489928967184,0.00447188948077,0.0330219504662,0.000147670512924
q20_from_e0,gamma_1,1348,79.816671769,79.8121979689,-0.000389395027511,0.00447380015332,0.0328550274312,0.000146986826759
q20_from_e0,gamma_1,1350,79.816677157,79.8122972489,-0.000290115028079,0.00437990814127,0.0326889481774,0.000143174590252
q20_from_e0,gamma_1,1352,79.8165799728,79.8123934402,-0.000193923670167,0.00418653256781,0.0325237084394,0.000136161564608
q20_from_e0,gamma_1,1354,79.8163775396,79.812484904,-0.000102459886222,0.00389263557335,0.0323593039738,0.000125962977777
q20_from_e0,gamma_1,1356,79.8160704348,79.8125702371,-1.71268080749e-05,0.00350019773865,0.0321957305581,0.000112691423293
q20_from_e0,gamma_1,1358,79.8156627263,79.8126483008,6.09368954798e-05,0.00301442553693,0.0320329839915,9.65610449683e-05
q20_from_e0,gamma_1,1360,79.8151619974,79.8127182432,0.000130879327656,0.00244375415816,0.0318710600945,7.7885035631e-05
q20_from_e0,gamma_1,1362,79.8145794325,79.8127795106,0.00019214672345,0.00179992193421,0.0317099547084,5.70754430124e-05
q20_from_e0,gamma_1,1364,79.8139295222,79.8128318459,0.000244482010217,0.00109767627897,0.0315496636958,3.46313174484e-05
q20_from_e0,gamma_1,1366,79.8132293769,79.812875281,0.000287917087547,0.000354095957604,0.03139018294,1.11151368875e-05
q20_from_e0,gamma_1,1368,79.8124981753,79.8129101201,0.000322756259209,-0.000411944830532,0.0312315083453,-1.28656584126e-05
q20_from_e0,gamma_1,1370,79.8117564787,79.812936914,0.00034955010932,-0.0011804353022,0.0310736358367,-3.66804167094e-05
q20_from_e0,gamma_1,1372,79.8110253811,79.8129564267,0.000369062791833,-0.00193104559438,0.0309165613596,-5.97012896066e-05
q20_from_e0,gamma_1,1374,79.8103257889,79.8129695931,0.000382229173326,-0.00264380416628,0.03076028088,-8.13241587467e-05
q20_from_e0,gamma_1,1376,79.8096775546,79.81297747,0.000390106154697,-0.00329991541892,0.0306047903845,-0.000100993219683
q20_from_e0,gamma_1,1378,79.8090987446,79.8129811873,0.00039382342338,-0.00388244269523,0.0304500858796,-0.000118220713492
q20_from_e0,gamma_1,1380,79.8086050497,79.8129818978,0.000394533915369,-0.0043768481475,0.0302961633923,-0.00013260170662
q20_from_e0,gamma_1,1382,79.8082091747,79.8129807301,0.000393366233268,-0.00477155541763,0.0301430189696,-0.000143829085468
q20_from_e0,gamma_1,1384,79.8079203082,79.8129787428,0.000391378919403,-0.00505843456077,0.0299906486783,-0.000151705733774
q20_from_e0,gamma_1,1386,79.8077438385,79.8129768816,0.000389517683999,-0.00523304309911,0.0298390486054,-0.000156149027389
q20_from_e0,gamma_1,1388,79.8076812466,79.8129759421,0.000388578183518,-0.00529469545845,0.0296882148574,-0.000157190056375
q20_from_e0,gamma_1,1390,79.8077300347,79.8129765396,0.000389175694949,-0.00524650489885,0.0295381435607,-0.000154972014894
q20_from_e0,gamma_1,1392,79.8078839887,79.8129790904,0.000391726527965,-0.00509510174169,0.029388830861,-0.000149739083306
q20_from_e0,gamma_1,1394,79.8081335643,79.8129838028,0.0003964388751,-0.00485023844598,0.0292402729239,-0.000141822295906
q20_from_e0,gamma_1,1396,79.808466405,79.8129906753,0.000403311373901,-0.00452427027473,0.0290924659339,-0.000131622178843
q20_from_e0,gamma_1,1398,79.8088681242,79.8129995065,0.000412142597753,-0.00413138231346,0.0289454060952,-0.000119584538798
q20_from_e0,gamma_1,1400,79.8093230581,79.8130099149,0.000422551040145,-0.00368685687073,0.028799089631,-0.000106178121477
q20_from_e0,gamma_1,1402,79.8098150077,79.8130213672,0.000434003324557,-0.00320635948597,0.0286535127835,-9.18734625198e-05
q20_from_e0,gamma_1,1404,79.8103279708,79.8130332115,0.000445847592118,-0.00270524064554,0.0285086718141,-7.71228177418e-05
q20_from_e0,gamma_1,1406,79.8108466271,79.8130447131,0.000457349232704,-0.00219808601204,0.028364563003,-6.23477491745e-05
q20_from_e0,gamma_1,1408,79.8113568565,79.8130550939,0.000467729996586,-0.00169823739111,0.0282211826491,-4.79262675961e-05
q20_from_e0,gamma_1,1410,79.8118462119,79.8130635747,0.000476210832744,-0.00121736281247,0.0280785270702,-3.41817546842e-05
q20_from_e0,gamma_1,1412,79.81230397,79.8130694145,0.000482050646269,-0.000765444498853,0.0279365926027,-2.13839111244e-05
q20_from_e0,gamma_1,1414,79.8127212523,79.8130719468,0.000484582928252,-0.000350694497072,0.0277953756013,-9.74768526744e-06
q20_from_e0,gamma_1,1416,79.8130911163,79.8130706149,0.000483251052458,2.05014099919e-05,0.0276548724394,5.66963878152e-07
q20_from_e0,gamma_1,1418,79.8134084617,79.8130650019,0.000477638013621,0.000343459798998,0.0275150795084,9.45032367738e-06
q20_from_e0,gamma_1,1420,79.8136698251,79.8130548525,0.0004674886206,0.000614972588778,0.0273759932184,1.68354854199e-05
q20_from_e0,gamma_1,1422,79.8138732615,79.8130400873,0.000452723432147,0.00083317423119,0.0272376099973,2.26936747689e-05
q20_from_e0,gamma_1,1424,79.8140180429,79.8130208085,0.000433444660672,0.000997234308613,0.027099926291,2.70249762583e-05
q20_from_e0,gamma_1,1426,79.814104541,79.8129972971,0.00040993322223,0.00110724390107,0.0269629385638,2.98545492798e-05
q20_from_e0,gamma_1,1428,79.8141341125,79.8129700015,0.000382637643952,0.00116411093364,0.0268266432973,3.12291887754e-05
q20_from_e0,gamma_1,1430,79.8141090244,79.8129395184,0.00035215454821,0.00116950593299,0.0266910369914,3.12153261191e-05
q20_from_e0,gamma_1,1432,79.8140323306,79.8129065667,0.000319202837801,0.0011257638443,0.0265561161633,2.98959154217e-05
q20_from_e0,gamma_1,1434,79.8139078738,79.8128719595,0.000284595572452,0.00103591431133,0.026421877348,2.73708008771e-05
q20_from_e0,gamma_1,1436,79.8137403236,79.8128365727,0.000249208776623,0.000903750914247,0.0262883170981,2.37580906114e-05
q20_from_e0,gamma_1,1438,79.8135352416,79.8128013111,0.000213947185813,0.0007339305497,0.0261554319834,1.91962705732e-05
q20_from_e0,gamma_1,1440,79.8132990419,79.812767074,0.000179710158235,0.000531967818034,0.0260232185912,1.38435148122e-05
q20_from_e0,gamma_1,1442,79.8130389669,79.8127347228,0.000147358921339,0.000304244086976,0.025891673526,7.87738857221e-06
q20_from_e0,gamma_1,1444,79.8127630597,79.8127050498,0.000117685899866,5.80099256666e-05,0.0257607934094,1.49438171079e-06
q20_from_e0,gamma_1,1446,79.8124800603,79.812678751,9.1387085547e-05,-0.000198690631009,0.0256305748803,-5.0925550961e-06
q20_from_e0,gamma_1,1448,79.8121992305,79.8126564015,6.90375972852e-05,-0.000457171022219,0.0255010145942,-1.16583249097e-05
q20_from_e0,gamma_1,1450,79.8119299652,79.8126384382,5.10743126085e-05,-0.000708473025554,0.025372109224,-1.79754549866e-05
q20_from_e0,gamma_1,1452,79.8116815992,79.8126251488,3.77848817266e-05,-0.000943549557604,0.0252438554589,-2.38188286505e-05
q20_from_e0,gamma_1,1454,79.8114630912,79.8126166652,2.93012857782e-05,-0.00115357393526,0.0251162500053,-2.89734513575e-05
q20_from_e0,gamma_1,1456,79.8112825597,79.8126129646,2.56007501775e-05,-0.00133040491534,0.024989289586,-3.3245873696e-05
q20_from_e0,gamma_1,1458,79.8111470592,79.8126138771,2.65132057677e-05,-0.0014668178855,0.0248629709403,-3.6469450462e-05
q20_from_e0,gamma_1,1460,79.8110623809,79.8126191004,3.17364701345e-05,-0.00155671947394,0.0247372908242,-3.85090223586e-05
q20_from_e0,gamma_1,1462,79.8110326428,79.8126282172,4.08532945357e-05,-0.0015955743786,0.02461224601,-3.92706691333e-05
q20_from_e0,gamma_1,1464,79.8110603227,79.8126407165,5.33525784192e-05,-0.00158039376689,0.0244878332862,-3.87004190901e-05
q20_from_e0,gamma_1,1466,79.8111462223,79.8126560228,6.86589269208e-05,-0.00150980054214,0.0243640494577,-3.67848550799e-05
q20_from_e0,gamma_1,1468,79.8112895024,79.812673526,8.61621549717e-05,-0.00138402367638,0.0242408913455,-3.35499675588e-05
q20_from_e0,gamma_1,1470,79.8114878488,79.8126926074,0.000105243499718,-0.00120475856042,0.0241183557867,-2.90567955973e-05
q20_from_e0,gamma_1,1472,79.8117374916,79.8127126638,0.000125299915652,-0.000975172181427,0.0239964396342,-2.34006603846e-05
q20_from_e0,gamma_1,1474,79.8120335006,79.8127331305,0.000145766618274,-0.00069962990824,0.0238751397572,-1.67037618375e-05
q20_from_e0,gamma_1,1476,79.8123698958,79.8127535022,0.00016613831751,-0.000383606428727,0.0237544530402,-9.11236089711e-06
q20_from_e0,gamma_1,1478,79.8127396092,79.8127733494,0.000185985502654,-3.37402125581e-05,0.0236343763839,-7.97428882871e-07
q20_from_e0,gamma_1,1480,79.813134774,79.812792329,0.000204965101887,0.000342445033397,0.0235149067045,8.05256301173e-06
q20_from_e0,gamma_1,1482,79.8135468816,79.8128101921,0.000222828206574,0.000736689491958,0.0233960409337,1.72356175093e-05
q20_from_e0,gamma_1,1484,79.8139669378,79.812826786,0.000239422129255,0.00114015174657,0.0232777760189,2.65401969841e-05
q20_from_e0,gamma_1,1486,79.8143856665,79.8128420496,0.000254685725935,0.00154361687396,0.0231601089227,3.57503349358e-05
q20_from_e0,gamma_1,1488,79.8147937368,79.8128560055,0.000268641617339,0.00193773132168,0.0230430366233,4.46512138114e-05
q20_from_e0,gamma_1,1490,79.8151819703,79.8128687477,0.000281383812393,0.00231322262073,0.022926556114,5.30342282182e-05
q20_from_e0,gamma_1,1492,79.8155415602,79.8128804226,0.000293058701402,0.002661137592,0.0228106644033,6.07023165422e-05
q20_from_e0,gamma_1,1494,79.8158642161,79.8128912078,0.00030384388694,0.0029730083622,0.022695358515,6.74734906483e-05
q20_from_e0,gamma_1,1496,79.8161423753,79.8129012904,0.000313926511566,0.00324108492713,0.0225806354877,7.31857573242e-05
q20_from_e0,gamma_1,1498,79.8163693177,79.8129108473,0.000323483412217,0.00345847042772,0.0224664923752,7.76996994942e-05
q20_from_e0,gamma_1,1500,79.8165391814,79.8129200269,0.000332662994609,0.00361915451754,0.022352926246,8.08986940034e-05
q20_from_e0,gamma_1,1502,79.8166471671,79.8129289298,0.000341565937305,0.00371823729651,0.0222399341835,8.26933527532e-05
q20_from_e0,gamma_1,1504,79.8166897259,79.8129375928,0.000350228907564,0.00375213305995,0.0221275132859,8.30253741346e-05
q20_from_e0,gamma_1,1506,79.8166646626,79.8129459773,0.000358613437371,0.00371868524341,0.022015660666,8.18693124427e-05
q20_from_e0,gamma_1,1508,79.8165713095,79.8129539624,0.000366598498573,0.00361734714841,0.0219043734512,7.92357228412e-05
q20_from_e0,gamma_1,1510,79.8164105691,79.8129613399,0.000373976060587,0.00344922914348,0.0217936487834,7.51712885264e-05
q20_from_e0,gamma_1,1512,79.8161850645,79.8129678145,0.000380450644855,0.00321724993687,0.0216834838189,6.97611869475e-05
q20_from_e0,gamma_1,1514,79.8158992203,79.8129730099,0.000385646057993,0.00292621036914,0.0215738757286,6.31296988596e-05
q20_from_e0,gamma_1,1516,79.8155591525,79.8129764819,0.000389118047664,0.00258267059191,0.0214648216975,5.54365637587e-05
q20_from_e0,gamma_1,1518,79.815172627,79.8129777316,0.000390367748139,0.00219489533886,0.0213563189249,4.68748848634e-05
q20_from_e0,gamma_1,1520,79.8147490621,79.8129762235,0.00038885964463,0.00177283855122,0.0212483646242,3.76699199561e-05
q20_from_e0,gamma_1,1522,79.8142992013,79.812971411,0.000384047105157,0.00132779028779,0.0211409560229,2.80707560817e-05
q20_from_e0,gamma_1,1524,79.8138348328,79.8129627647,0.000375400859937,0.00087206804902,0.0210340903625,1.83431581454e-05
q20_from_e0,gamma_1,1526,79.8133683782,79.8129498007,0.000362436785906,0.000418577496049,0.0209277648986,8.75989142917e-06
q20_from_e0,gamma_1,1528,79.8129124199,79.8129321064,0.000344742515523,-1.96865381383e-05,0.0208219769006,-4.09912642368e-07
q20_from_e0,gamma_1,1530,79.8124791924,79.8129093691,0.000322005248449,-0.000430176698885,0.0207167236514,-8.91185179208e-06
q20_from_e0,gamma_1,1532,79.8120800654,79.8128814016,0.000294037723165,-0.000801336197298,0.0206120024482,-1.65171436605e-05
q20_from_e0,gamma_1,1534,79.8117250427,79.8128481637,0.000260799805062,-0.00112312096601,0.0205078106013,-2.30327520534e-05
q20_from_e0,gamma_1,1536,79.8114224314,79.8128097791,0.000222415206764,-0.00138734767866,0.020404145435,-2.83076438043e-05
q20_from_e0,gamma_1,1538,79.8111785459,79.8127665437,0.00017917977118,-0.00158799774567,0.0203010042869,-3.22379490426e-05
q20_from_e0,gamma_1,1540,79.8109975828,79.812718926,0.000131562143821,-0.00172134323199,0.0201983845082,-3.47683524704e-05
q20_from_e0,gamma_1,1542,79.8108816058,79.8126675617,8.01977711404e-05,-0.00178595590104,0.0200962834634,-3.58910760405e-05
q20_from_e0,gamma_1,1544,79.8108305777,79.8126132393,2.58754168385e-05,-0.00178266160489,0.0199946985304,-3.56437813715e-05
q20_from_e0,gamma_1,1546,79.81084252,79.8125568825,-3.04814149672e-05,-0.00171436246409,0.0198936271001,-3.4104887575e-05
q20_from_e0,gamma_1,1548,79.8109136964,79.8124995253,-8.78385658609e-05,-0.00158582896394,0.019793066577,-3.1388418263e-05
q20_from_e0,gamma_1,1550,79.8110387549,79.8124422817,-0.00014508219175,-0.00140352674435,0.0196930143785,-2.76396723571e-05
q20_from_e0,gamma_1,1552,79.8112109762,79.8123863108,-0.000201053040655,-0.00117533463359,0.0195934679349,-2.3028881456e-05
q20_from_e0,gamma_1,1554,79.8114225256,79.8123327828,-0.000254581071928,-0.000910257223651,0.0194944246898,-1.77449408948e-05
q20_from_e0,gamma_1,1556,79.8116646528,79.8122828412,-0.000304522675236,-0.000618188415189,0.0193958820995,-1.19903096163e-05
q20_from_e0,gamma_1,1558,79.811927996,79.8122375646,-0.000349799269344,-0.000309568589884,0.0192978376333,-5.97400438396e-06
q20_from_e0,gamma_1,1560,79.8122028685,79.8121979319,-0.000389432030644,4.93665227452e-06,0.0192002887732,9.47851492438e-08
q20_from_e0,gamma_1,1562,79.8124794835,79.8121647888,-0.000422575051175,0.000314694697693,0.019103233014,6.01168613828e-06
q20_from_e0,gamma_1,1564,79.812748286,79.8121388166,-0.000448547269855,0.00060946939918,0.019006667863,1.15839824428e-05
q20_from_e0,gamma_1,1566,79.8130001255,79.8121205064,-0.000466857492526,0.000879619116887,0.0189105908402,1.66341172147e-05
q20_from_e0,gamma_1,1568,79.813226353,79.8121101427,-0.000477221152266,0.00111621031184,0.0188149994784,2.10014964349e-05
q20_from_e0,gamma_1,1570,79.8134190282,79.8121077935,-0.000479570358834,0.00131123470617,0.0187198913224,2.45461711975e-05
q20_from_e0,gamma_1,1572,79.8135710699,79.8121133074,-0.000474056493303,0.00145776248684,0.0186252639297,2.71512110641e-05
q20_from_e0,gamma_1,1574,79.8136762959,79.8121263185,-0.00046104541326,0.00154997745804,0.0185311148701,2.8722810321e-05
q20_from_e0,gamma_1,1576,79.8137295678,79.8121462576,-0.000441106310689,0.00158331021601,0.0184374417256,2.91921898412e-05
q20_from_e0,gamma_1,1578,79.8137269604,79.812172373,-0.000414990911821,0.00155458745991,0.0183442420906,2.85177287156e-05
q20_from_e0,gamma_1,1580,79.8136658802,79.8122037603,-0.000383603559015,0.00146211982519,0.0182515135715,2.66858998327e-05
q20_from_e0,gamma_1,1582,79.8135452635,79.8122393967,-0.00034796720621,0.00130586682181,0.0181592537869,2.37135670291e-05
q20_from_e0,gamma_1,1584,79.8133657218,79.8122781782,-0.000309185711615,0.00108754359076,0.0180674603673,1.96491507237e-05
q20_from_e0,gamma_1,1586,79.8131296415,79.8123189602,-0.000268403681105,0.000810681345001,0.0179761309553,1.45729140207e-05
q20_from_e0,gamma_1,1588,79.8128412866,79.8123605988,-0.000226765055146,0.000480687772551,0.0178852632054,8.59722733168e-06
q20_from_e0,gamma_1,1590,79.8125067685,79.8124019923,-0.000185371570751,0.000104776167305,0.0177948547839,1.864476682e-06
q20_from_e0,gamma_1,1592,79.8121339987,79.8124421203,-0.000145243622484,-0.000308121556259,0.0177049033689,-5.45526237945e-06
q20_from_e0,gamma_1,1594,79.8117325082,79.8124800799,-0.000107283936771,-0.000747571774085,0.0176154066505,-1.31687808009e-05
q20_from_e0,gamma_1,1596,79.8113131287,79.8125151189,-7.22449438229e-05,-0.00120199022146,0.01752636233,-2.10665161384e-05
q20_from_e0,gamma_1,1598,79.8108877558,79.8125466615,-4.07023999713e-05,-0.00165890568427,0.0174377681206,-2.89276126562e-05
q20_from_e0,gamma_1,1600,79.8104689717,79.8125743259,-1.3037969552e-05,-0.0021053542076,0.0173496217472,-3.65270991457e-05
q20_from_e0,gamma_1,1602,79.8100694857,79.812597934,1.05701545294e-05,-0.00252844833091,0.0172619209458,-4.36458752037e-05
q20_from_e0,gamma_1,1604,79.8097016063,79.8126175147,3.01508154337e-05,-0.00291590838124,0.0171746634642,-5.00797451403e-05
q20_from_e0,gamma_1,1606,79.8093767766,79.8126333027,4.5938797399e-05,-0.00325652605208,0.0170878470615,-5.56470191298e-05
q20_from_e0,gamma_1,1608,79.8091051377,79.8126457296,5.83656817383e-05,-0.00354059183879,0.017001469508,-6.01952641874e-05
q20_from_e0,gamma_1,1610,79.8088952082,79.8126554055,6.80415724474e-05,-0.00376019724338,0.0169155285854,-6.36057239571e-05
q20_from_e0,gamma_1,1612,79.8087536147,79.8126630939,7.57300174712e-05,-0.00390947921477,0.0168300220865,-6.57966215314e-05
q20_from_e0,gamma_1,1614,79.8086848613,79.8126696792,8.2315327063e-05,-0.00398481789638,0.0167449478154,-6.67255677289e-05
q20_from_e0,gamma_1,1616,79.8086913254,79.812676128,8.87640810561e-05,-0.00398480253446,0.0166603035873,-6.63880199594e-05
q20_from_e0,gamma_1,1618,79.8087731933,79.8126834471,9.60832626049e-05,-0.00391025388744,0.0165760872282,-6.48167095224e-05
q20_from_e0,gamma_1,1620,79.8089285417,79.8126926395,0.000105275654562,-0.00376409788848,0.0164922965753,-6.20786187152e-05
q20_from_e0,gamma_1,1622,79.8091535568,79.8127046591,0.000117295247406,-0.00355110233596,0.0164089294767,-5.82697877955e-05
q20_from_e0,gamma_1,1624,79.8094426465,79.8127203678,0.000133003910022,-0.00327772126691,0.0163259837915,-5.35120242767e-05
q20_from_e0,gamma_1,1626,79.8097886809,79.8127404935,0.000153129651679,-0.00295181266524,0.0162434573894,-4.79476432493e-05
q20_from_e0,gamma_1,1628,79.8101832605,79.8127655955,0.000178231580946,-0.00258233499849,0.0161613481509,-4.17340149528e-05
q20_from_e0,gamma_1,1630,79.8106169062,79.8127960345,0.000208670580633,-0.00217912823263,0.0160796539673,-3.5039627931e-05
q20_from_e0,gamma_1,1632,79.8110794483,79.8128319503,0.000244586441767,-0.00175250200786,0.0159983727406,-2.80371803504e-05
q20_from_e0,gamma_1,1634,79.8115603371,79.8128732487,0.000285884861768,-0.00131291167034,0.0159175023833,-2.08982746417e-05
q20_from_e0,gamma_1,1636,79.8120489248,79.8129195957,0.000332231860014,-0.000870670991802,0.0158370408185,-1.37888520367e-05
q20_from_e0,gamma_1,1638,79.812534822,79.8129704225,0.000383058619107,-0.0004356005375,0.0157569859798,-6.86375156218e-06
q20_from_e0,gamma_1,1640,79.813008128,79.813024941,0.000437577116003,-1.68129516709e-05,0.0156773358112,-2.63582289322e-07
q20_from_e0,gamma_1,1642,79.8134596045,79.8130821651,0.000494801191365,0.000377439468622,0.0155980882671,5.88733414706e-06
q20_from_e0,gamma_1,1644,79.8138809218,79.8131409393,0.00055357545375,0.000739982446703,0.0155192413124,1.14839661573e-05
q20_from_e0,gamma_1,1646,79.8142648505,79.8131999778,0.000612613914598,0.00106487269507,0.015440792922,1.64424787729e-05
q20_from_e0,gamma_1,1648,79.8146053203,79.8132579045,0.000670540618756,0.0013474157673,0.0153627410813,2.06999995619e-05
q20_from_e0,gamma_1,1650,79.8148975153,79.8133132962,0.000725932288191,0.00158421911941,0.0152850837858,2.42149219752e-05
q20_from_e0,gamma_1,1652,79.8151378643,79.81336473,0.000777366162325,0.00177313429727,0.015207819041,2.69655055282e-05
q20_from_e0,gamma_1,1654,79.8153239891,79.8134108319,0.000823467975252,0.00191315720944,0.0151309448626,2.89478762496e-05
q20_from_e0,gamma_1,1656,79.8154546647,79.8134503223,0.000862958386051,0.00200434238397,0.0150544592764,3.01742907955e-05
q20_from_e0,gamma_1,1658,79.8155297515,79.81348206,0.000894696086704,0.00204769150925,0.0149783603181,3.06710612458e-05
q20_from_e0,gamma_1,1660,79.8155501978,79.8135050794,0.000917715561769,0.00204511831132,0.0149026460332,3.04776742896e-05
q20_from_e0,gamma_1,1662,79.8155179037,79.8135186251,0.000931261205594,0.00199927862666,0.0148273144774,2.96439329254e-05
q20_from_e0,gamma_1,1664,79.8154356427,79.8135221787,0.000934814778574,0.00191346400942,0.0147523637159,2.82281170243e-05
q20_from_e0,gamma_1,1666,79.8153070465,79.8135154771,0.000928113196977,0.00179156941385,0.0146777918239,2.62962828946e-05
q20_from_e0,gamma_1,1668,79.8151364492,79.8134985217,0.000911157793084,0.00163792752063,0.0146035968862,2.39196332401e-05
q20_from_e0,gamma_1,1670,79.8149288921,79.8134715767,0.000884212835828,0.00145731535231,0.0145297769973,2.11744670838e-05
q20_from_e0,gamma_1,1672,79.8146901731,79.8134351592,0.000847795352769,0.00125501384409,0.0144563302614,1.81428946127e-05
q20_from_e0,gamma_1,1674,79.814426709,79.8133900229,0.000802659049484,0.00103668602704,0.0143832547923,1.49109192664e-05
q20_from_e0,gamma_1,1676,79.8141454777,79.8133371359,0.000749772011403,0.000808341829682,0.0143105487131,1.15678151305e-05
q20_from_e0,gamma_1,1678,79.8138540349,79.8132776527,0.00069028877212,0.000576382234016,0.0142382101568,8.20665137857e-06
q20_from_e0,gamma_1,1680,79.8135604075,79.8132128763,0.000625512389803,0.000347531234482,0.0141662372655,4.92320992484e-06
q20_from_e0,gamma_1,1682,79.8132730041,79.8131442121,0.000556848188211,0.000128792029585,0.0140946281908,1.81527577094e-06
q20_from_e0,gamma_1,1684,79.8130004732,79.8130731215,0.00048575756955,-7.26482673485e-05,0.0140233810935,-1.01877433881e-06
q20_from_e0,gamma_1,1686,79.8127513714,79.8130010745,0.000413710601038,-0.000249703128404,0.0139524941441,-3.48398143682e-06
q20_from_e0,gamma_1,1688,79.8125339642,79.8129295015,0.000342137583388,-0.000395537273462,0.0138819655219,-5.49083479284e-06
q20_from_e0,gamma_1,1690,79.8123559352,79.8128597486,0.000272384701049,-0.000503813422739,0.0138117934157,-6.95856691492e-06
q20_from_e0,gamma_1,1692,79.8122240578,79.812793039,0.000205675081304,-0.000568981129788,0.0137419760232,-7.81892504321e-06
q20_from_e0,gamma_1,1694,79.8121440094,79.8127304432,0.000143079276427,-0.000586433720983,0.0136725115515,-8.01802182431e-06
q20_from_e0,gamma_1,1696,79.8121201307,79.8126728579,8.54940198423e-05,-0.000552727156403,0.0136033982165,-7.51896761363e-06
q20_from_e0,gamma_1,1698,79.8121552141,79.812620988,3.36241235601e-05,-0.000465773902121,0.0135346342433,-6.30407940529e-06
q20_from_e0,gamma_1,1700,79.812250378,79.8125753332,-1.20307076088e-05,-0.000324955182549,0.0134662178659,-4.37591728486e-06
q20_from_e0,gamma_1,1702,79.8124049952,79.8125361826,-5.11812959019e-05,-0.000131187372602,0.0133981473272,-1.7576677456e-06
q20_from_e0,gamma_1,1704,79.812616562,79.8125036183,-8.37455429519e-05,0.000112943618987,0.0133304208791,1.50558597671e-06
q20_from_e0,gamma_1,1706,79.8128805871,79.8124775259,-0.000109837978314,0.00040306115018,0.0132630367822,5.34581486031e-06
q20_from_e0,gamma_1,1708,79.8131906051,79.8124576091,-0.000129754801762,0.000732995988187,0.0131959933059,9.67261015337e-06
q20_from_e0,gamma_1,1710,79.8135382612,79.8124434101,-0.000143953789134,0.00109485114909,0.0131292887285,1.43746168511e-05
q20_from_e0,gamma_1,1712,79.8139133983,79.8124343348,-0.00015302909361,0.0014790634867,0.0130629213367,1.93208899788e-05
q20_from_e0,gamma_1,1714,79.8143042373,79.8124296814,-0.000157682437276,0.00187455585467,0.0129968894263,2.43633951666e-05
q20_from_e0,gamma_1,1716,79.8146976697,79.8124286721,-0.000158691762181,0.00226899759593,0.0129311913013,2.93408419753e-05
q20_from_e0,gamma_1,1718,79.8150796879,79.8124304852,-0.000156878643693,0.00264920265504,0.0128658252746,3.40841784766e-05
q20_from_e0,gamma_1,1720,79.8154359159,79.8124342902,-0.000153073711147,0.00300162571381,0.0128007896673,3.84231794223e-05
q20_from_e0,gamma_1,1722,79.8157521589,79.8124392819,-0.000148081995917,0.00331287703611,0.0127360828092,4.21930762686e-05
q20_from_e0,gamma_1,1724,79.8160151993,79.8124447127,-0.000142651184234,0.00357048662889,0.0126717030386,4.52441462645e-05
q20_from_e0,gamma_1,1726,79.8162132677,79.8124499192,-0.000137444708059,0.00376334847543,0.012607648702,4.74469755215e-05
q20_from_e0,gamma_1,1728,79.8163366044,79.8124543435,-0.000133020367088,0.00388226085694,0.0125439181544,4.86987624436e-05
q20_from_e0,gamma_1,1730,79.8163780309,79.8124575511,-0.000129812781054,0.00392047983716,0.0124805097591,4.89295868681e-05
q20_from_e0,gamma_1,1732,79.816333056,79.8124592418,-0.00012812208891,0.00387381420018,0.0124174218876,4.81027852378e-05
q20_from_e0,gamma_1,1734,79.8162000757,79.8124592526,-0.000128111301137,0.00374082313095,0.0123546529197,4.62165714171e-05
q20_from_e0,gamma_1,1736,79.8159803896,79.8124575532,-0.000129810646627,0.00352283632751,0.0122922012434,4.33034130853e-05
q20_from_e0,gamma_1,1738,79.8156779671,79.8124542352,-0.000133128687992,0.0032237318988,0.0122300652548,3.94264514863e-05
q20_from_e0,gamma_1,1740,79.8152993382,79.8124494963,-0.000137867586631,0.00284984194748,0.0121682433581,3.46775703491e-05
q20_from_e0,gamma_1,1742,79.8148531833,79.8124436222,-0.000143741665539,0.00240956109111,0.0121067339656,2.9171915104e-05
q20_from_e0,gamma_1,1744,79.8143498789,79.8124369643,-0.000150399555991,0.00191291457926,0.0120455354977,2.30420804685e-05
q20_from_e0,gamma_1,1746,79.8138013966,79.8124299173,-0.000157446578186,0.00137147928423,0.0119846463825,1.64366942425e-05
q20_from_e0,gamma_1,1748,79.8132209442,79.812422893,-0.000164470866196,0.000798051222617,0.0119240650565,9.5160146969e-06
q20_from_e0,gamma_1,1750,79.812622556,79.8124162935,-0.000171070427598,0.000206262505898,0.0118637899637,2.44705504736e-06
q20_from_e0,gamma_1,1752,79.8120207659,79.8124104887,-0.000176875136617,-0.000389722825872,0.0118038195562,-4.60021791351e-06
q20_from_e0,gamma_1,1754,79.8114304324,79.8124057963,-0.000181567588925,-0.000975363939915,0.0117441522937,-1.14548226522e-05
q20_from_e0,gamma_1,1756,79.8108663417,79.8124024635,-0.000184900399304,-0.00153612174971,0.011684786644,-1.79492549046e-05
q20_from_e0,gamma_1,1758,79.8103429433,79.812400658,-0.000186705880139,-0.00205771474253,0.0116257210824,-2.39224176638e-05
q20_from_e0,gamma_1,1760,79.8098740018,79.8124004624,-0.000186901499177,-0.00252646062926,0.011566954092,-2.92234541137e-05
q20_from_e0,gamma_1,1762,79.8094720484,79.8124018726,-0.000185491271168,-0.00292982421638,0.0115084841635,-3.37178355959e-05
q20_from_e0,gamma_1,1764,79.8091479158,79.8124048008,-0.000182563072656,-0.00325688504293,0.0114503097953,-3.72923427091e-05
q20_from_e0,gamma_1,1766,79.80891024,79.8124090805,-0.000178283383264,-0.0034988405349,0.0113924294933,-3.98602941024e-05
q20_from_e0,gamma_1,1768,79.8087648938,79.8124144773,-0.000172886561586,-0.00364958352279,0.0113348417712,-4.13674517617e-05
q20_from_e0,gamma_1,1770,79.8087146452,79.8124207048,-0.00016665903857,-0.00370605966305,0.01127754515,-4.17952551784e-05
q20_from_e0,gamma_1,1772,79.8087589722,79.8124274417,-0.000159922137058,-0.00366846951525,0.011220538158,-4.11622021774e-05
q20_from_e0,gamma_1,1774,79.8088940035,79.8124343507,-0.000153013159803,-0.00354034726863,0.0111638193314,-3.95237972773e-05
q20_from_e0,gamma_1,1776,79.8091124646,79.8124410985,-0.000146265351276,-0.0033286339585,0.0111073872134,-3.69724262688e-05
q20_from_e0,gamma_1,1778,79.8094039258,79.812447376,-0.000139987853743,-0.00304345020551,0.0110512403548,-3.36338997289e-05
q20_from_e0,gamma_1,1780,79.8097551902,79.8124529197,-0.000134444150291,-0.00269772956585,0.0109953773135,-2.96625544664e-05
q20_from_e0,gamma_1,1782,79.8101507486,79.8124575313,-0.000129832587206,-0.00230678265093,0.010939796655,-2.52357331286e-05
q20_from_e0,gamma_1,1784,79.8105735456,79.8124610905,-0.000126273370967,-0.00188754487613,0.0108844969518,-2.05449764506e-05
q20_from_e0,gamma_1,1786,79.8110056914,79.8124635669,-0.000123796991758,-0.00145787551942,0.0108294767837,-1.57880290911e-05
q20_from_e0,gamma_1,1788,79.8114292233,79.8124650307,-0.00012233322829,-0.0010358073589,0.0107747347377,-1.11605495315e-05
q20_from_e0,gamma_1,1790,79.8118269893,79.8124656571,-0.00012170674556,-0.000638667867989,0.0107202694079,-6.846691607e-06
q20_from_e0,gamma_1,1792,79.8121834524,79.8124657236,-0.000121640250455,-0.000282271229821,0.0106660793955,-3.01072734833e-06
q20_from_e0,gamma_1,1794,79.8124852714,79.8124656038,-0.000121760096647,1.96675955237e-05,0.0106121633088,2.08715735589e-07
q20_from_e0,gamma_1,1796,79.812721984,79.8124657566,-0.000121607299207,0.000256227402261,0.0105585197631,2.70538209062e-06
q20_from_e0,gamma_1,1798,79.8128864125,79.812466706,-0.000120657909534,0.000419706530494,0.0105051473808,4.40907895954e-06
q20_from_e0,gamma_1,1800,79.8129748883,79.8124690156,-0.000118348262703,0.000505872685451,0.0104520447912,5.287403967e-06
q20_from_e0,gamma_1,1802,79.8129873578,79.8124732627,-0.000114101190292,0.00051409514748,0.0103992106305,5.34618372276e-06
q20_from_e0,gamma_1,1804,79.8129271435,79.8124800136,-0.000107350293746,0.000447129913596,0.0103466435418,4.62629383284e-06
q20_from_e0,gamma_1,1806,79.8128006373,79.8124898005,-9.75634095965e-05,0.000310836864386,0.010294342175,3.19986104261e-06
q20_from_e0,gamma_1,1808,79.8126168171,79.8125030976,-8.42663319958e-05,0.000113719568034,0.0102423051871,1.16475052155e-06
q20_from_e0,gamma_1,1810,79.8123867228,79.8125202987,-6.70651804171e-05,-0.000133575866329,0.0101905312415,-1.36120903893e-06
q20_from_e0,gamma_1,1812,79.8121228667,79.8125416947,-4.56691400359e-05,-0.000418828061981,0.0101390190086,-4.24650568175e-06
q20_from_e0,gamma_1,1814,79.8118384638,79.8125674512,-1.99126780984e-05,-0.000728987409914,0.0100877671654,-7.35385525775e-06
q20_from_e0,gamma_1,1816,79.8115467343,79.8125975929,1.02290170219e-05,-0.00105085856623,0.0100367743958,-1.05472303512e-05
q20_from_e0,gamma_1,1818,79.8112603068,79.812631998,4.46341339e-05,-0.00137169126461,0.00998603939019,-1.36977629996e-05
q20_from_e0,gamma_1,1820,79.8109907541,79.8126703997,8.3035844284e-05,-0.00167964558746,0.00993556084549,-1.6688220933e-05
q20_from_e0,gamma_1,1822,79.8107482596,79.8127123924,0.000125028547956,-0.00196413283062,0.00988533746536,-1.94161158575e-05
q20_from_e0,gamma_1,1824,79.8105414539,79.8127574426,0.000170078746407,-0.00221598875427,0.00983536795998,-2.17950647934e-05
q20_from_e0,gamma_1,1826,79.8103773399,79.8128049081,0.000217544176849,-0.00242756818105,0.00978565104601,-2.37553351101e-05
q20_from_e0,gamma_1,1828,79.8102613125,79.81285406,0.00026669607152,-0.00259274747921,0.00973618544665,-2.52434702739e-05
q20_from_e0,gamma_1,1830,79.8101972174,79.812904105,0.000316741138434,-0.0027068876558,0.00968696989151,-2.62215392215e-05
q20_from_e0,gamma_1,1832,79.8101874742,79.8129542116,0.000366847749774,-0.00276673741939,0.00963800311664,-2.6665823871e-05
q20_from_e0,gamma_1,1834,79.8102331617,79.8130035391,0.000416175250919,-0.00277037739492,0.00958928386448,-2.65659352517e-05
q20_from_e0,gamma_1,1836,79.810334187,79.8130512691,0.000463905230333,-0.00271708208129,0.00954081088382,-2.59231662934e-05
q20_from_e0,gamma_1,1838,79.8104894659,79.8130966376,0.00050927373681,-0.00260717170781,0.00949258292979,-2.47487936486e-05
q20_from_e0,gamma_1,1840,79.8106970509,79.8131389643,0.000551600372376,-0.00244191337543,0.0094445987638,-2.30628920469e-05
q20_from_e0,gamma_1,1842,79.8109541795,79.8131776794,0.000590315498442,-0.00222349990543,0.00939685715352,-2.08939109921e-05
q20_from_e0,gamma_1,1844,79.8112573878,79.813212347,0.000624983094582,-0.00195495921182,0.00934935687284,-1.82776113431e-05
q20_from_e0,gamma_1,1846,79.8116024702,79.8132426793,0.000655315377514,-0.00164020910543,0.00930209670188,-1.525738371e-05
q20_from_e0,gamma_1,1848,79.8119843963,79.8132685463,0.000681182457129,-0.0012841500082,0.0092550754269,-1.18849051854e-05
q20_from_e0,gamma_1,1850,79.8123973484,79.8132899787,0.000702614849473,-0.000892630297386,0.0092082918403,-8.21960028382e-06
q20_from_e0,gamma_1,1852,79.8128347717,79.8133071607,0.000719796835753,-0.000472389036219,0.00916174474058,-4.32790776809e-06
q20_from_e0,gamma_1,1854,79.8132892654,79.8133204198,0.000733055907091,-3.11543736586e-05,0.00911543293234,-2.83985603634e-07
q20_from_e0,gamma_1,1856,79.8137528343,79.8133302106,0.000742846751862,0.000422623630399,0.00906935522618,3.83292383107e-06
q20_from_e0,gamma_1,1858,79.8142169536,79.8133370911,0.000749727236467,0.000879862500312,0.00902351043874,7.93944845622e-06
q20_from_e0,gamma_1,1860,79.8146725922,79.8133416917,0.000754327792905,0.00133090054119,0.00897789739265,1.19486884986e-05
q20_from_e0,gamma_1,1862,79.8151106443,79.813344681,0.000757317118854,0.00176596332685,0.00893251491646,1.5774493759e-05
q20_from_e0,gamma_1,1864,79.8155220557,79.8133467292,0.000759365333039,0.00217532651456,0.00888736184467,1.93329138652e-05
q20_from_e0,gamma_1,1866,79.8158978881,79.8133484697,0.00076110582151,0.00254941842596,0.00884243701766,2.25430718632e-05
q20_from_e0,gamma_1,1868,79.8162298269,79.813350461,0.000763097160188,0.00287936581948,0.00879773928167,2.53319097764e-05
q20_from_e0,gamma_1,1870,79.8165104209,79.81335315,0.000765786134849,0.0031572709189,0.00875326748878,2.76364368877e-05
q20_from_e0,gamma_1,1872,79.8167333856,79.8133568406,0.000769476688049,0.0033765450026,0.00870902049686,2.94063996362e-05
q20_from_e0,gamma_1,1874,79.8168939136,79.81336167,0.000774306137743,0.0035322436143,0.00866499716957,3.06068809202e-05
q20_from_e0,gamma_1,1876,79.8169887584,79.8133675878,0.000780223938591,0.00362117057438,0.0086211963763,3.12188226338e-05
q20_from_e0,gamma_1,1878,79.8170164782,79.8133743436,0.000786979732979,0.00364213457432,0.00857761699216,3.12408354124e-05
q20_from_e0,gamma_1,1880,79.8169775598,79.8133814871,0.000794123213595,0.00359607272648,0.00853425789794,3.06898120675e-05
q20_from_e0,gamma_1,1882,79.8168744022,79.8133883748,0.000801010888864,0.00348602740861,0.00849111798011,2.96002700084e-05
q20_from_e0,gamma_1,1884,79.8167113195,79.8133941847,0.000806820829581,0.00331713476317,0.00844819613074,2.80238050713e-05
q20_from_e0,gamma_1,1886,79.816494375,79.813397942,0.000810578083133,0.00309643303865,0.00840549124752,2.60270408049e-05
q20_from_e0,gamma_1,1888,79.816231026,79.8133985537,0.000811189837748,0.00283247232623,0.0083630022337,2.36879723912e-05
q20_from_e0,gamma_1,1890,79.8159298466,79.8133948511,0.000807487184801,0.00253499550531,0.00832072799809,2.10930080761e-05
q20_from_e0,gamma_1,1892,79.8156001034,79.8133856366,0.000798272730265,0.00221446679308,0.00827866745499,1.833283417e-05
q20_from_e0,gamma_1,1894,79.8152512028,79.8133697356,0.000782371683513,0.00188146723151,0.00823681952421,1.54973060267e-05
q20_from_e0,gamma_1,1896,79.8148922307,79.8133460471,0.000758683195059,0.0015461836217,0.00819518313101,1.2671257934e-05
q20_from_e0,gamma_1,1898,79.8145315688,79.8133135965,0.000726232598282,0.00121797235526,0.00815375720609,9.93105086855e-06
q20_from_e0,gamma_1,1900,79.8141765132,79.8132715838,0.000684219898318,0.000904929379999,0.00811254068556,7.3412764128e-06
q20_from_e0,gamma_1,1902,79.813833199,79.8132194267,0.000632062818838,0.000613772277958,0.00807153251089,4.95408289582e-06
q20_from_e0,gamma_1,1904,79.813506554,79.8131568005,0.000569436631622,0.000349753490212,0.0080307316289,2.80877641617e-06
q20_from_e0,gamma_1,1906,79.8132003735,79.8130836691,0.000496305211044,0.000116704382521,0.00799013699177,9.32484003879e-07
q20_from_e0,gamma_1,1908,79.8129176034,79.8130003058,0.000412941945257,-8.27024020111e-05,0.00794974755692,-6.5746321834e-07
q20_from_e0,gamma_1,1910,79.8126606406,79.8129073047,0.000319940837528,-0.000246664125456,0.0079095622871,-1.95100526428e-06
q20_from_e0,gamma_1,1912,79.8124314819,79.8128055799,0.000218216021921,-0.000374098046862,0.00786958015025,-2.94399456383e-06
q20_from_e0,gamma_1,1914,79.8122318419,79.8126963511,0.000108987199994,-0.000464509154213,0.00782980011957,-3.6370138312e-06
q20_from_e0,gamma_1,1916,79.8120632191,79.8125811185,-6.24536725979e-06,-0.000517899410013,0.00779022117341,-4.03455094958e-06
q20_from_e0,gamma_1,1918,79.8119268131,79.8124616308,-0.000125733037294,-0.000534817726731,0.00775084229533,-4.14528785664e-06
q20_from_e0,gamma_1,1920,79.8118236133,79.8123398415,-0.000247522387355,-0.000516228195067,0.00771166247398,-3.98097759991e-06
q20_from_e0,gamma_1,1922,79.8117543576,79.8122178546,-0.000369509293179,-0.000463496979094,0.00767268070316,-3.55626432747e-06
q20_from_e0,gamma_1,1924,79.8117193275,79.8120978638,-0.000489500067914,-0.000378536282696,0.00763389598174,-2.88970660742e-06
q20_from_e0,gamma_1,1926,79.8117184116,79.8119820867,-0.000605277190601,-0.000263675059472,0.00759530731366,-2.00269310764e-06
q20_from_e0,gamma_1,1928,79.8117509878,79.8118726977,-0.000714666204928,-0.000121709831873,0.00755691370787,-9.19750696866e-07
q20_from_e0,gamma_1,1930,79.811815822,79.8117717607,-0.000815603213596,4.40613329431e-05,0.00751871417836,3.31284568717e-07
q20_from_e0,gamma_1,1932,79.8119110028,79.8116811637,-0.000906200216974,0.000229839130185,0.00748070774409,1.71935936107e-06
q20_from_e0,gamma_1,1934,79.8120337468,79.8116025603,-0.000984803551944,0.00043118648243,0.00744289342897,3.20927503674e-06
q20_from_e0,gamma_1,1936,79.8121803274,79.8115373188,-0.00105004503624,0.000643008533558,0.00740527026188,4.76165197169e-06
q20_from_e0,gamma_1,1938,79.8123459888,79.8114864801,-0.00110088379091,0.000859508696948,0.00736783727655,6.33272021689e-06
q20_from_e0,gamma_1,1940,79.8125248431,79.8114507283,-0.00113663562718,0.00107411483572,0.00733059351166,7.87389924548e-06
q20_from_e0,gamma_1,1942,79.8127099051,79.8114303707,-0.001156993181,0.00127953441942,0.00729353801069,9.33233292406e-06
q20_from_e0,gamma_1,1944,79.8128932461,79.8114253296,-0.00116203424781,0.00146791648046,0.00725666982201,1.0652185225e-05
q20_from_e0,gamma_1,1946,79.8130661085,79.81143515,-0.00115221384732,0.00163095846877,0.00721998799875,1.17755005709e-05
q20_from_e0,gamma_1,1948,79.8132192385,79.8114590194,-0.00112834451126,0.00176021912993,0.00718349159886,1.2644519332e-05
q20_from_e0,gamma_1,1950,79.813343269,79.8114957982,-0.0010915656482,0.00184747076797,0.00714717968503,1.32042055415e-05
q20_from_e0,gamma_1,1952,79.8134289974,79.8115440631,-0.00104330079498,0.00188493431969,0.00711105132472,1.3403864691e-05
q20_from_e0,gamma_1,1954,79.8134678428,79.8116021591,-0.000985204832901,0.00186568369996,0.00707510559007,1.31999091749e-05
q20_from_e0,gamma_1,1956,79.8134522574,79.8116682626,-0.000919101255022,0.00178399478656,0.00703934155792,1.25581486402e-05
q20_from_e0,gamma_1,1958,79.8133762609,79.8117404506,-0.00084691332134,0.0016358103815,0.00700375830979,1.14568205527e-05
q20_from_e0,gamma_1,1960,79.8132360034,79.811816767,-0.000770596911948,0.00141923639241,0.00696835493183,9.88974291447e-06
q20_from_e0,gamma_1,1962,79.8130300047,79.8118952907,-0.000692073143313,0.00113471391268,0.0069331305148,7.86711965355e-06
q20_from_e0,gamma_1,1964,79.8127595816,79.811974204,-0.000613159870753,0.000785377539145,0.00689808415409,5.41760035775e-06
q20_from_e0,gamma_1,1966,79.8124290123,79.8120518547,-0.000535509145038,0.000377157516283,0.00686321494962,2.58851310412e-06
q20_from_e0,gamma_1,1968,79.8120453676,79.812126814,-0.00046054988249,-8.14464427776e-05,0.0068285220059,-5.56158826809e-07
q20_from_e0,gamma_1,1970,79.8116184813,79.8121979244,-0.000389439456939,-0.000579443139486,0.00679400443193,-3.93673925772e-06
q20_from_e0,gamma_1,1972,79.8111605152,79.8122643352,-0.000323028716451,-0.00110382001526,0.00675966134124,-7.46144948484e-06
q20_from_e0,gamma_1,1974,79.8106853106,79.8123255236,-0.000261840304233,-0.00164021296641,0.00672549185183,-1.10312389408e-05
q20_from_e0,gamma_1,1976,79.8102079397,79.8123813042,-0.000206059656804,-0.00217336453899,0.00669149508617,-1.45430581331e-05
q20_from_e0,gamma_1,1978,79.8097439674,79.8124318247,-0.000155539165689,-0.00268785731896,0.00665767017115,-1.78948674967e-05
q20_from_e0,gamma_1,1980,79.8093087449,79.8124775463,-0.000109817577041,-0.00316880143613,0.00662401623807,-2.09901921682e-05
q20_from_e0,gamma_1,1982,79.8089169259,79.8125192122,-6.81516499412e-05,-0.0036022863809,0.00659053242265,-2.3740985189e-05
q20_from_e0,gamma_1,1984,79.8085818546,79.812557809,-2.955492468e-05,-0.00397595436266,0.00655721786495,-2.6071198977e-05
q20_from_e0,gamma_1,1986,79.8083150626,79.8125945152,7.15135550422e-06,-0.00427945259287,0.00652407170938,-2.79194555928e-05
q20_from_e0,gamma_1,1988,79.8081260538,79.8126306409,4.32769876966e-05,-0.00450458711174,0.0064910931047,-2.92396943405e-05
q20_from_e0,gamma_1,1990,79.8080219046,79.8126675611,8.01971735314e-05,-0.00464565644705,0.00645828120394,-3.0002955712e-05
q20_from_e0,gamma_1,1992,79.8080070124,79.8127066466,0.000119282749182,-0.00469963427238,0.00642563516444,-3.01981352406e-05
q20_from_e0,gamma_1,1994,79.8080831908,79.8127491947,0.00016183083855,-0.00466600390655,0.00639315414777,-2.98304822287e-05
q20_from_e0,gamma_1,1996,79.8082496009,79.8127963625,0.000208998659019,-0.00454676163301,0.00636083731977,-2.89212110793e-05
q20_from_e0,gamma_1,1998,79.8085028809,79.8128491029,0.000261739044589,-0.00434622201266,0.00632868385047,-2.75058650621e-05
q20_from_e0,gamma_1,2000,79.8088375028,79.8129081085,0.000320744614555,-0.00407060566479,0.00629669291411,-2.56313538456e-05
q20_from_e0,gamma_2,0,79.8125873639,79.8125873639,0,0,1,0
q20_from_e0,gamma_2,2,79.8116352575,79.8125825284,-4.83552952346e-06,-0.00094727082319,0.989915729261,-0.000937718287745
q20_from_e0,gamma_2,4,79.8106687391,79.8125681414,-1.92225085414e-05,-0.00189940228569,0.979933151038,-0.0018612872669
q20_from_e0,gamma_2,6,79.8096865592,79.8125445731,-4.27907549465e-05,-0.00285801391136,0.970051239837,-0.00277241993819
q20_from_e0,gamma_2,8,79.8086914483,79.8125124793,-7.48845665441e-05,-0.00382103103549,0.960268980503,-0.00366921757692
q20_from_e0,gamma_2,10,79.8076923678,79.8124727933,-0.000114570609668,-0.00478042547664,0.950585368121,-0.00454420251149
q20_from_e0,gamma_2,12,79.8067063858,79.8124267006,-0.000160663310652,-0.00572031481887,0.940999407908,-0.00538281285761
q20_from_e0,gamma_2,14,79.8057574989,79.8123756063,-0.00021175761195,-0.00661810742345,0.931510115114,-0.00616483400785
q20_from_e0,gamma_2,16,79.8048756891,79.8123210945,-0.000266269394132,-0.00744540542027,0.922116514917,-0.00686553129828
q20_from_e0,gamma_2,18,79.8040948126,79.8122648901,-0.000322473828604,-0.00817007746629,0.912817642327,-0.00745779085041
q20_from_e0,gamma_2,20,79.8034494894,79.8122088163,-0.000378547569198,-0.00875932692281,0.903612542086,-0.00791503766769
q20_from_e0,gamma_2,22,79.8029729637,79.812154751,-0.000432612929018,-0.00918178728969,0.894500268569,-0.00821311119657
q20_from_e0,gamma_2,24,79.8026949844,79.8121045838,-0.000482780128678,-0.00940959935062,0.885479885684,-0.00833201095732
q20_from_e0,gamma_2,26,79.8026393251,79.8120601696,-0.000527194283251,-0.00942084446959,0.876550466783,-0.00825784561731
q20_from_e0,gamma_2,28,79.8028222563,79.8120232806,-0.000564083332705,-0.00920102428518,0.867711094559,-0.00798383085356
q20_from_e0,gamma_2,30,79.8032513789,79.8119955617,-0.000591802222445,-0.00874418277431,0.858960860958,-0.0075109107642
q20_from_e0,gamma_2,32,79.8039244937,79.8119784845,-0.000608879350523,-0.00805399078776,0.850298867082,-0.00684829924232
q20_from_e0,gamma_2,34,79.8048293737,79.8119733029,-0.000614061008037,-0.00714392913294,0.841724223097,-0.00601321819928
q20_from_e0,gamma_2,36,79.805944017,79.8119810163,-0.00060634761951,-0.00603699923093,0.833236048144,-0.00503024538183
q20_from_e0,gamma_2,38,79.8072371163,79.8120023383,-0.000585025615919,-0.0047652219621,0.824833470245,-0.00393051456749
q20_from_e0,gamma_2,40,79.8086693314,79.8120376679,-0.000549695982244,-0.00336833650131,0.816515626216,-0.00275029938767
q20_from_e0,gamma_2,42,79.8101950731,79.8120870681,-0.000500295828076,-0.00189199497994,0.808281661578,-0.00152926484609
q20_from_e0,gamma_2,44,79.8117643345,79.8121502556,-0.00043710833431,-0.000385921051873,0.800130730469,-0.000308787293138
q20_from_e0,gamma_2,46,79.8133247542,79.8122266015,-0.000360762365531,0.00109815263924,0.792061995557,0.000869804970866
q20_from_e0,gamma_2,48,79.8148238612,79.812315135,-0.000272228915151,0.00250872622738,0.784074627951,0.00196702858336
q20_from_e0,gamma_2,50,79.8162115086,79.8124145535,-0.000172810433341,0.00379695518394,0.776167807123,0.00294707437887
q20_from_e0,gamma_2,52,79.8174420402,79.8125232472,-6.41167079323e-05,0.00491879303246,0.768340720817,0.00377930898411
q20_from_e0,gamma_2,54,79.8184759709,79.8126393327,5.19688214951e-05,0.00583663816248,0.760592564968,0.00443930359079
q20_from_e0,gamma_2,56,79.8192814164,79.8127606952,0.000173331348009,0.0065207211901,0.752922543621,0.00490959798469
q20_from_e0,gamma_2,58,79.8198353002,79.812885042,0.000297678117178,0.00695025815004,0.745329868846,0.00518023499541
q20_from_e0,gamma_2,60,79.8201242022,79.8130099596,0.000422595734648,0.00711424257022,0.737813760658,0.00524898606497
q20_from_e0,gamma_2,62,79.8201446976,79.8131329746,0.000545610687112,0.00701172307231,0.730373446941,0.00512117634932
q20_from_e0,gamma_2,64,79.8199031232,79.8132516193,0.000664255429058,0.00665150385535,0.723008163361,0.00480909158605
q20_from_e0,gamma_2,66,79.8194149749,79.8133634987,0.000776134838276,0.00605147615158,0.715717153295,0.00433114528444
q20_from_e0,gamma_2,68,79.8187039298,79.8134663562,0.000878992359375,0.00523757358701,0.708499667748,0.0037108191462
q20_from_e0,gamma_2,70,79.8178006733,79.8135581397,0.000970775823717,0.00424253361376,0.70135496528,0.00297552201538
q20_from_e0,gamma_2,72,79.8167414948,79.813637061,0.00104969706823,0.00310443382941,0.694282311926,0.0021553534963
q20_from_e0,gamma_2,74,79.815566727,79.8137016496,0.00111428574428,0.00186507738597,0.687280981123,0.0012818322157
q20_from_e0,gamma_2,76,79.8143191051,79.8137508015,0.00116343757253,0.000568303648137,0.680350253636,0.000386645531152
q20_from_e0,gamma_2,78,79.8130421201,79.8137838136,0.00119644966931,-0.000741693498682,0.673489417481,-0.000499522722377
q20_from_e0,gamma_2,80,79.8117786738,79.8138004083,0.00121304439301,-0.0020217344821,0.666697767855,-0.00134788586641
q20_from_e0,gamma_2,82,79.8105695514,79.8138007416,0.00121337768336,-0.00323119020494,0.659974607062,-0.00213250348585
q20_from_e0,gamma_2,84,79.8094523983,79.8137853978,0.00119803393498,-0.00433299949405,0.653319244444,-0.00283083195563
q20_from_e0,gamma_2,86,79.8084607481,79.8137553737,0.00116800986009,-0.00529462569128,0.646730996304,-0.00342419854838
q20_from_e0,gamma_2,88,79.8076229821,79.8137120474,0.00112468349462,-0.00608906525915,0.640209185842,-0.00389827551209
q20_from_e0,gamma_2,90,79.806962026,79.8136571351,0.0010697711694,-0.00669510902262,0.633753143082,-0.00424304638636
q20_from_e0,gamma_2,92,79.8064949846,79.8135926373,0.00100527339443,-0.00709765270567,0.627362204805,-0.00445279905037
q20_from_e0,gamma_2,94,79.806232628,79.8135207718,0.000933407951791,-0.00728814381118,0.62103571448,-0.00452619759901
q20_from_e0,gamma_2,96,79.8061794402,79.8134439021,0.000856538179164,-0.0072644618372,0.614773022197,-0.00446599515829
q20_from_e0,gamma_2,98,79.8063338419,79.8133644623,0.000777098391836,-0.00703062037212,0.608573484598,-0.00427864913875
q20_from_e0,gamma_2,100,79.8066886662,79.8132848744,0.00069751050151,-0.00659620821028,0.602436464814,-0.00397379635538
q20_from_e0,gamma_2,102,79.807231661,79.8132074656,0.000620101713167,-0.00597580458984,0.5963613324,-0.00356373878736
q20_from_e0,gamma_2,104,79.8079458238,79.8131343949,0.000547030981522,-0.00518857105774,0.590347463266,-0.00306305976191
q20_from_e0,gamma_2,106,79.808810176,79.8130675833,0.000480219410463,-0.00425740729467,0.584394239616,-0.00248800429871
q20_from_e0,gamma_2,108,79.8098006038,79.8130086515,0.000421287655087,-0.00320804770161,0.578501049885,-0.00185585896346
q20_from_e0,gamma_2,110,79.8108904001,79.8129588675,0.000371503594693,-0.00206846740963,0.572667288675,-0.00118454362319
q20_from_e0,gamma_2,112,79.8120510491,79.8129191049,0.000331740993758,-0.000868055786256,0.566892356693,-0.000492094190412
q20_from_e0,gamma_2,114,79.8132528552,79.8128898159,0.000302452027654,0.000363039238735,0.561175660688,0.000203728784653
q20_from_e0,gamma_2,116,79.8144653297,79.8128710183,0.000283654444885,0.00159431140177,0.555516613393,0.000885666470608
q20_from_e0,gamma_2,118,79.815658057,79.8128622992,0.000274935275399,0.00279575781599,0.549914633464,0.00153742813463
q20_from_e0,gamma_2,120,79.8168012191,79.8128628348,0.000275470934696,0.00393838428158,0.544369145417,0.00214393488569
q20_from_e0,gamma_2,122,79.8178662435,79.8128714264,0.000284062561605,0.00499481702025,0.538879579572,0.00269160489591
q20_from_e0,gamma_2,124,79.8188266373,79.8128865492,0.000299185301401,0.00594008806928,0.533445371996,0.00316871248981
q20_from_e0,gamma_2,126,79.8196584489,79.8129064113,0.000319047413711,0.00675203764595,0.52806596444,0.00356552127145
q20_from_e0,gamma_2,128,79.8203407815,79.8129290214,0.000341657499192,0.00741176010457,0.522740804287,0.00387442943824
q20_from_e0,gamma_2,130,79.8208565314,79.812952266,0.000364902070871,0.00790426541555,0.51746934449,0.00409021504326
q20_from_e0,gamma_2,132,79.8211927216,79.8129739915,0.000386627658017,0.008218730099,0.512251043521,0.00421005306963
q20_from_e0,gamma_2,134,79.8213407908,79.8129920847,0.000404720852629,0.00834870608756,0.507085365311,0.00423350667629
q20_from_e0,gamma_2,136,79.8212969219,79.8130045528,0.000417188933739,0.00829236908416,0.5019717792,0.00416253526296
q20_from_e0,gamma_2,138,79.8210621629,79.8130096011,0.000422237175513,0.00805256179642,0.496909759875,0.00400139654863
q20_from_e0,gamma_2,140,79.8206424863,79.8130056986,0.000418334750123,0.00763678770144,0.491898787323,0.00375652660939
q20_from_e0,gamma_2,142,79.8200486423,79.8129916322,0.000404268298283,0.00705701006876,0.486938346776,0.00343632881606
q20_from_e0,gamma_2,144,79.8192957591,79.812966548,0.000379184119879,0.00632921104651,0.482027928653,0.00305085649076
q20_from_e0,gamma_2,146,79.8184029707,79.8129299831,0.000342619249764,0.00547298761356,0.477167028517,0.00261152923667
q20_from_e0,gamma_2,148,79.8173929132,79.8128818824,0.000294518486442,0.00451103083415,0.472355147014,0.00213080863285
q20_from_e0,gamma_2,150,79.8162911343,79.8128225981,0.000235234172862,0.00346853624498,0.467591789826,0.00162185907087
q20_from_e0,gamma_2,152,79.8151254137,79.8127528757,0.000165511816562,0.00237253798743,0.462876467622,0.00109819200292
q20_from_e0,gamma_2,154,79.8139249698,79.8126738288,8.64649591392e-05,0.00125114091287,0.458208696004,0.000573283646203
q20_from_e0,gamma_2,156,79.8127196973,79.8125869012,-4.62685576963e-07,0.000132796050806,0.453587995458,6.023469449e-05
q20_from_e0,gamma_2,158,79.8115393664,79.8124938163,-9.35475364798e-05,-0.000954449964027,0.449013891308,-0.000428561292407
q20_from_e0,gamma_2,160,79.8104128866,79.8123965191,-0.000190844789927,-0.00198363251835,0.444485913662,-0.000881696712288
q20_from_e0,gamma_2,162,79.8093676218,79.8122971097,-0.000290254144048,-0.00292948795502,0.440003597369,-0.00128898523866
q20_from_e0,gamma_2,164,79.8084287023,79.8121977742,-0.000389589652514,-0.00376907195805,0.435566481967,-0.00164168141305
q20_from_e0,gamma_2,166,79.8076182806,79.8121007137,-0.000486650164049,-0.00448243311789,0.431174111638,-0.00193270911758
q20_from_e0,gamma_2,168,79.8069550079,79.8120080769,-0.000579287026966,-0.00505306891753,0.426826035161,-0.00215678137146
q20_from_e0,gamma_2,170,79.8064536695,79.8119218965,-0.00066546738276,-0.00546822701702,0.422521805863,-0.0023104451541
q20_from_e0,gamma_2,172,79.8061248193,79.8118440299,-0.000743334024889,-0.00571921055869,0.41826098158,-0.00239212262214
q20_from_e0,gamma_2,174,79.8059745592,79.8117761061,-0.000811257817446,-0.00580154684656,0.414043124602,-0.00240209058387
q20_from_e0,gamma_2,176,79.8060044048,79.8117194842,-0.000867879641049,-0.0057150794685,0.409867801636,-0.00234242705793
q20_from_e0,gamma_2,178,79.8062112462,79.8116752236,-0.000912140270131,-0.00546397745119,0.405734583757,-0.00221692461681
q20_from_e0,gamma_2,180,79.8065873849,79.8116440653,-0.000943298609144,-0.00505668036284,0.401643046366,-0.00203098050543
q20_from_e0,gamma_2,182,79.8071207977,79.8116264242,-0.000960939659251,-0.00450562650849,0.397592769146,-0.00179140452025
q20_from_e0,gamma_2,184,79.8077954234,79.8116223913,-0.000964972630996,-0.00382696789674,0.393583336018,-0.00150623079163
q20_from_e0,gamma_2,186,79.8085915114,79.8116317455,-0.00095561840331,-0.00304023408478,0.389614335099,-0.00118451878149
q20_from_e0,gamma_2,188,79.809486133,79.811653978,-0.000933385856129,-0.00216784505051,0.38568535866,-0.000836106095825
q20_from_e0,gamma_2,190,79.8104537672,79.8116883216,-0.000899042263001,-0.00123455439524,0.381796003083,-0.000471347933691
q20_from_e0,gamma_2,192,79.811467007,79.8117337855,-0.000853578388046,-0.000266778519148,0.377945868821,-0.000100827839202
q20_from_e0,gamma_2,194,79.8124971989,79.8117891966,-0.000798167263071,0.000708002314354,0.374134560355,0.000264888134611
q20_from_e0,gamma_2,196,79.8135152103,79.811853244,-0.000734119872547,0.00166196631584,0.370361686156,0.000615528647067
q20_from_e0,gamma_2,198,79.8144922551,79.811924523,-0.00066284089371,0.00256773214784,0.366626858641,0.000941399571193
q20_from_e0,gamma_2,200,79.8154007043,79.812001579,-0.000585784836943,0.00339912520469,0.362929694138,0.00123364347088
q20_from_e0,gamma_2,202,79.8162149229,79.8120829507,-0.000504413190882,0.00413197215865,0.359269812843,0.00148449286411
q20_from_e0,gamma_2,204,79.8169119597,79.8121672098,-0.000420154042573,0.00474474983605,0.355646838782,0.00168745528
q20_from_e0,gamma_2,206,79.8174721413,79.8122529974,-0.000334366483258,0.00521914388695,0.352060399772,0.00183745388331
q20_from_e0,gamma_2,208,79.8178797521,79.8123390538,-0.000248310072692,0.0055406983146,0.348510127384,0.00193098947542
q20_from_e0,gamma_2,210,79.8181235118,79.8124242431,-0.000163120746038,0.00569926864415,0.344995656904,0.00196622292976
q20_from_e0,gamma_2,212,79.8181968597,79.8125075689,-7.97949793139e-05,0.00568929076853,0.341516627296,0.00194298739498
q20_from_e0,gamma_2,214,79.8180981957,79.8125881836,8.19730800572e-07,0.00551001204362,0.338072681165,0.00186278454484
q20_from_e0,gamma_2,216,79.8178308549,79.8126653922,7.80282774713e-05,0.00516546275846,0.334663464718,0.00172869166362
q20_from_e0,gamma_2,218,79.8174029064,79.8127386496,0.000151285681511,0.00466425685337,0.331288627734,0.00154521525235
q20_from_e0,gamma_2,220,79.8168268661,79.8128075546,0.000220190668188,0.00401931154562,0.327947823519,0.00131812447343
q20_from_e0,gamma_2,222,79.8161194045,79.8128718387,0.000284474783655,0.00324756583232,0.324640708878,0.00105429207393
q20_from_e0,gamma_2,224,79.8153007499,79.8129313497,0.000343985839294,0.00236940019221,0.321366944077,0.000761446899065
q20_from_e0,gamma_2,226,79.8143939852,79.8129860325,0.000398668659244,0.00140795270116,0.318126192806,0.00044790663247
q20_from_e0,gamma_2,228,79.8134243852,79.8130359097,0.000448545849508,0.000388475464405,0.314918122149,0.000122337963751
q20_from_e0,gamma_2,230,79.8124186948,79.8130810614,0.000493697514287,-0.000662366609248,0.311742402544,-0.000206487758132
q20_from_e0,gamma_2,232,79.8114043482,79.8131216057,0.000534241791883,-0.00171725749183,0.308598707756,-0.000529943442864
q20_from_e0,gamma_2,234,79.8104086792,79.8131576825,0.000570318617605,-0.00274900330371,0.305486714837,-0.000839783988326
q20_from_e0,gamma_2,236,79.8094581961,79.8131894398,0.000602075962121,-0.00373124373077,0.302406104098,-0.00112835088006
q20_from_e0,gamma_2,238,79.8085778989,79.8132170224,0.000629658495995,-0.00463912345482,0.299356559071,-0.00138875203454
q20_from_e0,gamma_2,240,79.8077906843,79.8132405635,0.000653199587987,-0.00544987921123,0.296337766482,-0.00161500503305
q20_from_e0,gamma_2,242,79.8071167832,79.8132601812,0.000672817336351,-0.00614339805831,0.293349416214,-0.00180216223398
q20_from_e0,gamma_2,244,79.8065732009,79.8132759789,0.000688614977392,-0.00670277799136,0.29039120128,-0.00194642775282
q20_from_e0,gamma_2,246,79.8061733681,79.8132880489,0.000700685032939,-0.00711468084224,0.287462817786,-0.00204520620256
q20_from_e0,gamma_2,248,79.805926945,79.8132964796,0.00070911572783,-0.00736953456502,0.284563964904,-0.00209710397532
q20_from_e0,gamma_2,250,79.8058396039,79.8133013634,0.000713999525487,-0.00746175949868,0.281694344839,-0.00210193545333
q20_from_e0,gamma_2,252,79.8059129321,79.8133028067,0.000715442772787,-0.00738987454585,0.2788536628,-0.00206069358474
q20_from_e0,gamma_2,254,79.8061444727,79.8133009391,0.000713575204045,-0.00715646639136,0.276041626968,-0.00197548262601
q20_from_e0,gamma_2,256,79.8065278202,79.8132959235,0.000708559601634,-0.00676810323773,0.273257948466,-0.00184943800575
q20_from_e0,gamma_2,258,79.8070528279,79.8132879638,0.000700599939734,-0.00623513590646,0.270502341332,-0.00168661886122
q20_from_e0,gamma_2,260,79.8077058762,79.8132773108,0.000689946927039,-0.0055714346277,0.267774522487,-0.001491888247
q20_from_e0,gamma_2,262,79.8084702,79.8132642642,0.000676900314986,-0.00479406421276,0.265074211705,-0.00127078279206
q20_from_e0,gamma_2,264,79.8093263059,79.8132491708,0.0006618069322,-0.00392286490462,0.262401131588,-0.00102936419004
q20_from_e0,gamma_2,266,79.8102523624,79.8132324194,0.000645055513957,-0.00298005701438,0.259755007535,-0.000774084732225
q20_from_e0,gamma_2,268,79.8112246932,79.813214433,0.000627069073573,-0.00198973974179,0.257135567713,-0.000511632858106
q20_from_e0,gamma_2,270,79.8122183796,79.813195657,0.000608293088959,-0.000977277362054,0.254542543031,-0.000248758664984
q20_from_e0,gamma_2,272,79.8132078103,79.8131765429,0.000589178993465,3.12673867313e-05,0.251975667113,7.8786206305e-06
q20_from_e0,gamma_2,274,79.8141673209,79.8131575289,0.000570165010359,0.00100979200732,0.249434676266,0.000251877142443
q20_from_e0,gamma_2,276,79.8150719246,79.8131390193,0.000551655394815,0.00193290533674,0.246919309459,0.000477271650998
q20_from_e0,gamma_2,278,79.8158979651,79.8131213626,0.000533998714076,0.00277660250009,0.244429308291,0.000678683028498
q20_from_e0,gamma_2,280,79.8166238563,79.81310483,0.000517466114246,0.0035190262992,0.24196441697,0.000851479146789
q20_from_e0,gamma_2,282,79.8172308059,79.8130895951,0.000502231219372,0.00414121075406,0.23952438228,0.000991920947757
q20_from_e0,gamma_2,284,79.8177033701,79.8130757173,0.000488353415449,0.00462765281183,0.237108953561,0.00109725791566
q20_from_e0,gamma_2,286,79.8180300003,79.8130631294,0.000475765526005,0.00496687092479,0.234717882678,0.001165813427
q20_from_e0,gamma_2,288,79.8182035174,79.8130516307,0.000464266832125,0.00515188668331,0.232350924002,0.00119704563122
q20_from_e0,gamma_2,290,79.8182212998,79.8130408849,0.000453521016979,0.00518041492569,0.230007834378,0.00119153601824
q20_from_e0,gamma_2,292,79.8180853312,79.813030423,0.000443059154378,0.00505490820336,0.227688373104,0.00115094382501
q20_from_e0,gamma_2,294,79.8178020758,79.8130196547,0.000432290789718,0.00478242115999,0.225392301905,0.00107792091393
q20_from_e0,gamma_2,296,79.8173822928,79.8130078875,0.000420523657823,0.0043744052397,0.22311938491,0.000976014606431
q20_from_e0,gamma_2,298,79.816840625,79.8129943541,0.000406990223269,0.00384627086984,0.220869388626,0.000849523495511
q20_from_e0,gamma_2,300,79.8161951081,79.8129782437,0.000390879864455,0.00321686430328,0.218642081913,0.000703341908501
q20_from_e0,gamma_2,302,79.81546664,79.8129587399,0.000371375977693,0.00250790016551,0.216437235964,0.000542802979896
q20_from_e0,gamma_2,304,79.8146781937,79.812935061,0.000347697106875,0.00174313266804,0.214254624278,0.000373474234858
q20_from_e0,gamma_2,306,79.8138540806,79.8129065039,0.000319139982707,0.000947576730852,0.21209402264,0.000200975360606
q20_from_e0,gamma_2,308,79.8130191824,79.8128724863,0.000285122372532,0.000146696154715,0.209955209093,3.07996218364e-05
q20_from_e0,gamma_2,310,79.8121981459,79.8128325873,0.000245223444011,-0.00063444145394,0.207837963922,-0.000131861020015
q20_from_e0,gamma_2,312,79.8114146217,79.8127865824,0.000199218535954,-0.00137196070736,0.205742069624,-0.000282270035375
q20_from_e0,gamma_2,314,79.8106905271,79.8127344709,0.000147107039979,-0.00204394385732,0.203667310891,-0.000416284549032
q20_from_e0,gamma_2,316,79.8100454537,79.8126764991,8.91352169106e-05,-0.00263104539133,0.201613474588,-0.000530454203143
q20_from_e0,gamma_2,318,79.809496234,79.8126131771,2.58132241413e-05,-0.00311694310638,0.199580349725,-0.000622080595244
q20_from_e0,gamma_2,320,79.8090566349,79.8125452862,-4.20777215453e-05,-0.0034886512578,0.197567727444,-0.000689244900849
q20_from_e0,gamma_2,322,79.8087371231,79.8124738729,-0.000113490998103,-0.0037367497936,0.195575400991,-0.000730816339288
q20_from_e0,gamma_2,324,79.8085448889,79.8124002331,-0.000187130805926,-0.00385534418297,0.193603165698,-0.000746406838677
q20_from_e0,gamma_2,326,79.8084840226,79.8123258868,-0.000261477126912,-0.00384186414115,0.191650818959,-0.000736296408981
q20_from_e0,gamma_2,328,79.8085555368,79.8122525394,-0.000334824513942,-0.00369700252162,0.189718160213,-0.000701388516705
q20_from_e0,gamma_2,330,79.8087575142,79.8121820302,-0.000405333705956,-0.00342451592999,0.187804990922,-0.000643141183143
q20_from_e0,gamma_2,332,79.8090852949,79.8121162769,-0.000471087028387,-0.00303098192163,0.185911114547,-0.000563493227221
q20_from_e0,gamma_2,334,79.8095315426,79.8120572158,-0.000530148091286,-0.00252567320386,0.184036336534,-0.000464815643722
q20_from_e0,gamma_2,336,79.810086355,79.8120067372,-0.00058062671161,-0.00192038218006,0.182180464291,-0.000349856117179
q20_from_e0,gamma_2,338,79.8107374509,79.8119666185,-0.000620745340058,-0.00122916763942,0.180343307166,-0.000221672157154
q20_from_e0,gamma_2,340,79.8114702225,79.8119384578,-0.000648906115259,-0.000468235267505,0.17852467643,-8.35915496245e-05
q20_from_e0,gamma_2,342,79.8122679556,79.8119236084,-0.000663755464927,0.000344347206749,0.176724385259,6.08545484285e-05
q20_from_e0,gamma_2,344,79.8131121653,79.8119231218,-0.000664242087851,0.00118904353265,0.174942248712,0.000208013949418
q20_from_e0,gamma_2,346,79.8139828451,79.8119376969,-0.000649667007082,0.0020451482269,0.173178083712,0.000354174850842
q20_from_e0,gamma_2,348,79.8148589889,79.8119676423,-0.00061972157701,0.00289134657027,0.17143170903,0.000495668483939
q20_from_e0,gamma_2,350,79.8157191496,79.8120128516,-0.000574512277183,0.00370629800446,0.169702945263,0.00062896968738
q20_from_e0,gamma_2,352,79.8165419156,79.8120727884,-0.000514575443702,0.00446912715242,0.167991614818,0.000750775887161
q20_from_e0,gamma_2,354,79.8173064301,79.8121464856,-0.000440878293887,0.00515994455401,0.166297541892,0.000858086095631
q20_from_e0,gamma_2,356,79.8179929151,79.8122325621,-0.000354801787111,0.00576035297129,0.164620552456,0.000948272488478
q20_from_e0,gamma_2,358,79.8185830474,79.8123292577,-0.000258106161212,0.00625378971701,0.162960474236,0.00101912053806
q20_from_e0,gamma_2,360,79.819060435,79.8124344819,-0.000152881998901,0.00662595310718,0.161317136694,0.00106887978312
q20_from_e0,gamma_2,362,79.8194111124,79.8125458723,-4.1491583687e-05,0.00686524009315,0.159690371013,0.00109631273757
q20_from_e0,gamma_2,364,79.8196239065,79.8126608615,7.34975656371e-05,0.00696304507949,0.158080010077,0.00110071823633
q20_from_e0,gamma_2,366,79.8196908142,79.8127767526,0.000189388719974,0.006914061553,0.156485888457,0.00108195306497
q20_from_e0,gamma_2,368,79.8196074148,79.8128908018,0.000303437891603,0.00671661300376,0.154907842391,0.00104045602859
q20_from_e0,gamma_2,370,79.8193729543,79.8130002989,0.000412935020563,0.0063726553602,0.153345709769,0.000977219359321
q20_from_e0,gamma_2,372,79.8189906129,79.813102648,0.000515284129534,0.00588796493088,0.151799330115,0.000893789132246
q20_from_e0,gamma_2,374,79.8184677004,79.8131954455,0.000608081604781,0.00527225491138,0.150268544572,0.000792254072144
q20_from_e0,gamma_2,376,79.8178153567,79.8132765541,0.00068919021632,0.0045388025664,0.148753195885,0.000675161387242
q20_from_e0,gamma_2,378,79.8170484571,79.813344168,0.000756804161412,0.00370428907279,0.147253128384,0.000545468154407
q20_from_e0,gamma_2,380,79.8161853083,79.8133968663,0.000809502446884,0.00278844192698,0.14576818797,0.000406466126957
q20_from_e0,gamma_2,382,79.8152470039,79.8134336542,0.000846290357401,0.00181334962571,0.144298222098,0.000261663127031
q20_from_e0,gamma_2,384,79.8142568158,79.8134539896,0.000866625688161,0.000802826259459,0.142843079759,0.000114678175412
q20_from_e0,gamma_2,386,79.8132395498,79.8134577927,0.000870428813229,-0.000218242856391,0.141402611469,-3.08601098283e-05
q20_from_e0,gamma_2,388,79.8122206206,79.8134454427,0.000858078811632,-0.00122482211475,0.139976669252,-0.000171446520049
q20_from_e0,gamma_2,390,79.811225269,79.8134177551,0.000830391181609,-0.00219248602318,0.138565106622,-0.000303802059569
q20_from_e0,gamma_2,392,79.8102780342,79.8133759431,0.000788579232051,-0.00309790891777,0.137167778572,-0.000424933284468
q20_from_e0,gamma_2,394,79.8094019359,79.8133215683,0.000734204376428,-0.00391963232151,0.135784541556,-0.000532225477845
q20_from_e0,gamma_2,396,79.8086179007,79.8132564808,0.000669116940969,-0.00463858014315,0.134415253477,-0.000623495925715
q20_from_e0,gamma_2,398,79.8079441248,79.8131827543,0.000595390419335,-0.00523862951333,0.133059773669,-0.000697050857381
q20_from_e0,gamma_2,400,79.8073955144,79.8131026133,0.000515249408949,-0.00570709885568,0.131717962887,-0.000751727435266
q20_from_e0,gamma_2,402,79.8069834003,79.8130183547,0.000430990796843,-0.00603495435062,0.130389683288,-0.000786895786437
q20_from_e0,gamma_2,404,79.8067152994,79.8129322683,0.000344904414433,-0.0062169688797,0.12907479842,-0.000802454004933
q20_from_e0,gamma_2,406,79.8065944991,79.8128465612,0.000259197362141,-0.00625206212018,0.127773173207,-0.000798845816186
q20_from_e0,gamma_2,408,79.8066199872,79.8127632839,0.000175920030529,-0.00614329671069,0.126484673936,-0.000777032881342
q20_from_e0,gamma_2,410,79.8067866113,79.812684267,9.69031375604e-05,-0.00589765575673,0.125209168239,-0.000738440571862
q20_from_e0,gamma_2,412,79.8070851917,79.8126110721,2.37082389845e-05,-0.00552588046526,0.123946525088,-0.000684913681719
q20_from_e0,gamma_2,414,79.8075029277,79.8125449502,-4.24136799069e-05,-0.0050420224578,0.122696614772,-0.000618639087175
q20_from_e0,gamma_2,416,79.8080238553,79.8124868119,-0.000100551961111,-0.00446295666067,0.121459308889,-0.000542067631609
q20_from_e0,gamma_2,418,79.8086294524,79.812437213,-0.000150150883201,-0.00380776056809,0.120234480335,-0.000457824113144
q20_from_e0,gamma_2,420,79.80929931,79.8123963522,-0.000191011664953,-0.00309704222677,0.119022003283,-0.000368616170082
q20_from_e0,gamma_2,422,79.8100117899,79.8123640827,-0.00022328115044,-0.00235229282229,0.117821753178,-0.000277151264311
q20_from_e0,gamma_2,424,79.8107448033,79.8123399387,-0.000247425177861,-0.00159513537079,0.11663360672,-0.000186046391502
q20_from_e0,gamma_2,426,79.8114764268,79.8123231734,-0.000264190453521,-0.000846746610833,0.115457441852,-9.7763197584e-05
q20_from_e0,gamma_2,428,79.8121855061,79.8123128076,-0.000274556324399,-0.000127301441324,0.11429313775,-1.45496811691e-05
q20_from_e0,gamma_2,430,79.8128522545,79.8123076877,-0.000279676181407,0.000544566752481,0.113140574805,6.16125953955e-05
q20_from_e0,gamma_2,432,79.8134585797,79.8123065488,-0.000280815127439,0.00115203094572,0.111999634617,0.000129027044988
q20_from_e0,gamma_2,434,79.8139883278,79.8123080768,-0.00027928706271,0.00168025100123,0.110870199979,0.000186289764522
q20_from_e0,gamma_2,436,79.8144276053,79.8123109723,-0.00027639153717,0.00211663299154,0.109752154866,0.000232305031882
q20_from_e0,gamma_2,438,79.8147649991,79.8123140106,-0.000273353242918,0.00245098844621,0.108645384422,0.000266288581952
q20_from_e0,gamma_2,440,79.8149918038,79.8123160993,-0.000271264541155,0.00267570441865,0.107549774951,0.00028777140806
q20_from_e0,gamma_2,442,79.8151023477,79.8123163294,-0.000271034527088,0.00278601834675,0.106465213902,0.000296614039223
q20_from_e0,gamma_2,444,79.8150941557,79.8123140158,-0.000273348039499,0.00278013990393,0.105391589861,0.000293003364511
q20_from_e0,gamma_2,446,79.814968023,79.8123087299,-0.000278633945243,0.00265929305587,0.104328792535,0.000277440833516
q20_from_e0,gamma_2,448,79.8147281513,79.8123003203,-0.000287043608608,0.002427831018,0.103276712745,0.00025073840664
q20_from_e0,gamma_2,450,79.8143820889,79.8122889234,-0.000298440503286,0.00209316548545,0.102235242413,0.000213995280815
q20_from_e0,gamma_2,452,79.8139406481,79.8122749576,-0.000312406269273,0.00166569052317,0.101204274549,0.000168575001021
q20_from_e0,gamma_2,454,79.8134177805,79.8122591003,-0.000328263601176,0.00115868024182,0.100183703245,0.000116080877502
q20_from_e0,gamma_2,456,79.8128301605,79.8122422537,-0.00034511022811,0.000587906797534,0.0991734236576,5.83047299031e-05
q20_from_e0,gamma_2,458,79.8121967212,79.8122255002,-0.000361863717103,-2.87789493996e-05,0.0981733320033,-2.82532535411e-06
q20_from_e0,gamma_2,460,79.8115381076,79.8122100509,-0.000377312936592,-0.000671943335675,0.097183325544,-6.53016879381e-05
q20_from_e0,gamma_2,462,79.8108758295,79.8121971944,-0.000390169493699,-0.00132136486994,0.0962033025779,-0.000127119664398
q20_from_e0,gamma_2,464,79.8102316203,79.8121882415,-0.000399122383413,-0.00195662120863,0.0952331624287,-0.000186335225373
q20_from_e0,gamma_2,466,79.8096268806,79.812184469,-0.00040289486148,-0.00255758844538,0.0942728054354,-0.000241111037896
q20_from_e0,gamma_2,468,79.8090818214,79.8121870657,-0.000400298169623,-0.00310524434038,0.0933221329421,-0.00028978802515
q20_from_e0,gamma_2,470,79.8086148063,79.8121970821,-0.000390281827364,-0.00358227571211,0.0923810472875,-0.000330934381957
q20_from_e0,gamma_2,472,79.8082418294,79.8122153844,-0.000371979528438,-0.00397355492694,0.0914494517955,-0.000363379419748
q20_from_e0,gamma_2,474,79.8079759843,79.812242616,-0.000344747891631,-0.00426663166022,0.0905272507647,-0.000386246434225
q20_from_e0,gamma_2,476,79.807827241,79.8122791664,-0.000308197505888,-0.00445192539998,0.0896143494587,-0.000398956398558
q20_from_e0,gamma_2,478,79.8078022213,79.812325152,-0.000262211843108,-0.00452293071501,0.0887106540966,-0.000401232142162
q20_from_e0,gamma_2,480,79.8079039585,79.8123804103,-0.000206953575145,-0.00447645176757,0.0878160718433,-0.000393104410024
q20_from_e0,gamma_2,482,79.8081319696,79.8124445038,-0.000142860130666,-0.00431253411942,0.0869305107995,-0.000374890793842
q20_from_e0,gamma_2,484,79.8084823319,79.812516739,-7.06248762583e-05,-0.00403440715233,0.0860538799931,-0.00034717638893
q20_from_e0,gamma_2,486,79.8089476799,79.8125961949,8.83097749238e-06,-0.00364851500294,0.0851860893691,-0.000310802725105
q20_from_e0,gamma_2,488,79.8095175858,79.8126817566,9.43927489772e-05,-0.00316417079819,0.0843270497807,-0.000266825188413
q20_from_e0,gamma_2,490,79.8101788909,79.8127721576,0.000184793680262,-0.00259326667938,0.0834766729801,-0.000216477274545
q20_from_e0,gamma_2,492,79.8109159926,79.8128660229,0.00027865900843,-0.00195003026143,0.0826348716094,-0.000161140500287
q20_from_e0,gamma_2,494,79.8117114839,79.8129619146,0.000374550709665,-0.00125043070454,0.0818015591916,-0.000102287181293
q20_from_e0,gamma_2,496,79.8125466408,79.813058379,0.00047101509368,-0.000511738156334,0.0809766501218,-4.14388416394e-05
q20_from_e0,gamma_2,498,79.8134017688,79.8131539951,0.000566631201295,0.000247773695918,0.0801600596584,1.98615542466e-05
q20_from_e0,gamma_2,500,79.814257011,79.8132474183,0.000660054429147,0.00100959273024,0.0793517039143,8.01129034042e-05
q20_from_e0,gamma_2,502,79.8150930137,79.8133374176,0.000750053701751,0.00175559609799,0.0785514998484,0.000137904706625
q20_from_e0,gamma_2,504,79.8158913669,79.8134229013,0.000835537384205,0.00246846560717,0.077759365257,0.000191946318772
q20_from_e0,gamma_2,506,79.81663516,79.8135029352,0.000915571314891,0.00313222478479,0.0769752187652,0.000241103688031
q20_from_e0,gamma_2,508,79.8173092248,79.8135767564,0.000989392542238,0.00373246840564,0.076198979819,0.000284410284717
q20_from_e0,gamma_2,510,79.8179003725,79.8136437775,0.00105641359552,0.00425659497752,0.0754305686765,0.00032107737978
q20_from_e0,gamma_2,512,79.8183977005,79.8137035837,0.00111621983942,0.00469411680798,0.0746699063999,0.000350509262682
q20_from_e0,gamma_2,514,79.8187926621,79.8137559227,0.00116855884293,0.00503673940072,0.0739169148477,0.000372300237393
q20_from_e0,gamma_2,516,79.8190792701,79.8138006831,0.00121331924331,0.00527858698203,0.0731715166662,0.000386242215329
q20_from_e0,gamma_2,518,79.8192539994,79.8138378688,0.00125050493139,0.00541613054257,0.0724336352817,0.000392310024359
q20_from_e0,gamma_2,520,79.8193156277,79.8138675697,0.00128020577461,0.00544805799265,0.0717031948929,0.000390643164035
q20_from_e0,gamma_2,522,79.8192652969,79.8138899296,0.00130256571468,0.00537536726803,0.0709801204628,0.000381544216216
q20_from_e0,gamma_2,524,79.8191063552,79.8139051151,0.00131775121838,0.00520124005823,0.0702643377109,0.000365461687967
q20_from_e0,gamma_2,526,79.8188441813,79.8139132847,0.00132592082838,0.00493089663446,0.0695557731061,0.000342972327516
q20_from_e0,gamma_2,528,79.8184860262,79.8139145623,0.00132719844071,0.00457146390393,0.0688543538586,0.000314765193293
q20_from_e0,gamma_2,530,79.818040764,79.8139090184,0.00132165452968,0.00413174555555,0.0681600079128,0.00028161980976
q20_from_e0,gamma_2,532,79.817518803,79.8138966569,0.00130929300022,0.00362214613833,0.0674726639394,0.000244395849131
q20_from_e0,gamma_2,534,79.8169319974,79.8138774051,0.0012900412024,0.00305459228962,0.0667922513287,0.000204023095915
q20_from_e0,gamma_2,536,79.8162935428,79.813851112,0.00126374810276,0.00244243078838,0.066118700183,0.000161490349015
q20_from_e0,gamma_2,538,79.8156178575,79.8138175548,0.00123019092858,0.00180030270026,0.0654519413095,0.000117833306677
q20_from_e0,gamma_2,540,79.8149204263,79.8137764491,0.00118908521605,0.00114397722101,0.0647919062129,7.41204648131e-05
q20_from_e0,gamma_2,542,79.8142174956,79.8137274641,0.00114010021565,0.000490031487203,0.0641385270889,3.14298978164e-05
q20_from_e0,gamma_2,544,79.8135256719,79.8136702456,0.00108288173213,-0.000144573726786,0.063491736817,-9.17923701173e-06
q20_from_e0,gamma_2,546,79.8128614201,79.8136044477,0.00101708380808,-0.00074302756353,0.0628514689532,-4.67003738406e-05
q20_from_e0,gamma_2,548,79.8122406156,79.8135297708,0.000942406942741,-0.00128915525039,0.0622176577239,-8.02082201218e-05
q20_from_e0,gamma_2,550,79.8116779353,79.8134459979,0.000858633975128,-0.0017680626104,0.0615902380187,-0.000108895397006
q20_from_e0,gamma_2,552,79.8111864471,79.8133530307,0.000765666851606,-0.00216658365002,0.0609691453836,-0.000132094753544
q20_from_e0,gamma_2,554,79.8107773417,79.8132509265,0.000663562658445,-0.00247358486496,0.0603543160148,-0.000149291522629
q20_from_e0,gamma_2,556,79.8104595834,79.8131399253,0.000552561413031,-0.00268034191983,0.0597456867519,-0.00016013886873
q20_from_e0,gamma_2,558,79.8102393717,79.8130204754,0.000433111545675,-0.0027811036951,0.0591431950711,-0.000164483358352
q20_from_e0,gamma_2,560,79.8101200279,79.8128932545,0.000305890618833,-0.0027732265565,0.0585467790797,-0.000162363482541
q20_from_e0,gamma_2,562,79.8101019263,79.8127591806,0.000171816736298,-0.00265725437063,0.0579563775085,-0.000154004837441
q20_from_e0,gamma_2,564,79.8101822694,79.8126194138,3.20499556352e-05,-0.00243714447885,0.0573719297067,-0.000139823681725
q20_from_e0,gamma_2,566,79.81035526,79.8124753456,-0.000112018244153,-0.00212008568133,0.0567933756347,-0.000120406822477
q20_from_e0,gamma_2,568,79.8106121812,79.812328579,-0.000258784906507,-0.00171639776066,0.0562206558586,-9.64970078185e-05
q20_from_e0,gamma_2,570,79.8109415131,79.812180901,-0.000406462928424,-0.00123938781553,0.0556537115438,-6.89765319764e-05
q20_from_e0,gamma_2,572,79.8113294039,79.8120342466,-0.000553117322667,-0.000704842705773,0.0550924844489,-3.88315358067e-05
q20_from_e0,gamma_2,574,79.811760062,79.8118906551,-0.000696708807496,-0.000130593098092,0.05453691692,-7.12214494097e-06
q20_from_e0,gamma_2,576,79.8122161771,79.8117522192,-0.000835144692104,0.00046395789127,0.0539869518845,2.50476723525e-05
q20_from_e0,gamma_2,578,79.8126795391,79.8116210262,-0.000966337712981,0.0010585129636,0.0534425328454,5.65696138242e-05
q20_from_e0,gamma_2,580,79.8131315873,79.8114990994,-0.00108826450878,0.0016324878743,0.0529036038752,8.63644918331e-05
q20_from_e0,gamma_2,582,79.8135540868,79.8113883395,-0.00119902441548,0.00216574735313,0.0523701096106,0.000113420426272
q20_from_e0,gamma_2,584,79.813929794,79.8112904633,-0.00129690061686,0.00263933077656,0.0518419952466,0.000136828173573
q20_from_e0,gamma_2,586,79.8142430152,79.8112069498,-0.00138041403855,0.00303606535452,0.0513192065309,0.00015580846497
q20_from_e0,gamma_2,588,79.8144802161,79.8111389925,-0.00144837135477,0.00334122354852,0.0508016897581,0.000169739802124
q20_from_e0,gamma_2,590,79.8146305166,79.8110874587,-0.00149990519682,0.00354305786989,0.0502893917646,0.000178178225264
q20_from_e0,gamma_2,592,79.8146859285,79.811052863,-0.00153450087493,0.00363306549102,0.0497822599227,0.00018086221059
q20_from_e0,gamma_2,594,79.8146417696,79.8110353514,-0.001552012454,0.00360641815928,0.0492802421357,0.000177725160132
q20_from_e0,gamma_2,596,79.8144966173,79.8110346963,-0.00155266754808,0.00346192095415,0.0487832868319,0.000168883882896
q20_from_e0,gamma_2,598,79.814252159,79.8110503048,-0.00153705908835,0.00320185415762,0.0482913429599,0.000154621837233
q20_from_e0,gamma_2,600,79.813913208,79.8110812419,-0.00150612202549,0.00283196616533,0.0478043599832,0.000135380330028
q20_from_e0,gamma_2,602,79.813487399,79.8111262672,-0.00146109664398,0.0023611317574,0.0473222878746,0.000111734156733
q20_from_e0,gamma_2,604,79.8129848582,79.8111838803,-0.00140348360367,0.00180097790779,0.0468450771116,8.43669489669e-05
q20_from_e0,gamma_2,606,79.812418018,79.8112523723,-0.00133499159477,0.001165645692,0.0463726786713,5.40541131196e-05
q20_from_e0,gamma_2,608,79.811801135,79.8113298913,-0.0012574726059,0.00047124369361,0.0459050440246,2.16324625015e-05
q20_from_e0,gamma_2,610,79.8111497894,79.8114145147,-0.00117284922621,-0.000264725242033,0.0454421251324,-1.20296775742e-05
q20_from_e0,gamma_2,612,79.810480685,79.8115043237,-0.00108304016746,-0.00102363868386,0.0449838744396,-4.60472340263e-05
q20_from_e0,gamma_2,614,79.8098111806,79.8115974749,-0.000989888992649,-0.00178629429661,0.0445302448708,-7.95441224393e-05
q20_from_e0,gamma_2,616,79.8091588417,79.8116922658,-0.000895098042378,-0.0025334241256,0.0440811898255,-0.000111676349789
q20_from_e0,gamma_2,618,79.8085410676,79.8117871959,-0.000800167947773,-0.00324612835132,0.0436366631728,-0.000141650209482
q20_from_e0,gamma_2,620,79.807974499,79.8118810192,-0.000706344653878,-0.00390652026982,0.0431966192472,-0.000168748468677
q20_from_e0,gamma_2,622,79.8074745974,79.8119727854,-0.00061457845004,-0.0044981880765,0.0427610128437,-0.000192347078112
q20_from_e0,gamma_2,624,79.8070552898,79.8120618671,-0.000525496782558,-0.00500657732303,0.0423297992131,-0.000211927412829
q20_from_e0,gamma_2,626,79.8067285147,79.812147973,-0.000439390848555,-0.00541945837401,0.0419029340575,-0.000227091206873
q20_from_e0,gamma_2,628,79.8065039579,79.8122311453,-0.000356218553989,-0.00572718740914,0.0414803735257,-0.000237565872983
q20_from_e0,gamma_2,630,79.8063888547,79.8123117414,-0.000275622483699,-0.00592288669584,0.0410620742087,-0.000243206013034
q20_from_e0,gamma_2,632,79.8063878473,79.8123904026,-0.000196961319403,-0.0060025553046,0.0406479931353,-0.000243991826816
q20_from_e0,gamma_2,634,79.8065030427,79.8124680074,-0.000119356460772,-0.00596496469312,0.0402380877675,-0.000240018772852
q20_from_e0,gamma_2,636,79.8067339655,79.812545614,-4.17498963543e-05,-0.00581164844476,0.0398323159964,-0.000231491417312
q20_from_e0,gamma_2,638,79.8070776095,79.8126243942,3.70302833232e-05,-0.00554678463163,0.0394306361377,-0.000218713246544
q20_from_e0,gamma_2,640,79.8075286067,79.8127055627,0.00011819883747,-0.0051769560463,0.0390330069275,-0.000202072161219
q20_from_e0,gamma_2,642,79.8080792474,79.8127903036,0.000202939683163,-0.00471105617379,0.0386393875179,-0.000182032325118
q20_from_e0,gamma_2,644,79.8087196211,79.812879696,0.00029233213462,-0.00416007496925,0.0382497374729,-0.000159121775442
q20_from_e0,gamma_2,646,79.8094378466,79.8129746438,0.000387279907514,-0.00353679720709,0.0378640167646,-0.000133917348742
q20_from_e0,gamma_2,648,79.8102201719,79.813075811,0.000488447116567,-0.0028556390813,0.0374821857682,-0.000107035594532
q20_from_e0,gamma_2,650,79.8110513323,79.8131835664,0.000596202546021,-0.00213223417164,0.0371042052591,-7.91148543649e-05
q20_from_e0,gamma_2,652,79.8119148838,79.8132979359,0.000710571968625,-0.00138305206966,0.0367300364077,-5.07995528721e-05
q20_from_e0,gamma_2,654,79.8127934417,79.8134185676,0.000831203722583,-0.00062512590776,0.0363596407763,-2.27293534461e-05
q20_from_e0,gamma_2,656,79.8136689978,79.8135447148,0.000957350958615,0.000124282950409,0.0359929803147,4.47331378754e-06
q20_from_e0,gamma_2,658,79.814523218,79.8136752346,0.00108787067273,0.000847983418538,0.0356300173565,3.02136639205e-05
q20_from_e0,gamma_2,660,79.815337814,79.813808607,0.0012212431121,0.00152920697427,0.035270714615,5.39362227767e-05
q20_from_e0,gamma_2,662,79.8160950807,79.8139429698,0.00135560587063,0.00215211097,0.0349150351797,7.51410302282e-05
q20_from_e0,gamma_2,664,79.8167783752,79.8140761608,0.00148879693782,0.00270221441522,0.0345629425121,9.33964814886e-05
q20_from_e0,gamma_2,666,79.8173725978,79.814205775,0.00161841109589,0.00316682279765,0.0342144004422,0.000108350943328
q20_from_e0,gamma_2,668,79.8178646853,79.8143292331,0.00174186922618,0.00353545217513,0.033869373165,0.000119743549026
q20_from_e0,gamma_2,670,79.8182439509,79.8144438596,0.00185649568581,0.00380009134402,0.0335278252362,0.000127408798464
q20_from_e0,gamma_2,672,79.8185024284,79.8145469677,0.00195960377822,0.00395546076238,0.0331897215693,0.000131280641382
q20_from_e0,gamma_2,674,79.8186352013,79.8146359477,0.00204858381841,0.00399925357343,0.0328550274312,0.000131395585859
q20_from_e0,gamma_2,676,79.8186405898,79.8147083544,0.00212099051819,0.00393223537799,0.0325237084394,0.000127890876949
q20_from_e0,gamma_2,678,79.818520249,79.8147619916,0.00217462773837,0.003758257339,0.0321957305581,0.000120999840654
q20_from_e0,gamma_2,680,79.8182792118,79.8147949887,0.00220762482479,0.00348422306905,0.0318710600945,0.000111045882816
q20_from_e0,gamma_2,682,79.8179256988,79.8148058669,0.00221850301136,0.00311983194933,0.0315496636958,9.84296487888e-05
q20_from_e0,gamma_2,684,79.8174708826,79.8147935936,0.00220622970571,0.00267728904414,0.0312315083453,8.3615775125e-05
q20_from_e0,gamma_2,686,79.8169286075,79.8147576219,0.00217025799957,0.00217098561772,0.0309165613596,6.71194100611e-05
q20_from_e0,gamma_2,688,79.8163149123,79.8146979144,0.00211055055428,0.00161699786533,0.0306047903845,4.94878807205e-05
q20_from_e0,gamma_2,690,79.8156475761,79.8146149508,0.00202758689093,0.00103262537182,0.0302961633923,3.12845869877e-05
q20_from_e0,gamma_2,692,79.8149456182,79.8145097171,0.00192235323391,0.000435901117584,0.0299906486783,1.30729572759e-05
q20_from_e0,gamma_2,694,79.8142287603,79.8143836811,0.00179631720584,-0.000154920787466,0.0296882148574,-4.59932162417e-06
q20_from_e0,gamma_2,696,79.813516862,79.8142387504,0.00165138656074,-0.000721888475013,0.029388830861,-2.12154582927e-05
q20_from_e0,gamma_2,698,79.8128293291,79.8140772175,0.00148985358013,-0.0012478883514,0.0290924659339,-3.63041493525e-05
q20_from_e0,gamma_2,700,79.8121845435,79.8139016952,0.00131433127758,-0.00171715170053,0.028799089631,-4.94524057336e-05
q20_from_e0,gamma_2,702,79.8115994207,79.8137150443,0.00112768039801,-0.00211562356746,0.0285086718141,-6.03136179669e-05
q20_from_e0,gamma_2,704,79.8110889319,79.8135202905,0.000932926637404,-0.00243135865323,0.0282211826491,-6.86158166382e-05
q20_from_e0,gamma_2,706,79.8106656862,79.8133205386,0.000733174676242,-0.00265485237522,0.0279365926027,-7.41675292267e-05
q20_from_e0,gamma_2,708,79.8103395523,79.8131188873,0.000531523439847,-0.00277933507289,0.0276548724394,-7.68621569069e-05
q20_from_e0,gamma_2,710,79.8101173672,79.8129183494,0.00033098547938,-0.00280098221022,0.0273759932184,-7.66796699918e-05
q20_from_e0,gamma_2,712,79.810002838,79.8127217758,0.000134411959607,-0.00271893783639,0.027099926291,-7.36830149561e-05
q20_from_e0,gamma_2,714,79.8099965009,79.8125317866,-5.55773089843e-05,-0.00253528567237,0.0268266432973,-6.80132043894e-05
q20_from_e0,gamma_2,716,79.8100957152,79.8123507111,-0.00023665276106,-0.00225499591269,0.0265561161633,-5.98839334052e-05
q20_from_e0,gamma_2,718,79.8102948153,79.8121805448,-0.000406819054845,-0.00188572956378,0.0262883170981,-4.9572656734e-05
q20_from_e0,gamma_2,720,79.8105853225,79.8120229165,-0.000564447414618,-0.00143759398456,0.0260232185912,-3.74108225057e-05
q20_from_e0,gamma_2,722,79.8109562116,79.8118790701,-0.000708293758166,-0.000922858537379,0.0257607934094,-2.37735681276e-05
q20_from_e0,gamma_2,724,79.811394295,79.8117498609,-0.000837502943455,-0.000355565987974,0.0255010145942,-9.06729344853e-06
q20_from_e0,gamma_2,726,79.8118846881,79.8116357629,-0.000951601003493,0.000248925256216,0.0252438554589,6.28383318799e-06
q20_from_e0,gamma_2,728,79.8124112645,79.8115368897,-0.0010504742246,0.000874374870136,0.024989289586,2.18500068366e-05
q20_from_e0,gamma_2,730,79.812957131,79.8114530263,-0.00113433756655,0.00150410464028,0.0247372908242,3.72074739166e-05
q20_from_e0,gamma_2,732,79.8135051393,79.8113836708,-0.00120369305255,0.00212146849977,0.0244878332862,5.19501669442e-05
q20_from_e0,gamma_2,734,79.8140383541,79.8113280843,-0.00125927961565,0.00271026982531,0.0242408913455,6.56993563525e-05
q20_from_e0,gamma_2,736,79.8145405261,79.8112853439,-0.00130201996873,0.00325518214257,0.0239964396342,7.81127817826e-05
q20_from_e0,gamma_2,738,79.8149965395,79.8112543994,-0.00133296451114,0.00374214012039,0.0237544530402,8.88924917597e-05
q20_from_e0,gamma_2,740,79.8153928525,79.8112341314,-0.00135323247247,0.00415872103969,0.0235149067045,9.77919372582e-05
q20_from_e0,gamma_2,742,79.8157178344,79.8112234075,-0.00136395637759,0.00449442691647,0.0232777760189,0.000104620263095
q20_from_e0,gamma_2,744,79.8159620301,79.8112211328,-0.00136623106233,0.00474089728483,0.0230430366233,0.000109244669762
q20_from_e0,gamma_2,746,79.8161183921,79.8112262954,-0.00136106849125,0.00489209673403,0.0228106644033,0.000111591976828
q20_from_e0,gamma_2,748,79.816182423,79.8112380025,-0.00134936138765,0.0049444205452,0.0225806354877,0.000111648158029
q20_from_e0,gamma_2,750,79.8161522044,79.8112555104,-0.00133185353479,0.00489669406045,0.022352926246,0.000109455441183
q20_from_e0,gamma_2,752,79.8160284277,79.8112782448,-0.00130911910598,0.00475018295354,0.0221275132859,0.000105109736415
q20_from_e0,gamma_2,754,79.81581442,79.8113058093,-0.00128155460277,0.0045086107439,0.0219043734512,9.87582934803e-05
q20_from_e0,gamma_2,756,79.8155158709,79.8113379829,-0.00124938094055,0.00417788793445,0.0216834838189,9.05911654238e-05
q20_from_e0,gamma_2,758,79.8151405953,79.8113747095,-0.00121265438815,0.00376588578342,0.0214648216975,8.08340668744e-05
q20_from_e0,gamma_2,760,79.8146983707,79.8114160777,-0.00117128620843,0.00328229306868,0.0212483646242,6.97433599266e-05
q20_from_e0,gamma_2,762,79.8142005071,79.8114622954,-0.00112506844289,0.00273821164097,0.0210340903625,5.7595791088e-05
q20_from_e0,gamma_2,764,79.8136596575,79.8115136592,-0.00107370471609,0.00214599831504,0.0208219769006,4.46839273445e-05
q20_from_e0,gamma_2,766,79.8130896997,79.8115705181,-0.00101684578809,0.00151918158076,0.0206120024482,3.13133744619e-05
q20_from_e0,gamma_2,768,79.8125052311,79.8116332348,-0.000954129106191,0.000871996276828,0.020404145435,1.77923388512e-05
q20_from_e0,gamma_2,770,79.8119213071,79.8117021442,-0.000885219711463,0.000219162927763,0.0201983845082,4.42673708491e-06
q20_from_e0,gamma_2,772,79.8113531392,79.8117775138,-0.000809850086426,-0.000424374622554,0.0199946985304,-8.4852426419e-06
q20_from_e0,gamma_2,774,79.8108156139,79.8118595056,-0.000727858294596,-0.00104389170826,0.019793066577,-2.06618180809e-05
q20_from_e0,gamma_2,776,79.8103229644,79.8119481408,-0.000639223065775,-0.00162517643908,0.0195934679349,-3.18428424476e-05
q20_from_e0,gamma_2,778,79.8098884133,79.812043274,-0.000544089913063,-0.00215486067813,0.0193958820995,-4.1795423654e-05
q20_from_e0,gamma_2,780,79.8095235967,79.8121445762,-0.000442787690019,-0.0026209794591,0.0192002887732,-5.03235624833e-05
q20_from_e0,gamma_2,782,79.8092382696,79.8122515264,-0.000335837444396,-0.00301325688375,0.019006667863,-5.72719727751e-05
q20_from_e0,gamma_2,784,79.8090399995,79.8123634126,-0.000223951296562,-0.00332341310265,0.0188149994784,-6.25300157928e-05
q20_from_e0,gamma_2,786,79.8089338277,79.8124793407,-0.00010802314624,-0.00354551302162,0.0186252639297,-6.60361157938e-05
q20_from_e0,gamma_2,788,79.808922232,79.8125982509,1.08870436293e-05,-0.00367601897241,0.0184374417256,-6.77763855862e-05
q20_from_e0,gamma_2,790,79.8090050936,79.8127189414,0.000131577552438,-0.00371384780726,0.0182515135715,-6.77833436568e-05
q20_from_e0,gamma_2,792,79.8091796431,79.8128400992,0.00025273536157,-0.00366045615719,0.0180674603673,-6.61351465462e-05
q20_from_e0,gamma_2,794,79.8094407348,79.8129603343,0.000372970374826,-0.00351959948757,0.0178852632054,-6.29489632127e-05
q20_from_e0,gamma_2,796,79.8097810162,79.8130782204,0.000490856518383,-0.00329720423807,0.0177049033689,-5.83766824227e-05
q20_from_e0,gamma_2,798,79.8101909812,79.8131923391,0.000604975222416,-0.00300135794342,0.01752636233,-5.26028867983e-05
q20_from_e0,gamma_2,800,79.8106593254,79.8133013208,0.000713956872616,-0.00264199532573,0.0173496217472,-4.58376195592e-05
q20_from_e0,gamma_2,802,79.811173129,79.8134038853,0.00081652141148,-0.00223075629511,0.0171746634642,-3.83124886392e-05
q20_from_e0,gamma_2,804,79.8117181761,79.813498876,0.000911512115806,-0.0017806999187,0.017001469508,-3.02745153706e-05
q20_from_e0,gamma_2,806,79.8122792498,79.8135852871,0.00099792321825,-0.00130603735022,0.0168300220865,-2.198063745e-05
q20_from_e0,gamma_2,808,79.8128402358,79.8136622898,0.00107492588995,-0.000822053979661,0.0166603035873,-1.36956688663e-05
q20_from_e0,gamma_2,810,79.8133845985,79.8137292514,0.00114188751394,-0.00034465294226,0.0164922965753,-5.6841185393e-06
q20_from_e0,gamma_2,812,79.8138959821,79.8137857462,0.00119838229585,0.000110235889792,0.0163259837915,1.79970934999e-06
q20_from_e0,gamma_2,814,79.8143586231,79.8138315553,0.00124419145682,0.000527067738588,0.0161613481509,8.51812522241e-06
q20_from_e0,gamma_2,816,79.8147579608,79.8138666562,0.00127929229868,0.000891304605688,0.0159983727406,1.42594233072e-05
q20_from_e0,gamma_2,818,79.8150811242,79.8138912032,0.00130383926785,0.001189921029,0.0158370408185,1.8844827907e-05
q20_from_e0,gamma_2,820,79.8153173664,79.8139055053,0.00131814139982,0.0014118610772,0.0156773358112,2.2134220226e-05
q20_from_e0,gamma_2,822,79.8154586977,79.8139100025,0.00132263860787,0.00154869519717,0.0155192413124,2.40345744843e-05
q20_from_e0,gamma_2,824,79.815500309,79.8139052385,0.00131787465166,0.00159507044678,0.0153627410813,2.45046542804e-05
q20_from_e0,gamma_2,826,79.8154408336,79.8138918284,0.00130446451841,0.00154900524002,0.015207819041,2.35569913838e-05
q20_from_e0,gamma_2,828,79.8152824118,79.8138704249,0.00128306106447,0.00141198685887,0.0150544592764,2.12566986657e-05
q20_from_e0,gamma_2,830,79.8150305707,79.813841686,0.0012543221268,0.00118888469329,0.0149026460332,1.77175277585e-05
q20_from_e0,gamma_2,832,79.8146939612,79.8138062422,0.00121887827561,0.00088771900451,0.0147523637159,1.30959536321e-05
q20_from_e0,gamma_2,834,79.8142838813,79.8137646702,0.00117730635584,0.000519211072444,0.0146035968862,7.5823492008e-06
q20_from_e0,gamma_2,836,79.8138135618,79.8137174741,0.00113011024777,9.60876607223e-05,0.0144563302614,1.38907495745e-06
q20_from_e0,gamma_2,838,79.8132976393,79.8136650706,0.00107770670053,-0.000367431248392,0.0143105487131,-5.25814277885e-06
q20_from_e0,gamma_2,840,79.8127516069,79.8136077848,0.00102042093845,-0.000856177918592,0.0141662372655,-1.21288195363e-05
q20_from_e0,gamma_2,842,79.8121912793,79.8135458542,0.000958490300349,-0.00135457485774,0.0140233810935,-1.89957194499e-05
q20_from_e0,gamma_2,844,79.8116323327,79.8134794371,0.000892073257603,-0.00184710447556,0.0138819655219,-2.56414406451e-05
q20_from_e0,gamma_2,846,79.8110897312,79.8134086326,0.000821268746307,-0.00231890142638,0.0137419760232,-3.18662878015e-05
q20_from_e0,gamma_2,848,79.8105775133,79.8133335071,0.000746143192259,-0.00275599379727,0.0136033982165,-3.74908811064e-05
q20_from_e0,gamma_2,850,79.81010857,79.813254126,0.000666762115685,-0.00314555604666,0.0134662178659,-4.23587430338e-05
q20_from_e0,gamma_2,852,79.8096941891,79.8131705865,0.00058322265869,-0.0034763974609,0.0133304208791,-4.63418412969e-05
q20_from_e0,gamma_2,854,79.8093442041,79.8130830475,0.000495683663189,-0.00373884346234,0.0131959933059,-4.93377533009e-05
q20_from_e0,gamma_2,856,79.8090668056,79.8129917586,0.000404394733224,-0.00392495298952,0.0130629213367,-5.12713521525e-05
q20_from_e0,gamma_2,858,79.8088683254,79.8128970867,0.000309722779548,-0.00402876125378,0.0129311913013,-5.209668248e-05
q20_from_e0,gamma_2,860,79.8087533852,79.8127995373,0.000212173427471,-0.00404615213394,0.0128007896673,-5.17939424283e-05
q20_from_e0,gamma_2,862,79.8087245827,79.8126997693,0.000112405413347,-0.00397518656588,0.0126717030386,-5.03723836858e-05
q20_from_e0,gamma_2,864,79.8087823749,79.8125986008,1.12369051237e-05,-0.00381622590686,0.0125439181544,-4.78704254344e-05
q20_from_e0,gamma_2,866,79.8089252628,79.8124970095,-9.035435518e-05,-0.00357174673239,0.0124174218876,-4.43518860518e-05
q20_from_e0,gamma_2,868,79.8091498409,79.8123961272,-0.00019123669972,-0.00324628626208,0.0122922012434,-3.99040040273e-05
q20_from_e0,gamma_2,870,79.8094506381,79.8122972213,-0.00029014259519,-0.00284658318169,0.0121682433581,-3.46379168939e-05
q20_from_e0,gamma_2,872,79.8098201165,79.812201665,-0.000385698929392,-0.00238154843589,0.0120455354977,-2.86870262239e-05
q20_from_e0,gamma_2,874,79.8102487756,79.8121109028,-0.000476461075579,-0.00186212723764,0.0119240650565,-2.22041263251e-05
q20_from_e0,gamma_2,876,79.8107254966,79.81202642,-0.000560943919623,-0.00130092340611,0.0118038195562,-1.53558651421e-05
q20_from_e0,gamma_2,878,79.8112377569,79.8119497037,-0.000637660212391,-0.000711946724948,0.011684786644,-8.31894558291e-06
q20_from_e0,gamma_2,880,79.8117722443,79.811882195,-0.000705168860321,-0.000109950748822,0.011566954092,-1.271795264e-06
q20_from_e0,gamma_2,882,79.8123150656,79.8118252425,-0.000762121406297,0.000489823094512,0.0114503097953,5.60862617703e-06
q20_from_e0,gamma_2,884,79.8128523704,79.8117800534,-0.000807310528387,0.00107231703169,0.0113348417712,1.21545438828e-05
q20_from_e0,gamma_2,886,79.8133710289,79.8117476455,-0.000839718350363,0.00162338331722,0.011220538158,1.8215234456e-05
q20_from_e0,gamma_2,888,79.8138587074,79.8117288075,-0.000858556342621,0.0021298998839,0.0111073872134,2.36576227362e-05
q20_from_e0,gamma_2,890,79.8143043966,79.8117240655,-0.000863298340846,0.00258033107674,0.0109953773135,2.83717137826e-05
q20_from_e0,gamma_2,892,79.8146988841,79.8117336579,-0.000853706013203,0.00296522620249,0.0108844969518,3.22749955625e-05
q20_from_e0,gamma_2,894,79.8150348037,79.8117575152,-0.000829848658611,0.00327728845959,0.0107747347377,3.5311913811e-05
q20_from_e0,gamma_2,896,79.815306795,79.8117952479,-0.000792116030283,0.0035115471765,0.0106660793955,3.74544409855e-05
q20_from_e0,gamma_2,898,79.8155116298,79.8118461481,-0.000741215765331,0.00366548164399,0.0105585197631,3.87020603795e-05
q20_from_e0,gamma_2,900,79.8156480467,79.8119092055,-0.000678158375976,0.00373884119927,0.0104520447912,3.9078535682e-05
q20_from_e0,gamma_2,902,79.8157166309,79.8119831309,-0.000604233024873,0.00373350007852,0.0103466435418,3.86291944757e-05
q20_from_e0,gamma_2,904,79.8157198716,79.8120663939,-0.000520969946422,0.00365347765691,0.0102423051871,3.74200331562e-05
q20_from_e0,gamma_2,906,79.8156621798,79.8121572686,-0.000430095262601,0.00350491122448,0.0101390190086,3.55363615283e-05
q20_from_e0,gamma_2,908,79.8155496319,79.8122538788,-0.00033348512585,0.00329575316474,0.0100367743958,3.30787309788e-05
q20_from_e0,gamma_2,910,79.8153897664,79.8123542478,-0.000233116049088,0.00303551857078,0.00993556084549,3.01595794576e-05
q20_from_e0,gamma_2,912,79.8151914498,79.8124563528,-0.000131011061598,0.00273509702438,0.00983536795998,2.69006856411e-05
q20_from_e0,gamma_2,914,79.8149644683,79.8125581797,-2.91842061841e-05,0.00240628857405,0.00973618544665,2.34280717951e-05
q20_from_e0,gamma_2,916,79.814719063,79.8126577807,7.04168263326e-05,0.00206128225142,0.00963800311664,1.98666447634e-05
q20_from_e0,gamma_2,918,79.8144656112,79.8127533325,0.000165968652766,0.00171227864818,0.00954081088382,1.63365267627e-05
q20_from_e0,gamma_2,920,79.8142143171,79.8128431928,0.000255828892449,0.00137112434012,0.0094445987638,1.29497192478e-05
q20_from_e0,gamma_2,922,79.8139748024,79.812925949,0.000338585135438,0.00104885341335,0.00934935687284,9.80610486872e-06
q20_from_e0,gamma_2,924,79.8137557468,79.8130004554,0.000413091535961,0.000755291345996,0.0092550754269,6.99027837648e-06
q20_from_e0,gamma_2,926,79.8135646156,79.8130658632,0.000478499275673,0.000498752413691,0.00916174474058,4.56944230298e-06
q20_from_e0,gamma_2,928,79.8134074331,79.8131216425,0.000534278602544,0.000285790644568,0.00906935522618,2.59193687591e-06
q20_from_e0,gamma_2,930,79.8132885895,79.8131675885,0.000580224564771,0.000121001074831,0.00897789739265,1.08633523423e-06
q20_from_e0,gamma_2,932,79.8132109309,79.8132038133,0.000616449418871,7.11755784266e-06,0.00888736184467,6.32563119981e-08
q20_from_e0,gamma_2,934,79.8131758696,79.8132307286,0.000643364757366,-5.48590000164e-05,0.00879773928167,-4.82635179398e-07
q20_from_e0,gamma_2,936,79.8131834519,79.8132490169,0.00066165305256,-6.55650388097e-05,0.00870902049686,-5.71007266871e-07
q20_from_e0,gamma_2,938,79.8132325184,79.813259595,0.000672231155065,-2.70766520458e-05,0.0086211963763,-2.334331345e-07
q20_from_e0,gamma_2,940,79.8133207491,79.8132635726,0.0006762086783,5.71765403663e-05,0.00853425789794,4.87959341198e-07
q20_from_e0,gamma_2,942,79.8134449605,79.8132622038,0.000674839914993,0.000182756670753,0.00844819613074,1.54396419873e-06
q20_from_e0,gamma_2,944,79.8136012496,79.813256831,0.000669467068178,0.000344418672825,0.0083630022337,2.88037413016e-06
q20_from_e0,gamma_2,946,79.8137847608,79.8132488203,0.000661456436887,0.000535940484326,0.00827866745499,4.4368730454e-06
q20_from_e0,gamma_2,948,79.8139897974,79.8132394987,0.000652134778534,0.000750298754667,0.00819518313101,6.14883569747e-06
q20_from_e0,gamma_2,950,79.8142099546,79.8132300952,0.000642731269451,0.000979859435589,0.00811254068556,7.94914953734e-06
q20_from_e0,gamma_2,952,79.8144379278,79.8132216884,0.000634324562071,0.0012162393337,0.0080307316289,9.76729168547e-06
q20_from_e0,gamma_2,954,79.8146656865,79.8132151553,0.000627791435562,0.00145053120619,0.00794974755692,1.15313569126e-05
q20_from_e0,gamma_2,956,79.8148848268,79.8132111254,0.000623761516636,0.00167370139835,0.00786958015025,1.31713273019e-05
q20_from_e0,gamma_2,958,79.8150867549,79.8132099492,0.000622585351138,0.00187680569567,0.00779022117341,1.46207314688e-05
q20_from_e0,gamma_2,960,79.8152630957,79.8132116774,0.000624313529073,0.00205141826791,0.00771166247398,1.58198452751e-05
q20_from_e0,gamma_2,962,79.815405976,79.8132160512,0.00062868736029,0.00218992476425,0.00763389598174,1.67176578581e-05
q20_from_e0,gamma_2,964,79.8155082522,79.8132225078,0.000635143867072,0.00228574443906,0.00755691370787,1.72731734842e-05
q20_from_e0,gamma_2,966,79.8155636975,79.8132302,0.000642836117947,0.0023334974602,0.00748070774409,1.74562125213e-05
q20_from_e0,gamma_2,968,79.8155670919,79.8132380288,0.000650664919334,0.00232906309728,0.00740527026188,1.72473416923e-05
q20_from_e0,gamma_2,970,79.815514428,79.8132446845,0.000657320605114,0.00226974350807,0.00733059351166,1.66385670334e-05
q20_from_e0,gamma_2,972,79.8154028731,79.8132486992,0.000661335275083,0.0021541739287,0.00725666982201,1.56321289398e-05
q20_from_e0,gamma_2,974,79.8152307385,79.8132485064,0.000661142518567,0.00198223206496,0.00718349159886,1.42393473856e-05
q20_from_e0,gamma_2,976,79.8149974422,79.813242508,0.000655144107299,0.00175493421935,0.00711105132472,1.24794273053e-05
q20_from_e0,gamma_2,978,79.8147034834,79.8132291461,0.000641782176672,0.00147433735739,0.00703934155792,1.03783642303e-05
q20_from_e0,gamma_2,980,79.8143506022,79.8132069744,0.000619610467339,0.001143627831,0.00696835493183,7.96920463631e-06
q20_from_e0,gamma_2,982,79.8139417831,79.8131747254,0.000587361485003,0.000767057727728,0.00689808415409,5.29122875691e-06
q20_from_e0,gamma_2,984,79.8134812594,79.8131313734,0.000544009515437,0.000349885965875,0.0068285220059,2.38920401753e-06
q20_from_e0,gamma_2,986,79.8129745831,79.8130761921,0.000488828179769,-0.000101609005455,0.00675966134124,-6.86842466095e-07
q20_from_e0,gamma_2,988,79.8124285726,79.813008801,0.000421437151871,-0.000580228390831,0.00669149508617,-3.8825954261e-06
q20_from_e0,gamma_2,990,79.8118513404,79.812929201,0.000341837083994,-0.00107786054018,0.00662401623807,-7.13976572052e-06
q20_from_e0,gamma_2,992,79.8112522769,79.8128377961,0.000250432190654,-0.00158551919378,0.00655721786495,-1.03965947827e-05
q20_from_e0,gamma_2,994,79.8106419149,79.8127354021,0.000148038171034,-0.00209348716143,0.0064910931047,-1.35890200783e-05
q20_from_e0,gamma_2,996,79.8100318581,79.8126232394,3.58754757315e-05,-0.00259138127056,0.00642563516444,-1.66512706166e-05
q20_from_e0,gamma_2,998,79.8094345813,79.812502913,-8.4450899692e-05,-0.00306833165121,0.00636083731977,-1.95171584764e-05
q20_from_e0,gamma_2,1000,79.8088631284,79.8123763761,-0.000210987832375,-0.00351324764047,0.00629669291411,-2.21218415233e-05
q20_from_e0,gamma_2,1002,79.8083307608,79.8122458802,-0.000341483658275,-0.00391511944763,0.006233195358,-2.4403704367e-05
q20_from_e0,gamma_2,1004,79.8078504862,79.8121139154,-0.000473448474651,-0.00426342919721,0.00617033812844,-2.63067997334e-05
q20_from_e0,gamma_2,1006,79.8074346987,79.81198314,-0.000604223847091,-0.00454844133074,0.0061081147682,-2.77824016646e-05
q20_from_e0,gamma_2,1008,79.8070947056,79.8118563039,-0.000731059954262,-0.00476159831595,0.00604651888517,-2.8791094141e-05
q20_from_e0,gamma_2,1010,79.8068403912,79.8117361663,-0.00085119758964,-0.00489577508097,0.0059855441517,-2.93038779039e-05
q20_from_e0,gamma_2,1012,79.8066799259,79.8116254129,-0.000961951032934,-0.00494548691429,0.00592518430396,-2.930292144e-05
q20_from_e0,gamma_2,1014,79.8066194345,79.8115265748,-0.00106078910912,-0.00490714028598,0.00586543314126,-2.87825032622e-05
q20_from_e0,gamma_2,1016,79.8066627871,79.811441952,-0.0011454119014,-0.00477916486682,0.00580628452546,-2.77491910108e-05
q20_from_e0,gamma_2,1018,79.8068113,79.8113735431,-0.0012138207436,-0.00456224316548,0.00574773238031,-2.62225527691e-05
q20_from_e0,gamma_2,1020,79.8070634945,79.8113229889,-0.00126437498774,-0.00425949440734,0.00568977069085,-2.42355464367e-05
q20_from_e0,gamma_2,1022,79.8074149534,79.8112915256,-0.00129583823963,-0.00387657225374,0.00563239350276,-2.1834380375e-05
q20_from_e0,gamma_2,1024,79.8078583471,79.8112799502,-0.00130741367556,-0.00342160314693,0.00557559492177,-1.90774731304e-05
q20_from_e0,gamma_2,1026,79.808383436,79.8112886019,-0.00129876194293,-0.00290516589673,0.00551936911305,-1.60346829187e-05
q20_from_e0,gamma_2,1028,79.8089774159,79.8113173584,-0.00127000549477,-0.00233994250635,0.0054637103006,-1.27847679748e-05
q20_from_e0,gamma_2,1030,79.8096252853,79.8113656455,-0.0012217184034,-0.00174036018592,0.00540861276669,-9.41293432021e-06
q20_from_e0,gamma_2,1032,79.8103101705,79.8114324603,-0.0011549035675,-0.0011222897801,0.00535407085123,-6.00881899826e-06
q20_from_e0,gamma_2,1034,79.8110139137,79.811516406,-0.00107095784278,-0.000502492363665,0.00530007895121,-2.66324919981e-06
q20_from_e0,gamma_2,1036,79.8117177085,79.8116157403,-0.000971623599298,0.000101968207218,0.00524663152013,5.34989610042e-07
q20_from_e0,gamma_2,1038,79.8124026253,79.8117284316,-0.000858932284146,0.000674193748168,0.00519372306741,3.50157562176e-06
q20_from_e0,gamma_2,1040,79.8130502884,79.8118522226,-0.000735141294371,0.0011980657703,0.00514134815785,6.1596732411e-06
q20_from_e0,gamma_2,1042,79.8136435533,79.8119847021,-0.000602661813986,0.00165885121788,0.00508950141106,8.44272561416e-06
q20_from_e0,gamma_2,1044,79.8141670877,79.8121233783,-0.000463985620826,0.00204370947483,0.00503817750091,1.02965710945e-05
q20_from_e0,gamma_2,1046,79.8146080103,79.8122657496,-0.000321614246843,0.00234226068298,0.00498737115496,1.16817233677e-05
q20_from_e0,gamma_2,1048,79.8149562219,79.8124093782,-0.000177985726793,0.00254684372487,0.00493707715395,1.25739639688e-05
q20_from_e0,gamma_2,1050,79.8152048232,79.8125519569,-3.54069364334e-05,0.00265286623311,0.00488729033127,1.29653274912e-05
q20_from_e0,gamma_2,1052,79.8153505042,79.8126913679,0.000104004029268,0.00265913633122,0.00483800557239,1.28649163882e-05
q20_from_e0,gamma_2,1054,79.8153935351,79.8128257311,0.000238367172415,0.00256780403657,0.00478921781436,1.22977728357e-05
q20_from_e0,gamma_2,1056,79.8153377672,79.8129534423,0.00036607842857,0.00238432491109,0.00474092204529,1.13038985341e-05
q20_from_e0,gamma_2,1058,79.8151905345,79.8130732007,0.000485836780626,0.00211733380736,0.00469311330383,9.93688745999e-06
q20_from_e0,gamma_2,1060,79.8149623272,79.813184024,0.000596660141468,0.0017783031409,0.00464578667867,8.2616170426e-06
q20_from_e0,gamma_2,1062,79.8146664889,79.8132852539,0.000697890056699,0.00138123495007,0.004598937308,6.35221294301e-06
q20_from_e0,gamma_2,1064,79.8143187116,79.8133765491,0.000789185235647,0.000942162435578,0.00455256037908,4.28925137487e-06
q20_from_e0,gamma_2,1066,79.8139364389,79.8134578671,0.000870503253154,0.000478571808443,0.00450665112766,2.15675618019e-06
q20_from_e0,gamma_2,1068,79.8135382391,79.8135294343,0.000942070430341,8.80476871146e-06,0.00446120483756,3.92798767691e-08
q20_from_e0,gamma_2,1070,79.8131431457,79.8135917091,0.00100434518195,-0.000448563401605,0.00441621684015,-1.98095324804e-06
q20_from_e0,gamma_2,1072,79.8127698663,79.8136453395,0.00105797558885,-0.000875473222081,0.0043716825139,-3.82729097635e-06
q20_from_e0,gamma_2,1074,79.8124360614,79.8136911152,0.00110375135628,-0.0012550538743,0.00432759728384,-5.43136773751e-06
q20_from_e0,gamma_2,1076,79.812157583,79.8137299178,0.00114255396232,-0.00157233486215,0.00428395662118,-6.7358143434e-06
q20_from_e0,gamma_2,1078,79.8119477936,79.8137626692,0.00117530531375,-0.00181487555901,0.00424075604278,-7.69644449374e-06
q20_from_e0,gamma_2,1080,79.8118170553,79.8137902795,0.00120291557403,-0.00197322414968,0.0041979911107,-8.28357743978e-06
q20_from_e0,gamma_2,1082,79.8117723556,79.8138135991,0.00122623517939,-0.00204124341832,0.00415565743178,-8.48270838141e-06
q20_from_e0,gamma_2,1084,79.8118170528,79.813833376,0.00124601216351,-0.00201632325329,0.00411375065714,-8.29465110821e-06
q20_from_e0,gamma_2,1086,79.8119508281,79.8138502184,0.00126285449647,-0.00189939031898,0.00407226648176,-7.73482353177e-06
q20_from_e0,gamma_2,1088,79.8121698171,79.8138645662,0.0012772023386,-0.00169474912542,0.00403120064404,-6.83187376587e-06
q20_from_e0,gamma_2,1090,79.812466929,79.8138766748,0.00128931095566,-0.00140974585662,0.00399054892534,-5.62565981313e-06
q20_from_e0,gamma_2,1092,79.8128323296,79.8138866084,0.00129924452216,-0.00105427882767,0.00395030714958,-4.16472519058e-06
q20_from_e0,gamma_2,1094,79.8132538283,79.8138942426,0.00130687873893,-0.000640414365805,0.00391047118278,-2.50432192251e-06
q20_from_e0,gamma_2,1096,79.8137174647,79.8138992737,0.00131190979869,-0.000181808994157,0.00387103693265,-7.03789331068e-07
q20_from_e0,gamma_2,1098,79.8142080903,79.8139012374,0.00131387355071,0.000306852894283,0.00383200034818,1.17586039773e-06
q20_from_e0,gamma_2,1100,79.8147099257,79.813899536,0.00131217214303,0.000810389657119,0.0037933574192,3.07409761827e-06
q20_from_e0,gamma_2,1102,79.8152070554,79.8138934695,0.00130610563428,0.00131358587808,0.00375510417597,4.93265181628e-06
q20_from_e0,gamma_2,1104,79.8156839009,79.813882272,0.00129490814726,0.00180162883575,0.00371723668881,6.69708080786e-06
q20_from_e0,gamma_2,1106,79.8161256968,79.81386515,0.00127778611363,0.00226054676278,0.00367975106764,8.3182493638e-06
q20_from_e0,gamma_2,1108,79.8165189845,79.8138413214,0.00125395752201,0.00267766304951,0.00364264346162,9.75377179971e-06
q20_from_e0,gamma_2,1110,79.8168519696,79.8138100563,0.0012226924409,0.00304191330048,0.00360591005874,1.0968865768e-05
q20_from_e0,gamma_2,1112,79.8171147368,79.8137707144,0.00118335054097,0.00334402241913,0.00356954708545,1.19366454799e-05
q20_from_e0,gamma_2,1114,79.8172994069,79.813722779,0.00113541506764,0.00357662793138,0.00353355080622,1.26381965105e-05
q20_from_e0,gamma_2,1116,79.8174003506,79.8136658877,0.00107852384048,0.00373446289092,0.00349791752322,1.3062843186e-05
q20_from_e0,gamma_2,1118,79.8174143135,79.8135998561,0.00101249219668,0.00381445743064,0.0034626435759,1.32081065177e-05
q20_from_e0,gamma_2,1120,79.8173404106,79.813524691,0.000937327135944,0.0038157195844,0.0034277253406,1.30792387121e-05
q20_from_e0,gamma_2,1122,79.8171801173,79.8134405986,0.000853234723564,0.00373951869625,0.00339315923025,1.26887823809e-05
q20_from_e0,gamma_2,1124,79.8169371008,79.8133479839,0.00076061998368,0.0035891168844,0.00335894169391,1.20556343473e-05
q20_from_e0,gamma_2,1126,79.8166169996,79.8132474441,0.000660080206487,0.00336955547473,0.00332506921647,1.12040051822e-05
q20_from_e0,gamma_2,1128,79.8162272353,79.8131397545,0.00055239058419,0.00308748079102,0.00329153831827,1.01625613306e-05
q20_from_e0,gamma_2,1130,79.8157766813,79.8130258474,0.000438483506485,0.00275083395266,0.00325834555472,8.96316758141e-06
q20_from_e0,gamma_2,1132,79.8152753245,79.8129067893,0.000319425366911,0.00236853528349,0.00322548751598,7.63968098807e-06
q20_from_e0,gamma_2,1134,79.814733986,79.8127837554,0.000196391482291,0.00195023063765,0.0031929608266,6.22701002885e-06
q20_from_e0,gamma_2,1136,79.8141640737,79.812658001,7.0637094268e-05,0.0015060727641,0.00316076214517,4.76033778064e-06
q20_from_e0,gamma_2,1138,79.8135774262,79.8125308316,-5.65323300918e-05,0.00104659461832,0.00312888816395,3.27467751371e-06
q20_from_e0,gamma_2,1140,79.8129860981,79.8124035745,-0.000183789416411,0.000582523677167,0.0030973356086,1.80427132814e-06
q20_from_e0,gamma_2,1142,79.8124021565,79.812277548,-0.000309815902028,0.000124608485521,0.00306610123775,3.8206223169e-07
q20_from_e0,gamma_2,1144,79.8118376383,79.8121540303,-0.000433333581299,-0.000316392045079,0.00303518184275,-9.60307390415e-07
q20_from_e0,gamma_2,1146,79.8113042472,79.8120342344,-0.000553129508603,-0.000729987149725,0.00300457424731,-2.19330059093e-06
q20_from_e0,gamma_2,1148,79.8108131038,79.8119192877,-0.000668076166505,-0.00110618393035,0.00297427530714,-3.29009554919e-06
q20_from_e0,gamma_2,1150,79.8103745274,79.8118102183,-0.000777145571817,-0.00143569093215,0.00294428190969,-4.22707883945e-06
q20_from_e0,gamma_2,1152,79.8099976368,79.8117079457,-0.000879418159244,-0.00171030891762,0.00291459097378,-4.98485093369e-06
q20_from_e0,gamma_2,1154,79.8096900928,79.8116132769,-0.00097408702905,-0.00192318408915,0.00288519944931,-5.54876967494e-06
q20_from_e0,gamma_2,1156,79.8094579897,79.8115269082,-0.00106045569947,-0.00206891847739,0.00285610431693,-5.90904699465e-06
q20_from_e0,gamma_2,1158,79.8093055667,79.811449429,-0.00113793486756,-0.0021438623607,0.00282730258774,-6.06134760015e-06
q20_from_e0,gamma_2,1160,79.8092350449,79.8113813244,-0.00120603946746,-0.00214627947744,0.00279879130298,-6.00698833523e-06
q20_from_e0,gamma_2,1162,79.8092464981,79.8113229829,-0.00126438102271,-0.00207648479007,0.00277056753374,-5.75304134366e-06
q20_from_e0,gamma_2,1164,79.8093377747,79.8112747073,-0.00131265657967,-0.00193693264112,0.00274262838063,-5.31228643288e-06
q20_from_e0,gamma_2,1166,79.8095046226,79.8112367265,-0.00135063739174,-0.0017321038799,0.0027149709735,-4.70261175702e-06
q20_from_e0,gamma_2,1168,79.8097407656,79.8112092051,-0.00137815878725,-0.00146843946935,0.00268759247115,-3.94656686217e-06
q20_from_e0,gamma_2,1170,79.8100380122,79.8111922514,-0.00139511248858,-0.00115423920299,0.00266049006104,-3.07084192761e-06
q20_from_e0,gamma_2,1172,79.8103864791,79.8111859237,-0.00140144022086,-0.00079944459236,0.00263366095896,-2.10546601175e-06
q20_from_e0,gamma_2,1174,79.8107748237,79.811190235,-0.00139712886946,-0.000415411334245,0.00260710240882,-1.08301989016e-06
q20_from_e0,gamma_2,1176,79.8111905735,79.8112051553,-0.00138220854767,-1.4581811044e-05,0.00258081168228,-3.76329082911e-08
q20_from_e0,gamma_2,1178,79.8116205004,79.8112306117,-0.00135675221826,0.000389888707943,0.00255478607855,9.96082243237e-07
q20_from_e0,gamma_2,1180,79.8120509888,79.8112664862,-0.00132087768384,0.000784502553429,0.00252902292405,1.9840249416e-06
q20_from_e0,gamma_2,1182,79.8124684353,79.8113126101,-0.00127475380793,0.00115582521464,0.00250351957218,2.89363104687e-06
q20_from_e0,gamma_2,1184,79.8128596533,79.8113687544,-0.00121860951069,0.00149089894599,0.00247827340302,3.69485520443e-06
q20_from_e0,gamma_2,1186,79.8132122329,79.8114346201,-0.0011527438144,0.00177761279926,0.00245328182305,4.36098516885e-06
q20_from_e0,gamma_2,1188,79.8135149003,79.8115098266,-0.00107753730489,0.0020050737356,0.00242854226495,4.86940631125e-06
q20_from_e0,gamma_2,1190,79.8137577325,79.8115939008,-0.000993463090822,0.00216383173532,0.00240405218725,5.20196441613e-06
q20_from_e0,gamma_2,1192,79.8139324088,79.8116862683,-0.000901095618133,0.00224614048881,0.00237980907412,5.34538551702e-06
q20_from_e0,gamma_2,1194,79.8140327294,79.811786248,-0.000801115884173,0.00224648143509,0.00235581043511,5.29228440708e-06
q20_from_e0,gamma_2,1196,79.8140547053,79.8118930512,-0.000694312685738,0.00216165411956,0.00233205380487,5.04109371434e-06
q20_from_e0,gamma_2,1198,79.813996649,79.812005782,-0.000581581921665,0.00199086699794,0.00230853674293,4.59598961503e-06
q20_from_e0,gamma_2,1200,79.8138594521,79.812123442,-0.000463921922574,0.00173601016238,0.0022852568334,3.96722908642e-06
q20_from_e0,gamma_2,1202,79.8136465492,79.8122449404,-0.000342423528153,0.00140160885341,0.00226221168478,3.17073592569e-06
q20_from_e0,gamma_2,1204,79.8133638405,79.8123691064,-0.000218257453156,0.000994734085566,0.00223939892968,2.22760644654e-06
q20_from_e0,gamma_2,1206,79.8130194845,79.8124947066,-9.2657296932e-05,0.00052477791364,0.00221681622458,1.16333619326e-06
q20_from_e0,gamma_2,1208,79.8126236842,79.8126204645,3.31006131944e-05,3.21968451544e-06,0.0021944612496,7.06547290506e-09
q20_from_e0,gamma_2,1210,79.8121884775,79.812745082,0.000157718158135,-0.00055660455007,0.00217233170823,-1.20912971306e-06
q20_from_e0,gamma_2,1212,79.8117273191,79.812867263,0.000279899107923,-0.00113994393693,0.00215042532715,-2.45136431351e-06
q20_from_e0,gamma_2,1214,79.8112545392,79.8129857405,0.000398376663213,-0.00173120137813,0.00212873985594,-3.6852773723e-06
q20_from_e0,gamma_2,1216,79.8107850248,79.8130993087,0.000511944860648,-0.00231428397504,0.0021072730669,-4.87682828977e-06
q20_from_e0,gamma_2,1218,79.8103338022,79.8132068536,0.000619489669859,-0.00287305138259,0.00208602275478,-5.99325055973e-06
q20_from_e0,gamma_2,1220,79.809915446,79.8133073803,0.000720016379489,-0.00339193422069,0.00206498673655,-7.00429917696e-06
q20_from_e0,gamma_2,1222,79.8095436745,79.8134000374,0.000812673562905,-0.00385636298184,0.00204416285122,-7.8830339483e-06
q20_from_e0,gamma_2,1224,79.8092309339,79.8134841382,0.000896774279028,-0.00425320427158,0.0020235489596,-8.60656707871e-06
q20_from_e0,gamma_2,1226,79.8089878936,79.8135591771,0.000971813241961,-0.00457128349646,0.00200314294403,-9.15693428112e-06
q20_from_e0,gamma_2,1228,79.8088231169,79.8136248428,0.00103747893198,-0.00480172595996,0.00198294270826,-9.52154747936e-06
q20_from_e0,gamma_2,1230,79.808742933,79.8136810239,0.00109366005853,-0.00493809093685,0.00196294617713,-9.69320672679e-06
q20_from_e0,gamma_2,1232,79.8087512282,79.8137278081,0.00114044417904,-0.00497657991441,0.00194315129643,-9.67024771248e-06
q20_from_e0,gamma_2,1234,79.8088493446,79.8137654721,0.00117810826096,-0.00491612749828,0.00192355603267,-9.45644670669e-06
q20_from_e0,gamma_2,1236,79.8090360824,79.8137944672,0.00120710331342,-0.00475838479201,0.00190415837285,-9.06071824298e-06
q20_from_e0,gamma_2,1238,79.8093077669,79.8138153965,0.00122803264372,-0.00450762961665,0.00188495632429,-8.49668495348e-06
q20_from_e0,gamma_2,1240,79.8096585032,79.8138289891,0.0012416252583,-0.00417048591252,0.00186594791439,-7.78190949046e-06
q20_from_e0,gamma_2,1242,79.8100802947,79.8138360686,0.0012487047412,-0.00375577388287,0.00184713119043,-6.93740708327e-06
q20_from_e0,gamma_2,1244,79.810563304,79.8138375167,0.0012501528572,-0.00327421272071,0.00182850421942,-5.98691177509e-06
q20_from_e0,gamma_2,1246,79.8110963388,79.8138342361,0.00124687224417,-0.00273789733734,0.00181006508782,-4.95577238436e-06
q20_from_e0,gamma_2,1248,79.8116671308,79.8138271114,0.00123974748867,-0.00215998056662,0.00179181190142,-3.8702788861e-06
q20_from_e0,gamma_2,1250,79.8122625904,79.8138169692,0.00122960532761,-0.00155437878595,0.00177374278509,-2.75706815689e-06
q20_from_e0,gamma_2,1252,79.8128690438,79.8138045473,0.00121718340969,-0.000935503462202,0.00175585588263,-1.64260925732e-06
q20_from_e0,gamma_2,1254,79.8134725571,79.8137904686,0.00120310467688,-0.000317911419643,0.00173814935653,-5.52577529485e-07
q20_from_e0,gamma_2,1256,79.814059311,79.8137752164,0.00118785253348,0.000284094601795,0.00172062138783,4.88819248016e-07
q20_from_e0,gamma_2,1258,79.8146158146,79.8137591139,0.00117175004667,0.000856700646978,0.00170327017592,1.45919266168e-06
q20_from_e0,gamma_2,1260,79.815129336,79.8137423082,0.00115494436105,0.0013870277341,0.00168609393832,2.33865905474e-06
q20_from_e0,gamma_2,1262,79.8155882438,79.8137247624,0.00113739853103,0.00186348137655,0.00166909091055,3.11031982758e-06
q20_from_e0,gamma_2,1264,79.8159821711,79.8137062572,0.00111889326995,0.00227591397636,0.00165225934592,3.76040013796e-06
q20_from_e0,gamma_2,1266,79.81630238,79.8136864008,0.00109903691978,0.00261597921285,0.00163559751535,4.27868910074e-06
q20_from_e0,gamma_2,1268,79.8165420754,79.8136646474,0.00107728354928,0.00287742797479,0.00161910370718,4.65885430114e-06
q20_from_e0,gamma_2,1270,79.8166965818,79.8136403212,0.00105295732119,0.00305626056526,0.00160277622705,4.89850177765e-06
q20_from_e0,gamma_2,1272,79.8167636733,79.8136126462,0.00102528234265,0.00315102708727,0.00158661339764,4.99946179298e-06
q20_from_e0,gamma_2,1274,79.8167436218,79.8135807808,0.000993416950706,0.00316284100816,0.00157061355858,4.96760097104e-06
q20_from_e0,gamma_2,1276,79.8166391112,79.8135438541,0.000956490234216,0.00309525705185,0.00155477506623,4.81242848778e-06
q20_from_e0,gamma_2,1278,79.8164553396,79.8135010075,0.000913643640899,0.00295433204192,0.00153909629352,4.54700149555e-06
q20_from_e0,gamma_2,1280,79.8161996766,79.8134514412,0.000864077350315,0.00274823536185,0.0015235756298,4.18714442227e-06
q20_from_e0,gamma_2,1282,79.8158813386,79.8133944595,0.000807095591057,0.00248687912497,0.00150821148066,3.7507396473e-06
q20_from_e0,gamma_2,1284,79.8155110836,79.8133295137,0.000742149792245,0.00218156994126,0.00149300226776,3.25708886957e-06
q20_from_e0,gamma_2,1286,79.8151006554,79.8132562429,0.000668879060839,0.00184441240907,0.00147794642867,2.72594273299e-06
q20_from_e0,gamma_2,1288,79.8146623517,79.8131745078,0.000587143911986,0.00148784385954,0.00146304241675,2.176778676e-06
q20_from_e0,gamma_2,1290,79.8142085165,79.8130844175,0.000497053629545,0.00112409896946,0.00144828870092,1.62801983617e-06
q20_from_e0,gamma_2,1292,79.8137510063,79.8129863496,0.000398985676156,0.000764656727995,0.00143368376555,1.09627593714e-06
q20_from_e0,gamma_2,1294,79.8133010499,79.8128809585,0.000293594659141,0.000420091309294,0.0014192261103,5.96204554861e-07
q20_from_e0,gamma_2,1296,79.8128690603,79.8127691774,0.000181813524648,9.98828591605e-05,0.00140491424996,1.40326852162e-07
q20_from_e0,gamma_2,1298,79.8124644725,79.8126522069,6.48430187482e-05,-0.000187734400711,0.0013907467143,-2.61091000951e-07
q20_from_e0,gamma_2,1300,79.8120958487,79.8125314926,-5.58713147427e-05,-0.00043564384228,0.00137672204791,-5.99760482702e-07
q20_from_e0,gamma_2,1302,79.8117708951,79.8124086953,-0.000178668603994,-0.000637800219238,0.00136283881004,-8.69218891831e-07
q20_from_e0,gamma_2,1304,79.811496301,79.8122856534,-0.000301710514989,-0.000789352321249,0.00134909557451,-1.06491172332e-06
q20_from_e0,gamma_2,1306,79.8112778835,79.812164334,-0.000423029901185,-0.000886450511047,0.00133549092948,-1.18384661694e-06
q20_from_e0,gamma_2,1308,79.8111205222,79.8120467794,-0.000540584443002,-0.000926257261284,0.00132202347738,-1.22453384551e-06
q20_from_e0,gamma_2,1310,79.8110279786,79.8119350493,-0.00065231462068,-0.000907070699867,0.00130869183471,-1.18707601842e-06
q20_from_e0,gamma_2,1312,79.8110028603,79.8118311586,-0.000756205306345,-0.000828298267692,0.00129549463193,-1.07305595944e-06
q20_from_e0,gamma_2,1314,79.8110464442,79.811737019,-0.000850344861078,-0.000690574865786,0.00128243051332,-8.85614279619e-07
q20_from_e0,gamma_2,1316,79.8111586684,79.8116543814,-0.000932982479782,-0.000495713012526,0.00126949813682,-6.29306745802e-07
q20_from_e0,gamma_2,1318,79.8113379993,79.811584782,-0.00100258192751,-0.000246782689572,0.00125669617391,-3.10130861773e-07
q20_from_e0,gamma_2,1320,79.8115812784,79.8115294964,-0.00105786744888,5.17820123065e-05,0.00124402330945,6.44180303198e-08
q20_from_e0,gamma_2,1322,79.8118837667,79.811489501,-0.00109786290952,0.00039426571098,0.0012314782416,4.8552964448e-07
q20_from_e0,gamma_2,1324,79.8122391149,79.8114654408,-0.0011219230451,0.000773674108572,0.0012190596816,9.43154912457e-07
q20_from_e0,gamma_2,1326,79.812639383,79.8114576106,-0.00112975329782,0.00118177246219,0.00120676635372,1.42612324513e-06
q20_from_e0,gamma_2,1328,79.813075201,79.8114659436,-0.00112142027324,0.00160925735601,0.00119459699509,1.92241400182e-06
q20_from_e0,gamma_2,1330,79.8135358546,79.8114900114,-0.00109735244038,0.0020458431681,0.00118255035557,2.41931256588e-06
q20_from_e0,gamma_2,1332,79.8140094568,79.811529036,-0.0010583278723,0.00248042082261,0.00117062519762,2.90364311565e-06
q20_from_e0,gamma_2,1334,79.8144832694,79.811581913,-0.00100545092099,0.00290135641683,0.00115882029619,3.36215070231e-06
q20_from_e0,gamma_2,1336,79.8149438414,79.8116472472,-0.000940116640692,0.00329659418782,0.00114713443859,3.7816367229e-06
q20_from_e0,gamma_2,1338,79.8153772463,79.8117233964,-0.000863967468987,0.00365384987806,0.00113556642434,4.14918924109e-06
q20_from_e0,gamma_2,1340,79.8157696001,79.8118085175,-0.000778846344787,0.00396108252227,0.00112411506507,4.45271253727e-06
q20_from_e0,gamma_2,1342,79.8161073912,79.8119006207,-0.000686743219887,0.00420677052682,0.00111277918441,4.68120667585e-06
q20_from_e0,gamma_2,1344,79.8163778342,79.8119976281,-0.000589735802635,0.00438020609134,0.00110155761784,4.82504938765e-06
q20_from_e0,gamma_2,1346,79.8165693244,79.8120974349,-0.000489928967184,0.00447188948077,0.00109044921259,4.8763683631e-06
q20_from_e0,gamma_2,1348,79.816671769,79.8121979689,-0.000389395027511,0.00447380015332,0.0010794528275,4.82925622519e-06
q20_from_e0,gamma_2,1350,79.816677157,79.8122972489,-0.000290115028079,0.00437990814127,0.00106856733294,4.68022676105e-06
q20_from_e0,gamma_2,1352,79.8165799728,79.8123934402,-0.000193923670167,0.00418653256781,0.00105779161065,4.42847902796e-06
q20_from_e0,gamma_2,1354,79.8163775396,79.812484904,-0.000102459886222,0.00389263557335,0.00104712455367,4.07607428733e-06
q20_from_e0,gamma_2,1356,79.8160704348,79.8125702371,-1.71268080749e-05,0.00350019773865,0.00103656506617,3.62818270056e-06
q20_from_e0,gamma_2,1358,79.8156627263,79.8126483008,6.09368954798e-05,0.00301442553693,0.0010261120634,3.09313840768e-06
q20_from_e0,gamma_2,1360,79.8151619974,79.8127182432,0.000130879327656,0.00244375415816,0.00101576447155,2.48227865106e-06
q20_from_e0,gamma_2,1362,79.8145794325,79.8127795106,0.00019214672345,0.00179992193421,0.00100552122761,1.80985971288e-06
q20_from_e0,gamma_2,1364,79.8139295222,79.8128318459,0.000244482010217,0.00109767627897,0.000995381279315,1.09260641884e-06
q20_from_e0,gamma_2,1366,79.8132293769,79.812875281,0.000287917087547,0.000354095957604,0.000985343585006,3.48906180302e-07
q20_from_e0,gamma_2,1368,79.8124981753,79.8129101201,0.000322756259209,-0.000411944830532,0.000975407113523,-4.0181391808e-07
q20_from_e0,gamma_2,1370,79.8117564787,79.812936914,0.00034955010932,-0.0011804353022,0.00096557084411,-1.13979391116e-06
q20_from_e0,gamma_2,1372,79.8110253811,79.8129564267,0.000369062791833,-0.00193104559438,0.0009558337663,-1.84575858337e-06
q20_from_e0,gamma_2,1374,79.8103257889,79.8129695931,0.000382229173326,-0.00264380416628,0.000946194879819,-2.50155396538e-06
q20_from_e0,gamma_2,1376,79.8096775546,79.81297747,0.000390106154697,-0.00329991541892,0.000936653194479,-3.09087631864e-06
q20_from_e0,gamma_2,1378,79.8090987446,79.8129811873,0.00039382342338,-0.00388244269523,0.000927207730077,-3.5998308786e-06
q20_from_e0,gamma_2,1380,79.8086050497,79.8129818978,0.000394533915369,-0.0043768481475,0.000917857516295,-4.01732296987e-06
q20_from_e0,gamma_2,1382,79.8082091747,79.8129807301,0.000393366233268,-0.00477155541763,0.000908601592601,-4.33544285165e-06
q20_from_e0,gamma_2,1384,79.8079203082,79.8129787428,0.000391378919403,-0.00505843456077,0.000899439008147,-4.54975336411e-06
q20_from_e0,gamma_2,1386,79.8077438385,79.8129768816,0.000389517683999,-0.00523304309911,0.000890368821676,-4.65933841793e-06
q20_from_e0,gamma_2,1388,79.8076812466,79.8129759421,0.000388578183518,-0.00529469545845,0.00088139010142,-4.66669216711e-06
q20_from_e0,gamma_2,1390,79.8077300347,79.8129765396,0.000389175694949,-0.00524650489885,0.000872501925011,-4.57758562382e-06
q20_from_e0,gamma_2,1392,79.8078839887,79.8129790904,0.000391726527965,-0.00509510174169,0.000863703379378,-4.40065659257e-06
q20_from_e0,gamma_2,1394,79.8081335643,79.8129838028,0.0003964388751,-0.00485023844598,0.000854993560662,-4.14692263899e-06
q20_from_e0,gamma_2,1396,79.808466405,79.8129906753,0.000403311373901,-0.00452427027473,0.000846371574116,-3.82921375415e-06
q20_from_e0,gamma_2,1398,79.8088681242,79.8129995065,0.000412142597753,-0.00413138231346,0.000837836534017,-3.46142303821e-06
q20_from_e0,gamma_2,1400,79.8093230581,79.8130099149,0.000422551040145,-0.00368685687073,0.000829387563573,-3.05783323726e-06
q20_from_e0,gamma_2,1402,79.8098150077,79.8130213672,0.000434003324557,-0.00320635948597,0.000821023794834,-2.63249743277e-06
q20_from_e0,gamma_2,1404,79.8103279708,79.8130332115,0.000445847592118,-0.00270524064554,0.000812744368603,-2.19866910038e-06
q20_from_e0,gamma_2,1406,79.8108466271,79.8130447131,0.000457349232704,-0.00219808601204,0.000804548434349,-1.76846665955e-06
q20_from_e0,gamma_2,1408,79.8113568565,79.8130550939,0.000467729996586,-0.00169823739111,0.000796435150114,-1.35253595152e-06
q20_from_e0,gamma_2,1410,79.8118462119,79.8130635747,0.000476210832744,-0.00121736281247,0.000788403682434,-9.59773324208e-07
q20_from_e0,gamma_2,1412,79.81230397,79.8130694145,0.000482050646269,-0.000765444498853,0.000780453206249,-5.97393613335e-07
q20_from_e0,gamma_2,1414,79.8127212523,79.8130719468,0.000484582928252,-0.000350694497072,0.000772582904818,-2.70940573252e-07
q20_from_e0,gamma_2,1416,79.8130911163,79.8130706149,0.000483251052458,2.05014099919e-05,0.000764791969637,1.5679313728e-08
q20_from_e0,gamma_2,1418,79.8134084617,79.8130650019,0.000477638013621,0.000343459798998,0.000757079600356,2.60026407364e-07
q20_from_e0,gamma_2,1420,79.8136698251,79.8130548525,0.0004674886206,0.000614972588778,0.000749445004695,4.60888134684e-07
q20_from_e0,gamma_2,1422,79.8138732615,79.8130400873,0.000452723432147,0.00083317423119,0.000741887398363,6.18121462761e-07
q20_from_e0,gamma_2,1424,79.8140180429,79.8130208085,0.000433444660672,0.000997234308613,0.00073440600498,7.32374864618e-07
q20_from_e0,gamma_2,1426,79.814104541,79.8129972971,0.00040993322223,0.00110724390107,0.000727000055993,8.0496637808e-07
q20_from_e0,gamma_2,1428,79.8141341125,79.8129700015,0.000382637643952,0.00116411093364,0.000719668790601,8.37774307741e-07
q20_from_e0,gamma_2,1430,79.8141090244,79.8129395184,0.00035215454821,0.00116950593299,0.000712411455674,8.33169424143e-07
q20_from_e0,gamma_2,1432,79.8140323306,79.8129065667,0.000319202837801,0.0011257638443,0.000705227305678,7.93919402745e-07
q20_from_e0,gamma_2,1434,79.8139078738,79.8128719595,0.000284595572452,0.00103591431133,0.000698115602595,7.23187943691e-07
q20_from_e0,gamma_2,1436,79.8137403236,79.8128365727,0.000249208776623,0.000903750914247,0.000691075615851,6.24560219639e-07
q20_from_e0,gamma_2,1438,79.8135352416,79.8128013111,0.000213947185813,0.0007339305497,0.000684106622239,5.02086749313e-07
q20_from_e0,gamma_2,1440,79.8132990419,79.812767074,0.000179710158235,0.000531967818034,0.000677207905846,3.60252812029e-07
q20_from_e0,gamma_2,1442,79.8130389669,79.8127347228,0.000147358921339,0.000304244086976,0.000670378757977,2.03958773149e-07
q20_from_e0,gamma_2,1444,79.8127630597,79.8127050498,0.000117685899866,5.80099256666e-05,0.000663618477084,3.84964585266e-08
q20_from_e0,gamma_2,1446,79.8124800603,79.812678751,9.1387085547e-05,-0.000198690631009,0.000656926368693,-1.30525114722e-07
q20_from_e0,gamma_2,1448,79.8121992305,79.8126564015,6.90375972852e-05,-0.000457171022219,0.000650301745336,-2.97299113666e-07
q20_from_e0,gamma_2,1450,79.8119299652,79.8126384382,5.10743126085e-05,-0.000708473025554,0.000643743926473,-4.56075207271e-07
q20_from_e0,gamma_2,1452,79.8116815992,79.8126251488,3.77848817266e-05,-0.000943549557604,0.000637252238432,-6.01279067655e-07
q20_from_e0,gamma_2,1454,79.8114630912,79.8126166652,2.93012857782e-05,-0.00115357393526,0.000630826014331,-7.27704447813e-07
q20_from_e0,gamma_2,1456,79.8112825597,79.8126129646,2.56007501775e-05,-0.00133040491534,0.000624464594013,-8.30790765328e-07
q20_from_e0,gamma_2,1458,79.8111470592,79.8126138771,2.65132057677e-05,-0.0014668178855,0.00061816732398,-9.06738887046e-07
q20_from_e0,gamma_2,1460,79.8110623809,79.8126191004,3.17364701345e-05,-0.00155671947394,0.000611933557323,-9.52608885441e-07
q20_from_e0,gamma_2,1462,79.8110326428,79.8126282172,4.08532945357e-05,-0.0015955743786,0.000605762653656,-9.66539369685e-07
q20_from_e0,gamma_2,1464,79.8110603227,79.8126407165,5.33525784192e-05,-0.00158039376689,0.000599653979053,-9.47689410784e-07
q20_from_e0,gamma_2,1466,79.8111462223,79.8126560228,6.86589269208e-05,-0.00150980054214,0.000593606905978,-8.96228028463e-07
q20_from_e0,gamma_2,1468,79.8112895024,79.812673526,8.61621549717e-05,-0.00138402367638,0.000587620813226,-8.13281118238e-07
q20_from_e0,gamma_2,1470,79.8114878488,79.8126926074,0.000105243499718,-0.00120475856042,0.000581695085853,-7.00802134236e-07
q20_from_e0,gamma_2,1472,79.8117374916,79.8127126638,0.000125299915652,-0.000975172181427,0.00057582911512,-5.61532534321e-07
q20_from_e0,gamma_2,1474,79.8120335006,79.8127331305,0.000145766618274,-0.00069962990824,0.000570022298424,-3.98804648341e-07
q20_from_e0,gamma_2,1476,79.8123698958,79.8127535022,0.00016613831751,-0.000383606428727,0.000564274039239,-2.16459149016e-07
q20_from_e0,gamma_2,1478,79.8127396092,79.8127733494,0.000185985502654,-3.37402125581e-05,0.000558583747056,-1.88467343572e-08
q20_from_e0,gamma_2,1480,79.813134774,79.812792329,0.000204965101887,0.000342445033397,0.00055295083732,1.89355267953e-07
q20_from_e0,gamma_2,1482,79.8135468816,79.8128101921,0.000222828206574,0.000736689491958,0.000547374731371,4.03245212765e-07
q20_from_e0,gamma_2,1484,79.8139669378,79.812826786,0.000239422129255,0.00114015174657,0.000541854856384,6.17796760893e-07
q20_from_e0,gamma_2,1486,79.8143856665,79.8128420496,0.000254685725935,0.00154361687396,0.000536390645311,8.27981651137e-07
q20_from_e0,gamma_2,1488,79.8147937368,79.8128560055,0.000268641617339,0.00193773132168,0.000530981536822,1.02889955513e-06
q20_from_e0,gamma_2,1490,79.8151819703,79.8128687477,0.000281383812393,0.00231322262073,0.000525626975247,1.21589220921e-06
q20_from_e0,gamma_2,1492,79.8155415602,79.8128804226,0.000293058701402,0.002661137592,0.000520326410521,1.38466017115e-06
q20_from_e0,gamma_2,1494,79.8158642161,79.8128912078,0.00030384388694,0.0029730083622,0.000515079298124,1.53133506052e-06
q20_from_e0,gamma_2,1496,79.8161423753,79.8129012904,0.000313926511566,0.00324108492713,0.00050988509903,1.65258090903e-06
q20_from_e0,gamma_2,1498,79.8163693177,79.8129108473,0.000323483412217,0.00345847042772,0.000504743279646,1.74563970624e-06
q20_from_e0,gamma_2,1500,79.8165391814,79.8129200269,0.000332662994609,0.00361915451754,0.00049965331176,1.80832254046e-06
q20_from_e0,gamma_2,1502,79.8166471671,79.8129289298,0.000341565937305,0.00371823729651,0.000494614672488,1.83909472265e-06
q20_from_e0,gamma_2,1504,79.8166897259,79.8129375928,0.000350228907564,0.00375213305995,0.000489626844219,1.83714506923e-06
q20_from_e0,gamma_2,1506,79.8166646626,79.8129459773,0.000358613437371,0.00371868524341,0.000484689314561,1.8024070017e-06
q20_from_e0,gamma_2,1508,79.8165713095,79.8129539624,0.000366598498573,0.00361734714841,0.000479801576289,1.73560886379e-06
q20_from_e0,gamma_2,1510,79.8164105691,79.8129613399,0.000373976060587,0.00344922914348,0.000474963127292,1.63825666074e-06
q20_from_e0,gamma_2,1512,79.8161850645,79.8129678145,0.000380450644855,0.00321724993687,0.000470173470526,1.51266556836e-06
q20_from_e0,gamma_2,1514,79.8158992203,79.8129730099,0.000385646057993,0.00292621036914,0.000465432113954,1.36195227798e-06
q20_from_e0,gamma_2,1516,79.8155591525,79.8129764819,0.000389118047664,0.00258267059191,0.000460738570507,1.1899359566e-06
q20_from_e0,gamma_2,1518,79.815172627,79.8129777316,0.000390367748139,0.00219489533886,0.000456092358022,1.00107499071e-06
q20_from_e0,gamma_2,1520,79.8147490621,79.8129762235,0.00038885964463,0.00177283855122,0.000451492999201,8.00424194589e-07
q20_from_e0,gamma_2,1522,79.8142992013,79.812971411,0.000384047105157,0.00132779028779,0.00044694002156,5.93442619852e-07
q20_from_e0,gamma_2,1524,79.8138348328,79.8129627647,0.000375400859937,0.00087206804902,0.000442432957379,3.85831645963e-07
q20_from_e0,gamma_2,1526,79.8133683782,79.8129498007,0.000362436785906,0.000418577496049,0.000437971343653,1.83324948367e-07
q20_from_e0,gamma_2,1528,79.8129124199,79.8129321064,0.000344742515523,-1.96865381383e-05,0.000433554722047,-8.53519157064e-09
q20_from_e0,gamma_2,1530,79.8124791924,79.8129093691,0.000322005248449,-0.000430176698885,0.00042918263885,-1.84624370799e-07
q20_from_e0,gamma_2,1532,79.8120800654,79.8128814016,0.000294037723165,-0.000801336197298,0.000424854644923,-3.40451405567e-07
q20_from_e0,gamma_2,1534,79.8117250427,79.8128481637,0.000260799805062,-0.00112312096601,0.000420570295659,-4.72351316737e-07
q20_from_e0,gamma_2,1536,79.8114224314,79.8128097791,0.000222415206764,-0.00138734767866,0.000416329150933,-5.77593281104e-07
q20_from_e0,gamma_2,1538,79.8111785459,79.8127665437,0.00017917977118,-0.00158799774567,0.000412130775058,-6.54462741715e-07
q20_from_e0,gamma_2,1540,79.8109975828,79.812718926,0.000131562143821,-0.00172134323199,0.000407974736742,-7.02264551915e-07
q20_from_e0,gamma_2,1542,79.8108816058,79.8126675617,8.01977711404e-05,-0.00178595590104,0.000403860609042,-7.21277237917e-07
q20_from_e0,gamma_2,1544,79.8108305777,79.8126132393,2.58754168385e-05,-0.00178266160489,0.00039978796932,-7.12686663004e-07
q20_from_e0,gamma_2,1546,79.81084252,79.8125568825,-3.04814149672e-05,-0.00171436246409,0.000395756399199,-6.78469915708e-07
q20_from_e0,gamma_2,1548,79.8109136964,79.8124995253,-8.78385658609e-05,-0.00158582896394,0.000391765484523,-6.21273052428e-07
q20_from_e0,gamma_2,1550,79.8110387549,79.8124422817,-0.00014508219175,-0.00140352674435,0.00038781481531,-5.44308465145e-07
q20_from_e0,gamma_2,1552,79.8112109762,79.8123863108,-0.000201053040655,-0.00117533463359,0.000383903985716,-4.51215650384e-07
q20_from_e0,gamma_2,1554,79.8114225256,79.8123327828,-0.000254581071928,-0.000910257223651,0.000380032593986,-3.45927413899e-07
q20_from_e0,gamma_2,1556,79.8116646528,79.8122828412,-0.000304522675236,-0.000618188415189,0.000376200242419,-2.32562631655e-07
q20_from_e0,gamma_2,1558,79.811927996,79.8122375646,-0.000349799269344,-0.000309568589884,0.000372406537322,-1.15285366622e-07
q20_from_e0,gamma_2,1560,79.8122028685,79.8121979319,-0.000389432030644,4.93665227452e-06,0.000368651088975,1.81990223689e-09
q20_from_e0,gamma_2,1562,79.8124794835,79.8121647888,-0.000422575051175,0.000314694697693,0.000364933511585,1.14842641106e-07
q20_from_e0,gamma_2,1564,79.812748286,79.8121388166,-0.000448547269855,0.00060946939918,0.000361253423253,2.20172906821e-07
q20_from_e0,gamma_2,1566,79.8130001255,79.8121205064,-0.000466857492526,0.000879619116887,0.000357610445927,3.14560984636e-07
q20_from_e0,gamma_2,1568,79.813226353,79.8121101427,-0.000477221152266,0.00111621031184,0.000354004205371,3.95143144468e-07
q20_from_e0,gamma_2,1570,79.8134190282,79.8121077935,-0.000479570358834,0.00131123470617,0.000350434331121,4.59501657198e-07
q20_from_e0,gamma_2,1572,79.8135710699,79.8121133074,-0.000474056493303,0.00145776248684,0.00034690045645,5.05698472079e-07
q20_from_e0,gamma_2,1574,79.8136762959,79.8121263185,-0.00046104541326,0.00154997745804,0.000343402218328,5.32265697449e-07
q20_from_e0,gamma_2,1576,79.8137295678,79.8121462576,-0.000441106310689,0.00158331021601,0.000339939257386,5.3822929904e-07
q20_from_e0,gamma_2,1578,79.8137269604,79.812172373,-0.000414990911821,0.00155458745991,0.000336511217879,5.23136119433e-07
q20_from_e0,gamma_2,1580,79.8136658802,79.8122037603,-0.000383603559015,0.00146211982519,0.000333117747651,4.87058062964e-07
q20_from_e0,gamma_2,1582,79.8135452635,79.8122393967,-0.00034796720621,0.00130586682181,0.000329758498096,4.30620681873e-07
q20_from_e0,gamma_2,1584,79.8133657218,79.8122781782,-0.000309185711615,0.00108754359076,0.000326433124123,3.5501025195e-07
q20_from_e0,gamma_2,1586,79.8131296415,79.8123189602,-0.000268403681105,0.000810681345001,0.000323141284121,2.61964610837e-07
q20_from_e0,gamma_2,1588,79.8128412866,79.8123605988,-0.000226765055146,0.000480687772551,0.000319882639925,1.53763673663e-07
q20_from_e0,gamma_2,1590,79.8125067685,79.8124019923,-0.000185371570751,0.000104776167305,0.000316656856779,3.31780918041e-08
q20_from_e0,gamma_2,1592,79.8121339987,79.8124421203,-0.000145243622484,-0.000308121556259,0.000313463603304,-9.65848932805e-08
q20_from_e0,gamma_2,1594,79.8117325082,79.8124800799,-0.000107283936771,-0.000747571774085,0.000310302551461,-2.31973428899e-07
q20_from_e0,gamma_2,1596,79.8113131287,79.8125151189,-7.22449438229e-05,-0.00120199022146,0.000307173376521,-3.69219394871e-07
q20_from_e0,gamma_2,1598,79.8108877558,79.8125466615,-4.07023999713e-05,-0.00165890568427,0.000304075757029,-5.04433001782e-07
q20_from_e0,gamma_2,1600,79.8104689717,79.8125743259,-1.3037969552e-05,-0.0021053542076,0.000301009374769,-6.33731353698e-07
q20_from_e0,gamma_2,1602,79.8100694857,79.812597934,1.05701545294e-05,-0.00252844833091,0.000297973914739,-7.53411647376e-07
q20_from_e0,gamma_2,1604,79.8097016063,79.8126175147,3.01508154337e-05,-0.00291590838124,0.00029496906511,-8.6010276916e-07
q20_from_e0,gamma_2,1606,79.8093767766,79.8126333027,4.5938797399e-05,-0.00325652605208,0.000291994517198,-9.50887752319e-07
q20_from_e0,gamma_2,1608,79.8091051377,79.8126457296,5.83656817383e-05,-0.00354059183879,0.000289049965432,-1.02340794861e-06
q20_from_e0,gamma_2,1610,79.8088952082,79.8126554055,6.80415724474e-05,-0.00376019724338,0.000286135107323,-1.07592444179e-06
q20_from_e0,gamma_2,1612,79.8087536147,79.8126630939,7.57300174712e-05,-0.00390947921477,0.000283249643433,-1.10735859359e-06
q20_from_e0,gamma_2,1614,79.8086848613,79.8126696792,8.2315327063e-05,-0.00398481789638,0.000280393277342,-1.11731614958e-06
q20_from_e0,gamma_2,1616,79.8086913254,79.812676128,8.87640810561e-05,-0.00398480253446,0.00027756571562,-1.10604456708e-06
q20_from_e0,gamma_2,1618,79.8087731933,79.8126834471,9.60832626049e-05,-0.00391025388744,0.000274766667795,-1.07440743089e-06
q20_from_e0,gamma_2,1620,79.8089285417,79.8126926395,0.000105275654562,-0.00376409788848,0.000271995846327,-1.02381899084e-06
q20_from_e0,gamma_2,1622,79.8091535568,79.8127046591,0.000117295247406,-0.00355110233596,0.000269252966573,-9.56144838562e-07
q20_from_e0,gamma_2,1624,79.8094426465,79.8127203678,0.000133003910022,-0.00327772126691,0.000266537746761,-8.73636440992e-07
q20_from_e0,gamma_2,1626,79.8097886809,79.8127404935,0.000153129651679,-0.00295181266524,0.00026384990796,-7.7883550004e-07
q20_from_e0,gamma_2,1628,79.8101832605,79.8127655955,0.000178231580946,-0.00258233499849,0.000261189174054,-6.74477945387e-07
q20_from_e0,gamma_2,1630,79.8106169062,79.8127960345,0.000208670580633,-0.00217912823263,0.000258555271708,-5.63425092274e-07
q20_from_e0,gamma_2,1632,79.8110794483,79.8128319503,0.000244586441767,-0.00175250200786,0.000255947930348,-4.48549261842e-07
q20_from_e0,gamma_2,1634,79.8115603371,79.8128732487,0.000285884861768,-0.00131291167034,0.000253366882123,-3.32648336417e-07
q20_from_e0,gamma_2,1636,79.8120489248,79.8129195957,0.000332231860014,-0.000870670991802,0.000250811861887,-2.18374612545e-07
q20_from_e0,gamma_2,1638,79.812534822,79.8129704225,0.000383058619107,-0.0004356005375,0.000248282607167,-1.08152037134e-07
q20_from_e0,gamma_2,1640,79.813008128,79.813024941,0.000437577116003,-1.68129516709e-05,0.000245778858137,-4.13226806358e-09
q20_from_e0,gamma_2,1642,79.8134596045,79.8130821651,0.000494801191365,0.000377439468622,0.000243300357589,9.1831157684e-08
q20_from_e0,gamma_2,1644,79.8138809218,79.8131409393,0.00055357545375,0.000739982446703,0.000240846850912,1.78222442019e-07
q20_from_e0,gamma_2,1646,79.8142648505,79.8131999778,0.000612613914598,0.00106487269507,0.000238418086061,2.53884909857e-07
q20_from_e0,gamma_2,1648,79.8146053203,79.8132579045,0.000670540618756,0.0013474157673,0.000236013813532,3.18008733654e-07
q20_from_e0,gamma_2,1650,79.8148975153,79.8133132962,0.000725932288191,0.00158421911941,0.000233633786338,3.70127111257e-07
q20_from_e0,gamma_2,1652,79.8151378643,79.81336473,0.000777366162325,0.00177313429727,0.000231277759983,4.10086528421e-07
q20_from_e0,gamma_2,1654,79.8153239891,79.8134108319,0.000823467975252,0.00191315720944,0.000228945492435,4.38008719423e-07
q20_from_e0,gamma_2,1656,79.8154546647,79.8134503223,0.000862958386051,0.00200434238397,0.000226636744105,4.54257631975e-07
q20_from_e0,gamma_2,1658,79.8155297515,79.81348206,0.000894696086704,0.00204769150925,0.000224351277818,4.59402206677e-07
q20_from_e0,gamma_2,1660,79.8155501978,79.8135050794,0.000917715561769,0.00204511831132,0.000222088858792,4.54197991855e-07
q20_from_e0,gamma_2,1662,79.8155179037,79.8135186251,0.000931261205594,0.00199927862666,0.000219849254612,4.39539915831e-07
q20_from_e0,gamma_2,1664,79.8154356427,79.8135221787,0.000934814778574,0.00191346400942,0.000217632235206,4.16431449357e-07
q20_from_e0,gamma_2,1666,79.8153070465,79.8135154771,0.000928113196977,0.00179156941385,0.000215437572825,3.85971366068e-07
q20_from_e0,gamma_2,1668,79.8151364492,79.8134985217,0.000911157793084,0.00163792752063,0.000213265042013,3.49312681503e-07
q20_from_e0,gamma_2,1670,79.8149288921,79.8134715767,0.000884212835828,0.00145731535231,0.00021111441959,3.07660284764e-07
q20_from_e0,gamma_2,1672,79.8146901731,79.8134351592,0.000847795352769,0.00125501384409,0.000208985484626,2.62279676419e-07
q20_from_e0,gamma_2,1674,79.814426709,79.8133900229,0.000802659049484,0.00103668602704,0.000206878018419,2.14467550996e-07
q20_from_e0,gamma_2,1676,79.8141454777,79.8133371359,0.000749772011403,0.000808341829682,0.000204791804471,1.6554178193e-07
q20_from_e0,gamma_2,1678,79.8138540349,79.8132776527,0.00069028877212,0.000576382234016,0.00020272662847,1.16848027012e-07
q20_from_e0,gamma_2,1680,79.8135604075,79.8132128763,0.000625512389803,0.000347531234482,0.000200682278262,6.97433599031e-08
q20_from_e0,gamma_2,1682,79.8132730041,79.8131442121,0.000556848188211,0.000128792029585,0.000198658543836,2.5585637055e-08
q20_from_e0,gamma_2,1684,79.8130004732,79.8130731215,0.00048575756955,-7.26482673485e-05,0.000196655217295,-1.42866608015e-08
q20_from_e0,gamma_2,1686,79.8127513714,79.8130010745,0.000413710601038,-0.000249703128404,0.000194672092841,-4.86102305954e-08
q20_from_e0,gamma_2,1688,79.8125339642,79.8129295015,0.000342137583388,-0.000395537273462,0.000192708966752,-7.62235792807e-08
q20_from_e0,gamma_2,1690,79.8123559352,79.8128597486,0.000272384701049,-0.000503813422739,0.000190765637357,-9.61102886979e-08
q20_from_e0,gamma_2,1692,79.8122240578,79.812793039,0.000205675081304,-0.000568981129788,0.000188841905022,-1.07447480471e-07
q20_from_e0,gamma_2,1694,79.8121440094,79.8127304432,0.000143079276427,-0.000586433720983,0.000186937572125,-1.09626496013e-07
q20_from_e0,gamma_2,1696,79.8121201307,79.8126728579,8.54940198423e-05,-0.000552727156403,0.000185052443037,-1.02283510625e-07
q20_from_e0,gamma_2,1698,79.8121552141,79.812620988,3.36241235601e-05,-0.000465773902121,0.0001831863241,-8.53234089913e-08
q20_from_e0,gamma_2,1700,79.812250378,79.8125753332,-1.20307076088e-05,-0.000324955182549,0.000181339023612,-5.89270555211e-08
q20_from_e0,gamma_2,1702,79.8124049952,79.8125361826,-5.11812959019e-05,-0.000131187372602,0.000179510351802,-2.35494914079e-08
q20_from_e0,gamma_2,1704,79.812616562,79.8125036183,-8.37455429519e-05,0.000112943618987,0.000177700120814,2.00700947392e-08
q20_from_e0,gamma_2,1706,79.8128805871,79.8124775259,-0.000109837978314,0.00040306115018,0.000175908144686,7.09017391231e-08
q20_from_e0,gamma_2,1708,79.8131906051,79.8124576091,-0.000129754801762,0.000732995988187,0.000174134239329,1.27639698835e-07
q20_from_e0,gamma_2,1710,79.8135382612,79.8124434101,-0.000143953789134,0.00109485114909,0.000172378222515,1.88728494999e-07
q20_from_e0,gamma_2,1712,79.8139133983,79.8124343348,-0.00015302909361,0.0014790634867,0.00017063991385,2.52387265948e-07
q20_from_e0,gamma_2,1714,79.8143042373,79.8124296814,-0.000157682437276,0.00187455585467,0.00016891913476,3.16648353029e-07
q20_from_e0,gamma_2,1716,79.8146976697,79.8124286721,-0.000158691762181,0.00226899759593,0.000167215708472,3.79412040524e-07
q20_from_e0,gamma_2,1718,79.8150796879,79.8124304852,-0.000156878643693,0.00264920265504,0.000165529459996,4.38521084907e-07
q20_from_e0,gamma_2,1720,79.8154359159,79.8124342902,-0.000153073711147,0.00300162571381,0.000163860216106,4.91847038133e-07
q20_from_e0,gamma_2,1722,79.8157521589,79.8124392819,-0.000148081995917,0.00331287703611,0.000162207805323,5.37374513332e-07
q20_from_e0,gamma_2,1724,79.8160151993,79.8124447127,-0.000142651184234,0.00357048662889,0.000160572057898,5.73320385698e-07
q20_from_e0,gamma_2,1726,79.8162132677,79.8124499192,-0.000137444708059,0.00376334847543,0.000158952805793,5.98194799347e-07
q20_from_e0,gamma_2,1728,79.8163366044,79.8124543435,-0.000133020367088,0.00388226085694,0.000157349882665,6.10873290314e-07
q20_from_e0,gamma_2,1730,79.8163780309,79.8124575511,-0.000129812781054,0.00392047983716,0.000155763123847,6.10666186416e-07
q20_from_e0,gamma_2,1732,79.816333056,79.8124592418,-0.00012812208891,0.00387381420018,0.000154192366335,5.97312578268e-07
q20_from_e0,gamma_2,1734,79.8162000757,79.8124592526,-0.000128111301137,0.00374082313095,0.000152637448767,5.70989698998e-07
q20_from_e0,gamma_2,1736,79.8159803896,79.8124575532,-0.000129810646627,0.00352283632751,0.000151098211409,5.32294268172e-07
q20_from_e0,gamma_2,1738,79.8156779671,79.8124542352,-0.000133128687992,0.0032237318988,0.000149574496137,4.82188074443e-07
q20_from_e0,gamma_2,1740,79.8152993382,79.8124494963,-0.000137867586631,0.00284984194748,0.000148066146422,4.21965115075e-07
q20_from_e0,gamma_2,1742,79.8148531833,79.8124436222,-0.000143741665539,0.00240956109111,0.000146573007314,3.53176615432e-07
q20_from_e0,gamma_2,1744,79.8143498789,79.8124369643,-0.000150399555991,0.00191291457926,0.000145094925425,2.77554198224e-07
q20_from_e0,gamma_2,1746,79.8138013966,79.8124299173,-0.000157446578186,0.00137147928423,0.000143631748914,1.96987968194e-07
q20_from_e0,gamma_2,1748,79.8132209442,79.812422893,-0.000164470866196,0.000798051222617,0.000142183327472,1.13469578325e-07
q20_from_e0,gamma_2,1750,79.812622556,79.8124162935,-0.000171070427598,0.000206262505898,0.000140749512303,2.90313471116e-08
q20_from_e0,gamma_2,1752,79.8120207659,79.8124104887,-0.000176875136617,-0.000389722825872,0.000139330156114,-5.43001421701e-08
q20_from_e0,gamma_2,1754,79.8114304324,79.8124057963,-0.000181567588925,-0.000975363939915,0.000137925113098,-1.34527181725e-07
q20_from_e0,gamma_2,1756,79.8108663417,79.8124024635,-0.000184900399304,-0.00153612174971,0.000136534238916,-2.09733213978e-07
q20_from_e0,gamma_2,1758,79.8103429433,79.812400658,-0.000186705880139,-0.00205771474253,0.000135157390685,-2.78115355376e-07
q20_from_e0,gamma_2,1760,79.8098740018,79.8124004624,-0.000186901499177,-0.00252646062926,0.000133794426965,-3.38026352142e-07
q20_from_e0,gamma_2,1762,79.8094720484,79.8124018726,-0.000185491271168,-0.00292982421638,0.00013244520774,-3.88041176981e-07
q20_from_e0,gamma_2,1764,79.8091479158,79.8124048008,-0.000182563072656,-0.00325688504293,0.000131109594407,-4.2700887701e-07
q20_from_e0,gamma_2,1766,79.80891024,79.8124090805,-0.000178283383264,-0.0034988405349,0.000129787449761,-4.54105590145e-07
q20_from_e0,gamma_2,1768,79.8087648938,79.8124144773,-0.000172886561586,-0.00364958352279,0.000128478637979,-4.68893520198e-07
q20_from_e0,gamma_2,1770,79.8087146452,79.8124207048,-0.00016665903857,-0.00370605966305,0.000127183024609,-4.71347877329e-07
q20_from_e0,gamma_2,1772,79.8087589722,79.8124274417,-0.000159922137058,-0.00366846951525,0.000125900476556,-4.618620602e-07
q20_from_e0,gamma_2,1774,79.8088940035,79.8124343507,-0.000153013159803,-0.00354034726863,0.000124630862064,-4.41236532095e-07
q20_from_e0,gamma_2,1776,79.8091124646,79.8124410985,-0.000146265351276,-0.0033286339585,0.000123374050709,-4.10667054787e-07
q20_from_e0,gamma_2,1778,79.8094039258,79.812447376,-0.000139987853743,-0.00304345020551,0.000122129913379,-3.71696309972e-07
q20_from_e0,gamma_2,1780,79.8097551902,79.8124529197,-0.000134444150291,-0.00269772956585,0.000120898322267,-3.26150978442e-07
q20_from_e0,gamma_2,1782,79.8101507486,79.8124575313,-0.000129832587206,-0.00230678265093,0.000119679150853,-2.76073788867e-07
q20_from_e0,gamma_2,1784,79.8105735456,79.8124610905,-0.000126273370967,-0.00188754487613,0.000118472273894,-2.23621733552e-07
q20_from_e0,gamma_2,1786,79.8110056914,79.8124635669,-0.000123796991758,-0.00145787551942,0.000117277567409,-1.70976094503e-07
q20_from_e0,gamma_2,1788,79.8114292233,79.8124650307,-0.00012233322829,-0.0010358073589,0.000116094908668,-1.2025196073e-07
q20_from_e0,gamma_2,1790,79.8118269893,79.8124656571,-0.00012170674556,-0.000638667867989,0.000114924176178,-7.33983785797e-08
q20_from_e0,gamma_2,1792,79.8121834524,79.8124657236,-0.000121640250455,-0.000282271229821,0.000113765249671,-3.21126569354e-08
q20_from_e0,gamma_2,1794,79.8124852714,79.8124656038,-0.000121760096647,1.96675955237e-05,0.000112618010092,2.21492547118e-09
q20_from_e0,gamma_2,1796,79.812721984,79.8124657566,-0.000121607299207,0.000256227402261,0.000111482339588,2.85648302707e-08
q20_from_e0,gamma_2,1798,79.8128864125,79.812466706,-0.000120657909534,0.000419706530494,0.000110358121493,4.63180242837e-08
q20_from_e0,gamma_2,1800,79.8129748883,79.8124690156,-0.000118348262703,0.000505872685451,0.000109245240318,5.52641830923e-08
q20_from_e0,gamma_2,1802,79.8129873578,79.8124732627,-0.000114101190292,0.00051409514748,0.000108143581737,5.55960906023e-08
q20_from_e0,gamma_2,1804,79.8129271435,79.8124800136,-0.000107350293746,0.000447129913596,0.000107053032581,4.78666132079e-08
q20_from_e0,gamma_2,1806,79.8128006373,79.8124898005,-9.75634095965e-05,0.000310836864386,0.000105973480817,3.29404644851e-08
q20_from_e0,gamma_2,1808,79.8126168171,79.8125030976,-8.42663319958e-05,0.000113719568034,0.000104904815545,1.19297303085e-08
q20_from_e0,gamma_2,1810,79.8123867228,79.8125202987,-6.70651804171e-05,-0.000133575866329,0.000103846926983,-1.38714432373e-08
q20_from_e0,gamma_2,1812,79.8121228667,79.8125416947,-4.56691400359e-05,-0.000418828061981,0.000102799706456,-4.30554018272e-08
q20_from_e0,gamma_2,1814,79.8118384638,79.8125674512,-1.99126780984e-05,-0.000728987409914,0.000101763046384,-7.41839796085e-08
q20_from_e0,gamma_2,1816,79.8115467343,79.8125975929,1.02290170219e-05,-0.00105085856623,0.000100736840273,-1.05860171536e-07
q20_from_e0,gamma_2,1818,79.8112603068,79.812631998,4.46341339e-05,-0.00137169126461,9.97209827023e-05,-1.36786400871e-07
q20_from_e0,gamma_2,1820,79.8109907541,79.8126703997,8.3035844284e-05,-0.00167964558746,9.87153693144e-05,-1.65806834483e-07
q20_from_e0,gamma_2,1822,79.8107482596,79.8127123924,0.000125028547956,-0.00196413283062,9.77198968041e-05,-1.91934857518e-07
q20_from_e0,gamma_2,1824,79.8105414539,79.8127574426,0.000170078746407,-0.00221598875427,9.67344629081e-05,-2.14362481955e-07
q20_from_e0,gamma_2,1826,79.8103773399,79.8128049081,0.000217544176849,-0.00242756818105,9.57589663944e-05,-2.32461419869e-07
q20_from_e0,gamma_2,1828,79.8102613125,79.81285406,0.00026669607152,-0.00259274747921,9.47933070515e-05,-2.45775107904e-07
q20_from_e0,gamma_2,1830,79.8101972174,79.812904105,0.000316741138434,-0.0027068876558,9.3837385679e-05,-2.54007260947e-07
q20_from_e0,gamma_2,1832,79.8101874742,79.8129542116,0.000366847749774,-0.00276673741939,9.28911040763e-05,-2.57005293577e-07
q20_from_e0,gamma_2,1834,79.8102331617,79.8130035391,0.000416175250919,-0.00277037739492,9.19543650335e-05,-2.54748294254e-07
q20_from_e0,gamma_2,1836,79.810334187,79.8130512691,0.000463905230333,-0.00271708208129,9.10270723209e-05,-2.47328027115e-07
q20_from_e0,gamma_2,1838,79.8104894659,79.8130966376,0.00050927373681,-0.00260717170781,9.0109130679e-05,-2.34929976122e-07
q20_from_e0,gamma_2,1840,79.8106970509,79.8131389643,0.000551600372376,-0.00244191337543,8.92004458092e-05,-2.17819761716e-07
q20_from_e0,gamma_2,1842,79.8109541795,79.8131776794,0.000590315498442,-0.00222349990543,8.83009243636e-05,-1.96337096971e-07
q20_from_e0,gamma_2,1844,79.8112573878,79.813212347,0.000624983094582,-0.00195495921182,8.74104739358e-05,-1.7088391123e-07
q20_from_e0,gamma_2,1846,79.8116024702,79.8132426793,0.000655315377514,-0.00164020910543,8.65290030512e-05,-1.41925658688e-07
q20_from_e0,gamma_2,1848,79.8119843963,79.8132685463,0.000681182457129,-0.0012841500082,8.56564211576e-05,-1.09995693932e-07
q20_from_e0,gamma_2,1850,79.8123973484,79.8132899787,0.000702614849473,-0.000892630297386,8.47926386161e-05,-7.56884782241e-08
q20_from_e0,gamma_2,1852,79.8128347717,79.8133071607,0.000719796835753,-0.000472389036219,8.39375666916e-05,-3.9651186232e-08
q20_from_e0,gamma_2,1854,79.8132892654,79.8133204198,0.000733055907091,-3.11543736586e-05,8.30911175439e-05,-2.58865172368e-09
q20_from_e0,gamma_2,1856,79.8137528343,79.8133302106,0.000742846751862,0.000422623630399,8.22532042186e-05,3.47621477788e-08
q20_from_e0,gamma_2,1858,79.8142169536,79.8133370911,0.000749727236467,0.000879862500312,8.14237406381e-05,7.16416960226e-08
q20_from_e0,gamma_2,1860,79.8146725922,79.8133416917,0.000754327792905,0.00133090054119,8.06026415929e-05,1.07274099317e-07
q20_from_e0,gamma_2,1862,79.8151106443,79.813344681,0.000757317118854,0.00176596332685,7.97898227328e-05,1.40905900802e-07
q20_from_e0,gamma_2,1864,79.8155220557,79.8133467292,0.000759365333039,0.00217532651456,7.89852005581e-05,1.71818601032e-07
q20_from_e0,gamma_2,1866,79.8158978881,79.8133484697,0.00076110582151,0.00254941842596,7.81886924113e-05,1.99335693135e-07
q20_from_e0,gamma_2,1868,79.8162298269,79.813350461,0.000763097160188,0.00287936581948,7.74002164682e-05,2.22863537719e-07
q20_from_e0,gamma_2,1870,79.8165104209,79.81335315,0.000765786134849,0.0031572709189,7.66196917301e-05,2.41909124515e-07
q20_from_e0,gamma_2,1872,79.8167333856,79.8133568406,0.000769476688049,0.0033765450026,7.58470380148e-05,2.5610093717e-07
q20_from_e0,gamma_2,1874,79.8168939136,79.81336167,0.000774306137743,0.0035322436143,7.50821759486e-05,2.65208536542e-07
q20_from_e0,gamma_2,1876,79.8169887584,79.8133675878,0.000780223938591,0.00362117057438,7.43250269587e-05,2.69143600563e-07
q20_from_e0,gamma_2,1878,79.8170164782,79.8133743436,0.000786979732979,0.00364213457432,7.35755132641e-05,2.67971920683e-07
q20_from_e0,gamma_2,1880,79.8169775598,79.8133814871,0.000794123213595,0.00359607272648,7.28335578686e-05,2.61914771024e-07
q20_from_e0,gamma_2,1882,79.8168744022,79.8133883748,0.000801010888864,0.00348602740861,7.20990845522e-05,2.51339384885e-07
q20_from_e0,gamma_2,1884,79.8167113195,79.8133941847,0.000806820829581,0.00331713476317,7.13720178635e-05,2.36750601572e-07
q20_from_e0,gamma_2,1886,79.816494375,79.813397942,0.000810578083133,0.00309643303865,7.06522831122e-05,2.18770063685e-07
q20_from_e0,gamma_2,1888,79.816231026,79.8133985537,0.000811189837748,0.00283247232623,6.99398063609e-05,1.98102566019e-07
q20_from_e0,gamma_2,1890,79.8159298466,79.8133948511,0.000807487184801,0.00253499550531,6.92345144181e-05,1.75509182863e-07
q20_from_e0,gamma_2,1892,79.8156001034,79.8133856366,0.000798272730265,0.00221446679308,6.85363348302e-05,1.51771437601e-07
q20_from_e0,gamma_2,1894,79.8152512028,79.8133697356,0.000782371683513,0.00188146723151,6.78451958743e-05,1.27648512853e-07
q20_from_e0,gamma_2,1896,79.8148922307,79.8133460471,0.000758683195059,0.0015461836217,6.71610265508e-05,1.03843279269e-07
q20_from_e0,gamma_2,1898,79.8145315688,79.8133135965,0.000726232598282,0.00121797235526,6.64837565759e-05,8.09753775835e-08
q20_from_e0,gamma_2,1900,79.8141765132,79.8132715838,0.000684219898318,0.000904929379999,6.58133163749e-05,5.95564035828e-08
q20_from_e0,gamma_2,1902,79.813833199,79.8132194267,0.000632062818838,0.000613772277958,6.51496370743e-05,3.99870411552e-08
q20_from_e0,gamma_2,1904,79.813506554,79.8131568005,0.000569436631622,0.000349753490212,6.44926504955e-05,2.25565296038e-08
q20_from_e0,gamma_2,1906,79.8132003735,79.8130836691,0.000496305211044,0.000116704382521,6.38422891472e-05,7.45067493362e-09
q20_from_e0,gamma_2,1908,79.8129176034,79.8130003058,0.000412941945257,-8.27024020111e-05,6.31984862188e-05,-5.22666661376e-09
q20_from_e0,gamma_2,1910,79.8126606406,79.8129073047,0.000319940837528,-0.000246664125456,6.25611755735e-05,-1.54315976603e-08
q20_from_e0,gamma_2,1912,79.8124314819,79.8128055799,0.000218216021921,-0.000374098046862,6.19302917412e-05,-2.3168001182e-08
q20_from_e0,gamma_2,1914,79.8122318419,79.8126963511,0.000108987199994,-0.000464509154213,6.13057699124e-05,-2.84770913304e-08
q20_from_e0,gamma_2,1916,79.8120632191,79.8125811185,-6.24536725979e-06,-0.000517899410013,6.06875459307e-05,-3.14300442327e-08
q20_from_e0,gamma_2,1918,79.8119268131,79.8124616308,-0.000125733037294,-0.000534817726731,6.0075556287e-05,-3.21294724455e-08
q20_from_e0,gamma_2,1920,79.8118236133,79.8123398415,-0.000247522387355,-0.000516228195067,5.94697381126e-05,-3.0699955567e-08
q20_from_e0,gamma_2,1922,79.8117543576,79.8122178546,-0.000369509293179,-0.000463496979094,5.88700291727e-05,-2.72860806807e-08
q20_from_e0,gamma_2,1924,79.8117193275,79.8120978638,-0.000489500067914,-0.000378536282696,5.82763678601e-05,-2.20597196588e-08
q20_from_e0,gamma_2,1926,79.8117184116,79.8119820867,-0.000605277190601,-0.000263675059472,5.76886931889e-05,-1.52110696074e-08
q20_from_e0,gamma_2,1928,79.8117509878,79.8118726977,-0.000714666204928,-0.000121709831873,5.71069447882e-05,-6.95047664897e-09
q20_from_e0,gamma_2,1930,79.811815822,79.8117717607,-0.000815603213596,4.40613329431e-05,5.65310628959e-05,2.49083398388e-09
q20_from_e0,gamma_2,1932,79.8119110028,79.8116811637,-0.000906200216974,0.000229839130185,5.59609883524e-05,1.28620248872e-08
q20_from_e0,gamma_2,1934,79.8120337468,79.8116025603,-0.000984803551944,0.00043118648243,5.53966625951e-05,2.38862920827e-08
q20_from_e0,gamma_2,1936,79.8121803274,79.8115373188,-0.00105004503624,0.000643008533558,5.48380276514e-05,3.52613197433e-08
q20_from_e0,gamma_2,1938,79.8123459888,79.8114864801,-0.00110088379091,0.000859508696948,5.42850261338e-05,4.6658452076e-08
q20_from_e0,gamma_2,1940,79.8125248431,79.8114507283,-0.00113663562718,0.00107411483572,5.37376012332e-05,5.77203547204e-08
q20_from_e0,gamma_2,1942,79.8127099051,79.8114303707,-0.001156993181,0.00127953441942,5.31956967134e-05,6.80657249101e-08
q20_from_e0,gamma_2,1944,79.8128932461,79.8114253296,-0.00116203424781,0.00146791648046,5.26592569056e-05,7.72993910608e-08
q20_from_e0,gamma_2,1946,79.8130661085,79.81143515,-0.00115221384732,0.00163095846877,5.21282267021e-05,8.50189728015e-08
q20_from_e0,gamma_2,1948,79.8132192385,79.8114590194,-0.00112834451126,0.00176021912993,5.16025515508e-05,9.08317983932e-08
q20_from_e0,gamma_2,1950,79.813343269,79.8114957982,-0.0010915656482,0.00184747076797,5.10821774502e-05,9.43728296035e-08
q20_from_e0,gamma_2,1952,79.8134289974,79.8115440631,-0.00104330079498,0.00188493431969,5.05670509428e-05,9.53155697677e-08
q20_from_e0,gamma_2,1954,79.8134678428,79.8116021591,-0.000985204832901,0.00186568369996,5.00571191106e-05,9.33907511917e-08
q20_from_e0,gamma_2,1956,79.8134522574,79.8116682626,-0.000919101255022,0.00178399478656,4.95523295691e-05,8.84010976134e-08
q20_from_e0,gamma_2,1958,79.8133762609,79.8117404506,-0.00084691332134,0.0016358103815,4.9052630462e-05,8.02408021496e-08
q20_from_e0,gamma_2,1960,79.8132360034,79.811816767,-0.000770596911948,0.00141923639241,4.85579704559e-05,6.89152388125e-08
q20_from_e0,gamma_2,1962,79.8130300047,79.8118952907,-0.000692073143313,0.00113471391268,4.80682987353e-05,5.45437673336e-08
q20_from_e0,gamma_2,1964,79.8127595816,79.811974204,-0.000613159870753,0.000785377539145,4.75835649969e-05,3.7371063181e-08
q20_from_e0,gamma_2,1966,79.8124290123,79.8120518547,-0.000535509145038,0.000377157516283,4.71037194447e-05,1.77655218335e-08
q20_from_e0,gamma_2,1968,79.8120453676,79.812126814,-0.00046054988249,-8.14464427776e-05,4.6628712785e-05,-3.79774278764e-09
q20_from_e0,gamma_2,1970,79.8116184813,79.8121979244,-0.000389439456939,-0.000579443139486,4.61584962211e-05,-2.67462239643e-08
q20_from_e0,gamma_2,1972,79.8111605152,79.8122643352,-0.000323028716451,-0.00110382001526,4.56930214483e-05,-5.04368716323e-08
q20_from_e0,gamma_2,1974,79.8106853106,79.8123255236,-0.000261840304233,-0.00164021296641,4.52322406491e-05,-7.41905076123e-08
q20_from_e0,gamma_2,1976,79.8102079397,79.8123813042,-0.000206059656804,-0.00217336453899,4.47761064882e-05,-9.73148020356e-08
q20_from_e0,gamma_2,1978,79.8097439674,79.8124318247,-0.000155539165689,-0.00268785731896,4.43245721078e-05,-1.1913812555e-07
q20_from_e0,gamma_2,1980,79.8093087449,79.8124775463,-0.000109817577041,-0.00316880143613,4.38775911222e-05,-1.39039373762e-07
q20_from_e0,gamma_2,1982,79.8089169259,79.8125192122,-6.81516499412e-05,-0.0036022863809,4.3435117614e-05,-1.56465732633e-07
q20_from_e0,gamma_2,1984,79.8085818546,79.812557809,-2.955492468e-05,-0.00397595436266,4.29971061284e-05,-1.70954531693e-07
q20_from_e0,gamma_2,1986,79.8083150626,79.8125945152,7.15135550422e-06,-0.00427945259287,4.25635116692e-05,-1.82148530374e-07
q20_from_e0,gamma_2,1988,79.8081260538,79.8126306409,4.32769876966e-05,-0.00450458711174,4.21342896939e-05,-1.89797578317e-07
q20_from_e0,gamma_2,1990,79.8080219046,79.8126675611,8.01971735314e-05,-0.00464565644705,4.17093961092e-05,-1.93767524937e-07
q20_from_e0,gamma_2,1992,79.8080070124,79.8127066466,0.000119282749182,-0.00469963427238,4.12887872665e-05,-1.94042199703e-07
q20_from_e0,gamma_2,1994,79.8080831908,79.8127491947,0.00016183083855,-0.00466600390655,4.08724199572e-05,-1.9071087119e-07
q20_from_e0,gamma_2,1996,79.8082496009,79.8127963625,0.000208998659019,-0.00454676163301,4.04602514086e-05,-1.83963118766e-07
q20_from_e0,gamma_2,1998,79.8085028809,79.8128491029,0.000261739044589,-0.00434622201266,4.00522392792e-05,-1.74075924011e-07
q20_from_e0,gamma_2,2000,79.8088375028,79.8129081085,0.000320744614555,-0.00407060566479,3.96483416546e-05,-1.61392764139e-07
q20_from_e0,cosine_6,0,79.8125873639,79.8125873639,0,0,1,0
q20_from_e0,cosine_6,2,79.8116352575,79.8125825284,-4.83552952346e-06,-0.00094727082319,0.999992597821,-0.000947263811322
q20_from_e0,cosine_6,4,79.8106687391,79.8125681414,-1.92225085414e-05,-0.00189940228569,0.999970391576,-0.00189934604738
q20_from_e0,cosine_6,6,79.8096865592,79.8125445731,-4.27907549465e-05,-0.00285801391136,0.999933382143,-0.0028578235166
q20_from_e0,cosine_6,8,79.8086914483,79.8125124793,-7.48845665441e-05,-0.00382103103549,0.999881570981,-0.00382057851453
q20_from_e0,cosine_6,10,79.8076923678,79.8124727933,-0.000114570609668,-0.00478042547664,0.999814960137,-0.00477954090736
q20_from_e0,cosine_6,12,79.8067063858,79.8124267006,-0.000160663310652,-0.00572031481887,0.99973355224,-0.0057187906538
q20_from_e0,cosine_6,14,79.8057574989,79.8123756063,-0.00021175761195,-0.00661810742345,0.999637350503,-0.00661570737012
q20_from_e0,cosine_6,16,79.8048756891,79.8123210945,-0.000266269394132,-0.00744540542027,0.999526358723,-0.00744187896894
q20_from_e0,cosine_6,18,79.8040948126,79.8122648901,-0.000322473828604,-0.00817007746629,0.999400581283,-0.00816518016894
q20_from_e0,cosine_6,20,79.8034494894,79.8122088163,-0.000378547569198,-0.00875932692281,0.999260023146,-0.00875284522363
q20_from_e0,cosine_6,22,79.8029729637,79.812154751,-0.000432612929018,-0.00918178728969,0.999104689859,-0.00917356674242
q20_from_e0,cosine_6,24,79.8026949844,79.8121045838,-0.000482780128678,-0.00940959935062,0.998934587553,-0.00939957424635
q20_from_e0,cosine_6,26,79.8026393251,79.8120601696,-0.000527194283251,-0.00942084446959,0.99874972294,-0.00940906580386
q20_from_e0,cosine_6,28,79.8028222563,79.8120232806,-0.000564083332705,-0.00920102428518,0.998550103316,-0.00918768375057
q20_from_e0,cosine_6,30,79.8032513789,79.8119955617,-0.000591802222445,-0.00874418277431,0.998335736555,-0.00872963015056
q20_from_e0,cosine_6,32,79.8039244937,79.8119784845,-0.000608879350523,-0.00805399078776,0.998106631116,-0.00803874161221
q20_from_e0,cosine_6,34,79.8048293737,79.8119733029,-0.000614061008037,-0.00714392913294,0.997862796037,-0.00712866109928
q20_from_e0,cosine_6,36,79.805944017,79.8119810163,-0.00060634761951,-0.00603699923093,0.997604240934,-0.00602253603529
q20_from_e0,cosine_6,38,79.8072371163,79.8120023383,-0.000585025615919,-0.0047652219621,0.997330976008,-0.00475250347036
q20_from_e0,cosine_6,40,79.8086693314,79.8120376679,-0.000549695982244,-0.00336833650131,0.997043012032,-0.00335837637081
q20_from_e0,cosine_6,42,79.8101950731,79.8120870681,-0.000500295828076,-0.00189199497994,0.996740360364,-0.00188582775812
q20_from_e0,cosine_6,44,79.8117643345,79.8121502556,-0.00043710833431,-0.000385921051873,0.996423032935,-0.00038454062498
q20_from_e0,cosine_6,46,79.8133247542,79.8122266015,-0.000360762365531,0.00109815263924,0.996091042255,0.00109386000698
q20_from_e0,cosine_6,48,79.8148238612,79.812315135,-0.000272228915151,0.00250872622738,0.99574440141,0.00249805009558
q20_from_e0,cosine_6,50,79.8162115086,79.8124145535,-0.000172810433341,0.00379695518394,0.995383124061,0.00377942511292
q20_from_e0,cosine_6,52,79.8174420402,79.8125232472,-6.41167079323e-05,0.00491879303246,0.995007224445,0.00489423460285
q20_from_e0,cosine_6,54,79.8184759709,79.8126393327,5.19688214951e-05,0.00583663816248,0.994616717372,0.00580521788965
q20_from_e0,cosine_6,56,79.8192814164,79.8127606952,0.000173331348009,0.0065207211901,0.994211618224,0.00648297676639
q20_from_e0,cosine_6,58,79.8198353002,79.812885042,0.000297678117178,0.00695025815004,0.993791942957,0.00690711055098
q20_from_e0,cosine_6,60,79.8201242022,79.8130099596,0.000422595734648,0.00711424257022,0.993357708097,0.0070669876944
q20_from_e0,cosine_6,62,79.8201446976,79.8131329746,0.000545610687112,0.00701172307231,0.992908930741,0.00696200245838
q20_from_e0,cosine_6,64,79.8199031232,79.8132516193,0.000664255429058,0.00665150385535,0.992445628555,0.00660125592456
q20_from_e0,cosine_6,66,79.8194149749,79.8133634987,0.000776134838276,0.00605147615158,0.991967819774,0.0060028696045
q20_from_e0,cosine_6,68,79.8187039298,79.8134663562,0.000878992359375,0.00523757358701,0.991475523199,0.00519292601247
q20_from_e0,cosine_6,70,79.8178006733,79.8135581397,0.000970775823717,0.00424253361376,0.990968758196,0.00420421826684
q20_from_e0,cosine_6,72,79.8167414948,79.813637061,0.00104969706823,0.00310443382941,0.9904475447,0.00307477886402
q20_from_e0,cosine_6,74,79.815566727,79.8137016496,0.00111428574428,0.00186507738597,0.989911903207,0.00184626230478
q20_from_e0,cosine_6,76,79.8143191051,79.8137508015,0.00116343757253,0.000568303648137,0.989361854774,0.000562257951396
q20_from_e0,cosine_6,78,79.8130421201,79.8137838136,0.00119644966931,-0.000741693498682,0.988797421024,-0.000733384618687
q20_from_e0,cosine_6,80,79.8117786738,79.8138004083,0.00121304439301,-0.0020217344821,0.988218624137,-0.00199791566827
q20_from_e0,cosine_6,82,79.8105695514,79.8138007416,0.00121337768336,-0.00323119020494,0.987625486852,-0.00319120579927
q20_from_e0,cosine_6,84,79.8094523983,79.8137853978,0.00119803393498,-0.00433299949405,0.987018032466,-0.0042767486353
q20_from_e0,cosine_6,86,79.8084607481,79.8137553737,0.00116800986009,-0.00529462569128,0.986396284833,-0.00522259911146
q20_from_e0,cosine_6,88,79.8076229821,79.8137120474,0.00112468349462,-0.00608906525915,0.985760268362,-0.00600235860393
q20_from_e0,cosine_6,90,79.806962026,79.8136571351,0.0010697711694,-0.00669510902262,0.985110008014,-0.00659541890292
q20_from_e0,cosine_6,92,79.8064949846,79.8135926373,0.00100527339443,-0.00709765270567,0.984445529303,-0.00698725247464
q20_from_e0,cosine_6,94,79.806232628,79.8135207718,0.000933407951791,-0.00728814381118,0.983766858293,-0.00716983433991
q20_from_e0,cosine_6,96,79.8061794402,79.8134439021,0.000856538179164,-0.0072644618372,0.983074021597,-0.00714150371303
q20_from_e0,cosine_6,98,79.8063338419,79.8133644623,0.000777098391836,-0.00703062037212,0.982367046378,-0.00690664976916
q20_from_e0,cosine_6,100,79.8066886662,79.8132848744,0.00069751050151,-0.00659620821028,0.98164596034,-0.00647514114319
q20_from_e0,cosine_6,102,79.807231661,79.8132074656,0.000620101713167,-0.00597580458984,0.980910791736,-0.00586173121148
q20_from_e0,cosine_6,104,79.8079458238,79.8131343949,0.000547030981522,-0.00518857105774,0.98016156936,-0.00508563795069
q20_from_e0,cosine_6,106,79.808810176,79.8130675833,0.000480219410463,-0.00425740729467,0.979398322546,-0.0041696975628
q20_from_e0,cosine_6,108,79.8098006038,79.8130086515,0.000421287655087,-0.00320804770161,0.978621081169,-0.00313946311019
q20_from_e0,cosine_6,110,79.8108904001,79.8129588675,0.000371503594693,-0.00206846740963,0.97782987564,-0.00202260922992
q20_from_e0,cosine_6,112,79.8120510491,79.8129191049,0.000331740993758,-0.000868055786256,0.977024736908,-0.000848111976188
q20_from_e0,cosine_6,114,79.8132528552,79.8128898159,0.000302452027654,0.000363039238735,0.976205696454,0.000354400972889
q20_from_e0,cosine_6,116,79.8144653297,79.8128710183,0.000283654444885,0.00159431140177,0.975372786293,0.00155504795417
q20_from_e0,cosine_6,118,79.815658057,79.8128622992,0.000274935275399,0.00279575781599,0.974526038969,0.00272453879033
q20_from_e0,cosine_6,120,79.8168012191,79.8128628348,0.000275470934696,0.00393838428158,0.973665487555,0.00383466885171
q20_from_e0,cosine_6,122,79.8178662435,79.8128714264,0.000284062561605,0.00499481702025,0.972791165652,0.00485891387134
q20_from_e0,cosine_6,124,79.8188266373,79.8128865492,0.000299185301401,0.00594008806928,0.971903107383,0.00577319005267
q20_from_e0,cosine_6,126,79.8196584489,79.8129064113,0.000319047413711,0.00675203764595,0.971001347397,0.0065562376519
q20_from_e0,cosine_6,128,79.8203407815,79.8129290214,0.000341657499192,0.00741176010457,0.970085920862,0.00719004412625
q20_from_e0,cosine_6,130,79.8208565314,79.812952266,0.000364902070871,0.00790426541555,0.969156863464,0.00766047307812
q20_from_e0,cosine_6,132,79.8211927216,79.8129739915,0.000386627658017,0.008218730099,0.968214211408,0.00795749128158
q20_from_e0,cosine_6,134,79.8213407908,79.8129920847,0.000404720852629,0.00834870608756,0.96725800141,0.00807535276461
q20_from_e0,cosine_6,136,79.8212969219,79.8130045528,0.000417188933739,0.00829236908416,0.966288270703,0.00801281898237
q20_from_e0,cosine_6,138,79.8210621629,79.8130096011,0.000422237175513,0.00805256179642,0.965305057028,0.00777317862411
q20_from_e0,cosine_6,140,79.8206424863,79.8130056986,0.000418334750123,0.00763678770144,0.964308398633,0.00736421851908
q20_from_e0,cosine_6,142,79.8200486423,79.8129916322,0.000404268298283,0.00705701006876,0.963298334274,0.0067980060442
q20_from_e0,cosine_6,144,79.8192957591,79.812966548,0.000379184119879,0.00632921104651,0.962274903211,0.00609044094718
q20_from_e0,cosine_6,146,79.8184029707,79.8129299831,0.000342619249764,0.00547298761356,0.961238145205,0.00526084446238
q20_from_e0,cosine_6,148,79.8173929132,79.8128818824,0.000294518486442,0.00451103083415,0.960188100514,0.004331438128
q20_from_e0,cosine_6,150,79.8162911343,79.8128225981,0.000235234172862,0.00346853624498,0.959124809897,0.00332675916659
q20_from_e0,cosine_6,152,79.8151254137,79.8127528757,0.000165511816562,0.00237253798743,0.958048314604,0.00227300602019
q20_from_e0,cosine_6,154,79.8139249698,79.8126738288,8.64649591392e-05,0.00125114091287,0.956958656381,0.00119729012692
q20_from_e0,cosine_6,156,79.8127196973,79.8125869012,-4.62685576963e-07,0.000132796050806,0.955855877459,0.000126933885667
q20_from_e0,cosine_6,158,79.8115393664,79.8124938163,-9.35475364798e-05,-0.000954449964027,0.954740020562,-0.00091125157828
q20_from_e0,cosine_6,160,79.8104128866,79.8123965191,-0.000190844789927,-0.00198363251835,0.953611128894,-0.00189161404513
q20_from_e0,cosine_6,162,79.8093676218,79.8122971097,-0.000290254144048,-0.00292948795502,0.952469246145,-0.0027902471841
q20_from_e0,cosine_6,164,79.8084287023,79.8121977742,-0.000389589652514,-0.00376907195805,0.951314416484,-0.00358557249045
q20_from_e0,cosine_6,166,79.8076182806,79.8121007137,-0.000486650164049,-0.00448243311789,0.950146684556,-0.0042589689657
q20_from_e0,cosine_6,168,79.8069550079,79.8120080769,-0.000579287026966,-0.00505306891753,0.948966095483,-0.00479519108088
q20_from_e0,cosine_6,170,79.8064536695,79.8119218965,-0.00066546738276,-0.00546822701702,0.947772694859,-0.00518263625602
q20_from_e0,cosine_6,172,79.8061248193,79.8118440299,-0.000743334024889,-0.00571921055869,0.946566528747,-0.00541361328572
q20_from_e0,cosine_6,174,79.8059745592,79.8117761061,-0.000811257817446,-0.00580154684656,0.945347643678,-0.00548447864108
q20_from_e0,cosine_6,176,79.8060044048,79.8117194842,-0.000867879641049,-0.0057150794685,0.944116086646,-0.00539569846267
q20_from_e0,cosine_6,178,79.8062112462,79.8116752236,-0.000912140270131,-0.00546397745119,0.94287190511,-0.00515183082888
q20_from_e0,cosine_6,180,79.8065873849,79.8116440653,-0.000943298609144,-0.00505668036284,0.941615146984,-0.00476144682311
q20_from_e0,cosine_6,182,79.8071207977,79.8116264242,-0.000960939659251,-0.00450562650849,0.940345860642,-0.00423684723686
q20_from_e0,cosine_6,184,79.8077954234,79.8116223913,-0.000964972630996,-0.00382696789674,0.939064094909,-0.0035937681442
q20_from_e0,cosine_6,186,79.8085915114,79.8116317455,-0.00095561840331,-0.00304023408478,0.937769899062,-0.00285104001081
q20_from_e0,cosine_6,188,79.809486133,79.811653978,-0.000933385856129,-0.00216784505051,0.936463322827,-0.00203010737937
q20_from_e0,cosine_6,190,79.8104537672,79.8116883216,-0.000899042263001,-0.00123455439524,0.935144416374,-0.00115448664942
q20_from_e0,cosine_6,192,79.811467007,79.8117337855,-0.000853578388046,-0.000266778519148,0.933813230314,-0.000249121310744
q20_from_e0,cosine_6,194,79.8124971989,79.8117891966,-0.000798167263071,0.000708002314354,0.932469815701,0.000660190787582
q20_from_e0,cosine_6,196,79.8135152103,79.811853244,-0.000734119872547,0.00166196631584,0.931114224023,0.00154748047652
q20_from_e0,cosine_6,198,79.8144922551,79.811924523,-0.00066284089371,0.00256773214784,0.929746507203,0.00238733999589
q20_from_e0,cosine_6,200,79.8154007043,79.812001579,-0.000585784836943,0.00339912520469,0.928366717593,0.00315563470897
q20_from_e0,cosine_6,202,79.8162149229,79.8120829507,-0.000504413190882,0.00413197215865,0.926974907974,0.00383023451151
q20_from_e0,cosine_6,204,79.8169119597,79.8121672098,-0.000420154042573,0.00474474983605,0.925571131552,0.00439160347469
q20_from_e0,cosine_6,206,79.8174721413,79.8122529974,-0.000334366483258,0.00521914388695,0.924155441955,0.00482330022547
q20_from_e0,cosine_6,208,79.8178797521,79.8123390538,-0.000248310072692,0.0055406983146,0.922727893228,0.00511255688285
q20_from_e0,cosine_6,210,79.8181235118,79.8124242431,-0.000163120746038,0.00569926864415,0.921288539833,0.00525067088729
q20_from_e0,cosine_6,212,79.8181968597,79.8125075689,-7.97949793139e-05,0.00568929076853,0.919837436645,0.00523322263685
q20_from_e0,cosine_6,214,79.8180981957,79.8125881836,8.19730800572e-07,0.00551001204362,0.918374638947,0.00506025532115
q20_from_e0,cosine_6,216,79.8178308549,79.8126653922,7.80282774713e-05,0.00516546275846,0.91690020243,0.00473621384887
q20_from_e0,cosine_6,218,79.8174029064,79.8127386496,0.000151285681511,0.00466425685337,0.915414183186,0.0042697268776
q20_from_e0,cosine_6,220,79.8168268661,79.8128075546,0.000220190668188,0.00401931154562,0.91391663771,0.00367331569368
q20_from_e0,cosine_6,222,79.8161194045,79.8128718387,0.000284474783655,0.00324756583232,0.912407622891,0.00296310382125
q20_from_e0,cosine_6,224,79.8153007499,79.8129313497,0.000343985839294,0.00236940019221,0.910887196013,0.00215825629731
q20_from_e0,cosine_6,226,79.8143939852,79.8129860325,0.000398668659244,0.00140795270116,0.909355414751,0.00128032941251
q20_from_e0,cosine_6,228,79.8134243852,79.8130359097,0.000448545849508,0.000388475464405,0.907812337166,0.000352662819273
q20_from_e0,cosine_6,230,79.8124186948,79.8130810614,0.000493697514287,-0.000662366609248,0.906258021703,-0.000600275052939
q20_from_e0,cosine_6,232,79.8114043482,79.8131216057,0.000534241791883,-0.00171725749183,0.904692527188,-0.00155359002012
q20_from_e0,cosine_6,234,79.8104086792,79.8131576825,0.000570318617605,-0.00274900330371,0.903115912824,-0.00248266862798
q20_from_e0,cosine_6,236,79.8094581961,79.8131894398,0.000602075962121,-0.00373124373077,0.901528238189,-0.00336382158686
q20_from_e0,cosine_6,238,79.8085778989,79.8132170224,0.000629658495995,-0.00463912345482,0.899929563231,-0.00417488434447
q20_from_e0,cosine_6,240,79.8077906843,79.8132405635,0.000653199587987,-0.00544987921123,0.898319948263,-0.00489573521107
q20_from_e0,cosine_6,242,79.8071167832,79.8132601812,0.000672817336351,-0.00614339805831,0.896699453966,-0.00550878168438
q20_from_e0,cosine_6,244,79.8065732009,79.8132759789,0.000688614977392,-0.00670277799136,0.895068141378,-0.0059994430388
q20_from_e0,cosine_6,246,79.8061733681,79.8132880489,0.000700685032939,-0.00711468084224,0.893426071895,-0.00635644135767
q20_from_e0,cosine_6,248,79.805926945,79.8132964796,0.00070911572783,-0.00736953456502,0.891773307269,-0.00657195421208
q20_from_e0,cosine_6,250,79.8058396039,79.8133013634,0.000713999525487,-0.00746175949868,0.890109909599,-0.00664178607282
q20_from_e0,cosine_6,252,79.8059129321,79.8133028067,0.000715442772787,-0.00738987454585,0.888435941331,-0.00656543014846
q20_from_e0,cosine_6,254,79.8061444727,79.8133009391,0.000713575204045,-0.00715646639136,0.886751465255,-0.00634600705859
q20_from_e0,cosine_6,256,79.8065278202,79.8132959235,0.000708559601634,-0.00676810323773,0.885056544502,-0.00599015406442
q20_from_e0,cosine_6,258,79.8070528279,79.8132879638,0.000700599939734,-0.00623513590646,0.883351242537,-0.00550781505037
q20_from_e0,cosine_6,260,79.8077058762,79.8132773108,0.000689946927039,-0.0055714346277,0.881635623159,-0.00491197523988
q20_from_e0,cosine_6,262,79.8084702,79.8132642642,0.000676900314986,-0.00479406421276,0.879909750494,-0.0042183438453
q20_from_e0,cosine_6,264,79.8093263059,79.8132491708,0.0006618069322,-0.00392286490462,0.878173688995,-0.00344495674472
q20_from_e0,cosine_6,266,79.8102523624,79.8132324194,0.000645055513957,-0.00298005701438,0.876427503438,-0.00261180392922
q20_from_e0,cosine_6,268,79.8112246932,79.813214433,0.000627069073573,-0.00198973974179,0.874671258915,-0.00174036816486
q20_from_e0,cosine_6,270,79.8122183796,79.813195657,0.000608293088959,-0.000977277362054,0.872905020835,-0.000853070316085
q20_from_e0,cosine_6,272,79.8132078103,79.8131765429,0.000589178993465,3.12673867313e-05,0.871128854914,2.72379227994e-05
q20_from_e0,cosine_6,274,79.8141673209,79.8131575289,0.000570165010359,0.00100979200732,0.869342827181,0.000877855438512
q20_from_e0,cosine_6,276,79.8150719246,79.8131390193,0.000551655394815,0.00193290533674,0.867547003964,0.00167688623384
q20_from_e0,cosine_6,278,79.8158979651,79.8131213626,0.000533998714076,0.00277660250009,0.865741451894,0.00240381987976
q20_from_e0,cosine_6,280,79.8166238563,79.81310483,0.000517466114246,0.0035190262992,0.863926237895,0.00304017915172
q20_from_e0,cosine_6,282,79.8172308059,79.8130895951,0.000502231219372,0.00414121075406,0.862101429188,0.00357014370964
q20_from_e0,cosine_6,284,79.8177033701,79.8130757173,0.000488353415449,0.00462765281183,0.860267093279,0.00398101743314
q20_from_e0,cosine_6,286,79.8180300003,79.8130631294,0.000475765526005,0.00496687092479,0.858423297962,0.00426367771981
q20_from_e0,cosine_6,288,79.8182035174,79.8130516307,0.000464266832125,0.00515188668331,0.856570111311,0.00441295214978
q20_from_e0,cosine_6,290,79.8182212998,79.8130408849,0.000453521016979,0.00518041492569,0.854707601678,0.00442774001683
q20_from_e0,cosine_6,292,79.8180853312,79.813030423,0.000443059154378,0.00505490820336,0.852835837687,0.00431100687205
q20_from_e0,cosine_6,294,79.8178020758,79.8130196547,0.000432290789718,0.00478242115999,0.850954888237,0.0040696246637
q20_from_e0,cosine_6,296,79.8173822928,79.8130078875,0.000420523657823,0.0043744052397,0.849064822487,0.00371415360833
q20_from_e0,cosine_6,298,79.816840625,79.8129943541,0.000406990223269,0.00384627086984,0.847165709864,0.00325842879178
q20_from_e0,cosine_6,300,79.8161951081,79.8129782437,0.000390879864455,0.00321686430328,0.845257620051,0.00271907906502
q20_from_e0,cosine_6,302,79.81546664,79.8129587399,0.000371375977693,0.00250790016551,0.843340622985,0.00211501408797
q20_from_e0,cosine_6,304,79.8146781937,79.812935061,0.000347697106875,0.00174313266804,0.841414788857,0.00146669760583
q20_from_e0,cosine_6,306,79.8138540806,79.8129065039,0.000319139982707,0.000947576730852,0.839480188102,0.000795471892257
q20_from_e0,cosine_6,308,79.8130191824,79.8128724863,0.000285122372532,0.000146696154715,0.837536891401,0.000122863441401
q20_from_e0,cosine_6,310,79.8121981459,79.8128325873,0.000245223444011,-0.00063444145394,0.835584969673,-0.00053012974305
q20_from_e0,cosine_6,312,79.8114146217,79.8127865824,0.000199218535954,-0.00137196070736,0.833624494072,-0.00114370005056
q20_from_e0,cosine_6,314,79.8106905271,79.8127344709,0.000147107039979,-0.00204394385732,0.831655535985,-0.00169985722418
q20_from_e0,cosine_6,316,79.8100454537,79.8126764991,8.91352169106e-05,-0.00263104539133,0.829678167026,-0.00218292091764
q20_from_e0,cosine_6,318,79.809496234,79.8126131771,2.58132241413e-05,-0.00311694310638,0.827692459033,-0.00257987030438
q20_from_e0,cosine_6,320,79.8090566349,79.8125452862,-4.20777215453e-05,-0.0034886512578,0.825698484064,-0.00288057405499
q20_from_e0,cosine_6,322,79.8087371231,79.8124738729,-0.000113490998103,-0.0037367497936,0.823696314394,-0.0030779470328
q20_from_e0,cosine_6,324,79.8085448889,79.8124002331,-0.000187130805926,-0.00385534418297,0.821686022507,-0.0031678824271
q20_from_e0,cosine_6,326,79.8084840226,79.8123258868,-0.000261477126912,-0.00384186414115,0.819667681099,-0.00314905187168
q20_from_e0,cosine_6,328,79.8085555368,79.8122525394,-0.000334824513942,-0.00369700252162,0.817641363068,-0.00302282218104
q20_from_e0,cosine_6,330,79.8087575142,79.8121820302,-0.000405333705956,-0.00342451592999,0.815607141512,-0.00279305964872
q20_from_e0,cosine_6,332,79.8090852949,79.8121162769,-0.000471087028387,-0.00303098192163,0.813565089726,-0.00246590107903
q20_from_e0,cosine_6,334,79.8095315426,79.8120572158,-0.000530148091286,-0.00252567320386,0.811515281198,-0.00204962240025
q20_from_e0,cosine_6,336,79.810086355,79.8120067372,-0.00058062671161,-0.00192038218006,0.809457789603,-0.00155446831466
q20_from_e0,cosine_6,338,79.8107374509,79.8119666185,-0.000620745340058,-0.00122916763942,0.807392688801,-0.00099242096538
q20_from_e0,cosine_6,340,79.8114702225,79.8119384578,-0.000648906115259,-0.000468235267505,0.805320052831,-0.000377079250364
q20_from_e0,cosine_6,342,79.8122679556,79.8119236084,-0.000663755464927,0.000344347206749,0.803239955911,0.000276593435167
q20_from_e0,cosine_6,344,79.8131121653,79.8119231218,-0.000664242087851,0.00118904353265,0.801152472429,0.000952605166006
q20_from_e0,cosine_6,346,79.8139828451,79.8119376969,-0.000649667007082,0.0020451482269,0.799057676942,0.00163419139119
q20_from_e0,cosine_6,348,79.8148589889,79.8119676423,-0.00061972157701,0.00289134657027,0.796955644172,0.00230427496843
q20_from_e0,cosine_6,350,79.8157191496,79.8120128516,-0.000574512277183,0.00370629800446,0.794846449001,0.00294593780778
q20_from_e0,cosine_6,352,79.8165419156,79.8120727884,-0.000514575443702,0.00446912715242,0.792730166466,0.00354281191149
q20_from_e0,cosine_6,354,79.8173064301,79.8121464856,-0.000440878293887,0.00515994455401,0.790606871758,0.00407948762229
q20_from_e0,cosine_6,356,79.8179929151,79.8122325621,-0.000354801787111,0.00576035297129,0.788476640216,0.00454190375726
q20_from_e0,cosine_6,358,79.8185830474,79.8123292577,-0.000258106161212,0.00625378971701,0.786339547322,0.00491760217512
q20_from_e0,cosine_6,360,79.819060435,79.8124344819,-0.000152881998901,0.00662595310718,0.784195668699,0.00519604372765
q20_from_e0,cosine_6,362,79.8194111124,79.8125458723,-4.1491583687e-05,0.00686524009315,0.782045080106,0.00536892723859
q20_from_e0,cosine_6,364,79.8196239065,79.8126608615,7.34975656371e-05,0.00696304507949,0.779887857434,0.00543039430826
q20_from_e0,cosine_6,366,79.8196908142,79.8127767526,0.000189388719974,0.006914061553,0.777724076702,0.00537723213757
q20_from_e0,cosine_6,368,79.8196074148,79.8128908018,0.000303437891603,0.00671661300376,0.775553814054,0.00520909483259
q20_from_e0,cosine_6,370,79.8193729543,79.8130002989,0.000412935020563,0.0063726553602,0.773377145752,0.00492846601333
q20_from_e0,cosine_6,372,79.8189906129,79.813102648,0.000515284129534,0.00588796493088,0.771194148175,0.00454076409935
q20_from_e0,cosine_6,374,79.8184677004,79.8131954455,0.000608081604781,0.00527225491138,0.769004897814,0.00405438984937
q20_from_e0,cosine_6,376,79.8178153567,79.8132765541,0.00068919021632,0.0045388025664,0.766809471267,0.00348039679613
q20_from_e0,cosine_6,378,79.8170484571,79.813344168,0.000756804161412,0.00370428907279,0.764607945237,0.00283232885651
q20_from_e0,cosine_6,380,79.8161853083,79.8133968663,0.000809502446884,0.00278844192698,0.762400396526,0.00212590923082
q20_from_e0,cosine_6,382,79.8152470039,79.8134336542,0.000846290357401,0.00181334962571,0.76018690203,0.00137848463426
q20_from_e0,cosine_6,384,79.8142568158,79.8134539896,0.000866625688161,0.000802826259459,0.75796753874,0.000608516243918
q20_from_e0,cosine_6,386,79.8132395498,79.8134577927,0.000870428813229,-0.000218242856391,0.755742383731,-0.000164935376521
q20_from_e0,cosine_6,388,79.8122206206,79.8134454427,0.000858078811632,-0.00122482211475,0.753511514164,-0.000922917566267
q20_from_e0,cosine_6,390,79.811225269,79.8134177551,0.000830391181609,-0.00219248602318,0.751275007278,-0.00164715995302
q20_from_e0,cosine_6,392,79.8102780342,79.8133759431,0.000788579232051,-0.00309790891777,0.749032940387,-0.00232043582573
q20_from_e0,cosine_6,394,79.8094019359,79.8133215683,0.000734204376428,-0.00391963232151,0.746785390878,-0.00292712415532
q20_from_e0,cosine_6,396,79.8086179007,79.8132564808,0.000669116940969,-0.00463858014315,0.744532436203,-0.00345357337451
q20_from_e0,cosine_6,398,79.8079441248,79.8131827543,0.000595390419335,-0.00523862951333,0.742274153881,-0.0038884992895
q20_from_e0,cosine_6,400,79.8073955144,79.8131026133,0.000515249408949,-0.00570709885568,0.740010621484,-0.00422331377106
q20_from_e0,cosine_6,402,79.8069834003,79.8130183547,0.000430990796843,-0.00603495435062,0.737741916646,-0.0044522387895
q20_from_e0,cosine_6,404,79.8067152994,79.8129322683,0.000344904414433,-0.0062169688797,0.735468117046,-0.00457238239569
q20_from_e0,cosine_6,406,79.8065944991,79.8128465612,0.000259197362141,-0.00625206212018,0.733189300414,-0.00458394505204
q20_from_e0,cosine_6,408,79.8066199872,79.8127632839,0.000175920030529,-0.00614329671069,0.730905544522,-0.00449016962749
q20_from_e0,cosine_6,410,79.8067866113,79.812684267,9.69031375604e-05,-0.00589765575673,0.72861692718,-0.00429713181503
q20_from_e0,cosine_6,412,79.8070851917,79.8126110721,2.37082389845e-05,-0.00552588046526,0.726323526234,-0.00401357698507
q20_from_e0,cosine_6,414,79.8075029277,79.8125449502,-4.24136799069e-05,-0.0050420224578,0.724025419559,-0.00365055242544
q20_from_e0,cosine_6,416,79.8080238553,79.8124868119,-0.000100551961111,-0.00446295666067,0.72172268506,-0.00322101706445
q20_from_e0,cosine_6,418,79.8086294524,79.812437213,-0.000150150883201,-0.00380776056809,0.719415400663,-0.00273936159472
q20_from_e0,cosine_6,420,79.80929931,79.8123963522,-0.000191011664953,-0.00309704222677,0.717103644312,-0.00222090026741
q20_from_e0,cosine_6,422,79.8100117899,79.8123640827,-0.00022328115044,-0.00235229282229,0.714787493968,-0.00168138949153
q20_from_e0,cosine_6,424,79.8107448033,79.8123399387,-0.000247425177861,-0.00159513537079,0.7124670276,-0.00113648135625
q20_from_e0,cosine_6,426,79.8114764268,79.8123231734,-0.000264190453521,-0.000846746610833,0.710142323187,-0.000601310605367
q20_from_e0,cosine_6,428,79.8121855061,79.8123128076,-0.000274556324399,-0.000127301441324,0.707813458708,-9.01056734823e-05
q20_from_e0,cosine_6,430,79.8128522545,79.8123076877,-0.000279676181407,0.000544566752481,0.705480512144,0.000384181231437
q20_from_e0,cosine_6,432,79.8134585797,79.8123065488,-0.000280815127439,0.00115203094572,0.703143561467,0.000810043142093
q20_from_e0,cosine_6,434,79.8139883278,79.8123080768,-0.00027928706271,0.00168025100123,0.700802684643,0.00117752441254
q20_from_e0,cosine_6,436,79.8144276053,79.8123109723,-0.00027639153717,0.00211663299154,0.698457959625,0.00147837916055
q20_from_e0,cosine_6,438,79.8147649991,79.8123140106,-0.000273353242918,0.00245098844621,0.696109464346,0.00170615625441
q20_from_e0,cosine_6,440,79.8149918038,79.8123160993,-0.000271264541155,0.00267570441865,0.69375727672,0.00185628941079
q20_from_e0,cosine_6,442,79.8151023477,79.8123163294,-0.000271034527088,0.00278601834675,0.691401474638,0.00192625719331
q20_from_e0,cosine_6,444,79.8150941557,79.8123140158,-0.000273348039499,0.00278013990393,0.689042135958,0.00191563353767
q20_from_e0,cosine_6,446,79.814968023,79.8123087299,-0.000278633945243,0.00265929305587,0.686679338508,0.00182608159651
q20_from_e0,cosine_6,448,79.8147281513,79.8123003203,-0.000287043608608,0.002427831018,0.68431316008,0.00166139671607
q20_from_e0,cosine_6,450,79.8143820889,79.8122889234,-0.000298440503286,0.00209316548545,0.681943678423,0.00142742097069
q20_from_e0,cosine_6,452,79.8139406481,79.8122749576,-0.000312406269273,0.00166569052317,0.679570971242,0.00113195492662
q20_from_e0,cosine_6,454,79.8134177805,79.8122591003,-0.000328263601176,0.00115868024182,0.677195116196,0.00078465260099
q20_from_e0,cosine_6,456,79.8128301605,79.8122422537,-0.00034511022811,0.000587906797534,0.674816190888,0.000396729025709
q20_from_e0,cosine_6,458,79.8121967212,79.8122255002,-0.000361863717103,-2.87789493996e-05,0.672434272868,-1.93519519134e-05
q20_from_e0,cosine_6,460,79.8115381076,79.8122100509,-0.000377312936592,-0.000671943335675,0.670049439625,-0.000450235255529
q20_from_e0,cosine_6,462,79.8108758295,79.8121971944,-0.000390169493699,-0.00132136486994,0.667661768583,-0.000882224806006
q20_from_e0,cosine_6,464,79.8102316203,79.8121882415,-0.000399122383413,-0.00195662120863,0.665271337099,-0.00130168400767
q20_from_e0,cosine_6,466,79.8096268806,79.812184469,-0.00040289486148,-0.00255758844538,0.66287822246,-0.00169536968246
q20_from_e0,cosine_6,468,79.8090818214,79.8121870657,-0.000400298169623,-0.00310524434038,0.660482501876,-0.00205095955087
q20_from_e0,cosine_6,470,79.8086148063,79.8121970821,-0.000390281827364,-0.00358227571211,0.658084252477,-0.00235743923417
q20_from_e0,cosine_6,472,79.8082418294,79.8122153844,-0.000371979528438,-0.00397355492694,0.655683551312,-0.00260539460583
q20_from_e0,cosine_6,474,79.8079759843,79.812242616,-0.000344747891631,-0.00426663166022,0.653280475342,-0.00278730715909
q20_from_e0,cosine_6,476,79.807827241,79.8122791664,-0.000308197505888,-0.00445192539998,0.650875101438,-0.0028976473963
q20_from_e0,cosine_6,478,79.8078022213,79.812325152,-0.000262211843108,-0.00452293071501,0.648467506377,-0.00293297360228
q20_from_e0,cosine_6,480,79.8079039585,79.8123804103,-0.000206953575145,-0.00447645176757,0.646057766836,-0.00289204643231
q20_from_e0,cosine_6,482,79.8081319696,79.8124445038,-0.000142860130666,-0.00431253411942,0.643645959393,-0.00277574516071
q20_from_e0,cosine_6,484,79.8084823319,79.812516739,-7.06248762583e-05,-0.00403440715233,0.641232160518,-0.0025869916147
q20_from_e0,cosine_6,486,79.8089476799,79.8125961949,8.83097749238e-06,-0.00364851500294,0.638816446574,-0.00233073138945
q20_from_e0,cosine_6,488,79.8095175858,79.8126817566,9.43927489772e-05,-0.00316417079819,0.636398893809,-0.00201367479579
q20_from_e0,cosine_6,490,79.8101788909,79.8127721576,0.000184793680262,-0.00259326667938,0.633979578356,-0.00164407811596
q20_from_e0,cosine_6,492,79.8109159926,79.8128660229,0.00027865900843,-0.00195003026143,0.631558576227,-0.00123155833551
q20_from_e0,cosine_6,494,79.8117114839,79.8129619146,0.000374550709665,-0.00125043070454,0.629135963309,-0.000786690925855
q20_from_e0,cosine_6,496,79.8125466408,79.813058379,0.00047101509368,-0.000511738156334,0.626711815363,-0.000320712348947
q20_from_e0,cosine_6,498,79.8134017688,79.8131539951,0.000566631201295,0.000247773695918,0.624286208019,0.000154681701071
q20_from_e0,cosine_6,500,79.814257011,79.8132474183,0.000660054429147,0.00100959273024,0.621859216769,0.000627824544484
q20_from_e0,cosine_6,502,79.8150930137,79.8133374176,0.000750053701751,0.00175559609799,0.619430916971,0.00108747050081
q20_from_e0,cosine_6,504,79.8158913669,79.8134229013,0.000835537384205,0.00246846560717,0.617001383837,0.00152304669558
q20_from_e0,cosine_6,506,79.81663516,79.8135029352,0.000915571314891,0.00313222478479,0.614570692437,0.00192497355486
q20_from_e0,cosine_6,508,79.8173092248,79.8135767564,0.000989392542238,0.00373246840564,0.612138917688,0.00228478917014
q20_from_e0,cosine_6,510,79.8179003725,79.8136437775,0.00105641359552,0.00425659497752,0.609706134357,0.00259527206927
q20_from_e0,cosine_6,512,79.8183977005,79.8137035837,0.00111621983942,0.00469411680798,0.607272417055,0.00285060765992
q20_from_e0,cosine_6,514,79.8187926621,79.8137559227,0.00116855884293,0.00503673940072,0.60483784023,0.00304641058093
q20_from_e0,cosine_6,516,79.8190792701,79.8138006831,0.00121331924331,0.00527858698203,0.60240247817,0.00317983387921
q20_from_e0,cosine_6,518,79.8192539994,79.8138378688,0.00125050493139,0.00541613054257,0.599966404995,0.00324949637061
q20_from_e0,cosine_6,520,79.8193156277,79.8138675697,0.00128020577461,0.00544805799265,0.597529694656,0.00325537642882
q20_from_e0,cosine_6,522,79.8192652969,79.8138899296,0.00130256571468,0.00537536726803,0.595092420927,0.0031988403209
q20_from_e0,cosine_6,524,79.8191063552,79.8139051151,0.00131775121838,0.00520124005823,0.592654657409,0.00308253914481
q20_from_e0,cosine_6,526,79.8188441813,79.8139132847,0.00132592082838,0.00493089663446,0.59021647752,0.00291029644261
q20_from_e0,cosine_6,528,79.8184860262,79.8139145623,0.00132719844071,0.00457146390393,0.587777954496,0.0026870057025
q20_from_e0,cosine_6,530,79.818040764,79.8139090184,0.00132165452968,0.00413174555555,0.585339161383,0.00241847247854
q20_from_e0,cosine_6,532,79.817518803,79.8138966569,0.00130929300022,0.00362214613833,0.582900171039,0.00211134960356
q20_from_e0,cosine_6,534,79.8169319974,79.8138774051,0.0012900412024,0.00305459228962,0.580461056126,0.00177307186646
q20_from_e0,cosine_6,536,79.8162935428,79.813851112,0.00126374810276,0.00244243078838,0.578021889111,0.00141177845832
q20_from_e0,cosine_6,538,79.8156178575,79.8138175548,0.00123019092858,0.00180030270026,0.575582742259,0.00103622316511
q20_from_e0,cosine_6,540,79.8149204263,79.8137764491,0.00118908521605,0.00114397722101,0.573143687631,0.000655663323013
q20_from_e0,cosine_6,542,79.8142174956,79.8137274641,0.00114010021565,0.000490031487203,0.570704797082,0.000279663320468
q20_from_e0,cosine_6,544,79.8135256719,79.8136702456,0.00108288173213,-0.000144573726786,0.568266142255,-8.21563539919e-05
q20_from_e0,cosine_6,546,79.8128614201,79.8136044477,0.00101708380808,-0.00074302756353,0.56582779458,-0.000420425647584
q20_from_e0,cosine_6,548,79.8122406156,79.8135297708,0.000942406942741,-0.00128915525039,0.563389825272,-0.000726296951266
q20_from_e0,cosine_6,550,79.8116779353,79.8134459979,0.000858633975128,-0.0017680626104,0.560952305324,-0.000991798797258
q20_from_e0,cosine_6,552,79.8111864471,79.8133530307,0.000765666851606,-0.00216658365002,0.558515305506,-0.0012100701292
q20_from_e0,cosine_6,554,79.8107773417,79.8132509265,0.000663562658445,-0.00247358486496,0.556078896362,-0.00137550834176
q20_from_e0,cosine_6,556,79.8104595834,79.8131399253,0.000552561413031,-0.00268034191983,0.553643148207,-0.00148395293877
q20_from_e0,cosine_6,558,79.8102393717,79.8130204754,0.000433111545675,-0.0027811036951,0.551208131124,-0.00153296697024
q20_from_e0,cosine_6,560,79.8101200279,79.8128932545,0.000305890618833,-0.0027732265565,0.548773914959,-0.00152187439448
q20_from_e0,cosine_6,562,79.8101019263,79.8127591806,0.000171816736298,-0.00265725437063,0.546340569319,-0.00145176586568
q20_from_e0,cosine_6,564,79.8101822694,79.8126194138,3.20499556352e-05,-0.00243714447885,0.543908163571,-0.00132558277785
q20_from_e0,cosine_6,566,79.81035526,79.8124753456,-0.000112018244153,-0.00212008568133,0.541476766837,-0.00114797714014
q20_from_e0,cosine_6,568,79.8106121812,79.812328579,-0.000258784906507,-0.00171639776066,0.53904644799,-0.000925218116222
q20_from_e0,cosine_6,570,79.8109415131,79.812180901,-0.000406462928424,-0.00123938781553,0.536617275653,-0.000665076913048
q20_from_e0,cosine_6,572,79.8113294039,79.8120342466,-0.000553117322667,-0.000704842705773,0.534189318196,-0.000376519444432
q20_from_e0,cosine_6,574,79.811760062,79.8118906551,-0.000696708807496,-0.000130593098092,0.53176264373,-6.94445310943e-05
q20_from_e0,cosine_6,576,79.8122161771,79.8117522192,-0.000835144692104,0.00046395789127,0.52933732011,0.000245590226809
q20_from_e0,cosine_6,578,79.8126795391,79.8116210262,-0.000966337712981,0.0010585129636,0.526913414926,0.000557744680392
q20_from_e0,cosine_6,580,79.8131315873,79.8114990994,-0.00108826450878,0.0016324878743,0.524490995504,0.000856225190341
q20_from_e0,cosine_6,582,79.8135540868,79.8113883395,-0.00119902441548,0.00216574735313,0.5220701289,0.00113067199981
q20_from_e0,cosine_6,584,79.813929794,79.8112904633,-0.00129690061686,0.00263933077656,0.519650881901,0.00137153056567
q20_from_e0,cosine_6,586,79.8142430152,79.8112069498,-0.00138041403855,0.00303606535452,0.51723332102,0.00157035416615
q20_from_e0,cosine_6,588,79.8144802161,79.8111389925,-0.00144837135477,0.00334122354852,0.514817512493,0.00172012039593
q20_from_e0,cosine_6,590,79.8146305166,79.8110874587,-0.00149990519682,0.00354305786989,0.512403522276,0.00181547533216
q20_from_e0,cosine_6,592,79.8146859285,79.811052863,-0.00153450087493,0.00363306549102,0.509991416043,0.00185283221434
q20_from_e0,cosine_6,594,79.8146417696,79.8110353514,-0.001552012454,0.00360641815928,0.507581259186,0.00183055027044
q20_from_e0,cosine_6,596,79.8144966173,79.8110346963,-0.00155266754808,0.00346192095415,0.505173116805,0.00174886939854
q20_from_e0,cosine_6,598,79.814252159,79.8110503048,-0.00153705908835,0.00320185415762,0.502767053714,0.00160978678125
q20_from_e0,cosine_6,600,79.813913208,79.8110812419,-0.00150612202549,0.00283196616533,0.500363134433,0.00141701146709
q20_from_e0,cosine_6,602,79.813487399,79.8111262672,-0.00146109664398,0.0023611317574,0.497961423184,0.00117575253024
q20_from_e0,cosine_6,604,79.8129848582,79.8111838803,-0.00140348360367,0.00180097790779,0.495561983895,0.000892496184935
q20_from_e0,cosine_6,606,79.812418018,79.8112523723,-0.00133499159477,0.001165645692,0.49316488019,0.000574855518039
q20_from_e0,cosine_6,608,79.811801135,79.8113298913,-0.0012574726059,0.00047124369361,0.490770175394,0.000231272350166
q20_from_e0,cosine_6,610,79.8111497894,79.8114145147,-0.00117284922621,-0.000264725242033,0.488377932522,-0.000129285966391
q20_from_e0,cosine_6,612,79.810480685,79.8115043237,-0.00108304016746,-0.00102363868386,0.485988214285,-0.000497476336042
q20_from_e0,cosine_6,614,79.8098111806,79.8115974749,-0.000989888992649,-0.00178629429661,0.483601083079,-0.000863853856537
q20_from_e0,cosine_6,616,79.8091588417,79.8116922658,-0.000895098042378,-0.0025334241256,0.481216600991,-0.00121912574659
q20_from_e0,cosine_6,618,79.8085410676,79.8117871959,-0.000800167947773,-0.00324612835132,0.47883482979,-0.00155435931658
q20_from_e0,cosine_6,620,79.807974499,79.8118810192,-0.000706344653878,-0.00390652026982,0.476455830929,-0.0018612843612
q20_from_e0,cosine_6,622,79.8074745974,79.8119727854,-0.00061457845004,-0.0044981880765,0.47407966554,-0.00213249949884
q20_from_e0,cosine_6,624,79.8070552898,79.8120618671,-0.000525496782558,-0.00500657732303,0.471706394431,-0.00236163453749
q20_from_e0,cosine_6,626,79.8067285147,79.812147973,-0.000439390848555,-0.00541945837401,0.469336078089,-0.00254354733862
q20_from_e0,cosine_6,628,79.8065039579,79.8122311453,-0.000356218553989,-0.00572718740914,0.466968776669,-0.0026744176982
q20_from_e0,cosine_6,630,79.8063888547,79.8123117414,-0.000275622483699,-0.00592288669584,0.46460455,-0.00275180010802
q20_from_e0,cosine_6,632,79.8063878473,79.8123904026,-0.000196961319403,-0.0060025553046,0.462243457579,-0.00277464191831
q20_from_e0,cosine_6,634,79.8065030427,79.8124680074,-0.000119356460772,-0.00596496469312,0.459885558567,-0.00274320111973
q20_from_e0,cosine_6,636,79.8067339655,79.812545614,-4.17498963543e-05,-0.00581164844476,0.457530911792,-0.00265900881195
q20_from_e0,cosine_6,638,79.8070776095,79.8126243942,3.70302833232e-05,-0.00554678463163,0.455179575741,-0.00252478307535
q20_from_e0,cosine_6,640,79.8075286067,79.8127055627,0.00011819883747,-0.0051769560463,0.452831608562,-0.0023442893339
q20_from_e0,cosine_6,642,79.8080792474,79.8127903036,0.000202939683163,-0.00471105617379,0.45048706806,-0.0021222698832
q20_from_e0,cosine_6,644,79.8087196211,79.812879696,0.00029233213462,-0.00416007496925,0.448146011697,-0.00186432100583
q20_from_e0,cosine_6,646,79.8094378466,79.8129746438,0.000387279907514,-0.00353679720709,0.445808496586,-0.00157673424562
q20_from_e0,cosine_6,648,79.8102201719,79.813075811,0.000488447116567,-0.0028556390813,0.443474579492,-0.00126640334076
q20_from_e0,cosine_6,650,79.8110513323,79.8131835664,0.000596202546021,-0.00213223417164,0.44114431683,-0.00094062298697
q20_from_e0,cosine_6,652,79.8119148838,79.8132979359,0.000710571968625,-0.00138305206966,0.438817764663,-0.000606907817619
q20_from_e0,cosine_6,654,79.8127934417,79.8134185676,0.000831203722583,-0.00062512590776,0.436494978698,-0.000272864319791
q20_from_e0,cosine_6,656,79.8136689978,79.8135447148,0.000957350958615,0.000124282950409,0.434176014285,5.39606760523e-05
q20_from_e0,cosine_6,658,79.814523218,79.8136752346,0.00108787067273,0.000847983418538,0.431860926418,0.000366210904717
q20_from_e0,cosine_6,660,79.815337814,79.813808607,0.0012212431121,0.00152920697427,0.429549769727,0.000656870503663
q20_from_e0,cosine_6,662,79.8160950807,79.8139429698,0.00135560587063,0.00215211097,0.427242598485,0.000919473483051
q20_from_e0,cosine_6,664,79.8167783752,79.8140761608,0.00148879693782,0.00270221441522,0.424939466595,0.00114827755223
q20_from_e0,cosine_6,666,79.8173725978,79.814205775,0.00161841109589,0.00316682279765,0.422640427599,0.00133842734133
q20_from_e0,cosine_6,668,79.8178646853,79.8143292331,0.00174186922618,0.00353545217513,0.420345534669,0.00148611153485
q20_from_e0,cosine_6,670,79.8182439509,79.8144438596,0.00185649568581,0.00380009134402,0.418054840609,0.00158864658113
q20_from_e0,cosine_6,672,79.8185024284,79.8145469677,0.00195960377822,0.00395546076238,0.415768397852,0.00164455558394
q20_from_e0,cosine_6,674,79.8186352013,79.8146359477,0.00204858381841,0.00399925357343,0.413486258456,0.00165363639669
q20_from_e0,cosine_6,676,79.8186405898,79.8147083544,0.00212099051819,0.00393223537799,0.411208474107,0.00161696850961
q20_from_e0,cosine_6,678,79.818520249,79.8147619916,0.00217462773837,0.003758257339,0.408935096116,0.00153688332615
q20_from_e0,cosine_6,680,79.8182792118,79.8147949887,0.00220762482479,0.00348422306905,0.406666175413,0.00141691566978
q20_from_e0,cosine_6,682,79.8179256988,79.8148058669,0.00221850301136,0.00311983194933,0.404401762552,0.00126166553918
q20_from_e0,cosine_6,684,79.8174708826,79.8147935936,0.00220622970571,0.00267728904414,0.402141907706,0.00107665012369
q20_from_e0,cosine_6,686,79.8169286075,79.8147576219,0.00217025799957,0.00217098561772,0.399886660663,0.000868148189019
q20_from_e0,cosine_6,688,79.8163149123,79.8146979144,0.00211055055428,0.00161699786533,0.39763607083,0.000642976677709
q20_from_e0,cosine_6,690,79.8156475761,79.8146149508,0.00202758689093,0.00103262537182,0.395390187229,0.000408289939102
q20_from_e0,cosine_6,692,79.8149456182,79.8145097171,0.00192235323391,0.000435901117584,0.393149058495,0.000171374113975
q20_from_e0,cosine_6,694,79.8142287603,79.8143836811,0.00179631720584,-0.000154920787466,0.390912732873,-6.05605084072e-05
q20_from_e0,cosine_6,696,79.813516862,79.8142387504,0.00165138656074,-0.000721888475013,0.388681258222,-0.000280584520764
q20_from_e0,cosine_6,698,79.8128293291,79.8140772175,0.00148985358013,-0.0012478883514,0.386454682007,-0.000482252296021
q20_from_e0,cosine_6,700,79.8121845435,79.8139016952,0.00131433127758,-0.00171715170053,0.384233051304,-0.000659786437448
q20_from_e0,cosine_6,702,79.8115994207,79.8137150443,0.00112768039801,-0.00211562356746,0.382016412795,-0.000808202926066
q20_from_e0,cosine_6,704,79.8110889319,79.8135202905,0.000932926637404,-0.00243135865323,0.379804812765,-0.000923441718053
q20_from_e0,cosine_6,706,79.8106656862,79.8133205386,0.000733174676242,-0.00265485237522,0.377598297106,-0.00100246773595
q20_from_e0,cosine_6,708,79.8103395523,79.8131188873,0.000531523439847,-0.00277933507289,0.375396911312,-0.00104335380186
q20_from_e0,cosine_6,710,79.8101173672,79.8129183494,0.00033098547938,-0.00280098221022,0.373200700478,-0.00104532852288
q20_from_e0,cosine_6,712,79.810002838,79.8127217758,0.000134411959607,-0.00271893783639,0.371009709302,-0.00100875233629
q20_from_e0,cosine_6,714,79.8099965009,79.8125317866,-5.55773089843e-05,-0.00253528567237,0.368823982078,-0.000935074157388
q20_from_e0,cosine_6,716,79.8100957152,79.8123507111,-0.00023665276106,-0.00225499591269,0.366643562703,-0.00082677973531
q20_from_e0,cosine_6,718,79.8102948153,79.8121805448,-0.000406819054845,-0.00188572956378,0.364468494667,-0.00068728901546
q20_from_e0,cosine_6,720,79.8105853225,79.8120229165,-0.000564447414618,-0.00143759398456,0.362298821058,-0.000520838605767
q20_from_e0,cosine_6,722,79.8109562116,79.8118790701,-0.000708293758166,-0.000922858537379,0.360134584561,-0.000332353275967
q20_from_e0,cosine_6,724,79.811394295,79.8117498609,-0.000837502943455,-0.000355565987974,0.357975827452,-0.000127284028759
q20_from_e0,cosine_6,726,79.8118846881,79.8116357629,-0.000951601003493,0.000248925256216,0.355822591604,8.85732297824e-05
q20_from_e0,cosine_6,728,79.8124112645,79.8115368897,-0.0010504742246,0.000874374870136,0.35367491848,0.000309244460917
q20_from_e0,cosine_6,730,79.812957131,79.8114530263,-0.00113433756655,0.00150410464028,0.351532849136,0.000528742189594
q20_from_e0,cosine_6,732,79.8135051393,79.8113836708,-0.00120369305255,0.00212146849977,0.349396424216,0.000741233507906
q20_from_e0,cosine_6,734,79.8140383541,79.8113280843,-0.00125927961565,0.00271026982531,0.347265683958,0.0009411837046
q20_from_e0,cosine_6,736,79.8145405261,79.8112853439,-0.00130201996873,0.00325518214257,0.345140668187,0.00112349573976
q20_from_e0,cosine_6,738,79.8149965395,79.8112543994,-0.00133296451114,0.00374214012039,0.343021416315,0.00128363420415
q20_from_e0,cosine_6,740,79.8153928525,79.8112341314,-0.00135323247247,0.00415872103969,0.340907967344,0.00141774113639
q20_from_e0,cosine_6,742,79.8157178344,79.8112234075,-0.00136395637759,0.00449442691647,0.33880035986,0.00152271345666
q20_from_e0,cosine_6,744,79.8159620301,79.8112211328,-0.00136623106233,0.00474089728483,0.336698632038,0.00159625363044
q20_from_e0,cosine_6,746,79.8161183921,79.8112262954,-0.00136106849125,0.00489209673403,0.334602821637,0.00163690937093
q20_from_e0,cosine_6,748,79.816182423,79.8112380025,-0.00134936138765,0.0049444205452,0.332512966001,0.00164408394064
q20_from_e0,cosine_6,750,79.8161522044,79.8112555104,-0.00133185353479,0.00489669406045,0.330429102058,0.00161801022145
q20_from_e0,cosine_6,752,79.8160284277,79.8112782448,-0.00130911910598,0.00475018295354,0.328351266319,0.00155972858804
q20_from_e0,cosine_6,754,79.81581442,79.8113058093,-0.00128155460277,0.0045086107439,0.32627949488,0.00147106723613
q20_from_e0,cosine_6,756,79.8155158709,79.8113379829,-0.00124938094055,0.00417788793445,0.324213823417,0.00135452902103
q20_from_e0,cosine_6,758,79.8151405953,79.8113747095,-0.00121265438815,0.00376588578342,0.32215428719,0.0012131962502
q20_from_e0,cosine_6,760,79.8146983707,79.8114160777,-0.00117128620843,0.00328229306868,0.32010092104,0.00105066503441
q20_from_e0,cosine_6,762,79.8142005071,79.8114622954,-0.00112506844289,0.00273821164097,0.318053759389,0.000870898506413
q20_from_e0,cosine_6,764,79.8136596575,79.8115136592,-0.00107370471609,0.00214599831504,0.316012836239,0.0006781630141
q20_from_e0,cosine_6,766,79.8130896997,79.8115705181,-0.00101684578809,0.00151918158076,0.313978185173,0.000476989875675
q20_from_e0,cosine_6,768,79.8125052311,79.8116332348,-0.000954129106191,0.000871996276828,0.311949839354,0.000272019098474
q20_from_e0,cosine_6,770,79.8119213071,79.8117021442,-0.000885219711463,0.000219162927763,0.309927831526,6.79246909525e-05
q20_from_e0,cosine_6,772,79.8113531392,79.8117775138,-0.000809850086426,-0.000424374622554,0.307912194008,-0.000130670121112
q20_from_e0,cosine_6,774,79.8108156139,79.8118595056,-0.000727858294596,-0.00104389170826,0.305902958703,-0.000319329562124
q20_from_e0,cosine_6,776,79.8103229644,79.8119481408,-0.000639223065775,-0.00162517643908,0.30390015709,-0.000493891375135
q20_from_e0,cosine_6,778,79.8098884133,79.812043274,-0.000544089913063,-0.00215486067813,0.301903820227,-0.000650560670785
q20_from_e0,cosine_6,780,79.8095235967,79.8121445762,-0.000442787690019,-0.0026209794591,0.299913978751,-0.000786068377801
q20_from_e0,cosine_6,782,79.8092382696,79.8122515264,-0.000335837444396,-0.00301325688375,0.297930662876,-0.00089774162079
q20_from_e0,cosine_6,784,79.8090399995,79.8123634126,-0.000223951296562,-0.00332341310265,0.295953902395,-0.000983577077
q20_from_e0,cosine_6,786,79.8089338277,79.8124793407,-0.00010802314624,-0.00354551302162,0.29398372668,-0.00104232313109
q20_from_e0,cosine_6,788,79.808922232,79.8125982509,1.08870436293e-05,-0.00367601897241,0.292020164678,-0.00107347166568
q20_from_e0,cosine_6,790,79.8090050936,79.8127189414,0.000131577552438,-0.00371384780726,0.290063244917,-0.0010772507461
q20_from_e0,cosine_6,792,79.8091796431,79.8128400992,0.00025273536157,-0.00366045615719,0.288112995501,-0.00105462498835
q20_from_e0,cosine_6,794,79.8094407348,79.8129603343,0.000372970374826,-0.00351959948757,0.286169444111,-0.00100720182885
q20_from_e0,cosine_6,796,79.8097810162,79.8130782204,0.000490856518383,-0.00329720423807,0.284232618009,-0.000937172992695
q20_from_e0,cosine_6,798,79.8101909812,79.8131923391,0.000604975222416,-0.00300135794342,0.282302544031,-0.000847290982974
q20_from_e0,cosine_6,800,79.8106593254,79.8133013208,0.000713956872616,-0.00264199532573,0.280379248594,-0.000740760664217
q20_from_e0,cosine_6,802,79.811173129,79.8134038853,0.00081652141148,-0.00223075629511,0.278462757691,-0.000621182549672
q20_from_e0,cosine_6,804,79.8117181761,79.813498876,0.000911512115806,-0.0017806999187,0.276553096895,-0.000492458077157
q20_from_e0,cosine_6,806,79.8122792498,79.8135852871,0.00099792321825,-0.00130603735022,0.274650291357,-0.00035870353876
q20_from_e0,cosine_6,808,79.8128402358,79.8136622898,0.00107492588995,-0.000822053979661,0.272754365805,-0.00022421881188
q20_from_e0,cosine_6,810,79.8133845985,79.8137292514,0.00114188751394,-0.00034465294226,0.270865344547,-9.33545379544e-05
q20_from_e0,cosine_6,812,79.8138959821,79.8137857462,0.00119838229585,0.000110235889792,0.26898325147,2.96516080651e-05
q20_from_e0,cosine_6,814,79.8143586231,79.8138315553,0.00124419145682,0.000527067738588,0.267108110041,0.000140784067518
q20_from_e0,cosine_6,816,79.8147579608,79.8138666562,0.00127929229868,0.000891304605688,0.265239943306,0.000236409583081
q20_from_e0,cosine_6,818,79.8150811242,79.8138912032,0.00130383926785,0.001189921029,0.263378773889,0.000313399941642
q20_from_e0,cosine_6,820,79.8153173664,79.8139055053,0.00131814139982,0.0014118610772,0.261524623998,0.000369236437353
q20_from_e0,cosine_6,822,79.8154586977,79.8139100025,0.00132263860787,0.00154869519717,0.259677515419,0.000402161320943
q20_from_e0,cosine_6,824,79.815500309,79.8139052385,0.00131787465166,0.00159507044678,0.25783746952,0.000411268927704
q20_from_e0,cosine_6,826,79.8154408336,79.8138918284,0.00130446451841,0.00154900524002,0.256004507249,0.000396552323199
q20_from_e0,cosine_6,828,79.8152824118,79.8138704249,0.00128306106447,0.00141198685887,0.254178649139,0.00035889691239
q20_from_e0,cosine_6,830,79.8150305707,79.813841686,0.0012543221268,0.00118888469329,0.252359915303,0.000300026840504
q20_from_e0,cosine_6,832,79.8146939612,79.8138062422,0.00121887827561,0.00088771900451,0.250548325437,0.000222416510038
q20_from_e0,cosine_6,834,79.8142838813,79.8137646702,0.00117730635584,0.000519211072444,0.248743898821,0.000129150586471
q20_from_e0,cosine_6,836,79.8138135618,79.8137174741,0.00113011024777,9.60876607223e-05,0.24694665432,2.37285263368e-05
q20_from_e0,cosine_6,838,79.8132976393,79.8136650706,0.00107770670053,-0.000367431248392,0.245156610382,-9.00781994042e-05
q20_from_e0,cosine_6,840,79.8127516069,79.8136077848,0.00102042093845,-0.000856177918592,0.24337378504,-0.000208371260716
q20_from_e0,cosine_6,842,79.8121912793,79.8135458542,0.000958490300349,-0.00135457485774,0.241598195915,-0.000327262841862
q20_from_e0,cosine_6,844,79.8116323327,79.8134794371,0.000892073257603,-0.00184710447556,0.239829860212,-0.00044299080817
q20_from_e0,cosine_6,846,79.8110897312,79.8134086326,0.000821268746307,-0.00231890142638,0.238068794725,-0.000552058067664
q20_from_e0,cosine_6,848,79.8105775133,79.8133335071,0.000746143192259,-0.00275599379727,0.236315015835,-0.000651282717842
q20_from_e0,cosine_6,850,79.81010857,79.813254126,0.000666762115685,-0.00314555604666,0.234568539512,-0.000737848487818
q20_from_e0,cosine_6,852,79.8096941891,79.8131705865,0.00058322265869,-0.0034763974609,0.232829381315,-0.000809407470025
q20_from_e0,cosine_6,854,79.8093442041,79.8130830475,0.000495683663189,-0.00373884346234,0.231097556392,-0.000864037587882
q20_from_e0,cosine_6,856,79.8090668056,79.8129917586,0.000404394733224,-0.00392495298952,0.229373079486,-0.000900278554044
q20_from_e0,cosine_6,858,79.8088683254,79.8128970867,0.000309722779548,-0.00402876125378,0.227655964927,-0.00091717153069
q20_from_e0,cosine_6,860,79.8087533852,79.8127995373,0.000212173427471,-0.00404615213394,0.225946226641,-0.000914212807077
q20_from_e0,cosine_6,862,79.8087245827,79.8126997693,0.000112405413347,-0.00397518656588,0.224243878145,-0.000891411251882
q20_from_e0,cosine_6,864,79.8087823749,79.8125986008,1.12369051237e-05,-0.00381622590686,0.222548932552,-0.000849297001949
q20_from_e0,cosine_6,866,79.8089252628,79.8124970095,-9.035435518e-05,-0.00357174673239,0.220861402571,-0.000788860992943
q20_from_e0,cosine_6,868,79.8091498409,79.8123961272,-0.00019123669972,-0.00324628626208,0.219181300505,-0.000711525244734
q20_from_e0,cosine_6,870,79.8094506381,79.8122972213,-0.00029014259519,-0.00284658318169,0.217508638256,-0.000619156431533
q20_from_e0,cosine_6,872,79.8098201165,79.812201665,-0.000385698929392,-0.00238154843589,0.215843427325,-0.000514041576743
q20_from_e0,cosine_6,874,79.8102487756,79.8121109028,-0.000476461075579,-0.00186212723764,0.21418567881,-0.000398840986425
q20_from_e0,cosine_6,876,79.8107254966,79.81202642,-0.000560943919623,-0.00130092340611,0.21253540341,-0.000276492280923
q20_from_e0,cosine_6,878,79.8112377569,79.8119497037,-0.000637660212391,-0.000711946724948,0.210892611428,-0.000150144304022
q20_from_e0,cosine_6,880,79.8117722443,79.811882195,-0.000705168860321,-0.000109950748822,0.209257312765,-2.3007998235e-05
q20_from_e0,cosine_6,882,79.8123150656,79.8118252425,-0.000762121406297,0.000489823094512,0.207629516929,0.000101701732494
q20_from_e0,cosine_6,884,79.8128523704,79.8117800534,-0.000807310528387,0.00107231703169,0.206009233033,0.000220907209265
q20_from_e0,cosine_6,886,79.8133710289,79.8117476455,-0.000839718350363,0.00162338331722,0.204396469792,0.000331813819161
q20_from_e0,cosine_6,888,79.8138587074,79.8117288075,-0.000858556342621,0.0021298998839,0.202791235533,0.000431925029018
q20_from_e0,cosine_6,890,79.8143043966,79.8117240655,-0.000863298340846,0.00258033107674,0.201193538189,0.000519145939028
q20_from_e0,cosine_6,892,79.8146988841,79.8117336579,-0.000853706013203,0.00296522620249,0.1996033853,0.000591869188198
q20_from_e0,cosine_6,894,79.8150348037,79.8117575152,-0.000829848658611,0.00327728845959,0.198020784022,0.000648971230233
q20_from_e0,cosine_6,896,79.815306795,79.8117952479,-0.000792116030283,0.0035115471765,0.196445741118,0.00068982848756
q20_from_e0,cosine_6,898,79.8155116298,79.8118461481,-0.000741215765331,0.00366548164399,0.194878262969,0.000714322695724
q20_from_e0,cosine_6,900,79.8156480467,79.8119092055,-0.000678158375976,0.00373884119927,0.193318355565,0.000722786632362
q20_from_e0,cosine_6,902,79.8157166309,79.8119831309,-0.000604233024873,0.00373350007852,0.191766024518,0.000715958467596
q20_from_e0,cosine_6,904,79.8157198716,79.8120663939,-0.000520969946422,0.00365347765691,0.190221275053,0.000694969178274
q20_from_e0,cosine_6,906,79.8156621798,79.8121572686,-0.000430095262601,0.00350491122448,0.188684112014,0.00066132106208
q20_from_e0,cosine_6,908,79.8155496319,79.8122538788,-0.00033348512585,0.00329575316474,0.187154539868,0.000616815167064
q20_from_e0,cosine_6,910,79.8153897664,79.8123542478,-0.000233116049088,0.00303551857078,0.1856325627,0.000563491091418
q20_from_e0,cosine_6,912,79.8151914498,79.8124563528,-0.000131011061598,0.00273509702438,0.18411818422,0.000503581097795
q20_from_e0,cosine_6,914,79.8149644683,79.8125581797,-2.91842061841e-05,0.00240628857405,0.182611407762,0.000439415743988
q20_from_e0,cosine_6,916,79.814719063,79.8126577807,7.04168263326e-05,0.00206128225142,0.181112236285,0.000373323438168
q20_from_e0,cosine_6,918,79.8144656112,79.8127533325,0.000165968652766,0.00171227864818,0.179620672376,0.000307560642081
q20_from_e0,cosine_6,920,79.8142143171,79.8128431928,0.000255828892449,0.00137112434012,0.17813671825,0.000244247590263
q20_from_e0,cosine_6,922,79.8139748024,79.812925949,0.000338585135438,0.00104885341335,0.176660375755,0.000185290838114
q20_from_e0,cosine_6,924,79.8137557468,79.8130004554,0.000413091535961,0.000755291345996,0.175191646367,0.000132320734392
q20_from_e0,cosine_6,926,79.8135646156,79.8130658632,0.000478499275673,0.000498752413691,0.173730531198,8.6648521767e-05
q20_from_e0,cosine_6,928,79.8134074331,79.8131216425,0.000534278602544,0.000285790644568,0.172277030996,4.92351637326e-05
q20_from_e0,cosine_6,930,79.8132885895,79.8131675885,0.000580224564771,0.000121001074831,0.170831146142,2.06707522977e-05
q20_from_e0,cosine_6,932,79.8132109309,79.8132038133,0.000616449418871,7.11755784266e-06,0.169392876658,1.20566359775e-06
q20_from_e0,cosine_6,934,79.8131758696,79.8132307286,0.000643364757366,-5.48590000164e-05,0.167962222207,-9.2142395508e-06
q20_from_e0,cosine_6,936,79.8131834519,79.8132490169,0.00066165305256,-6.55650388097e-05,0.16653918209,-1.09191479371e-05
q20_from_e0,cosine_6,938,79.8132325184,79.813259595,0.000672231155065,-2.70766520458e-05,0.165123755255,-4.47099846554e-06
q20_from_e0,cosine_6,940,79.8133207491,79.8132635726,0.0006762086783,5.71765403663e-05,0.163715940293,9.36071106875e-06
q20_from_e0,cosine_6,942,79.8134449605,79.8132622038,0.000674839914993,0.000182756670753,0.162315735441,2.96642834201e-05
q20_from_e0,cosine_6,944,79.8136012496,79.813256831,0.000669467068178,0.000344418672825,0.160923138587,5.5424933819e-05
q20_from_e0,cosine_6,946,79.8137847608,79.8132488203,0.000661456436887,0.000535940484326,0.159538147268,8.55029519152e-05
q20_from_e0,cosine_6,948,79.8139897974,79.8132394987,0.000652134778534,0.000750298754667,0.158160758671,0.000118667820268
q20_from_e0,cosine_6,950,79.8142099546,79.8132300952,0.000642731269451,0.000979859435589,0.15679096964,0.000153633111017
q20_from_e0,cosine_6,952,79.8144379278,79.8132216884,0.000634324562071,0.0012162393337,0.155428776673,0.000189038591779
q20_from_e0,cosine_6,954,79.8146656865,79.8132151553,0.000627791435562,0.00145053120619,0.154074175925,0.000223489400247
q20_from_e0,cosine_6,956,79.8148848268,79.8132111254,0.000623761516636,0.00167370139835,0.152727163211,0.000255619666632
q20_from_e0,cosine_6,958,79.8150867549,79.8132099492,0.000622585351138,0.00187680569567,0.151387734007,0.00028412536144
q20_from_e0,cosine_6,960,79.8152630957,79.8132116774,0.000624313529073,0.00205141826791,0.150055883452,0.000307827380521
q20_from_e0,cosine_6,962,79.815405976,79.8132160512,0.00062868736029,0.00218992476425,0.148731606349,0.000325711027971
q20_from_e0,cosine_6,964,79.8155082522,79.8132225078,0.000635143867072,0.00228574443906,0.147414897169,0.000336952781438
q20_from_e0,cosine_6,966,79.8155636975,79.8132302,0.000642836117947,0.0023334974602,0.14610575005,0.000340937396662
q20_from_e0,cosine_6,968,79.8155670919,79.8132380288,0.000650664919334,0.00232906309728,0.144804158803,0.0003372580226
q20_from_e0,cosine_6,970,79.815514428,79.8132446845,0.000657320605114,0.00226974350807,0.143510116909,0.000325731156196
q20_from_e0,cosine_6,972,79.8154028731,79.8132486992,0.000661335275083,0.0021541739287,0.142223617526,0.000306374408919
q20_from_e0,cosine_6,974,79.8152307385,79.8132485064,0.000661142518567,0.00198223206496,0.140944653485,0.000279385011524
q20_from_e0,cosine_6,976,79.8149974422,79.813242508,0.000655144107299,0.00175493421935,0.1396732173,0.000245117308567
q20_from_e0,cosine_6,978,79.8147034834,79.8132291461,0.000641782176672,0.00147433735739,0.138409301162,0.000204062003315
q20_from_e0,cosine_6,980,79.8143506022,79.8132069744,0.000619610467339,0.001143627831,0.137152896946,0.00015685187005
q20_from_e0,cosine_6,982,79.8139417831,79.8131747254,0.000587361485003,0.000767057727728,0.135903996211,0.000104246210523
q20_from_e0,cosine_6,984,79.8134812594,79.8131313734,0.000544009515437,0.000349885965875,0.134662590203,4.71165504403e-05
q20_from_e0,cosine_6,986,79.8129745831,79.8130761921,0.000488828179769,-0.000101609005455,0.133428669855,-1.35575544432e-05
q20_from_e0,cosine_6,988,79.8124285726,79.813008801,0.000421437151871,-0.000580228390831,0.132202225794,-7.67074847367e-05
q20_from_e0,cosine_6,990,79.8118513404,79.812929201,0.000341837083994,-0.00107786054018,0.130983248337,-0.000141181674806
q20_from_e0,cosine_6,992,79.8112522769,79.8128377961,0.000250432190654,-0.00158551919378,0.129771727496,-0.000205755564756
q20_from_e0,cosine_6,994,79.8106419149,79.8127354021,0.000148038171034,-0.00209348716143,0.128567652983,-0.000269154730894
q20_from_e0,cosine_6,996,79.8100318581,79.8126232394,3.58754757315e-05,-0.00259138127056,0.127371014205,-0.000330066860622
q20_from_e0,cosine_6,998,79.8094345813,79.812502913,-8.4450899692e-05,-0.00306833165121,0.126181800272,-0.000387167611582
q20_from_e0,cosine_6,1000,79.8088631284,79.8123763761,-0.000210987832375,-0.00351324764047,0.125,-0.000439155955059
q20_from_e0,cosine_6,1002,79.8083307608,79.8122458802,-0.000341483658275,-0.00391511944763,0.123825601907,-0.000484792022138
q20_from_e0,cosine_6,1004,79.8078504862,79.8121139154,-0.000473448474651,-0.00426342919721,0.122658594219,-0.000522946231882
q20_from_e0,cosine_6,1006,79.8074346987,79.81198314,-0.000604223847091,-0.00454844133074,0.121498964875,-0.000552630913478
q20_from_e0,cosine_6,1008,79.8070947056,79.8118563039,-0.000731059954262,-0.00476159831595,0.120346701522,-0.0005730426513
q20_from_e0,cosine_6,1010,79.8068403912,79.8117361663,-0.00085119758964,-0.00489577508097,0.119201791526,-0.000583585160561
q20_from_e0,cosine_6,1012,79.8066799259,79.8116254129,-0.000961951032934,-0.00494548691429,0.118064221966,-0.000583885064779
q20_from_e0,cosine_6,1014,79.8066194345,79.8115265748,-0.00106078910912,-0.00490714028598,0.11693397964,-0.000573811442294
q20_from_e0,cosine_6,1016,79.8066627871,79.811441952,-0.0011454119014,-0.00477916486682,0.11581105107,-0.000553480106463
q20_from_e0,cosine_6,1018,79.8068113,79.8113735431,-0.0012138207436,-0.00456224316548,0.114695422498,-0.000523268407403
q20_from_e0,cosine_6,1020,79.8070634945,79.8113229889,-0.00126437498774,-0.00425949440734,0.113587079893,-0.00048382353155
q20_from_e0,cosine_6,1022,79.8074149534,79.8112915256,-0.00129583823963,-0.00387657225374,0.112486008952,-0.000436060141238
q20_from_e0,cosine_6,1024,79.8078583471,79.8112799502,-0.00130741367556,-0.00342160314693,0.111392195102,-0.000381139885304
q20_from_e0,cosine_6,1026,79.808383436,79.8112886019,-0.00129876194293,-0.00290516589673,0.110305623502,-0.000320456135616
q20_from_e0,cosine_6,1028,79.8089774159,79.8113173584,-0.00127000549477,-0.00233994250635,0.109226279046,-0.00025558321315
q20_from_e0,cosine_6,1030,79.8096252853,79.8113656455,-0.0012217184034,-0.00174036018592,0.108154146365,-0.000188227170276
q20_from_e0,cosine_6,1032,79.8103101705,79.8114324603,-0.0011549035675,-0.0011222897801,0.107089209829,-0.00012018512575
q20_from_e0,cosine_6,1034,79.8110139137,79.811516406,-0.00107095784278,-0.000502492363665,0.106031453551,-5.32799957178e-05
q20_from_e0,cosine_6,1036,79.8117177085,79.8116157403,-0.000971623599298,0.000101968207218,0.104980861386,1.07047102278e-05
q20_from_e0,cosine_6,1038,79.8124026253,79.8117284316,-0.000858932284146,0.000674193748168,0.103937416937,7.00739566998e-05
q20_from_e0,cosine_6,1040,79.8130502884,79.8118522226,-0.000735141294371,0.0011980657703,0.102901103555,0.000123282289895
q20_from_e0,cosine_6,1042,79.8136435533,79.8119847021,-0.000602661813986,0.00165885121788,0.101871904341,0.000168990332585
q20_from_e0,cosine_6,1044,79.8141670877,79.8121233783,-0.000463985620826,0.00204370947483,0.100849802152,0.000206107696194
q20_from_e0,cosine_6,1046,79.8146080103,79.8122657496,-0.000321614246843,0.00234226068298,0.0998347795987,0.000233839079048
q20_from_e0,cosine_6,1048,79.8149562219,79.8124093782,-0.000177985726793,0.00254684372487,0.0988268190501,0.000251696463947
q20_from_e0,cosine_6,1050,79.8152048232,79.8125519569,-3.54069364334e-05,0.00265286623311,0.0978259026365,0.000259519033827
q20_from_e0,cosine_6,1052,79.8153505042,79.8126913679,0.000104004029268,0.00265913633122,0.0968320122508,0.000257489521801
q20_from_e0,cosine_6,1054,79.8153935351,79.8128257311,0.000238367172415,0.00256780403657,0.0958451295514,0.000246111510548
q20_from_e0,cosine_6,1056,79.8153377672,79.8129534423,0.00036607842857,0.00238432491109,0.0948652359642,0.000226189545306
q20_from_e0,cosine_6,1058,79.8151905345,79.8130732007,0.000485836780626,0.00211733380736,0.0938923126855,0.0001988013679
q20_from_e0,cosine_6,1060,79.8149623272,79.813184024,0.000596660141468,0.0017783031409,0.092926340684,0.00016525120351
q20_from_e0,cosine_6,1062,79.8146664889,79.8132852539,0.000697890056699,0.00138123495007,0.0919673007037,0.000127028449996
q20_from_e0,cosine_6,1064,79.8143187116,79.8133765491,0.000789185235647,0.000942162435578,0.0910151732657,8.57510773186e-05
q20_from_e0,cosine_6,1066,79.8139364389,79.8134578671,0.000870503253154,0.000478571808443,0.0900699386712,4.31049334363e-05
q20_from_e0,cosine_6,1068,79.8135382391,79.8135294343,0.000942070430341,8.80476871146e-06,0.0891315770037,7.84782920405e-07
q20_from_e0,cosine_6,1070,79.8131431457,79.8135917091,0.00100434518195,-0.000448563401605,0.0882000681312,-3.95633225827e-05
q20_from_e0,cosine_6,1072,79.8127698663,79.8136453395,0.00105797558885,-0.000875473222081,0.0872753917094,-7.64072683882e-05
q20_from_e0,cosine_6,1074,79.8124360614,79.8136911152,0.00110375135628,-0.0012550538743,0.0863575271833,-0.000108383349067
q20_from_e0,cosine_6,1076,79.812157583,79.8137299178,0.00114255396232,-0.00157233486215,0.08544645379,-0.000134350438141
q20_from_e0,cosine_6,1078,79.8119477936,79.8137626692,0.00117530531375,-0.00181487555901,0.0845421505615,-0.00015343348276
q20_from_e0,cosine_6,1080,79.8118170553,79.8137902795,0.00120291557403,-0.00197322414968,0.0836445963265,-0.000165049537462
q20_from_e0,cosine_6,1082,79.8117723556,79.8138135991,0.00122623517939,-0.00204124341832,0.0827537697135,-0.000168920587769
q20_from_e0,cosine_6,1084,79.8118170528,79.813833376,0.00124601216351,-0.00201632325329,0.0818696491529,-0.000165075677325
q20_from_e0,cosine_6,1086,79.8119508281,79.8138502184,0.00126285449647,-0.00189939031898,0.0809922128796,-0.000153835825056
q20_from_e0,cosine_6,1088,79.8121698171,79.8138645662,0.0012772023386,-0.00169474912542,0.0801214389352,-0.000135785738563
q20_from_e0,cosine_6,1090,79.812466929,79.8138766748,0.00128931095566,-0.00140974585662,0.0792573051712,-0.000111732657572
q20_from_e0,cosine_6,1092,79.8128323296,79.8138866084,0.00129924452216,-0.00105427882767,0.0783997892507,-8.26552379006e-05
q20_from_e0,cosine_6,1094,79.8132538283,79.8138942426,0.00130687873893,-0.000640414365805,0.0775488686513,-4.96634095362e-05
q20_from_e0,cosine_6,1096,79.8137174647,79.8138992737,0.00131190979869,-0.000181808994157,0.0767045206675,-1.39455717498e-05
q20_from_e0,cosine_6,1098,79.8142080903,79.8139012374,0.00131387355071,0.000306852894283,0.0758667224131,2.32799233523e-05
q20_from_e0,cosine_6,1100,79.8147099257,79.813899536,0.00131217214303,0.000810389657119,0.0750354508239,6.08079532649e-05
q20_from_e0,cosine_6,1102,79.8152070554,79.8138934695,0.00130610563428,0.00131358587808,0.0742106826601,9.74821047449e-05
q20_from_e0,cosine_6,1104,79.8156839009,79.813882272,0.00129490814726,0.00180162883575,0.0733923945086,0.000132225854271
q20_from_e0,cosine_6,1106,79.8161256968,79.81386515,0.00127778611363,0.00226054676278,0.0725805627858,0.000164071756246
q20_from_e0,cosine_6,1108,79.8165189845,79.8138413214,0.00125395752201,0.00267766304951,0.0717751637399,0.000192189703819
q20_from_e0,cosine_6,1110,79.8168519696,79.8138100563,0.0012226924409,0.00304191330048,0.0709761734536,0.000215903366046
q20_from_e0,cosine_6,1112,79.8171147368,79.8137707144,0.00118335054097,0.00334402241913,0.0701835678464,0.000234695424333
q20_from_e0,cosine_6,1114,79.8172994069,79.813722779,0.00113541506764,0.00357662793138,0.0693973226769,0.000248208402649
q20_from_e0,cosine_6,1116,79.8174003506,79.8136658877,0.00107852384048,0.00373446289092,0.0686174135461,0.000256249184559
q20_from_e0,cosine_6,1118,79.8174143135,79.8135998561,0.00101249219668,0.00381445743064,0.0678438158988,0.000258787347678
q20_from_e0,cosine_6,1120,79.8173404106,79.813524691,0.000937327135944,0.0038157195844,0.067076505027,0.000255945133884
q20_from_e0,cosine_6,1122,79.8171801173,79.8134405986,0.000853234723564,0.00373951869625,0.066315456072,0.000247987887831
q20_from_e0,cosine_6,1124,79.8169371008,79.8133479839,0.00076061998368,0.0035891168844,0.0655606440268,0.000235304814429
q20_from_e0,cosine_6,1126,79.8166169996,79.8132474441,0.000660080206487,0.00336955547473,0.0648120437391,0.00021838777681
q20_from_e0,cosine_6,1128,79.8162272353,79.8131397545,0.00055239058419,0.00308748079102,0.064069629913,0.000197813751644
q20_from_e0,cosine_6,1130,79.8157766813,79.8130258474,0.000438483506485,0.00275083395266,0.0633333771122,0.000174219604097
q20_from_e0,cosine_6,1132,79.8152753245,79.8129067893,0.000319425366911,0.00236853528349,0.0626032597623,0.000148278029609
q20_from_e0,cosine_6,1134,79.814733986,79.8127837554,0.000196391482291,0.00195023063765,0.0618792521531,0.000120678813384
q20_from_e0,cosine_6,1136,79.8141640737,79.812658001,7.0637094268e-05,0.0015060727641,0.0611613284411,9.21134109815e-05
q20_from_e0,cosine_6,1138,79.8135774262,79.8125308316,-5.65323300918e-05,0.00104659461832,0.0604494626524,6.32660822921e-05
q20_from_e0,cosine_6,1140,79.8129860981,79.8124035745,-0.000183789416411,0.000582523677167,0.0597436286846,3.48020782687e-05
q20_from_e0,cosine_6,1142,79.8124021565,79.812277548,-0.000309815902028,0.000124608485521,0.0590438003098,7.35735853601e-06
q20_from_e0,cosine_6,1144,79.8118376383,79.8121540303,-0.000433333581299,-0.000316392045079,0.0583499511766,-1.8461460383e-05
q20_from_e0,cosine_6,1146,79.8113042472,79.8120342344,-0.000553129508603,-0.000729987149725,0.0576620548131,-4.20925590403e-05
q20_from_e0,cosine_6,1148,79.8108131038,79.8119192877,-0.000668076166505,-0.00110618393035,0.0569800846288,-6.30304539661e-05
q20_from_e0,cosine_6,1150,79.8103745274,79.8118102183,-0.000777145571817,-0.00143569093215,0.0563040139175,-8.08351622253e-05
q20_from_e0,cosine_6,1152,79.8099976368,79.8117079457,-0.000879418159244,-0.00171030891762,0.0556338158599,-9.51510113865e-05
q20_from_e0,cosine_6,1154,79.8096900928,79.8116132769,-0.00097408702905,-0.00192318408915,0.0549694635253,-0.000105716397641
q20_from_e0,cosine_6,1156,79.8094579897,79.8115269082,-0.00106045569947,-0.00206891847739,0.0543109298749,-0.000112364886342
q20_from_e0,cosine_6,1158,79.8093055667,79.811449429,-0.00113793486756,-0.0021438623607,0.0536581877638,-0.00011503576909
q20_from_e0,cosine_6,1160,79.8092350449,79.8113813244,-0.00120603946746,-0.00214627947744,0.0530112099435,-0.000113776871976
q20_from_e0,cosine_6,1162,79.8092464981,79.8113229829,-0.00126438102271,-0.00207648479007,0.0523699690646,-0.000108745444219
q20_from_e0,cosine_6,1164,79.8093377747,79.8112747073,-0.00131265657967,-0.00193693264112,0.0517344376789,-0.00010020612101
q20_from_e0,cosine_6,1166,79.8095046226,79.8112367265,-0.00135063739174,-0.0017321038799,0.051104588242,-8.85184555748e-05
q20_from_e0,cosine_6,1168,79.8097407656,79.8112092051,-0.00137815878725,-0.00146843946935,0.0504803931157,-7.41274016794e-05
q20_from_e0,cosine_6,1170,79.8100380122,79.8111922514,-0.00139511248858,-0.00115423920299,0.0498618245706,-5.7552472652e-05
q20_from_e0,cosine_6,1172,79.8103864791,79.8111859237,-0.00140144022086,-0.00079944459236,0.0492488547881,-3.93717306403e-05
q20_from_e0,cosine_6,1174,79.8107748237,79.811190235,-0.00139712886946,-0.000415411334245,0.0486414558633,-2.02062120798e-05
q20_from_e0,cosine_6,1176,79.8111905735,79.8112051553,-0.00138220854767,-1.4581811044e-05,0.0480395998072,-7.00504367016e-07
q20_from_e0,cosine_6,1178,79.8116205004,79.8112306117,-0.00135675221826,0.000389888707943,0.0474432585489,1.84975907762e-05
q20_from_e0,cosine_6,1180,79.8120509888,79.8112664862,-0.00132087768384,0.000784502553429,0.0468524039384,3.6755830524e-05
q20_from_e0,cosine_6,1182,79.8124684353,79.8113126101,-0.00127475380793,0.00115582521464,0.0462670077488,5.34765741619e-05
q20_from_e0,cosine_6,1184,79.8128596533,79.8113687544,-0.00121860951069,0.00149089894599,0.0456870416784,6.81147622837e-05
q20_from_e0,cosine_6,1186,79.8132122329,79.8114346201,-0.0011527438144,0.00177761279926,0.0451124773537,8.01925171502e-05
q20_from_e0,cosine_6,1188,79.8135149003,79.8115098266,-0.00107753730489,0.0020050737356,0.0445432863312,8.93125735202e-05
q20_from_e0,cosine_6,1190,79.8137577325,79.8115939008,-0.000993463090822,0.00216383173532,0.0439794401002,9.51641081903e-05
q20_from_e0,cosine_6,1192,79.8139324088,79.8116862683,-0.000901095618133,0.00224614048881,0.0434209100847,9.75294642021e-05
q20_from_e0,cosine_6,1194,79.8140327294,79.811786248,-0.000801115884173,0.00224648143509,0.0428676676462,9.63014195329e-05
q20_from_e0,cosine_6,1196,79.8140547053,79.8118930512,-0.000694312685738,0.00216165411956,0.0423196840857,9.14805194425e-05
q20_from_e0,cosine_6,1198,79.813996649,79.812005782,-0.000581581921665,0.00199086699794,0.0417769306464,8.31723124993e-05
q20_from_e0,cosine_6,1200,79.8138594521,79.812123442,-0.000463921922574,0.00173601016238,0.0412393785157,7.15919801932e-05
q20_from_e0,cosine_6,1202,79.8136465492,79.8122449404,-0.000342423528153,0.00140160885341,0.0407069988274,5.70552899524e-05
q20_from_e0,cosine_6,1204,79.8133638405,79.8123691064,-0.000218257453156,0.000994734085566,0.0401797626647,3.99681794725e-05
q20_from_e0,cosine_6,1206,79.8130194845,79.8124947066,-9.2657296932e-05,0.00052477791364,0.0396576410617,2.08114541362e-05
q20_from_e0,cosine_6,1208,79.8126236842,79.8126204645,3.31006131944e-05,3.21968451544e-06,0.0391406050063,1.26020399864e-07
q20_from_e0,cosine_6,1210,79.8121884775,79.812745082,0.000157718158135,-0.00055660455007,0.0386286254419,-2.15008686839e-05
q20_from_e0,cosine_6,1212,79.8117273191,79.812867263,0.000279899107923,-0.00113994393693,0.0381216732704,-4.34565703104e-05
q20_from_e0,cosine_6,1214,79.8112545392,79.8129857405,0.000398376663213,-0.00173120137813,0.0376197193539,-6.51273099906e-05
q20_from_e0,cosine_6,1216,79.8107850248,79.8130993087,0.000511944860648,-0.00231428397504,0.0371227345171,-8.59125496026e-05
q20_from_e0,cosine_6,1218,79.8103338022,79.8132068536,0.000619489669859,-0.00287305138259,0.0366306895497,-0.000105241853256
q20_from_e0,cosine_6,1220,79.809915446,79.8133073803,0.000720016379489,-0.00339193422069,0.0361435552084,-0.000122596561769
q20_from_e0,cosine_6,1222,79.8095436745,79.8134000374,0.000812673562905,-0.00385636298184,0.0356613022195,-0.000137522925763
q20_from_e0,cosine_6,1224,79.8092309339,79.8134841382,0.000896774279028,-0.00425320427158,0.0351839012807,-0.000149644319218
q20_from_e0,cosine_6,1226,79.8089878936,79.8135591771,0.000971813241961,-0.00457128349646,0.0347113230636,-0.000158675298261
q20_from_e0,cosine_6,1228,79.8088231169,79.8136248428,0.00103747893198,-0.00480172595996,0.0342435382158,-0.000164428086412
q20_from_e0,cosine_6,1230,79.808742933,79.8136810239,0.00109366005853,-0.00493809093685,0.033780517363,-0.000166811266632
q20_from_e0,cosine_6,1232,79.8087512282,79.8137278081,0.00114044417904,-0.00497657991441,0.0333222311116,-0.000165830746053
q20_from_e0,cosine_6,1234,79.8088493446,79.8137654721,0.00117810826096,-0.00491612749828,0.0328686500501,-0.000161586474342
q20_from_e0,cosine_6,1236,79.8090360824,79.8137944672,0.00120710331342,-0.00475838479201,0.0324197447521,-0.000154265620389
q20_from_e0,cosine_6,1238,79.8093077669,79.8138153965,0.00122803264372,-0.00450762961665,0.031975485778,-0.0001441336467
q20_from_e0,cosine_6,1240,79.8096585032,79.8138289891,0.0012416252583,-0.00417048591252,0.0315358436771,-0.000131519791795
q20_from_e0,cosine_6,1242,79.8100802947,79.8138360686,0.0012487047412,-0.00375577388287,0.0311007889899,-0.000116807531025
q20_from_e0,cosine_6,1244,79.810563304,79.8138375167,0.0012501528572,-0.00327421272071,0.0306702922503,-0.000100421061034
q20_from_e0,cosine_6,1246,79.8110963388,79.8138342361,0.00124687224417,-0.00273789733734,0.0302443239873,-8.28058541145e-05
q20_from_e0,cosine_6,1248,79.8116671308,79.8138271114,0.00123974748867,-0.00215998056662,0.0298228547276,-6.44167866527e-05
q20_from_e0,cosine_6,1250,79.8122625904,79.8138169692,0.00122960532761,-0.00155437878595,0.0294058549974,-4.57078371907e-05
q20_from_e0,cosine_6,1252,79.8128690438,79.8138045473,0.00121718340969,-0.000935503462202,0.0289932953244,-2.71233281566e-05
q20_from_e0,cosine_6,1254,79.8134725571,79.8137904686,0.00120310467688,-0.000317911419643,0.0285851462402,-9.08754442191e-06
q20_from_e0,cosine_6,1256,79.814059311,79.8137752164,0.00118785253348,0.000284094601795,0.0281813782819,8.00617744105e-06
q20_from_e0,cosine_6,1258,79.8146158146,79.8137591139,0.00117175004667,0.000856700646978,0.0277819619947,2.38008248151e-05
q20_from_e0,cosine_6,1260,79.815129336,79.8137423082,0.00115494436105,0.0013870277341,0.0273868679331,3.79863453733e-05
q20_from_e0,cosine_6,1262,79.8155882438,79.8137247624,0.00113739853103,0.00186348137655,0.026996066664,5.03066674683e-05
q20_from_e0,cosine_6,1264,79.8159821711,79.8137062572,0.00111889326995,0.00227591397636,0.0266095287676,6.05609984266e-05
q20_from_e0,cosine_6,1266,79.81630238,79.8136864008,0.00109903691978,0.00261597921285,0.0262272248402,6.86098749927e-05
q20_from_e0,cosine_6,1268,79.8165420754,79.8136646474,0.00107728354928,0.00287742797479,0.0258491254958,7.43789968257e-05
q20_from_e0,cosine_6,1270,79.8166965818,79.8136403212,0.00105295732119,0.00305626056526,0.0254752013681,7.78588533334e-05
q20_from_e0,cosine_6,1272,79.8167636733,79.8136126462,0.00102528234265,0.00315102708727,0.0251054231125,7.91078682649e-05
q20_from_e0,cosine_6,1274,79.8167436218,79.8135807808,0.000993416950706,0.00316284100816,0.024739761408,7.82479319135e-05
q20_from_e0,cosine_6,1276,79.8166391112,79.8135438541,0.000956490234216,0.00309525705185,0.0243781869593,7.5456755097e-05
q20_from_e0,cosine_6,1278,79.8164553396,79.8135010075,0.000913643640899,0.00295433204192,0.0240206704982,7.09650365213e-05
q20_from_e0,cosine_6,1280,79.8161996766,79.8134514412,0.000864077350315,0.00274823536185,0.0236671827863,6.50429886486e-05
q20_from_e0,cosine_6,1282,79.8158813386,79.8133944595,0.000807095591057,0.00248687912497,0.023317694616,5.79882879831e-05
q20_from_e0,cosine_6,1284,79.8155110836,79.8133295137,0.000742149792245,0.00218156994126,0.0229721768132,5.0115410421e-05
q20_from_e0,cosine_6,1286,79.8151006554,79.8132562429,0.000668879060839,0.00184441240907,0.0226306002385,4.17401599047e-05
q20_from_e0,cosine_6,1288,79.8146623517,79.8131745078,0.000587143911986,0.00148784385954,0.0222929357894,3.31684076254e-05
q20_from_e0,cosine_6,1290,79.8142085165,79.8130844175,0.000497053629545,0.00112409896946,0.021959154402,2.46842628334e-05
q20_from_e0,cosine_6,1292,79.8137510063,79.8129863496,0.000398985676156,0.000764656727995,0.0216292270529,1.65389339873e-05
q20_from_e0,cosine_6,1294,79.8133010499,79.8128809585,0.000293594659141,0.000420091309294,0.0213031247608,8.94925757282e-06
q20_from_e0,cosine_6,1296,79.8128690603,79.8127691774,0.000181813524648,9.98828591605e-05,0.0209808185886,2.09562414815e-06
q20_from_e0,cosine_6,1298,79.8124644725,79.8126522069,6.48430187482e-05,-0.000187734400711,0.0206622796448,-3.87902068645e-06
q20_from_e0,cosine_6,1300,79.8120958487,79.8125314926,-5.58713147427e-05,-0.00043564384228,0.0203474790858,-8.86425396968e-06
q20_from_e0,cosine_6,1302,79.8117708951,79.8124086953,-0.000178668603994,-0.000637800219238,0.0200363881171,-1.27792127338e-05
q20_from_e0,cosine_6,1304,79.811496301,79.8122856534,-0.000301710514989,-0.000789352321249,0.019728977995,-1.55731145762e-05
q20_from_e0,cosine_6,1306,79.8112778835,79.812164334,-0.000423029901185,-0.000886450511047,0.019425220029,-1.72194962219e-05
q20_from_e0,cosine_6,1308,79.8111205222,79.8120467794,-0.000540584443002,-0.000926257261284,0.0191250855827,-1.77147493937e-05
q20_from_e0,cosine_6,1310,79.8110279786,79.8119350493,-0.00065231462068,-0.000907070699867,0.0188285460761,-1.70788224667e-05
q20_from_e0,cosine_6,1312,79.8110028603,79.8118311586,-0.000756205306345,-0.000828298267692,0.0185355729866,-1.53529829955e-05
q20_from_e0,cosine_6,1314,79.8110464442,79.811737019,-0.000850344861078,-0.000690574865786,0.0182461378516,-1.26003241979e-05
q20_from_e0,cosine_6,1316,79.8111586684,79.8116543814,-0.000932982479782,-0.000495713012526,0.017960212269,-8.9031109295e-06
q20_from_e0,cosine_6,1318,79.8113379993,79.811584782,-0.00100258192751,-0.000246782689572,0.0176777679,-4.362567108e-06
q20_from_e0,cosine_6,1320,79.8115812784,79.8115294964,-0.00105786744888,5.17820123065e-05,0.0173987764696,9.00943657269e-07
q20_from_e0,cosine_6,1322,79.8118837667,79.811489501,-0.00109786290952,0.00039426571098,0.0171232097692,6.7510944739e-06
q20_from_e0,cosine_6,1324,79.8122391149,79.8114654408,-0.0011219230451,0.000773674108572,0.0168510396572,1.30372130853e-05
q20_from_e0,cosine_6,1326,79.812639383,79.8114576106,-0.00112975329782,0.00118177246219,0.0165822380615,1.95964323025e-05
q20_from_e0,cosine_6,1328,79.813075201,79.8114659436,-0.00112142027324,0.00160925735601,0.0163167769803,2.62578933819e-05
q20_from_e0,cosine_6,1330,79.8135358546,79.8114900114,-0.00109735244038,0.0020458431681,0.0160546284842,3.28452520008e-05
q20_from_e0,cosine_6,1332,79.8140094568,79.811529036,-0.0010583278723,0.00248042082261,0.0157957647172,3.91801437135e-05
q20_from_e0,cosine_6,1334,79.8144832694,79.811581913,-0.00100545092099,0.00290135641683,0.0155401578986,4.50875368375e-05
q20_from_e0,cosine_6,1336,79.8149438414,79.8116472472,-0.000940116640692,0.00329659418782,0.0152877803243,5.03976077617e-05
q20_from_e0,cosine_6,1338,79.8153772463,79.8117233964,-0.000863967468987,0.00365384987806,0.0150386043684,5.49488027376e-05
q20_from_e0,cosine_6,1340,79.8157696001,79.8118085175,-0.000778846344787,0.00396108252227,0.0147926024844,5.85947191597e-05
q20_from_e0,cosine_6,1342,79.8161073912,79.8119006207,-0.000686743219887,0.00420677052682,0.0145497472069,6.12074477225e-05
q20_from_e0,cosine_6,1344,79.8163778342,79.8119976281,-0.000589735802635,0.00438020609134,0.0143100111529,6.26807980189e-05
q20_from_e0,cosine_6,1346,79.8165693244,79.8120974349,-0.000489928967184,0.00447188948077,0.0140733670232,6.29345419499e-05
q20_from_e0,cosine_6,1348,79.816671769,79.8121979689,-0.000389395027511,0.00447380015332,0.0138397876038,6.19164439038e-05
q20_from_e0,cosine_6,1350,79.816677157,79.8122972489,-0.000290115028079,0.00437990814127,0.0136092457674,5.96072463332e-05
q20_from_e0,cosine_6,1352,79.8165799728,79.8123934402,-0.000193923670167,0.00418653256781,0.0133817144745,5.60229834606e-05
q20_from_e0,cosine_6,1354,79.8163775396,79.812484904,-0.000102459886222,0.00389263557335,0.0131571667749,5.12160554325e-05
q20_from_e0,cosine_6,1356,79.8160704348,79.8125702371,-1.71268080749e-05,0.00350019773865,0.0129355758091,4.5277073195e-05
q20_from_e0,cosine_6,1358,79.8156627263,79.8126483008,6.09368954798e-05,0.00301442553693,0.0127169148093,3.83341927523e-05
q20_from_e0,cosine_6,1360,79.8151619974,79.8127182432,0.000130879327656,0.00244375415816,0.0125011571012,3.0549754648e-05
q20_from_e0,cosine_6,1362,79.8145794325,79.8127795106,0.00019214672345,0.00179992193421,0.0122882761047,2.21179376945e-05
q20_from_e0,cosine_6,1364,79.8139295222,79.8128318459,0.000244482010217,0.00109767627897,0.0120782453356,1.32580033965e-05
q20_from_e0,cosine_6,1366,79.8132293769,79.812875281,0.000287917087547,0.000354095957604,0.0118710384066,4.20348671233e-06
q20_from_e0,cosine_6,1368,79.8124981753,79.8129101201,0.000322756259209,-0.000411944830532,0.0116666290285,-4.80600751802e-06
q20_from_e0,cosine_6,1370,79.8117564787,79.812936914,0.00034955010932,-0.0011804353022,0.0114649910117,-1.35336801296e-05
q20_from_e0,cosine_6,1372,79.8110253811,79.8129564267,0.000369062791833,-0.00193104559438,0.0112660982671,-2.17553494244e-05
q20_from_e0,cosine_6,1374,79.8103257889,79.8129695931,0.000382229173326,-0.00264380416628,0.0110699248072,-2.92667133258e-05
q20_from_e0,cosine_6,1376,79.8096775546,79.81297747,0.000390106154697,-0.00329991541892,0.0108764447478,-3.58913477264e-05
q20_from_e0,cosine_6,1378,79.8090987446,79.8129811873,0.00039382342338,-0.00388244269523,0.0106856323085,-4.14863551e-05
q20_from_e0,cosine_6,1380,79.8086050497,79.8129818978,0.000394533915369,-0.0043768481475,0.010497461814,-4.59457962942e-05
q20_from_e0,cosine_6,1382,79.8082091747,79.8129807301,0.000393366233268,-0.00477155541763,0.0103119076956,-4.9203839031e-05
q20_from_e0,cosine_6,1384,79.8079203082,79.8129787428,0.000391378919403,-0.00505843456077,0.0101289444917,-5.12366028808e-05
q20_from_e0,cosine_6,1386,79.8077438385,79.8129768816,0.000389517683999,-0.00523304309911,0.00994854684929,-5.20611744358e-05
q20_from_e0,cosine_6,1388,79.8076812466,79.8129759421,0.000388578183518,-0.00529469545845,0.00977068952489,-5.17328254533e-05
q20_from_e0,cosine_6,1390,79.8077300347,79.8129765396,0.000389175694949,-0.00524650489885,0.00959534738553,-5.03420370643e-05
q20_from_e0,cosine_6,1392,79.8078839887,79.8129790904,0.000391726527965,-0.00509510174169,0.00942249540982,-4.80085727736e-05
q20_from_e0,cosine_6,1394,79.8081335643,79.8129838028,0.0003964388751,-0.00485023844598,0.00925210868896,-4.48749332696e-05
q20_from_e0,cosine_6,1396,79.808466405,79.8129906753,0.000403311373901,-0.00452427027473,0.00908416242772,-4.10992060425e-05
q20_from_e0,cosine_6,1398,79.8088681242,79.8129995065,0.000412142597753,-0.00413138231346,0.0089186319454,-3.68462782795e-05
q20_from_e0,cosine_6,1400,79.8093230581,79.8130099149,0.000422551040145,-0.00368685687073,0.00875549267682,-3.22802483322e-05
q20_from_e0,cosine_6,1402,79.8098150077,79.8130213672,0.000434003324557,-0.00320635948597,0.00859472017322,-2.75577625567e-05
q20_from_e0,cosine_6,1404,79.8103279708,79.8130332115,0.000445847592118,-0.00270524064554,0.00843629010318,-2.28221948847e-05
q20_from_e0,cosine_6,1406,79.8108466271,79.8130447131,0.000457349232704,-0.00219808601204,0.00828017825356,-1.82005439964e-05
q20_from_e0,cosine_6,1408,79.8113568565,79.8130550939,0.000467729996586,-0.00169823739111,0.00812636053035,-1.38004893063e-05
q20_from_e0,cosine_6,1410,79.8118462119,79.8130635747,0.000476210832744,-0.00121736281247,0.00797481295957,-9.70824073337e-06
q20_from_e0,cosine_6,1412,79.81230397,79.8130694145,0.000482050646269,-0.000765444498853,0.00782551168809,-5.98999487236e-06
q20_from_e0,cosine_6,1414,79.8127212523,79.8130719468,0.000484582928252,-0.000350694497072,0.00767843298449,-2.6927841938e-06
q20_from_e0,cosine_6,1416,79.8130911163,79.8130706149,0.000483251052458,2.05014099919e-05,0.00753355323987,1.54448463666e-07
q20_from_e0,cosine_6,1418,79.8134084617,79.8130650019,0.000477638013621,0.000343459798998,0.00739084896866,2.5384595012e-06
q20_from_e0,cosine_6,1420,79.8136698251,79.8130548525,0.0004674886206,0.000614972588778,0.00725029680938,4.45873379827e-06
q20_from_e0,cosine_6,1422,79.8138732615,79.8130400873,0.000452723432147,0.00083317423119,0.00711187352544,5.92542975687e-06
q20_from_e0,cosine_6,1424,79.8140180429,79.8130208085,0.000433444660672,0.000997234308613,0.00697555600586,6.9562637707e-06
q20_from_e0,cosine_6,1426,79.814104541,79.8129972971,0.00040993322223,0.00110724390107,0.00684132126604,7.57501124712e-06
q20_from_e0,cosine_6,1428,79.8141341125,79.8129700015,0.000382637643952,0.00116411093364,0.00670914644844,7.81019073605e-06
q20_from_e0,cosine_6,1430,79.8141090244,79.8129395184,0.00035215454821,0.00116950593299,0.00657900882331,7.69418985207e-06
q20_from_e0,cosine_6,1432,79.8140323306,79.8129065667,0.000319202837801,0.0011257638443,0.00645088578933,7.26217398533e-06
q20_from_e0,cosine_6,1434,79.8139078738,79.8128719595,0.000284595572452,0.00103591431133,0.00632475487433,6.55190408997e-06
q20_from_e0,cosine_6,1436,79.8137403236,79.8128365727,0.000249208776623,0.000903750914247,0.00620059373591,5.60379225771e-06
q20_from_e0,cosine_6,1438,79.8135352416,79.8128013111,0.000213947185813,0.0007339305497,0.00607838016208,4.46110889364e-06
q20_from_e0,cosine_6,1440,79.8132990419,79.812767074,0.000179710158235,0.000531967818034,0.00595809207185,3.16951323911e-06
q20_from_e0,cosine_6,1442,79.8130389669,79.8127347228,0.000147358921339,0.000304244086976,0.00583970751588,1.77669648138e-06
q20_from_e0,cosine_6,1444,79.8127630597,79.8127050498,0.000117685899866,5.80099256666e-05,0.005723204677,3.32002677888e-07
q20_from_e0,cosine_6,1446,79.8124800603,79.812678751,9.1387085547e-05,-0.000198690631009,0.00560856187084,-1.11436869717e-06
q20_from_e0,cosine_6,1448,79.8121992305,79.8126564015,6.90375972852e-05,-0.000457171022219,0.00549575754633,-2.51250109533e-06
q20_from_e0,cosine_6,1450,79.8119299652,79.8126384382,5.10743126085e-05,-0.000708473025554,0.00538477028625,-3.81496449661e-06
q20_from_e0,cosine_6,1452,79.8116815992,79.8126251488,3.77848817266e-05,-0.000943549557604,0.00527557880773,-4.97777005014e-06
q20_from_e0,cosine_6,1454,79.8114630912,79.8126166652,2.93012857782e-05,-0.00115357393526,0.00516816196278,-5.96185693344e-06
q20_from_e0,cosine_6,1456,79.8112825597,79.8126129646,2.56007501775e-05,-0.00133040491534,0.00506249873875,-6.73517320591e-06
q20_from_e0,cosine_6,1458,79.8111470592,79.8126138771,2.65132057677e-05,-0.0014668178855,0.00495856825879,-7.27331660846e-06
q20_from_e0,cosine_6,1460,79.8110623809,79.8126191004,3.17364701345e-05,-0.00155671947394,0.00485634978231,-7.55997427838e-06
q20_from_e0,cosine_6,1462,79.8110326428,79.8126282172,4.08532945357e-05,-0.0015955743786,0.00475582270542,-7.58826885793e-06
q20_from_e0,cosine_6,1464,79.8110603227,79.8126407165,5.33525784192e-05,-0.00158039376689,0.00465696656133,-7.35984092612e-06
q20_from_e0,cosine_6,1466,79.8111462223,79.8126560228,6.86589269208e-05,-0.00150980054214,0.00455976102075,-6.88432966114e-06
q20_from_e0,cosine_6,1468,79.8112895024,79.812673526,8.61621549717e-05,-0.00138402367638,0.00446418589228,-6.17853897068e-06
q20_from_e0,cosine_6,1470,79.8114878488,79.8126926074,0.000105243499718,-0.00120475856042,0.00437022112279,-5.26506130861e-06
q20_from_e0,cosine_6,1472,79.8117374916,79.8127126638,0.000125299915652,-0.000975172181427,0.00427784679775,-4.17163719357e-06
q20_from_e0,cosine_6,1474,79.8120335006,79.8127331305,0.000145766618274,-0.00069962990824,0.00418704314156,-2.92938060893e-06
q20_from_e0,cosine_6,1476,79.8123698958,79.8127535022,0.00016613831751,-0.000383606428727,0.0040977905179,-1.57193878624e-06
q20_from_e0,cosine_6,1478,79.8127396092,79.8127733494,0.000185985502654,-3.37402125581e-05,0.00401006942999,-1.35300594941e-07
q20_from_e0,cosine_6,1480,79.813134774,79.812792329,0.000204965101887,0.000342445033397,0.00392386052092,1.34370654713e-06
q20_from_e0,cosine_6,1482,79.8135468816,79.8128101921,0.000222828206574,0.000736689491958,0.0038391445739,2.8282574657e-06
q20_from_e0,cosine_6,1484,79.8139669378,79.812826786,0.000239422129255,0.00114015174657,0.0037559025125,4.28229880956e-06
q20_from_e0,cosine_6,1486,79.8143856665,79.8128420496,0.000254685725935,0.00154361687396,0.0036741154009,5.67142652971e-06
q20_from_e0,cosine_6,1488,79.8147937368,79.8128560055,0.000268641617339,0.00193773132168,0.00359376444414,6.96374992613e-06
q20_from_e0,cosine_6,1490,79.8151819703,79.8128687477,0.000281383812393,0.00231322262073,0.00351483098829,8.13058655014e-06
q20_from_e0,cosine_6,1492,79.8155415602,79.8128804226,0.000293058701402,0.002661137592,0.00343729652064,9.14711898592e-06
q20_from_e0,cosine_6,1494,79.8158642161,79.8128912078,0.00030384388694,0.0029730083622,0.00336114266992,9.99270526423e-06
q20_from_e0,cosine_6,1496,79.8161423753,79.8129012904,0.000313926511566,0.00324108492713,0.00328635120641,1.06513433603e-05
q20_from_e0,cosine_6,1498,79.8163693177,79.8129108473,0.000323483412217,0.00345847042772,0.00321290404211,1.11117336167e-05
q20_from_e0,cosine_6,1500,79.8165391814,79.8129200269,0.000332662994609,0.00361915451754,0.00314078323089,1.13669798187e-05
q20_from_e0,cosine_6,1502,79.8166471671,79.8129289298,0.000341565937305,0.00371823729651,0.00306997096853,1.14148805544e-05
q20_from_e0,cosine_6,1504,79.8166897259,79.8129375928,0.000350228907564,0.00375213305995,0.00300044959293,1.12580861123e-05
q20_from_e0,cosine_6,1506,79.8166646626,79.8129459773,0.000358613437371,0.00371868524341,0.00293220158408,1.09039347614e-05
q20_from_e0,cosine_6,1508,79.8165713095,79.8129539624,0.000366598498573,0.00361734714841,0.00286520956422,1.03644576467e-05
q20_from_e0,cosine_6,1510,79.8164105691,79.8129613399,0.000373976060587,0.00344922914348,0.00279945629783,9.6559662484e-06
q20_from_e0,cosine_6,1512,79.8161850645,79.8129678145,0.000380450644855,0.00321724993687,0.00273492469173,8.79893629179e-06
q20_from_e0,cosine_6,1514,79.8158992203,79.8129730099,0.000385646057993,0.00292621036914,0.00267159779502,7.81765716996e-06
q20_from_e0,cosine_6,1516,79.8155591525,79.8129764819,0.000389118047664,0.00258267059191,0.00260945879918,6.73937250144e-06
q20_from_e0,cosine_6,1518,79.815172627,79.8129777316,0.000390367748139,0.00219489533886,0.00254849103801,5.59367110045e-06
q20_from_e0,cosine_6,1520,79.8147490621,79.8129762235,0.00038885964463,0.00177283855122,0.00248867798761,4.412024278e-06
q20_from_e0,cosine_6,1522,79.8142992013,79.812971411,0.000384047105157,0.00132779028779,0.00243000326637,3.22653473638e-06
q20_from_e0,cosine_6,1524,79.8138348328,79.8129627647,0.000375400859937,0.00087206804902,0.00237245063492,2.06893839659e-06
q20_from_e0,cosine_6,1526,79.8133683782,79.8129498007,0.000362436785906,0.000418577496049,0.00231600399603,9.69427153497e-07
q20_from_e0,cosine_6,1528,79.8129124199,79.8129321064,0.000344742515523,-1.96865381383e-05,0.00226064739458,-4.45043211507e-08
q20_from_e0,cosine_6,1530,79.8124791924,79.8129093691,0.000322005248449,-0.000430176698885,0.00220636501743,-9.49126819733e-07
q20_from_e0,cosine_6,1532,79.8120800654,79.8128814016,0.000294037723165,-0.000801336197298,0.00215314119335,-1.72538997613e-06
q20_from_e0,cosine_6,1534,79.8117250427,79.8128481637,0.000260799805062,-0.00112312096601,0.00210096039287,-2.35963266599e-06
q20_from_e0,cosine_6,1536,79.8114224314,79.8128097791,0.000222415206764,-0.00138734767866,0.00204980722814,-2.84379529966e-06
q20_from_e0,cosine_6,1538,79.8111785459,79.8127665437,0.00017917977118,-0.00158799774567,0.00199966645283,-3.17546581919e-06
q20_from_e0,cosine_6,1540,79.8109975828,79.812718926,0.000131562143821,-0.00172134323199,0.00195052296191,-3.35751949933e-06
q20_from_e0,cosine_6,1542,79.8108816058,79.8126675617,8.01977711404e-05,-0.00178595590104,0.00190236179152,-3.39753426749e-06
q20_from_e0,cosine_6,1544,79.8108305777,79.8126132393,2.58754168385e-05,-0.00178266160489,0.00185516811877,-3.30713697595e-06
q20_from_e0,cosine_6,1546,79.81084252,79.8125568825,-3.04814149672e-05,-0.00171436246409,0.0018089272615,-3.10115699738e-06
q20_from_e0,cosine_6,1548,79.8109136964,79.8124995253,-8.78385658609e-05,-0.00158582896394,0.00176362467814,-2.79680709611e-06
q20_from_e0,cosine_6,1550,79.8110387549,79.8124422817,-0.00014508219175,-0.00140352674435,0.0017192459674,-2.41300769537e-06
q20_from_e0,cosine_6,1552,79.8112109762,79.8123863108,-0.000201053040655,-0.00117533463359,0.0016757768681,-1.96959859124e-06
q20_from_e0,cosine_6,1554,79.8114225256,79.8123327828,-0.000254581071928,-0.000910257223651,0.00163320325885,-1.48663506406e-06
q20_from_e0,cosine_6,1556,79.8116646528,79.8122828412,-0.000304522675236,-0.000618188415189,0.00159151115784,-9.8385376042e-07
q20_from_e0,cosine_6,1558,79.811927996,79.8122375646,-0.000349799269344,-0.000309568589884,0.00155068672253,-4.80043902045e-07
q20_from_e0,cosine_6,1560,79.8122028685,79.8121979319,-0.000389432030644,4.93665227452e-06,0.00151071624935,7.45788080852e-09
q20_from_e0,cosine_6,1562,79.8124794835,79.8121647888,-0.000422575051175,0.000314694697693,0.00147158617342,4.63100365974e-07
q20_from_e0,cosine_6,1564,79.812748286,79.8121388166,-0.000448547269855,0.00060946939918,0.00143328306822,8.7354217044e-07
q20_from_e0,cosine_6,1566,79.8130001255,79.8121205064,-0.000466857492526,0.000879619116887,0.00139579364523,1.22776677357e-06
q20_from_e0,cosine_6,1568,79.813226353,79.8121101427,-0.000477221152266,0.00111621031184,0.00135910475366,1.5170467409e-06
q20_from_e0,cosine_6,1570,79.8134190282,79.8121077935,-0.000479570358834,0.00131123470617,0.00132320338001,1.73503019518e-06
q20_from_e0,cosine_6,1572,79.8135710699,79.8121133074,-0.000474056493303,0.00145776248684,0.00128807664776,1.87770981728e-06
q20_from_e0,cosine_6,1574,79.8136762959,79.8121263185,-0.00046104541326,0.00154997745804,0.00125371181699,1.94322505521e-06
q20_from_e0,cosine_6,1576,79.8137295678,79.8121462576,-0.000441106310689,0.00158331021601,0.00122009628395,1.93179091089e-06
q20_from_e0,cosine_6,1578,79.8137269604,79.812172373,-0.000414990911821,0.00155458745991,0.00118721758069,1.84563356312e-06
q20_from_e0,cosine_6,1580,79.8136658802,79.8122037603,-0.000383603559015,0.00146211982519,0.00115506337464,1.68884105942e-06
q20_from_e0,cosine_6,1582,79.8135452635,79.8122393967,-0.00034796720621,0.00130586682181,0.00112362146819,1.46729999559e-06
q20_from_e0,cosine_6,1584,79.8133657218,79.8122781782,-0.000309185711615,0.00108754359076,0.00109287979824,1.18855442004e-06
q20_from_e0,cosine_6,1586,79.8131296415,79.8123189602,-0.000268403681105,0.000810681345001,0.00106282643575,8.61613564438e-07
q20_from_e0,cosine_6,1588,79.8128412866,79.8123605988,-0.000226765055146,0.000480687772551,0.00103344958531,4.96766579207e-07
q20_from_e0,cosine_6,1590,79.8125067685,79.8124019923,-0.000185371570751,0.000104776167305,0.00100473758463,1.05272553265e-07
q20_from_e0,cosine_6,1592,79.8121339987,79.8124421203,-0.000145243622484,-0.000308121556259,0.000976678904101,-3.00935823897e-07
q20_from_e0,cosine_6,1594,79.8117325082,79.8124800799,-0.000107283936771,-0.000747571774085,0.000949262146259,-7.0964158675e-07
q20_from_e0,cosine_6,1596,79.8113131287,79.8125151189,-7.22449438229e-05,-0.00120199022146,0.000922476045323,-1.10880718601e-06
q20_from_e0,cosine_6,1598,79.8108877558,79.8125466615,-4.07023999713e-05,-0.00165890568427,0.000896309466658,-1.4868928691e-06
q20_from_e0,cosine_6,1600,79.8104689717,79.8125743259,-1.3037969552e-05,-0.0021053542076,0.000870751406263,-1.83324013695e-06
q20_from_e0,cosine_6,1602,79.8100694857,79.812597934,1.05701545294e-05,-0.00252844833091,0.000845790990234,-2.13853881755e-06
q20_from_e0,cosine_6,1604,79.8097016063,79.8126175147,3.01508154337e-05,-0.00291590838124,0.000821417474222,-2.39517809758e-06
q20_from_e0,cosine_6,1606,79.8093767766,79.8126333027,4.5938797399e-05,-0.00325652605208,0.000797620242879,-2.59747110061e-06
q20_from_e0,cosine_6,1608,79.8091051377,79.8126457296,5.83656817383e-05,-0.00354059183879,0.000774388809296,-2.74179469824e-06
q20_from_e0,cosine_6,1610,79.8088952082,79.8126554055,6.80415724474e-05,-0.00376019724338,0.00075171281443,-2.82658845263e-06
q20_from_e0,cosine_6,1612,79.8087536147,79.8126630939,7.57300174712e-05,-0.00390947921477,0.000729582026522,-2.85228576816e-06
q20_from_e0,cosine_6,1614,79.8086848613,79.8126696792,8.2315327063e-05,-0.00398481789638,0.000707986340504,-2.82119664003e-06
q20_from_e0,cosine_6,1616,79.8086913254,79.812676128,8.87640810561e-05,-0.00398480253446,0.000686915777401,-2.73722373075e-06
q20_from_e0,cosine_6,1618,79.8087731933,79.8126834471,9.60832626049e-05,-0.00391025388744,0.000666360483716,-2.60563867189e-06
q20_from_e0,cosine_6,1620,79.8089285417,79.8126926395,0.000105275654562,-0.00376409788848,0.000646310730818,-2.43277685717e-06
q20_from_e0,cosine_6,1622,79.8091535568,79.8127046591,0.000117295247406,-0.00355110233596,0.000626756914306,-2.22567794247e-06
q20_from_e0,cosine_6,1624,79.8094426465,79.8127203678,0.000133003910022,-0.00327772126691,0.000607689553376,-1.99183697278e-06
q20_from_e0,cosine_6,1626,79.8097886809,79.8127404935,0.000153129651679,-0.00295181266524,0.000589099290176,-1.73891074583e-06
q20_from_e0,cosine_6,1628,79.8101832605,79.8127655955,0.000178231580946,-0.00258233499849,0.00057097688915,-1.47445360418e-06
q20_from_e0,cosine_6,1630,79.8106169062,79.8127960345,0.000208670580633,-0.00217912823263,0.000553313236376,-1.20574049487e-06
q20_from_e0,cosine_6,1632,79.8110794483,79.8128319503,0.000244586441767,-0.00175250200786,0.000536099338898,-9.39515167831e-07
q20_from_e0,cosine_6,1634,79.8115603371,79.8128732487,0.000285884861768,-0.00131291167034,0.000519326324042,-6.81829591549e-07
q20_from_e0,cosine_6,1636,79.8120489248,79.8129195957,0.000332231860014,-0.000870670991802,0.000502985438732,-4.37934830802e-07
q20_from_e0,cosine_6,1638,79.812534822,79.8129704225,0.000383058619107,-0.0004356005375,0.000487068048797,-2.12167103855e-07
q20_from_e0,cosine_6,1640,79.813008128,79.813024941,0.000437577116003,-1.68129516709e-05,0.000471565638266,-7.92841028582e-09
q20_from_e0,cosine_6,1642,79.8134596045,79.8130821651,0.000494801191365,0.000377439468622,0.000456469808659,1.72289722022e-07
q20_from_e0,cosine_6,1644,79.8138809218,79.8131409393,0.00055357545375,0.000739982446703,0.000441772278269,3.26903731359e-07
q20_from_e0,cosine_6,1646,79.8142648505,79.8131999778,0.000612613914598,0.00106487269507,0.000427464881439,4.55195680345e-07
q20_from_e0,cosine_6,1648,79.8146053203,79.8132579045,0.000670540618756,0.0013474157673,0.00041353956783,5.57209734096e-07
q20_from_e0,cosine_6,1650,79.8148975153,79.8133132962,0.000725932288191,0.00158421911941,0.000399988401679,6.33669273482e-07
q20_from_e0,cosine_6,1652,79.8151378643,79.81336473,0.000777366162325,0.00177313429727,0.00038680356106,6.8585466042e-07
q20_from_e0,cosine_6,1654,79.8153239891,79.8134108319,0.000823467975252,0.00191315720944,0.000373977337123,7.15477438685e-07
q20_from_e0,cosine_6,1656,79.8154546647,79.8134503223,0.000862958386051,0.00200434238397,0.000361502133343,7.24574047755e-07
q20_from_e0,cosine_6,1658,79.8155297515,79.81348206,0.000894696086704,0.00204769150925,0.000349370464752,7.15402934254e-07
q20_from_e0,cosine_6,1660,79.8155501978,79.8135050794,0.000917715561769,0.00204511831132,0.000337574957165,6.90380726339e-07
q20_from_e0,cosine_6,1662,79.8155179037,79.8135186251,0.000931261205594,0.00199927862666,0.000326108346404,6.5198144694e-07
q20_from_e0,cosine_6,1664,79.8154356427,79.8135221787,0.000934814778574,0.00191346400942,0.000314963477518,6.02671278512e-07
q20_from_e0,cosine_6,1666,79.8153070465,79.8135154771,0.000928113196977,0.00179156941385,0.000304133303986,5.44875925155e-07
q20_from_e0,cosine_6,1668,79.8151364492,79.8134985217,0.000911157793084,0.00163792752063,0.000293610886927,4.80913352055e-07
q20_from_e0,cosine_6,1670,79.8149288921,79.8134715767,0.000884212835828,0.00145731535231,0.000283389394298,4.12987714993e-07
q20_from_e0,cosine_6,1672,79.8146901731,79.8134351592,0.000847795352769,0.00125501384409,0.000273462100088,3.43198721444e-07
q20_from_e0,cosine_6,1674,79.814426709,79.8133900229,0.000802659049484,0.00103668602704,0.000263822383505,2.73500978598e-07
q20_from_e0,cosine_6,1676,79.8141454777,79.8133371359,0.000749772011403,0.000808341829682,0.00025446372816,2.05693675608e-07
q20_from_e0,cosine_6,1678,79.8138540349,79.8132776527,0.00069028877212,0.000576382234016,0.000245379721245,1.41432511914e-07
q20_from_e0,cosine_6,1680,79.8135604075,79.8132128763,0.000625512389803,0.000347531234482,0.00023656405271,8.22133972723e-08
q20_from_e0,cosine_6,1682,79.8132730041,79.8131442121,0.000556848188211,0.000128792029585,0.000228010514424,2.93659369194e-08
q20_from_e0,cosine_6,1684,79.8130004732,79.8130731215,0.00048575756955,-7.26482673485e-05,0.000219712999347,-1.59617687165e-08
q20_from_e0,cosine_6,1686,79.8127513714,79.8130010745,0.000413710601038,-0.000249703128404,0.000211665500686,-5.28535376965e-08
q20_from_e0,cosine_6,1688,79.8125339642,79.8129295015,0.000342137583388,-0.000395537273462,0.00020386211105,-8.06350635672e-08
q20_from_e0,cosine_6,1690,79.8123559352,79.8128597486,0.000272384701049,-0.000503813422739,0.000196297021604,-9.88970743279e-08
q20_from_e0,cosine_6,1692,79.8122240578,79.812793039,0.000205675081304,-0.000568981129788,0.000188964521214,-1.0751724677e-07
q20_from_e0,cosine_6,1694,79.8121440094,79.8127304432,0.000143079276427,-0.000586433720983,0.00018185899559,-1.06648247478e-07
q20_from_e0,cosine_6,1696,79.8121201307,79.8126728579,8.54940198423e-05,-0.000552727156403,0.000174974926431,-9.67133935282e-08
q20_from_e0,cosine_6,1698,79.8121552141,79.812620988,3.36241235601e-05,-0.000465773902121,0.000168306890555,-7.83929571675e-08
q20_from_e0,cosine_6,1700,79.812250378,79.8125753332,-1.20307076088e-05,-0.000324955182549,0.000161849559034,-5.25938530014e-08
q20_from_e0,cosine_6,1702,79.8124049952,79.8125361826,-5.11812959019e-05,-0.000131187372602,0.000155597696327,-2.04124529641e-08
q20_from_e0,cosine_6,1704,79.812616562,79.8125036183,-8.37455429519e-05,0.000112943618987,0.000149546159403,1.68902844485e-08
q20_from_e0,cosine_6,1706,79.8128805871,79.8124775259,-0.000109837978314,0.00040306115018,0.000143689896864,5.79158150992e-08
q20_from_e0,cosine_6,1708,79.8131906051,79.8124576091,-0.000129754801762,0.000732995988187,0.00013802394807,1.01171000209e-07
q20_from_e0,cosine_6,1710,79.8135382612,79.8124434101,-0.000143953789134,0.00109485114909,0.000132543442254,1.45115340056e-07
q20_from_e0,cosine_6,1712,79.8139133983,79.8124343348,-0.00015302909361,0.0014790634867,0.000127243597637,1.88201359181e-07
q20_from_e0,cosine_6,1714,79.8143042373,79.8124296814,-0.000157682437276,0.00187455585467,0.000122119720546,2.28920237119e-07
q20_from_e0,cosine_6,1716,79.8146976697,79.8124286721,-0.000158691762181,0.00226899759593,0.000117167204518,2.65852105373e-07
q20_from_e0,cosine_6,1718,79.8150796879,79.8124304852,-0.000156878643693,0.00264920265504,0.000112381529416,2.97721446105e-07
q20_from_e0,cosine_6,1720,79.8154359159,79.8124342902,-0.000153073711147,0.00300162571381,0.000107758260531,3.23449965685e-07
q20_from_e0,cosine_6,1722,79.8157521589,79.8124392819,-0.000148081995917,0.00331287703611,0.000103293047691,3.42197165684e-07
q20_from_e0,cosine_6,1724,79.8160151993,79.8124447127,-0.000142651184234,0.00357048662889,9.89816243605e-05,3.53412566285e-07
q20_from_e0,cosine_6,1726,79.8162132677,79.8124499192,-0.000137444708059,0.00376334847543,9.48198067477e-05,3.56839975164e-07
q20_from_e0,cosine_6,1728,79.8163366044,79.8124543435,-0.000133020367088,0.00388226085694,9.08034929009e-05,3.52522846162e-07
q20_from_e0,cosine_6,1730,79.8163780309,79.8124575511,-0.000129812781054,0.00392047983716,8.69286618103e-05,3.40802065899e-07
q20_from_e0,cosine_6,1732,79.816333056,79.8124592418,-0.00012812208891,0.00387381420018,8.3191372506e-05,3.22267920146e-07
q20_from_e0,cosine_6,1734,79.8162000757,79.8124592526,-0.000128111301137,0.00374082313095,7.95877631559e-05,2.97723745354e-07
q20_from_e0,cosine_6,1736,79.8159803896,79.8124575532,-0.000129810646627,0.00352283632751,7.61140501617e-05,2.68137340943e-07
q20_from_e0,cosine_6,1738,79.8156779671,79.8124542352,-0.000133128687992,0.0032237318988,7.2766527256e-05,2.3457977508e-07
q20_from_e0,cosine_6,1740,79.8152993382,79.8124494963,-0.000137867586631,0.00284984194748,6.95415645976e-05,1.98182467884e-07
q20_from_e0,cosine_6,1742,79.8148531833,79.8124436222,-0.000143741665539,0.00240956109111,6.64356078667e-05,1.6008065578e-07
q20_from_e0,cosine_6,1744,79.8143498789,79.8124369643,-0.000150399555991,0.00191291457926,6.34451773601e-05,1.21365204756e-07
q20_from_e0,cosine_6,1746,79.8138013966,79.8124299173,-0.000157446578186,0.00137147928423,6.05668670866e-05,8.306620352e-08
q20_from_e0,cosine_6,1748,79.8132209442,79.812422893,-0.000164470866196,0.000798051222617,5.77973438616e-05,4.61252409328e-08
q20_from_e0,cosine_6,1750,79.812622556,79.8124162935,-0.000171070427598,0.000206262505898,5.51333464029e-05,1.13719421876e-08
q20_from_e0,cosine_6,1752,79.8120207659,79.8124104887,-0.000176875136617,-0.000389722825872,5.25716844262e-05,-2.04883854154e-08
q20_from_e0,cosine_6,1754,79.8114304324,79.8124057963,-0.000181567588925,-0.000975363939915,5.01092377413e-05,-4.88747435495e-08
q20_from_e0,cosine_6,1756,79.8108663417,79.8124024635,-0.000184900399304,-0.00153612174971,4.77429553491e-05,-7.33389921072e-08
q20_from_e0,cosine_6,1758,79.8103429433,79.812400658,-0.000186705880139,-0.00205771474253,4.54698545392e-05,-9.35639900262e-08
q20_from_e0,cosine_6,1760,79.8098740018,79.8124004624,-0.000186901499177,-0.00252646062926,4.32870199883e-05,-1.09362951758e-07
q20_from_e0,cosine_6,1762,79.8094720484,79.8124018726,-0.000185491271168,-0.00292982421638,4.119160286e-05,-1.20684155571e-07
q20_from_e0,cosine_6,1764,79.8091479158,79.8124048008,-0.000182563072656,-0.00325688504293,3.91808199055e-05,-1.2760742632e-07
q20_from_e0,cosine_6,1766,79.80891024,79.8124090805,-0.000178283383264,-0.0034988405349,3.7251952566e-05,-1.30338641642e-07
q20_from_e0,cosine_6,1768,79.8087648938,79.8124144773,-0.000172886561586,-0.00364958352279,3.54023460758e-05,-1.29203818906e-07
q20_from_e0,cosine_6,1770,79.8087146452,79.8124207048,-0.00016665903857,-0.00370605966305,3.36294085679e-05,-1.24632594586e-07
q20_from_e0,cosine_6,1772,79.8087589722,79.8124274417,-0.000159922137058,-0.00366846951525,3.19306101812e-05,-1.17136470053e-07
q20_from_e0,cosine_6,1774,79.8088940035,79.8124343507,-0.000153013159803,-0.00354034726863,3.03034821687e-05,-1.07284850326e-07
q20_from_e0,cosine_6,1776,79.8091124646,79.8124410985,-0.000146265351276,-0.0033286339585,2.87456160089e-05,-9.56836336053e-08
q20_from_e0,cosine_6,1778,79.8094039258,79.812447376,-0.000139987853743,-0.00304345020551,2.72546625186e-05,-8.29482082432e-08
q20_from_e0,cosine_6,1780,79.8097551902,79.8124529197,-0.000134444150291,-0.00269772956585,2.58283309682e-05,-6.96778520895e-08
q20_from_e0,cosine_6,1782,79.8101507486,79.8124575313,-0.000129832587206,-0.00230678265093,2.44643881996e-05,-5.64340262645e-08
q20_from_e0,cosine_6,1784,79.8105735456,79.8124610905,-0.000126273370967,-0.00188754487613,2.31606577462e-05,-4.37167808565e-08
q20_from_e0,cosine_6,1786,79.8110056914,79.8124635669,-0.000123796991758,-0.00145787551942,2.19150189561e-05,-3.19493696437e-08
q20_from_e0,cosine_6,1788,79.8114292233,79.8124650307,-0.00012233322829,-0.0010358073589,2.07254061177e-05,-2.14675281729e-08
q20_from_e0,cosine_6,1790,79.8118269893,79.8124656571,-0.00012170674556,-0.000638667867989,1.95898075885e-05,-1.25113806468e-08
q20_from_e0,cosine_6,1792,79.8121834524,79.8124657236,-0.000121640250455,-0.000282271229821,1.85062649269e-05,-5.2237861603e-09
q20_from_e0,cosine_6,1794,79.8124852714,79.8124656038,-0.000121760096647,1.96675955237e-05,1.74728720272e-05,3.43649379668e-10
q20_from_e0,cosine_6,1796,79.812721984,79.8124657566,-0.000121607299207,0.000256227402261,1.64877742578e-05,4.22461956714e-09
q20_from_e0,cosine_6,1798,79.8128864125,79.812466706,-0.000120657909534,0.000419706530494,1.55491676033e-05,6.52608718686e-09
q20_from_e0,cosine_6,1800,79.8129748883,79.8124690156,-0.000118348262703,0.000505872685451,1.46552978096e-05,7.41371485904e-09
q20_from_e0,cosine_6,1802,79.8129873578,79.8124732627,-0.000114101190292,0.00051409514748,1.38044595331e-05,7.09680565955e-09
q20_from_e0,cosine_6,1804,79.8129271435,79.8124800136,-0.000107350293746,0.000447129913596,1.29949954936e-05,5.81045121225e-09
q20_from_e0,cosine_6,1806,79.8128006373,79.8124898005,-9.75634095965e-05,0.000310836864386,1.22252956315e-05,3.80007256029e-09
q20_from_e0,cosine_6,1808,79.8126168171,79.8125030976,-8.42663319958e-05,0.000113719568034,1.14937962683e-05,1.30706954671e-09
q20_from_e0,cosine_6,1810,79.8123867228,79.8125202987,-6.70651804171e-05,-0.000133575866329,1.07989792723e-05,-1.44248301177e-09
q20_from_e0,cosine_6,1812,79.8121228667,79.8125416947,-4.56691400359e-05,-0.000418828061981,1.01393712279e-05,-4.24665320111e-09
q20_from_e0,cosine_6,1814,79.8118384638,79.8125674512,-1.99126780984e-05,-0.000728987409914,9.51354260985e-06,-6.93525278626e-09
q20_from_e0,cosine_6,1816,79.8115467343,79.8125975929,1.02290170219e-05,-0.00105085856623,8.92010696149e-06,-9.37377081217e-09
q20_from_e0,cosine_6,1818,79.8112603068,79.812631998,4.46341339e-05,-0.00137169126461,8.35772007846e-06,-1.14642116237e-08
q20_from_e0,cosine_6,1820,79.8109907541,79.8126703997,8.3035844284e-05,-0.00167964558746,7.82507919664e-06,-1.31433597442e-08
q20_from_e0,cosine_6,1822,79.8107482596,79.8127123924,0.000125028547956,-0.00196413283062,7.32092218524e-06,-1.43792636145e-08
q20_from_e0,cosine_6,1824,79.8105414539,79.8127574426,0.000170078746407,-0.00221598875427,6.84402674495e-06,-1.51662863007e-08
q20_from_e0,cosine_6,1826,79.8103773399,79.8128049081,0.000217544176849,-0.00242756818105,6.39320961127e-06,-1.55199522271e-08
q20_from_e0,cosine_6,1828,79.8102613125,79.81285406,0.00026669607152,-0.00259274747921,5.96732576311e-06,-1.54717688299e-08
q20_from_e0,cosine_6,1830,79.8101972174,79.812904105,0.000316741138434,-0.0027068876558,5.56526763675e-06,-1.50645542672e-08
q20_from_e0,cosine_6,1832,79.8101874742,79.8129542116,0.000366847749774,-0.00276673741939,5.18596434545e-06,-1.43482016102e-08
q20_from_e0,cosine_6,1834,79.8102331617,79.8130035391,0.000416175250919,-0.00277037739492,4.82838090455e-06,-1.3376437312e-08
q20_from_e0,cosine_6,1836,79.810334187,79.8130512691,0.000463905230333,-0.00271708208129,4.49151746241e-06,-1.22038216149e-08
q20_from_e0,cosine_6,1838,79.8104894659,79.8130966376,0.00050927373681,-0.00260717170781,4.17440853716e-06,-1.08833998349e-08
q20_from_e0,cosine_6,1840,79.8106970509,79.8131389643,0.000551600372376,-0.00244191337543,3.87612225948e-06,-9.46515479023e-09
q20_from_e0,cosine_6,1842,79.8109541795,79.8131776794,0.000590315498442,-0.00222349990543,3.59575962133e-06,-7.99517117796e-09
q20_from_e0,cosine_6,1844,79.8112573878,79.813212347,0.000624983094582,-0.00195495921182,3.33245373103e-06,-6.51481111942e-09
q20_from_e0,cosine_6,1846,79.8116024702,79.8132426793,0.000655315377514,-0.00164020910543,3.08536907449e-06,-5.0606504496e-09
q20_from_e0,cosine_6,1848,79.8119843963,79.8132685463,0.000681182457129,-0.0012841500082,2.85370078295e-06,-3.66457988383e-09
q20_from_e0,cosine_6,1850,79.8123973484,79.8132899787,0.000702614849473,-0.000892630297386,2.6366739071e-06,-2.35357501381e-09
q20_from_e0,cosine_6,1852,79.8128347717,79.8133071607,0.000719796835753,-0.000472389036219,2.43354269795e-06,-1.14957888968e-09
q20_from_e0,cosine_6,1854,79.8132892654,79.8133204198,0.000733055907091,-3.11543736586e-05,2.24358989429e-06,-6.98976379036e-11
q20_from_e0,cosine_6,1856,79.8137528343,79.8133302106,0.000742846751862,0.000422623630399,2.06612601705e-06,8.73193678188e-10
q20_from_e0,cosine_6,1858,79.8142169536,79.8133370911,0.000749727236467,0.000879862500312,1.90048867049e-06,1.67216871343e-09
q20_from_e0,cosine_6,1860,79.8146725922,79.8133416917,0.000754327792905,0.00133090054119,1.74604185049e-06,2.32380804377e-09
q20_from_e0,cosine_6,1862,79.8151106443,79.813344681,0.000757317118854,0.00176596332685,1.60217525991e-06,2.82938275218e-09
q20_from_e0,cosine_6,1864,79.8155220557,79.8133467292,0.000759365333039,0.00217532651456,1.46830363111e-06,3.19403982019e-09
q20_from_e0,cosine_6,1866,79.8158978881,79.8133484697,0.00076110582151,0.00254941842596,1.34386605591e-06,3.42607688497e-09
q20_from_e0,cosine_6,1868,79.8162298269,79.813350461,0.000763097160188,0.00287936581948,1.22832532281e-06,3.5367979497e-09
q20_from_e0,cosine_6,1870,79.8165104209,79.81335315,0.000765786134849,0.0031572709189,1.12116726177e-06,3.53982879082e-09
q20_from_e0,cosine_6,1872,79.8167333856,79.8133568406,0.000769476688049,0.0033765450026,1.02190009661e-06,3.45049166437e-09
q20_from_e0,cosine_6,1874,79.8168939136,79.81336167,0.000774306137743,0.0035322436143,9.30053805032e-07,3.28517661378e-09
q20_from_e0,cosine_6,1876,79.8169887584,79.8133675878,0.000780223938591,0.00362117057438,8.45179486432e-07,3.06053908633e-09
q20_from_e0,cosine_6,1878,79.8170164782,79.8133743436,0.000786979732979,0.00364213457432,7.66848737602e-07,2.79296630049e-09
q20_from_e0,cosine_6,1880,79.8169775598,79.8133814871,0.000794123213595,0.00359607272648,6.94653036348e-07,2.49802283838e-09
q20_from_e0,cosine_6,1882,79.8168744022,79.8133883748,0.000801010888864,0.00348602740861,6.28203133158e-07,2.18993334037e-09
q20_from_e0,cosine_6,1884,79.8167113195,79.8133941847,0.000806820829581,0.00331713476317,5.67128450996e-07,1.88124149998e-09
q20_from_e0,cosine_6,1886,79.816494375,79.813397942,0.000810578083133,0.00309643303865,5.11076493298e-07,1.58251413913e-09
q20_from_e0,cosine_6,1888,79.816231026,79.8133985537,0.000811189837748,0.00283247232623,4.59712260265e-07,1.30212225523e-09
q20_from_e0,cosine_6,1890,79.8159298466,79.8133948511,0.000807487184801,0.00253499550531,4.12717673525e-07,1.04623744735e-09
q20_from_e0,cosine_6,1892,79.8156001034,79.8133856366,0.000798272730265,0.00221446679308,3.69791009255e-07,8.18889910375e-10
q20_from_e0,cosine_6,1894,79.8152512028,79.8133697356,0.000782371683513,0.00188146723151,3.30646339833e-07,6.22100253615e-10
q20_from_e0,cosine_6,1896,79.8148922307,79.8133460471,0.000758683195059,0.0015461836217,2.95012984105e-07,4.56144244212e-10
q20_from_e0,cosine_6,1898,79.8145315688,79.8133135965,0.000726232598282,0.00121797235526,2.62634966348e-07,3.19882128538e-10
q20_from_e0,cosine_6,1900,79.8141765132,79.8132715838,0.000684219898318,0.000904929379999,2.3327048399e-07,2.11093314449e-10
q20_from_e0,cosine_6,1902,79.813833199,79.8132194267,0.000632062818838,0.000613772277958,2.0669138418e-07,1.26861441702e-10
q20_from_e0,cosine_6,1904,79.813506554,79.8131568005,0.000569436631622,0.000349753490212,1.82682649268e-07,6.38938941829e-11
q20_from_e0,cosine_6,1906,79.8132003735,79.8130836691,0.000496305211044,0.000116704382521,1.61041891279e-07,1.87942944816e-11
q20_from_e0,cosine_6,1908,79.8129176034,79.8130003058,0.000412941945257,-8.27024020111e-05,1.41578855431e-07,-1.17089114182e-11
q20_from_e0,cosine_6,1910,79.8126606406,79.8129073047,0.000319940837528,-0.000246664125456,1.24114932802e-07,-3.06147013557e-11
q20_from_e0,cosine_6,1912,79.8124314819,79.8128055799,0.000218216021921,-0.000374098046862,1.08482682171e-07,-4.05831595186e-11
q20_from_e0,cosine_6,1914,79.8122318419,79.8126963511,0.000108987199994,-0.000464509154213,9.45253611375e-08,-4.39078955537e-11
q20_from_e0,cosine_6,1916,79.8120632191,79.8125811185,-6.24536725979e-06,-0.000517899410013,8.20964665612e-08,-4.25177115963e-11
q20_from_e0,cosine_6,1918,79.8119268131,79.8124616308,-0.000125733037294,-0.000534817726731,7.10592843992e-08,-3.80037649455e-11
q20_from_e0,cosine_6,1920,79.8118236133,79.8123398415,-0.000247522387355,-0.000516228195067,6.12864489952e-08,-3.16377929469e-11
q20_from_e0,cosine_6,1922,79.8117543576,79.8122178546,-0.000369509293179,-0.000463496979094,5.2659511888e-08,-2.44075246807e-11
q20_from_e0,cosine_6,1924,79.8117193275,79.8120978638,-0.000489500067914,-0.000378536282696,4.50685201965e-08,-1.70600701018e-11
q20_from_e0,cosine_6,1926,79.8117184116,79.8119820867,-0.000605277190601,-0.000263675059472,3.84116046411e-08,-1.01281821381e-11
q20_from_e0,cosine_6,1928,79.8117509878,79.8118726977,-0.000714666204928,-0.000121709831873,3.25945772587e-08,-3.96708051814e-12
q20_from_e0,cosine_6,1930,79.811815822,79.8117717607,-0.000815603213596,4.40613329431e-05,2.75305388675e-08,1.21303223914e-12
q20_from_e0,cosine_6,1932,79.8119110028,79.8116811637,-0.000906200216974,0.000229839130185,2.31394963359e-08,5.31836171075e-12
q20_from_e0,cosine_6,1934,79.8120337468,79.8116025603,-0.000984803551944,0.00043118648243,1.93479897093e-08,8.34259162483e-12
q20_from_e0,cosine_6,1936,79.8121803274,79.8115373188,-0.00105004503624,0.000643008533558,1.60887292464e-08,1.03451901995e-11
q20_from_e0,cosine_6,1938,79.8123459888,79.8114864801,-0.00110088379091,0.000859508696948,1.33002424156e-08,1.14316740277e-11
q20_from_e0,cosine_6,1940,79.8125248431,79.8114507283,-0.00113663562718,0.00107411483572,1.09265309007e-08,1.17363489433e-11
q20_from_e0,cosine_6,1942,79.8127099051,79.8114303707,-0.001156993181,0.00127953441942,8.91673766286e-09,1.14092727486e-11
q20_from_e0,cosine_6,1944,79.8128932461,79.8114253296,-0.00116203424781,0.00146791648046,7.22482410684e-09,1.06054383749e-11
q20_from_e0,cosine_6,1946,79.8130661085,79.81143515,-0.00115221384732,0.00163095846877,5.80925739403e-09,9.47465754404e-12
q20_from_e0,cosine_6,1948,79.8132192385,79.8114590194,-0.00112834451126,0.00176021912993,4.63270794764e-09,8.15458115284e-12
q20_from_e0,cosine_6,1950,79.813343269,79.8114957982,-0.0010915656482,0.00184747076797,3.66175719101e-09,6.7649893698e-12
q20_from_e0,cosine_6,1952,79.8134289974,79.8115440631,-0.00104330079498,0.00188493431969,2.86661555995e-09,5.40338205031e-12
q20_from_e0,cosine_6,1954,79.8134678428,79.8116021591,-0.000985204832901,0.00186568369996,2.22085082816e-09,4.14340519015e-12
q20_from_e0,cosine_6,1956,79.8134522574,79.8116682626,-0.000919101255022,0.00178399478656,1.7011267834e-09,3.03480131288e-12
q20_from_e0,cosine_6,1958,79.8133762609,79.8117404506,-0.00084691332134,0.0016358103815,1.28695229072e-09,2.10520991765e-12
q20_from_e0,cosine_6,1960,79.8132360034,79.811816767,-0.000770596911948,0.00141923639241,9.60440777373e-10,1.363092504e-12
q20_from_e0,cosine_6,1962,79.8130300047,79.8118952907,-0.000692073143313,0.00113471391268,7.06080172993e-10,8.0119899576e-13
q20_from_e0,cosine_6,1964,79.8127595816,79.811974204,-0.000613159870753,0.000785377539145,5.10513336621e-10,4.00945708016e-13
q20_from_e0,cosine_6,1966,79.8124290123,79.8120518547,-0.000535509145038,0.000377157516283,3.62329001225e-10,1.36655106179e-13
q20_from_e0,cosine_6,1968,79.8120453676,79.812126814,-0.00046054988249,-8.14464427776e-05,2.51863264543e-10,-2.05133669634e-14
q20_from_e0,cosine_6,1970,79.8116184813,79.8121979244,-0.000389439456939,-0.000579443139486,1.71011653767e-10,-9.90915295474e-14
q20_from_e0,cosine_6,1972,79.8111605152,79.8122643352,-0.000323028716451,-0.00110382001526,1.13051790085e-10,-1.24788828657e-13
q20_from_e0,cosine_6,1974,79.8106853106,79.8123255236,-0.000261840304233,-0.00164021296641,7.24766776092e-11,-1.18877186377e-13
q20_from_e0,cosine_6,1976,79.8102079397,79.8123813042,-0.000206059656804,-0.00217336453899,4.48386397692e-11,-9.74507096509e-14
q20_from_e0,cosine_6,1978,79.8097439674,79.8124318247,-0.000155539165689,-0.00268785731896,2.66039247543e-11,-7.1507553864e-14
q20_from_e0,cosine_6,1980,79.8093087449,79.8124775463,-0.000109817577041,-0.00316880143613,1.50180001189e-11,-4.75890603447e-14
q20_from_e0,cosine_6,1982,79.8089169259,79.8125192122,-6.81516499412e-05,-0.0036022863809,7.98155517827e-12,-2.87518475171e-14
q20_from_e0,cosine_6,1984,79.8085818546,79.812557809,-2.955492468e-05,-0.00397595436266,3.93722834234e-12,-1.56542402045e-14
q20_from_e0,cosine_6,1986,79.8083150626,79.8125945152,7.15135550422e-06,-0.00427945259287,1.76707504896e-12,-7.56211390005e-15
q20_from_e0,cosine_6,1988,79.8081260538,79.8126306409,4.32769876966e-05,-0.00450458711174,7.00790470445e-13,-3.1567717212e-15
q20_from_e0,cosine_6,1990,79.8080219046,79.8126675611,8.01971735314e-05,-0.00464565644705,2.34699680655e-13,-1.09033408456e-15
q20_from_e0,cosine_6,1992,79.8080070124,79.8127066466,0.000119282749182,-0.00469963427238,6.15264793696e-14,-2.89151951105e-16
q20_from_e0,cosine_6,1994,79.8080831908,79.8127491947,0.00016183083855,-0.00466600390655,1.09505806049e-14,-5.10954518815e-17
q20_from_e0,cosine_6,1996,79.8082496009,79.8127963625,0.000208998659019,-0.00454676163301,9.61379705088e-16,-4.37116435785e-18
q20_from_e0,cosine_6,1998,79.8085028809,79.8128491029,0.000261739044589,-0.00434622201266,1.50216690851e-17,-6.52875088445e-20
q20_from_e0,cosine_6,2000,79.8088375028,79.8129081085,0.000320744614555,-0.00407060566479,5.27090436347e-98,-2.14557731605e-100
